id,x,y,z,speed
0,0.6470336318016052,-0.3330442011356354,3.7079312801361084,1.0041937363492683
0,0.7623210549354553,-0.333039790391922,3.710481882095337,1.0058653846434291
0,0.8810821771621704,-0.33303412795066833,3.713139533996582,1.007581881478238
0,1.0019686222076416,-0.33302775025367737,3.7156167030334473,1.0092183483994233
0,1.1228630542755127,-0.3330211341381073,3.717667818069458,1.0106742555856891
0,1.2447929382324219,-0.333015114068985,3.7189667224884033,1.012047203012308
0,1.3667291402816772,-0.33301079273223877,3.7192671298980713,1.0125141286007013
0,1.4890532493591309,-0.33300942182540894,3.7183358669281006,1.012568115760863
0,1.6114754676818848,-0.3330126702785492,3.7160604000091553,1.0117349929616437
0,1.7338656187057495,-0.33302146196365356,3.712442398071289,1.0098577424729676
0,1.8562397956848145,-0.3330369293689728,3.707611322402954,1.0074706021363364
0,1.978574514389038,-0.333059161901474,3.7017769813537598,1.0037123471578309
0,2.086324453353882,-0.333084374666214,3.695958375930786,1.00014249698486
0,2.2085916996002197,-0.3331189453601837,3.6888389587402344,0.995441434958926
0,2.330833911895752,-0.33315956592559814,3.681300163269043,0.9903728768603696
0,2.4530622959136963,-0.3332059681415558,3.673539400100708,0.9850889958469553
0,2.5752832889556885,-0.3332582116127014,3.6656651496887207,0.979488834953869
0,2.6975035667419434,-0.333316445350647,3.6577765941619873,0.9738159877217312
0,2.8197295665740967,-0.3333810865879059,3.6499807834625244,0.968045157417514
0,2.941965341567993,-0.3334525525569916,3.642340898513794,0.962287531929792
0,3.064216375350952,-0.3335314095020294,3.634946584701538,0.9565313310743218
0,3.1864864826202393,-0.3336183726787567,3.6278738975524902,0.9509296306799319
0,3.3087782859802246,-0.3337140381336212,3.621187686920166,0.9454713840370088
0,3.4310951232910156,-0.33381935954093933,3.6149790287017822,0.9401808978077316
0,3.553438425064087,-0.33393508195877075,3.609314203262329,0.9353350253251845
0,3.675809144973755,-0.33406224846839905,3.604276180267334,0.9307242458858502
0,3.798187017440796,-0.33420202136039734,3.5999488830566406,0.9267026516546975
0,3.9205894470214844,-0.33435532450675964,3.5963921546936035,0.9232306939150582
0,4.042794704437256,-0.33452320098876953,3.5936877727508545,0.9201991654044465
0,4.165016174316406,-0.3347070515155792,3.59187650680542,0.9181974946595685
0,4.2861552238464355,-0.33490604162216187,3.59100604057312,0.9166980478041985
0,4.404049873352051,-0.3351169526576996,3.5910720825195312,0.9160060590090228
0,4.5219407081604,-0.3353455364704132,3.5920510292053223,0.9161038655261565
0,4.633479118347168,-0.3355790078639984,3.593824863433838,0.916700074159902
0,4.7365288734436035,-0.3358100652694702,3.5961952209472656,0.9178691035346009
0,4.839560508728027,-0.33605629205703735,3.5992629528045654,0.9195730954292938
0,4.934683799743652,-0.3362973928451538,3.602707624435425,0.9215365810163417
0,5.024595260620117,-0.3365374803543091,3.6064932346343994,0.9237278672188763
0,5.112052917480469,-0.33678221702575684,3.6106550693511963,0.9261385362218992
0,5.198703765869141,-0.3370351791381836,3.6152291297912598,0.9287674602283443
0,5.285330772399902,-0.33729779720306396,3.620234251022339,0.9316391320075552
0,5.3717780113220215,-0.3375687301158905,3.625645875930786,0.9347136630474217
0,5.458184719085693,-0.337847501039505,3.631457567214966,0.9380040612488774
0,5.544564723968506,-0.33813345432281494,3.6376590728759766,0.9415299560482203
0,5.630916118621826,-0.3384264409542084,3.644240140914917,0.9452940228574354
0,5.717238426208496,-0.3387262225151062,3.6511921882629395,0.9493294226053357
0,5.803530216217041,-0.3390331268310547,3.658506393432617,0.9536818643919772
0,5.889787673950195,-0.3393480181694031,3.666172981262207,0.958455373611312
0,5.976014137268066,-0.3396725356578827,3.674182653427124,0.9637011067242965
0,6.062436103820801,-0.34001031517982483,3.6825437545776367,0.9694177657850045
0,6.150187015533447,-0.3403708338737488,3.691354274749756,0.9757536959203136
0,6.240312576293945,-0.3407672643661499,3.7007079124450684,0.9827361211378989
0,6.332972526550293,-0.3412128686904907,3.7106003761291504,0.9902730321191512
0,6.427922248840332,-0.3417311906814575,3.7209510803222656,0.9967829269666585
0,6.522861003875732,-0.34236299991607666,3.7313923835754395,1.0078355343278642
0,6.54746150970459,-0.34255242347717285,3.7340950965881348,1.0101298215072774
0,6.571877956390381,-0.34275269508361816,3.7367727756500244,1.0124038237197994
0,6.596310138702393,-0.34296610951423645,3.7394461631774902,1.0146723352275862
0,6.620957374572754,-0.3431954085826874,3.7421345710754395,1.0169389292834652
0,6.64569091796875,-0.343440443277359,3.7448220252990723,1.0191967570213922
0,6.670516014099121,-0.34370213747024536,3.7475075721740723,1.0214391896784283
0,6.695183753967285,-0.34397849440574646,3.7501626014709473,1.0236381101440957
0,6.719937324523926,-0.3442729413509369,3.752812385559082,1.0258092035214381
0,6.744770526885986,-0.3445863127708435,3.7554547786712646,1.027942374446705
0,6.76960563659668,-0.34491848945617676,3.758080244064331,1.030025771600075
0,6.794513702392578,-0.3452712893486023,3.7606959342956543,1.0320597436731858
0,6.819489479064941,-0.34564563632011414,3.7633001804351807,1.0340369489319576
0,6.8445258140563965,-0.3460424244403839,3.7658917903900146,1.0359501975415883
0,6.869616985321045,-0.3464626371860504,3.76846981048584,1.0377926944422178
0,6.89475679397583,-0.34690719842910767,3.771033525466919,1.0395589730882289
0,6.919710636138916,-0.3473725914955139,3.773559331893921,1.0412321723663094
0,6.944703578948975,-0.34786364436149597,3.7760703563690186,1.0428193458237416
0,6.969734191894531,-0.34838128089904785,3.778567314147949,1.0443163551082688
0,6.994803428649902,-0.3489263951778412,3.781050682067871,1.0457200580693524
0,7.019905090332031,-0.34949976205825806,3.783520460128784,1.0470279317409734
0,7.045032978057861,-0.35010191798210144,3.785977602005005,1.0482386391011098
0,7.070174694061279,-0.3507331609725952,3.788421869277954,1.049351056342646
0,7.09533166885376,-0.3513939380645752,3.7908546924591064,1.0503669891442564
0,7.120499610900879,-0.35208430886268616,3.7932770252227783,1.051288826002523
0,7.145671844482422,-0.3528040945529938,3.795689582824707,1.0521224372633056
0,7.170627117156982,-0.35354626178741455,3.798072099685669,1.052867270191657
0,7.195579528808594,-0.3543164134025574,3.8004465103149414,1.0535366857008375
0,7.220523834228516,-0.3551141321659088,3.8028132915496826,1.0541398682186964
0,7.24545431137085,-0.35593920946121216,3.80517315864563,1.0546849241534604
0,7.270367622375488,-0.356791615486145,3.8075268268585205,1.0551772795748542
0,7.295257091522217,-0.35767117142677307,3.809875249862671,1.0556217653347852
0,7.320119380950928,-0.3585776388645172,3.8122198581695557,1.0560247364121977
0,7.344949245452881,-0.3595108687877655,3.814561367034912,1.0563892041115988
0,7.37028694152832,-0.3604910373687744,3.81695294380188,1.056722902282948
0,7.395317077636719,-0.36148667335510254,3.8193187713623047,1.0570328177142982
0,7.419541835784912,-0.36247673630714417,3.8216135501861572,1.057315234962588
0,7.444555759429932,-0.3635247051715851,3.8239893913269043,1.057588270401933
0,7.469146728515625,-0.3645802438259125,3.8263332843780518,1.0578572184900907
0,7.493690490722656,-0.365658164024353,3.8286821842193604,1.058126155564844
0,7.518183708190918,-0.366757333278656,3.8310375213623047,1.0584016017747917
0,7.542621612548828,-0.36787649989128113,3.833399772644043,1.058687151484195
0,7.567001819610596,-0.3690144121646881,3.8357701301574707,1.0589993599605214
0,7.591324329376221,-0.37017112970352173,3.8381505012512207,1.0593370737102061
0,7.615527629852295,-0.37134212255477905,3.840536117553711,1.059696141686984
0,7.639483451843262,-0.37251994013786316,3.8429157733917236,1.0600843169783507
0,7.663376331329346,-0.3737126886844635,3.845309019088745,1.0605152061288126
0,7.6872053146362305,-0.37491950392723083,3.8477184772491455,1.0609947755455238
0,7.710967540740967,-0.37613943219184875,3.8501455783843994,1.0615281703543231
0,7.734808444976807,-0.3773788511753082,3.852607488632202,1.062112044753088
0,7.7589569091796875,-0.3786490559577942,3.855130910873413,1.0627832032594053
0,7.782532691955566,-0.37990298867225647,3.8576266765594482,1.0635114664318142
0,7.806030750274658,-0.38116541504859924,3.8601479530334473,1.0643087405116034
0,7.82944917678833,-0.38243576884269714,3.8626980781555176,1.0652346726218327
0,7.852818012237549,-0.38371503353118896,3.865281820297241,1.0662259223646646
0,7.875936508178711,-0.38499125838279724,3.8678781986236572,1.0673252610914714
0,7.89898157119751,-0.38627365231513977,3.8705086708068848,1.0685615647801736
0,7.921951770782471,-0.3875618278980255,3.873175621032715,1.0699590440739029
0,7.944845199584961,-0.38885560631752014,3.875880241394043,1.071545602850939
0,7.967662334442139,-0.39015498757362366,3.878624439239502,1.0733534220402088
0,7.9904046058654785,-0.3914602994918823,3.8814096450805664,1.0754165749163036
0,8.01307201385498,-0.39277175068855286,3.8842360973358154,1.077773578365236
0,8.035733222961426,-0.39409351348876953,3.8871119022369385,1.080467320060177
0,8.058318138122559,-0.39542174339294434,3.8900256156921387,1.0834993908122843
0,8.08067512512207,-0.39674702286720276,3.8929500579833984,1.0868148411502172
0,8.102958679199219,-0.3980787992477417,3.895895481109619,1.0905993356418455
0,8.125171661376953,-0.39941900968551636,3.898848533630371,1.0950728590688596
0,8.14731502532959,-0.4007723033428192,3.9017930030822754,1.1005996417249115
0,8.169364929199219,-0.4021447002887726,3.904702663421631,1.107604476480937
0,8.191102027893066,-0.4035280644893646,3.9075100421905518,1.1156048927748405
0,8.21297836303711,-0.40494483709335327,3.91021466255188,1.1238644043840096
0,8.234808921813965,-0.4063662588596344,3.912724494934082,1.1311995094513043
0,8.256598472595215,-0.4077681005001068,3.9149835109710693,1.1363724976304677
0,8.278202056884766,-0.40911850333213806,3.9169654846191406,1.1379577320504184
0,8.299771308898926,-0.4104115068912506,3.918720245361328,1.1366645532966033
0,8.321355819702148,-0.41164740920066833,3.920313596725464,1.1330669388430243
0,8.342924118041992,-0.4128342866897583,3.921811819076538,1.128497965851815
0,8.364494323730469,-0.4139907956123352,3.9232730865478516,1.1238974118816805
0,8.386065483093262,-0.41513460874557495,3.9247286319732666,1.1199274664712027
0,8.407636642456055,-0.4162764847278595,3.926184892654419,1.1168347947816146
0,8.429208755493164,-0.41742244362831116,3.9276368618011475,1.1145334530923325
0,8.450780868530273,-0.4185750484466553,3.929076910018921,1.1128009289661893
0,8.4723539352417,-0.4197344481945038,3.9304959774017334,1.1114483928036452
0,8.493927955627441,-0.4208995997905731,3.931886911392212,1.110295703212119
0,8.515504837036133,-0.42206892371177673,3.9332435131073,1.109273856912782
0,8.537083625793457,-0.4232405424118042,3.934561014175415,1.1083424753219286
0,8.558664321899414,-0.42441266775131226,3.93583607673645,1.10746926649388
0,8.580248832702637,-0.4255834221839905,3.937065839767456,1.1066255831302383
0,8.601835250854492,-0.4267512559890747,3.9382498264312744,1.1057909351878668
0,8.623424530029297,-0.42791488766670227,3.939387798309326,1.104948970973377
0,8.64501667022705,-0.42907360196113586,3.9404807090759277,1.1040429279361434
0,8.666610717773438,-0.4302273392677307,3.9415299892425537,1.1030586770684176
0,8.688207626342773,-0.43137627840042114,3.942538261413574,1.1020542430595979
0,8.709805488586426,-0.4325207769870758,3.943507671356201,1.1010309496934796
0,8.731406211853027,-0.4336615204811096,3.9444403648376465,1.099990244797086
0,8.753008842468262,-0.43479910492897034,3.945338010787964,1.098933098986467
0,8.774611473083496,-0.4359342157840729,3.9462015628814697,1.0978582052442742
0,8.79621696472168,-0.43706732988357544,3.9470317363739014,1.096756986002917
0,8.81782341003418,-0.43819892406463623,3.947828769683838,1.0956314209732319
0,8.839430809020996,-0.4393291473388672,3.948591947555542,1.094477643157185
0,8.861039161682129,-0.44045817852020264,3.9493207931518555,1.093291781022357
0,8.882649421691895,-0.44158604741096497,3.95001482963562,1.0920700469325548
0,8.904260635375977,-0.4427126944065094,3.9506733417510986,1.0908087750118804
0,8.925872802734375,-0.44383808970451355,3.9512956142425537,1.089505396109582
0,8.947486877441406,-0.44496217370033264,3.9518814086914062,1.0881499640383505
0,8.969100952148438,-0.44608497619628906,3.952430486679077,1.0867460395180948
0,8.990716934204102,-0.4472064673900604,3.952942371368408,1.0852954825249808
0,9.012332916259766,-0.44832664728164673,3.9534177780151367,1.0837978221069988
0,9.033949851989746,-0.4494456648826599,3.9538567066192627,1.0822532045431619
0,9.055567741394043,-0.45056360960006714,3.9542593955993652,1.0806581221180622
0,9.077186584472656,-0.4516805112361908,3.9546263217926025,1.0790116523823439
0,9.098806381225586,-0.4527965486049652,3.954958200454712,1.0773127243942615
0,9.120426177978516,-0.45391178131103516,3.9552552700042725,1.0755571051379702
0,9.142045974731445,-0.4550262689590454,3.9555180072784424,1.0737509032916694
0,9.163666725158691,-0.4561401903629303,3.955747127532959,1.0718929289367662
0,9.185287475585938,-0.45725366473197937,3.9559433460235596,1.0699825809723071
0,9.2069091796875,-0.458366721868515,3.9561071395874023,1.0680201765680926
0,9.228530883789062,-0.45947954058647156,3.9562389850616455,1.0660061205696063
0,9.250152587890625,-0.460592120885849,3.9563400745391846,1.0639402265599487
0,9.271774291992188,-0.4617045819759369,3.9564106464385986,1.0618152542952843
0,9.29339599609375,-0.46281689405441284,3.956451654434204,1.059641049757148
0,9.315018653869629,-0.46392911672592163,3.9564638137817383,1.0574188109422347
0,9.336640357971191,-0.4650411307811737,3.9564478397369385,1.0551502066405547
0,9.358262062072754,-0.4661528766155243,3.956404447555542,1.0528366605761181
0,9.379883766174316,-0.46726423501968384,3.956334352493286,1.0504798302138731
0,9.401506423950195,-0.46837499737739563,3.9562387466430664,1.0480818475168412
0,9.423128128051758,-0.46948498487472534,3.95611834526062,1.0456420821625805
0,9.44474983215332,-0.4705938994884491,3.9559736251831055,1.0431645260785682
0,9.466371536254883,-0.47170138359069824,3.955806016921997,1.0406541516941044
0,9.487993240356445,-0.4728071391582489,3.9556162357330322,1.0381133425410722
0,9.509613990783691,-0.47391068935394287,3.9554052352905273,1.0355449552448954
0,9.531235694885254,-0.47501155734062195,3.955173969268799,1.0329519665439402
0,9.552857398986816,-0.47610920667648315,3.954923391342163,1.030332203943043
0,9.574478149414062,-0.47720298171043396,3.9546546936035156,1.0276942396543562
0,9.596098899841309,-0.4782922863960266,3.9543685913085938,1.0250412603943932
0,9.617720603942871,-0.4793764650821686,3.954066276550293,1.0223767746447237
0,9.639342308044434,-0.4804547429084778,3.9537487030029297,1.0197034876454012
0,9.66096305847168,-0.4815264344215393,3.9534168243408203,1.0170237730506115
0,9.682585716247559,-0.4825907349586487,3.9530718326568604,1.0143399110294764
0,9.704207420349121,-0.48364681005477905,3.952714681625366,1.0116540858514709
0,9.725829124450684,-0.4846937954425812,3.952346086502075,1.0089683843967856
0,9.747451782226562,-0.4857308864593506,3.951967477798462,1.0062865600338198
0,9.769074440002441,-0.48675715923309326,3.9515798091888428,1.0036105281413557
0,9.79069709777832,-0.48777174949645996,3.951183557510376,1.0009415842290323
0,9.812321662902832,-0.4887737035751343,3.950780153274536,0.9982819693289986
0,9.833945274353027,-0.48976197838783264,3.9503698348999023,0.9956329866344237
0,9.855569839477539,-0.49073565006256104,3.94995379447937,0.9929949994817727
0,9.877195358276367,-0.4916937053203583,3.9495325088500977,0.9903685605279102
0,9.898820877075195,-0.4926351308822632,3.9491069316864014,0.9877574737593254
0,9.92044734954834,-0.49355900287628174,3.9486777782440186,0.9851660588303288
0,9.9420747756958,-0.49446433782577515,3.9482460021972656,0.9825946612700719
0,9.963703155517578,-0.49535009264945984,3.9478116035461426,0.9800460564478191
0,9.985332489013672,-0.4962153136730194,3.947375774383545,0.9775245073208318
0,10.006961822509766,-0.4970589280128479,3.9469385147094727,0.9750364988557102
0,10.028592109680176,-0.49787989258766174,3.946499824523926,0.9725888772934529
0,10.050224304199219,-0.49867695569992065,3.9460597038269043,0.9701862838080477
0,10.071856498718262,-0.4994489550590515,3.9456169605255127,0.9678409321450413
0,10.093488693237305,-0.5001947283744812,3.9451711177825928,0.9655374557599354
0,10.11512279510498,-0.5009132027626038,3.944721221923828,0.9632647560885923
0,10.136757850646973,-0.5016035437583923,3.9442663192749023,0.9610140778083884
0,10.158400535583496,-0.5022652745246887,3.9438064098358154,0.9587790454153906
0,10.18011474609375,-0.5028994083404541,3.9433391094207764,0.9565495653481244
0,10.202153205871582,-0.503511905670166,3.942858934402466,0.9542987141068096
0,10.22509765625,-0.5041159391403198,3.942352533340454,0.9519960700256238
0,10.248043060302734,-0.5046854019165039,3.9418392181396484,0.9497488259772251
0,10.272703170776367,-0.505259096622467,3.9412806034088135,0.947379837942192
0,10.299598693847656,-0.5058397650718689,3.9406633377075195,0.9448727286034517
0,10.326495170593262,-0.506373405456543,3.9400384426116943,0.942454705102005
0,10.35537338256836,-0.506894052028656,3.939359664916992,0.9398732656078896
0,10.385424613952637,-0.5073779225349426,3.938646078109741,0.9373104967479581
0,10.415475845336914,-0.5078025460243225,3.9379258155822754,0.9348198448039394
0,10.445974349975586,-0.5081725716590881,3.937189817428589,0.9323649421975708
0,10.476472854614258,-0.5084810853004456,3.9364495277404785,0.9300717533471067
0,10.507071495056152,-0.5087287425994873,3.935703992843628,0.9278323004963591
0,10.537680625915527,-0.5089146494865417,3.9349565505981445,0.92574739379715
0,10.568289756774902,-0.5090387463569641,3.9342081546783447,0.9237844270281385
0,10.598898887634277,-0.5091015696525574,3.933459997177124,0.9219006154840239
0,10.629508972167969,-0.5091034173965454,3.932713031768799,0.9202275363512726
0,10.660118103027344,-0.5090446472167969,3.9319679737091064,0.9186286899886733
0,10.690727233886719,-0.5089260339736938,3.931225299835205,0.9171752333423862
0,10.721336364746094,-0.5087478756904602,3.930485725402832,0.9158725904158207
0,10.751945495605469,-0.5085111856460571,3.9297494888305664,0.914647069043266
0,10.782553672790527,-0.5082166194915771,3.9290168285369873,0.9136249023311042
0,10.813161849975586,-0.5078649520874023,3.928287982940674,0.9126921751413151
0,10.843769073486328,-0.5074573755264282,3.927562713623047,0.9118801379709179
0,10.87437629699707,-0.5069946646690369,3.9268410205841064,0.9112323443390169
0,10.90498161315918,-0.506477952003479,3.9261224269866943,0.9106590968400989
0,10.935586929321289,-0.5059085488319397,3.9254066944122314,0.9102528017119821
0,10.966190338134766,-0.5052873492240906,3.9246933460235596,0.9099478765441443
0,10.996793746948242,-0.5046159625053406,3.923981189727783,0.909733881193533
0,11.027396202087402,-0.5038955211639404,3.9232699871063232,0.9096825446000344
0,11.05799674987793,-0.50312739610672,3.9225590229034424,0.9096967990051424
0,11.08859634399414,-0.5023132562637329,3.921846628189087,0.9098386901540158
0,11.119194984436035,-0.5014542937278748,3.9211323261260986,0.9100829532122076
0,11.14979076385498,-0.5005522966384888,3.920414686203003,0.910389674960004
0,11.180386543273926,-0.4996087849140167,3.9196927547454834,0.9108482901047332
0,11.210981369018555,-0.49862533807754517,3.9189653396606445,0.9113637146815075
0,11.241576194763184,-0.4976038932800293,3.9182307720184326,0.9119704169310492
0,11.27216911315918,-0.4965458810329437,3.9174880981445312,0.9126724366095883
0,11.30276870727539,-0.4954530894756317,3.9167356491088867,0.9134239927415096
0,11.333392143249512,-0.4943266808986664,3.9159719944000244,0.9142826007288196
0,11.364013671875,-0.4931691586971283,3.915196418762207,0.9151964875940759
0,11.394699096679688,-0.4919804036617279,3.9144060611724854,0.9161690802907305
0,11.425383567810059,-0.49076470732688904,3.913602590560913,0.9172030804266857
0,11.456206321716309,-0.4895188510417938,3.912782907485962,0.9182905678242119
0,11.487278938293457,-0.4882410168647766,3.9119441509246826,0.9195312947952864
0,11.518349647521973,-0.4869433045387268,3.9110922813415527,0.9208307796346835
0,11.55472469329834,-0.4854014217853546,3.91007137298584,0.922384412648204
0,11.620628356933594,-0.4825640320777893,3.908146619796753,0.9252175293098931
0,11.68652629852295,-0.4796800911426544,3.906125545501709,0.9283285474620632
0,11.758261680603027,-0.4765044152736664,3.9038054943084717,0.9318787076683884
0,11.887885093688965,-0.4707694351673126,3.899204969406128,0.9380822316074501
0,12.017487525939941,-0.4650600254535675,3.894021987915039,0.9447644451881682
0,12.139071464538574,-0.4597785472869873,3.888611078262329,0.9512526590159117
0,12.260635375976562,-0.45461174845695496,3.882657527923584,0.9579098368952994
0,12.382515907287598,-0.44958817958831787,3.876129150390625,0.9647480583417433
0,12.504560470581055,-0.444750040769577,3.8690171241760254,0.9716092513853422
0,12.617961883544922,-0.4404442012310028,3.8618881702423096,0.9778236844198815
1,1.7769564390182495,0.7134480476379395,2.2997939586639404,1.0379296781251581
1,1.8990625143051147,0.7137417197227478,2.2903990745544434,1.0371333511639476
1,2.0209600925445557,0.7140662670135498,2.278554916381836,1.0345130092789478
1,2.142636299133301,0.7144215703010559,2.2646114826202393,1.0298893934184765
1,2.264129400253296,0.7148067355155945,2.24914813041687,1.0245058848472521
1,2.385468006134033,0.7152220606803894,2.232513427734375,1.0174732417831054
1,2.5066723823547363,0.7156679630279541,2.214928388595581,1.0098192264291643
1,2.6277599334716797,0.7161478400230408,2.19655704498291,1.0013705787635123
1,2.748729944229126,0.7166655659675598,2.1774280071258545,0.991408159994265
1,2.869579315185547,0.7172276973724365,2.1575517654418945,0.980653760433781
1,2.990297555923462,0.7178443074226379,2.1368963718414307,0.9675317775055919
1,3.110865354537964,0.7185235619544983,2.1153807640075684,0.9523025337349512
1,3.231262445449829,0.7192835807800293,2.092933416366577,0.9345440069264994
1,3.3514676094055176,0.7201447486877441,2.0694832801818848,0.9115317908381462
1,3.4574577808380127,0.7210168242454529,2.0479187965393066,0.8889995407333087
1,3.5773074626922607,0.7221783399581909,2.0227251052856445,0.8575419043621401
1,3.652142286300659,0.7230197191238403,2.006587028503418,0.8369817138193985
1,3.7718381881713867,0.7246033549308777,1.9807896614074707,0.8006363526577687
1,3.8916850090026855,0.7265395522117615,1.9557313919067383,0.763314818136418
1,4.011795997619629,0.7288801670074463,1.9331823587417603,0.7268837880499767
1,4.100515365600586,0.730878472328186,1.9189486503601074,0.7036555566773731
1,4.220790863037109,0.7339342832565308,1.9049327373504639,0.6774694396171731
1,4.3284173011779785,0.737006425857544,1.8986036777496338,0.6669697474306344
1,4.446224689483643,0.7407156229019165,1.8996130228042603,0.6659123818697963
1,4.557375907897949,0.7445282340049744,1.908031702041626,0.6827035583471388
1,4.66786527633667,0.7485816478729248,1.9227737188339233,0.7087501100029442
1,4.769322872161865,0.7524834275245667,1.9405250549316406,0.7385532695309133
1,4.862581729888916,0.7561833262443542,1.9592106342315674,0.7696370299034999
1,4.955570697784424,0.7599599361419678,1.9791868925094604,0.8004313414481266
1,5.042150974273682,0.7635543346405029,1.9982541799545288,0.8272977722660366
1,5.127587795257568,0.7671879529953003,2.0170581340789795,0.8510890493661174
1,5.212309837341309,0.7708982825279236,2.035435914993286,0.8715638527727775
1,5.29695463180542,0.7747406363487244,2.053405284881592,0.8891093457634244
1,5.381678104400635,0.7787531018257141,2.0709640979766846,0.9038950817369978
1,5.466471195220947,0.7829707860946655,2.0880625247955322,0.9162888670968247
1,5.552542209625244,0.7874979972839355,2.1049232482910156,0.9266050450553885
1,5.642319202423096,0.7925281524658203,2.1220006942749023,0.9353846157631636
1,5.736059665679932,0.7981715798377991,2.139301300048828,0.9428485139561097
1,5.833484649658203,0.804530918598175,2.1567294597625732,0.9489940835278619
1,5.930632591247559,0.8114395141601562,2.173581838607788,0.9539641025990168
1,6.030850887298584,0.8192352056503296,2.1904654502868652,0.958174859489578
1,6.133571624755859,0.828014075756073,2.2073256969451904,0.9617516900694747
1,6.238118648529053,0.8378457427024841,2.2241311073303223,0.9648605589203714
1,6.3437042236328125,0.8487605452537537,2.2408626079559326,0.9676910046889645
1,6.449200630187988,0.8606961965560913,2.2574615478515625,0.970326917699693
1,6.554646015167236,0.8736778497695923,2.274049997329712,0.9731217886785752
1,6.659849166870117,0.8876772522926331,2.2906603813171387,0.9763122184754645
1,6.703629016876221,0.8937819600105286,2.2975876331329346,0.9776490086461306
1,6.730154514312744,0.8975712656974792,2.3017799854278564,0.9784232129593454
1,6.756401538848877,0.9013800024986267,2.3059327602386475,0.9791679888092221
1,6.782682418823242,0.9052531719207764,2.3100974559783936,0.9799215780040027
1,6.808858871459961,0.9091702103614807,2.314253330230713,0.9806707463306011
1,6.834913730621338,0.9131276607513428,2.318398952484131,0.98140986624227
1,6.860895156860352,0.9171321988105774,2.322542905807495,0.9821396744284903
1,6.886809349060059,0.9211844801902771,2.3266870975494385,0.9828503369739349
1,6.91337251663208,0.9253955483436584,2.330946207046509,0.9835439210290537
1,6.93920373916626,0.9295473098754883,2.3351001739501953,0.984219903049818
1,6.964949607849121,0.93374103307724,2.3392527103424072,0.9848493023774801
1,6.990684986114502,0.9379874467849731,2.343416929244995,0.9854406114153578
1,7.01639461517334,0.9422841668128967,2.347590684890747,0.9859839060623803
1,7.042015552520752,0.9466193318367004,2.351763963699341,0.9864680891220299
1,7.067645072937012,0.9510087370872498,2.355952262878418,0.9868931608780184
1,7.093273162841797,0.9554510116577148,2.360154867172241,0.9872562549221721
1,7.118813514709473,0.9599310159683228,2.3643577098846436,0.9875382568656169
1,7.14426326751709,0.9644480347633362,2.3685600757598877,0.9877305388873793
1,7.169619083404541,0.9690014123916626,2.3727614879608154,0.987825100395257
1,7.194975852966309,0.9736085534095764,2.376976251602173,0.987814682582261
1,7.2202348709106445,0.9782521724700928,2.381187677383423,0.987703467672502
1,7.245499134063721,0.9829520583152771,2.385413408279419,0.9874766176389489
1,7.27066707611084,0.9876903295516968,2.3896358013153076,0.9871223572065403
1,7.295736312866211,0.9924679398536682,2.3938541412353516,0.9866367979639938
1,7.320804119110107,0.997305154800415,2.398083209991455,0.9860101930509548
1,7.345859050750732,1.0022023916244507,2.402320623397827,0.9852479908881955
1,7.370917797088623,1.007165789604187,2.4065699577331543,0.9843485785658944
1,7.395877838134766,1.01217782497406,2.410813570022583,0.9833027801219149
1,7.4207377433776855,1.0172415971755981,2.4150502681732178,0.9821201119651372
1,7.445594310760498,1.022381067276001,2.419294834136963,0.9807903244211948
1,7.470348834991455,1.027580738067627,2.423530340194702,0.9793223454155595
1,7.495100498199463,1.0328664779663086,2.427773952484131,0.977700078160332
1,7.520296573638916,1.0383431911468506,2.432101011276245,0.975891709227546
1,7.545486927032471,1.0439199209213257,2.4364311695098877,0.9740502103957149
1,7.5706095695495605,1.0495904684066772,2.44075083732605,0.9720280731799256
1,7.5947980880737305,1.0551646947860718,2.4449081420898438,0.9698762112293884
1,7.6193461418151855,1.0609441995620728,2.4491214752197266,0.9676433722987761
1,7.643840789794922,1.066848635673523,2.4533135890960693,0.9652548033217727
1,7.66817569732666,1.0728567838668823,2.4574577808380127,0.9628544578466076
1,7.692396640777588,1.0789849758148193,2.4615530967712402,0.960195905302636
1,7.716581344604492,1.0852469205856323,2.465602397918701,0.9572351076131415
1,7.740689277648926,1.0916125774383545,2.469588279724121,0.9538205282893768
1,7.764681816101074,1.0980360507965088,2.47349214553833,0.9499368876873763
1,7.789347171783447,1.104684829711914,2.477428913116455,0.9448523173887813
1,7.813151836395264,1.1110889911651611,2.481139659881592,0.9389710344802331
1,7.837724208831787,1.117637038230896,2.484869956970215,0.9324847241867777
1,7.862269878387451,1.1240736246109009,2.4884819984436035,0.9252579860857594
1,7.88687801361084,1.1303952932357788,2.491976737976074,0.9173157396499063
1,7.911504745483398,1.1365846395492554,2.495335817337036,0.9091831746790694
1,7.936103343963623,1.142653226852417,2.498544216156006,0.9012369580205789
1,7.960590362548828,1.14862060546875,2.5015835762023926,0.8937645987197939
1,7.98502779006958,1.1545441150665283,2.5044546127319336,0.8865579499415444
1,8.00943374633789,1.1604626178741455,2.5071489810943604,0.8797271314647562
1,8.033843994140625,1.1664068698883057,2.5096609592437744,0.873252164728
1,8.058184623718262,1.1723673343658447,2.5119736194610596,0.867032103447329
1,8.082371711730957,1.1783194541931152,2.5140724182128906,0.8607817217311706
1,8.106499671936035,1.184273600578308,2.515957832336426,0.8545235352239487
1,8.1305570602417,1.1902135610580444,2.5176243782043457,0.8484488468427168
1,8.154542922973633,1.1961266994476318,2.519069194793701,0.8425881579906711
1,8.17836856842041,1.2019801139831543,2.520287275314331,0.8368599300804767
1,8.20212459564209,1.2077851295471191,2.5212819576263428,0.8312171842501443
1,8.22580623626709,1.2135345935821533,2.522054672241211,0.825932192132679
1,8.249412536621094,1.2192233800888062,2.522609233856201,0.8210171751817055
1,8.272941589355469,1.2248473167419434,2.522949457168579,0.8164960718008144
1,8.29629898071289,1.2303811311721802,2.5230817794799805,0.8121413586416841
1,8.319672584533691,1.2358663082122803,2.5230112075805664,0.8080989175668427
1,8.342964172363281,1.2412775754928589,2.5227444171905518,0.804465424133498
1,8.366178512573242,1.2466142177581787,2.522289752960205,0.8012208672510235
1,8.389264106750488,1.2518633604049683,2.5216574668884277,0.7982605329354456
1,8.412280082702637,1.2570353746414185,2.5208535194396973,0.7954924407518291
1,8.435234069824219,1.2621309757232666,2.519886016845703,0.7930498100999167
1,8.45812702178955,1.2671482563018799,2.518763303756714,0.7909123446309503
1,8.480957984924316,1.2720860242843628,2.517493724822998,0.7890751443085644
1,8.503661155700684,1.2769287824630737,2.51608943939209,0.787443232869247
1,8.526280403137207,1.2816846370697021,2.5145556926727295,0.7859626458934594
1,8.548837661743164,1.2863572835922241,2.5128989219665527,0.78472358606071
1,8.571333885192871,1.290946125984192,2.5111260414123535,0.7837089642781077
1,8.593768119812012,1.2954505681991577,2.509243965148926,0.7829026479825024
1,8.616141319274902,1.299870252609253,2.5072593688964844,0.7823005735318769
1,8.638439178466797,1.3042014837265015,2.5051803588867188,0.7817808124015299
1,8.66058349609375,1.30842924118042,2.503021001815796,0.7814333374945316
1,8.682669639587402,1.3125720024108887,2.5007779598236084,0.7812423627935443
1,8.704696655273438,1.3166298866271973,2.4984569549560547,0.7811950139754047
1,8.726665496826172,1.3206032514572144,2.4960620403289795,0.7812791996837538
1,8.748577117919922,1.32449209690094,2.493598222732544,0.7814836470110426
1,8.770431518554688,1.3282968997955322,2.4910695552825928,0.7817092271347196
1,8.79218864440918,1.3320105075836182,2.488485097885132,0.7820237503370197
1,8.813887596130371,1.33564031124115,2.485844135284424,0.7824640962845278
1,8.83553409576416,1.3391873836517334,2.4831504821777344,0.7829992077125542
1,8.857126235961914,1.3426517248153687,2.480407238006592,0.7836106629107636
1,8.878664016723633,1.3460336923599243,2.4776172637939453,0.7842907466268225
1,8.900147438049316,1.3493337631225586,2.474783182144165,0.7850387084873489
1,8.921636581420898,1.3525607585906982,2.4718997478485107,0.7857824942013113
1,8.943023681640625,1.355699062347412,2.4689838886260986,0.7865610253717346
1,8.96435832977295,1.3587560653686523,2.466031551361084,0.7873864044138275
1,8.985640525817871,1.3617323637008667,2.4630446434020996,0.7882797201597053
1,9.006895065307617,1.3646315336227417,2.460022449493408,0.7892238081411866
1,9.028141021728516,1.3674559593200684,2.456963062286377,0.7902001391232092
1,9.049391746520996,1.3702070713043213,2.4538662433624268,0.791207698982674
1,9.070647239685059,1.3728843927383423,2.450733184814453,0.7922490138569969
1,9.09190559387207,1.3754874467849731,2.4475648403167725,0.7932997389903654
1,9.113168716430664,1.3780158758163452,2.4443628787994385,0.7943184560008061
1,9.134434700012207,1.3804688453674316,2.4411282539367676,0.795352426244646
1,9.155705451965332,1.3828461170196533,2.4378623962402344,0.7964261080559778
1,9.176980018615723,1.3851470947265625,2.4345662593841553,0.7975229047181803
1,9.198257446289062,1.3873711824417114,2.431241035461426,0.7986283206540772
1,9.219538688659668,1.389517903327942,2.427886962890625,0.79973936061404
1,9.240823745727539,1.3915866613388062,2.4245052337646484,0.8008478559422355
1,9.262110710144043,1.393576741218567,2.4210963249206543,0.8019506420066542
1,9.283401489257812,1.3954877853393555,2.417660713195801,0.8030445485419976
1,9.304695129394531,1.397318959236145,2.414199113845825,0.8041365338578904
1,9.3259916305542,1.3990695476531982,2.410712718963623,0.8052470527813808
1,9.3472900390625,1.4007391929626465,2.4072020053863525,0.8063259725280021
1,9.36859130859375,1.4023271799087524,2.403668165206909,0.8073641095294734
1,9.389894485473633,1.4038326740264893,2.400111436843872,0.8083798450063477
1,9.411199569702148,1.4052551984786987,2.3965325355529785,0.8093705679460912
1,9.432506561279297,1.4065940380096436,2.3929316997528076,0.810333624963172
1,9.453815460205078,1.407848596572876,2.3893096446990967,0.811274876377066
1,9.475125312805176,1.4090182781219482,2.385666847229004,0.8122190263296223
1,9.49643611907959,1.4101026058197021,2.3820042610168457,0.8131330629969473
1,9.51774787902832,1.4111008644104004,2.378322124481201,0.8140100382417813
1,9.539060592651367,1.4120126962661743,2.3746206760406494,0.8148478481785066
1,9.560373306274414,1.4128373861312866,2.3709001541137695,0.8156445270505689
1,9.581686019897461,1.4135745763778687,2.367161273956299,0.8163983412238921
1,9.602997779846191,1.4142236709594727,2.3634042739868164,0.8171261525360661
1,9.624309539794922,1.41478431224823,2.3596301078796387,0.8178338882397524
1,9.645620346069336,1.4152562618255615,2.3558387756347656,0.8184974157419393
1,9.666930198669434,1.4156391620635986,2.3520307540893555,0.8191124254870963
1,9.688238143920898,1.415932536125183,2.3482065200805664,0.8196777520392068
1,9.709545135498047,1.4161360263824463,2.3443665504455566,0.8201924325469122
1,9.730849266052246,1.4162495136260986,2.340510606765747,0.8206557808190137
1,9.752150535583496,1.416272759437561,2.336639404296875,0.8211042606679779
1,9.773449897766113,1.4162057638168335,2.332753896713257,0.8215072010968224
1,9.794745445251465,1.416048288345337,2.3288540840148926,0.82185887495241
1,9.816038131713867,1.4158003330230713,2.3249402046203613,0.8221570317378121
1,9.837327003479004,1.415461778640747,2.3210127353668213,0.8224014009889499
1,9.858611106872559,1.4150325059890747,2.3170716762542725,0.82259183379061
1,9.879891395568848,1.4145127534866333,2.313117742538452,0.8227481476726567
1,9.901166915893555,1.4139025211334229,2.3091514110565186,0.822872603874426
1,9.92243766784668,1.413202166557312,2.30517315864563,0.8229449805018083
1,9.943702697753906,1.4124116897583008,2.301182985305786,0.8229641760915276
1,9.964962005615234,1.4115313291549683,2.2971813678741455,0.8229293880614961
1,9.986215591430664,1.410561203956604,2.293168544769287,0.8228409773083396
1,10.007462501525879,1.4095016717910767,2.28914475440979,0.8227081038532963
1,10.028702735900879,1.4083530902862549,2.2851107120513916,0.8225553192013314
1,10.049936294555664,1.407116174697876,2.281066656112671,0.8223503819252592
1,10.071163177490234,1.405791163444519,2.277012825012207,0.822096428273024
1,10.092381477355957,1.4043785333633423,2.2729499340057373,0.8217911309066599
1,10.113593101501465,1.4028786420822144,2.2688777446746826,0.8214352016969191
1,10.134796142578125,1.401292085647583,2.264796495437622,0.821031671702796
1,10.155998229980469,1.3996193408966064,2.2607054710388184,0.8206103194933884
1,10.177261352539062,1.3978558778762817,2.256593942642212,0.820110515483818
1,10.198832511901855,1.3959795236587524,2.252413749694824,0.8195589375209094
1,10.220394134521484,1.394016981124878,2.2482266426086426,0.818958846096661
1,10.24283218383789,1.3918834924697876,2.2438607215881348,0.818277427500849
1,10.266934394836426,1.3894904851913452,2.239161252975464,0.8174891949706088
1,10.293209075927734,1.386765480041504,2.234027862548828,0.8166013474792486
1,10.31946849822998,1.3839225769042969,2.2288873195648193,0.8156462132960126
1,10.347647666931152,1.3807419538497925,2.2233598232269287,0.814549108118284
1,10.375808715820312,1.377429723739624,2.2178237438201904,0.8133946934331324
1,10.405095100402832,1.3738458156585693,2.212054491043091,0.8121246946498716
1,10.434796333312988,1.3700692653656006,2.2061924934387207,0.8107537438313384
1,10.464478492736816,1.3661539554595947,2.2003235816955566,0.8093137909483282
1,10.494237899780273,1.3620892763137817,2.1944282054901123,0.8078053940846619
1,10.52397632598877,1.3578895330429077,2.1885249614715576,0.8062467380899968
1,10.553704261779785,1.3535571098327637,2.182612657546997,0.8046658443067987
1,10.583412170410156,1.3490965366363525,2.1766927242279053,0.8030063712362887
1,10.613100051879883,1.3445104360580444,2.1707658767700195,0.8012197980447862
1,10.642766952514648,1.339802861213684,2.164832592010498,0.7993772043592956
1,10.672412872314453,1.334976077079773,2.1588921546936035,0.7975221403396919
1,10.702038764953613,1.3300342559814453,2.152944803237915,0.7956193307493612
1,10.731644630432129,1.3249800205230713,2.146989345550537,0.7936451773240815
1,10.761229515075684,1.3198162317276,2.141026496887207,0.7915437539751603
1,10.79079532623291,1.314548134803772,2.135057210922241,0.7894320532245316
1,10.820341110229492,1.3091782331466675,2.129082202911377,0.7872667914415132
1,10.849867820739746,1.3037103414535522,2.123100519180298,0.785069756821381
1,10.879375457763672,1.298147201538086,2.1171116828918457,0.7827646945473447
1,10.908864974975586,1.2924935817718506,2.111118793487549,0.78042473021311
1,10.938337326049805,1.286754846572876,2.1051251888275146,0.7780482657272519
1,10.967793464660645,1.2809332609176636,2.099130630493164,0.7756220523448148
1,10.997234344482422,1.2750334739685059,2.0931360721588135,0.7731746566060134
1,11.02666187286377,1.2690601348876953,2.0871469974517822,0.770640003635692
1,11.05607795715332,1.2630200386047363,2.081170082092285,0.7681379585872887
1,11.085484504699707,1.2569184303283691,2.0752100944519043,0.7655842532346651
1,11.114882469177246,1.2507587671279907,2.0692696571350098,0.7630165848473565
1,11.14427661895752,1.2445489168167114,2.063359022140503,0.7604692321699531
1,11.173669815063477,1.2382967472076416,2.057490825653076,0.7579361990196444
1,11.203065872192383,1.2320090532302856,2.051673650741577,0.7554542973365663
1,11.23246955871582,1.2256919145584106,2.045916795730591,0.7529614084628151
1,11.261883735656738,1.2193540334701538,2.040233850479126,0.750594794564212
1,11.29132080078125,1.213006615638733,2.034644603729248,0.7483596970317048
1,11.320778846740723,1.206658959388733,2.029162645339966,0.7462103612775337
1,11.350284576416016,1.200316309928894,2.0237996578216553,0.7441858966931643
1,11.37988567352295,1.193983554840088,2.0185694694519043,0.7423962363622747
1,11.409523010253906,1.1876893043518066,2.0135059356689453,0.7407960943243522
1,11.439338684082031,1.1814206838607788,2.0086076259613037,0.7393811373748101
1,11.46920108795166,1.1752190589904785,2.003913164138794,0.7381930031164687
1,11.499361038208008,1.169058084487915,1.9994142055511475,0.7374083018878916
1,11.52957820892334,1.163000226020813,1.9951661825180054,0.7371519045619817
1,11.565028190612793,1.1560486555099487,1.9905234575271606,0.7372755707319041
1,11.600556373596191,1.1492584943771362,1.9862565994262695,0.7377488749783674
1,11.665131568908691,1.1374437808990479,1.9795331954956055,0.7401169818175084
1,11.73571491241455,1.125372290611267,1.9737497568130493,0.7442052955125995
1,11.806565284729004,1.1142113208770752,1.9696524143218994,0.7512886077363178
1,11.935089111328125,1.0962339639663696,1.9661918878555298,0.7646823878476889
1,12.064019203186035,1.0811190605163574,1.9676584005355835,0.7787233822218809
1,12.185147285461426,1.0694881677627563,1.973215937614441,0.7928103132735268
1,12.306598663330078,1.0601744651794434,1.9823825359344482,0.8070306531259348
1,12.427923202514648,1.0530356168746948,1.9946727752685547,0.8205949219442821
1,12.54925537109375,1.0478241443634033,2.009488821029663,0.8337626307128359
1,12.67040729522705,1.0442557334899902,2.026156425476074,0.8452430776163117
1,12.755659103393555,1.0425665378570557,2.038680076599121,0.8533069186662797
1,12.876741409301758,1.0409746170043945,2.0569515228271484,0.8636632173768326
1,12.967035293579102,1.0402206182479858,2.0706465244293213,0.8712795326321154
1,13.08817195892334,1.0395052433013916,2.0886638164520264,0.8796313589481034
1,13.209394454956055,1.0389801263809204,2.106104850769043,0.8863651063316802
1,13.330699920654297,1.0385559797286987,2.1229500770568848,0.8914248900126135
1,13.452066421508789,1.0382102727890015,2.1393444538116455,0.8928103109939742
1,13.555644035339355,1.0379436016082764,2.153106212615967,0.8937701806440036
2,0.8004205226898193,0.7879878282546997,2.537086009979248,1.009710178931648
2,0.9190752506256104,0.7880911231040955,2.5426993370056152,1.0133785055808375
2,1.0398635864257812,0.7882136106491089,2.5481338500976562,1.0171658689399419
2,1.1606814861297607,0.7883537411689758,2.552851438522339,1.0208692094460916
2,1.2825671434402466,0.7885146737098694,2.5563502311706543,1.0244102809961404
2,1.4048832654953003,0.7887001633644104,2.557929515838623,1.027455301230112
2,1.5272067785263062,0.7889125943183899,2.5572123527526855,1.0294548324963735
2,1.6496000289916992,0.7891560196876526,2.553781270980835,1.0311870522147757
2,1.771889090538025,0.7894320487976074,2.5476737022399902,1.0303408946610295
2,1.8698011636734009,0.7896780371665955,2.5408971309661865,1.0295238713034627
2,1.9918321371078491,0.7900161743164062,2.530510187149048,1.0261908945401135
2,2.0728373527526855,0.7902602553367615,2.5225281715393066,1.023678527540567
2,2.1946005821228027,0.7906563878059387,2.5093588829040527,1.0181466745461265
2,2.316230297088623,0.7910875678062439,2.4950079917907715,1.01181121995208
2,2.437761068344116,0.7915549874305725,2.4798407554626465,1.0047343335811147
2,2.559206008911133,0.7920615077018738,2.464003086090088,0.9964476727067111
2,2.680581569671631,0.7926114797592163,2.447643756866455,0.9876302700227335
2,2.8018994331359863,0.7932126522064209,2.4308624267578125,0.9777151088308228
2,2.923163652420044,0.7938711047172546,2.4137001037597656,0.9666784546597967
2,3.044384241104126,0.7945982217788696,2.396235704421997,0.9547335329928417
2,3.1655685901641846,0.7954052686691284,2.378523111343384,0.9404942288858907
2,3.286726713180542,0.7963058948516846,2.3606374263763428,0.9251233255094465
2,3.407886505126953,0.7973209619522095,2.342768430709839,0.9078044708146475
2,3.529069423675537,0.7984683513641357,2.325065851211548,0.8889460071924018
2,3.650327205657959,0.7997791767120361,2.3078973293304443,0.8686744909479202
2,3.7716965675354004,0.8012843728065491,2.2917046546936035,0.8476983886409166
2,3.8649847507476807,0.8025933504104614,2.280261993408203,0.8314198487837274
2,3.986515998840332,0.8045235872268677,2.2673285007476807,0.812447380643621
2,4.10830545425415,0.8067343831062317,2.2571754455566406,0.7965809841776001
2,4.229241847991943,0.8092176914215088,2.250653028488159,0.7849784482192583
2,4.350319862365723,0.8119949698448181,2.2480978965759277,0.7815082176341108
2,4.468160629272461,0.8149725794792175,2.2497034072875977,0.7829971175088489
2,4.579549312591553,0.8180289268493652,2.2548317909240723,0.7906276972995767
2,4.690736770629883,0.8213069438934326,2.263197660446167,0.8029831692085944
2,4.793257236480713,0.8245285749435425,2.273385763168335,0.8169135603133855
2,4.887739181518555,0.8276707530021667,2.2844932079315186,0.831413343991449
2,4.97691535949707,0.83079594373703,2.29616641998291,0.845883835009242
2,5.0659708976745605,0.8340814113616943,2.3086864948272705,0.8600443161231911
2,5.152529716491699,0.8374451398849487,2.3214340209960938,0.8731293068429256
2,5.238250255584717,0.8409567475318909,2.3344345092773438,0.8851597122498374
2,5.323772430419922,0.844656229019165,2.3476526737213135,0.8961581683214068
2,5.409245014190674,0.8485662341117859,2.3610358238220215,0.9061876182163652
2,5.4955620765686035,0.8527531623840332,2.3746469020843506,0.9153617154404449
2,5.58117151260376,0.8571661114692688,2.3881750106811523,0.9233906242217902
2,5.669081687927246,0.8619959354400635,2.4020400047302246,0.9308419901938072
2,5.761041164398193,0.8674120306968689,2.4164631366729736,0.9378968811826393
2,5.856895446777344,0.8734986186027527,2.4313840866088867,0.944535030042564
2,5.956263542175293,0.8803312182426453,2.446730852127075,0.9507231333168585
2,6.058613300323486,0.8879706263542175,2.4624359607696533,0.9563286155793036
2,6.160855293273926,0.8962456583976746,2.4780588150024414,0.9615402987772501
2,6.2656331062316895,0.9054219722747803,2.4940521717071533,0.9665908998627732
2,6.372190952301025,0.9154919981956482,2.5103607177734375,0.9714826561103331
2,6.47971248626709,0.9263941645622253,2.5269246101379395,0.9761634622225531
2,6.586100101470947,0.9378843903541565,2.543461561203003,0.979282148976168
2,6.692402362823486,0.9499974250793457,2.5600998401641846,0.9849273174193129
2,6.719874858856201,0.9532179236412048,2.5644121170043945,0.9858822515593277
2,6.747393608093262,0.9564780592918396,2.568739175796509,0.98681824212395
2,6.774496078491211,0.9597236514091492,2.573009490966797,0.9877091585295353
2,6.801519870758057,0.9629934430122375,2.5772762298583984,0.9885454917834048
2,6.82854700088501,0.9662970900535583,2.5815532207489014,0.9893328180435859
2,6.855528831481934,0.9696285724639893,2.5858330726623535,0.9900640630470559
2,6.882480621337891,0.9729894995689392,2.5901193618774414,0.9907351374682215
2,6.909397125244141,0.9763790965080261,2.594412326812744,0.99134531981568
2,6.936300277709961,0.9797999858856201,2.5987167358398438,0.9918885118914693
2,6.963271141052246,0.9832628965377808,2.6030466556549072,0.9923570440597226
2,6.990201473236084,0.9867543578147888,2.6073858737945557,0.9927437477024529
2,7.01708459854126,0.9902741312980652,2.61173415184021,0.9930434821891345
2,7.043914794921875,0.9938218593597412,2.6160922050476074,0.993251600773854
2,7.070685863494873,0.997397780418396,2.620459794998169,0.9933642533996285
2,7.097477436065674,1.0010138750076294,2.6248507499694824,0.993382600562795
2,7.124246120452881,1.004665732383728,2.629258871078491,0.9933070406874159
2,7.1509480476379395,1.0083487033843994,2.633678436279297,0.9931257045101034
2,7.177579402923584,1.0120640993118286,2.6381094455718994,0.9928365074755342
2,7.204135894775391,1.0158132314682007,2.642552137374878,0.992440201904111
2,7.230700969696045,1.0196107625961304,2.6470208168029785,0.9919357688982637
2,7.257185935974121,1.023447036743164,2.6515016555786133,0.991322853727147
2,7.283586502075195,1.0273239612579346,2.6559948921203613,0.9906083666210607
2,7.3099565505981445,1.031252384185791,2.660511016845703,0.9897899311255851
2,7.336239337921143,1.0352272987365723,2.665041446685791,0.9888754271262745
2,7.362520217895508,1.0392662286758423,2.6696009635925293,0.9878608928515354
2,7.388709545135498,1.0433597564697266,2.67417573928833,0.986754590883962
2,7.414803981781006,1.0475119352340698,2.6787660121917725,0.9855586866642149
2,7.4407196044921875,1.0517138242721558,2.6833579540252686,0.984289830744472
2,7.4666748046875,1.0560061931610107,2.687990427017212,0.9829479639964807
2,7.492528438568115,1.0603715181350708,2.6926395893096924,0.9815444563118919
2,7.518277168273926,1.0648155212402344,2.6973049640655518,0.9800754370184529
2,7.543918609619141,1.0693446397781372,2.701986789703369,0.9785930019746294
2,7.570168495178223,1.0740940570831299,2.7068142890930176,0.9770755143782994
2,7.595937252044678,1.07887864112854,2.71158766746521,0.9754420202137919
2,7.620891571044922,1.08363938331604,2.716243028640747,0.973917254900112
2,7.646355628967285,1.088631510734558,2.7210237979888916,0.9723523730531877
2,7.671690464019775,1.093748927116394,2.7258079051971436,0.970722833877411
2,7.696954250335693,1.099012851715088,2.7306008338928223,0.969236109022882
2,7.722092628479004,1.1044169664382935,2.7353835105895996,0.967612979818738
2,7.747131824493408,1.1099625825881958,2.7401480674743652,0.9656517964405381
2,7.772066593170166,1.1156224012374878,2.744873285293579,0.9629849060473743
2,7.7968950271606445,1.1213481426239014,2.7495367527008057,0.9593625545025474
2,7.821649074554443,1.127088189125061,2.754120349884033,0.9547893724821085
2,7.846347332000732,1.1327838897705078,2.7586002349853516,0.949098504285338
2,7.871528625488281,1.1385003328323364,2.7630395889282227,0.9426288141657359
2,7.8966965675354,1.144066333770752,2.76731276512146,0.934171326702242
2,7.921724796295166,1.1494349241256714,2.7713875770568848,0.9265085626399017
2,7.946721076965332,1.1546579599380493,2.775292158126831,0.9190573110282586
2,7.971644878387451,1.159791350364685,2.7790379524230957,0.9126185395371749
2,7.997597694396973,1.165143609046936,2.7828030586242676,0.9074384553946313
2,8.023394584655762,1.1705387830734253,2.7864229679107666,0.9029192477385402
2,8.049155235290527,1.1760410070419312,2.7899107933044434,0.8988081090773345
2,8.073780059814453,1.1814098358154297,2.793118715286255,0.894916973016586
2,8.098308563232422,1.1868492364883423,2.796175479888916,0.8908764384814605
2,8.122647285461426,1.1923125982284546,2.7990574836730957,0.8868086532156412
2,8.146897315979004,1.1977969408035278,2.8017666339874268,0.8824737021647636
2,8.170292854309082,1.203108310699463,2.8042097091674805,0.8783799929602717
2,8.19439697265625,1.2085834741592407,2.8065481185913086,0.8740267306279977
2,8.218323707580566,1.21401047706604,2.808680295944214,0.8698524690430735
2,8.242165565490723,1.219404697418213,2.8106131553649902,0.865912441619368
2,8.265922546386719,1.2247624397277832,2.812347173690796,0.8622396677876949
2,8.289594650268555,1.2300810813903809,2.813882350921631,0.8586892831120438
2,8.31306266784668,1.2353322505950928,2.8152148723602295,0.8554488536544647
2,8.33646011352539,1.2405458688735962,2.8163576126098633,0.8525021407708054
2,8.359785079956055,1.2457208633422852,2.817314386367798,0.8498387668299962
2,8.383037567138672,1.2508561611175537,2.8180902004241943,0.8474219799306617
2,8.406159400939941,1.2559376955032349,2.818687915802002,0.8451551761873163
2,8.429206848144531,1.260975956916809,2.819115161895752,0.8431309979446904
2,8.452093124389648,1.26595139503479,2.8193767070770264,0.841338854838599
2,8.474903106689453,1.2708806991577148,2.8194806575775146,0.8397533770459283
2,8.497634887695312,1.2757625579833984,2.819432497024536,0.8383445667151178
2,8.520227432250977,1.2805813550949097,2.8192384243011475,0.8370357286496183
2,8.542741775512695,1.2853487730026245,2.818903923034668,0.8358993338739884
2,8.565177917480469,1.2900633811950684,2.818434476852417,0.8349266075527717
2,8.587535858154297,1.2947242259979248,2.817836046218872,0.8341095371157217
2,8.60981559753418,1.2993301153182983,2.8171136379241943,0.8334414451570166
2,8.6320161819458,1.3038796186447144,2.816272497177124,0.8328467239140113
2,8.654071807861328,1.3083579540252686,2.8153209686279297,0.832378118461665
2,8.676048278808594,1.3127782344818115,2.8142611980438232,0.8320375350406782
2,8.69794750213623,1.3171401023864746,2.813098192214966,0.8318295396433737
2,8.719820976257324,1.3214530944824219,2.811833620071411,0.8317473840038505
2,8.74160099029541,1.3257029056549072,2.8104753494262695,0.8317623573484798
2,8.763236045837402,1.3298791646957397,2.8090317249298096,0.8318218002826917
2,8.784794807434082,1.3339951038360596,2.807502508163452,0.8319754787922584
2,8.806266784667969,1.3380485773086548,2.8058924674987793,0.8322165942152452
2,8.827666282653809,1.3420417308807373,2.804204225540161,0.8325408003684999
2,8.848994255065918,1.3459748029708862,2.802441358566284,0.8329440903907263
2,8.870325088500977,1.3498610258102417,2.800600290298462,0.8334305352345489
2,8.891589164733887,1.3536872863769531,2.798689842224121,0.8339122111548081
2,8.912817001342773,1.3574581146240234,2.79671049118042,0.834449553778574
2,8.934046745300293,1.361180067062378,2.7946600914001465,0.8350438951932035
2,8.955277442932129,1.3648520708084106,2.792541265487671,0.8356926695045075
2,8.976511001586914,1.3684736490249634,2.7903554439544678,0.8363931623803649
2,8.997746467590332,1.3720437288284302,2.788104295730591,0.8371717382907897
2,9.018983840942383,1.375561237335205,2.785789966583252,0.8379932853665378
2,9.040223121643066,1.3790254592895508,2.783414125442505,0.838797248419536
2,9.061464309692383,1.3824354410171509,2.7809784412384033,0.8396409242711893
2,9.082707405090332,1.3857903480529785,2.778484582901001,0.8405218041081245
2,9.103952407836914,1.3890894651412964,2.7759335041046143,0.8414374608961073
2,9.125199317932129,1.392331838607788,2.773326873779297,0.8423853128595639
2,9.146448135375977,1.3955167531967163,2.770665407180786,0.8433705724335526
2,9.167698860168457,1.3986433744430542,2.7679505348205566,0.8443831770890973
2,9.188952445983887,1.4017107486724854,2.765183210372925,0.8453803888482861
2,9.210206985473633,1.4047178030014038,2.7623653411865234,0.8464025924533141
2,9.231463432312012,1.407663345336914,2.759498119354248,0.8474463567393268
2,9.25272274017334,1.4105463027954102,2.756582736968994,0.8485064895103096
2,9.273983001708984,1.4133659601211548,2.753620147705078,0.8495822843080704
2,9.295246124267578,1.416121244430542,2.750610828399658,0.8506741990573576
2,9.316510200500488,1.418811321258545,2.747555732727051,0.8517737282998041
2,9.337776184082031,1.4214352369308472,2.7444558143615723,0.8528780719958291
2,9.359045028686523,1.4239919185638428,2.741311550140381,0.853984205584118
2,9.380313873291016,1.4264802932739258,2.738124132156372,0.8550762557674476
2,9.401585578918457,1.4288991689682007,2.7348949909210205,0.8561570083981501
2,9.422859191894531,1.431247353553772,2.7316250801086426,0.8572352501302641
2,9.444133758544922,1.4335241317749023,2.7283151149749756,0.8583067165500367
2,9.465409278869629,1.4357284307479858,2.7249653339385986,0.8593657109055938
2,9.486687660217285,1.437859296798706,2.721576690673828,0.860409246609197
2,9.507966041564941,1.439915657043457,2.7181499004364014,0.8614344079552622
2,9.529245376586914,1.4418967962265015,2.7146852016448975,0.8624422112277617
2,9.550525665283203,1.4438015222549438,2.711183786392212,0.8634662483146004
2,9.571806907653809,1.4456288814544678,2.707646369934082,0.8644665425740146
2,9.59308910369873,1.4473780393600464,2.704073429107666,0.865437174455041
2,9.614372253417969,1.4490482807159424,2.700465679168701,0.8663747708416433
2,9.63565444946289,1.450638771057129,2.696823835372925,0.8672594924668016
2,9.656937599182129,1.4521489143371582,2.693148374557495,0.8680826057573442
2,9.67821979522705,1.453577995300293,2.6894400119781494,0.8688751452762677
2,9.699501991271973,1.4549251794815063,2.685699701309204,0.8696680190701523
2,9.720784187316895,1.4561901092529297,2.6819283962249756,0.8704224531133306
2,9.742066383361816,1.4573723077774048,2.678126335144043,0.8711343424562031
2,9.763346672058105,1.4584711790084839,2.6742939949035645,0.8718023118330557
2,9.784625053405762,1.459486484527588,2.6704320907592773,0.8724251976513809
2,9.805903434753418,1.4604177474975586,2.6665406227111816,0.873001991453403
2,9.827178955078125,1.461264967918396,2.6626205444335938,0.8735604816177813
2,9.848453521728516,1.4620275497436523,2.65867280960083,0.8740909022398364
2,9.869725227355957,1.4627056121826172,2.6546976566314697,0.8745742141134151
2,9.89099407196045,1.4632987976074219,2.650696039199829,0.8750080983233871
2,9.912261009216309,1.463807225227356,2.646667957305908,0.8753920753441982
2,9.933524131774902,1.4642306566238403,2.6426138877868652,0.8757255180511483
2,9.954784393310547,1.464569330215454,2.6385345458984375,0.8760251220035183
2,9.976040840148926,1.4648231267929077,2.6344306468963623,0.8763039415348274
2,9.997293472290039,1.4649922847747803,2.630302906036377,0.8765325079388324
2,10.018542289733887,1.4650769233703613,2.6261520385742188,0.8767093909064082
2,10.039786338806152,1.46507728099823,2.6219780445098877,0.876833665016319
2,10.061026573181152,1.4649934768676758,2.617781639099121,0.8769051589054881
2,10.08226203918457,1.4648258686065674,2.613563299179077,0.8769400325010157
2,10.10349178314209,1.464574933052063,2.6093242168426514,0.8769533047063353
2,10.124716758728027,1.4642412662506104,2.605064630508423,0.8769138749255073
2,10.145936012268066,1.4638251066207886,2.600785255432129,0.8768240207508845
2,10.167157173156738,1.4633269309997559,2.5964853763580322,0.876683848267158
2,10.188441276550293,1.4627454280853271,2.5921525955200195,0.8764938704590356
2,10.210036277770996,1.4620720148086548,2.5877366065979004,0.8762736801426253
2,10.232511520385742,1.4612833261489868,2.583120822906494,0.8760108613699156
2,10.256657600402832,1.4603379964828491,2.5781402587890625,0.8756594092096535
2,10.28079605102539,1.4592933654785156,2.5731399059295654,0.8752372529105222
2,10.307112693786621,1.4580436944961548,2.5676651000976562,0.8746989651396918
2,10.335356712341309,1.456575870513916,2.561763286590576,0.8740748619769182
2,10.363588333129883,1.454979658126831,2.5558388233184814,0.8733958282519174
2,10.392952919006348,1.453184723854065,2.5496513843536377,0.8726063587554128
2,10.4223051071167,1.4512547254562378,2.5434412956237793,0.8717353509564669
2,10.452077865600586,1.4491603374481201,2.5371177196502686,0.8707731678717118
2,10.48193359375,1.4469245672225952,2.530754327774048,0.8697235813381027
2,10.511775970458984,1.4445561170578003,2.5243730545043945,0.8685837723736581
2,10.541613578796387,1.442057490348816,2.5179731845855713,0.8673559629189478
2,10.57143783569336,1.4394315481185913,2.5115575790405273,0.8660695686978134
2,10.60124683380127,1.4366822242736816,2.5051286220550537,0.8647322522346345
2,10.63104248046875,1.4338123798370361,2.4986870288848877,0.8632951868927996
2,10.660823822021484,1.4308247566223145,2.4922335147857666,0.8617758640563523
2,10.690590858459473,1.4277232885360718,2.485769748687744,0.8602098255491684
2,10.720344543457031,1.4245108366012573,2.479296922683716,0.8585591695912782
2,10.75008487701416,1.421191692352295,2.4728171825408936,0.8567697608731658
2,10.779812812805176,1.4177693128585815,2.466331720352173,0.8548617145357741
2,10.809528350830078,1.4142470359802246,2.4598419666290283,0.8529313022027101
2,10.83923053741455,1.4106297492980957,2.4533495903015137,0.8509167670862307
2,10.868922233581543,1.4069198369979858,2.446854591369629,0.8488024224436889
2,10.898600578308105,1.4031219482421875,2.4403584003448486,0.8466177607312801
2,10.928269386291504,1.3992397785186768,2.4338619709014893,0.8443443641545757
2,10.957927703857422,1.3952776193618774,2.427368402481079,0.8419387448455611
2,10.987577438354492,1.3912404775619507,2.420879364013672,0.8394194397563297
2,11.017218589782715,1.3871312141418457,2.414395809173584,0.8368055687214764
2,11.046852111816406,1.3829554319381714,2.4079198837280273,0.8341794028220614
2,11.076478004455566,1.3787168264389038,2.4014530181884766,0.8314082032954908
2,11.106098175048828,1.374419927597046,2.394996404647827,0.8285673005070106
2,11.135713577270508,1.3700703382492065,2.388554573059082,0.8255398377877766
2,11.165325164794922,1.36567223072052,2.3821308612823486,0.8224795431541368
2,11.194936752319336,1.3612312078475952,2.375727891921997,0.8193433097239318
2,11.224546432495117,1.356750249862671,2.3693478107452393,0.8160759903579392
2,11.254158020019531,1.3522337675094604,2.3629934787750244,0.8127931667614318
2,11.28377914428711,1.347685694694519,2.3566691875457764,0.8094087541159279
2,11.31340503692627,1.3431117534637451,2.3503847122192383,0.8059544432333842
2,11.343061447143555,1.338513731956482,2.344142436981201,0.8024490508213832
2,11.372727394104004,1.3338996171951294,2.3379533290863037,0.7988973836686404
2,11.402466773986816,1.3292657136917114,2.3318135738372803,0.7953979555988354
2,11.432357788085938,1.3246080875396729,2.3257181644439697,0.7918078118572204
2,11.462265968322754,1.3199559450149536,2.3197083473205566,0.7882391116950798
2,11.492440223693848,1.3152834177017212,2.313754081726074,0.7846824258693998
2,11.5226411819458,1.3106330633163452,2.3079144954681396,0.7813217554249682
2,11.558036804199219,1.3052256107330322,2.3012423515319824,0.7774804908553666
2,11.62227725982666,1.2955275774002075,2.2896645069122314,0.7714621956504856
2,11.686684608459473,1.2860459089279175,2.2788586616516113,0.7664914516592067
2,11.757012367248535,1.2760499715805054,2.268118143081665,0.762480634702078
2,11.884675979614258,1.2589142322540283,2.251903533935547,0.7595418702843794
2,11.987808227539062,1.2461529970169067,2.2420177459716797,0.7596162933038866
2,12.108635902404785,1.2327122688293457,2.234402894973755,0.7639463754835886
2,12.229832649230957,1.2209630012512207,2.2310168743133545,0.7717095941329823
2,12.351569175720215,1.2109302282333374,2.231736898422241,0.7818392957016361
2,12.47354507446289,1.2025707960128784,2.236184597015381,0.7946175478737172
2,12.56982135772705,1.1970845460891724,2.2420296669006348,0.8055498956391055
2,12.598716735839844,1.195604920387268,2.2441208362579346,0.8091211583219852
3,0.025141606107354164,0.5459880232810974,1.1380844116210938,1.0000665242528286
3,0.12904413044452667,0.5459945201873779,1.138819694519043,1.0001417808278472
3,0.23294292390346527,0.5460058450698853,1.139949917793274,1.0004107474798292
3,0.3394949436187744,0.5460250973701477,1.141911268234253,1.00071987599087
3,0.45029765367507935,0.5460519790649414,1.1452701091766357,1.0009707838571185
3,0.5610355138778687,0.5460867881774902,1.1503174304962158,1.0018368656092032
3,0.676094114780426,0.5461364388465881,1.1578891277313232,1.0036710514778278
3,0.7944491505622864,0.5462127327919006,1.1679940223693848,1.0091836144160136
3,0.9126191735267639,0.5463199615478516,1.1800810098648071,1.0152085013020395
3,1.0328176021575928,0.5464555025100708,1.1931796073913574,1.021698427599642
3,1.1248317956924438,0.5465739965438843,1.203253149986267,1.0256923157226363
3,1.2461557388305664,0.5467420220375061,1.2154524326324463,1.030860604936911
3,1.3676772117614746,0.5469250082969666,1.225456953048706,1.0356110082094108
3,1.4524067640304565,0.5470623970031738,1.2305043935775757,1.0393054611592067
3,1.5747898817062378,0.5472763776779175,1.2340689897537231,1.0431044614633123
3,1.69721519947052,0.547510027885437,1.2325456142425537,1.047180158966057
3,1.8194870948791504,0.5477616190910339,1.2257583141326904,1.0508873201979225
3,1.9069786071777344,0.5479521751403809,1.2177852392196655,1.0530546797908447
3,2.0285887718200684,0.5482274293899536,1.2033096551895142,1.055994064328714
3,2.116971731185913,0.5484328269958496,1.1906225681304932,1.0584174994955364
3,2.237941265106201,0.5487116575241089,1.1714911460876465,1.0625646481192117
3,2.358659505844116,0.5489783883094788,1.150828242301941,1.0688832431354187
3,2.479213237762451,0.5492203235626221,1.1292262077331543,1.0769318004421606
3,2.5996129512786865,0.5494158864021301,1.106779932975769,1.0876443329310737
3,2.7198596000671387,0.5495431423187256,1.083528995513916,1.1031971382300774
3,2.8399288654327393,0.5495542883872986,1.0593770742416382,1.1240410918565744
3,2.9598095417022705,0.5494102835655212,1.0343081951141357,1.1592949051004646
3,3.0795512199401855,0.5490865707397461,1.0085854530334473,1.2054499732096797
3,3.1990911960601807,0.5485729575157166,0.9819446802139282,1.2707882307327698
3,3.2596614360809326,0.5482459664344788,0.9681233763694763,1.3081605052483827
3,3.3787648677825928,0.5475043058395386,0.9396035671234131,1.393167527779774
3,3.4572103023529053,0.5470026731491089,0.9199424386024475,1.4500860025546511
3,3.575629472732544,0.5462329983711243,0.8887138962745667,1.5210158810804935
3,3.693403720855713,0.5454077124595642,0.8551390767097473,1.5836365030480761
3,3.8101625442504883,0.5444996356964111,0.818267285823822,1.5994352382343693
3,3.863654851913452,0.5442047715187073,0.799784243106842,1.5969135947311297
3,3.9787440299987793,0.5446303486824036,0.7586355805397034,1.5837542996865168
3,4.094172954559326,0.5470184087753296,0.7185547351837158,1.5988418651604404
3,4.211361885070801,0.5511404275894165,0.688338041305542,1.6656093215595051
3,4.291264533996582,0.5542802214622498,0.6743974685668945,1.7370019802550412
3,4.40848970413208,0.5577859282493591,0.6623526215553284,1.8575409069270499
3,4.475811958312988,0.5590436458587646,0.6587384343147278,1.9072025898663012
3,4.587346076965332,0.5593803524971008,0.655048668384552,1.9666261911742868
3,4.6989240646362305,0.5578010082244873,0.6537870168685913,1.9755413684901149
3,4.8019843101501465,0.5551087260246277,0.6552199721336365,1.9588433280839486
3,4.898194789886475,0.5519751906394958,0.6618962287902832,1.9205473648566593
3,4.992060661315918,0.548893928527832,0.6766666769981384,1.85757291187403
3,5.072265625,0.5465807914733887,0.6977522969245911,1.7792555649855237
3,5.162649154663086,0.5446639060974121,0.7315797805786133,1.6826588456825342
3,5.252126216888428,0.5434983372688293,0.7721724510192871,1.580803627284499
3,5.342345714569092,0.5431306958198547,0.8147640824317932,1.4715130735353905
3,5.409478664398193,0.543351948261261,0.8447765111923218,1.4032025808460247
3,5.50400972366333,0.5443368554115295,0.8819640874862671,1.3290665272224023
3,5.601561546325684,0.5460783243179321,0.9134942293167114,1.2709266958256296
3,5.701647758483887,0.5484715104103088,0.9397130012512207,1.2295659399195815
3,5.779831409454346,0.5506965517997742,0.9568777680397034,1.2045361379414894
3,5.851924419403076,0.5530034899711609,0.9707751870155334,1.184403913756209
3,5.954695701599121,0.556721568107605,0.9880121350288391,1.1598060111168775
3,6.057833671569824,0.5609897375106812,1.0027577877044678,1.1383789978807266
3,6.160762310028076,0.5658389329910278,1.0152748823165894,1.1181450576866736
3,6.2637434005737305,0.5713494420051575,1.0258029699325562,1.099363248131766
3,6.365879058837891,0.5775443315505981,1.0344010591506958,1.0819047630396301
3,6.46682071685791,0.584453821182251,1.0411559343338013,1.0658915273674614
3,6.566611289978027,0.5921286344528198,1.0461591482162476,1.0514891910012878
3,6.6647467613220215,0.6006152629852295,1.0493892431259155,1.0385847638877668
3,6.718569755554199,0.6057039499282837,1.0503958463668823,1.030558845037457
3,6.743566513061523,0.6081797480583191,1.050655484199524,1.0271537839384381
3,6.768328666687012,0.6107032299041748,1.0507830381393433,1.02395573778102
3,6.792942523956299,0.6132819056510925,1.0507802963256836,1.0208518029301248
3,6.817456245422363,0.6159204244613647,1.0506479740142822,1.0178176938179315
3,6.841895580291748,0.618621826171875,1.0503860712051392,1.0148425315666978
3,6.866270542144775,0.6213886141777039,1.0499942302703857,1.0118797273003957
3,6.8905205726623535,0.6242164373397827,1.0494730472564697,1.008897845410258
3,6.914758205413818,0.627119779586792,1.0488203763961792,1.006018340503683
3,6.939488887786865,0.6301617622375488,1.048018455505371,1.0031257710762218
3,6.964176654815674,0.6332799196243286,1.0470795631408691,1.0002997805190925
3,6.989233016967773,0.636528730392456,1.0459842681884766,0.9974525277113072
3,7.014200687408447,0.6398528218269348,1.044747233390808,0.9946262028034043
3,7.039073944091797,0.643251895904541,1.0433683395385742,0.9918418379345065
3,7.063846111297607,0.6467248797416687,1.041847825050354,0.9891010943220057
3,7.088512420654297,0.6502701640129089,1.0401860475540161,0.9863986173789029
3,7.113253593444824,0.6539130806922913,1.0383689403533936,0.9837153604918939
3,7.137887001037598,0.657625675201416,1.0364079475402832,0.9810595793277934
3,7.162408828735352,0.661405086517334,1.0343029499053955,0.9784124461132128
3,7.186816692352295,0.6652474999427795,1.0320534706115723,0.975814596324501
3,7.211339950561523,0.6691844463348389,1.0296387672424316,0.9732083649157993
3,7.235483169555664,0.6731315851211548,1.0271053314208984,0.970597290121573
3,7.259503364562988,0.6771228313446045,1.0244280099868774,0.9679684547148973
3,7.283509254455566,0.681167483329773,1.0215924978256226,0.965310546674317
3,7.307396411895752,0.6852381229400635,1.0186080932617188,0.962627845019206
3,7.331256866455078,0.6893402338027954,1.0154603719711304,0.9599192147735955
3,7.35499906539917,0.6934494376182556,1.0121585130691528,0.9572216233207315
3,7.3786234855651855,0.6975624561309814,1.0087016820907593,0.9545638298818101
3,7.402129173278809,0.7016865611076355,1.0050910711288452,0.9519368145062239
3,7.425642013549805,0.7058656215667725,1.001304268836975,0.9493084795245976
3,7.449028015136719,0.7101101875305176,0.9973450899124146,0.9468109499433454
3,7.4722676277160645,0.7144734263420105,0.9931577444076538,0.9448735460407462
3,7.495319366455078,0.7190592288970947,0.9886335730552673,0.9444646877359291
3,7.518128871917725,0.7240290641784668,0.9837040305137634,0.9467476612369368
3,7.540690898895264,0.7294652462005615,0.9785062670707703,0.9507706088020367
3,7.563346862792969,0.7353135943412781,0.9732516407966614,0.9528623610397534
3,7.586041450500488,0.7412468194961548,0.968265175819397,0.9513039828408835
3,7.608712673187256,0.7468624711036682,0.9637919068336487,0.9473506902819486
3,7.63154935836792,0.7519165873527527,0.9598484039306641,0.9442564804646296
3,7.654628276824951,0.7564297318458557,0.9562385678291321,0.9434863389187305
3,7.677731990814209,0.7606137990951538,0.9527557492256165,0.9444227297228711
3,7.70081090927124,0.764656662940979,0.9492893815040588,0.946199132418188
3,7.723842144012451,0.7686423659324646,0.9458054304122925,0.9483612621730247
3,7.746827125549316,0.7726047039031982,0.9422956109046936,0.9507369827443671
3,7.769903659820557,0.7765754461288452,0.9387449026107788,0.9532776035185759
3,7.792912483215332,0.7805209755897522,0.9351912140846252,0.9559628643357883
3,7.815916061401367,0.7844393253326416,0.9316433072090149,0.9587097512802825
3,7.8387532234191895,0.7882881164550781,0.9281449913978577,0.9615046096657831
3,7.861754417419434,0.7921075820922852,0.9246642589569092,0.964298263478744
3,7.884746551513672,0.7958546280860901,0.9212438464164734,0.9670418021350335
3,7.9073262214660645,0.799454391002655,0.9179539680480957,0.9696873394146113
3,7.929929733276367,0.8029696345329285,0.9147375822067261,0.9722821146442819
3,7.952614784240723,0.8064022064208984,0.9115917682647705,0.9748176984786143
3,7.975248336791992,0.8097273707389832,0.9085370898246765,0.9773040685112037
3,7.997859954833984,0.812947154045105,0.9055688381195068,0.9797287274508196
3,8.020451545715332,0.8160617351531982,0.9026837348937988,0.9820757729893448
3,8.042888641357422,0.8190550208091736,0.8998944163322449,0.9843213179000684
3,8.065311431884766,0.821948766708374,0.8971781730651855,0.9864708026314137
3,8.087785720825195,0.8247541785240173,0.8945227861404419,0.9885154477950061
3,8.110204696655273,0.8274602890014648,0.8919370770454407,0.9904721709517955
3,8.132689476013184,0.830083429813385,0.8894044160842896,0.9923049475527153
3,8.155172348022461,0.8326172828674316,0.8869305849075317,0.994026491043621
3,8.177653312683105,0.8350631594657898,0.8845145106315613,0.9956366880939186
3,8.2001371383667,0.8374224305152893,0.8821551203727722,0.9971348563090555
3,8.222637176513672,0.8396968841552734,0.8798513412475586,0.998523058413927
3,8.245126724243164,0.8418833613395691,0.8776066899299622,0.9998004647869232
3,8.267627716064453,0.8439838290214539,0.8754197955131531,1.0009682027066988
3,8.290163040161133,0.845999538898468,0.8732897043228149,1.0020278893793544
3,8.312691688537598,0.8479262590408325,0.8712213635444641,1.0029799158202686
3,8.335213661193848,0.8497632145881653,0.8692158460617065,1.0038247615613916
3,8.3577299118042,0.8515100479125977,0.8672738075256348,1.0045664436667272
3,8.380293846130371,0.8531700372695923,0.8653914928436279,1.0052012478747425
3,8.40286922454834,0.8547397255897522,0.8635728359222412,1.0057323936033469
3,8.42543888092041,0.8562175631523132,0.8618197441101074,1.006164184168472
3,8.448039054870605,0.8576058745384216,0.860129714012146,1.0065023207024046
3,8.470667839050293,0.8589038848876953,0.8585034012794495,1.0067480500458583
3,8.493326187133789,0.8601114153862,0.8569411635398865,1.0069041851300342
3,8.515942573547363,0.8612247109413147,0.8554479479789734,1.0069736159422453
3,8.538546562194824,0.8622455596923828,0.8540216088294983,1.0069599870332027
3,8.561137199401855,0.8631740808486938,0.8526622653007507,1.0068663660694022
3,8.583711624145508,0.8640105724334717,0.8513699769973755,1.0066957709453015
3,8.606266021728516,0.8647550940513611,0.8501446843147278,1.0064515415632258
3,8.628799438476562,0.8654080033302307,0.8489863872528076,1.006136735267567
3,8.651308059692383,0.8659695386886597,0.8478950262069702,1.0057542555509602
3,8.673789024353027,0.8664401173591614,0.8468705415725708,1.005307340071004
3,8.69623851776123,0.866820216178894,0.8459128141403198,1.0047990381206886
3,8.71865463256836,0.8671104311943054,0.8450215458869934,1.004232719432541
3,8.741033554077148,0.8673112988471985,0.8441965579986572,1.0036115520240596
3,8.763372421264648,0.8674236536026001,0.8434374928474426,1.0029387539686068
3,8.785667419433594,0.8674483895301819,0.842743992805481,1.002218178790617
3,8.807917594909668,0.867386519908905,0.842115581035614,1.0014532328606305
3,8.830118179321289,0.8672390580177307,0.8415517210960388,1.0006472312332584
3,8.852214813232422,0.8670079708099365,0.8410530090332031,0.9998055590978263
3,8.874255180358887,0.8666943311691284,0.8406174182891846,0.9989318614029153
3,8.896249771118164,0.8662994503974915,0.8402439951896667,0.9980296795160282
3,8.918246269226074,0.8658235669136047,0.8399314880371094,0.9971009969804321
3,8.940244674682617,0.8652677536010742,0.8396795392036438,0.9961495969990267
3,8.962244033813477,0.8646329045295715,0.8394877910614014,0.9951793086113385
3,8.984244346618652,0.8639203906059265,0.8393558263778687,0.9941940717761601
3,9.006244659423828,0.8631314039230347,0.8392832279205322,0.9931975298380613
3,9.028244018554688,0.8622673749923706,0.8392695188522339,0.9921938468287186
3,9.050246238708496,0.8613296151161194,0.8393141627311707,0.9911875870707668
3,9.072246551513672,0.8603199124336243,0.83941650390625,0.9901508136806061
3,9.094182014465332,0.8592429161071777,0.8395752310752869,0.989113865268541
3,9.116117477416992,0.858097493648529,0.8397900462150574,0.9880807364053082
3,9.138051986694336,0.8568853735923767,0.8400602340698242,0.9870543366970786
3,9.159984588623047,0.8556084632873535,0.8403850197792053,0.9860380105119609
3,9.181918144226074,0.8542685508728027,0.8407636880874634,0.9850368065177805
3,9.203847885131836,0.8528677821159363,0.8411954641342163,0.9840509445441231
3,9.225773811340332,0.8514081835746765,0.8416794538497925,0.9830824726910643
3,9.247694969177246,0.8498917818069458,0.842214822769165,0.9821327639108168
3,9.269562721252441,0.8483242988586426,0.8427993655204773,0.981198762264444
3,9.291424751281738,0.8467044830322266,0.8434334993362427,0.9802877964916334
3,9.31328010559082,0.8450345396995544,0.8441161513328552,0.9794034493747178
3,9.335127830505371,0.8433166742324829,0.8448463678359985,0.9785434469460603
3,9.356966972351074,0.8415530920028687,0.8456231951713562,0.9777085227533258
3,9.37879753112793,0.8397459387779236,0.846445620059967,0.9768990419543369
3,9.400617599487305,0.8378973603248596,0.8473125696182251,0.976115180314573
3,9.422426223754883,0.8360095620155334,0.8482230305671692,0.9753567449403951
3,9.444223403930664,0.834084689617157,0.849175751209259,0.974623523605854
3,9.466007232666016,0.8321248292922974,0.8501697182655334,0.9739151180163875
3,9.487768173217773,0.8301330208778381,0.8512032628059387,0.9732333262231327
3,9.509512901306152,0.82811039686203,0.852275550365448,0.9725746582145037
3,9.531241416931152,0.8260590434074402,0.8533854484558105,0.9719383444459273
3,9.552952766418457,0.8239808678627014,0.8545316457748413,0.9713088824109176
3,9.574610710144043,0.8218814134597778,0.855711042881012,0.9706958039415612
3,9.596253395080566,0.8197585940361023,0.8569244742393494,0.9701080648535179
3,9.617881774902344,0.8176143169403076,0.8581708073616028,0.9695451864979228
3,9.639494895935059,0.8154502511024475,0.8594486713409424,0.9690063694551632
3,9.661091804504395,0.8132680654525757,0.8607568740844727,0.968491101788564
3,9.682673454284668,0.8110694289207458,0.8620941042900085,0.9679987909036243
3,9.704238891601562,0.8088559508323669,0.8634591102600098,0.9675147045731134
3,9.725790977478027,0.8066286444664001,0.8648506999015808,0.9670441841560216
3,9.747340202331543,0.8043879866600037,0.8662683367729187,0.9665905034549324
3,9.768872261047363,0.8021366596221924,0.867709755897522,0.9661536197353541
3,9.790385246276855,0.7998761534690857,0.8691737055778503,0.965734444632056
3,9.811880111694336,0.797607958316803,0.8706588745117188,0.9653261054389931
3,9.833367347717285,0.7953321933746338,0.8721646666526794,0.9649347021922122
3,9.854844093322754,0.7930504083633423,0.8736897706985474,0.9645645091298547
3,9.876317977905273,0.790762722492218,0.8752335906028748,0.9642138026069533
3,9.89778995513916,0.7884702086448669,0.8767949342727661,0.9638826392584645
3,9.919260025024414,0.7861738204956055,0.8783726096153259,0.9635707548155601
3,9.940729141235352,0.7838744521141052,0.8799656629562378,0.9632774856050313
3,9.962197303771973,0.7815731167793274,0.8815727829933167,0.9630029125191609
3,9.983664512634277,0.7792704701423645,0.8831930160522461,0.9627472582878505
3,10.00512981414795,0.776967465877533,0.8848251700401306,0.9625108833692497
3,10.026595115661621,0.7746647596359253,0.8864682912826538,0.9622941994631926
3,10.048059463500977,0.7723632454872131,0.888121485710144,0.9620987993020458
3,10.069523811340332,0.7700636386871338,0.8897837996482849,0.9619247212517479
3,10.090987205505371,0.7677665948867798,0.8914542198181152,0.9617270571925879
3,10.11245059967041,0.7654722929000854,0.8931317925453186,0.9615451740930056
3,10.133913040161133,0.7631813287734985,0.8948156833648682,0.9613870936404825
3,10.155383110046387,0.7608934044837952,0.8965055346488953,0.9612549050274657
3,10.176923751831055,0.7586022019386292,0.8982055187225342,0.9611511821934589
3,10.198785781860352,0.7562815546989441,0.8999345898628235,0.9610789053029685
3,10.220647811889648,0.7539660930633545,0.901666522026062,0.961034612139609
3,10.243408203125,0.7515613436698914,0.9034716486930847,0.9610128565754014
3,10.267868995666504,0.7489837408065796,0.9054129719734192,0.9610197467481725
3,10.294548034667969,0.746181309223175,0.9075308442115784,0.9610626167463835
3,10.32122802734375,0.7433881759643555,0.9096484184265137,0.9611503450106789
3,10.349873542785645,0.7403998374938965,0.9119203686714172,0.9612943238369027
3,10.378520965576172,0.7374224066734314,0.9141897559165955,0.9615098602843819
3,10.408332824707031,0.7343356013298035,0.9165474772453308,0.9617537005228081
3,10.438587188720703,0.7312141060829163,0.9189349412918091,0.9620616035226959
3,10.468843460083008,0.7281036376953125,0.9213165640830994,0.9624557108314308
3,10.499200820922852,0.7249934673309326,0.9236993193626404,0.9629272252610597
3,10.529559135437012,0.7218936085700989,0.9260749220848083,0.9635199158382297
3,10.559928894042969,0.7188028693199158,0.9284439086914062,0.9641943348128407
3,10.590300559997559,0.7157213687896729,0.9308051466941833,0.9649694177255642
3,10.620674133300781,0.7126485109329224,0.9331585764884949,0.9658520576707921
3,10.651047706604004,0.7095831632614136,0.9355040788650513,0.9668194257367199
3,10.68142318725586,0.7065244317054749,0.9378418326377869,0.9679221472078556
3,10.711800575256348,0.7034714221954346,0.9401718974113464,0.9691124233559432
3,10.742177963256836,0.700422465801239,0.9424944519996643,0.970351494924691
3,10.772557258605957,0.6973767280578613,0.9448095560073853,0.9717287580761041
3,10.802936553955078,0.694333553314209,0.9471177458763123,0.9731990733929717
3,10.833316802978516,0.6912920475006104,0.9494195580482483,0.9748138020075241
3,10.863697052001953,0.6882513165473938,0.9517154097557068,0.9765301656875767
3,10.894078254699707,0.6852103471755981,0.9540061950683594,0.978357064640744
3,10.924458503723145,0.6821683645248413,0.9562926888465881,0.9803197922635296
3,10.954840660095215,0.6791245937347412,0.9585759043693542,0.9823727193258738
3,10.985221862792969,0.6760783195495605,0.960857093334198,0.9845622387068648
3,11.015602111816406,0.6730294823646545,0.9631373286247253,0.9868607522932977
3,11.04598331451416,0.6699783802032471,0.9654182195663452,0.9892487768873763
3,11.076363563537598,0.6669242978096008,0.967701256275177,0.9917089189891792
3,11.106743812561035,0.6638670563697815,0.969988226890564,0.9942469503523291
3,11.13712215423584,0.6608069539070129,0.972281277179718,0.996891090099429
3,11.167499542236328,0.6577445864677429,0.9745820760726929,0.9996163676949167
3,11.197877883911133,0.6546809077262878,0.9768933653831482,1.0024121994258834
3,11.228254318237305,0.6516170501708984,0.9792171120643616,1.0052868054558373
3,11.258631706237793,0.6485545635223389,0.9815558195114136,1.0082113502255268
3,11.289015769958496,0.6454955339431763,0.9839127063751221,1.011185573777711
3,11.319398880004883,0.6424426436424255,0.9862889647483826,1.0141830280815665
3,11.34980583190918,0.6393960118293762,0.9886897206306458,1.017210426195706
3,11.38021183013916,0.6363605856895447,0.991115152835846,1.0201933000109322
3,11.41068172454834,0.6333318948745728,0.9935730695724487,1.0231311886233525
3,11.441289901733398,0.63030606508255,0.9960726499557495,1.0260229406852572
3,11.471898078918457,0.6272999048233032,0.9986044764518738,1.0289186340247813
3,11.502753257751465,0.6242938041687012,1.0011918544769287,1.031844920435224
3,11.538878440856934,0.6208094954490662,1.0042661428451538,1.0350572303328789
3,11.575002670288086,0.617368757724762,1.0073896646499634,1.037714017625631
3,11.640457153320312,0.6112631559371948,1.0131787061691284,1.0424449187852973
3,11.705912590026855,0.6053473949432373,1.019140601158142,1.0465498770102049
3,11.777175903320312,0.5991635918617249,1.0258276462554932,1.049321333987092
3,11.806604385375977,0.5966984629631042,1.0286366939544678,1.0497472964851076
4,0.7726199626922607,-0.5097880959510803,2.2325122356414795,1.0093146193964362
4,0.8912139534950256,-0.5097911357879639,2.2392876148223877,1.0137015523409316
4,1.0119307041168213,-0.5097924470901489,2.246131181716919,1.018438174365232
4,1.132674217224121,-0.5097934603691101,2.252476930618286,1.023117309325962
4,1.254501461982727,-0.5097972750663757,2.2576253414154053,1.0278644620476127
4,1.3767845630645752,-0.5098085999488831,2.2608633041381836,1.032005270030188
4,1.4652453660964966,-0.509823739528656,2.2616653442382812,1.0349679514371746
4,1.587677001953125,-0.5098601579666138,2.260183572769165,1.0376013720356132
4,1.7100275754928589,-0.5099178552627563,2.255491018295288,1.0392586886965367
4,1.8322421312332153,-0.510001003742218,2.2476391792297363,1.039885028714857
4,1.954239010810852,-0.5101101994514465,2.236908197402954,1.0377392185444478
4,2.0759999752044678,-0.510245144367218,2.2237679958343506,1.0348535168147759
4,2.197554588317871,-0.5104031562805176,2.208793878555298,1.0297078307496113
4,2.318916082382202,-0.5105825662612915,2.192324161529541,1.0235920737984634
4,2.440124988555908,-0.5107805132865906,2.1747663021087646,1.0166946891357667
4,2.561190605163574,-0.5109962821006775,2.1562469005584717,1.0082928876980577
4,2.682121992111206,-0.5112294554710388,2.1368682384490967,0.999266457494104
4,2.802910566329956,-0.5114810466766357,2.1166210174560547,0.988766502948959
4,2.9235384464263916,-0.5117524266242981,2.09543776512146,0.9761937349469308
4,3.043977975845337,-0.5120463967323303,2.0732085704803467,0.9621378174471374
4,3.1641931533813477,-0.5123671889305115,2.049797296524048,0.9424969162015583
4,3.2841315269470215,-0.5127217173576355,2.025008201599121,0.9198393120922411
4,3.4037485122680664,-0.5131255388259888,1.998713493347168,0.8907670490415144
4,3.523005723953247,-0.5135942101478577,1.9708322286605835,0.8558889431713017
4,3.6420111656188965,-0.5141551494598389,1.9418962001800537,0.8160089027884364
4,3.7609570026397705,-0.5148332715034485,1.9127185344696045,0.7719837445287233
4,3.8779165744781494,-0.5156438946723938,1.885228157043457,0.7261058858134593
4,3.997736692428589,-0.5166730880737305,1.8611235618591309,0.6811423699147252
4,4.065484046936035,-0.5173627138137817,1.850244402885437,0.6580653466888498
4,4.1859846115112305,-0.5188276767730713,1.8382436037063599,0.6341685553678477
4,4.307065486907959,-0.5206252336502075,1.837135672569275,0.6290235000566224
4,4.424535751342773,-0.5226193070411682,1.8465068340301514,0.6425359149943112
4,4.541041374206543,-0.5247508883476257,1.8643194437026978,0.6729671133303703
4,4.650326251983643,-0.5268017053604126,1.8865717649459839,0.706205280514899
4,4.750730037689209,-0.5286825299263,1.9098141193389893,0.7388683159545524
4,4.850823402404785,-0.5305446982383728,1.9343675374984741,0.7708448269152643
4,4.943175792694092,-0.5322484970092773,1.9573556184768677,0.7982105844196904
4,5.030540466308594,-0.5338452458381653,1.9788810014724731,0.8214225373818782
4,5.115660667419434,-0.5353931188583374,1.9993343353271484,0.8407365630681294
4,5.2001633644104,-0.536931037902832,2.018988847732544,0.8563366723089487
4,5.284660816192627,-0.5384816527366638,2.037966728210449,0.8677360164994368
4,5.369289398193359,-0.5400606989860535,2.0563504695892334,0.8759491986072151
4,5.45505952835083,-0.5417028665542603,2.074413776397705,0.8807410777393211
4,5.544569492340088,-0.5434756278991699,2.0926835536956787,0.8822277927894194
4,5.638025283813477,-0.54539555311203,2.1111769676208496,0.880236149444577
4,5.735144138336182,-0.547467052936554,2.1298370361328125,0.8738759803309377
4,5.83235502243042,-0.5496264696121216,2.1479978561401367,0.8618599961415012
4,5.932782173156738,-0.5519658327102661,2.1662378311157227,0.8430934137039401
4,6.035506725311279,-0.5544987916946411,2.184342622756958,0.8164356387576086
4,6.139647960662842,-0.5572702884674072,2.2021071910858154,0.7793224223673043
4,6.243924140930176,-0.5602743029594421,2.2190182209014893,0.718598713827989
4,6.319582939147949,-0.5628149509429932,2.230619430541992,0.6530001023625647
4,6.4255266189575195,-0.5691770911216736,2.2464241981506348,0.5280756281789506
4,6.500581741333008,-0.5879099369049072,2.2629337310791016,0.4186662823046522
4,6.522946357727051,-0.5994741320610046,2.270294666290283,0.3996467541111608
4,6.54306173324585,-0.6139014959335327,2.2785000801086426,0.39687885863634265
4,6.5598859786987305,-0.6324931979179382,2.288292407989502,0.42843938503228574
4,6.5650506019592285,-0.6401079893112183,2.2921531200408936,0.44286279865605405
4,6.567938804626465,-0.6447944045066833,2.2945210933685303,0.45443594506837814
4,6.58030366897583,-0.6680001020431519,2.30619215965271,0.5017203051257704
4,6.590925216674805,-0.6915455460548401,2.3180739879608154,0.5466317394548423
4,6.609279632568359,-0.7384188771247864,2.3414697647094727,0.6235121164785629
4,6.621726989746094,-0.772322952747345,2.357933759689331,0.668674891544999
4,6.627120494842529,-0.7867055535316467,2.3648369312286377,0.6862205716172595
4,6.634456634521484,-0.8047136068344116,2.3733768463134766,0.675089170505226
4,6.6360368728637695,-0.8087590336799622,2.3753256797790527,0.722977846731153
4,6.657392501831055,-0.8592371344566345,2.400045156478882,0.7911339101998046
4,6.679449558258057,-0.9035269021987915,2.4220798015594482,0.8489832747837892
4,6.691991806030273,-0.9258933663368225,2.4334468841552734,0.8777097816149173
4,6.705164909362793,-0.9474843144416809,2.4446535110473633,0.9065857729944937
4,6.719096660614014,-0.9686045050621033,2.4558393955230713,0.9351436647208656
4,6.7337188720703125,-0.9891164302825928,2.4669511318206787,0.9622143359676916
4,6.749307155609131,-1.009377360343933,2.4781925678253174,0.9864611272796244
4,6.765366077423096,-1.0287437438964844,2.489198684692383,1.010547759240602
4,6.782041549682617,-1.047475814819336,2.5001220703125,1.0330825661805965
4,6.799409866333008,-1.065629243850708,2.5109920501708984,1.0540234205425127
4,6.8173933029174805,-1.0831563472747803,2.5217761993408203,1.074548869965646
4,6.836012363433838,-1.1000866889953613,2.5324923992156982,1.0930696572139176
4,6.855202674865723,-1.1163914203643799,2.5431108474731445,1.1109765449981417
4,6.874992370605469,-1.132104516029358,2.553644895553589,1.1275701675396108
4,6.895287036895752,-1.1471713781356812,2.5640571117401123,1.1437424000365362
4,6.916084289550781,-1.1616188287734985,2.5743446350097656,1.1584498835401944
4,6.937366008758545,-1.1754478216171265,2.584502935409546,1.1728744819414985
4,6.959048748016357,-1.1886391639709473,2.5944995880126953,1.1857651673066036
4,6.9811906814575195,-1.2012404203414917,2.604356527328491,1.1982659215094362
4,7.003671646118164,-1.21321439743042,2.6140291690826416,1.209514688420728
4,7.026554584503174,-1.2246102094650269,2.623539924621582,1.2201016047145754
4,7.049774169921875,-1.2354193925857544,2.632864475250244,1.2297306604456426
4,7.0732502937316895,-1.2456272840499878,2.6419734954833984,1.2382818689339572
4,7.097048759460449,-1.2552859783172607,2.650890350341797,1.246234478670869
4,7.121047019958496,-1.2643675804138184,2.6595757007598877,1.253224524852225
4,7.145317077636719,-1.272923231124878,2.6680538654327393,1.2594819971679192
4,7.169805526733398,-1.280956745147705,2.6763086318969727,1.2649959777547497
4,7.194419860839844,-1.2884587049484253,2.6843135356903076,1.2694432068065808
4,7.219237327575684,-1.2954782247543335,2.692094087600708,1.2733437374789953
4,7.244211196899414,-1.302025318145752,2.6996400356292725,1.2767883418234904
4,7.269244194030762,-1.3080949783325195,2.7069249153137207,1.2789163295047639
4,7.294419288635254,-1.3137315511703491,2.713975191116333,1.280498420118819
4,7.319698333740234,-1.318948745727539,2.7207846641540527,1.2817229674710475
4,7.345064163208008,-1.3237656354904175,2.7273523807525635,1.2822179529510083
4,7.37052059173584,-1.3282057046890259,2.733682155609131,1.2817600830608504
4,7.395946025848389,-1.3322670459747314,2.739746332168579,1.2808004771711243
4,7.421354293823242,-1.3359732627868652,2.7455523014068604,1.2793754316867205
4,7.447408676147461,-1.3394393920898438,2.7512521743774414,1.2770370053379625
4,7.473134517669678,-1.3425567150115967,2.7566347122192383,1.2742529331326418
4,7.498172760009766,-1.3453141450881958,2.7616400718688965,1.2711017928659034
4,7.522845268249512,-1.3477795124053955,2.7663486003875732,1.267589282150895
4,7.548454284667969,-1.3501056432724,2.77101469039917,1.2633474270306186
4,7.573954105377197,-1.3522052764892578,2.7754390239715576,1.2584444575760731
4,7.599429607391357,-1.3541072607040405,2.7796428203582764,1.2531019642862136
4,7.624871253967285,-1.3558326959609985,2.78363299369812,1.2472931173258932
4,7.650187969207764,-1.3573979139328003,2.787405252456665,1.2409279387949215
4,7.675457954406738,-1.3588303327560425,2.7909817695617676,1.2340401817323825
4,7.701349258422852,-1.3601902723312378,2.7944676876068115,1.2264682684239483
4,7.7271552085876465,-1.3614556789398193,2.7977705001831055,1.2180777695462046
4,7.75286865234375,-1.3626487255096436,2.800905227661133,1.2087611131619933
4,7.7770304679870605,-1.3637219667434692,2.803708553314209,1.1995466398032735
4,7.802484035491943,-1.3648239374160767,2.8065192699432373,1.1890051714246404
4,7.827886581420898,-1.3659064769744873,2.8091542720794678,1.1770544120563757
4,7.853238582611084,-1.3669750690460205,2.811568021774292,1.1631685143878119
4,7.878464698791504,-1.3680295944213867,2.813668727874756,1.1462484300506042
4,7.903626441955566,-1.3690863847732544,2.815298318862915,1.1244940395282685
4,7.928741455078125,-1.3701533079147339,2.8161823749542236,1.0987292304348593
4,7.9537882804870605,-1.3711823225021362,2.8160533905029297,1.0748720956189808
4,7.978733539581299,-1.3720754384994507,2.8150205612182617,1.0597956392830232
4,8.003578186035156,-1.3727811574935913,2.8136098384857178,1.0535569531792535
4,8.028345108032227,-1.3732891082763672,2.8123366832733154,1.0514593189104742
4,8.053041458129883,-1.3735431432724,2.811491012573242,1.0513671884583227
4,8.077658653259277,-1.3735315799713135,2.8111720085144043,1.0522039682908892
4,8.102087020874023,-1.3733396530151367,2.8112778663635254,1.05159308990791
4,8.126416206359863,-1.3730666637420654,2.811614513397217,1.0488856379540084
4,8.15064525604248,-1.3727797269821167,2.812023162841797,1.0445412132654326
4,8.17477798461914,-1.3725214004516602,2.8123939037323,1.0386857915154675
4,8.198816299438477,-1.3723231554031372,2.812633752822876,1.0313444638358327
4,8.222772598266602,-1.3722107410430908,2.812654495239258,1.0228401723834817
4,8.246642112731934,-1.3721989393234253,2.8123857975006104,1.0137399682431927
4,8.270421028137207,-1.372281551361084,2.811802864074707,1.0048644614939601
4,8.294105529785156,-1.3724290132522583,2.810947895050049,0.997000601582515
4,8.317697525024414,-1.372600793838501,2.8099124431610107,0.9905489038825299
4,8.341219902038574,-1.3727606534957886,2.808789014816284,0.985495060005072
4,8.364655494689941,-1.372886300086975,2.8076424598693848,0.9816106564044773
4,8.387922286987305,-1.3729681968688965,2.8065097332000732,0.9786205979279192
4,8.411145210266113,-1.373008370399475,2.805398941040039,0.9763135270794432
4,8.434304237365723,-1.3730158805847168,2.804314613342285,0.9745084667504577
4,8.457367897033691,-1.3730058670043945,2.803255558013916,0.9729913181048053
4,8.480345726013184,-1.372996211051941,2.802213430404663,0.9715754288696933
4,8.503240585327148,-1.3730052709579468,2.8011770248413086,0.9701256263829998
4,8.526049613952637,-1.373049259185791,2.8001339435577393,0.9685647883839473
4,8.548772811889648,-1.3731402158737183,2.7990713119506836,0.9668844979658044
4,8.571410179138184,-1.373284935951233,2.7979774475097656,0.965129066855748
4,8.593961715698242,-1.3734827041625977,2.796844005584717,0.9633764236242368
4,8.616427421569824,-1.3737269639968872,2.795666217803955,0.9617100262869059
4,8.638806343078613,-1.3740078210830688,2.794442653656006,0.9601947680907705
4,8.661100387573242,-1.3743150234222412,2.7931747436523438,0.9588665935510425
4,8.683309555053711,-1.3746402263641357,2.791865348815918,0.9577353816081664
4,8.70543384552002,-1.3749783039093018,2.7905170917510986,0.9567929183989289
4,8.7274751663208,-1.3753269910812378,2.789132833480835,0.9560308198758409
4,8.749472618103027,-1.375686764717102,2.7877116203308105,0.9554365420833402
4,8.771388053894043,-1.3760583400726318,2.786257743835449,0.9549569430119084
4,8.793222427368164,-1.3764432668685913,2.784771203994751,0.9545658755405563
4,8.814974784851074,-1.376842975616455,2.783252239227295,0.9542392954379036
4,8.836647987365723,-1.3772578239440918,2.7816996574401855,0.9539563892817869
4,8.85825252532959,-1.3776870965957642,2.780111789703369,0.9536994267760952
4,8.879837989807129,-1.3781301975250244,2.7784833908081055,0.95345359051653
4,8.901419639587402,-1.3785847425460815,2.7768118381500244,0.9532079580595048
4,8.92299747467041,-1.3790475130081177,2.7750954627990723,0.9529533852643916
4,8.944570541381836,-1.3795156478881836,2.7733328342437744,0.9526843706879512
4,8.966140747070312,-1.3799861669540405,2.7715229988098145,0.9523986115378823
4,8.987706184387207,-1.380456566810608,2.7696645259857178,0.9520926422443611
4,9.009267807006836,-1.3809247016906738,2.7677571773529053,0.9517622925913873
4,9.030824661254883,-1.381388783454895,2.7657995223999023,0.9514029449205221
4,9.052376747131348,-1.3818475008010864,2.763791084289551,0.9510214738769885
4,9.07392406463623,-1.3822996616363525,2.7617311477661133,0.9506057643244351
4,9.095466613769531,-1.3827439546585083,2.7596192359924316,0.9501363413289604
4,9.117005348205566,-1.383179783821106,2.7574543952941895,0.9496130556259446
4,9.138537406921387,-1.3836058378219604,2.7552359104156494,0.9490304882361874
4,9.160063743591309,-1.3840214014053345,2.7529635429382324,0.9483838766403946
4,9.181585311889648,-1.384425163269043,2.750636339187622,0.9476687591825625
4,9.20310115814209,-1.38481605052948,2.748253583908081,0.9468813174292408
4,9.224611282348633,-1.385193109512329,2.745814800262451,0.9460165157302599
4,9.246114730834961,-1.3855551481246948,2.743319511413574,0.9450601022141396
4,9.267611503601074,-1.3859010934829712,2.740767002105713,0.9440220253522762
4,9.289101600646973,-1.3862298727035522,2.738156795501709,0.942919654639695
4,9.310585021972656,-1.3865402936935425,2.7354888916015625,0.941740896277474
4,9.332060813903809,-1.3868314027786255,2.7327628135681152,0.9404765804371696
4,9.353530883789062,-1.3871021270751953,2.729978084564209,0.939125873354739
4,9.374992370605469,-1.387351632118225,2.727134943008423,0.9376879410333622
4,9.396446228027344,-1.3875792026519775,2.7242331504821777,0.9361477320394206
4,9.417892456054688,-1.3877837657928467,2.7212724685668945,0.9345196620975644
4,9.4393310546875,-1.3879647254943848,2.7182533740997314,0.9328033534099157
4,9.460761070251465,-1.3881213665008545,2.7151758670806885,0.9309985923081537
4,9.482183456420898,-1.3882527351379395,2.7120401859283447,0.9291362865528993
4,9.503596305847168,-1.3883581161499023,2.7088472843170166,0.9271877232966719
4,9.525001525878906,-1.388437032699585,2.705597400665283,0.9251509327782599
4,9.546398162841797,-1.3884886503219604,2.702291250228882,0.9230121752797749
4,9.56778621673584,-1.388512372970581,2.6989293098449707,0.9207851031657562
4,9.589165687561035,-1.3885078430175781,2.695512294769287,0.918469500276697
4,9.610535621643066,-1.388474464416504,2.6920409202575684,0.9160648807265283
4,9.631897926330566,-1.3884116411209106,2.688516139984131,0.9135870032200188
4,9.653250694274902,-1.388318657875061,2.68493914604187,0.9110425062667951
4,9.67459487915039,-1.3881951570510864,2.6813111305236816,0.908407091055502
4,9.695930480957031,-1.3880404233932495,2.677633047103882,0.9056692633984086
4,9.717256546020508,-1.3878542184829712,2.673905849456787,0.9028405056990474
4,9.738574981689453,-1.3876359462738037,2.670130968093872,0.8999194960177421
4,9.759883880615234,-1.3873848915100098,2.666309356689453,0.896905237360568
4,9.781184196472168,-1.3871008157730103,2.662442684173584,0.8938263908872338
4,9.80247688293457,-1.3867830038070679,2.6585326194763184,0.8906685481153074
4,9.823760986328125,-1.3864307403564453,2.6545803546905518,0.8874105051848793
4,9.845036506652832,-1.386043667793274,2.650587558746338,0.8840462947532945
4,9.866304397583008,-1.3856210708618164,2.6465556621551514,0.8805838262376741
4,9.887563705444336,-1.385162353515625,2.642486333847046,0.8770219222503662
4,9.908815383911133,-1.3846668004989624,2.638381004333496,0.8733795049908065
4,9.930060386657715,-1.3841339349746704,2.634242296218872,0.8696675763645662
4,9.951297760009766,-1.3835629224777222,2.6300716400146484,0.8658542064597297
4,9.972528457641602,-1.38295316696167,2.625871419906616,0.8619288310555256
4,9.993752479553223,-1.3823038339614868,2.62164306640625,0.857894888091167
4,10.014969825744629,-1.381614327430725,2.617388963699341,0.8537571596528989
4,10.036181449890137,-1.3808839321136475,2.6131110191345215,0.849540506913302
4,10.05738639831543,-1.3801120519638062,2.608812093734741,0.8452523848689213
4,10.07858657836914,-1.3792977333068848,2.604494571685791,0.8408611659575491
4,10.09978199005127,-1.3784406185150146,2.600160598754883,0.8363664048090655
4,10.120972633361816,-1.377539873123169,2.5958127975463867,0.8317561927307933
4,10.142158508300781,-1.3765949010849,2.5914535522460938,0.8270406191855887
4,10.163348197937012,-1.3756047487258911,2.5870840549468994,0.822251134237138
4,10.184602737426758,-1.374565601348877,2.5826945304870605,0.8173399796720774
4,10.206171989440918,-1.3734633922576904,2.5782365798950195,0.8122292156397802
4,10.22862434387207,-1.3722648620605469,2.5735957622528076,0.8068014741537671
4,10.251073837280273,-1.37101411819458,2.568958044052124,0.8013033725813282
4,10.275198936462402,-1.3696116209030151,2.563981294631958,0.795352376863997
4,10.301509857177734,-1.3680139780044556,2.558567523956299,0.7888643546084104
4,10.32781982421875,-1.3663450479507446,2.5531740188598633,0.7822808704288603
4,10.35606861114502,-1.3644744157791138,2.547412395477295,0.7751308018879571
4,10.385466575622559,-1.3624415397644043,2.5414583683013916,0.7675606659305761
4,10.414867401123047,-1.360321283340454,2.5355541706085205,0.7599717403322456
4,10.444711685180664,-1.3580821752548218,2.5296263694763184,0.752205938358125
4,10.474562644958496,-1.3557565212249756,2.5237715244293213,0.7443745539539922
4,10.504521369934082,-1.3533393144607544,2.5179831981658936,0.7364778314848175
4,10.534502029418945,-1.3508411645889282,2.5122900009155273,0.7286452512455606
4,10.564496994018555,-1.3482666015625,2.5067050457000732,0.7208806335563035
4,10.594508171081543,-1.3456218242645264,2.501241683959961,0.7131470618805348
4,10.624536514282227,-1.342911720275879,2.4959092140197754,0.7055056880774965
4,10.654584884643555,-1.3401429653167725,2.4907193183898926,0.697904737460014
4,10.684654235839844,-1.3373231887817383,2.4856834411621094,0.6905255394618866
4,10.714747428894043,-1.3344589471817017,2.4808123111724854,0.6832571025378968
4,10.744864463806152,-1.3315598964691162,2.476118564605713,0.6761003341368834
4,10.775008201599121,-1.328633427619934,2.471611976623535,0.669143460044154
4,10.805179595947266,-1.3256893157958984,2.4673047065734863,0.6622977930202684
4,10.835378646850586,-1.3227381706237793,2.463207721710205,0.6557382475952337
4,10.865607261657715,-1.319789171218872,2.459332227706909,0.649413745356503
4,10.895866394042969,-1.3168542385101318,2.455688714981079,0.6432812442293877
4,10.926155090332031,-1.3139429092407227,2.4522864818573,0.6374631606023455
4,10.956475257873535,-1.3110663890838623,2.449134349822998,0.6318329913199342
4,10.986824989318848,-1.3082363605499268,2.4462411403656006,0.6265301659790931
4,11.017204284667969,-1.3054628372192383,2.4436137676239014,0.621506913742414
4,11.047612190246582,-1.302757978439331,2.4412593841552734,0.6167338624919793
4,11.078046798706055,-1.300131916999817,2.439182996749878,0.6123907768492236
4,11.108508110046387,-1.2975956201553345,2.437389373779297,0.6083368923821477
4,11.138991355895996,-1.2951606512069702,2.4358816146850586,0.6046500781093196
4,11.1694974899292,-1.2928357124328613,2.434661626815796,0.6013094724882921
4,11.20002269744873,-1.2906310558319092,2.433729648590088,0.5982319865069683
4,11.230566024780273,-1.2885551452636719,2.4330852031707764,0.5956210368175
4,11.261122703552246,-1.2866158485412598,2.4327268600463867,0.5932766479763664
4,11.291698455810547,-1.2848210334777832,2.432650089263916,0.5912840972356865
4,11.322281837463379,-1.283177137374878,2.432851552963257,0.5896632292825545
4,11.35289478302002,-1.2816898822784424,2.4333245754241943,0.588303113989272
4,11.383576393127441,-1.280363917350769,2.43406343460083,0.5873541106114231
4,11.414257049560547,-1.279207468032837,2.435059070587158,0.5866705555523397
4,11.445075035095215,-1.278222680091858,2.436305284500122,0.5862714894040175
4,11.4758882522583,-1.2774181365966797,2.43778657913208,0.586221654435261
4,11.506943702697754,-1.276792049407959,2.439502477645874,0.5864060996959927
4,11.543292045593262,-1.2762699127197266,2.441755771636963,0.587090336509896
4,11.579627990722656,-1.2759648561477661,2.444244861602783,0.5881330114166015
4,11.64543342590332,-1.2758885622024536,2.449205160140991,0.5903832641453803
4,11.711193084716797,-1.2764148712158203,2.4547204971313477,0.5935137980200467
4,11.782727241516113,-1.2775943279266357,2.4612619876861572,0.5978566345787911
4,11.911877632141113,-1.2809699773788452,2.4740991592407227,0.607376632513245
4,11.98154354095459,-1.2834028005599976,2.481520175933838,0.6129063558367521
5,0.8986621499061584,-1.4693315029144287,1.8868848085403442,1.0151982275837474
5,1.0192593336105347,-1.4694087505340576,1.895584225654602,1.021169891157393
5,1.118668556213379,-1.469478726387024,1.9025044441223145,1.0259941470684697
5,1.240385890007019,-1.4695788621902466,1.9098024368286133,1.0319237128320218
5,1.3622022867202759,-1.4697047472000122,1.9151554107666016,1.0374495723177113
5,1.484108805656433,-1.4698700904846191,1.917714238166809,1.04272262161218
5,1.6065436601638794,-1.4700939655303955,1.916723608970642,1.0470359472381654
5,1.7288869619369507,-1.4703855514526367,1.9118916988372803,1.0498319648790042
5,1.8510408401489258,-1.4707568883895874,1.9031791687011719,1.0523510144199564
5,1.9729070663452148,-1.471207857131958,1.891032338142395,1.0511458412538788
5,2.0944433212280273,-1.4717375040054321,1.8759361505508423,1.0493318937969325
5,2.215691328048706,-1.4723365306854248,1.8586654663085938,1.0455478364824113
5,2.3366658687591553,-1.472999930381775,1.839572548866272,1.0403759902454075
5,2.4574198722839355,-1.473717451095581,1.8191322088241577,1.0347933506612845
5,2.577951192855835,-1.4744844436645508,1.7974188327789307,1.0276839249345227
5,2.698245048522949,-1.4752967357635498,1.774428367614746,1.0199477738257312
5,2.8182404041290283,-1.476150631904602,1.749930500984192,1.0110953519627905
5,2.937859535217285,-1.477042555809021,1.7236615419387817,1.0000373628770367
5,3.0569710731506348,-1.4779621362686157,1.6951817274093628,0.988943030767978
5,3.1754143238067627,-1.4788907766342163,1.6640433073043823,0.9726656607058174
5,3.2929766178131104,-1.479797601699829,1.6297324895858765,0.9547554089510369
5,3.4094326496124268,-1.4806194305419922,1.5918389558792114,0.9333977867011052
5,3.5244781970977783,-1.4812958240509033,1.5498557090759277,0.9046764157681091
5,3.6379101276397705,-1.4818142652511597,1.5036929845809937,0.8782126137231901
5,3.721806049346924,-1.482064962387085,1.4664804935455322,0.853116184192837
5,3.832582473754883,-1.4824060201644897,1.4142998456954956,0.8268463158927245
5,3.880182981491089,-1.4824738502502441,1.3910956382751465,0.8176766562443809
5,3.9903464317321777,-1.483061671257019,1.3381329774856567,0.7918781325275119
5,4.051531791687012,-1.4836058616638184,1.3095287084579468,0.7887462566831126
5,4.162712574005127,-1.4853920936584473,1.2614809274673462,0.7736093598998783
5,4.239565372467041,-1.4876846075057983,1.2314401865005493,0.7623337907361424
5,4.310498237609863,-1.4905109405517578,1.2064698934555054,0.7579092710117691
5,4.423207759857178,-1.4963788986206055,1.1724401712417603,0.7359232586386582
5,4.4915947914123535,-1.5008248090744019,1.1550871133804321,0.7147551866323412
5,4.60084342956543,-1.5090233087539673,1.1342222690582275,0.6721778247513204
5,4.663694381713867,-1.5144901275634766,1.1271368265151978,0.6525956827987307
5,4.766127586364746,-1.5250095129013062,1.1275722980499268,0.6153745259095744
5,4.840923309326172,-1.5340807437896729,1.1405889987945557,0.6157674493709627
5,4.8874688148498535,-1.540224552154541,1.1550734043121338,0.6307046420967334
5,4.969527244567871,-1.5509268045425415,1.190315842628479,0.700278624902108
5,5.006079196929932,-1.555352807044983,1.2091864347457886,0.7362279812613324
5,5.082614898681641,-1.5633012056350708,1.2509591579437256,0.8155415314131274
5,5.159527778625488,-1.5697985887527466,1.2922836542129517,0.8849417321346299
5,5.212051868438721,-1.5735851526260376,1.3186789751052856,0.9237929508781152
5,5.290640830993652,-1.5786150693893433,1.3547306060791016,0.9682313278806968
5,5.370725154876709,-1.583296537399292,1.3873777389526367,1.0000871079168416
5,5.452080726623535,-1.587875247001648,1.416691780090332,1.022254642192133
5,5.534468173980713,-1.5925405025482178,1.4429551362991333,1.03736837262724
5,5.617652893066406,-1.5974197387695312,1.4665340185165405,1.0483690602993714
5,5.701459884643555,-1.6026029586791992,1.4877243041992188,1.0554462818989918
5,5.78575325012207,-1.6081634759902954,1.5067819356918335,1.0592475386391274
5,5.870421886444092,-1.6141639947891235,1.5239514112472534,1.0615757037985398
5,5.95536994934082,-1.6206605434417725,1.539463758468628,1.062979527272861
5,6.040517807006836,-1.6277064085006714,1.553507685661316,1.0640956530607557
5,6.125830173492432,-1.6353557109832764,1.566219449043274,1.065020888156409
5,6.211907386779785,-1.643725872039795,1.5777840614318848,1.0661881319490996
5,6.299405574798584,-1.652944803237915,1.5883581638336182,1.0678667600382603
5,6.38808536529541,-1.663050651550293,1.597947597503662,1.0704446364300224
5,6.476783752441406,-1.6739716529846191,1.6064099073410034,1.0748612990577129
5,6.501152038574219,-1.6771076917648315,1.6085377931594849,1.0761033929300394
5,6.523812294006348,-1.6800787448883057,1.610440731048584,1.077328049397946
5,6.546429634094238,-1.6830971240997314,1.6122682094573975,1.078646947634943
5,6.5690717697143555,-1.686171531677246,1.6140269041061401,1.0800659165510431
5,6.591776371002197,-1.6893068552017212,1.6157206296920776,1.0815831850290276
5,6.614560127258301,-1.6925054788589478,1.6173516511917114,1.0831958542776015
5,6.637434005737305,-1.6957688331604004,1.6189215183258057,1.0849039474770212
5,6.660390853881836,-1.699095606803894,1.620430827140808,1.0867099410392693
5,6.683343887329102,-1.7024726867675781,1.6218751668930054,1.0885958884152782
5,6.706177711486816,-1.7058813571929932,1.6232497692108154,1.0905521842063162
5,6.729085445404053,-1.7093491554260254,1.6245685815811157,1.0925971301924813
5,6.752062797546387,-1.7128746509552002,1.6258330345153809,1.0947285967356288
5,6.775104522705078,-1.7164560556411743,1.6270447969436646,1.0969443902676081
5,6.798206806182861,-1.720091700553894,1.6282055377960205,1.099241665682563
5,6.821363925933838,-1.723779559135437,1.6293166875839233,1.1016176089860696
5,6.844571113586426,-1.727518081665039,1.6303800344467163,1.104057831291071
5,6.867635726928711,-1.7312744855880737,1.631388545036316,1.106546277304534
5,6.890695571899414,-1.735069751739502,1.6323509216308594,1.1091007282199192
5,6.913798809051514,-1.73891019821167,1.6332708597183228,1.1117177589852394
5,6.936940670013428,-1.7427939176559448,1.6341501474380493,1.1143932059858825
5,6.960116386413574,-1.7467188835144043,1.6349903345108032,1.1171233739806654
5,6.9833221435546875,-1.7506831884384155,1.6357930898666382,1.119901958584156
5,7.006373882293701,-1.754653811454773,1.6365536451339722,1.1226949893894884
5,7.029448509216309,-1.7586597204208374,1.6372801065444946,1.125533156107436
5,7.052543640136719,-1.7626992464065552,1.6379740238189697,1.1284144998189023
5,7.075654983520508,-1.766770601272583,1.638636827468872,1.1313382115258188
5,7.098784923553467,-1.770872950553894,1.6392701864242554,1.134305207779546
5,7.121930122375488,-1.7750048637390137,1.6398756504058838,1.1373197517000202
5,7.144894599914551,-1.7791301012039185,1.6404497623443604,1.1403470070189885
5,7.167872428894043,-1.7832826375961304,1.6409986019134521,1.1434314888623005
5,7.190860748291016,-1.787461280822754,1.6415234804153442,1.1465831564265954
5,7.213854789733887,-1.7916643619537354,1.6420255899429321,1.1498149249222789
5,7.236859321594238,-1.7958921194076538,1.6425063610076904,1.153142934722639
5,7.259863376617432,-1.800141453742981,1.642966628074646,1.156582481456676
5,7.282695770263672,-1.8043798208236694,1.6434040069580078,1.160097155858144
5,7.305522918701172,-1.8086366653442383,1.6438229084014893,1.1637437121731022
5,7.328341960906982,-1.812909483909607,1.6442242860794067,1.167533513432215
5,7.351149559020996,-1.817194938659668,1.6446096897125244,1.1714778853027448
5,7.37394380569458,-1.8214887380599976,1.644980549812317,1.175587778095604
5,7.396722793579102,-1.8257856369018555,1.645338535308838,1.1798589296476916
5,7.419329643249512,-1.8300511837005615,1.6456825733184814,1.1842211477913958
5,7.441920280456543,-1.8343082666397095,1.6460167169570923,1.1888404624705011
5,7.464512825012207,-1.8385528326034546,1.646343469619751,1.1935113086789633
5,7.487491130828857,-1.8428466320037842,1.6466702222824097,1.198441834674669
5,7.510307312011719,-1.8470760583877563,1.6469916105270386,1.203393362664188
5,7.532922267913818,-1.8512226343154907,1.6473098993301392,1.2082197392726264
5,7.555199146270752,-1.8552532196044922,1.647626280784607,1.2128486188884713
5,7.577288627624512,-1.8591877222061157,1.6479462385177612,1.2169925776438375
5,7.599696636199951,-1.8631103038787842,1.6482810974121094,1.2205959129763564
5,7.622095108032227,-1.866960883140564,1.648629903793335,1.2235763490727307
5,7.644484996795654,-1.8707423210144043,1.6489956378936768,1.2259533351061642
5,7.666865825653076,-1.8744574785232544,1.6493803262710571,1.2278571550234547
5,7.689235210418701,-1.8781094551086426,1.6497849225997925,1.2295012939164391
5,7.711455345153809,-1.8816819190979004,1.650207281112671,1.2308757606025154
5,7.733659744262695,-1.8852043151855469,1.6506487131118774,1.2321207961917313
5,7.755870342254639,-1.8886871337890625,1.6511080265045166,1.2333894387891111
5,7.7780609130859375,-1.89213228225708,1.651581883430481,1.2348201828145786
5,7.80021858215332,-1.8955410718917847,1.6520678997039795,1.2364759020361764
5,7.822353363037109,-1.8989160060882568,1.6525640487670898,1.238386341238124
5,7.844970226287842,-1.9023317098617554,1.653080701828003,1.2405741190863633
5,7.867539882659912,-1.905704140663147,1.6536060571670532,1.2429266841297026
5,7.89005708694458,-1.9090286493301392,1.6541401147842407,1.2454270632125108
5,7.9125142097473145,-1.9122974872589111,1.6546834707260132,1.2480505442302958
5,7.935042381286621,-1.9155235290527344,1.6552406549453735,1.250705154550102
5,7.95756721496582,-1.9186888933181763,1.6558120250701904,1.2533411429859571
5,7.980086326599121,-1.9217872619628906,1.6563998460769653,1.255891009805744
5,8.002614974975586,-1.9248151779174805,1.657007098197937,1.2582947185043285
5,8.025135040283203,-1.9277665615081787,1.6576364040374756,1.2604563609017128
5,8.047515869140625,-1.9306221008300781,1.658286690711975,1.2624028072424984
5,8.069883346557617,-1.9333966970443726,1.6589630842208862,1.2641517478187954
5,8.092235565185547,-1.9360884428024292,1.6596665382385254,1.265713648340332
5,8.114570617675781,-1.9386965036392212,1.6603970527648926,1.2671053353323316
5,8.136886596679688,-1.9412195682525635,1.6611539125442505,1.2683469021392415
5,8.159181594848633,-1.9436566829681396,1.6619354486465454,1.2694590795580514
5,8.181452751159668,-1.9460057020187378,1.6627395153045654,1.2704601389193253
5,8.203699111938477,-1.948264241218567,1.6635633707046509,1.2713647153394774
5,8.225916862487793,-1.9504289627075195,1.664404273033142,1.2721625128514387
5,8.248021125793457,-1.9524885416030884,1.6652568578720093,1.2728036993380452
5,8.269954681396484,-1.954435110092163,1.66611647605896,1.2733370843646727
5,8.291857719421387,-1.956277847290039,1.6669859886169434,1.2737567621808903
5,8.313728332519531,-1.9580121040344238,1.6678624153137207,1.2740432957555574
5,8.335564613342285,-1.9596338272094727,1.66874361038208,1.2741747166498234
5,8.357365608215332,-1.9611395597457886,1.6696268320083618,1.2741270889321017
5,8.379127502441406,-1.9625262022018433,1.6705100536346436,1.2738774246231692
5,8.400850296020508,-1.963792324066162,1.6713907718658447,1.2734037645477472
5,8.422532081604004,-1.9649372100830078,1.6722668409347534,1.2726417455334786
5,8.444220542907715,-1.9659637212753296,1.6731376647949219,1.2716022364120905
5,8.465876579284668,-1.9668710231781006,1.6739991903305054,1.27028992800423
5,8.48751163482666,-1.9676622152328491,1.6748491525650024,1.2687005395208981
5,8.509138107299805,-1.9683409929275513,1.6756848096847534,1.2668339378899345
5,8.530765533447266,-1.96891188621521,1.6765034198760986,1.2646940063237977
5,8.552396774291992,-1.9693794250488281,1.6773015260696411,1.262289263073425
5,8.574029922485352,-1.9697492122650146,1.6780751943588257,1.2596189417677697
5,8.59566593170166,-1.9700267314910889,1.6788206100463867,1.2566879676445233
5,8.617303848266602,-1.9702179431915283,1.6795337200164795,1.2535559317978178
5,8.638943672180176,-1.9703292846679688,1.6802103519439697,1.2502459800600603
5,8.660585403442383,-1.9703670740127563,1.6808463335037231,1.246782070448683
5,8.682228088378906,-1.9703375101089478,1.6814377307891846,1.2431887849642316
5,8.703871726989746,-1.9702467918395996,1.6819807291030884,1.239491099154896
5,8.725516319274902,-1.970100998878479,1.682471513748169,1.235713632960746
5,8.747160911560059,-1.9699054956436157,1.6829068660736084,1.2318762075046343
5,8.768807411193848,-1.9696660041809082,1.6832834482192993,1.2280145507785363
5,8.790453910827637,-1.9693872928619385,1.6835986375808716,1.2241504736681663
5,8.812100410461426,-1.9690747261047363,1.683849811553955,1.220303256413522
5,8.833747863769531,-1.9687327146530151,1.684034824371338,1.2164908394259433
5,8.855395317077637,-1.9683655500411987,1.6841518878936768,1.2127289355013282
5,8.877041816711426,-1.9679772853851318,1.6841996908187866,1.2090318325181328
5,8.898689270019531,-1.9675716161727905,1.6841769218444824,1.2054191544803157
5,8.920334815979004,-1.9671517610549927,1.6840828657150269,1.2019094417170406
5,8.941981315612793,-1.9667208194732666,1.6839171648025513,1.1985025218148497
5,8.96362590789795,-1.9662814140319824,1.6836796998977661,1.1952058207028122
5,8.985269546508789,-1.9658360481262207,1.6833703517913818,1.1920250012436022
5,9.006912231445312,-1.9653866291046143,1.6829895973205566,1.1889646733235528
5,9.02855396270752,-1.9649349451065063,1.6825381517410278,1.1860273286995826
5,9.050193786621094,-1.964482307434082,1.6820166110992432,1.1832146595999844
5,9.071830749511719,-1.9640299081802368,1.681425929069519,1.180546484558636
5,9.093466758728027,-1.963578462600708,1.680767297744751,1.1780021316035632
5,9.115100860595703,-1.963128685951233,1.680041790008545,1.1755770278007336
5,9.13673210144043,-1.9626809358596802,1.679250955581665,1.1732677106981078
5,9.158361434936523,-1.9622352123260498,1.6783959865570068,1.1710698607935184
5,9.179987907409668,-1.9617916345596313,1.677478551864624,1.1689789097183985
5,9.20161247253418,-1.9613499641418457,1.6765002012252808,1.166989568680136
5,9.223233222961426,-1.9609099626541138,1.675462245941162,1.1651042591781149
5,9.244852066040039,-1.9604711532592773,1.6743665933609009,1.1633147330055693
5,9.266468048095703,-1.9600329399108887,1.6732146739959717,1.161607262528819
5,9.288080215454102,-1.959594964981079,1.6720080375671387,1.1599761554490036
5,9.30968952178955,-1.9591563940048218,1.6707484722137451,1.158415757630824
5,9.33129596710205,-1.958716630935669,1.6694374084472656,1.1569204409842917
5,9.352899551391602,-1.9582749605178833,1.668076515197754,1.1554850931240244
5,9.374499320983887,-1.9578306674957275,1.6666673421859741,1.154105950113019
5,9.396096229553223,-1.9573830366134644,1.6652112007141113,1.1527823788089318
5,9.41769027709961,-1.956931471824646,1.6637097597122192,1.1515005871544381
5,9.43928050994873,-1.9564752578735352,1.6621642112731934,1.150258051930587
5,9.460867881774902,-1.956013560295105,1.660576343536377,1.149051422236105
5,9.482452392578125,-1.9555460214614868,1.6589471101760864,1.1478772385893092
5,9.504033088684082,-1.9550718069076538,1.657278060913086,1.146732303360155
5,9.52561092376709,-1.9545903205871582,1.655570387840271,1.1456135633933784
5,9.547185897827148,-1.9541009664535522,1.653825283050537,1.144520425564023
5,9.568757057189941,-1.9536033868789673,1.6520438194274902,1.143447824120075
5,9.590325355529785,-1.953096866607666,1.6502273082733154,1.1423930291782312
5,9.61189079284668,-1.9525809288024902,1.648376703262329,1.1413540351150704
5,9.633453369140625,-1.9520553350448608,1.6464931964874268,1.1403291947847065
5,9.655012130737305,-1.9515193700790405,1.6445776224136353,1.13931699429713
5,9.676568031311035,-1.9509729146957397,1.6426310539245605,1.1383160544067434
5,9.698121070861816,-1.9504154920578003,1.6406543254852295,1.1373251033558183
5,9.719671249389648,-1.9498467445373535,1.638648509979248,1.1363395879038938
5,9.741218566894531,-1.9492664337158203,1.6366143226623535,1.135357113188911
5,9.762762069702148,-1.9486743211746216,1.6345528364181519,1.1343813411866672
5,9.784303665161133,-1.9480702877044678,1.6324646472930908,1.1334114128299935
5,9.805842399597168,-1.9474538564682007,1.6303505897521973,1.1324467167939771
5,9.827377319335938,-1.9468249082565308,1.628211498260498,1.1314866430658135
5,9.848910331726074,-1.9461833238601685,1.6260478496551514,1.1305305112651238
5,9.870440483093262,-1.9455289840698242,1.6238605976104736,1.1295775198074316
5,9.8919677734375,-1.944861650466919,1.6216503381729126,1.1286278445942532
5,9.913492202758789,-1.9441813230514526,1.6194175481796265,1.127681002760532
5,9.935013771057129,-1.9434876441955566,1.617163062095642,1.1267366364293425
5,9.95653247833252,-1.9427807331085205,1.6148873567581177,1.1257945918095307
5,9.978049278259277,-1.9420603513717651,1.6125911474227905,1.1248519177240095
5,9.999563217163086,-1.94132661819458,1.6102750301361084,1.123911145033276
5,10.021074295043945,-1.9405792951583862,1.607939600944519,1.1229712726782957
5,10.042583465576172,-1.9398183822631836,1.6055853366851807,1.1220330047048725
5,10.06408977508545,-1.9390437602996826,1.6032127141952515,1.121096093021167
5,10.085593223571777,-1.9382554292678833,1.6008223295211792,1.1201605033263096
5,10.107094764709473,-1.937453269958496,1.5984147787094116,1.1192258516413067
5,10.128593444824219,-1.9366371631622314,1.5959904193878174,1.1182917655791627
5,10.150097846984863,-1.9358069896697998,1.593549132347107,1.1173565466775655
5,10.171669006347656,-1.934959888458252,1.5910838842391968,1.1164118790134754
5,10.193238258361816,-1.934098720550537,1.5886032581329346,1.1154591440672954
5,10.215126991271973,-1.9332101345062256,1.5860704183578491,1.114488988025061
5,10.23791217803955,-1.93226957321167,1.5834177732467651,1.1134824185525494
5,10.262395858764648,-1.9312411546707153,1.5805498361587524,1.112408989807606
5,10.286876678466797,-1.9301944971084595,1.5776647329330444,1.1113435256372994
5,10.313573837280273,-1.9290324449539185,1.5744993686676025,1.110189485263721
5,10.342233657836914,-1.9277607202529907,1.5710800886154175,1.108953328313697
5,10.370889663696289,-1.9264637231826782,1.567639708518982,1.1077123981133825
5,10.400705337524414,-1.9250870943069458,1.5640383958816528,1.1064263335448843
5,10.430957794189453,-1.9236613512039185,1.5603622198104858,1.1050852452360607
5,10.461207389831543,-1.922206163406372,1.5566654205322266,1.1037463282799473
5,10.491551399230957,-1.9207160472869873,1.5529369115829468,1.1023948334148388
5,10.521891593933105,-1.9191950559616089,1.549189567565918,1.1010288847263079
5,10.552238464355469,-1.9176419973373413,1.5454236268997192,1.0996669795362046
5,10.582581520080566,-1.9160563945770264,1.5416412353515625,1.0982771761074417
5,10.612919807434082,-1.9144377708435059,1.537843942642212,1.0968810001537665
5,10.643255233764648,-1.912785291671753,1.5340334177017212,1.0954707627922626
5,10.673587799072266,-1.9110978841781616,1.5302109718322754,1.0940316301505097
5,10.703916549682617,-1.9093748331069946,1.5263782739639282,1.0925929585575893
5,10.73424243927002,-1.907615065574646,1.522537350654602,1.0911139224979527
5,10.764564514160156,-1.9058176279067993,1.5186896324157715,1.0896217339840624
5,10.79488468170166,-1.903981328010559,1.5148375034332275,1.08811381055755
5,10.825201988220215,-1.9021055698394775,1.510982871055603,1.0865496614031358
5,10.85551643371582,-1.9001892805099487,1.507128357887268,1.084982256679383
5,10.885828018188477,-1.8982313871383667,1.5032764673233032,1.0833515646236007
5,10.9161376953125,-1.8962311744689941,1.4994295835494995,1.0816956213176998
5,10.946446418762207,-1.894187331199646,1.4955908060073853,1.0800237561032078
5,10.976753234863281,-1.8920994997024536,1.491762638092041,1.0782909830836995
5,11.007058143615723,-1.8899667263031006,1.4879482984542847,1.076546981536593
5,11.037362098693848,-1.8877888917922974,1.484151840209961,1.0747477508636236
5,11.067666053771973,-1.8855655193328857,1.48037588596344,1.0729191975655006
5,11.097969055175781,-1.8832961320877075,1.4766250848770142,1.0710792239631821
5,11.12827205657959,-1.8809808492660522,1.4729026556015015,1.0691748320613814
5,11.158576011657715,-1.87861967086792,1.4692128896713257,1.0672679897981878
5,11.188880920410156,-1.8762128353118896,1.4655603170394897,1.0653217948524616
5,11.219186782836914,-1.8737608194351196,1.4619489908218384,1.0633275963317694
5,11.249496459960938,-1.8712645769119263,1.4583847522735596,1.0613195246507616
5,11.27980899810791,-1.8687251806259155,1.4548726081848145,1.0592592358018147
5,11.310132026672363,-1.8661432266235352,1.4514163732528687,1.057203377351418
5,11.340483665466309,-1.8635191917419434,1.448020339012146,1.0551277969519481
5,11.37083911895752,-1.8608566522598267,1.444691777229309,1.0530351312892174
5,11.401264190673828,-1.8581528663635254,1.4414302110671997,1.050941960064219
5,11.43183422088623,-1.8554041385650635,1.4382340908050537,1.048835441404219
5,11.462409973144531,-1.8526264429092407,1.4351239204406738,1.0467177611634428
5,11.493242263793945,-1.8498016595840454,1.4320834875106812,1.0445568811713328
5,11.524081230163574,-1.8469551801681519,1.4291411638259888,1.0424007246104439
5,11.560195922851562,-1.8435993194580078,1.4258216619491577,1.039908707686105
5,11.62566089630127,-1.8374865055084229,1.4201663732528687,1.0357012753817791
5,11.691164016723633,-1.831361174583435,1.4149911403656006,1.0317322758651806
5,11.762520790100098,-1.8247241973876953,1.4099334478378296,1.0276006346134117
5,11.89160442352295,-1.8130236864089966,1.4024169445037842,1.0211328730114084
5,12.020844459533691,-1.8019001483917236,1.397017002105713,1.0156288648049934
5,12.142241477966309,-1.792295217514038,1.393903374671936,1.0109863395034753
5,12.263750076293945,-1.7837269306182861,1.3926341533660889,1.0065928386780696
5,12.385687828063965,-1.7764198780059814,1.393128514289856,1.0020228608668476
5,12.507879257202148,-1.7706401348114014,1.395194172859192,0.997174527610079
5,12.630107879638672,-1.766568899154663,1.3986643552780151,0.991725182030274
5,12.657878875732422,-1.7659083604812622,1.3996076583862305,0.9904519438738961
6,0.24662832915782928,0.4131862223148346,0.50115567445755,1.0098644745132628
6,0.36811310052871704,0.41320592164993286,0.5042984485626221,1.0126874472197416
6,0.4875969886779785,0.413235068321228,0.5083720088005066,1.0133174667464222
6,0.6078736782073975,0.41327613592147827,0.5137762427330017,1.0089781571211354
6,0.7280712723731995,0.41333213448524475,0.5207191705703735,0.999785076467088
6,0.8490405082702637,0.41341257095336914,0.5294152498245239,0.9870343382500952
6,0.9698814153671265,0.41352158784866333,0.5397468209266663,0.9660611282081915
6,1.091171145439148,0.4136638045310974,0.5515252947807312,0.9454755610691554
6,1.2126654386520386,0.4138365685939789,0.5636562705039978,0.9249037170077802
6,1.2976174354553223,0.4139748811721802,0.5718925595283508,0.9136403201784553
6,1.4195483922958374,0.41419491171836853,0.5816090106964111,0.9005742771789229
6,1.5132617950439453,0.4143800437450409,0.5869136452674866,0.8965779437308398
6,1.6356067657470703,0.4146360158920288,0.5896792411804199,0.8945577984776427
6,1.7579691410064697,0.4149031937122345,0.5877628922462463,0.9052621324733812
6,1.8802061080932617,0.4151744544506073,0.5815863013267517,0.9200395455192073
6,2.002286434173584,0.4154587984085083,0.5727605223655701,0.94271359736358
6,2.124249219894409,0.41577115654945374,0.5624262094497681,0.968521989929681
6,2.2462103366851807,0.41614943742752075,0.5520684719085693,0.9970705521708794
6,2.368216037750244,0.41658106446266174,0.5422534346580505,1.0327851609298975
6,2.4673078060150146,0.4169563055038452,0.5350079536437988,1.0640870344299729
6,2.58940052986145,0.4174038767814636,0.5275233387947083,1.107155015800817
6,2.675584077835083,0.41770604252815247,0.5233069658279419,1.1369217278164552
6,2.7978522777557373,0.41813549399375916,0.5197562575340271,1.1752634317972241
6,2.920171022415161,0.41854730248451233,0.5191813111305237,1.214179577729
6,3.0424695014953613,0.41883301734924316,0.5215240716934204,1.255546711009924
6,3.164740562438965,0.4186941683292389,0.5251060724258423,1.296328950412721
6,3.2870285511016846,0.41773954033851624,0.5278541445732117,1.3316955190807738
6,3.409318685531616,0.4153129756450653,0.5271193981170654,1.3515863078396704
6,3.5314412117004395,0.41130325198173523,0.5216197371482849,1.37361005363138
6,3.6531317234039307,0.4060003161430359,0.5104861855506897,1.4041001344338642
6,3.774498224258423,0.4006124436855316,0.4962933361530304,1.4840902938957712
6,3.8959219455718994,0.3961119055747986,0.4823063910007477,1.5890197282439056
6,4.017727375030518,0.39308643341064453,0.47333142161369324,1.7225137332770206
6,4.097058296203613,0.39169225096702576,0.4705650210380554,1.8024411738963493
6,4.218502998352051,0.389726847410202,0.4721442461013794,1.9159565498441584
6,4.293874740600586,0.3883979916572571,0.47614192962646484,1.9625166815606787
6,4.412529468536377,0.38542440533638,0.48551201820373535,2.0217842006827285
6,4.4717912673950195,0.38355422019958496,0.49144962430000305,2.036671315486281
6,4.584560394287109,0.3788750171661377,0.502444326877594,2.042482276472323
6,4.685370922088623,0.3735480010509491,0.5119348168373108,2.0249794094959035
6,4.7898478507995605,0.3669902980327606,0.5213594436645508,1.9906253285748894
6,4.889279365539551,0.36013147234916687,0.5321330428123474,1.9459717375705776
6,4.988139629364014,0.35307666659355164,0.547106146812439,1.8862920544870498
6,5.08344841003418,0.34658029675483704,0.5678706169128418,1.799467516313276
6,5.176975727081299,0.3415085971355438,0.5952029228210449,1.6902581630219669
6,5.270407199859619,0.338088721036911,0.6269382834434509,1.5738394389664034
6,5.364923477172852,0.336149662733078,0.6599647998809814,1.4646835152870654
6,5.449953079223633,0.33545851707458496,0.6878440380096436,1.3860257265705669
6,5.528706073760986,0.3354828655719757,0.7106790542602539,1.3187910271675252
6,5.627575874328613,0.33620965480804443,0.735053539276123,1.257434376900117
6,5.727375507354736,0.3375549018383026,0.7552748322486877,1.215479623760101
6,5.827730655670166,0.339419960975647,0.772081732749939,1.1815505445333567
6,5.905487537384033,0.3411767780780792,0.7832298874855042,1.1587820398515556
6,6.004510402679443,0.343792587518692,0.7954463958740234,1.1332301635968312
6,6.1037421226501465,0.3468407988548279,0.8057106733322144,1.1108451933783445
6,6.201375961303711,0.3502696752548218,0.8140438199043274,1.0905715877997648
6,6.298519611358643,0.35412493348121643,0.8206823468208313,1.071777356368501
6,6.393708229064941,0.35836002230644226,0.8256127238273621,1.0544104577045257
6,6.487327575683594,0.3630029559135437,0.8289359211921692,1.0374450552738947
6,6.581395626068115,0.3681955933570862,0.8306996822357178,1.0217712794319445
6,6.675447940826416,0.37394624948501587,0.8308210372924805,1.0087332873030328
6,6.770127296447754,0.380384236574173,0.8290567994117737,0.9935558453208894
6,6.793011665344238,0.38204559683799744,0.8283244371414185,0.9900854179672408
6,6.815689563751221,0.38373368978500366,0.827477753162384,0.986763146076947
6,6.838229179382324,0.385452538728714,0.8265149593353271,0.9835224317343311
6,6.860678195953369,0.3872050344944,0.825434148311615,0.9803490254487323
6,6.883062839508057,0.3889930844306946,0.8242332935333252,0.9772463818681661
6,6.905437469482422,0.39082133769989014,0.8229084014892578,0.9741954500869728
6,6.927760601043701,0.392687052488327,0.8214604258537292,0.9711939133461048
6,6.950040340423584,0.3945917785167694,0.8198877573013306,0.9682520721989504
6,6.972358703613281,0.3965432345867157,0.818183422088623,0.9653368249854619
6,6.99454927444458,0.39852821826934814,0.8163578510284424,0.962468451263064
6,7.016764163970947,0.40056097507476807,0.8143979907035828,0.9596408148245288
6,7.0389838218688965,0.40264055132865906,0.8123033046722412,0.9568411496637553
6,7.061153888702393,0.4047626256942749,0.8100770115852356,0.9540700069637353
6,7.08328104019165,0.40692830085754395,0.8077169060707092,0.9513148410082828
6,7.105388641357422,0.40914005041122437,0.8052191734313965,0.9485810489113526
6,7.127527713775635,0.41140294075012207,0.8025762438774109,0.9458372196892983
6,7.149632453918457,0.41371023654937744,0.7997936010360718,0.9430755265578921
6,7.17170524597168,0.4160614609718323,0.7968688607215881,0.9402841215710079
6,7.193909645080566,0.4184730350971222,0.7937774062156677,0.937448420952777
6,7.216604232788086,0.4209829866886139,0.790463387966156,0.934509114437302
6,7.239570140838623,0.42356616258621216,0.7869495153427124,0.9314575963228331
6,7.2624406814575195,0.4261777102947235,0.7832886576652527,0.9283323458512698
6,7.285211563110352,0.4288117587566376,0.7794824242591858,0.9251193054588
6,7.307953357696533,0.4314713776111603,0.7755191922187805,0.9218245497614984
6,7.330542087554932,0.4341389536857605,0.7714198231697083,0.9184967597807864
6,7.352981090545654,0.4368142783641815,0.7671823501586914,0.9152228179642261
6,7.375269889831543,0.4395023286342621,0.7628012299537659,0.9120838272777987
6,7.397406101226807,0.44221609830856323,0.758265495300293,0.9091608247748613
6,7.419395446777344,0.4449809193611145,0.7535548210144043,0.906531966670871
6,7.441275119781494,0.44783899188041687,0.7486352920532227,0.9042794729036634
6,7.463070869445801,0.4508511424064636,0.7434715032577515,0.9025087801788119
6,7.484769821166992,0.45409291982650757,0.7380468845367432,0.9013228334622446
6,7.5063605308532715,0.4576317071914673,0.7323810458183289,0.9006996438305088
6,7.527853488922119,0.4614834785461426,0.726549506187439,0.9005016645071653
6,7.5492939949035645,0.46558257937431335,0.7206934094429016,0.900263759773439
6,7.570759296417236,0.46978944540023804,0.7150073647499084,0.8999665254806684
6,7.592347621917725,0.4739134907722473,0.7097435593605042,0.9006379951333485
6,7.614128112792969,0.4777633547782898,0.705104410648346,0.9037355067351992
6,7.636084079742432,0.48127123713493347,0.7010538578033447,0.9089129860462549
6,7.658145904541016,0.48450973629951477,0.6973696947097778,0.9141368491590105
6,7.680255889892578,0.48758915066719055,0.6938399076461792,0.9191462455021476
6,7.702385425567627,0.4905793368816376,0.6903567910194397,0.9243056927083235
6,7.7245259284973145,0.4935062527656555,0.6868880391120911,0.9296019798680075
6,7.74667501449585,0.4963773488998413,0.6834285259246826,0.9348853403260728
6,7.768833160400391,0.49919387698173523,0.6799817681312561,0.9400299140380306
6,7.791001319885254,0.5019541382789612,0.6765560507774353,0.9450109575155436
6,7.813182353973389,0.5046536326408386,0.6731631755828857,0.9497857045299732
6,7.835378646850586,0.5072860717773438,0.6698169708251953,0.9543511003457802
6,7.857592582702637,0.5098442435264587,0.666531503200531,0.9587115709881203
6,7.879826068878174,0.512321949005127,0.663318395614624,0.9628360742640802
6,7.902080535888672,0.5147143602371216,0.6601865291595459,0.9667478506310947
6,7.924355983734131,0.5170185565948486,0.6571412086486816,0.9704265640990795
6,7.946652889251709,0.5192335247993469,0.6541842818260193,0.9738654132939372
6,7.968969821929932,0.5213598012924194,0.6513144373893738,0.9770637982029112
6,7.991305351257324,0.5233994126319885,0.6485280990600586,0.9800247050799664
6,8.013657569885254,0.5253554582595825,0.6458202004432678,0.9827566295315072
6,8.036026000976562,0.5272311568260193,0.6431854367256165,0.9852727729016649
6,8.058408737182617,0.5290300846099854,0.6406183242797852,0.9875759917692427
6,8.080803871154785,0.5307559370994568,0.6381140351295471,0.9896714470587966
6,8.10321044921875,0.5324118137359619,0.6356686353683472,0.9915688808932788
6,8.125628471374512,0.5340006351470947,0.6332793235778809,0.993301014394867
6,8.148056983947754,0.5355244278907776,0.6309441924095154,0.9948798768061448
6,8.170494079589844,0.5369848012924194,0.6286625266075134,0.9963155822145119
6,8.192941665649414,0.5383827090263367,0.6264343857765198,0.9976166729400211
6,8.215397834777832,0.5397186279296875,0.6242605447769165,0.9987902186058157
6,8.237863540649414,0.5409924387931824,0.6221423745155334,0.9998419462267889
6,8.260336875915527,0.542203962802887,0.6200816631317139,1.0007766400801152
6,8.282819747924805,0.543352484703064,0.618080198764801,1.0015983896724077
6,8.30531120300293,0.5444372296333313,0.6161402463912964,1.0023086324181776
6,8.327811241149902,0.5454573631286621,0.6142638325691223,1.0029017168474978
6,8.350318908691406,0.5464119911193848,0.6124529838562012,1.0033935101447238
6,8.372834205627441,0.5473002791404724,0.6107096672058105,1.0037875736579314
6,8.395358085632324,0.5481213331222534,0.6090357303619385,1.0040874154263038
6,8.417889595031738,0.5488743185997009,0.607433021068573,1.0042968352115584
6,8.440425872802734,0.5495585203170776,0.6059032082557678,1.0044190862863265
6,8.462946891784668,0.5501728057861328,0.6044489145278931,1.0044570867567064
6,8.48544979095459,0.5507166981697083,0.6030715703964233,1.0044130205593638
6,8.50789737701416,0.5511892437934875,0.6017741560935974,1.0042903446845344
6,8.530272483825684,0.5515902042388916,0.6005579829216003,1.0040912521708532
6,8.552566528320312,0.5519198775291443,0.5994236469268799,1.0038096503826108
6,8.574865341186523,0.5521796345710754,0.5983671545982361,1.0034495836422335
6,8.597079277038574,0.5523685216903687,0.5973930358886719,1.0030142899430814
6,8.6192045211792,0.552487313747406,0.5965011119842529,1.0025029328726693
6,8.6412353515625,0.55253666639328,0.5956911444664001,1.0019145145341208
6,8.663168907165527,0.5525174736976624,0.5949627161026001,1.001248007881514
6,8.6850004196167,0.5524308085441589,0.594315230846405,1.0005020415080788
6,8.706727981567383,0.552277684211731,0.5937479734420776,0.9996762739440087
6,8.728370666503906,0.5520590543746948,0.593259871006012,0.9987698812954773
6,8.74996566772461,0.5517753958702087,0.592849612236023,0.997781856749557
6,8.77152156829834,0.5514272451400757,0.5925169587135315,0.9967132451139153
6,8.7930326461792,0.5510154962539673,0.5922618508338928,0.9955665475940085
6,8.814495086669922,0.5505410432815552,0.5920842289924622,0.9943455761484602
6,8.83590316772461,0.5500050187110901,0.5919838547706604,0.9930551609495026
6,8.857255935668945,0.549408495426178,0.591960608959198,0.9916992583494695
6,8.878592491149902,0.5487512946128845,0.5920143723487854,0.9902829359483154
6,8.899868965148926,0.5480359196662903,0.5921450257301331,0.9888162030120387
6,8.92108154296875,0.5472637414932251,0.5923521518707275,0.9873065782666524
6,8.942227363586426,0.5464362502098083,0.5926352143287659,0.9857619188390391
6,8.963306427001953,0.5455549359321594,0.5929936766624451,0.9841899514653499
6,8.984325408935547,0.5446209907531738,0.5934270024299622,0.9825973934515978
6,9.005348205566406,0.5436328053474426,0.5939362645149231,0.98098657277626
6,9.026378631591797,0.5425912737846375,0.5945214629173279,0.9793641440591989
6,9.047415733337402,0.541497528553009,0.5951823592185974,0.9777365477688053
6,9.068460464477539,0.5403527021408081,0.5959188342094421,0.9761099583728841
6,9.089513778686523,0.539158046245575,0.5967303514480591,0.9744903965999887
6,9.110576629638672,0.5379147529602051,0.5976164937019348,0.9728835888546192
6,9.131648063659668,0.5366241335868835,0.5985766053199768,0.9712959004725621
6,9.152748107910156,0.535286545753479,0.5996107459068298,0.9697316374302624
6,9.173859596252441,0.5339043736457825,0.6007171273231506,0.9681953771872054
6,9.194982528686523,0.5324791073799133,0.6018946766853333,0.9666909227945547
6,9.216118812561035,0.5310123562812805,0.603142261505127,0.9652238614433786
6,9.237266540527344,0.5295056700706482,0.6044585108757019,0.9637985488059064
6,9.258427619934082,0.5279607772827148,0.6058420538902283,0.962413751362285
6,9.27960205078125,0.5263789892196655,0.6072924137115479,0.9610583435488992
6,9.301508903503418,0.5247063040733337,0.6088613271713257,0.9597285839601829
6,9.32274341583252,0.5230523347854614,0.6104452013969421,0.9584919850056782
6,9.34399127960205,0.5213671922683716,0.6120898127555847,0.9573027073359122
6,9.365250587463379,0.5196526646614075,0.6137932538986206,0.9561706920817715
6,9.386521339416504,0.5179105997085571,0.615553617477417,0.9550987093458705
6,9.407819747924805,0.5161414742469788,0.6173704266548157,0.954084436743483
6,9.42912769317627,0.514348566532135,0.6192401647567749,0.9531255356676521
6,9.450445175170898,0.5125337839126587,0.6211606860160828,0.9522225201241392
6,9.471771240234375,0.5106990933418274,0.623129665851593,0.9513744930248965
6,9.493104934692383,0.5088463425636292,0.6251449584960938,0.9505802303005432
6,9.514447212219238,0.5069774985313416,0.6272042393684387,0.9498384525076348
6,9.535796165466309,0.5050944089889526,0.6293051242828369,0.9491476029617306
6,9.557151794433594,0.5031989812850952,0.6314451694488525,0.9485058404525293
6,9.578513145446777,0.5012930631637573,0.6336221694946289,0.9479112268620553
6,9.599881172180176,0.4993785619735718,0.6358336806297302,0.9473587788142549
6,9.6212797164917,0.49745503067970276,0.6380801200866699,0.9468425252834506
6,9.642682075500488,0.49552682042121887,0.6403563022613525,0.9463678438456062
6,9.664088249206543,0.49359577894210815,0.6426597833633423,0.9459328255377802
6,9.685495376586914,0.4916635751724243,0.6449882388114929,0.945535898590712
6,9.706905364990234,0.48973190784454346,0.6473393440246582,0.945175523225947
6,9.728318214416504,0.4878024160861969,0.6497108936309814,0.9448504872558338
6,9.749732971191406,0.4858766794204712,0.652100682258606,0.9445594722468702
6,9.771149635314941,0.4839562475681305,0.6545064449310303,0.9443009642497612
6,9.79256820678711,0.48204249143600464,0.656926155090332,0.9440735763780346
6,9.81398868560791,0.4801368713378906,0.6593577265739441,0.9438765121301166
6,9.835411071777344,0.4782405495643616,0.6617991328239441,0.9437103365888608
6,9.856836318969727,0.47635483741760254,0.6642486453056335,0.9435756710940084
6,9.878264427185059,0.47448068857192993,0.6667044758796692,0.9433952049399688
6,9.899693489074707,0.47261926531791687,0.669164776802063,0.9432072052210936
6,9.921124458312988,0.47077175974845886,0.6716277599334717,0.9430495285256116
6,9.942556381225586,0.4689391553401947,0.6740921139717102,0.9429206732449692
6,9.9639892578125,0.46712231636047363,0.6765561699867249,0.9428206785934524
6,9.985424041748047,0.4653220474720001,0.6790187954902649,0.9427495740343013
6,10.006860733032227,0.4635390639305115,0.6814785599708557,0.9427075233467251
6,10.028298377990723,0.46177399158477783,0.6839345097541809,0.9426947021165495
6,10.049738883972168,0.4600273668766022,0.6863856315612793,0.9427115772751486
6,10.071182250976562,0.4582996368408203,0.6888309717178345,0.9427579354265258
6,10.092626571655273,0.4565912187099457,0.6912696957588196,0.9427828444909414
6,10.114073753356934,0.45490217208862305,0.6937011480331421,0.9427919290533665
6,10.135523796081543,0.4532327651977539,0.6961246132850647,0.942835868461597
6,10.156982421875,0.4515826106071472,0.6985403299331665,0.9429172249866341
6,10.17851448059082,0.4499470591545105,0.7009547352790833,0.9430392491469165
6,10.200369834899902,0.4483078420162201,0.7033950090408325,0.943200510877594
6,10.22222900390625,0.44668954610824585,0.7058245539665222,0.9434055671609258
6,10.244987487792969,0.44502681493759155,0.7083420157432556,0.9436624036543073
6,10.269450187683105,0.4432644844055176,0.7110337615013123,0.9439874711030652
6,10.296133041381836,0.44137075543403625,0.7139531970024109,0.9444009796471344
6,10.322819709777832,0.4395061731338501,0.716855525970459,0.9448077949273183
6,10.351476669311523,0.43753546476364136,0.719952404499054,0.9452697336045676
6,10.380138397216797,0.4355963468551636,0.7230291962623596,0.9458279915266835
6,10.409966468811035,0.4336112439632416,0.7262095212936401,0.9464918963963995
6,10.440241813659668,0.4316293001174927,0.7294148206710815,0.9472655825201128
6,10.470521926879883,0.42967933416366577,0.7325981259346008,0.9481421342247656
6,10.50090503692627,0.4277530610561371,0.7357701659202576,0.949108864924171
6,10.531301498413086,0.4258546829223633,0.7389224171638489,0.9501945789766147
6,10.561701774597168,0.42398327589035034,0.7420544624328613,0.9512856226872658
6,10.592105865478516,0.4221363365650177,0.7451674342155457,0.9524313157713126
6,10.622512817382812,0.4203126132488251,0.7482619881629944,0.9536866309922905
6,10.652923583984375,0.4185097813606262,0.7513396143913269,0.9550273312441157
6,10.68333625793457,0.41672584414482117,0.7544017434120178,0.9564857569365477
6,10.713751792907715,0.4149593412876129,0.757449209690094,0.9580319707477525
6,10.744169235229492,0.4132079482078552,0.7604838013648987,0.9596705285547528
6,10.774588584899902,0.4114704728126526,0.7635064125061035,0.9614099374010082
6,10.805009841918945,0.40974485874176025,0.7665184736251831,0.9631704872047656
6,10.835433006286621,0.4080289602279663,0.7695215344429016,0.9649700391664078
6,10.865856170654297,0.4063214957714081,0.7725165486335754,0.966844321450323
6,10.896281242370605,0.4046206772327423,0.7755053043365479,0.9687916820884572
6,10.926706314086914,0.40292543172836304,0.7784891128540039,0.9708172597902284
6,10.957133293151855,0.40123435854911804,0.7814695835113525,0.9729061664027226
6,10.98755931854248,0.3995460569858551,0.7844483852386475,0.9750575294409081
6,11.017986297607422,0.39785993099212646,0.7874266505241394,0.9772519746486953
6,11.048413276672363,0.3961746096611023,0.790406346321106,0.9794887254414184
6,11.078839302062988,0.39448869228363037,0.7933889627456665,0.9816725902741799
6,11.109265327453613,0.392800897359848,0.7963761687278748,0.9839002744384076
6,11.139690399169922,0.39111045002937317,0.7993701100349426,0.9861612897014471
6,11.170113563537598,0.38941696286201477,0.8023721575737,0.9884505295305112
6,11.200536727905273,0.387719988822937,0.8053847551345825,0.9907804207528297
6,11.230960845947266,0.3860194981098175,0.8084093332290649,0.993120029432543
6,11.261382102966309,0.38431569933891296,0.8114470839500427,0.9954944630032094
6,11.291810035705566,0.3826083540916443,0.8144999742507935,0.9978904500116699
6,11.322237014770508,0.38089799880981445,0.8175677061080933,1.0001844559808462
6,11.352685928344727,0.37918320298194885,0.8206531405448914,1.0024817742107368
6,11.383198738098145,0.3774622678756714,0.8237599730491638,1.0047446478310404
6,11.413710594177246,0.3757394254207611,0.8268811702728271,1.0069895560200595
6,11.444358825683594,0.3740077614784241,0.8300300240516663,1.0091917041526877
6,11.475007057189941,0.3722761869430542,0.8331910371780396,1.0113411959538998
6,11.505903244018555,0.37053170800209045,0.8363874554634094,1.013502868673595
6,11.542074203491211,0.3684922158718109,0.8401380777359009,1.0157463797477244
6,11.578245162963867,0.36645886301994324,0.8438940048217773,1.0174083525215627
6,11.643784523010254,0.36280587315559387,0.8506917357444763,1.0202579290444378
6,11.709330558776855,0.35920289158821106,0.8574539422988892,1.02181630490532
6,11.780699729919434,0.3553600013256073,0.8647230863571167,1.0225382336614262
6,11.909728050231934,0.34872108697891235,0.8775110840797424,1.0196048248277092
6,12.038838386535645,0.34259793162345886,0.8897206783294678,1.0148978419053742
6,12.160078048706055,0.3375202417373657,0.9004689455032349,1.0092113498406297
6,12.196694374084473,0.3361421227455139,0.9035417437553406,1.0062733736124327
7,0.7130125761032104,0.8119183778762817,1.3132648468017578,1.0059212793747845
7,0.8313590884208679,0.8120191097259521,1.323475956916809,1.0118556888955357
7,0.920183539390564,0.8121167421340942,1.3321861028671265,1.0168583701964462
7,1.0404763221740723,0.8122744560241699,1.344390630722046,1.023890690845917
7,1.160797357559204,0.8124566078186035,1.356308937072754,1.0298368458532403
7,1.2822636365890503,0.812659502029419,1.3669953346252441,1.035703202514225
7,1.4043229818344116,0.8128875494003296,1.3750423192977905,1.0415503414363128
7,1.5265597105026245,0.8131439089775085,1.3795881271362305,1.0465122206537918
7,1.6489953994750977,0.8134354948997498,1.3794137239456177,1.0519084222775048
7,1.7713245153427124,0.8137645125389099,1.3743218183517456,1.0552149611656199
7,1.893375277519226,0.814132571220398,1.3642927408218384,1.058714989541355
7,2.0150344371795654,0.8145380616188049,1.3502368927001953,1.0608693319893743
7,2.107846260070801,0.8148724436759949,1.3371164798736572,1.0619705446985064
7,2.228816509246826,0.8153352737426758,1.317995548248291,1.063013954528706
7,2.349487066268921,0.815822184085846,1.2970612049102783,1.0648667777115939
7,2.469939947128296,0.8163226246833801,1.2749086618423462,1.0680908967879228
7,2.5901689529418945,0.8168264627456665,1.2515714168548584,1.0731722362921035
7,2.7101550102233887,0.8173255920410156,1.2270166873931885,1.08072507438963
7,2.8298263549804688,0.8178110122680664,1.2009713649749756,1.091946357207587
7,2.949110984802246,0.8182771801948547,1.173213243484497,1.1107355384193391
7,3.0678975582122803,0.8187189102172852,1.1433929204940796,1.1375145683348604
7,3.1860575675964355,0.8191531896591187,1.1111822128295898,1.1797351173999453
7,3.266291379928589,0.8194597363471985,1.0879849195480347,1.2157430683136774
7,3.3832812309265137,0.8199853897094727,1.051758050918579,1.2785732289456442
7,3.4826951026916504,0.8205575942993164,1.0188497304916382,1.3415039655689576
7,3.5986127853393555,0.8215438723564148,0.979328453540802,1.4160438911757203
7,3.6511073112487793,0.8221222162246704,0.9611429572105408,1.454661778828282
7,3.7671258449554443,0.8236930966377258,0.9220051169395447,1.5086933602135704
7,3.883845806121826,0.8256269693374634,0.8850393891334534,1.549075266452504
7,4.001701354980469,0.8274232149124146,0.8527113795280457,1.5818716551955145
7,4.120868682861328,0.8287209272384644,0.8255823254585266,1.6117207552700135
7,4.239959239959717,0.8295870423316956,0.8034792542457581,1.649475761608021
7,4.359687328338623,0.8301629424095154,0.7850972414016724,1.6907191460130802
7,4.476620197296143,0.8305013179779053,0.7701488733291626,1.7340854593353623
7,4.5877275466918945,0.8305551409721375,0.7603331804275513,1.7663793014605955
7,4.632469177246094,0.8305007219314575,0.7579066753387451,1.7778254387799863
7,4.735494136810303,0.8303157687187195,0.7591525316238403,1.797408795349933
7,4.7941694259643555,0.830203652381897,0.7646259069442749,1.7987080246896072
7,4.8871965408325195,0.8301912546157837,0.7843946814537048,1.7916894132431243
7,4.9728474617004395,0.8303561806678772,0.8164232969284058,1.7399615421537709
7,5.053174018859863,0.8307090401649475,0.8602182865142822,1.6518778633939257
7,5.129177093505859,0.8313302993774414,0.9105075597763062,1.5433774324807108
7,5.205626487731934,0.8323794007301331,0.9644914269447327,1.434043943804976
7,5.28208065032959,0.8339303135871887,1.015859603881836,1.3345246215980442
7,5.345757484436035,0.8355860710144043,1.0540248155593872,1.2780350521846329
7,5.431552886962891,0.8382087349891663,1.097265601158142,1.2297863086986283
7,5.522826194763184,0.8413625359535217,1.1344550848007202,1.1965669139838262
7,5.601851940155029,0.8443440198898315,1.1611610651016235,1.1764847238265657
7,5.658514022827148,0.8466180562973022,1.1779299974441528,1.165379317119323
7,5.756112098693848,0.8508236408233643,1.2032948732376099,1.1482797443066388
7,5.854774475097656,0.855484664440155,1.2253693342208862,1.133293365550889
7,5.953979015350342,0.8606482744216919,1.2447413206100464,1.1199980453319016
7,6.054708003997803,0.8664544820785522,1.2620424032211304,1.1076062557072106
7,6.15643835067749,0.8729752898216248,1.277470588684082,1.095869416883301
7,6.258505821228027,0.8802726864814758,1.2911404371261597,1.0844483199638284
7,6.360169887542725,0.8884020447731018,1.30311918258667,1.0737190337352338
7,6.462392807006836,0.8975310921669006,1.3136860132217407,1.0639965895000616
7,6.564071178436279,0.9076723456382751,1.3228222131729126,1.0554735390089482
7,6.621563911437988,0.9139062762260437,1.3273465633392334,1.0503232050469624
7,6.648177623748779,0.9169225096702576,1.329271912574768,1.048048599891807
7,6.674788475036621,0.9200249910354614,1.331089735031128,1.0458370351484203
7,6.701193332672119,0.9231920838356018,1.3327877521514893,1.0436927827176
7,6.72747802734375,0.926435649394989,1.3343747854232788,1.04160268656633
7,6.753689765930176,0.9297634363174438,1.3358561992645264,1.0395609452919423
7,6.779858589172363,0.9331817626953125,1.337235689163208,1.037570946507893
7,6.805988788604736,0.9366937279701233,1.3385154008865356,1.0356307934880626
7,6.832076549530029,0.9403014183044434,1.3396966457366943,1.0337384111014372
7,6.858153820037842,0.9440121054649353,1.3407821655273438,1.0318731762586972
7,6.884180545806885,0.947822093963623,1.341772437095642,1.030084733991215
7,6.910787105560303,0.9518285393714905,1.3426907062530518,1.0283231580920387
7,6.9369730949401855,0.9558829665184021,1.3435041904449463,1.0266006750218835
7,6.962817668914795,0.9599981307983398,1.3442182540893555,1.0249033121757973
7,6.988626956939697,0.9642229676246643,1.344845175743103,1.0232508365301702
7,7.0143938064575195,0.968558132648468,1.3453871011734009,1.0216265484349594
7,7.040112018585205,0.9730050563812256,1.3458466529846191,1.0200196869527158
7,7.065774917602539,0.9775651097297668,1.346226453781128,1.0184091220325333
7,7.091412544250488,0.9822463989257812,1.3465293645858765,1.0167677285970858
7,7.1170477867126465,0.9870567321777344,1.3467589616775513,1.0150977191325286
7,7.142618656158447,0.9919877648353577,1.3469184637069702,1.0133869692618507
7,7.16811990737915,0.9970414638519287,1.3470127582550049,1.0116129906748634
7,7.193545341491699,1.0022200345993042,1.3470470905303955,1.0097364643392641
7,7.218935012817383,1.0075352191925049,1.3470267057418823,1.0077129535226141
7,7.2442426681518555,1.012981653213501,1.3469585180282593,1.0055096657848965
7,7.269464492797852,1.0185623168945312,1.3468505144119263,1.003060660831116
7,7.294596195220947,1.0242806673049927,1.346712350845337,1.000275744412861
7,7.319632053375244,1.03014075756073,1.3465547561645508,0.9970151287306271
7,7.344620704650879,1.0361608266830444,1.3463886976242065,0.9931245788861598
7,7.369507312774658,1.0423381328582764,1.3462311029434204,0.988374811732497
7,7.394285202026367,1.0486868619918823,1.3461039066314697,0.9825248866678271
7,7.4189453125,1.0552301406860352,1.3460365533828735,0.974933779131704
7,7.4435248374938965,1.0620204210281372,1.3460712432861328,0.9644359756394196
7,7.467936038970947,1.0691579580307007,1.3463160991668701,0.9581152627616196
7,7.492136478424072,1.0767457485198975,1.3468332290649414,0.9629204431432805
7,7.5160441398620605,1.0851353406906128,1.3475357294082642,0.9395447063246313
7,7.540013790130615,1.0947520732879639,1.348119854927063,0.8689028257809623
7,7.554907321929932,1.1009998321533203,1.3479678630828857,0.8062565479073994
7,7.576147079467773,1.109136700630188,1.3463118076324463,0.7768100154498065
7,7.59396505355835,1.1144846677780151,1.3434242010116577,0.8140816229856281
7,7.605595588684082,1.1171584129333496,1.3410552740097046,0.8499003195859461
7,7.629738807678223,1.121480941772461,1.3359006643295288,0.9314475996231397
7,7.653975963592529,1.1251277923583984,1.3310121297836304,0.9484811247630176
7,7.6782426834106445,1.1288167238235474,1.3264944553375244,0.9407056231644693
7,7.7028398513793945,1.1328555345535278,1.3222647905349731,0.9539882157930761
7,7.7269816398620605,1.137123942375183,1.3183995485305786,0.9667255941852443
7,7.7506794929504395,1.1415541172027588,1.3148037195205688,0.9748066783889024
7,7.774760723114014,1.1462337970733643,1.311309576034546,0.9807024981141491
7,7.798783779144287,1.1510270833969116,1.3079650402069092,0.9853055010509549
7,7.822780132293701,1.155890941619873,1.3047523498535156,0.9887963045878636
7,7.8467302322387695,1.1607766151428223,1.3016637563705444,0.9913977767681436
7,7.870637893676758,1.165648341178894,1.298690915107727,0.9934097136534723
7,7.894506931304932,1.1704797744750977,1.295828938484192,0.9951010265936902
7,7.917739391326904,1.1751307249069214,1.2931458950042725,0.9965240743743912
7,7.941596984863281,1.17983877658844,1.2904918193817139,0.9978824051993231
7,7.965418815612793,1.184457778930664,1.287941575050354,0.9992065955868309
7,7.9892048835754395,1.1889780759811401,1.2854901552200317,1.0005350620552098
7,8.01295280456543,1.193395972251892,1.2831302881240845,1.001869498593535
7,8.036660194396973,1.1977128982543945,1.2808524370193481,1.0032253455560711
7,8.060016632080078,1.2018760442733765,1.278676986694336,1.0045852261262196
7,8.085577011108398,1.2063297033309937,1.276368260383606,1.0061153818469126
7,8.110270500183105,1.2105313539505005,1.2742034196853638,1.0076025803880706
7,8.13513469696045,1.2146629095077515,1.272082805633545,1.0090921785112004
7,8.15991497039795,1.218681812286377,1.2700241804122925,1.0105443136348418
7,8.184659957885742,1.2225967645645142,1.268019437789917,1.0119469336591647
7,8.209369659423828,1.2264071702957153,1.266066074371338,1.0132840356192534
7,8.234085083007812,1.2301177978515625,1.2641589641571045,1.014547062089752
7,8.258760452270508,1.2337205410003662,1.2623001337051392,1.0157265249413139
7,8.28311824798584,1.2371739149093628,1.26050865650177,1.0168139381726888
7,8.307821273803711,1.2405709028244019,1.2587347030639648,1.0178392149520934
7,8.332480430603027,1.2438549995422363,1.2570054531097412,1.0187918531719518
7,8.357093811035156,1.247024655342102,1.2553198337554932,1.0196747027491468
7,8.381661415100098,1.2500792741775513,1.253676176071167,1.0204933310851507
7,8.406218528747559,1.2530224323272705,1.252070426940918,1.0212337001810166
7,8.430724143981934,1.2558488845825195,1.250503659248352,1.0219164511137564
7,8.455177307128906,1.2585586309432983,1.248974084854126,1.0225473991452798
7,8.479576110839844,1.2611517906188965,1.247480034828186,1.0231316538418684
7,8.503918647766113,1.263628602027893,1.2460198402404785,1.023673467458136
7,8.528130531311035,1.265982747077942,1.2445961236953735,1.0241717662641294
7,8.552281379699707,1.2682222127914429,1.2432031631469727,1.024635488004196
7,8.576369285583496,1.2703478336334229,1.2418394088745117,1.025062264396717
7,8.60039234161377,1.2723608016967773,1.2405036687850952,1.0254663060576217
7,8.624348640441895,1.274261236190796,1.239194631576538,1.0258536603729436
7,8.6480131149292,1.276031494140625,1.2379237413406372,1.0261665026291917
7,8.671642303466797,1.2776960134506226,1.2366752624511719,1.026443130758136
7,8.695558547973633,1.2792761325836182,1.2354316711425781,1.0266946452869676
7,8.719437599182129,1.2807492017745972,1.2342095375061035,1.0269225069412942
7,8.743229866027832,1.2821133136749268,1.2330105304718018,1.027126309194009
7,8.766983032226562,1.2833725214004517,1.2318315505981445,1.027305582096627
7,8.790693283081055,1.2845282554626465,1.2306721210479736,1.0274608669971774
7,8.814361572265625,1.2855817079544067,1.2295318841934204,1.0275922339957944
7,8.83798599243164,1.2865346670150757,1.228410243988037,1.02769922742185
7,8.861564636230469,1.2873884439468384,1.2273072004318237,1.0277821634829367
7,8.885098457336426,1.288144826889038,1.226222276687622,1.027841179040551
7,8.908583641052246,1.2888057231903076,1.2251553535461426,1.0278758623565953
7,8.93196964263916,1.2893718481063843,1.2241086959838867,1.0278866010706824
7,8.955304145812988,1.289846658706665,1.2230799198150635,1.0278739703888566
7,8.97858715057373,1.2902323007583618,1.2220687866210938,1.027838549094596
7,9.00181770324707,1.2905306816101074,1.2210755348205566,1.0277611012782732
7,9.02500057220459,1.2907441854476929,1.220099687576294,1.0276382618426367
7,9.04813003540039,1.2908748388290405,1.2191416025161743,1.0274938534636366
7,9.071205139160156,1.2909247875213623,1.2182013988494873,1.0273285578734743
7,9.09422492980957,1.2908962965011597,1.2172789573669434,1.0271433085674193
7,9.1171875,1.290791630744934,1.2163746356964111,1.0269392935422386
7,9.140032768249512,1.2906134128570557,1.2154908180236816,1.0267181430904861
7,9.16281795501709,1.2903637886047363,1.2146252393722534,1.0264804859103591
7,9.185542106628418,1.290044903755188,1.2137781381607056,1.0262271294667697
7,9.20820426940918,1.2896589040756226,1.2129496335983276,1.0259593932951858
7,9.230803489685059,1.2892080545425415,1.2121398448944092,1.0256780362250122
7,9.253337860107422,1.2886942625045776,1.2113488912582397,1.0253842109559688
7,9.275806427001953,1.288119912147522,1.2105770111083984,1.0250787515760058
7,9.298209190368652,1.2874866724014282,1.2098242044448853,1.024762412402182
7,9.320545196533203,1.2867968082427979,1.2090904712677002,1.024411081850877
7,9.342842102050781,1.2860512733459473,1.2083748579025269,1.0240427512131502
7,9.365073204040527,1.285252571105957,1.2076784372329712,1.0236677136186776
7,9.387236595153809,1.2844027280807495,1.2070010900497437,1.023286637968263
7,9.409331321716309,1.283503532409668,1.2063430547714233,1.0229002311565392
7,9.431357383728027,1.2825565338134766,1.2057042121887207,1.0225089958943838
7,9.453313827514648,1.281563639640808,1.2050844430923462,1.0221132251743852
7,9.475201606750488,1.2805263996124268,1.2044837474822998,1.0217142317778516
7,9.497087478637695,1.2794429063796997,1.2039003372192383,1.0213107109307398
7,9.518902778625488,1.2783178091049194,1.2033360004425049,1.0209039208417727
7,9.5406494140625,1.27715265750885,1.2027904987335205,1.0204937675731853
7,9.562326431274414,1.2759486436843872,1.2022637128829956,1.020078740769097
7,9.583950996398926,1.2747063636779785,1.2017550468444824,1.0196554255300627
7,9.605560302734375,1.273424506187439,1.201263427734375,1.0192147555117905
7,9.627164840698242,1.2721034288406372,1.2007887363433838,1.0187708147563546
7,9.648767471313477,1.270743727684021,1.2003306150436401,1.01832266319231
7,9.670369148254395,1.2693462371826172,1.1998893022537231,1.0178708734155946
7,9.691967964172363,1.2679117918014526,1.1994643211364746,1.0174145254128977
7,9.713563919067383,1.2664413452148438,1.199055790901184,1.0169533582188532
7,9.735158920288086,1.2649353742599487,1.198663353919983,1.0164876005313008
7,9.75675106048584,1.2633949518203735,1.1982868909835815,1.016017121827143
7,9.778341293334961,1.2618207931518555,1.1979262828826904,1.015541915844183
7,9.79992961883545,1.2602133750915527,1.197581171989441,1.0150622048579312
7,9.821516036987305,1.2585737705230713,1.1972514390945435,1.0145785476846325
7,9.843099594116211,1.2569024562835693,1.1969366073608398,1.014090286053609
7,9.864681243896484,1.2552001476287842,1.1966365575790405,1.0135973186142264
7,9.886260986328125,1.2534676790237427,1.1963509321212769,1.0131000061749194
7,9.907837867736816,1.251705527305603,1.1960793733596802,1.0125984773849088
7,9.929412841796875,1.249914526939392,1.1958215236663818,1.0120921634985833
7,9.950984954833984,1.248095154762268,1.1955772638320923,1.0115616100246003
7,9.972556114196777,1.2462481260299683,1.1953459978103638,1.0110281608192442
7,9.994124412536621,1.2443739175796509,1.1951274871826172,1.010492150538107
7,10.015689849853516,1.2424732446670532,1.1949213743209839,1.0099536078669977
7,10.037253379821777,1.240546703338623,1.1947271823883057,1.0094130556466567
7,10.058815956115723,1.2385947704315186,1.1945446729660034,1.0088707854734946
7,10.080374717712402,1.2366182804107666,1.1943732500076294,1.0083269598524693
7,10.101932525634766,1.2346174716949463,1.194212555885315,1.007782079106593
7,10.12348747253418,1.2325931787490845,1.1940622329711914,1.0072362186285557
7,10.145040512084961,1.2305458784103394,1.1939218044281006,1.0066897301935136
7,10.16659927368164,1.2284753322601318,1.1937907934188843,1.0061430874039883
7,10.188225746154785,1.2263760566711426,1.1936683654785156,1.005594874758677
7,10.210171699523926,1.2242233753204346,1.193552851676941,1.0050318727883594
7,10.233017921447754,1.2219594717025757,1.193441390991211,1.0044334730003577
7,10.257567405700684,1.2195013761520386,1.1933307647705078,1.0037900251640044
7,10.28211498260498,1.2170182466506958,1.1932289600372314,1.003147614869536
7,10.308884620666504,1.2142823934555054,1.1931270360946655,1.0024503031118388
7,10.33762264251709,1.211314082145691,1.1930269002914429,1.0017060849847135
7,10.36635684967041,1.2083141803741455,1.1929354667663574,1.0009693776263664
7,10.396254539489746,1.2051599025726318,1.1928479671478271,1.0002117069719654
7,10.426148414611816,1.2019728422164917,1.1927673816680908,0.999465351790844
7,10.45648193359375,1.1987055540084839,1.1926912069320679,0.9987116739334411
7,10.486910820007324,1.19539475440979,1.1926189661026,0.9979583000734802
7,10.517335891723633,1.1920512914657593,1.1925501823425293,0.9972207575649624
7,10.547767639160156,1.1886743307113647,1.1924830675125122,0.9964991275749961
7,10.57819652557373,1.185265064239502,1.1924164295196533,0.9957968904784249
7,10.608620643615723,1.1818236112594604,1.192348837852478,0.9951129625694208
7,10.639041900634766,1.1783499717712402,1.1922787427902222,0.9944503119628937
7,10.669458389282227,1.1748439073562622,1.1922050714492798,0.9938101876559406
7,10.699872016906738,1.1713050603866577,1.1921261548995972,0.9931811445468519
7,10.730280876159668,1.1677333116531372,1.1920408010482788,0.992584332612697
7,10.760686874389648,1.1641279458999634,1.19194757938385,0.9920139922321464
7,10.791088104248047,1.160488247871399,1.1918444633483887,0.9914753783794328
7,10.82148551940918,1.1568137407302856,1.1917303800582886,0.9909726545986007
7,10.85187816619873,1.1531033515930176,1.191603422164917,0.9905004859223886
7,10.8822660446167,1.1493561267852783,1.1914619207382202,0.9900747618844395
7,10.912649154663086,1.1455711126327515,1.1913046836853027,0.9896876905591433
7,10.94302749633789,1.1417468786239624,1.1911298036575317,0.9893469073372496
7,10.973401069641113,1.1378824710845947,1.1909360885620117,0.98906394078692
7,11.003767967224121,1.1339763402938843,1.1907217502593994,0.9888266246948895
7,11.034130096435547,1.1300270557403564,1.1904853582382202,0.9886614051688084
7,11.064486503601074,1.1260334253311157,1.1902259588241577,0.9885569436143478
7,11.094836235046387,1.1219940185546875,1.1899422407150269,0.9885284104950266
7,11.125179290771484,1.1179078817367554,1.1896342039108276,0.9885956624868857
7,11.155515670776367,1.1137739419937134,1.1893013715744019,0.98873253695326
7,11.185845375061035,1.1095911264419556,1.1889437437057495,0.9889805400665209
7,11.216168403625488,1.105359435081482,1.1885619163513184,0.9893265036994918
7,11.246485710144043,1.1010781526565552,1.1881569623947144,0.9897663988460389
7,11.276795387268066,1.0967484712600708,1.1877309083938599,0.9903822022959807
7,11.307106018066406,1.092370629310608,1.1872870922088623,0.9911051513149027
7,11.337434768676758,1.087944507598877,1.1868289709091187,0.991981047371842
7,11.367756843566895,1.0834755897521973,1.186360478401184,0.9929988646393533
7,11.398138046264648,1.0789583921432495,1.1858867406845093,0.99413696857093
7,11.42851448059082,1.074406385421753,1.1854138374328613,0.9954556481415513
7,11.459024429321289,1.0698049068450928,1.1849467754364014,0.9969414714728385
7,11.48978042602539,1.0651460886001587,1.1844929456710815,0.9986403510700651
7,11.52053451538086,1.0604736804962158,1.1840627193450928,1.0005126301274858
7,11.556539535522461,1.0549982786178589,1.1836045980453491,1.0028661436986686
7,11.592547416687012,1.04953134059906,1.1832069158554077,1.005271197449878
7,11.657800674438477,1.0396982431411743,1.1826918125152588,1.010068433898679
7,11.728869438171387,1.0291858911514282,1.1824977397918701,1.0157799089202686
7,11.799981117248535,1.0189658403396606,1.1827574968338013,1.0212194278320963
7,11.928619384765625,1.0015093088150024,1.1845959424972534,1.0313070209590698
7,12.057402610778809,0.9854598641395569,1.18822181224823,1.0398224952900086
7,12.178350448608398,0.9718479514122009,1.1932963132858276,1.0466579121651076
7,12.299723625183105,0.9597181081771851,1.1999081373214722,1.0507378223030543
7,12.421160697937012,0.9491746425628662,1.2079213857650757,1.0519870503768798
7,12.439475059509277,0.9477260112762451,1.209230899810791,1.0518654324062524
8,1.4360747337341309,-0.47811996936798096,1.6494358777999878,1.044278304733317
8,1.4849891662597656,-0.47812771797180176,1.6507034301757812,1.0462842724973718
8,1.6074267625808716,-0.47816625237464905,1.650848388671875,1.0514458898899366
8,1.7297923564910889,-0.47823435068130493,1.6466542482376099,1.0552893062833837
8,1.8519504070281982,-0.4783395528793335,1.638014316558838,1.0591207896639714
8,1.9737749099731445,-0.4784829914569855,1.625458002090454,1.0594594790770508
8,2.05511212348938,-0.47860094904899597,1.6151314973831177,1.0601513870388806
8,2.1763124465942383,-0.47880688309669495,1.597524642944336,1.058327123963072
8,2.2661707401275635,-0.4789821207523346,1.583033561706543,1.05722591839906
8,2.3868374824523926,-0.47924384474754333,1.562075138092041,1.0547604481797082
8,2.507237195968628,-0.4795336425304413,1.5396320819854736,1.052607906509497
8,2.627349853515625,-0.4798494875431061,1.5157028436660767,1.051203908331134
8,2.747114896774292,-0.480191707611084,1.4900927543640137,1.050274853274762
8,2.866407871246338,-0.48056039214134216,1.4623687267303467,1.0511395400844832
8,2.9850053787231445,-0.4809558093547821,1.431814432144165,1.05333220226946
8,3.0662567615509033,-0.4812435507774353,1.4088784456253052,1.0578657774621032
8,3.1830732822418213,-0.481679767370224,1.372111439704895,1.0660842667333374
8,3.2635796070098877,-0.48199355602264404,1.3437554836273193,1.0762760071672373
8,3.3413944244384766,-0.4823017418384552,1.3136740922927856,1.0870091425316544
8,3.453889846801758,-0.48273342847824097,1.2652788162231445,1.1191163252646197
8,3.5203092098236084,-0.48296499252319336,1.2340902090072632,1.1317965061601147
8,3.629931688308716,-0.4832484722137451,1.1794830560684204,1.1780457303977026
8,3.684617519378662,-0.4833211898803711,1.151077389717102,1.1968230014832204
8,3.7471272945404053,-0.48333895206451416,1.1188193559646606,1.2175893990227005
8,3.8565728664398193,-0.483106791973114,1.0638974905014038,1.2651856561200487
8,3.968721628189087,-0.4829716086387634,1.015385389328003,1.2938881360499264
8,4.085172176361084,-0.48338252305984497,0.9784746170043945,1.3240098670101057
8,4.204854965209961,-0.48437270522117615,0.9608185887336731,1.3677845899952599
8,4.325898170471191,-0.48540785908699036,0.9625964760780334,1.3925340925431502
8,4.44276762008667,-0.4852021336555481,0.9776472449302673,1.381641350990006
8,4.551986217498779,-0.4835411608219147,1.0002110004425049,1.2845363237856207
8,4.624550819396973,-0.48135679960250854,1.0194952487945557,1.2057829535670979
8,4.721313953399658,-0.47686266899108887,1.0545470714569092,1.0800466420651322
8,4.769026279449463,-0.4737991392612457,1.077241063117981,1.0257568261652255
8,4.84965181350708,-0.4683314859867096,1.1273754835128784,0.9630567325448405
8,4.87113618850708,-0.46692854166030884,1.1436748504638672,0.9514959126816573
8,4.895647048950195,-0.46537867188453674,1.1632736921310425,0.9469283997063039
8,4.965396404266357,-0.4620020091533661,1.2204203605651855,0.9453046982503696
8,5.036094665527344,-0.4600563645362854,1.2764389514923096,0.9551208600787061
8,5.108841896057129,-0.45928528904914856,1.326492190361023,0.9714178490641292
8,5.1866374015808105,-0.4593707025051117,1.371654748916626,0.9868386351481433
8,5.265773773193359,-0.4599914848804474,1.4102766513824463,0.9975191087661992
8,5.349310874938965,-0.4609895944595337,1.4449684619903564,1.0038260906261198
8,5.4346604347229,-0.46220436692237854,1.475622296333313,1.0070197492400546
8,5.523549556732178,-0.46359118819236755,1.503522515296936,1.0062036625385669
8,5.615506172180176,-0.46512338519096375,1.528885841369629,1.0015914339253278
8,5.708186149597168,-0.46676069498062134,1.5514625310897827,0.99396830774809
8,5.803305625915527,-0.46854329109191895,1.5719630718231201,0.983935330311999
8,5.899036884307861,-0.4704558253288269,1.5901694297790527,0.9713664041061584
8,6.0004801750183105,-0.47263526916503906,1.6069769859313965,0.9556499554971998
8,6.105830192565918,-0.4751157760620117,1.621638298034668,0.9367377132147957
8,6.213570594787598,-0.47795483469963074,1.6333681344985962,0.9144295407785948
8,6.321641445159912,-0.4812490940093994,1.6413092613220215,0.8907549590714339
8,6.4311370849609375,-0.4852747917175293,1.6447595357894897,0.8685107667494102
8,6.516847610473633,-0.48908594250679016,1.6437393426895142,0.8544389848697138
8,6.622653484344482,-0.495077520608902,1.6374133825302124,0.8429950597128322
8,6.661360263824463,-0.49775710701942444,1.633626937866211,0.840579078999381
8,6.681151390075684,-0.49923866987228394,1.631404995918274,0.839908427633026
8,6.736993789672852,-0.504037082195282,1.6240102052688599,0.8367156037180268
8,6.762821197509766,-0.5065991878509521,1.6200662851333618,0.8356368264000101
8,6.788275718688965,-0.5093829035758972,1.6158697605133057,0.8345872032952798
8,6.813442707061768,-0.5124227404594421,1.6114345788955688,0.8333563745491618
8,6.8384833335876465,-0.5157693028450012,1.6067593097686768,0.8318422231774069
8,6.863431930541992,-0.519462525844574,1.6018601655960083,0.8297695908945957
8,6.888205051422119,-0.523529052734375,1.5967780351638794,0.8273340692728407
8,6.91279411315918,-0.5280138254165649,1.5915464162826538,0.8245579188343414
8,6.937273025512695,-0.5329775214195251,1.586183786392212,0.821198318379393
8,6.961521148681641,-0.5384616255760193,1.580759048461914,0.8173129519573517
8,6.98557186126709,-0.5445432066917419,1.5752978324890137,0.812295238970866
8,7.009439468383789,-0.5512965321540833,1.5698225498199463,0.8073194322396852
8,7.033049583435059,-0.5587345957756042,1.5643696784973145,0.8029118203212893
8,7.056326866149902,-0.5668965578079224,1.558975100517273,0.7991064577613527
8,7.0792107582092285,-0.5758394598960876,1.553686499595642,0.7962405133652696
8,7.101772308349609,-0.5856354832649231,1.5485165119171143,0.7950679974801315
8,7.123877048492432,-0.5962519645690918,1.5435261726379395,0.7957451680096392
8,7.145593643188477,-0.6077272295951843,1.5387343168258667,0.7987529517776129
8,7.166908264160156,-0.6200330853462219,1.5341811180114746,0.8044746510722638
8,7.187714576721191,-0.6330685019493103,1.5299302339553833,0.8125796480738827
8,7.208115577697754,-0.6468203067779541,1.5260028839111328,0.8227783837565501
8,7.228047847747803,-0.6611465215682983,1.5224477052688599,0.8342511053398738
8,7.247745990753174,-0.6760858297348022,1.5192455053329468,0.8474336097667151
8,7.26717472076416,-0.6914794445037842,1.5164222717285156,0.8610478589517634
8,7.286296367645264,-0.7071496248245239,1.5139926671981812,0.8754197391793038
8,7.305281639099121,-0.7230769395828247,1.5119291543960571,0.8900524161948127
8,7.3241729736328125,-0.7391588091850281,1.5102273225784302,0.9027950220605259
8,7.343051910400391,-0.7553336024284363,1.508872389793396,0.9154661517741556
8,7.361985206604004,-0.7715181708335876,1.5078375339508057,0.9273974911632995
8,7.380921363830566,-0.7875687479972839,1.5071148872375488,0.9380294784509761
8,7.40000057220459,-0.8035191297531128,1.5066801309585571,0.9482411213305528
8,7.419317722320557,-0.8193870782852173,1.5065206289291382,0.9566980082379337
8,7.438722610473633,-0.8350078463554382,1.5066365003585815,0.9643831304991977
8,7.458333492279053,-0.8504277467727661,1.5070064067840576,0.9722793447326142
8,7.478160381317139,-0.8656216859817505,1.507623314857483,0.9782681413862323
8,7.498117923736572,-0.8804972171783447,1.5084786415100098,0.9845768090092923
8,7.518309593200684,-0.8951007723808289,1.509559154510498,0.990234278776872
8,7.538656234741211,-0.9093549847602844,1.5108656883239746,0.9950602382292629
8,7.559309005737305,-0.9233365654945374,1.512402057647705,1.000491700504347
8,7.580105781555176,-0.9369333982467651,1.5141876935958862,1.0052190954110714
8,7.6014604568481445,-0.9504150152206421,1.5163072347640991,1.0111445409833877
8,7.622665882110596,-0.9633709192276001,1.5187805891036987,1.0139829101383653
8,7.643915176391602,-0.9760095477104187,1.5217273235321045,1.0152607643457543
8,7.665222644805908,-0.9884345531463623,1.5252410173416138,1.0101931099176866
8,7.686461448669434,-1.0006639957427979,1.5293699502944946,1.0000244383390537
8,7.70764684677124,-1.0127743482589722,1.5341205596923828,0.9812607836234185
8,7.728696823120117,-1.0247386693954468,1.5394256114959717,0.9590851806448665
8,7.749926567077637,-1.0367066860198975,1.545303463935852,0.9332596012459385
8,7.77083158493042,-1.0483454465866089,1.5515658855438232,0.9069251167451153
8,7.791374683380127,-1.0595896244049072,1.5581492185592651,0.8807839753484488
8,7.812297344207764,-1.0708069801330566,1.5652662515640259,0.8568732782709404
8,7.833181381225586,-1.0817360877990723,1.5727781057357788,0.8328495463710633
8,7.854070663452148,-1.0923595428466797,1.580682396888733,0.810468026102797
8,7.874911785125732,-1.1026411056518555,1.5889689922332764,0.7895137401425777
8,7.895761489868164,-1.1125777959823608,1.5976331233978271,0.7691991966749898
8,7.916565895080566,-1.1221308708190918,1.6066508293151855,0.7505795639588011
8,7.937321662902832,-1.13128662109375,1.616014003753662,0.7323975361411584
8,7.958129405975342,-1.1400396823883057,1.6257284879684448,0.7146366764660901
8,7.9788970947265625,-1.1483441591262817,1.635749340057373,0.698054300397802
8,7.999650955200195,-1.156170129776001,1.6460407972335815,0.6815896058590665
8,8.020419120788574,-1.1634939908981323,1.656565546989441,0.6654454114702923
8,8.041205406188965,-1.1702791452407837,1.6672744750976562,0.6500220698625012
8,8.06201171875,-1.1764936447143555,1.678122878074646,0.6344997914116974
8,8.082894325256348,-1.182111144065857,1.68904709815979,0.6198989546106805
8,8.103853225708008,-1.1870949268341064,1.6999632120132446,0.6053976091902826
8,8.124906539916992,-1.1914210319519043,1.7108060121536255,0.5920440421724465
8,8.146089553833008,-1.1950680017471313,1.7214937210083008,0.5791429444669846
8,8.16740608215332,-1.1980198621749878,1.7319462299346924,0.5675235089740068
8,8.188889503479004,-1.2002708911895752,1.7420625686645508,0.5571099753758649
8,8.210548400878906,-1.2018245458602905,1.7517565488815308,0.5481052531986093
8,8.232391357421875,-1.202698826789856,1.760926365852356,0.5413079963092972
8,8.254403114318848,-1.2029203176498413,1.7694953680038452,0.5359256529223025
8,8.276567459106445,-1.2025259733200073,1.7774076461791992,0.5328049069578683
8,8.298872947692871,-1.201568603515625,1.7846109867095947,0.531892314194872
8,8.321284294128418,-1.2001010179519653,1.791087031364441,0.5326811363314558
8,8.343770027160645,-1.1981785297393799,1.7968394756317139,0.5353208413640408
8,8.366288185119629,-1.1958638429641724,1.801883578300476,0.5403309313005875
8,8.388826370239258,-1.1932135820388794,1.8062630891799927,0.5467214044712474
8,8.411352157592773,-1.1902756690979004,1.8100351095199585,0.5542759806753663
8,8.43385124206543,-1.187090277671814,1.813265085220337,0.5628039570126342
8,8.456328392028809,-1.1836891174316406,1.8160219192504883,0.5721375110787115
8,8.478723526000977,-1.180108904838562,1.8183649778366089,0.5820739566845277
8,8.50107479095459,-1.176365613937378,1.820361852645874,0.5924537089608318
8,8.52337646484375,-1.172478199005127,1.8220674991607666,0.6033281676659982
8,8.545605659484863,-1.1684671640396118,1.823529839515686,0.6145539954409717
8,8.567779541015625,-1.1643407344818115,1.8247921466827393,0.6258015958075132
8,8.589897155761719,-1.1601077318191528,1.825889229774475,0.6369929893616111
8,8.611956596374512,-1.1557754278182983,1.8268482685089111,0.6480617374371991
8,8.633957862854004,-1.1513503789901733,1.8276902437210083,0.6589508411509081
8,8.655902862548828,-1.1468385457992554,1.828429937362671,0.6697393248761748
8,8.677773475646973,-1.1422499418258667,1.8290762901306152,0.6802872616533664
8,8.699589729309082,-1.1375863552093506,1.8296343088150024,0.6905142265489836
8,8.721354484558105,-1.1328542232513428,1.8301044702529907,0.7003931157760677
8,8.743069648742676,-1.1280606985092163,1.830484390258789,0.7098954215863266
8,8.764703750610352,-1.1232211589813232,1.8307684659957886,0.7190404124068731
8,8.786275863647461,-1.1183397769927979,1.8309497833251953,0.7278709206350953
8,8.807807922363281,-1.1134215593338013,1.8310198783874512,0.7362964192957798
8,8.829301834106445,-1.1084764003753662,1.8309699296951294,0.7443205021007169
8,8.850760459899902,-1.103514552116394,1.8307907581329346,0.7519508426004551
8,8.872185707092285,-1.0985462665557861,1.830473780632019,0.7592303798659651
8,8.893566131591797,-1.09358549118042,1.830010175704956,0.766243947284874
8,8.91491985321045,-1.0886387825012207,1.8293925523757935,0.7728820377736361
8,8.936248779296875,-1.0837165117263794,1.8286153078079224,0.7791530947576897
8,8.95755386352539,-1.0788280963897705,1.827674388885498,0.7850647803221692
8,8.978836059570312,-1.0739816427230835,1.8265669345855713,0.7906374266121126
8,9.000086784362793,-1.069185495376587,1.8252912759780884,0.7959022256056852
8,9.021317481994629,-1.0644426345825195,1.8238468170166016,0.8008010899943742
8,9.042529106140137,-1.0597566366195679,1.8222354650497437,0.8053325647013542
8,9.063721656799316,-1.0551300048828125,1.8204606771469116,0.8094946974095486
8,9.084895133972168,-1.050563097000122,1.8185268640518188,0.8132851355660409
8,9.106049537658691,-1.0460543632507324,1.816439151763916,0.8166699763967007
8,9.12719440460205,-1.0415985584259033,1.8142023086547852,0.8196582612456249
8,9.148320198059082,-1.0371941328048706,1.8118247985839844,0.8222373733559395
8,9.169427871704102,-1.0328364372253418,1.8093153238296509,0.8244151529743197
8,9.19051742553711,-1.028519868850708,1.8066824674606323,0.8262138378474422
8,9.211587905883789,-1.0242375135421753,1.8039342164993286,0.8276472277691814
8,9.23263931274414,-1.0199817419052124,1.8010789155960083,0.8287153471081898
8,9.253673553466797,-1.015744686126709,1.7981245517730713,0.8294604123695828
8,9.274691581726074,-1.0115183591842651,1.795079231262207,0.8298969572250213
8,9.295698165893555,-1.0072951316833496,1.7919502258300781,0.8299833249629209
8,9.316692352294922,-1.003068208694458,1.7887450456619263,0.8298111305500168
8,9.337671279907227,-0.9988323450088501,1.7854728698730469,0.8293755112055503
8,9.358636856079102,-0.9945797920227051,1.7821404933929443,0.8287137500713101
8,9.379589080810547,-0.9903044700622559,1.7787550687789917,0.8278779133904511
8,9.400528907775879,-0.9860009551048279,1.7753229141235352,0.8268888700085595
8,9.421454429626465,-0.9816641807556152,1.7718501091003418,0.8257271534920589
8,9.442366600036621,-0.9772896766662598,1.7683422565460205,0.8244550543238952
8,9.463264465332031,-0.9728732109069824,1.7648050785064697,0.8230707758357633
8,9.484148979187012,-0.9684106707572937,1.7612450122833252,0.8215412232857467
8,9.505020141601562,-0.9638990163803101,1.7576673030853271,0.8199539177344859
8,9.525876998901367,-0.959335207939148,1.754076600074768,0.8183192672527276
8,9.546721458435059,-0.9547165632247925,1.7504774332046509,0.8166300791542103
8,9.567551612854004,-0.9500407576560974,1.7468737363815308,0.8149116271243279
8,9.58836841583252,-0.9453054666519165,1.7432703971862793,0.8131424920937732
8,9.609171867370605,-0.9405086040496826,1.7396719455718994,0.8113579402343724
8,9.629962921142578,-0.9356491565704346,1.7360825538635254,0.8095276001097873
8,9.650740623474121,-0.9307261109352112,1.7325057983398438,0.8076970888257893
8,9.67150592803955,-0.9257382154464722,1.728945255279541,0.8058605209550245
8,9.692258834838867,-0.9206846356391907,1.7254047393798828,0.8040079818417502
8,9.71299934387207,-0.9155646562576294,1.721888780593872,0.802162140111411
8,9.73372745513916,-0.9103774428367615,1.7184003591537476,0.8003272020944736
8,9.754444122314453,-0.9051227569580078,1.7149426937103271,0.7985025825251751
8,9.77514934539795,-0.899800717830658,1.7115191221237183,0.7966512212286447
8,9.795844078063965,-0.8944119215011597,1.708133578300476,0.7947914986646413
8,9.816527366638184,-0.888956606388092,1.7047897577285767,0.7929465870877537
8,9.837200164794922,-0.883435070514679,1.7014907598495483,0.7911155550272247
8,9.857863426208496,-0.8778476119041443,1.6982390880584717,0.7892968512405958
8,9.87851619720459,-0.8721949458122253,1.6950379610061646,0.7874859079271957
8,9.899160385131836,-0.8664781451225281,1.6918915510177612,0.7856819690463354
8,9.919795036315918,-0.8606982827186584,1.688802719116211,0.783869787176816
8,9.940422058105469,-0.8548568487167358,1.6857744455337524,0.7820461941936433
8,9.961040496826172,-0.8489553928375244,1.6828092336654663,0.7802312356574215
8,9.98165225982666,-0.8429957032203674,1.6799112558364868,0.7784267623634471
8,10.002257347106934,-0.8369796276092529,1.6770837306976318,0.7766294787623216
8,10.022855758666992,-0.8309087753295898,1.6743292808532715,0.7748341014981738
8,10.043448448181152,-0.8247847557067871,1.6716502904891968,0.7730391949447362
8,10.06403636932373,-0.8186101913452148,1.6690504550933838,0.7712602826636957
8,10.084620475769043,-0.8123878836631775,1.6665332317352295,0.769484768798522
8,10.10520076751709,-0.8061200380325317,1.6641011238098145,0.7677007925689736
8,10.125778198242188,-0.7998097538948059,1.6617565155029297,0.7659014569070074
8,10.146360397338867,-0.7934584021568298,1.6595022678375244,0.7641200069761744
8,10.16694164276123,-0.7870716452598572,1.6573423147201538,0.7623371320825771
8,10.187590599060059,-0.7806313037872314,1.6552724838256836,0.760547058162149
8,10.208547592163086,-0.7740646600723267,1.6532734632492065,0.7587361899718307
8,10.230366706848145,-0.7672011256217957,1.651305079460144,0.7568881682215192
8,10.252189636230469,-0.7603143453598022,1.6494539976119995,0.7550490512245432
8,10.275646209716797,-0.7528916001319885,1.6475975513458252,0.7530916046725961
8,10.301234245300293,-0.7447770833969116,1.6457329988479614,0.751009483281673
8,10.326831817626953,-0.7366510033607483,1.6440402269363403,0.7489567977964194
8,10.354324340820312,-0.7279213666915894,1.6424182653427124,0.746776267552565
8,10.382946014404297,-0.7188420295715332,1.64095139503479,0.744557929461161
8,10.41158390045166,-0.7097794413566589,1.6397165060043335,0.7423803163045444
8,10.440666198730469,-0.7006120681762695,1.6387075185775757,0.7401777115029228
8,10.469767570495605,-0.6914857625961304,1.63795006275177,0.738067707817433
8,10.498988151550293,-0.6823863387107849,1.6374504566192627,0.7359832896435805
8,10.52823257446289,-0.6733540296554565,1.6372162103652954,0.7339358338115234
8,10.557512283325195,-0.6643999814987183,1.637252926826477,0.7319849092200419
8,10.586819648742676,-0.6555407047271729,1.6375659704208374,0.7300624225335106
8,10.616154670715332,-0.6467859745025635,1.6381580829620361,0.7282015198028081
8,10.645516395568848,-0.6381510496139526,1.6390340328216553,0.7264233997491126
8,10.674906730651855,-0.629645824432373,1.6401957273483276,0.7246772661470811
8,10.704324722290039,-0.621281087398529,1.6416453123092651,0.7229871646574687
8,10.733770370483398,-0.6130695939064026,1.6433844566345215,0.7213732952216425
8,10.7632417678833,-0.6050198078155518,1.6454133987426758,0.7197859304007264
8,10.792738914489746,-0.5971406102180481,1.6477320194244385,0.7182522884497481
8,10.822257995605469,-0.5894407629966736,1.650339126586914,0.7167896071248426
8,10.851799011230469,-0.5819278359413147,1.6532330513000488,0.7153457359719363
8,10.881359100341797,-0.5746071934700012,1.6564112901687622,0.7139201227065368
8,10.910935401916504,-0.5674847960472107,1.6598706245422363,0.7125685794581221
8,10.940526962280273,-0.560565710067749,1.663606882095337,0.7112210980917731
8,10.970130920410156,-0.5538529753684998,1.6676158905029297,0.7098556325008344
8,10.999743461608887,-0.5473499298095703,1.6718918085098267,0.7085057258199986
8,11.029363632202148,-0.5410593748092651,1.6764286756515503,0.7071606715640543
8,11.058987617492676,-0.5349822640419006,1.681220531463623,0.7058014519717001
8,11.088614463806152,-0.5291182398796082,1.6862599849700928,0.704408587039147
8,11.118239402770996,-0.5234670042991638,1.6915409564971924,0.7029820198245699
8,11.147862434387207,-0.5180286169052124,1.6970539093017578,0.7015416144082096
8,11.177480697631836,-0.5128017067909241,1.7027913331985474,0.7000245581101565
8,11.20709228515625,-0.5077837705612183,1.7087452411651611,0.698468562820418
8,11.236698150634766,-0.502971351146698,1.7149065732955933,0.6968334336678599
8,11.266294479370117,-0.49836266040802,1.7212672233581543,0.695118315844994
8,11.295886993408203,-0.4939531683921814,1.7278172969818115,0.693362265692545
8,11.325469017028809,-0.48974090814590454,1.7345466613769531,0.6914873998602536
8,11.355062484741211,-0.4857184588909149,1.7414512634277344,0.6895487009601312
8,11.384706497192383,-0.4818769693374634,1.7485285997390747,0.6874622935086284
8,11.414339065551758,-0.4782217741012573,1.7557538747787476,0.6852728421405994
8,11.444095611572266,-0.4747318625450134,1.7631464004516602,0.6829633845251468
8,11.473841667175293,-0.47142094373703003,1.7706621885299683,0.6805394359246946
8,11.503820419311523,-0.46825936436653137,1.7783477306365967,0.6780405462317471
8,11.538908958435059,-0.46476680040359497,1.787468433380127,0.6749899585904088
8,11.57398796081543,-0.46148476004600525,1.7967039346694946,0.6718477558715996
8,11.637535095214844,-0.4560360908508301,1.813645839691162,0.6656707577403859
8,11.70107650756836,-0.45120516419410706,1.8307968378067017,0.6591018149721753
8,11.770259857177734,-0.4466146230697632,1.8496077060699463,0.6519334712558321
8,11.839481353759766,-0.44269368052482605,1.868431568145752,0.6439802947322182
8,11.964744567871094,-0.4371969401836395,1.9021223783493042,0.6296834811782962
8,12.082549095153809,-0.433814138174057,1.9329454898834229,0.6143327264481873
8,12.200697898864746,-0.4321380853652954,1.962565302848816,0.599872499900964
8,12.319621086120605,-0.4322640597820282,1.990479588508606,0.5862764077844264
8,12.43901538848877,-0.43433627486228943,2.0162198543548584,0.5744192768653874
8,12.558899879455566,-0.43851909041404724,2.039280891418457,0.5655360440994374
8,12.669044494628906,-0.4442600607872009,2.057530164718628,0.5620405217974153
9,0.6414505243301392,-0.8887923359870911,1.269213080406189,1.0030552168060165
9,0.6874552369117737,-0.888811469078064,1.2725228071212769,1.0045111243095013
9,0.8058239817619324,-0.8888575434684753,1.2824711799621582,1.0103777203969675
9,0.9240360260009766,-0.888898491859436,1.2941455841064453,1.0168760108014319
9,1.044299602508545,-0.8889350891113281,1.3066353797912598,1.0238782395129018
9,1.164594054222107,-0.8889713287353516,1.3188204765319824,1.0297243154249687
9,1.2860373258590698,-0.8890140056610107,1.3297638893127441,1.035565327436178
9,1.4080830812454224,-0.8890761733055115,1.3380154371261597,1.0414709395111343
9,1.5303139686584473,-0.8891677856445312,1.342710256576538,1.0464327673161262
9,1.65274977684021,-0.8893083930015564,1.3425936698913574,1.0518904385824068
9,1.7751033306121826,-0.8895081877708435,1.3374686241149902,1.055481143852847
9,1.855976939201355,-0.8896777033805847,1.3312596082687378,1.0585345277067664
9,1.9777625799179077,-0.8899896740913391,1.3183445930480957,1.0607553462425952
9,2.051713466644287,-0.890212893486023,1.3086084127426147,1.0626561889943535
9,2.1728243827819824,-0.8906248211860657,1.2903996706008911,1.0647204550456162
9,2.265521287918091,-0.8909747004508972,1.2749799489974976,1.0671085470917165
9,2.386104106903076,-0.8914586305618286,1.253545880317688,1.0715978869595388
9,2.506464719772339,-0.8919633030891418,1.2308965921401978,1.0780668074116815
9,2.6266002655029297,-0.8924713730812073,1.2070828676223755,1.0871240221246956
9,2.7464723587036133,-0.8929628133773804,1.1819789409637451,1.1014228601272709
9,2.865997552871704,-0.8934004902839661,1.1552715301513672,1.1214209988243944
9,2.9850265979766846,-0.8937113285064697,1.1264359951019287,1.154492853047102
9,3.0520198345184326,-0.8938188552856445,1.109266996383667,1.1777248398782192
9,3.170070171356201,-0.8938372135162354,1.0766613483428955,1.2349685209000074
9,3.2872142791748047,-0.8935979008674622,1.040936827659607,1.304737020472907
9,3.4032468795776367,-0.8929014801979065,1.00175940990448,1.386418615622507
9,3.518247127532959,-0.8915978670120239,0.95965576171875,1.4687979508372309
9,3.63274884223938,-0.8893205523490906,0.9162527918815613,1.546023956602553
9,3.678576946258545,-0.8881323933601379,0.898619532585144,1.5698825047095202
9,3.793644905090332,-0.8844249844551086,0.8569193482398987,1.615552976279061
9,3.850186824798584,-0.8821989893913269,0.8377785086631775,1.6342692021718686
9,3.9669830799102783,-0.8775959014892578,0.8020882606506348,1.643843305320033
9,4.085433483123779,-0.8734974265098572,0.7722863554954529,1.6631305272639414
9,4.204562664031982,-0.8707855939865112,0.7506613731384277,1.712846729585227
9,4.2589111328125,-0.8699950575828552,0.7438622117042542,1.7421530055751848
9,4.324951171875,-0.8692334890365601,0.7390388250350952,1.78668228124866
9,4.44281530380249,-0.8681974411010742,0.7400764226913452,1.870790920582731
9,4.5534844398498535,-0.867181122303009,0.7534810900688171,1.929332485712044
9,4.624242782592773,-0.8665117025375366,0.7689731121063232,1.9536884824703342
9,4.722400188446045,-0.8657772541046143,0.800226628780365,1.9454951031747592
9,4.806873798370361,-0.8658319711685181,0.8375980257987976,1.905701934439329
9,4.856535911560059,-0.8663187623023987,0.8644163608551025,1.845871576774231
9,4.886350631713867,-0.8668093085289001,0.882633626461029,1.810114264232404
9,4.960569381713867,-0.8689066767692566,0.9337477087974548,1.6766853637304224
9,4.989141941070557,-0.8700326085090637,0.9555803537368774,1.6232323365151706
9,5.02364444732666,-0.8715432286262512,0.9831413626670837,1.549063194902292
9,5.092092514038086,-0.8750554323196411,1.0391855239868164,1.4199141628545402
9,5.136134624481201,-0.8774791955947876,1.0748074054718018,1.3426287666480943
9,5.2075629234313965,-0.881317138671875,1.127503752708435,1.2494165409307834
9,5.268910884857178,-0.884430468082428,1.166759967803955,1.19597560874867
9,5.318863391876221,-0.8867613673210144,1.1942775249481201,1.1693418180807185
9,5.402720928192139,-0.8904464840888977,1.233349323272705,1.1393802207846726
9,5.489115238189697,-0.8940883874893188,1.2664713859558105,1.119993568993363
9,5.560445308685303,-0.8970833420753479,1.2897815704345703,1.1077955726673459
9,5.6470561027526855,-0.9008331894874573,1.314433217048645,1.0950917827662643
9,5.735854625701904,-0.9048945903778076,1.3363471031188965,1.0833770593976724
9,5.8329572677612305,-0.9096946120262146,1.3570927381515503,1.0710931512304036
9,5.928432941436768,-0.9148942828178406,1.3746445178985596,1.0590718831450492
9,6.025805473327637,-0.9208229184150696,1.389922022819519,1.0468888485455419
9,6.124622821807861,-0.9276388883590698,1.4028706550598145,1.0351617029858369
9,6.225693225860596,-0.9356173872947693,1.4135141372680664,1.0242880283997433
9,6.326684951782227,-0.9447921514511108,1.4215011596679688,1.0154638619638312
9,6.428738594055176,-0.9554334878921509,1.4268945455551147,1.009355117471746
9,6.530726432800293,-0.9676216840744019,1.4295921325683594,1.0070180508971818
9,6.583951950073242,-0.9746819138526917,1.4299005270004272,1.0070477986869737
9,6.637106895446777,-0.9822474718093872,1.4294357299804688,1.0091649779743301
9,6.663670539855957,-0.9862245917320251,1.4289209842681885,1.0104134638830942
9,6.690020561218262,-0.9903025031089783,1.428227186203003,1.0120191836865715
9,6.716246128082275,-0.9944936633110046,1.427358865737915,1.0139758604221278
9,6.742396354675293,-0.9988057613372803,1.4263204336166382,1.016279590211168
9,6.768494129180908,-1.003242015838623,1.425117015838623,1.0189021536266276
9,6.794527530670166,-1.0077996253967285,1.423755168914795,1.0218590776667937
9,6.8205132484436035,-1.0124821662902832,1.422239899635315,1.025157427476906
9,6.846836566925049,-1.0173561573028564,1.420559048652649,1.0287604890468416
9,6.873403072357178,-1.0224109888076782,1.418718934059143,1.032877450167962
9,6.899975299835205,-1.0276076793670654,1.4167382717132568,1.0373094342146347
9,6.925642013549805,-1.0327584743499756,1.4147018194198608,1.041868948660456
9,6.951275825500488,-1.0380300283432007,1.4125562906265259,1.046714893794221
9,6.976871013641357,-1.043419599533081,1.4103119373321533,1.0518336855921648
9,7.0024213790893555,-1.048924207687378,1.4079785346984863,1.0572063667321336
9,7.027922630310059,-1.0545400381088257,1.4055664539337158,1.0627417842020752
9,7.053375720977783,-1.060263752937317,1.4030849933624268,1.0684474011357141
9,7.078775882720947,-1.0660889148712158,1.4005448818206787,1.0743036326483493
9,7.104120254516602,-1.0720072984695435,1.397956371307373,1.080273554560544
9,7.129406929016113,-1.078008770942688,1.3953295946121216,1.0862683490044625
9,7.154648303985596,-1.0840864181518555,1.3926732540130615,1.0922709388007856
9,7.17983341217041,-1.0902273654937744,1.3899985551834106,1.0983526505381564
9,7.204960823059082,-1.096422791481018,1.387315034866333,1.104572119147984
9,7.2300543785095215,-1.102672815322876,1.3846300840377808,1.110967407190391
9,7.255105495452881,-1.108974814414978,1.3819541931152344,1.1175466871264028
9,7.2801008224487305,-1.1153227090835571,1.3792980909347534,1.1243669435962322
9,7.305038928985596,-1.1217124462127686,1.3766708374023438,1.1314330576312415
9,7.329918384552002,-1.1281403303146362,1.3740818500518799,1.138686621564702
9,7.354754447937012,-1.134611964225769,1.3715412616729736,1.1461189825416522
9,7.3795318603515625,-1.1411199569702148,1.3690623044967651,1.1538171935385215
9,7.404250144958496,-1.1476596593856812,1.3666571378707886,1.1618197113282875
9,7.428908348083496,-1.15422785282135,1.3643404245376587,1.1700288966844115
9,7.453522682189941,-1.1608327627182007,1.3621301651000977,1.1784796564019846
9,7.478076934814453,-1.167467713356018,1.3600473403930664,1.187216228912273
9,7.502570152282715,-1.1741327047348022,1.358115315437317,1.1963355206782285
9,7.5269999504089355,-1.1808316707611084,1.3563605546951294,1.2048347538671884
9,7.552009105682373,-1.1877503395080566,1.354771614074707,1.2135222138863013
9,7.576346397399902,-1.194556713104248,1.353467345237732,1.2211870059383685
9,7.6006083488464355,-1.201425552368164,1.3524329662322998,1.2273455054687028
9,7.6247968673706055,-1.2083743810653687,1.3516894578933716,1.2311949878778383
9,7.648895263671875,-1.2154074907302856,1.3512465953826904,1.2324746426194735
9,7.673238277435303,-1.2226197719573975,1.3510899543762207,1.231134021619752
9,7.697085857391357,-1.22977876663208,1.3511977195739746,1.2270559541162105
9,7.720458030700684,-1.2368695735931396,1.3515331745147705,1.2208464094120406
9,7.7442402839660645,-1.244126796722412,1.352075457572937,1.2134241208172711
9,7.767960071563721,-1.251374363899231,1.3527954816818237,1.204921696695652
9,7.791623115539551,-1.25858473777771,1.3536829948425293,1.1955076974835095
9,7.8152384757995605,-1.265734076499939,1.3547393083572388,1.186085875510062
9,7.838809013366699,-1.2728019952774048,1.3559774160385132,1.176744241414245
9,7.862334728240967,-1.2797714471817017,1.3574280738830566,1.1677831674852577
9,7.885837554931641,-1.286639928817749,1.359114170074463,1.1595944184088716
9,7.909289836883545,-1.2933918237686157,1.3610692024230957,1.1521257261224935
9,7.932696342468262,-1.3000245094299316,1.363324522972107,1.1456817052551536
9,7.956021308898926,-1.306525707244873,1.3659013509750366,1.1397109634080658
9,7.97921085357666,-1.312880277633667,1.3688026666641235,1.1348439558683676
9,8.00208568572998,-1.3190419673919678,1.3719967603683472,1.130754559238544
9,8.025443077087402,-1.3252204656600952,1.375598669052124,1.1269082000255053
9,8.049625396728516,-1.331487774848938,1.3796820640563965,1.1228052536250122
9,8.073965072631836,-1.3376597166061401,1.3841148614883423,1.1186629243519817
9,8.098164558410645,-1.3436428308486938,1.3888343572616577,1.1142204279646748
9,8.123096466064453,-1.3496345281600952,1.3939995765686035,1.1095658717816663
9,8.14722728729248,-1.3552488088607788,1.399269700050354,1.104357572118288
9,8.171303749084473,-1.360648274421692,1.404773235321045,1.0988294551241338
9,8.195295333862305,-1.365804672241211,1.4104862213134766,1.09294452002423
9,8.219231605529785,-1.370706558227539,1.4163987636566162,1.0870118353821945
9,8.24305534362793,-1.3753255605697632,1.422480821609497,1.0810819217202339
9,8.266820907592773,-1.3796547651290894,1.4287283420562744,1.0748999569208295
9,8.290497779846191,-1.3836679458618164,1.435110330581665,1.0686782112442421
9,8.314123153686523,-1.3873580694198608,1.4416171312332153,1.062703520467276
9,8.337697982788086,-1.3907147645950317,1.4482284784317017,1.0570092805049682
9,8.3611478805542,-1.393718957901001,1.4548999071121216,1.051532610234956
9,8.384662628173828,-1.396386742591858,1.4616568088531494,1.0461844386246486
9,8.408132553100586,-1.3986989259719849,1.4684416055679321,1.0411929246098082
9,8.431557655334473,-1.4006552696228027,1.4752295017242432,1.0365240337239316
9,8.454853057861328,-1.4022513628005981,1.4819673299789429,1.0319559618714405
9,8.47805404663086,-1.4034950733184814,1.4886350631713867,1.0276078952423315
9,8.501232147216797,-1.404399037361145,1.4952269792556763,1.0235791800643421
9,8.524386405944824,-1.4049726724624634,1.5017176866531372,1.0198710384979022
9,8.54751968383789,-1.4052269458770752,1.508082389831543,1.0163380481958246
9,8.570574760437012,-1.4051737785339355,1.5142788887023926,1.013048646445486
9,8.593608856201172,-1.404828429222107,1.52030348777771,1.0100605568909455
9,8.616619110107422,-1.4042061567306519,1.5261389017105103,1.0073554000749765
9,8.639606475830078,-1.4033238887786865,1.53177011013031,1.0048944983387924
9,8.662501335144043,-1.4022026062011719,1.5371648073196411,1.002576912325804
9,8.685369491577148,-1.4008582830429077,1.5423274040222168,1.0004956395849347
9,8.708209037780762,-1.3993093967437744,1.5472493171691895,0.998611544226247
9,8.731042861938477,-1.3975727558135986,1.5519282817840576,0.9968919955355461
9,8.753843307495117,-1.395668864250183,1.5563536882400513,0.9953303424446577
9,8.77653980255127,-1.3936227560043335,1.5605093240737915,0.9938829110727481
9,8.799123764038086,-1.3914555311203003,1.5643917322158813,0.9925364562535223
9,8.82166576385498,-1.3891781568527222,1.5680137872695923,0.9912983105307558
9,8.844165802001953,-1.3868075609207153,1.571375846862793,0.9901520076038016
9,8.866619110107422,-1.3843600749969482,1.5744788646697998,0.989085030966412
9,8.889023780822754,-1.3818509578704834,1.5773248672485352,0.9880833303374147
9,8.911453247070312,-1.3792861700057983,1.5799248218536377,0.9871389903919385
9,8.933829307556152,-1.3766875267028809,1.5822724103927612,0.9862542470281527
9,8.956151962280273,-1.3740674257278442,1.584371566772461,0.9854175967037352
9,8.978449821472168,-1.3714338541030884,1.5862294435501099,0.9846212730193313
9,9.000689506530762,-1.3688009977340698,1.587848424911499,0.9838886974481068
9,9.022869110107422,-1.366178274154663,1.5892343521118164,0.9832249005954449
9,9.044903755187988,-1.3635839223861694,1.5903899669647217,0.9826232910992204
9,9.06693172454834,-1.3610084056854248,1.5913312435150146,0.9820980114632837
9,9.088861465454102,-1.3584685325622559,1.5920605659484863,0.9816489574314057
9,9.110722541809082,-1.355965495109558,1.5925875902175903,0.9812673471028226
9,9.1325101852417,-1.3535032272338867,1.5929210186004639,0.9809540099221963
9,9.15422534942627,-1.351084589958191,1.5930694341659546,0.9807062409001913
9,9.175864219665527,-1.3487112522125244,1.5930416584014893,0.980509434721953
9,9.197469711303711,-1.3463793992996216,1.5928459167480469,0.980348604132549
9,9.219077110290527,-1.3440853357315063,1.59248948097229,0.9802372987789914
9,9.240621566772461,-1.3418351411819458,1.591981291770935,0.9801745602450028
9,9.262149810791016,-1.3396228551864624,1.5913283824920654,0.9801536943133695
9,9.283676147460938,-1.3374451398849487,1.590537428855896,0.9801667032177591
9,9.305200576782227,-1.3352997303009033,1.5896159410476685,0.9802047841314262
9,9.326722145080566,-1.3331838846206665,1.5885709524154663,0.9802590757532801
9,9.348240852355957,-1.331094741821289,1.5874093770980835,0.9803138049804087
9,9.369754791259766,-1.3290287256240845,1.5861382484436035,0.9803614726888065
9,9.391264915466309,-1.3269822597503662,1.5847641229629517,0.9804012274881615
9,9.412769317626953,-1.3249516487121582,1.5832939147949219,0.9804260426448603
9,9.434269905090332,-1.3229327201843262,1.5817335844039917,0.9804214379098057
9,9.455763816833496,-1.3209213018417358,1.5800894498825073,0.9803912660588704
9,9.477252006530762,-1.3189138174057007,1.5783671140670776,0.980330964475239
9,9.498734474182129,-1.316906213760376,1.5765721797943115,0.9802313020636054
9,9.520211219787598,-1.3148950338363647,1.5747100114822388,0.9800854022692753
9,9.541681289672852,-1.3128767013549805,1.5727852582931519,0.9799007919946612
9,9.563145637512207,-1.3108479976654053,1.5708028078079224,0.9796762330137688
9,9.584603309631348,-1.3088057041168213,1.5687670707702637,0.9794110517095124
9,9.606054306030273,-1.3067468404769897,1.5666821002960205,0.9791051514167597
9,9.6274995803833,-1.3046687841415405,1.5645517110824585,0.978756880489925
9,9.648938179016113,-1.302569031715393,1.5623794794082642,0.97835628839211
9,9.670371055603027,-1.300445318222046,1.5601688623428345,0.9779076622981228
9,9.691797256469727,-1.2982953786849976,1.5579227209091187,0.9774146776175882
9,9.713216781616211,-1.2961173057556152,1.555644154548645,0.9768841625392989
9,9.734630584716797,-1.293908953666687,1.5533357858657837,0.976319547314031
9,9.756038665771484,-1.2916690111160278,1.5510002374649048,0.9757226461207271
9,9.77743911743164,-1.2893959283828735,1.5486397743225098,0.975095139008139
9,9.798834800720215,-1.2870882749557495,1.5462567806243896,0.9744353679771506
9,9.820223808288574,-1.2847450971603394,1.5438530445098877,0.9737420041314797
9,9.841606140136719,-1.2823652029037476,1.5414307117462158,0.9730236711492615
9,9.862982749938965,-1.2799476385116577,1.5389914512634277,0.9722749289399854
9,9.884352684020996,-1.2774916887283325,1.5365370512008667,0.971493935884328
9,9.905716896057129,-1.274996280670166,1.5340691804885864,0.9706910678811813
9,9.927075386047363,-1.272460699081421,1.5315892696380615,0.9698578797653181
9,9.948427200317383,-1.2698843479156494,1.5290989875793457,0.9690015524666473
9,9.969773292541504,-1.2672663927078247,1.5265997648239136,0.9681223286550062
9,9.991113662719727,-1.2646063566207886,1.5240929126739502,0.9672258681387012
9,10.012447357177734,-1.261904001235962,1.5215798616409302,0.9663128498565752
9,10.033774375915527,-1.259158730506897,1.519061803817749,0.9653840575350943
9,10.055096626281738,-1.256370186805725,1.5165401697158813,0.9644400127624502
9,10.076412200927734,-1.2535382509231567,1.514016032218933,0.9634734338932549
9,10.097722053527832,-1.2506625652313232,1.5114905834197998,0.9624751787216466
9,10.119026184082031,-1.2477428913116455,1.5089651346206665,0.9614528468168405
9,10.140323638916016,-1.244779109954834,1.5064411163330078,0.960413424033222
9,10.161622047424316,-1.2417701482772827,1.5039188861846924,0.9593565011542619
9,10.182984352111816,-1.2387068271636963,1.5013923645019531,0.9582771236887818
9,10.204659461975098,-1.235552191734314,1.498833179473877,0.957163624050256
9,10.227218627929688,-1.2322193384170532,1.4961758852005005,0.9559838302758128
9,10.249771118164062,-1.228837251663208,1.4935270547866821,0.9547903724580135
9,10.274001121520996,-1.2251485586166382,1.4906913042068481,0.9535075598569731
9,10.300419807434082,-1.2210623025894165,1.4876139163970947,0.9520720478785973
9,10.32682991027832,-1.2169108390808105,1.4845551252365112,0.9506021756207649
9,10.35517692565918,-1.2123817205429077,1.4812945127487183,0.9490303149057586
9,10.384665489196777,-1.2075903415679932,1.4779311418533325,0.9473425378561613
9,10.414143562316895,-1.2027195692062378,1.4746010303497314,0.9456404852426388
9,10.444050788879395,-1.1976964473724365,1.471260905265808,0.9438900324883731
9,10.47394847869873,-1.1925934553146362,1.467965006828308,0.9420850940337707
9,10.503935813903809,-1.1873952150344849,1.4647082090377808,0.9402726845748256
9,10.533926010131836,-1.182118535041809,1.4615062475204468,0.9383666852092059
9,10.563909530639648,-1.1767667531967163,1.4583648443222046,0.9364472957451468
9,10.593886375427246,-1.1713430881500244,1.4552911520004272,0.9345079314915063
9,10.623859405517578,-1.165850043296814,1.4522913694381714,0.9325235118208469
9,10.653826713562012,-1.160291075706482,1.4493725299835205,0.9305393638510632
9,10.683791160583496,-1.1546701192855835,1.4465415477752686,0.9285035016196361
9,10.713753700256348,-1.1489900350570679,1.443804144859314,0.9264585626988935
9,10.743715286254883,-1.1432570219039917,1.4411698579788208,0.9244037411634377
9,10.773676872253418,-1.1374751329421997,1.4386447668075562,0.9222977408587263
9,10.803640365600586,-1.1316503286361694,1.436237096786499,0.9201769804568254
9,10.833605766296387,-1.125788688659668,1.4339547157287598,0.9180218583418813
9,10.863574981689453,-1.119895577430725,1.4318041801452637,0.9158795654774348
9,10.893548965454102,-1.113979697227478,1.4297951459884644,0.9137294891464076
9,10.923528671264648,-1.108046293258667,1.4279333353042603,0.9115655927415899
9,10.953516960144043,-1.1021029949188232,1.4262264966964722,0.9094015130082155
9,10.983512878417969,-1.0961580276489258,1.4246821403503418,0.9072452832091327
9,11.013518333435059,-1.0902189016342163,1.4233065843582153,0.9051018291439469
9,11.043535232543945,-1.0842949151992798,1.4221069812774658,0.9029585990350387
9,11.073561668395996,-1.078392744064331,1.4210882186889648,0.9008217230544416
9,11.10360050201416,-1.0725210905075073,1.4202561378479004,0.8987006561348491
9,11.133651733398438,-1.0666898488998413,1.4196162223815918,0.8966122131720634
9,11.163715362548828,-1.060906171798706,1.4191720485687256,0.8945310961116043
9,11.193793296813965,-1.0551791191101074,1.4189279079437256,0.8924582263308262
9,11.223884582519531,-1.0495156049728394,1.4188859462738037,0.8904057532134733
9,11.253989219665527,-1.043924331665039,1.4190489053726196,0.8883877196202778
9,11.2841157913208,-1.0384128093719482,1.419418215751648,0.8863887344098618
9,11.314254760742188,-1.0329887866973877,1.4199943542480469,0.884394163465937
9,11.344429969787598,-1.027655839920044,1.4207777976989746,0.8824037373019983
9,11.374617576599121,-1.0224244594573975,1.421766757965088,0.8804404246827815
9,11.40488052368164,-1.0172916650772095,1.4229615926742554,0.8784857490685453
9,11.435293197631836,-1.0122528076171875,1.4243626594543457,0.8765253662014884
9,11.465716361999512,-1.007336974143982,1.4259605407714844,0.8745564392390413
9,11.4963960647583,-1.0025124549865723,1.4277639389038086,0.8725642625731057
9,11.527085304260254,-0.9978185892105103,1.429750919342041,0.8706380880197746
9,11.56302547454834,-0.9924819469451904,1.4322911500930786,0.868390236199207
9,11.628167152404785,-0.9832475185394287,1.4374152421951294,0.8643503547284651
9,11.69333553314209,-0.9745814800262451,1.4431558847427368,0.8602290332997912
9,11.764307022094727,-0.9658008217811584,1.4500271081924438,0.8556791898762742
9,11.835304260253906,-0.9577111601829529,1.457458257675171,0.8508791674532266
9,11.963672637939453,-0.9448240399360657,1.4719961881637573,0.841947062608182
9,12.084206581115723,-0.9348169565200806,1.4865121841430664,0.832353620140588
9,12.111872673034668,-0.9328100681304932,1.4899197816848755,0.8302040485592325
10,0.9774272441864014,1.2592244148254395,2.229623794555664,1.017321345648564
10,1.0981560945510864,1.259401559829712,2.2362444400787354,1.0220805449568509
10,1.219964861869812,1.2596077919006348,2.2418088912963867,1.0268981978533154
10,1.3105077743530273,1.2597805261611938,2.2449638843536377,1.0301241456422612
10,1.4328147172927856,1.2600489854812622,2.2470998764038086,1.0345373796616408
10,1.5551373958587646,1.2603625059127808,2.2464752197265625,1.037378809921861
10,1.6775164604187012,1.260729193687439,2.2426161766052246,1.0398632166285342
10,1.7997791767120361,1.261153221130371,2.2355659008026123,1.0403270298406533
10,1.9218289852142334,1.2616369724273682,2.225471258163452,1.0391688558740455
10,2.043651819229126,1.2621806859970093,2.212890386581421,1.0368982649350231
10,2.165247678756714,1.2627829313278198,2.198270082473755,1.0318840857279499
10,2.2866475582122803,1.2634422779083252,2.1821045875549316,1.0263190091663537
10,2.4078898429870605,1.2641568183898926,2.164792537689209,1.0194177029253488
10,2.5289885997772217,1.2649269104003906,2.1465044021606445,1.0115367589143003
10,2.649960994720459,1.2657541036605835,2.127401113510132,1.0031991083723029
10,2.7708020210266113,1.2666417360305786,2.1074862480163574,0.9929672761814119
10,2.891500949859619,1.2675927877426147,2.086730480194092,0.9817280544577978
10,3.0120363235473633,1.2686103582382202,2.0650484561920166,0.9684250303047282
10,3.1323788166046143,1.2696948051452637,2.042323350906372,0.9517055109154845
10,3.252488374710083,1.270847201347351,2.018402576446533,0.9330306955139221
10,3.3723318576812744,1.2720701694488525,1.9931845664978027,0.9076906179939297
10,3.4528145790100098,1.2729339599609375,1.9754307270050049,0.8898856666905174
10,3.5722062587738037,1.2742830514907837,1.9481596946716309,0.8569474111599724
10,3.650535821914673,1.2752115726470947,1.9297584295272827,0.834712349427
10,3.7697198390960693,1.2766832113265991,1.9016857147216797,0.7969311530487557
10,3.8890771865844727,1.2782139778137207,1.8743640184402466,0.7570941076217356
10,4.008801460266113,1.2798593044281006,1.849792718887329,0.7167097694629537
10,4.10215425491333,1.2812579870224,1.8336894512176514,0.6889389118765472
10,4.222393035888672,1.2833822965621948,1.8192440271377563,0.6593478594414431
10,4.3307929039001465,1.2857266664505005,1.8136028051376343,0.6486400916833442
10,4.448573112487793,1.2888875007629395,1.8166571855545044,0.6500989848111625
10,4.559486389160156,1.2924232482910156,1.827843427658081,0.6717512615345602
10,4.669521808624268,1.2964004278182983,1.8456717729568481,0.7032600562496593
10,4.770436763763428,1.3003674745559692,1.8662731647491455,0.7371773107904324
10,4.863160610198975,1.3042289018630981,1.8874282836914062,0.7716024279469137
10,4.955639362335205,1.3082505464553833,1.909605860710144,0.8052374134567316
10,5.040123462677002,1.312050461769104,1.9300209283828735,0.8341145463726948
10,5.12522029876709,1.3159865140914917,1.950251817703247,0.8609206529019019
10,5.209665298461914,1.3199962377548218,1.9698044061660767,0.8847535912701262
10,5.294092655181885,1.3241212368011475,1.988708257675171,0.9053412092031946
10,5.378659248352051,1.3283894062042236,2.0069491863250732,0.9228394663125078
10,5.463346481323242,1.3328243494033813,2.0245091915130615,0.9378593650511085
10,5.548160552978516,1.3374532461166382,2.041393280029297,0.9507670560336817
10,5.633087635040283,1.3422993421554565,2.0576376914978027,0.9621512131291584
10,5.718127250671387,1.3473871946334839,2.0732791423797607,0.9719103013068224
10,5.804440498352051,1.3528199195861816,2.088545799255371,0.9803811485077775
10,5.891045093536377,1.358571171760559,2.1032819747924805,0.9874460816943877
10,5.97771692276001,1.3646572828292847,2.1174774169921875,0.9935323500340965
10,6.0672125816345215,1.371322512626648,2.131584405899048,0.9990919016887942
10,6.159652233123779,1.3786544799804688,2.1456007957458496,1.0042266212237532
10,6.254673004150391,1.3867032527923584,2.1594648361206055,1.009110910763424
10,6.35152530670166,1.3954803943634033,2.1730825901031494,1.013496432485236
10,6.45003080368042,1.405027151107788,2.1864399909973145,1.0173421934466773
10,6.5485429763793945,1.4152276515960693,2.1992578506469727,1.0210573180923712
10,6.5741047859191895,1.4179835319519043,2.202481508255005,1.021911501882387
10,6.599546909332275,1.4207725524902344,2.2056496143341064,1.022699360268478
10,6.624885559082031,1.4235965013504028,2.2087669372558594,1.0234582159808057
10,6.650224208831787,1.426466703414917,2.2118477821350098,1.0241785577450746
10,6.675458908081055,1.4293714761734009,2.214881658554077,1.0248681806224185
10,6.700722694396973,1.432326316833496,2.217885732650757,1.025535855614187
10,6.726020336151123,1.4353324174880981,2.22086238861084,1.0261842730335944
10,6.75134801864624,1.4383898973464966,2.2238118648529053,1.0268162706151331
10,6.776700496673584,1.4414989948272705,2.2267348766326904,1.0274341891744074
10,6.802071571350098,1.4446594715118408,2.2296316623687744,1.028047279508299
10,6.8273773193359375,1.447862982749939,2.2324934005737305,1.028655974888028
10,6.852732181549072,1.4511234760284424,2.235334634780884,1.0292489722244174
10,6.877955913543701,1.4544187784194946,2.2381365299224854,1.0298287141309581
10,6.9031877517700195,1.4577676057815552,2.240915298461914,1.0304012086839784
10,6.928432464599609,1.4611718654632568,2.2436728477478027,1.0309653211549394
10,6.953684329986572,1.4646321535110474,2.2464089393615723,1.031520257745668
10,6.97893762588501,1.4681484699249268,2.249124050140381,1.032065176223816
10,7.004187107086182,1.4717214107513428,2.2518181800842285,1.0325987155092604
10,7.029430389404297,1.4753518104553223,2.2544918060302734,1.0331269196726565
10,7.054531574249268,1.4790204763412476,2.257131576538086,1.0336385066681455
10,7.079617023468018,1.4827468395233154,2.259751558303833,1.034139437985709
10,7.104681968688965,1.4865312576293945,2.262352228164673,1.0346293902522972
10,7.129721641540527,1.4903743267059326,2.2649333477020264,1.0351082767304263
10,7.154730796813965,1.4942764043807983,2.2674949169158936,1.0355755973778131
10,7.1797051429748535,1.498238205909729,2.2700371742248535,1.0360308667250904
10,7.204639434814453,1.502260446548462,2.2725603580474854,1.0364718192139448
10,7.229426383972168,1.5063271522521973,2.2750539779663086,1.0369039124045663
10,7.254222869873047,1.5104660987854004,2.2775344848632812,1.037329206097088
10,7.278970718383789,1.514668345451355,2.279996156692505,1.0377429887323653
10,7.304588317871094,1.51909339427948,2.2825305461883545,1.0381610797100569
10,7.330179691314697,1.5235949754714966,2.285048246383667,1.0385656644990386
10,7.354832172393799,1.5280122756958008,2.287461042404175,1.0389391111404491
10,7.379323482513428,1.5324814319610596,2.2898457050323486,1.0393037108675913
10,7.403748989105225,1.5370233058929443,2.2922122478485107,1.0396535732135885
10,7.428196430206299,1.5416570901870728,2.294569492340088,1.0400152824346685
10,7.453001022338867,1.546447515487671,2.296949625015259,1.040390032666579
10,7.477701663970947,1.5513150691986084,2.2993087768554688,1.0407446023582398
10,7.501791477203369,1.5561598539352417,2.30159854888916,1.0411031956422492
10,7.525801181793213,1.5610878467559814,2.3038699626922607,1.041462726884976
10,7.549727916717529,1.5661019086837769,2.3061230182647705,1.041825042244344
10,7.5733513832092285,1.571161150932312,2.3083364963531494,1.0421837431909946
10,7.597496032714844,1.5764466524124146,2.3105876445770264,1.0425629473205653
10,7.622048377990723,1.581949234008789,2.312864065170288,1.0429889841038185
10,7.646808624267578,1.5876288414001465,2.3151462078094482,1.0434630508250182
10,7.670654773712158,1.5932375192642212,2.3173282146453857,1.0439393168846038
10,7.694424152374268,1.5989725589752197,2.319484233856201,1.0444303626877514
10,7.718113899230957,1.6048389673233032,2.3216094970703125,1.0448865027002332
10,7.741609573364258,1.6108057498931885,2.3236870765686035,1.0451522164182048
10,7.7650251388549805,1.6168938875198364,2.3257203102111816,1.0448862796775609
10,7.787560939788818,1.6228760480880737,2.327634811401367,1.0440364672688627
10,7.810853481292725,1.6291580200195312,2.329566240310669,1.042275223074686
10,7.833962917327881,1.6354628801345825,2.3314318656921387,1.0394550657575246
10,7.856956958770752,1.6417865753173828,2.3332395553588867,1.0349916229801681
10,7.879891872406006,1.6481214761734009,2.335000514984131,1.0281962482233873
10,7.902776718139648,1.6544196605682373,2.336728096008301,1.020157781965384
10,7.925525665283203,1.660548448562622,2.338428020477295,1.0129985086862092
10,7.948298454284668,1.666420340538025,2.340113878250122,1.0077927753445803
10,7.971096515655518,1.6719404458999634,2.3417775630950928,1.0049457132374644
10,7.993922233581543,1.6770741939544678,2.34340763092041,1.0056548126485352
10,8.016651153564453,1.6818188428878784,2.344980478286743,1.0102958238277528
10,8.039379119873047,1.6862695217132568,2.346489429473877,1.0176979576217753
10,8.06208324432373,1.6905295848846436,2.3479208946228027,1.0267537925611163
10,8.084744453430176,1.694705843925476,2.3492684364318848,1.0357204144974888
10,8.107352256774902,1.698875069618225,2.350529909133911,1.0436476794111433
10,8.129901885986328,1.70307195186615,2.3517048358917236,1.0505159026486768
10,8.152290344238281,1.707271933555603,2.352792739868164,1.0557802812286496
10,8.1746244430542,1.7114673852920532,2.3538079261779785,1.0597927037684955
10,8.19690990447998,1.7156308889389038,2.3547589778900146,1.0630389797207673
10,8.219148635864258,1.7197436094284058,2.3556528091430664,1.0658161072005816
10,8.241341590881348,1.7237950563430786,2.356492280960083,1.0682766065973834
10,8.263489723205566,1.727779507637024,2.357279062271118,1.0706223980235032
10,8.285491943359375,1.7316763401031494,2.3580100536346436,1.072810516396628
10,8.307449340820312,1.7355027198791504,2.358689308166504,1.0748385401896294
10,8.329362869262695,1.7392581701278687,2.35931658744812,1.0767388414024162
10,8.351287841796875,1.7429527044296265,2.359893321990967,1.0785331331955568
10,8.373167037963867,1.746577501296997,2.360417366027832,1.0802292640533662
10,8.395000457763672,1.7501342296600342,2.360888957977295,1.0818411723500583
10,8.416686058044434,1.753609299659729,2.3613059520721436,1.0833589260463004
10,8.438323974609375,1.757021188735962,2.361670732498169,1.0847988719210537
10,8.459915161132812,1.760371208190918,2.361983299255371,1.086168091163839
10,8.481457710266113,1.7636600732803345,2.362244129180908,1.0874729765189497
10,8.502952575683594,1.7668886184692383,2.3624541759490967,1.088718962508485
10,8.524401664733887,1.770058035850525,2.3626136779785156,1.0899098978966277
10,8.545858383178711,1.7731764316558838,2.3627238273620605,1.091050470694305
10,8.567294120788574,1.7762399911880493,2.3627848625183105,1.0921282211841754
10,8.58873462677002,1.7792526483535767,2.3627970218658447,1.09313957414216
10,8.61018180847168,1.782214641571045,2.3627607822418213,1.0941152678249169
10,8.631634712219238,1.7851258516311646,2.3626761436462402,1.095059232232623
10,8.653095245361328,1.787986397743225,2.362543821334839,1.0959755774404545
10,8.674562454223633,1.790796160697937,2.3623640537261963,1.0968681581151158
10,8.696035385131836,1.7935551404953003,2.36213755607605,1.09774066548732
10,8.717514038085938,1.796263337135315,2.3618645668029785,1.0985973483746587
10,8.738999366760254,1.798920750617981,2.3615453243255615,1.0994410397490453
10,8.760489463806152,1.8015276193618774,2.361180543899536,1.1002452032582881
10,8.781984329223633,1.8040839433670044,2.3607702255249023,1.1010213055319076
10,8.803484916687012,1.8065900802612305,2.3603150844573975,1.1017915738954396
10,8.824989318847656,1.8090460300445557,2.3598151206970215,1.1025572236868155
10,8.8464994430542,1.8114519119262695,2.359271287918091,1.1033221366524981
10,8.868013381958008,1.8138082027435303,2.3586835861206055,1.1040851153774613
10,8.889532089233398,1.8161146640777588,2.358052968978882,1.104846780978549
10,8.911053657531738,1.8183717727661133,2.357379913330078,1.105607607409434
10,8.93257999420166,1.8205795288085938,2.3566644191741943,1.1063680508751417
10,8.954109191894531,1.8227382898330688,2.355907678604126,1.1071282185679492
10,8.975642204284668,1.824847936630249,2.355109691619873,1.107888337073696
10,8.997178077697754,1.826908826828003,2.3542709350585938,1.108610723842403
10,9.018716812133789,1.828920841217041,2.3533921241760254,1.1093312976632848
10,9.04025936126709,1.830884337425232,2.352473735809326,1.110052456794971
10,9.061803817749023,1.8327991962432861,2.351516008377075,1.110773850082565
10,9.08335018157959,1.8346655368804932,2.3505196571350098,1.1114953848284732
10,9.104900360107422,1.8364834785461426,2.349485397338867,1.1122164953427485
10,9.12645149230957,1.8382529020309448,2.3484137058258057,1.1129368667189348
10,9.148005485534668,1.8399739265441895,2.3473048210144043,1.1136574378044652
10,9.169560432434082,1.841646432876587,2.3461596965789795,1.114377351822909
10,9.191118240356445,1.8432706594467163,2.3449785709381104,1.1150945557182337
10,9.212677001953125,1.844846487045288,2.343762159347534,1.1158085493142718
10,9.234237670898438,1.8463739156723022,2.3425111770629883,1.116518476258543
10,9.255799293518066,1.8478528261184692,2.3412256240844727,1.1172236104736146
10,9.277361869812012,1.8492833375930786,2.339906692504883,1.1179236913589623
10,9.29892635345459,1.8506654500961304,2.3385543823242188,1.1186114882205633
10,9.320491790771484,1.8519989252090454,2.337169647216797,1.1192780612335818
10,9.342057228088379,1.8532837629318237,2.3357527256011963,1.1199371289046272
10,9.363624572753906,1.8545200824737549,2.334303855895996,1.120587767975205
10,9.385190963745117,1.8557076454162598,2.332824230194092,1.1212290650884122
10,9.406759262084961,1.856846570968628,2.3313138484954834,1.1218601070799759
10,9.428327560424805,1.8579368591308594,2.3297736644744873,1.1224798654882469
10,9.449895858764648,1.858978271484375,2.3282036781311035,1.1230876583736047
10,9.471464157104492,1.8599709272384644,2.3266048431396484,1.123683024719163
10,9.493033409118652,1.8609148263931274,2.324977397918701,1.1242641724192952
10,9.514601707458496,1.8618098497390747,2.32332181930542,1.1248300951135264
10,9.53617000579834,1.8626559972763062,2.321638822555542,1.1253799037649905
10,9.557738304138184,1.8634533882141113,2.3199286460876465,1.1259128266970029
10,9.579305648803711,1.8642019033432007,2.31819224357605,1.126427736263649
10,9.600873947143555,1.8649015426635742,2.316429376602173,1.1269240949540025
10,9.622440338134766,1.8655524253845215,2.314641237258911,1.127402683782643
10,9.644006729125977,1.866154432296753,2.3128278255462646,1.1278685834888824
10,9.665571212768555,1.866707682609558,2.3109898567199707,1.1283132594876746
10,9.68713665008545,1.8672122955322266,2.3091278076171875,1.1287355822866567
10,9.708699226379395,1.8676681518554688,2.307241916656494,1.1291350100105833
10,9.730262756347656,1.8680754899978638,2.305332899093628,1.1295109969989612
10,9.751823425292969,1.8684343099594116,2.303400993347168,1.129862757787982
10,9.773383140563965,1.8687447309494019,2.3014469146728516,1.1301890819708862
10,9.794941902160645,1.869006872177124,2.2994706630706787,1.1304891552270226
10,9.816499710083008,1.8692208528518677,2.2974729537963867,1.1307631030282648
10,9.838054656982422,1.8693866729736328,2.295454263687134,1.1310102382957532
10,9.859609603881836,1.869504690170288,2.293415069580078,1.1312303522378357
10,9.8811616897583,1.8695749044418335,2.2913553714752197,1.1314229913796197
10,9.902711868286133,1.8695974349975586,2.289275884628296,1.131591020332867
10,9.924261093139648,1.8695727586746216,2.287177324295044,1.1317369751922544
10,9.945807456970215,1.869500756263733,2.2850594520568848,1.1318523068182111
10,9.967351913452148,1.8693819046020508,2.2829232215881348,1.1319383790076782
10,9.98889446258545,1.8692164421081543,2.280768871307373,1.1319948386042638
10,10.010435104370117,1.869004487991333,2.278596878051758,1.1320217919856828
10,10.031972885131836,1.8687463998794556,2.276407241821289,1.1320191008336125
10,10.053508758544922,1.8684425354003906,2.274200916290283,1.1319866236066995
10,10.075041770935059,1.8680930137634277,2.2719779014587402,1.1319240934455772
10,10.096572875976562,1.8676984310150146,2.2697386741638184,1.1318286179105204
10,10.118101119995117,1.8672587871551514,2.2674834728240967,1.1317028182936288
10,10.139627456665039,1.8667747974395752,2.2652130126953125,1.1315466947387103
10,10.161157608032227,1.8662464618682861,2.2629265785217285,1.1313689623515275
10,10.182754516601562,1.8656723499298096,2.260617971420288,1.1311606543961465
10,10.204671859741211,1.8650449514389038,2.2582602500915527,1.1309177933035126
10,10.227486610412598,1.864344596862793,2.2557902336120605,1.1306290783764996
10,10.250297546386719,1.8635969161987305,2.253305435180664,1.1303031769600669
10,10.274808883666992,1.8627418279647827,2.2506184577941895,1.1299207775077669
10,10.30153751373291,1.8617501258850098,2.2476699352264404,1.1294650064730731
10,10.328261375427246,1.860697627067566,2.2447030544281006,1.1289590691711586
10,10.356948852539062,1.8595013618469238,2.241497755050659,1.1283822255718177
10,10.386795997619629,1.8581851720809937,2.2381415367126465,1.1277302697012195
10,10.41663646697998,1.8567970991134644,2.234764575958252,1.1270370198608086
10,10.446913719177246,1.8553166389465332,2.2313172817230225,1.1262928039189775
10,10.477185249328613,1.8537647724151611,2.2278501987457275,1.1254816945899313
10,10.507550239562988,1.852137804031372,2.2243528366088867,1.124634011370965
10,10.537919044494629,1.8504416942596436,2.2208356857299805,1.123729452346962
10,10.568282127380371,1.8486783504486084,2.2173008918762207,1.122741612304981
10,10.598638534545898,1.846849799156189,2.2137484550476074,1.1217114332462756
10,10.628989219665527,1.8449578285217285,2.2101798057556152,1.120616999399688
10,10.659334182739258,1.8430042266845703,2.2065951824188232,1.1194922375536924
10,10.689674377441406,1.8409912586212158,2.2029953002929688,1.1183150646002495
10,10.72000789642334,1.8389204740524292,2.19938063621521,1.1170864492255548
10,10.750336647033691,1.836794137954712,2.195751905441284,1.1158319199981916
10,10.780659675598145,1.8346142768859863,2.1921098232269287,1.1145009771266297
10,10.8109769821167,1.8323827981948853,2.1884543895721436,1.1131474542855937
10,10.841289520263672,1.8301026821136475,2.184786558151245,1.1117517981633456
10,10.871597290039062,1.827775239944458,2.1811065673828125,1.1102989337925682
10,10.901899337768555,1.8254034519195557,2.177414655685425,1.108823861687126
10,10.932197570800781,1.8229892253875732,2.173711061477661,1.1072161351959078
10,10.962491035461426,1.820534348487854,2.1699955463409424,1.1055676701236317
10,10.992778778076172,1.8180416822433472,2.1662681102752686,1.1038729575658492
10,11.023063659667969,1.8155128955841064,2.1625289916992188,1.1021175406707109
10,11.053343772888184,1.8129510879516602,2.158777952194214,1.1003440702890153
10,11.083619117736816,1.8103585243225098,2.155015230178833,1.0984897813768104
10,11.113890647888184,1.807737112045288,2.1512398719787598,1.096601719483343
10,11.144158363342285,1.8050895929336548,2.147451877593994,1.0946717619843112
10,11.174422264099121,1.8024176359176636,2.143650770187378,1.092666330322844
10,11.204682350158691,1.799723505973816,2.1398353576660156,1.0906337097206265
10,11.234941482543945,1.7970093488693237,2.136004686355591,1.0884623208557334
10,11.265196800231934,1.7942771911621094,2.132158041000366,1.0862484664051377
10,11.295454978942871,1.7915284633636475,2.12829327583313,1.0839926064251602
10,11.325711250305176,1.788765549659729,2.1244101524353027,1.0816453814160292
10,11.355987548828125,1.7859878540039062,2.120504379272461,1.0792711779606672
10,11.386324882507324,1.783193588256836,2.1165688037872314,1.0767946208386048
10,11.416658401489258,1.7803900241851807,2.1126110553741455,1.0742758773401868
10,11.447126388549805,1.7775672674179077,2.1086108684539795,1.0717121858607355
10,11.477590560913086,1.77474045753479,2.1045844554901123,1.0689734904090935
10,11.508298873901367,1.7718894481658936,2.100496530532837,1.0661079783988248
10,11.544244766235352,1.7685487270355225,2.0956716537475586,1.0625914571190829
10,11.580184936523438,1.7652063369750977,2.0908010005950928,1.0587085879891267
10,11.645288467407227,1.7591496706008911,2.081864595413208,1.0520137258742943
10,11.710371971130371,1.7531062364578247,2.0727765560150146,1.044788978931958
10,11.781201362609863,1.7465438842773438,2.062701940536499,1.0365077199143635
10,11.909154891967773,1.7347007989883423,2.044152021408081,1.0200982279139859
10,12.03707504272461,1.722862958908081,2.025379180908203,1.0042599996799757
10,12.157149314880371,1.7118134498596191,2.00805926322937,0.9900539834606638
10,12.277685165405273,1.7008657455444336,1.9915151596069336,0.9774348634105827
10,12.365205764770508,1.6930688619613647,1.9803258180618286,0.9690624916542457
10,12.486328125,1.6826467514038086,1.966568946838379,0.9604910671171049
10,12.574475288391113,1.675412654876709,1.958044171333313,0.9556244111439328
10,12.696198463439941,1.66608464717865,1.9488097429275513,0.9526639486997707
10,12.801261901855469,1.6587553024291992,1.9433846473693848,0.9526667095945526
11,0.4117445647716522,-0.0351933054625988,3.5882256031036377,1.0014804471569827
11,0.5225832462310791,-0.03518390282988548,3.590162754058838,1.0025519950652244
11,0.6378687620162964,-0.03516879677772522,3.592599868774414,1.0041122537256988
11,0.7531477808952332,-0.035148102790117264,3.5953304767608643,1.0058394233477503
11,0.8684255480766296,-0.03512239456176758,3.598114252090454,1.0075970252836395
11,0.9893060326576233,-0.03509094566106796,3.600832223892212,1.0093171088529624
11,1.1101950407028198,-0.03505542874336243,3.6031315326690674,1.0108932756490958
11,1.2321219444274902,-0.03501542657613754,3.604663610458374,1.0123602137178556
11,1.3540571928024292,-0.03497139737010002,3.6051769256591797,1.013014626430581
11,1.4763820171356201,-0.034923531115055084,3.604384183883667,1.0133076027926111
11,1.5988051891326904,-0.03487253189086914,3.602159261703491,1.0125451277961577
11,1.7211933135986328,-0.03481878712773323,3.5984766483306885,1.0108999529754774
11,1.8435602188110352,-0.03476256504654884,3.5934691429138184,1.0086364473657485
11,1.9658759832382202,-0.03470365330576897,3.587329387664795,1.0049271623409437
11,2.0881474018096924,-0.03464168682694435,3.580291509628296,1.000844901679208
11,2.2103824615478516,-0.03457585722208023,3.5726373195648193,0.9960251094150339
11,2.332587718963623,-0.034505538642406464,3.564520835876465,0.9907802009607222
11,2.4547760486602783,-0.034429632127285004,3.556155204772949,0.9852939028098388
11,2.5769553184509277,-0.034347087144851685,3.5476560592651367,0.9794270132390872
11,2.6991326808929443,-0.03425687178969383,3.539128065109253,0.9734543533847259
11,2.8213155269622803,-0.034157514572143555,3.5306851863861084,0.96734396998431
11,2.9435088634490967,-0.03404795005917549,3.5223944187164307,0.9611867875742088
11,3.0657191276550293,-0.03392663225531578,3.514352321624756,0.9549976993494508
11,3.187950611114502,-0.03379197046160698,3.506646156311035,0.9489031077875764
11,3.3102073669433594,-0.033642590045928955,3.499347448348999,0.9429296821329449
11,3.4324934482574463,-0.03347649797797203,3.4925591945648193,0.937093481804421
11,3.5548105239868164,-0.03329208120703697,3.4863574504852295,0.9316948390118409
11,3.6771600246429443,-0.033087342977523804,3.480837345123291,0.9265353148396915
11,3.7995223999023438,-0.03286008909344673,3.4760971069335938,0.9219799988023513
11,3.921914577484131,-0.032608553767204285,3.4722065925598145,0.918029968665434
11,4.044113636016846,-0.0323307029902935,3.46926212310791,0.9145509857963771
11,4.166332721710205,-0.03202393278479576,3.4673125743865967,0.9122270872091118
11,4.287471294403076,-0.03168904408812523,3.4664134979248047,0.9104743880460688
11,4.405365467071533,-0.031330499798059464,3.4665591716766357,0.9096246919135504
11,4.523253917694092,-0.030937375500798225,3.467724561691284,0.9096856787970987
11,4.634787082672119,-0.030529942363500595,3.469771385192871,0.9103176086921186
11,4.737828254699707,-0.030119221657514572,3.472473621368408,0.9115933909475153
11,4.840846061706543,-0.029672302305698395,3.4759445190429688,0.9134760310202424
11,4.9359517097473145,-0.02922341786324978,3.47981858253479,0.9156424248753555
11,5.025842189788818,-0.028763368725776672,3.4840540885925293,0.9180491665902665
11,5.113275527954102,-0.028279073536396027,3.4886884689331055,0.9206795465532873
11,5.199897289276123,-0.027759820222854614,3.4937586784362793,0.923522905580311
11,5.286491394042969,-0.027197757735848427,3.4992828369140625,0.926602792274651
11,5.372901439666748,-0.026590172201395035,3.5052316188812256,0.9298719741348346
11,5.4592671394348145,-0.02593255788087845,3.511597156524658,0.9333380843841549
11,5.5456013679504395,-0.025221332907676697,3.5183658599853516,0.9370145814570613
11,5.631904125213623,-0.02445407025516033,3.5255255699157715,0.9409249832537592
11,5.718173503875732,-0.023629071190953255,3.5330650806427,0.9451035670388703
11,5.8048553466796875,-0.022741029039025307,3.541016101837158,0.949618982380861
11,5.89159631729126,-0.021793005988001823,3.5493404865264893,0.9544895702642727
11,5.978302478790283,-0.02078843116760254,3.558016300201416,0.9597194944822462
11,6.066959857940674,-0.019708454608917236,3.5672366619110107,0.9654740789675429
11,6.158408164978027,-0.018549654632806778,3.577094554901123,0.9718925517980688
11,6.252408981323242,-0.017329245805740356,3.5875608921051025,0.9789671328792152
11,6.348583698272705,-0.016077060252428055,3.5985734462738037,0.986539892926316
11,6.447953701019287,-0.01482914388179779,3.6101880073547363,0.9947051538521303
11,6.547311305999756,-0.013708645477890968,3.6219215393066406,1.00390272620073
11,6.57319974899292,-0.013449725694954395,3.6249799728393555,1.0061950996274485
11,6.59902286529541,-0.013208718039095402,3.6280269622802734,1.0084147803174381
11,6.624636650085449,-0.012987983413040638,3.6310436725616455,1.0105920537160613
11,6.6502509117126465,-0.01278691180050373,3.6340537071228027,1.0127335080104571
11,6.675899028778076,-0.012606724165380001,3.637059450149536,1.0148324337417824
11,6.701601505279541,-0.01244876068085432,3.640061378479004,1.0168838460511171
11,6.727363109588623,-0.012314493767917156,3.643059015274048,1.0188805550339386
11,6.753180503845215,-0.012205364182591438,3.6460514068603516,1.0208124435586914
11,6.77904748916626,-0.012122686952352524,3.649036407470703,1.022671274086583
11,6.804957866668701,-0.012067710980772972,3.6520133018493652,1.0244535904984484
11,6.830737590789795,-0.012041738256812096,3.6549618244171143,1.026147350960744
11,6.856551170349121,-0.012045481242239475,3.6579012870788574,1.0277523695028394
11,6.882392406463623,-0.01208003144711256,3.6608309745788574,1.0292603946668737
11,6.9082560539245605,-0.012146408669650555,3.6637508869171143,1.0306656590283614
11,6.934149265289307,-0.01224560011178255,3.6666622161865234,1.03196379184661
11,6.960066795349121,-0.01237849798053503,3.669565439224243,1.0331510893584972
11,6.986002445220947,-0.01254586223512888,3.6724607944488525,1.0342251925169375
11,7.01194953918457,-0.012748328037559986,3.675348997116089,1.0351850386105657
11,7.037752151489258,-0.012984982691705227,3.6782138347625732,1.0360285368877222
11,7.063558578491211,-0.013257377780973911,3.6810731887817383,1.036756986522057
11,7.089365005493164,-0.013565894216299057,3.6839282512664795,1.0373779412898771
11,7.115169048309326,-0.013910814188420773,3.6867804527282715,1.0378945611993355
11,7.140965461730957,-0.014292034320533276,3.6896309852600098,1.038308618830685
11,7.166748046875,-0.014709272421896458,3.692481279373169,1.0386269988273997
11,7.192512035369873,-0.015162279829382896,3.6953322887420654,1.038855577968073
11,7.21822452545166,-0.015650268644094467,3.6981825828552246,1.0390020729177372
11,7.243772029876709,-0.016171008348464966,3.701021671295166,1.039072748758496
11,7.270186424255371,-0.016746340319514275,3.703965902328491,1.0390833088997762
11,7.296611785888672,-0.017359526827931404,3.706922769546509,1.0390368922895312
11,7.322757720947266,-0.018003981560468674,3.709862470626831,1.038939825196226
11,7.348907947540283,-0.018686341121792793,3.7128188610076904,1.0388042476316248
11,7.375056266784668,-0.01940660923719406,3.715794324874878,1.0386399141854128
11,7.401198387145996,-0.020165063440799713,3.7187910079956055,1.0384529232791018
11,7.427346229553223,-0.020962903276085854,3.721813917160034,1.038257864296817
11,7.452890872955322,-0.021780192852020264,3.724792957305908,1.0380685327084678
11,7.477564811706543,-0.02260708622634411,3.7276995182037354,1.0379005236636984
11,7.502725601196289,-0.02348719909787178,3.73069429397583,1.037774836877245
11,7.527824878692627,-0.024403221905231476,3.7337162494659424,1.0377028221604254
11,7.552858829498291,-0.02535504288971424,3.736767292022705,1.0377113714564241
11,7.5778398513793945,-0.026342639699578285,3.7398507595062256,1.0378140356477492
11,7.602751731872559,-0.02736605331301689,3.742967367172241,1.0380272462997624
11,7.62740421295166,-0.02841770648956299,3.7460947036743164,1.0383874721980706
11,7.651978015899658,-0.029505345970392227,3.749258041381836,1.0389364642667256
11,7.676472187042236,-0.030628366395831108,3.752458095550537,1.0397035588607753
11,7.700884819030762,-0.03178516775369644,3.755695343017578,1.0407518340539883
11,7.724153995513916,-0.032924968749284744,3.75882887840271,1.0420314347375217
11,7.748122215270996,-0.034134313464164734,3.7621028423309326,1.043654200402983
11,7.772008419036865,-0.03537372499704361,3.7654120922088623,1.0456930179209896
11,7.795936584472656,-0.03664330765604973,3.7687690258026123,1.0481191618696408
11,7.8202433586120605,-0.03795073181390762,3.7722156047821045,1.0511033016578801
11,7.843808174133301,-0.03922323137521744,3.7755863666534424,1.054336232383722
11,7.8672919273376465,-0.040482960641384125,3.7789692878723145,1.0583530766880946
11,7.890799522399902,-0.04171700403094292,3.7823708057403564,1.0622751418047662
11,7.914234638214111,-0.042893704026937485,3.785768747329712,1.0661324830437542
11,7.937599182128906,-0.043980106711387634,3.7891573905944824,1.069335057515974
11,7.960788249969482,-0.04493602737784386,3.7925186157226562,1.0711616803013473
11,7.983908176422119,-0.04573960229754448,3.7958741188049316,1.0710191639537712
11,8.006956100463867,-0.04638350382447243,3.799236297607422,1.0687758157578482
11,8.029928207397461,-0.04688424989581108,3.8026201725006104,1.06485288325518
11,8.052820205688477,-0.047276709228754044,3.8060414791107178,1.0600149062335287
11,8.075631141662598,-0.047601740807294846,3.8095149993896484,1.054989668643125
11,8.098365783691406,-0.047896210104227066,3.81305193901062,1.050213335818586
11,8.120930671691895,-0.04818956181406975,3.816643476486206,1.0457397156701347
11,8.143418312072754,-0.04850924015045166,3.820305109024048,1.04158374813852
11,8.1658296585083,-0.048880089074373245,3.824036121368408,1.0374708086154047
11,8.188162803649902,-0.049328871071338654,3.827831506729126,1.0329418362791012
11,8.21042251586914,-0.0498809814453125,3.8316690921783447,1.027637843639885
11,8.23261833190918,-0.05054723098874092,3.8354876041412354,1.0216996650784382
11,8.254785537719727,-0.051315173506736755,3.8391873836517334,1.0155372919960537
11,8.276832580566406,-0.052151791751384735,3.842630386352539,1.0098115046249616
11,8.298866271972656,-0.053029026836156845,3.845743417739868,1.0049208450801344
11,8.320883750915527,-0.05391952022910118,3.8485028743743896,1.0013441570450006
11,8.342879295349121,-0.054799772799015045,3.850935220718384,0.9990403285808931
11,8.364580154418945,-0.055639661848545074,3.8530654907226562,0.9981216510354083
11,8.386473655700684,-0.056445445865392685,3.855020523071289,0.998309626200638
11,8.408321380615234,-0.05720852315425873,3.856862783432007,0.9990692112228562
11,8.43011474609375,-0.057943060994148254,3.8586647510528564,1.0000143450986232
11,8.452001571655273,-0.058670129626989365,3.860480785369873,1.0007645286114497
11,8.473808288574219,-0.05939573049545288,3.8623111248016357,1.000986025833904
11,8.495614051818848,-0.06012997403740883,3.8641574382781982,1.0007624514088989
11,8.51724910736084,-0.06087139621376991,3.8659908771514893,1.0002609213087306
11,8.538810729980469,-0.06162436679005623,3.867804527282715,0.9995536781246305
11,8.56037425994873,-0.062390945851802826,3.8695902824401855,0.9986353591311916
11,8.581940650939941,-0.06316990405321121,3.871337890625,0.9975490918270908
11,8.603509902954102,-0.06395943462848663,3.873040199279785,0.9963326814885204
11,8.625082015991211,-0.06475737690925598,3.874692916870117,0.9950154520883192
11,8.646658897399902,-0.0655616819858551,3.876293659210205,0.9936291067127693
11,8.668238639831543,-0.06637043505907059,3.8778421878814697,0.9921899960118101
11,8.68982219696045,-0.06718206405639648,3.8793394565582275,0.990706097374244
11,8.711409568786621,-0.06799524277448654,3.8807876110076904,0.9891819380303208
11,8.732998847961426,-0.0688091292977333,3.8821892738342285,0.9876177227137908
11,8.754591941833496,-0.06962312012910843,3.883546829223633,0.9860098565394679
11,8.7761869430542,-0.07043687999248505,3.884861707687378,0.9843511477946479
11,8.797784805297852,-0.07125025242567062,3.8861348628997803,0.982630472274607
11,8.819385528564453,-0.0720631405711174,3.88736629486084,0.9808342965366134
11,8.840988159179688,-0.0728754997253418,3.888554811477661,0.9789553744036563
11,8.862593650817871,-0.07368732988834381,3.889699697494507,0.9769887181120812
11,8.884201049804688,-0.07449846714735031,3.8907997608184814,0.9749837174917628
11,8.905810356140137,-0.07530855387449265,3.8918545246124268,0.972911939129995
11,8.927422523498535,-0.07611740380525589,3.8928635120391846,0.9707583521004647
11,8.949036598205566,-0.07692480087280273,3.893826723098755,0.968517438720666
11,8.97065258026123,-0.07773052155971527,3.894744396209717,0.9661936861377403
11,8.992270469665527,-0.07853426784276962,3.895617723464966,0.9637965893502118
11,9.013890266418457,-0.07933565974235535,3.8964476585388184,0.961333007889641
11,9.03551197052002,-0.08013425767421722,3.897235870361328,0.9588086551518873
11,9.057134628295898,-0.08092959970235825,3.8979837894439697,0.9562282205425205
11,9.07875919342041,-0.08172112703323364,3.8986926078796387,0.9535962746073746
11,9.100385665893555,-0.08250825852155685,3.8993639945983887,0.9509183101095328
11,9.1220121383667,-0.08329032361507416,3.8999991416931152,0.9481973939750846
11,9.143640518188477,-0.08406665176153183,3.900599479675293,0.9454369347967971
11,9.16526985168457,-0.08483657240867615,3.9011659622192383,0.9426410104603862
11,9.186901092529297,-0.08559935539960861,3.901700258255005,0.9398123461186452
11,9.208532333374023,-0.08635425567626953,3.9022040367126465,0.936953684227205
11,9.230164527893066,-0.08710053563117981,3.9026780128479004,0.9340675395648297
11,9.251798629760742,-0.08783745020627975,3.9031243324279785,0.9311564960661827
11,9.273432731628418,-0.08856421709060669,3.9035439491271973,0.9282242914969728
11,9.29506778717041,-0.08928007632493973,3.9039385318756104,0.925274022822803
11,9.316703796386719,-0.08998425304889679,3.9043095111846924,0.9223073573095647
11,9.338340759277344,-0.09067589789628983,3.904658079147339,0.9193271570293277
11,9.359977722167969,-0.09135416895151138,3.9049856662750244,0.9163358919616378
11,9.38161563873291,-0.09201817959547043,3.9052934646606445,0.9133359344428714
11,9.403254508972168,-0.09266705065965652,3.905582904815674,0.9103296714063118
11,9.424894332885742,-0.09329985082149506,3.905855655670166,0.9073196244148709
11,9.446535110473633,-0.09391564875841141,3.9061121940612793,0.9043107318641083
11,9.468175888061523,-0.09451349824666977,3.9063544273376465,0.9013028400470684
11,9.48981761932373,-0.09509247541427612,3.906583070755005,0.8982981263115868
11,9.511460304260254,-0.0956515520811081,3.906799793243408,0.8952990870921151
11,9.533102989196777,-0.09618979692459106,3.9070053100585938,0.8923081200638177
11,9.554746627807617,-0.09670622646808624,3.907200813293457,0.8893275216548235
11,9.576390266418457,-0.09719987213611603,3.9073874950408936,0.886359662300218
11,9.59803581237793,-0.09766978770494461,3.9075660705566406,0.8834097594938308
11,9.619681358337402,-0.09811503440141678,3.9077377319335938,0.880479873130869
11,9.641326904296875,-0.09853468835353851,3.9079031944274902,0.8775705883290968
11,9.662973403930664,-0.0989278256893158,3.9080634117126465,0.8746843798002572
11,9.684619903564453,-0.09929358214139938,3.9082188606262207,0.8718234931119674
11,9.706267356872559,-0.09963107854127884,3.9083704948425293,0.8689902412937038
11,9.72791576385498,-0.09993954002857208,3.9085187911987305,0.8661869987735513
11,9.749564170837402,-0.10021816194057465,3.9086644649505615,0.8634204740041042
11,9.771212577819824,-0.10046623647212982,3.9088077545166016,0.8606955568843702
11,9.792860984802246,-0.10068308562040329,3.908949136734009,0.8580074775906679
11,9.8145112991333,-0.1008681058883667,3.9090893268585205,0.8553578709546444
11,9.836160659790039,-0.1010206937789917,3.909228563308716,0.8527488435445806
11,9.857810020446777,-0.1011403277516365,3.9093668460845947,0.850182194600467
11,9.879460334777832,-0.10122652351856232,3.9095046520233154,0.8476598927865343
11,9.90110969543457,-0.1012788638472557,3.909641981124878,0.8451837776463018
11,9.922760009765625,-0.10129698365926743,3.9097790718078613,0.842762291339109
11,9.94441032409668,-0.10128054022789001,3.9099159240722656,0.8403943208066467
11,9.966060638427734,-0.10122925788164139,3.9100522994995117,0.8380789117221381
11,9.987710952758789,-0.10114289075136185,3.9101881980895996,0.8358182389576492
11,10.009360313415527,-0.10102122277021408,3.910322666168213,0.833615280635649
11,10.031010627746582,-0.10086405277252197,3.910454750061035,0.8314735241680442
11,10.05265998840332,-0.1006711795926094,3.910583019256592,0.8293955541403506
11,10.074308395385742,-0.10044238716363907,3.9107046127319336,0.8273809123521098
11,10.095956802368164,-0.1001775935292244,3.9108169078826904,0.8254243165595274
11,10.117605209350586,-0.09987689554691315,3.9109175205230713,0.8235075997949378
11,10.139253616333008,-0.09954068064689636,3.9110050201416016,0.8216232070757434
11,10.160907745361328,-0.09916934370994568,3.911078929901123,0.8197646468012764
11,10.182632446289062,-0.09876210987567902,3.911139488220215,0.8179319373119435
11,10.204679489135742,-0.09831379354000092,3.911186933517456,0.8161156951193388
11,10.227632522583008,-0.09781039506196976,3.911221504211426,0.8143023727607639
11,10.250584602355957,-0.09727049618959427,3.9112417697906494,0.8126076639577924
11,10.275249481201172,-0.09665071964263916,3.911248207092285,0.8108755740699545
11,10.302148818969727,-0.09592964500188828,3.911238431930542,0.8091017976151216
11,10.329047203063965,-0.09516246616840363,3.9112112522125244,0.8075192676910736
11,10.357924461364746,-0.09428873658180237,3.9111645221710205,0.8058976380368641
11,10.387972831726074,-0.09332582354545593,3.9110968112945557,0.8044169084635842
11,10.418018341064453,-0.09230901300907135,3.9110107421875,0.803095719938313
11,10.448508262634277,-0.09122363477945328,3.910904884338379,0.8018628390412929
11,10.478995323181152,-0.09008566290140152,3.910781145095825,0.8009121008996575
11,10.509580612182617,-0.08889268338680267,3.9106388092041016,0.8000559727546229
11,10.540173530578613,-0.08765002340078354,3.9104785919189453,0.7994001015946612
11,10.570764541625977,-0.08635952323675156,3.9103004932403564,0.7989374527939556
11,10.60135269165039,-0.08502364158630371,3.9101037979125977,0.7985718521319136
11,10.631939888000488,-0.08364443480968475,3.909888505935669,0.7984741788177944
11,10.662524223327637,-0.08222382515668869,3.909653663635254,0.7984777004799808
11,10.693106651306152,-0.08076442033052444,3.9093985557556152,0.7986333352927071
11,10.723687171936035,-0.07926799356937408,3.9091227054595947,0.7989824458077421
11,10.754266738891602,-0.07773704081773758,3.908824920654297,0.7994131358616632
11,10.784843444824219,-0.07617397606372833,3.9085042476654053,0.8000486838914865
11,10.81541919708252,-0.07458072155714035,3.9081594944000244,0.8007989349563233
11,10.845992088317871,-0.07296007871627808,3.9077889919281006,0.8016740292088852
11,10.876564025878906,-0.07131409645080566,3.9073920249938965,0.8027332120389475
11,10.907134056091309,-0.06964528560638428,3.9069671630859375,0.8038572378056427
11,10.937702178955078,-0.06795626878738403,3.90651273727417,0.8051312436102657
11,10.968270301818848,-0.0662490501999855,3.9060280323028564,0.8065106942833469
11,10.998835563659668,-0.0645265057682991,3.9055111408233643,0.8079553781826009
11,11.029399871826172,-0.0627908706665039,3.904961347579956,0.8095663013635042
11,11.05996322631836,-0.06104451045393944,3.9043772220611572,0.8112253388195434
11,11.09052562713623,-0.059290170669555664,3.9037575721740723,0.8129866312902305
11,11.121086120605469,-0.057529762387275696,3.9031012058258057,0.8148438376986226
11,11.15164566040039,-0.05576609447598457,3.902406930923462,0.816743026684803
11,11.182205200195312,-0.05400135740637779,3.9016737937927246,0.8187673367402886
11,11.212763786315918,-0.05223767086863518,3.9009008407592773,0.8208323343776929
11,11.24332332611084,-0.05047757923603058,3.9000871181488037,0.8229606652229876
11,11.273880958557129,-0.04872298985719681,3.8992316722869873,0.8251887499597607
11,11.30444622039795,-0.04697586968541145,3.8983333110809326,0.8274512333177133
11,11.335036277770996,-0.04523744434118271,3.8973910808563232,0.8297911054912771
11,11.365625381469727,-0.04351087659597397,3.896404981613159,0.832171152223093
11,11.396278381347656,-0.04179488867521286,3.8953733444213867,0.8345965468931418
11,11.426931381225586,-0.040094997733831406,3.894299030303955,0.8370505717249748
11,11.457723617553711,-0.038405802100896835,3.8931784629821777,0.8395501191392286
11,11.488765716552734,-0.036724284291267395,3.8920085430145264,0.8421935801226285
11,11.519807815551758,-0.03506568819284439,3.890798330307007,0.8448950253792409
11,11.55614948272705,-0.033153846859931946,3.8893260955810547,0.8480993107839487
11,11.592491149902344,-0.03127876669168472,3.88779354095459,0.851392545620134
11,11.658336639404297,-0.027984710410237312,3.8848726749420166,0.8571491743123462
11,11.73001766204834,-0.024555107578635216,3.88148832321167,0.8636110863810754
11,11.80169677734375,-0.02131234109401703,3.87789249420166,0.8699677629835103
11,11.931225776672363,-0.01594563014805317,3.87083101272583,0.8815139274822165
11,12.060735702514648,-0.011145773343741894,3.8630638122558594,0.8925349348580283
11,12.182232856750488,-0.007152866572141647,3.8551700115203857,0.9029308295318627
11,12.304046630859375,-0.0036323596723377705,3.846700429916382,0.9133134530499841
11,12.394919395446777,-0.0013127438724040985,3.8400328159332275,0.9209661779895328
12,0.7331962585449219,-0.3539881110191345,3.8367955684661865,1.005423691542923
12,0.851966381072998,-0.35398462414741516,3.8392369747161865,1.0071227033979544
12,0.9707392454147339,-0.35398077964782715,3.841538190841675,1.0086854606501126
12,1.0895183086395264,-0.3539769649505615,3.8434953689575195,1.010147266630905
12,1.2114499807357788,-0.353973925113678,3.8448500633239746,1.0114456198255455
12,1.333387851715088,-0.353972464799881,3.845363140106201,1.0121044406799127
12,1.4557148218154907,-0.3539740741252899,3.844756603240967,1.012457577023091
12,1.578145146369934,-0.3539801239967346,3.842942953109741,1.0115085107612916
12,1.7005506753921509,-0.3539917469024658,3.8398778438568115,1.0099850508159798
12,1.8229484558105469,-0.35401004552841187,3.8356881141662598,1.0075872340063532
12,1.9453084468841553,-0.35403531789779663,3.8305022716522217,1.004158144076202
12,2.067633628845215,-0.35406771302223206,3.8245553970336914,1.0003254970310589
12,2.1899359226226807,-0.3541069030761719,3.8180646896362305,0.9957446342888856
12,2.3122167587280273,-0.35415270924568176,3.8111813068389893,0.9909206434975077
12,2.434485673904419,-0.3542049527168274,3.8040854930877686,0.9858475410782985
12,2.5567474365234375,-0.3542637526988983,3.7968709468841553,0.9805544572226768
12,2.6790084838867188,-0.3543294072151184,3.789644718170166,0.9751971214941278
12,2.801274061203003,-0.35440245270729065,3.7824981212615967,0.9697869707386628
12,2.9235479831695557,-0.35448333621025085,3.775491714477539,0.9644245535058928
12,3.045834541320801,-0.35457292199134827,3.7687103748321533,0.9590817081563268
12,3.1681365966796875,-0.3546718955039978,3.7622148990631104,0.9539733893144575
12,3.290456771850586,-0.35478106141090393,3.756070613861084,0.9489824314643338
12,3.412797451019287,-0.35490158200263977,3.7503538131713867,0.9442464776240671
12,3.5351598262786865,-0.3550342321395874,3.7451179027557373,0.9398819447497301
12,3.6575448513031006,-0.3551803529262543,3.7404415607452393,0.9357278969218991
12,3.7799320220947266,-0.3553411662578583,3.7363879680633545,0.9322309495244255
12,3.9023396968841553,-0.35551780462265015,3.733011245727539,0.9291126536332808
12,4.024546146392822,-0.35571154952049255,3.7303810119628906,0.9265150482987147
12,4.1467671394348145,-0.3559238314628601,3.7285282611846924,0.9247026259972898
12,4.267904758453369,-0.35615405440330505,3.727501392364502,0.9233261724906738
12,4.385799407958984,-0.3563985526561737,3.727299213409424,0.9227965887152189
12,4.503692626953125,-0.3566643297672272,3.7278964519500732,0.9228344187623208
12,4.615237712860107,-0.3569367825984955,3.729205846786499,0.9233230195351697
12,4.718297958374023,-0.3572078049182892,3.7310597896575928,0.924430846421395
12,4.821345329284668,-0.35749828815460205,3.733530044555664,0.9259336436943063
12,4.9164886474609375,-0.35778486728668213,3.7363548278808594,0.9276959222227531
12,5.006424903869629,-0.35807275772094727,3.739497423171997,0.9296951335186247
12,5.093912124633789,-0.35836923122406006,3.7429845333099365,0.9319288892196042
12,5.181381702423096,-0.3586823046207428,3.746882677078247,0.9344321567921998
12,5.268048286437988,-0.359009325504303,3.75113844871521,0.9371435984291315
12,5.354540824890137,-0.35935261845588684,3.755763053894043,0.9400709637196952
12,5.4409990310668945,-0.359712690114975,3.760749340057373,0.9432154883667664
12,5.527435779571533,-0.360089510679245,3.7660844326019287,0.9465834817916888
12,5.613851547241211,-0.360483318567276,3.7717556953430176,0.9501910551293385
12,5.700244903564453,-0.360895037651062,3.7777516841888428,0.9540637895815668
12,5.78661584854126,-0.3613261580467224,3.7840607166290283,0.9582894160568262
12,5.8729634284973145,-0.3617788553237915,3.7906718254089355,0.9628533319000098
12,5.959285259246826,-0.36225587129592896,3.797571897506714,0.9677846371853461
12,6.045572280883789,-0.3627610206604004,3.8047454357147217,0.9731154434534217
12,6.13181734085083,-0.36329907178878784,3.812174081802368,0.9788823116753302
12,6.218637466430664,-0.36388057470321655,3.8198893070220947,0.9851097910068373
12,6.307249069213867,-0.364522784948349,3.8279764652252197,0.9917529111662897
12,6.398727893829346,-0.3652539849281311,3.8365025520324707,0.9984167924146686
12,6.490196228027344,-0.3660854995250702,3.845128059387207,1.0069825666170158
12,6.513461112976074,-0.3663181960582733,3.84732723236084,1.0089333913611993
12,6.536717891693115,-0.36656075716018677,3.8495254516601562,1.0108590724654143
12,6.560016632080078,-0.3668143153190613,3.8517260551452637,1.0127913393912638
12,6.583314895629883,-0.3670789897441864,3.85392427444458,1.0147314464387487
12,6.60658597946167,-0.36735495924949646,3.8561158180236816,1.0166465053174514
12,6.6300225257873535,-0.3676450252532959,3.858318328857422,1.0185592408983877
12,6.653558731079102,-0.36794906854629517,3.8605241775512695,1.02046297351245
12,6.677192687988281,-0.368267685174942,3.862732172012329,1.0223527851777154
12,6.700920104980469,-0.36860141158103943,3.864941120147705,1.0242242468903
12,6.724735260009766,-0.36895081400871277,3.867150068283081,1.0260728235793546
12,6.74863338470459,-0.36931633949279785,3.8693580627441406,1.0278955827280232
12,6.772343158721924,-0.3696942925453186,3.871539354324341,1.029667998903085
12,6.796125888824463,-0.3700891137123108,3.87371826171875,1.0314027994915909
12,6.819909572601318,-0.37050023674964905,3.8758881092071533,1.0330922785111922
12,6.843760967254639,-0.3709293603897095,3.878054618835449,1.0347387968625046
12,6.867674350738525,-0.37137705087661743,3.8802175521850586,1.036338756880463
12,6.891644477844238,-0.3718438744544983,3.8823764324188232,1.037888911253177
12,6.915665626525879,-0.37233030796051025,3.8845314979553223,1.0393865915301952
12,6.939733028411865,-0.3728368878364563,3.8866820335388184,1.04082945759195
12,6.963840961456299,-0.37336409091949463,3.8888282775878906,1.0422162006880733
12,6.987983703613281,-0.37391233444213867,3.890970468521118,1.0435457025259576
12,7.012159824371338,-0.37448203563690186,3.893109083175659,1.0448194558662451
12,7.0361151695251465,-0.3750673532485962,3.8952221870422363,1.0460270333613042
12,7.060070991516113,-0.37567371129989624,3.8973302841186523,1.047179403430716
12,7.08405065536499,-0.37630200386047363,3.8994364738464355,1.048280204992366
12,7.108048915863037,-0.3769523799419403,3.901540517807007,1.0493313340118375
12,7.13206148147583,-0.3776249289512634,3.9036431312561035,1.0503356752283
12,7.156082630157471,-0.3783196210861206,3.9057443141937256,1.051294381260045
12,7.180102825164795,-0.3790363073348999,3.907844305038452,1.0522087912939184
12,7.204127311706543,-0.3797750473022461,3.9099438190460205,1.053080786598847
12,7.228150844573975,-0.38053566217422485,3.9120430946350098,1.0539108984222818
12,7.25216817855835,-0.38131779432296753,3.914142370223999,1.0547008193132246
12,7.276175498962402,-0.382121205329895,3.9162416458129883,1.055454502332665
12,7.300168037414551,-0.38294553756713867,3.9183413982391357,1.0561813321519444
12,7.323910236358643,-0.38378217816352844,3.920421600341797,1.0568614720454046
12,7.347997188568115,-0.38465172052383423,3.9225351810455322,1.0575348880886242
12,7.371898651123047,-0.3855352997779846,3.9246366024017334,1.0582087160104006
12,7.395378589630127,-0.3864235281944275,3.926705837249756,1.0588462310123845
12,7.419408798217773,-0.3873523473739624,3.9288294315338135,1.059499912998473
12,7.443152904510498,-0.38828974962234497,3.930934429168701,1.0601509914646934
12,7.466863632202148,-0.38924479484558105,3.933043956756592,1.0608148463920792
12,7.490536689758301,-0.390217125415802,3.9351582527160645,1.0615031212665025
12,7.514856338500977,-0.39123499393463135,3.9373395442962646,1.0622180224940037
12,7.53837251663208,-0.3922368288040161,3.9394583702087402,1.0629283722099268
12,7.561844825744629,-0.39325371384620667,3.9415831565856934,1.0636652339012915
12,7.585060119628906,-0.3942756950855255,3.943695068359375,1.064423912249998
12,7.608229160308838,-0.3953113257884979,3.9458141326904297,1.0652168756309675
12,7.631349563598633,-0.39635995030403137,3.9479408264160156,1.0660499837691741
12,7.654420375823975,-0.3974210023880005,3.950076103210449,1.0669302963339968
12,7.677438259124756,-0.39849385619163513,3.9522206783294678,1.067861309945433
12,7.700514316558838,-0.3995831608772278,3.95438551902771,1.0688601849055503
12,7.72344446182251,-0.40067893266677856,3.9565532207489014,1.069922605242502
12,7.7466044425964355,-0.40179842710494995,3.9587597846984863,1.0710655898616692
12,7.769412517547607,-0.4029131531715393,3.960951328277588,1.0722904890703269
12,7.792156219482422,-0.404036283493042,3.963155508041382,1.0736092977308913
12,7.814368724822998,-0.4051443636417389,3.9653279781341553,1.075023605640403
12,7.8364691734313965,-0.4062572419643402,3.9675090312957764,1.076485182793084
12,7.8588480949401855,-0.40739431977272034,3.969738006591797,1.0781039248984832
12,7.881171703338623,-0.4085385501384735,3.971982002258301,1.0798606810463312
12,7.903439521789551,-0.40968960523605347,3.9742417335510254,1.0817813202096667
12,7.925704002380371,-0.41084998846054077,3.9765217304229736,1.0838799961326069
12,7.947911262512207,-0.4120166301727295,3.978816509246826,1.0861718223126513
12,7.970060348510742,-0.41318923234939575,3.9811244010925293,1.0886790911589608
12,7.992149353027344,-0.4143674969673157,3.98344349861145,1.0914263023772015
12,8.014178276062012,-0.415551096200943,3.985771417617798,1.0944380759180308
12,8.03614616394043,-0.41673973202705383,3.9881045818328857,1.097737386368975
12,8.058053016662598,-0.4179329574108124,3.9904377460479736,1.1013246309483686
12,8.079730033874512,-0.41912078857421875,3.992746591567993,1.1051155556199554
12,8.101348876953125,-0.42031145095825195,3.995039939880371,1.1091409690567335
12,8.12291145324707,-0.4215032756328583,3.997305154800415,1.1133326066351716
12,8.144477844238281,-0.42269712686538696,3.9995334148406982,1.1175430606530645
12,8.166006088256836,-0.42388784885406494,4.001702308654785,1.1216173415679989
12,8.18752384185791,-0.4250735640525818,4.003795146942139,1.1254007784616833
12,8.209049224853516,-0.4262522757053375,4.005796909332275,1.1286880882156949
12,8.230585098266602,-0.427421897649765,4.007698059082031,1.1312548737887946
12,8.252128601074219,-0.428581565618515,4.009500026702881,1.132916778928282
12,8.273680686950684,-0.4297313988208771,4.0112152099609375,1.1335817963614425
12,8.295238494873047,-0.43087199330329895,4.01285982131958,1.1334938827593133
12,8.316801071166992,-0.4320042133331299,4.0144500732421875,1.1330287853309626
12,8.338366508483887,-0.4331291913986206,4.015996932983398,1.1323846177943386
12,8.359935760498047,-0.4342486262321472,4.017507076263428,1.131697093880811
12,8.38150691986084,-0.4353639781475067,4.018983840942383,1.1310634307204104
12,8.403080940246582,-0.4364764392375946,4.020429611206055,1.1305369312582165
12,8.424656867980957,-0.43758681416511536,4.021843433380127,1.1301349092589825
12,8.446234703063965,-0.43869543075561523,4.023224830627441,1.1298530572121621
12,8.467815399169922,-0.43980222940444946,4.024571418762207,1.129649921101742
12,8.489398002624512,-0.44090691208839417,4.025881290435791,1.129496841604793
12,8.51098346710205,-0.44200897216796875,4.0271525382995605,1.1293666108308953
12,8.532570838928223,-0.4431077539920807,4.028383731842041,1.12923482691602
12,8.554161071777344,-0.4442027509212494,4.029574871063232,1.1290805116410736
12,8.575753211975098,-0.44529327750205994,4.03072452545166,1.1288871402981375
12,8.597349166870117,-0.4463789761066437,4.031833648681641,1.1286323508280536
12,8.618946075439453,-0.44745951890945435,4.032902240753174,1.1283185329275167
12,8.640545845031738,-0.44853469729423523,4.033932209014893,1.1279505401107086
12,8.66214656829834,-0.4496045410633087,4.034924507141113,1.1275336001967786
12,8.68375015258789,-0.45066919922828674,4.035881042480469,1.1270753006800245
12,8.705354690551758,-0.4517289102077484,4.036803245544434,1.1265843184339168
12,8.726962089538574,-0.4527839720249176,4.037692070007324,1.1260690563524625
12,8.748570442199707,-0.45383474230766296,4.038549423217773,1.1255353055309307
12,8.770179748535156,-0.45488154888153076,4.0393757820129395,1.1249882966094629
12,8.791790008544922,-0.4559246897697449,4.040172100067139,1.1244262282563064
12,8.81340217590332,-0.4569644033908844,4.040938377380371,1.1238346185552412
12,8.835015296936035,-0.4580007791519165,4.0416741371154785,1.123230339096318
12,8.856630325317383,-0.4590339660644531,4.042379856109619,1.1226099450971065
12,8.87824535369873,-0.46006396412849426,4.043055057525635,1.1219693310461685
12,8.899862289428711,-0.46109074354171753,4.043699264526367,1.1213044162167456
12,8.921480178833008,-0.4621143043041229,4.044312000274658,1.120605226620359
12,8.943099021911621,-0.46313464641571045,4.044893741607666,1.1198749275350866
12,8.96471881866455,-0.4641517102718353,4.045444011688232,1.119111462679866
12,8.986339569091797,-0.46516555547714233,4.045962810516357,1.1183138210659966
12,9.00796127319336,-0.46617618203163147,4.046450138092041,1.1174812031849806
12,9.029582977294922,-0.4671836495399475,4.046905994415283,1.1166132466027632
12,9.051206588745117,-0.46818807721138,4.047330856323242,1.1157099004248536
12,9.072830200195312,-0.4691895544528961,4.047725677490234,1.114767084058189
12,9.094454765319824,-0.4701882004737854,4.048089981079102,1.113786892334233
12,9.116080284118652,-0.4711841344833374,4.04842472076416,1.112771957846904
12,9.13770580291748,-0.47217750549316406,4.048730373382568,1.111722313242356
12,9.159332275390625,-0.47316840291023254,4.049007415771484,1.1106380973740109
12,9.18095874786377,-0.4741570055484772,4.049255847930908,1.1095195579437103
12,9.202585220336914,-0.4751433730125427,4.0494771003723145,1.1083664394252104
12,9.224213600158691,-0.47612762451171875,4.049671173095703,1.1071768676499119
12,9.245841026306152,-0.47710981965065,4.049839019775391,1.1059487983024547
12,9.267468452453613,-0.4780900180339813,4.049981117248535,1.1046873832408917
12,9.28909683227539,-0.4790682792663574,4.050097942352295,1.1033930676660113
12,9.310725212097168,-0.4800446629524231,4.050189971923828,1.1020661771682907
12,9.332354545593262,-0.48101916909217834,4.050258636474609,1.100706918519382
12,9.353982925415039,-0.48199182748794556,4.0503034591674805,1.09931585290835
12,9.375612258911133,-0.48296257853507996,4.050326347351074,1.097893297810415
12,9.39724063873291,-0.48393139243125916,4.050326824188232,1.0964352422872956
12,9.418869972229004,-0.4848982095718384,4.05030632019043,1.0949455909433277
12,9.440499305725098,-0.48586294054985046,4.050265789031982,1.093425619971417
12,9.462127685546875,-0.48682543635368347,4.050204753875732,1.0918760036426527
12,9.483757019042969,-0.48778557777404785,4.0501251220703125,1.090296949916106
12,9.505386352539062,-0.4887431263923645,4.0500264167785645,1.0886889143346479
12,9.527015686035156,-0.4896979331970215,4.049910545349121,1.087052712550611
12,9.54864501953125,-0.4906497001647949,4.049777507781982,1.0853869402744136
12,9.570274353027344,-0.4915982186794281,4.049628257751465,1.0836917496195322
12,9.591903686523438,-0.49254313111305237,4.049463272094727,1.081970920439654
12,9.613533973693848,-0.49348416924476624,4.049283027648926,1.0802250502262238
12,9.635163307189941,-0.4944208562374115,4.049088954925537,1.078455574504796
12,9.656792640686035,-0.4953528642654419,4.0488810539245605,1.0766633383166944
12,9.678421974182129,-0.4962797462940216,4.0486602783203125,1.0748500259753426
12,9.700052261352539,-0.49720099568367004,4.048427104949951,1.0730169734271189
12,9.72168254852295,-0.498116135597229,4.048182010650635,1.0711639340736983
12,9.74331283569336,-0.4990246295928955,4.047926425933838,1.0692957381532826
12,9.764942169189453,-0.4999259412288666,4.047659873962402,1.0674149631752292
12,9.786572456359863,-0.5008193254470825,4.047383785247803,1.065522255812121
12,9.80820369720459,-0.5017042756080627,4.047098159790039,1.063621662638819
12,9.829834938049316,-0.502579927444458,4.0468034744262695,1.0617162688422108
12,9.851466178894043,-0.5034456849098206,4.0465006828308105,1.0598085552498797
12,9.87309741973877,-0.5043008327484131,4.046189785003662,1.057902872654028
12,9.894728660583496,-0.505144476890564,4.045870780944824,1.0560032226360718
12,9.916360855102539,-0.5059759020805359,4.0455451011657715,1.0541120669405002
12,9.937994003295898,-0.5067943334579468,4.0452117919921875,1.0522321128949534
12,9.959627151489258,-0.5075988173484802,4.044871807098389,1.0503657301901224
12,9.981260299682617,-0.5083885192871094,4.044524669647217,1.0485147121685237
12,10.002894401550293,-0.5091626048088074,4.04417085647583,1.0466802807488724
12,10.024528503417969,-0.5099201202392578,4.043809413909912,1.0448630649581439
12,10.046163558959961,-0.5106602907180786,4.043441295623779,1.0430642290789949
12,10.067798614501953,-0.5113822221755981,4.043065071105957,1.04127735366389
12,10.089434623718262,-0.5120851397514343,4.0426812171936035,1.0394998777531108
12,10.111071586608887,-0.5127683281898499,4.042288780212402,1.0377294621142192
12,10.132707595825195,-0.5134309530258179,4.041888236999512,1.0359637508882387
12,10.154352188110352,-0.5140727162361145,4.041478633880615,1.034199165639903
12,10.176067352294922,-0.5146946310997009,4.041058540344238,1.0324259735953227
12,10.198107719421387,-0.5153027176856995,4.040622234344482,1.0306227883516583
12,10.220147132873535,-0.5158869624137878,4.0401763916015625,1.028828910265413
12,10.243093490600586,-0.5164695978164673,4.03970193862915,1.0269675247825205
12,10.267753601074219,-0.5170663595199585,4.039179801940918,1.0249780924136833
12,10.294649124145508,-0.5176823735237122,4.0385966300964355,1.022865579111453
12,10.321545600891113,-0.5182618498802185,4.037999629974365,1.0207829505820778
12,10.350422859191895,-0.5188429951667786,4.037343502044678,1.0185639596357436
12,10.379301071166992,-0.5193812251091003,4.036672592163086,1.016413878926278
12,10.40935230255127,-0.519895076751709,4.035958766937256,1.0141918752502999
12,10.439847946166992,-0.5203679203987122,4.035220146179199,1.0119938073675772
12,10.470345497131348,-0.5207911729812622,4.034466743469238,1.0098615349268134
12,10.50094223022461,-0.521165668964386,4.033698081970215,1.0077495309452202
12,10.531548500061035,-0.5214897394180298,4.032916069030762,1.0057600390784922
12,10.562155723571777,-0.5217630863189697,4.032122611999512,1.0038131946431088
12,10.59276294708252,-0.5219857096672058,4.031318187713623,1.001943161366529
12,10.623371124267578,-0.5221575498580933,4.030503749847412,1.0001805100339853
12,10.653977394104004,-0.5222787261009216,4.029680252075195,0.9984622425455408
12,10.684584617614746,-0.5223494172096252,4.028848171234131,0.9968745473084455
12,10.715191841125488,-0.5223698019981384,4.028008460998535,0.9953568035957252
12,10.74579906463623,-0.5223402380943298,4.027161598205566,0.9939117041534475
12,10.776406288146973,-0.5222609639167786,4.026307582855225,0.9926004316720304
12,10.807012557983398,-0.5221325159072876,4.025447845458984,0.9913404512442991
12,10.837617874145508,-0.5219553709030151,4.0245819091796875,0.9901999295629398
12,10.868224143981934,-0.5217299461364746,4.02371072769165,0.989148482978589
12,10.898828506469727,-0.5214570760726929,4.022833824157715,0.9881567213518444
12,10.929431915283203,-0.5211372375488281,4.021952152252197,0.987311004275866
12,10.960036277770996,-0.5207712650299072,4.021064758300781,0.9865169843233641
12,10.990638732910156,-0.520359992980957,4.020172119140625,0.9858217130073614
12,11.021241188049316,-0.5199041366577148,4.0192742347717285,0.9852243735830892
12,11.05184268951416,-0.5194047093391418,4.018370628356934,0.9846784112610103
12,11.082442283630371,-0.5188627243041992,4.017460346221924,0.9842601367178379
12,11.113041877746582,-0.5182790756225586,4.016544342041016,0.9838970058651338
12,11.143640518188477,-0.5176549553871155,4.015621185302734,0.9836086094069403
12,11.174237251281738,-0.5169913172721863,4.014690399169922,0.9834068894165582
12,11.204833984375,-0.5162894129753113,4.01375150680542,0.9832308848174177
12,11.235430717468262,-0.5155504941940308,4.0128045082092285,0.9831507343893381
12,11.266026496887207,-0.5147756934165955,4.011848449707031,0.9831281829069684
12,11.296628952026367,-0.5139663219451904,4.0108819007873535,0.9831590009259558
12,11.327230453491211,-0.5131237506866455,4.009904861450195,0.9832748279898199
12,11.357854843139648,-0.5122487545013428,4.008915901184082,0.983429310581412
12,11.388544082641602,-0.5113417506217957,4.007913112640381,0.9836567511074048
12,11.419232368469238,-0.5104058384895325,4.006897926330566,0.9839278812084474
12,11.450058937072754,-0.5094386339187622,4.005867004394531,0.9842324132875587
12,11.480883598327637,-0.5084463953971863,4.004825592041016,0.9846734691239889
12,11.511959075927734,-0.5074228048324585,4.003765106201172,0.9851548564714667
12,11.548337936401367,-0.5061971545219421,4.002503871917725,0.9857786876478429
12,11.584716796875,-0.5049457550048828,4.001217842102051,0.9862079932788055
12,11.65062427520752,-0.5026196837425232,3.998830556869507,0.9874333035031537
12,11.716527938842773,-0.5002297163009644,3.9963629245758057,0.9889796728480562
12,11.788267135620117,-0.49757421016693115,3.99357271194458,0.9899084911036654
12,11.917895317077637,-0.49269723892211914,3.988177537918091,0.992714024092234
12,12.047499656677246,-0.48774853348731995,3.9822986125946045,0.9962756235760596
12,12.169083595275879,-0.48310744762420654,3.976325273513794,0.9999615087443707
12,12.290986061096191,-0.4785057306289673,3.9698750972747803,1.0038969550971315
12,12.412866592407227,-0.47399231791496277,3.962951183319092,1.007962013994128
12,12.534910202026367,-0.4695982038974762,3.955523729324341,1.0122002052534698
12,12.656927108764648,-0.46535205841064453,3.947594404220581,1.0161946503577823
12,12.714786529541016,-0.4633968770503998,3.9436559677124023,1.0181940925832924
13,0.9005382657051086,-0.618071436882019,1.1346001625061035,1.013942916743014
13,1.0207135677337646,-0.618082582950592,1.147919774055481,1.0201950484517628
13,1.111397624015808,-0.6180868148803711,1.158154010772705,1.024022285774085
13,1.2326747179031372,-0.6180946230888367,1.1708104610443115,1.0287377548154344
13,1.3223845958709717,-0.6181051731109619,1.179004430770874,1.0319162984327623
13,1.4444278478622437,-0.6181359887123108,1.187292218208313,1.0367338958954297
13,1.5666766166687012,-0.6181966662406921,1.1914374828338623,1.0403294685794506
13,1.6891074180603027,-0.6183004975318909,1.1904428005218506,1.0444338563376843
13,1.8114039897918701,-0.6184597015380859,1.1841185092926025,1.0481993410297061
13,1.9333399534225464,-0.6186793446540833,1.1727608442306519,1.0519143655634444
13,2.0548524856567383,-0.618963360786438,1.1574877500534058,1.056085718906371
13,2.17598295211792,-0.6193054914474487,1.1394058465957642,1.0615834102723065
13,2.263911247253418,-0.6195874214172363,1.1250866651535034,1.0662193492451313
13,2.3846285343170166,-0.620008647441864,1.10442054271698,1.0752861668305203
13,2.5052077770233154,-0.6204614639282227,1.082964539527893,1.087413567678295
13,2.6256558895111084,-0.6209409832954407,1.0607839822769165,1.103406462576337
13,2.7459685802459717,-0.6214472651481628,1.0378822088241577,1.1287469803450445
13,2.8661611080169678,-0.6219870448112488,1.0143595933914185,1.1620590014164585
13,2.98618483543396,-0.6225547790527344,0.9899923801422119,1.216142550595857
13,3.105989456176758,-0.6231576800346375,0.9645751714706421,1.2861542957393635
13,3.2252285480499268,-0.6238491535186768,0.9366322159767151,1.3773648845659225
13,3.3437111377716064,-0.6245875954627991,0.9056653380393982,1.4696376856968814
13,3.4608876705169678,-0.6251698136329651,0.8700739741325378,1.5736526889587168
13,3.5767910480499268,-0.6251546144485474,0.8305218815803528,1.6373418185469895
13,3.69122052192688,-0.6244341731071472,0.7869133353233337,1.6679742479411699
13,3.8054120540618896,-0.6236238479614258,0.7427288889884949,1.6591636769917726
13,3.9205429553985596,-0.6231003999710083,0.7011250257492065,1.638788387446456
13,4.038922309875488,-0.6221652626991272,0.6710343956947327,1.6523051535429574
13,4.0975847244262695,-0.6211203336715698,0.6617397665977478,1.6945332057276241
13,4.21839714050293,-0.6167246699333191,0.6557428240776062,1.8145994822821572
13,4.290194511413574,-0.6129388213157654,0.659264326095581,1.8845359049132144
13,4.407238960266113,-0.6057434678077698,0.671511709690094,1.9872203298697406
13,4.47727108001709,-0.600908637046814,0.6817410588264465,2.0117595176235836
13,4.587273120880127,-0.5930777192115784,0.6988465785980225,2.0153393264841415
13,4.697127819061279,-0.5847121477127075,0.7166333794593811,1.9587562952033455
13,4.798440933227539,-0.5762810707092285,0.7338506579399109,1.8784963673410815
13,4.8566718101501465,-0.5710945725440979,0.7453144788742065,1.8144288646905435
13,4.8952789306640625,-0.5675170421600342,0.7538608908653259,1.76634763606806
13,4.985352516174316,-0.5593693256378174,0.7795364856719971,1.6498966630216343
13,5.07233190536499,-0.5522667765617371,0.8144987225532532,1.550987057178327
13,5.110998153686523,-0.5496886372566223,0.833536684513092,1.5136340836882523
13,5.141655921936035,-0.5479288101196289,0.850057065486908,1.4851589271576686
13,5.169221878051758,-0.5465362668037415,0.8652963638305664,1.4581307527754999
13,5.253334045410156,-0.5436864495277405,0.912781834602356,1.3834143250710225
13,5.340764045715332,-0.5422835350036621,0.959135890007019,1.3177078146533274
13,5.43079948425293,-0.5421745181083679,1.000195860862732,1.2629743755275873
13,5.4988861083984375,-0.5427724123001099,1.0261706113815308,1.2332003767990187
13,5.595940589904785,-0.5441739559173584,1.0571556091308594,1.2004766846959682
13,5.695684909820557,-0.5460438132286072,1.0833251476287842,1.1729401514600382
13,5.796691417694092,-0.548257052898407,1.105364203453064,1.1476508380753625
13,5.898386478424072,-0.5507825613021851,1.123941421508789,1.125086038826621
13,6.001274585723877,-0.5536662340164185,1.139609694480896,1.104225388973891
13,6.104742050170898,-0.556958019733429,1.152519941329956,1.0847140240638977
13,6.208247661590576,-0.5607182383537292,1.1627038717269897,1.0665644728866432
13,6.311312675476074,-0.5650239586830139,1.170136570930481,1.0499739364524605
13,6.413519859313965,-0.5699602365493774,1.1747740507125854,1.035379286363793
13,6.5148396492004395,-0.5756236910820007,1.1766411066055298,1.023539321294016
13,6.613153457641602,-0.5820512771606445,1.175718903541565,1.0167228877480852
13,6.7113165855407715,-0.5896064639091492,1.171918272972107,1.0074978098942655
13,6.736634731292725,-0.5917608737945557,1.1704471111297607,1.0059212780189521
13,6.761775016784668,-0.5939918160438538,1.1687817573547363,1.004712139060947
13,6.786900043487549,-0.5963137149810791,1.166918396949768,1.003805825099919
13,6.812317371368408,-0.5987598896026611,1.1648310422897339,1.0031106862374017
13,6.837687015533447,-0.6013079881668091,1.1625349521636963,1.0025564688080435
13,6.862929821014404,-0.6039536595344543,1.1600415706634521,1.002335057257184
13,6.888139724731445,-0.6067093014717102,1.1573476791381836,1.0024012341210564
13,6.913263320922852,-0.6095737814903259,1.1544610261917114,1.0027475135071011
13,6.938292503356934,-0.6125502586364746,1.1513859033584595,1.0033863671676702
13,6.9632182121276855,-0.6156410574913025,1.1481276750564575,1.004328349065809
13,6.988032341003418,-0.6188480854034424,1.1446924209594727,1.0055841680790347
13,7.012727737426758,-0.6221728324890137,1.1410869359970093,1.0071661956870823
13,7.037297248840332,-0.6256164908409119,1.1373181343078613,1.009116472374102
13,7.0619120597839355,-0.6292052865028381,1.1333644390106201,1.0114052598645364
13,7.086382865905762,-0.6329144835472107,1.1292617321014404,1.013983385365882
13,7.110719203948975,-0.6367471814155579,1.1250156164169312,1.016930639973605
13,7.134917736053467,-0.640703022480011,1.120635747909546,1.0202504617873949
13,7.1589741706848145,-0.6447812914848328,1.1161322593688965,1.0239427101805934
13,7.182887077331543,-0.6489807367324829,1.1115162372589111,1.0280037121832168
13,7.206654071807861,-0.6532989144325256,1.1067993640899658,1.0324128536720583
13,7.230485439300537,-0.6577721238136292,1.1019508838653564,1.0372001106817055
13,7.254164218902588,-0.6623600125312805,1.0970261096954346,1.0421927906743236
13,7.277703762054443,-0.6670626401901245,1.092036485671997,1.047483830432073
13,7.301105976104736,-0.6718765497207642,1.0869967937469482,1.0530455727964794
13,7.324373722076416,-0.6767973303794861,1.0819218158721924,1.0588234315433653
13,7.3476362228393555,-0.6818459630012512,1.0767987966537476,1.0647935291363082
13,7.370776653289795,-0.6869915127754211,1.071669578552246,1.0709304092810017
13,7.393800735473633,-0.6922293901443481,1.06654953956604,1.0770841393573025
13,7.416706085205078,-0.6975559592247009,1.0614553689956665,1.0832544809606184
13,7.439590930938721,-0.7029876708984375,1.0563807487487793,1.0894170047558633
13,7.462506294250488,-0.7085285186767578,1.0513272285461426,1.095495329161879
13,7.485329627990723,-0.7141405940055847,1.046331763267517,1.1013946060345898
13,7.508068084716797,-0.7198141813278198,1.041398048400879,1.1069731629989434
13,7.530726909637451,-0.7255361080169678,1.036522388458252,1.1120422164937944
13,7.553441047668457,-0.7313231229782104,1.0316650867462158,1.116171429986692
13,7.576079845428467,-0.7371237874031067,1.026839256286621,1.1193721941552492
13,7.598794460296631,-0.7429491877555847,1.021998643875122,1.1216307523027842
13,7.621313095092773,-0.7486972212791443,1.0171905755996704,1.1228829458139031
13,7.643789291381836,-0.7543705105781555,1.0123789310455322,1.1229307716648267
13,7.666357040405273,-0.7599676847457886,1.0075422525405884,1.1218003302965014
13,7.688956260681152,-0.7654464840888977,1.0027165412902832,1.1196758944892944
13,7.711547374725342,-0.7707825899124146,0.9979500770568848,1.116875228306289
13,7.734137058258057,-0.7759809494018555,0.9932968616485596,1.1135370347176108
13,7.7568511962890625,-0.7810835838317871,0.9887977242469788,1.110072964876034
13,7.7797417640686035,-0.7861219644546509,0.9845185875892639,1.106890339851341
13,7.8025102615356445,-0.7910553812980652,0.9805923700332642,1.1043983987078367
13,7.825337886810303,-0.7959453463554382,0.9770450592041016,1.102838481093278
13,7.848055839538574,-0.8007721900939941,0.9739384651184082,1.1022552518714872
13,7.871076583862305,-0.8056340217590332,0.9712167978286743,1.102248096328308
13,7.894111633300781,-0.8104754686355591,0.9688957929611206,1.1024505822316857
13,7.917151927947998,-0.8152956366539001,0.9669344425201416,1.1023986066131854
13,7.940189838409424,-0.8200890421867371,0.965287983417511,1.101831540148012
13,7.963221073150635,-0.8248474597930908,0.963911771774292,1.1007231639097368
13,7.98587703704834,-0.8294875621795654,0.9627864360809326,1.099022749734549
13,8.008716583251953,-0.8341166377067566,0.9618621468544006,1.0968742296930294
13,8.031530380249023,-0.8386858105659485,0.9611399173736572,1.094420209978884
13,8.05431842803955,-0.8431906700134277,0.9606179594993591,1.091713580210398
13,8.077205657958984,-0.8476519584655762,0.9602973461151123,1.0888710184914598
13,8.100105285644531,-0.8520510792732239,0.9601866602897644,1.0858633826613302
13,8.122945785522461,-0.8563721179962158,0.9602932333946228,1.0827849568988621
13,8.145776748657227,-0.8606256246566772,0.9606233835220337,1.0797169295562887
13,8.168587684631348,-0.8648102283477783,0.9611833691596985,1.076675087524333
13,8.191383361816406,-0.8689278960227966,0.9619781970977783,1.0736724571857328
13,8.214188575744629,-0.8729844689369202,0.9630122184753418,1.0707023494040249
13,8.236959457397461,-0.8769717812538147,0.9642853140830994,1.0677079403114556
13,8.259753227233887,-0.8808994889259338,0.965801477432251,1.064456660799375
13,8.282630920410156,-0.8847768306732178,0.9675681591033936,1.0610651452783157
13,8.3055419921875,-0.8885930776596069,0.9695829749107361,1.057654232492841
13,8.328466415405273,-0.8923413753509521,0.9718455672264099,1.054218859541737
13,8.351404190063477,-0.8960181474685669,0.9743552207946777,1.0507704724558606
13,8.374190330505371,-0.8995928168296814,0.9770928025245667,1.0472942364637994
13,8.396926879882812,-0.9030765295028687,0.9800679683685303,1.0437146289260657
13,8.419675827026367,-0.9064731001853943,0.9832887053489685,1.0397400798269254
13,8.442474365234375,-0.9097821116447449,0.9867638349533081,1.035565930783865
13,8.465211868286133,-0.9129812717437744,0.9904779195785522,1.0313670222911613
13,8.487887382507324,-0.9160639047622681,0.994429349899292,1.0271377877026044
13,8.510498046875,-0.919022798538208,0.9986156225204468,1.022869859904559
13,8.533041000366211,-0.9218510389328003,1.0030333995819092,1.0182802790050287
13,8.555598258972168,-0.924551784992218,1.0076978206634521,1.0133342612277245
13,8.578351974487305,-0.9271364212036133,1.0126464366912842,1.0082420760291058
13,8.60081672668457,-0.9295417070388794,1.0177656412124634,1.0031395940866297
13,8.623200416564941,-0.9317851662635803,1.0230895280838013,0.9979747693750387
13,8.645503044128418,-0.9338597059249878,1.0286065340042114,0.9921784105849042
13,8.667794227600098,-0.9357640147209167,1.034321904182434,0.9863140953189037
13,8.690001487731934,-0.9374834895133972,1.04020094871521,0.9803873715047657
13,8.712653160095215,-0.9390488862991333,1.0463697910308838,0.9743081304210957
13,8.735275268554688,-0.9404106736183167,1.0526831150054932,0.9676817250427373
13,8.75793170928955,-0.9415663480758667,1.0591375827789307,0.9609949964604495
13,8.780561447143555,-0.9425061941146851,1.065688967704773,0.9543184098601448
13,8.802496910095215,-0.9432051181793213,1.0721122026443481,0.9478541698016887
13,8.82440185546875,-0.943690836429596,1.0785702466964722,0.9411070976919613
13,8.846359252929688,-0.9439616203308105,1.0850580930709839,0.9344160932856859
13,8.868287086486816,-0.9440158009529114,1.091522216796875,0.9279043173563033
13,8.89020824432373,-0.9438554048538208,1.097939372062683,0.9215987575708067
13,8.912129402160645,-0.9434829950332642,1.1042819023132324,0.9154005366380158
13,8.93410873413086,-0.9428991079330444,1.110537052154541,0.9093517632684776
13,8.956095695495605,-0.942110002040863,1.116662621498108,0.9036562504036785
13,8.978094100952148,-0.9411234259605408,1.122633934020996,0.8983454204972187
13,9.00008487701416,-0.9399493336677551,1.1284230947494507,0.8934601095592491
13,9.022092819213867,-0.9385965466499329,1.1340159177780151,0.888967562018412
13,9.04415512084961,-0.9370712637901306,1.1394017934799194,0.8848424026675117
13,9.06623363494873,-0.9353865385055542,1.1445553302764893,0.8812038422646998
13,9.088329315185547,-0.9335544109344482,1.1494643688201904,0.8780535247980793
13,9.110438346862793,-0.9315874576568604,1.1541192531585693,0.8753903752809424
13,9.132533073425293,-0.9295005798339844,1.1585079431533813,0.8732186363742751
13,9.15463638305664,-0.927303671836853,1.1626324653625488,0.871505711253105
13,9.17674732208252,-0.9250082969665527,1.1664910316467285,0.8702339602955388
13,9.198861122131348,-0.9226258397102356,1.1700842380523682,0.8693687478681205
13,9.220941543579102,-0.9201704263687134,1.173409104347229,0.8688913709152424
13,9.243032455444336,-0.9176464080810547,1.1764769554138184,0.8687896230283553
13,9.265115737915039,-0.9150646328926086,1.1792924404144287,0.8690337189100825
13,9.287186622619629,-0.9124335050582886,1.1818630695343018,0.8695920751248851
13,9.309242248535156,-0.9097602367401123,1.1841979026794434,0.8704327006912158
13,9.331279754638672,-0.9070514440536499,1.1863065958023071,0.8715241046544416
13,9.353256225585938,-0.9043173789978027,1.1881964206695557,0.8728310176884767
13,9.37520694732666,-0.9015584588050842,1.1898820400238037,0.8743247986330733
13,9.397128105163574,-0.8987785577774048,1.1913743019104004,0.8759741686274457
13,9.4190034866333,-0.8959832191467285,1.1926838159561157,0.8777504899804083
13,9.440847396850586,-0.8931729197502136,1.1938228607177734,0.8796338127843274
13,9.462656021118164,-0.8903495669364929,1.1948025226593018,0.8816009773239727
13,9.484430313110352,-0.8875146508216858,1.1956336498260498,0.8836309837245061
13,9.506165504455566,-0.8846691250801086,1.1963266134262085,0.8857037025122424
13,9.52790355682373,-0.8818082809448242,1.1968927383422852,0.8878032703179697
13,9.549601554870605,-0.8789375424385071,1.1973401308059692,0.889913131578762
13,9.571258544921875,-0.8760569095611572,1.1976783275604248,0.8920204902034903
13,9.592874526977539,-0.8731661438941956,1.197916030883789,0.8941110467700107
13,9.614446640014648,-0.8702651858329773,1.1980620622634888,0.8961769664014293
13,9.635977745056152,-0.8673528432846069,1.1981245279312134,0.8982123505050986
13,9.65746784210205,-0.8644284605979919,1.198110580444336,0.9002090634520798
13,9.67893123626709,-0.8614892363548279,1.198027491569519,0.902163690045746
13,9.70037841796875,-0.8585326075553894,1.1978813409805298,0.9040817606135252
13,9.721822738647461,-0.8555557727813721,1.197677731513977,0.9059413895625107
13,9.743263244628906,-0.852557897567749,1.1974223852157593,0.9077511566167881
13,9.764699935913086,-0.8495380282402039,1.1971200704574585,0.9095100113476787
13,9.7861328125,-0.8464952707290649,1.1967761516571045,0.9112132078437398
13,9.807561874389648,-0.8434287905693054,1.1963953971862793,0.912863681255888
13,9.828987121582031,-0.8403378129005432,1.1959820985794067,0.914460840287359
13,9.850407600402832,-0.8372213244438171,1.195540189743042,0.9160043776873303
13,9.87182331085205,-0.8340787887573242,1.1950734853744507,0.9174801706697163
13,9.893235206604004,-0.8309093713760376,1.1945855617523193,0.9189020624204494
13,9.914642333984375,-0.8277125358581543,1.1940796375274658,0.9202727494389584
13,9.93604564666748,-0.824487566947937,1.1935590505599976,0.921592715020641
13,9.957443237304688,-0.8212343454360962,1.193027138710022,0.9228613143305497
13,9.978837013244629,-0.8179523944854736,1.1924867630004883,0.9240824649520767
13,10.000226020812988,-0.814641535282135,1.1919405460357666,0.9252574476186388
13,10.021610260009766,-0.8113013505935669,1.1913912296295166,0.9263750650438747
13,10.042989730834961,-0.807931661605835,1.1908410787582397,0.927449191898643
13,10.06436538696289,-0.8045323491096497,1.190292477607727,0.9284820095560511
13,10.085735321044922,-0.801103413105011,1.18974769115448,0.929471159873529
13,10.107101440429688,-0.7976447343826294,1.1892088651657104,0.9304168561487091
13,10.128462791442871,-0.7941568493843079,1.18867826461792,0.931325329143998
13,10.149827003479004,-0.7906388640403748,1.1881579160690308,0.932199127975773
13,10.171185493469238,-0.7870921492576599,1.1876496076583862,0.9330345590295431
13,10.192610740661621,-0.7835053205490112,1.1871535778045654,0.9338459335711686
13,10.214349746704102,-0.7798363566398621,1.1866663694381714,0.9346369316739648
13,10.236977577209473,-0.7759866714477539,1.186178207397461,0.9354251595346708
13,10.261290550231934,-0.7718166708946228,1.1856775283813477,0.9362219975070816
13,10.285598754882812,-0.7676141858100891,1.1852041482925415,0.936951777326303
13,10.312104225158691,-0.7629951238632202,1.1847214698791504,0.9377251433727855
13,10.340555191040039,-0.7579959630966187,1.1842457056045532,0.9384899843167112
13,10.369000434875488,-0.7529568672180176,1.18381667137146,0.9392136478297274
13,10.398592948913574,-0.7476729154586792,1.1834248304367065,0.9399491185732437
13,10.428179740905762,-0.7423506379127502,1.1830929517745972,0.9406126923071556
13,10.458198547363281,-0.7369127869606018,1.1828218698501587,0.9412733722358761
13,10.488309860229492,-0.731423020362854,1.1826221942901611,0.9418804348136504
13,10.518416404724121,-0.7259013652801514,1.182498574256897,0.9424439024053916
13,10.548527717590332,-0.7203503847122192,1.182457447052002,0.9429916519296213
13,10.578635215759277,-0.7147760391235352,1.1825034618377686,0.9434648388850072
13,10.60873794555664,-0.7091820240020752,1.1826417446136475,0.9439189079239264
13,10.638836860656738,-0.7035728693008423,1.1828781366348267,0.944318606562655
13,10.668932914733887,-0.6979519724845886,1.1832166910171509,0.9446760711465786
13,10.699027061462402,-0.6923256516456604,1.1836639642715454,0.9450144954022238
13,10.729119300842285,-0.6866985559463501,1.1842243671417236,0.9452784836071624
13,10.759209632873535,-0.6810752153396606,1.1849029064178467,0.9455174713140463
13,10.789298057556152,-0.6754612326622009,1.1857051849365234,0.9457022213818106
13,10.81938648223877,-0.6698613166809082,1.1866346597671509,0.945848834974289
13,10.84947395324707,-0.6642822623252869,1.1876970529556274,0.9459663808671763
13,10.879560470581055,-0.6587288975715637,1.1888959407806396,0.9460092398121743
13,10.909646987915039,-0.6532061696052551,1.1902351379394531,0.9460172037768155
13,10.939733505249023,-0.6477199196815491,1.1917189359664917,0.9459520899809558
13,10.969820022583008,-0.6422754526138306,1.1933495998382568,0.9458386761564089
13,10.999906539916992,-0.6368787884712219,1.1951305866241455,0.9456896649636113
13,11.029993057250977,-0.6315343379974365,1.197063684463501,0.945460883077048
13,11.060079574584961,-0.6262465119361877,1.199150800704956,0.945194716776867
13,11.090165138244629,-0.6210206747055054,1.2013932466506958,0.9448775236101994
13,11.120250701904297,-0.6158609986305237,1.2037912607192993,0.9445001474955035
13,11.150335311889648,-0.6107721328735352,1.2063452005386353,0.9440830574883564
13,11.180418968200684,-0.6057571172714233,1.209054708480835,0.9435753300305095
13,11.210500717163086,-0.6008194088935852,1.2119190692901611,0.9430225850097543
13,11.240583419799805,-0.595962405204773,1.2149362564086914,0.9424083109184914
13,11.270663261413574,-0.591189444065094,1.218104600906372,0.9416682845699287
13,11.300747871398926,-0.5865023732185364,1.2214219570159912,0.9408796827512372
13,11.330855369567871,-0.5819007158279419,1.2248873710632324,0.9399744663992537
13,11.360960006713867,-0.577390193939209,1.2284951210021973,0.9390128901413098
13,11.391125679016113,-0.5729633569717407,1.2322478294372559,0.9379657993660901
13,11.421287536621094,-0.5686318874359131,1.2361338138580322,0.9368147332737254
13,11.45158576965332,-0.5643783211708069,1.2401639223098755,0.9355990739859851
13,11.482126235961914,-0.5601911544799805,1.2443486452102661,0.934176090230321
13,11.512665748596191,-0.5561063289642334,1.248649001121521,0.9326930310284206
13,11.548417091369629,-0.5514459609985352,1.2538155317306519,0.930839259790463
13,11.584165573120117,-0.5469143390655518,1.2591118812561035,0.9287174296601592
13,11.648938179016113,-0.5390231013298035,1.2689757347106934,0.9247960835328732
13,11.713712692260742,-0.5315423607826233,1.279136300086975,0.9203456083820314
13,11.78424072265625,-0.5238634943962097,1.2904598712921143,0.9145886228643989
13,11.911761283874512,-0.511152446269989,1.311272382736206,0.9031726276284028
13,12.039385795593262,-0.4998569190502167,1.3322598934173584,0.8899592899758159
13,12.159280776977539,-0.4904370605945587,1.3516545295715332,0.8762263824857283
13,12.279701232910156,-0.48209431767463684,1.370411992073059,0.8587154940177443
13,12.3857421875,-0.47563907504081726,1.386053442955017,0.8424860277710596
13,12.506804466247559,-0.4692594110965729,1.402540922164917,0.8214994719965475
13,12.526869773864746,-0.46830233931541443,1.405116319656372,0.8181217667609159
14,0.8065746426582336,0.24190199375152588,2.223710060119629,1.0105605781531495
14,0.925162136554718,0.24196572601795197,2.2305991649627686,1.01509148295431
14,1.0458805561065674,0.24204164743423462,2.237412929534912,1.0198498989471307
14,1.166637897491455,0.2421274036169052,2.243486166000366,1.0245565903884202
14,1.2884800434112549,0.24222290515899658,2.248258590698242,1.0291180224369623
14,1.410778522491455,0.24232788383960724,2.250852108001709,1.0334132786499817
14,1.5331032276153564,0.24244192242622375,2.250812530517578,1.036536200006719
14,1.6555006504058838,0.24256443977355957,2.2475666999816895,1.0394908351501277
14,1.7777979373931885,0.24269476532936096,2.24113130569458,1.039757268896117
14,1.8668752908706665,0.24279434978961945,2.234447717666626,1.0399214377615602
14,1.9888129234313965,0.2429368644952774,2.2230210304260254,1.0373516636136633
14,2.067514419555664,0.2430325299501419,2.2143492698669434,1.0355148373273406
14,2.189081907272339,0.2431861162185669,2.199479818344116,1.0303555151511257
14,2.281953811645508,0.24330809712409973,2.187056064605713,1.026030234068403
14,2.4032089710235596,0.24347418546676636,2.16982102394104,1.0191058707987724
14,2.524317502975464,0.24364838004112244,2.1515824794769287,1.011250817419594
14,2.645294666290283,0.2438334822654724,2.1324915885925293,1.0028547485732504
14,2.7661335468292236,0.24403293430805206,2.1125452518463135,0.9925452447051989
14,2.8868212699890137,0.24425151944160461,2.091705083847046,0.9812079214186904
14,3.0073342323303223,0.24450145661830902,2.069875955581665,0.9675032430073145
14,3.127638101577759,0.2447953224182129,2.0469250679016113,0.9502342716453686
14,3.2476882934570312,0.24516542255878448,2.0226833820343018,0.9306395577913544
14,3.367434024810791,0.2456580400466919,1.9969826936721802,0.9034369824652082
14,3.4686641693115234,0.2462189495563507,1.973944902420044,0.8782379093547217
14,3.5878171920776367,0.24716953933238983,1.9456332921981812,0.841608708333736
14,3.653749465942383,0.24787092208862305,1.9294472932815552,0.820806705818834
14,3.772650957107544,0.24962152540683746,1.9002169370651245,0.7791448005918314
14,3.8917341232299805,0.2522358000278473,1.8718057870864868,0.7356567053967994
14,4.011268615722656,0.2560492753982544,1.8465713262557983,0.6925604593226241
14,4.100512504577637,0.2598223388195038,1.8310022354125977,0.6651177314070578
14,4.220638275146484,0.2661077678203583,1.8168731927871704,0.635890698505103
14,4.311939239501953,0.27169156074523926,1.8123257160186768,0.6267007869966259
14,4.42950963973999,0.27927201986312866,1.8155286312103271,0.6269497685315997
14,4.546430587768555,0.28672879934310913,1.8284302949905396,0.6509478315459849
14,4.619826316833496,0.2911265790462494,1.8408609628677368,0.6705429583073879
14,4.7205810546875,0.296674519777298,1.8618735074996948,0.70582275008218
14,4.820687294006348,0.3016205132007599,1.8859347105026245,0.7429723016010311
14,4.899759769439697,0.305140882730484,1.9060198068618774,0.7720320934218611
14,4.986855506896973,0.3086937665939331,1.928385615348816,0.8022999061771888
14,5.074032306671143,0.31200042366981506,1.9504700899124146,0.8291208841679891
14,5.158985614776611,0.31508728861808777,1.9714360237121582,0.8515727612055534
14,5.2433390617370605,0.31811532378196716,1.9915528297424316,0.8700950894228505
14,5.327723979949951,0.3211902976036072,2.010937452316284,0.8850538951641882
14,5.4142069816589355,0.3244693875312805,2.030059337615967,0.8970165971342642
14,5.504651069641113,0.3281250596046448,2.0493221282958984,0.9060880126693189
14,5.595236778259277,0.3321005702018738,2.0679547786712646,0.9124800056272047
14,5.6894731521606445,0.3366653323173523,2.086695671081543,0.9169717261584158
14,5.786997318267822,0.34196725487709045,2.105454444885254,0.9197030237416062
14,5.887279510498047,0.3481740951538086,2.1241657733917236,0.9206878972562552
14,5.987584590911865,0.3553059995174408,2.14241886138916,0.91977337104775
14,6.090269088745117,0.36374810338020325,2.1607723236083984,0.9180870453823227
14,6.194418907165527,0.37373924255371094,2.1792244911193848,0.9160793086012106
14,6.29911994934082,0.385506808757782,2.197822332382202,0.9145176464220779
14,6.402544975280762,0.39904144406318665,2.2164762020111084,0.9142767779919265
14,6.505370616912842,0.4145333468914032,2.235574960708618,0.9164946271570742
14,6.606657981872559,0.4318332076072693,2.2552645206451416,0.9217144607325745
14,6.707394123077393,0.4509194493293762,2.2760956287384033,0.9303275539946322
14,6.760220050811768,0.46157538890838623,2.287637233734131,0.9362525153693295
14,6.812885761260986,0.47253966331481934,2.2996129989624023,0.9429215383102831
14,6.837355613708496,0.47771868109703064,2.305342197418213,0.9462140205253675
14,6.8616485595703125,0.4829018712043762,2.311138868331909,0.9496234981089955
14,6.885714054107666,0.48806843161582947,2.3169915676116943,0.9531561896647096
14,6.909749984741211,0.4932504892349243,2.322948694229126,0.9568067745331523
14,6.933556079864502,0.4983924329280853,2.328956127166748,0.9604379319795439
14,6.9573516845703125,0.5035306215286255,2.3350672721862793,0.9641399140915391
14,6.9810051918029785,0.50862717628479,2.34125018119812,0.9678446450861079
14,7.0045366287231445,0.5136754512786865,2.347506523132324,0.9714865504860118
14,7.028004169464111,0.5186768174171448,2.3538455963134766,0.9750307826895526
14,7.0513434410095215,0.5236074328422546,2.360246419906616,0.9784567279975088
14,7.074553489685059,0.5284578800201416,2.366705894470215,0.9817831636723104
14,7.097870349884033,0.5332678556442261,2.3732869625091553,0.9849344833307647
14,7.120979309082031,0.5379632711410522,2.3798961639404297,0.987862694825889
14,7.1439642906188965,0.5425537824630737,2.3865511417388916,0.9905531559431505
14,7.166944980621338,0.5470572113990784,2.3932788372039795,0.9928286950194103
14,7.1897807121276855,0.5514405965805054,2.4000301361083984,0.9948504533387016
14,7.212625503540039,0.5557255744934082,2.4068491458892822,0.9966467664230342
14,7.235361099243164,0.5598839521408081,2.4136948585510254,0.99794204041649
14,7.257974624633789,0.5639113187789917,2.420553207397461,0.9988412881454325
14,7.280490398406982,0.5678081512451172,2.4274253845214844,0.9992698837744692
14,7.303013801574707,0.5715896487236023,2.4343364238739014,0.999088503116828
14,7.325437545776367,0.5752386450767517,2.441243886947632,0.9983725979809269
14,7.347899436950684,0.5787712931632996,2.4481866359710693,0.9971556080332702
14,7.370284080505371,0.5821648836135864,2.4551239013671875,0.9952016595783405
14,7.392590522766113,0.5854232311248779,2.4620466232299805,0.9925717522732374
14,7.414833068847656,0.5885475873947144,2.4689526557922363,0.989219465740315
14,7.43709135055542,0.5915507078170776,2.475860595703125,0.9848857891053017
14,7.459290027618408,0.5944283604621887,2.4827394485473633,0.9797587619282824
14,7.481438159942627,0.5971843004226685,2.489586353302002,0.9739682906803385
14,7.503540992736816,0.5998239517211914,2.4963974952697754,0.9672827836893564
14,7.525608062744141,0.6023550629615784,2.5031702518463135,0.9596338554178087
14,7.547768592834473,0.604793906211853,2.5099384784698486,0.9512103491864485
14,7.569882392883301,0.6071322560310364,2.5166518688201904,0.9416858641031561
14,7.5921101570129395,0.609398603439331,2.523350954055786,0.9308786646938408
14,7.614286422729492,0.6115871667861938,2.5299761295318604,0.9192291992005861
14,7.636420726776123,0.6137139797210693,2.536519765853882,0.9063788649137859
14,7.658655166625977,0.6158113479614258,2.543010950088501,0.892358916972616
14,7.681002140045166,0.6178976893424988,2.5494391918182373,0.8773481747803072
14,7.703176975250244,0.6199540495872498,2.5557055473327637,0.8610781965129796
14,7.725546836853027,0.6219977736473083,2.5618844032287598,0.843087015159411
14,7.747877597808838,0.6239563226699829,2.5678701400756836,0.8234098709607878
14,7.770113468170166,0.6257191300392151,2.5736021995544434,0.8008540338621732
14,7.7928924560546875,0.6271357536315918,2.579195499420166,0.7731339285622426
14,7.815770626068115,0.6278508901596069,2.5845041275024414,0.7400324551033516
14,7.83868408203125,0.627467691898346,2.5894877910614014,0.7035942345896209
14,7.861575126647949,0.625710666179657,2.594099998474121,0.6670460481898609
14,7.884520053863525,0.6226315498352051,2.598292112350464,0.6313892980906888
14,7.907245635986328,0.6187022924423218,2.6019299030303955,0.5963175285217772
14,7.929978847503662,0.6144201755523682,2.604933977127075,0.5597333007555617
14,7.952574253082275,0.6101875901222229,2.6071107387542725,0.5223880068842226
14,7.9754228591918945,0.6060578227043152,2.608321189880371,0.48515627709717773
14,7.998587608337402,0.601932168006897,2.608384847640991,0.44708548054647695
14,8.021554946899414,0.5976847410202026,2.607114553451538,0.40945734228699443
14,8.044267654418945,0.5930898785591125,2.6043753623962402,0.37313676082733604
14,8.066734313964844,0.5879396796226501,2.599949836730957,0.33801860049562327
14,8.0885591506958,0.5821350812911987,2.5936520099639893,0.3051317828225418
14,8.109423637390137,0.5755605101585388,2.5852909088134766,0.2750761836145887
14,8.128905296325684,0.5680981278419495,2.5747079849243164,0.24868749537144688
14,8.146332740783691,0.559716522693634,2.562005043029785,0.22655943197895898
14,8.161306381225586,0.5502045750617981,2.5471863746643066,0.20893218905190047
14,8.173150062561035,0.5395066738128662,2.5306289196014404,0.19653735598720962
14,8.181376457214355,0.5275828838348389,2.512842893600464,0.18992217934658068
14,8.185673713684082,0.5145254731178284,2.4945178031921387,0.1893231749188151
14,8.186104774475098,0.5007861256599426,2.4766650199890137,0.19424154066374238
14,8.183082580566406,0.48643314838409424,2.4595537185668945,0.20397191795399275
14,8.177156448364258,0.4717833399772644,2.4435956478118896,0.21798409791443324
14,8.168900489807129,0.4570309817790985,2.4289002418518066,0.23475354613488017
14,8.158791542053223,0.44228431582450867,2.4154534339904785,0.2539578017379511
14,8.14716911315918,0.42752915620803833,2.403087854385376,0.2753170923588427
14,8.134391784667969,0.4129015803337097,2.391791820526123,0.297864218369361
14,8.120650291442871,0.3983582854270935,2.3814070224761963,0.3220886855968787
14,8.106123924255371,0.3839259147644043,2.3718490600585938,0.34731230189520534
14,8.090985298156738,0.3696352541446686,2.3630566596984863,0.373639813014422
14,8.075340270996094,0.3554828464984894,2.354952335357666,0.40138613977831367
14,8.059264183044434,0.34146562218666077,2.3474788665771484,0.42976016007260637
14,8.042830467224121,0.3275693953037262,2.3405802249908447,0.4595686167091561
14,8.026084899902344,0.31378620862960815,2.3342268466949463,0.4907004788599347
14,8.009066581726074,0.30011242628097534,2.3283793926239014,0.5232942862262945
14,7.991818428039551,0.2865276634693146,2.3230202198028564,0.556754307042917
14,7.974369525909424,0.27301910519599915,2.3181381225585938,0.5926881213543538
14,7.956745147705078,0.25958123803138733,2.3137147426605225,0.630451895034018
14,7.938973903656006,0.24619126319885254,2.30975604057312,0.670413551081993
14,7.921086311340332,0.23282769322395325,2.3062541484832764,0.7126554657067719
14,7.90311336517334,0.2194654643535614,2.303217649459839,0.7584064466536506
14,7.885079383850098,0.20608177781105042,2.3006479740142822,0.807946243575007
14,7.867033004760742,0.192626491189003,2.2985739707946777,0.8623149862636298
14,7.8490071296691895,0.17905187606811523,2.2970082759857178,0.9230178236685784
14,7.831076145172119,0.16530095040798187,2.295978546142578,0.9922947605176334
14,7.81329870223999,0.1512678563594818,2.295515775680542,1.0726260383945736
14,7.795820713043213,0.13676884770393372,2.29565167427063,1.173328798817051
14,7.781756401062012,0.12437843531370163,2.2962048053741455,1.2624903379371568
14,7.764675140380859,0.10917575657367706,2.297374963760376,1.4596735524570885
14,7.7521233558654785,0.0991118922829628,2.2983386516571045,1.6345775662598105
14,7.739564895629883,0.09071330726146698,2.2991201877593994,1.8486439544074933
14,7.718925952911377,0.080915167927742,2.2995388507843018,2.2132440283658386
14,7.697074890136719,0.07422742247581482,2.2989206314086914,2.5323126185589597
14,7.674861431121826,0.06968098133802414,2.297269344329834,2.7207305889471733
14,7.655807018280029,0.06655559688806534,2.2952659130096436,2.84316496799761
14,7.63339376449585,0.0629475861787796,2.2925963401794434,2.9488117087990906
14,7.611010551452637,0.05895709618926048,2.2898242473602295,3.0139681869400654
14,7.588784217834473,0.05438390374183655,2.2871005535125732,3.042021996489017
14,7.566773414611816,0.04913501814007759,2.2845659255981445,3.01477207931613
14,7.544882297515869,0.042997807264328,2.2823221683502197,2.9210738269744847
14,7.523330211639404,0.03598173335194588,2.2805376052856445,2.8257313295674056
14,7.502108097076416,0.028116248548030853,2.2793819904327393,2.7306781534359796
14,7.481228351593018,0.019419172778725624,2.278988838195801,2.6085906553870504
14,7.460748672485352,0.009864136576652527,2.279454231262207,2.476006335812489
14,7.440733909606934,-0.0005313801812008023,2.280880928039551,2.3489129063146876
14,7.421239852905273,-0.011687751859426498,2.2833635807037354,2.2098993286589046
14,7.402292251586914,-0.023466547951102257,2.286954402923584,2.0946225924654645
14,7.3838605880737305,-0.0356694795191288,2.291649103164673,1.994338257563411
14,7.365895748138428,-0.048110123723745346,2.2974088191986084,1.9190273837033565
14,7.348336219787598,-0.06067240610718727,2.304086208343506,1.865133490879896
14,7.331045150756836,-0.07324009388685226,2.3114237785339355,1.8443769839113264
14,7.313931465148926,-0.08580772578716278,2.3191680908203125,1.8365712124460842
14,7.2969489097595215,-0.09843048453330994,2.327108144760132,1.8449094889587916
14,7.280061721801758,-0.11117170006036758,2.3350632190704346,1.8663750147383085
14,7.263258457183838,-0.12412872165441513,2.3428444862365723,1.903526289525348
14,7.246585369110107,-0.13740099966526031,2.350370407104492,1.9369051813658995
14,7.2301025390625,-0.15107692778110504,2.3575847148895264,1.9714078450110593
14,7.213907718658447,-0.16525232791900635,2.3644797801971436,1.9893543413629073
14,7.198077201843262,-0.18004153668880463,2.3711180686950684,1.9993536275077757
14,7.182736396789551,-0.19547827541828156,2.377547264099121,1.9913334590699716
14,7.16791296005249,-0.21161006391048431,2.383873224258423,1.9688776913462969
14,7.153669357299805,-0.22847063839435577,2.390237331390381,1.9385357926545015
14,7.140125274658203,-0.24593478441238403,2.3967676162719727,1.8920236943453959
14,7.127304553985596,-0.2639617919921875,2.4036219120025635,1.8409684231722458
14,7.115303993225098,-0.2823764681816101,2.410916805267334,1.7942889882569837
14,7.1040120124816895,-0.30129313468933105,2.4188857078552246,1.7476532639269535
14,7.093534469604492,-0.32044947147369385,2.427583694458008,1.7041903867042079
14,7.0839128494262695,-0.3397001326084137,2.4370298385620117,1.6708735011293248
14,7.075089454650879,-0.3591485619544983,2.4473249912261963,1.6413312313530857
14,7.067148685455322,-0.37869423627853394,2.4583916664123535,1.6159009897203385
14,7.060153961181641,-0.3983679711818695,2.470120668411255,1.594333404893468
14,7.054202079772949,-0.41821303963661194,2.482372999191284,1.5680954435252819
14,7.049407005310059,-0.4383179247379303,2.494988203048706,1.5402509145963452
14,7.0458984375,-0.45915672183036804,2.508059024810791,1.5031622874320523
14,7.043989658355713,-0.48004353046417236,2.5209667682647705,1.4652752338769977
14,7.043802261352539,-0.5013433694839478,2.533867835998535,1.4236482422513042
14,7.04550313949585,-0.5228655934333801,2.546576499938965,1.3805795225198616
14,7.049214839935303,-0.5444546937942505,2.559049606323242,1.3400262656488322
14,7.054980278015137,-0.565919041633606,2.571206569671631,1.2997635951151734
14,7.0628252029418945,-0.5870614647865295,2.583045721054077,1.2644427473885327
14,7.0727009773254395,-0.6077269911766052,2.5945308208465576,1.230350719971117
14,7.084544658660889,-0.6277353763580322,2.6056466102600098,1.2015461019487423
14,7.098256587982178,-0.6469634771347046,2.616335868835449,1.1744387677967467
14,7.113666534423828,-0.6651754379272461,2.6264915466308594,1.1524849728210809
14,7.130738735198975,-0.6823996901512146,2.636082887649536,1.13331074151407
14,7.149400234222412,-0.6985336542129517,2.645024538040161,1.1179016716553325
14,7.169310092926025,-0.7133687138557434,2.653127670288086,1.1078126927316065
14,7.19055700302124,-0.7270278930664062,2.6604063510894775,1.0991383708806497
14,7.212896347045898,-0.739410936832428,2.66675066947937,1.0947442002211947
14,7.23603630065918,-0.7504841089248657,2.6720988750457764,1.0928003148878465
14,7.260056495666504,-0.7603934407234192,2.676487684249878,1.092199197049687
14,7.284714221954346,-0.7691274881362915,2.67989182472229,1.092527745297723
14,7.309747219085693,-0.7767204642295837,2.682317018508911,1.0936083288611753
14,7.335178375244141,-0.7833002805709839,2.683799982070923,1.0950945410827693
14,7.360768795013428,-0.78891521692276,2.68436598777771,1.0963083928531352
14,7.386434555053711,-0.793654203414917,2.6840572357177734,1.0970505699576865
14,7.412105083465576,-0.7976024746894836,2.682913303375244,1.0971825806369038
14,7.4377241134643555,-0.8008397817611694,2.680972099304199,1.0966507928919742
14,7.463396072387695,-0.8034560680389404,2.678253650665283,1.0954201682382803
14,7.488933563232422,-0.805499792098999,2.674804449081421,1.0934707428162855
14,7.514307022094727,-0.8070334792137146,2.6706600189208984,1.0908514535917186
14,7.539491176605225,-0.8081148266792297,2.665853977203369,1.0876076621285102
14,7.564467906951904,-0.8087972402572632,2.6604185104370117,1.0837881053077567
14,7.589222431182861,-0.8091299533843994,2.6543843746185303,1.0793293141466012
14,7.613611221313477,-0.8091570734977722,2.647817373275757,1.0740361912730572
14,7.637760639190674,-0.8089208006858826,2.640712261199951,1.0682665276938523
14,7.662074565887451,-0.8084563612937927,2.6329665184020996,1.0620304207167812
14,7.685871601104736,-0.8078064918518066,2.6248090267181396,1.0555399753346624
14,7.708857536315918,-0.8070135116577148,2.61637806892395,1.048391906778714
14,7.731992244720459,-0.8060815334320068,2.607332706451416,1.0408384651232832
14,7.754842758178711,-0.8050567507743835,2.597794532775879,1.0330517869057732
14,7.777432918548584,-0.8039685487747192,2.587662935256958,1.0244580120122506
14,7.799501895904541,-0.8028626441955566,2.576895236968994,1.0161863091186314
14,7.82105016708374,-0.8017686009407043,2.565260410308838,1.009159233664466
14,7.841798782348633,-0.8007233142852783,2.5525901317596436,1.0046460111421944
14,7.861660003662109,-0.7997375130653381,2.53865647315979,1.0046297395780897
14,7.8800249099731445,-0.7988080382347107,2.523786783218384,1.0086144711497453
14,7.8974289894104,-0.797831654548645,2.507803440093994,1.0117165866136437
14,7.912213325500488,-0.7968370318412781,2.492936372756958,1.0112667051265238
14,7.928450584411621,-0.7954728007316589,2.475736379623413,1.0026961535976724
14,7.944571018218994,-0.7937586307525635,2.4583518505096436,0.9858295545397879
14,7.961104869842529,-0.79155033826828,2.4409384727478027,0.9634205109202169
14,7.977939605712891,-0.7888333201408386,2.423955202102661,0.9405343280221004
14,7.994999885559082,-0.7856734395027161,2.4074442386627197,0.9213615167899595
14,8.01203441619873,-0.7822361588478088,2.391185760498047,0.9057425223655545
14,8.028915405273438,-0.7786478996276855,2.374859094619751,0.8940383188773726
14,8.045432090759277,-0.7750245332717896,2.3583202362060547,0.8850127876708372
14,8.06152057647705,-0.7714189887046814,2.3414151668548584,0.8775957317574555
14,8.077007293701172,-0.767871081829071,2.3242688179016113,0.8718433215498235
14,8.091964721679688,-0.7643395066261292,2.3068199157714844,0.8666288211718438
14,8.106443405151367,-0.7607724070549011,2.2890913486480713,0.8613834473882465
14,8.120521545410156,-0.7571054100990295,2.271090269088745,0.8556659175468707
14,8.134291648864746,-0.7532686591148376,2.252835988998413,0.8491193934962852
14,8.147775650024414,-0.7492201924324036,2.2344141006469727,0.8407761986428961
14,8.160987854003906,-0.744930624961853,2.215944766998291,0.8312507949563817
14,8.174016952514648,-0.740359902381897,2.1974141597747803,0.8203541509258465
14,8.186893463134766,-0.7354916334152222,2.1788530349731445,0.8085816319821072
14,8.199636459350586,-0.7303231358528137,2.1602818965911865,0.7963221577416693
14,8.212281227111816,-0.7248432636260986,2.1416780948638916,0.7840580973621475
14,8.224762916564941,-0.7190855145454407,2.123138427734375,0.7706557093145556
14,8.237116813659668,-0.7130290865898132,2.1046082973480225,0.7574422500153345
14,8.249334335327148,-0.7066715955734253,2.086087226867676,0.7446401812545524
14,8.261432647705078,-0.6999841332435608,2.0675501823425293,0.7320748718130587
14,8.273324966430664,-0.6929903626441956,2.0491323471069336,0.7184790204558116
14,8.285045623779297,-0.6856436133384705,2.030804395675659,0.7052112784221077
14,8.29665470123291,-0.6778798699378967,2.0125176906585693,0.692366839209047
14,8.308135986328125,-0.6696799397468567,1.99434494972229,0.6785774181811677
14,8.319449424743652,-0.661047101020813,1.9764060974121094,0.6649152151608226
14,8.330663681030273,-0.651915967464447,1.9586567878723145,0.6518673010028725
14,8.341771125793457,-0.6422827839851379,1.9411735534667969,0.6382263211573135
14,8.352776527404785,-0.6321308016777039,1.9239957332611084,0.6251023112833513
14,8.363696098327637,-0.6214525103569031,1.9071550369262695,0.6128116676500317
14,8.374533653259277,-0.610243558883667,1.8906795978546143,0.6003613324130405
14,8.385292053222656,-0.5985111594200134,1.8745967149734497,0.5891056057443695
14,8.395976066589355,-0.5862613916397095,1.8589197397232056,0.5781925303646324
14,8.406575202941895,-0.5735185146331787,1.8436702489852905,0.568058882462906
14,8.417097091674805,-0.5602928400039673,1.8288445472717285,0.5586239014508806
14,8.427522659301758,-0.5466252565383911,1.814455270767212,0.5496972312891152
14,8.437858581542969,-0.5325253009796143,1.8004827499389648,0.5415133459161674
14,8.44808292388916,-0.5180456638336182,1.7869319915771484,0.5336107184662308
14,8.458200454711914,-0.5031918287277222,1.7737703323364258,0.5264868818406696
14,8.468221664428711,-0.4879707396030426,1.7609567642211914,0.5190810091170669
14,8.478089332580566,-0.4724823236465454,1.7485381364822388,0.512563149813213
14,8.48792839050293,-0.45653632283210754,1.7363201379776,0.50533668917215
14,8.497617721557617,-0.4403234124183655,1.7244234085083008,0.4988180251480283
14,8.507075309753418,-0.42400744557380676,1.71293306350708,0.4917148750713085
14,8.516388893127441,-0.4074513912200928,1.7017226219177246,0.48484082474615603
14,8.525527954101562,-0.39071351289749146,1.6908164024353027,0.4774883774846349
14,8.534517288208008,-0.373758465051651,1.6801728010177612,0.470344343516325
14,8.543317794799805,-0.35666653513908386,1.6698466539382935,0.4630295198860381
14,8.551980972290039,-0.3393491506576538,1.6597760915756226,0.455058016802087
14,8.56049633026123,-0.3218299150466919,1.6499881744384766,0.44761852697708576
14,8.568830490112305,-0.30419597029685974,1.6405494213104248,0.43969221199011177
14,8.577034950256348,-0.28634223341941833,1.6314054727554321,0.43154232550127736
14,8.585162162780762,-0.26814356446266174,1.622521162033081,0.4238363726366938
14,8.593084335327148,-0.2499113529920578,1.6140778064727783,0.41590737846741455
14,8.60087776184082,-0.23148277401924133,1.6060092449188232,0.40780106363633245
14,8.608510971069336,-0.21293905377388,1.5983742475509644,0.40026418596820407
14,8.616022109985352,-0.19421127438545227,1.5911675691604614,0.39301564242164533
14,8.623412132263184,-0.17530138790607452,1.584404706954956,0.3854978436825349
14,8.630648612976074,-0.1563027799129486,1.5781325101852417,0.3783571663124084
14,8.63776683807373,-0.13714784383773804,1.572339415550232,0.3717124782402901
14,8.644768714904785,-0.11784891784191132,1.5670392513275146,0.36548253557510124
14,8.651615142822266,-0.09854189306497574,1.5622683763504028,0.3590927224133481
14,8.658349990844727,-0.07911945879459381,1.5579925775527954,0.35284899124712693
14,8.664985656738281,-0.059561971575021744,1.5542060136795044,0.34683684216976957
14,8.671473503112793,-0.04005233198404312,1.550936222076416,0.3410702430926385
14,8.677862167358398,-0.02048620767891407,1.5481528043746948,0.33546124984580683
14,8.684194564819336,-0.0007441298803314567,1.5458264350891113,0.3298543097938307
14,8.690417289733887,0.01895083673298359,1.543975830078125,0.3241755426906794
14,8.694051742553711,0.030574144795536995,1.543100357055664,0.3208406396658701
15,0.7116706371307373,-0.42399704456329346,0.9897816181182861,1.0043411248970437
15,0.8299477100372314,-0.4240027666091919,1.0010089874267578,1.0077295754088846
15,0.9106903672218323,-0.4239988327026367,1.0099278688430786,1.01043225466978
15,1.0308043956756592,-0.42398354411125183,1.0238929986953735,1.0150437393685692
15,1.1069217920303345,-0.4239695072174072,1.0329352617263794,1.0174977215158174
15,1.2281205654144287,-0.4239487648010254,1.0463685989379883,1.0210358639910477
15,1.2982888221740723,-0.4239388108253479,1.0534250736236572,1.0226564517197367
15,1.4202326536178589,-0.42393413186073303,1.0630658864974976,1.025729313666881
15,1.5113521814346313,-0.42394378781318665,1.0678424835205078,1.0275796675673334
15,1.6337730884552002,-0.423988938331604,1.0696637630462646,1.03063916395785
15,1.756154179573059,-0.4240778088569641,1.066081166267395,1.0335606540967561
15,1.8782787322998047,-0.4242205321788788,1.0570188760757446,1.0376643530260854
15,2.000016927719116,-0.42442041635513306,1.0436608791351318,1.0428847339429548
15,2.1213455200195312,-0.4246780276298523,1.0269663333892822,1.0500048743436454
15,2.242429494857788,-0.4249882996082306,1.008574366569519,1.0591271261153823
15,2.363354444503784,-0.4253470301628113,0.9891616106033325,1.0718653687576827
15,2.4842071533203125,-0.4257495105266571,0.9693028330802917,1.0877575579207133
15,2.6050212383270264,-0.4261845350265503,0.949213445186615,1.1093264331702344
15,2.725837230682373,-0.42664018273353577,0.9291346669197083,1.1412306728545816
15,2.8467204570770264,-0.4270874261856079,0.9094794988632202,1.1812487634262756
15,2.9676530361175537,-0.4275071918964386,0.8901280760765076,1.2489305847025383
15,3.0885770320892334,-0.4278741180896759,0.8707242608070374,1.3302433198935395
15,3.209144353866577,-0.4281400442123413,0.8492249846458435,1.4357520712243703
15,3.263827323913574,-0.4282208979129791,0.8386155366897583,1.4852165766362055
15,3.383157730102539,-0.4281989634037018,0.8111529350280762,1.5809404522588046
15,3.4862146377563477,-0.42790141701698303,0.7819175124168396,1.6534451685002687
15,3.6019532680511475,-0.42724332213401794,0.741961658000946,1.7013650989927867
15,3.6471822261810303,-0.4268641769886017,0.7238883376121521,1.7109314749781768
15,3.7218708992004395,-0.4260031282901764,0.6924110054969788,1.687554498067909
15,3.8347527980804443,-0.42412132024765015,0.645062267780304,1.6643465256498267
15,3.8541452884674072,-0.4237220287322998,0.6371073722839355,1.6622740288364715
15,3.9708621501922607,-0.4211759865283966,0.6015350818634033,1.6898859220464615
15,4.0919013023376465,-0.4188212752342224,0.5858759880065918,1.785009913058888
15,4.2130303382873535,-0.4176579415798187,0.5870649814605713,1.920585058111549
15,4.333730220794678,-0.41748619079589844,0.5981996655464172,2.0038587758726676
15,4.451516151428223,-0.4176153540611267,0.6076290607452393,2.058604528357538
15,4.563416957855225,-0.41770511865615845,0.6102048754692078,2.04269657089958
15,4.675179481506348,-0.41803061962127686,0.6038804650306702,2.0155549250557634
15,4.778120994567871,-0.4190686047077179,0.5920343399047852,1.9804805244687707
15,4.876492023468018,-0.42097169160842896,0.5801675319671631,1.9360138401313607
15,4.915403842926025,-0.4219566583633423,0.5762830972671509,1.9113463247133058
15,5.012718677520752,-0.42473748326301575,0.5736470222473145,1.8456042959099335
15,5.109523296356201,-0.42752787470817566,0.583549439907074,1.7478461862380161
15,5.204154968261719,-0.429882287979126,0.6066423058509827,1.6402673522258573
15,5.297975540161133,-0.43178433179855347,0.6376183032989502,1.5333577461725358
15,5.392877101898193,-0.4333977997303009,0.670458972454071,1.4350958033677301
15,5.489692211151123,-0.43489453196525574,0.7012720704078674,1.344798798998506
15,5.587889194488525,-0.43641427159309387,0.7276570200920105,1.2769397663851714
15,5.687261581420898,-0.43806397914886475,0.7491968870162964,1.2277913985753361
15,5.788318634033203,-0.43990275263786316,0.7669323682785034,1.1900245314145432
15,5.889386177062988,-0.4419345259666443,0.7814393639564514,1.1591888932545074
15,5.989709377288818,-0.44417834281921387,0.7932518124580383,1.1328837867898396
15,6.090263366699219,-0.44669365882873535,0.8028353452682495,1.1097930660804765
15,6.189395904541016,-0.4494746923446655,0.8102477192878723,1.089071207613518
15,6.286647319793701,-0.45253410935401917,0.8156421184539795,1.0704510417903972
15,6.383491039276123,-0.4559526741504669,0.8191826939582825,1.0534045894180015
15,6.478837013244629,-0.4597366750240326,0.82086580991745,1.03812734506341
15,6.572575569152832,-0.4639420211315155,0.8207084536552429,1.0247124092933153
15,6.668248176574707,-0.46878769993782043,0.8186872601509094,1.0146536910217743
15,6.763815402984619,-0.4743139445781708,0.8145565986633301,1.002931756190105
15,6.786976337432861,-0.47576576471328735,0.8132175207138062,1.0006036404174559
15,6.810058116912842,-0.47725966572761536,0.8117508292198181,0.9984509388181237
15,6.832993984222412,-0.47879233956336975,0.8101620674133301,0.9964448827858081
15,6.855830192565918,-0.48036786913871765,0.8084496259689331,0.9945861346121757
15,6.878593921661377,-0.48198944330215454,0.8066126108169556,0.992891673540755
15,6.90134334564209,-0.4836631119251251,0.8046467900276184,0.9913552927356049
15,6.924032688140869,-0.48538723587989807,0.8025568723678589,0.9899815764267148
15,6.946770191192627,-0.48717188835144043,0.8003337383270264,0.9887508113505792
15,6.969315528869629,-0.48900026082992554,0.7980011701583862,0.9876812639223036
15,6.991840362548828,-0.4908873438835144,0.7955435514450073,0.9867571034598954
15,7.014255523681641,-0.492826908826828,0.7929726243019104,0.9859590245189614
15,7.036591529846191,-0.49482280015945435,0.7902868390083313,0.9853041361713286
15,7.058861255645752,-0.49687743186950684,0.7874861359596252,0.9847858966404729
15,7.0810723304748535,-0.4989931583404541,0.7845709323883057,0.9844052227482087
15,7.103334426879883,-0.5011820197105408,0.7815282344818115,0.9841518325192443
15,7.125675201416016,-0.5034489631652832,0.7783550024032593,0.9840216472732294
15,7.147974491119385,-0.5057842135429382,0.7750691771507263,0.9840014991899091
15,7.170234680175781,-0.5081899762153625,0.7716727256774902,0.9840920742772449
15,7.19245719909668,-0.5106691122055054,0.7681673169136047,0.984290968475933
15,7.214645862579346,-0.5132248401641846,0.7645548582077026,0.9845527145806888
15,7.237453937530518,-0.5159375071525574,0.760729968547821,0.9848610775161201
15,7.260623455047607,-0.5187848806381226,0.7567337155342102,0.9852087826525326
15,7.28365421295166,-0.5217112898826599,0.7526536583900452,0.9856037986562468
15,7.306545734405518,-0.5247196555137634,0.7484941482543945,0.9859839540579766
15,7.32940149307251,-0.527825653553009,0.744239330291748,0.9863309277386372
15,7.352240085601807,-0.531032383441925,0.7398867011070251,0.9866224595107319
15,7.37494421005249,-0.5343212485313416,0.7354578971862793,0.986811975304922
15,7.397517204284668,-0.5376856923103333,0.7309498190879822,0.9868418010734578
15,7.419962406158447,-0.5411151051521301,0.7263566255569458,0.9866430281431495
15,7.4422831535339355,-0.5445942282676697,0.721670389175415,0.9861402547913742
15,7.4644856452941895,-0.548103392124176,0.7168819904327393,0.9852623187630567
15,7.48657751083374,-0.5516195893287659,0.7119832038879395,0.984008615578088
15,7.508701324462891,-0.5551376938819885,0.7069376111030579,0.9823509592477121
15,7.530801296234131,-0.5586192011833191,0.7017608880996704,0.9803405654139236
15,7.5528178215026855,-0.562024712562561,0.6964814066886902,0.9782032640900489
15,7.57476806640625,-0.5653297305107117,0.6911230087280273,0.9762278020665854
15,7.596675872802734,-0.568515956401825,0.6857229471206665,0.9747439736864211
15,7.618536949157715,-0.5715709328651428,0.6803386807441711,0.9741139838627801
15,7.640391826629639,-0.5745000243186951,0.6750326752662659,0.9749427266457453
15,7.662271022796631,-0.577314019203186,0.6698927283287048,0.9774612181179351
15,7.684325695037842,-0.5800443291664124,0.6650097370147705,0.9822743262456981
15,7.706455230712891,-0.5827018618583679,0.6605399250984192,0.9899391376480449
15,7.7286810874938965,-0.5853205323219299,0.6565530896186829,0.9995292659713307
15,7.750977516174316,-0.5879263877868652,0.65302973985672,1.0087138970428269
15,7.773300647735596,-0.5905311703681946,0.6498675346374512,1.0162340178298406
15,7.795589447021484,-0.5931312441825867,0.6469447612762451,1.0221206457277003
15,7.817867755889893,-0.5957237482070923,0.6441730856895447,1.0269509178362366
15,7.8401618003845215,-0.5983022451400757,0.6415113210678101,1.0311878958972363
15,7.8624701499938965,-0.6008571982383728,0.6389455199241638,1.035019003315705
15,7.884793281555176,-0.603381335735321,0.636472225189209,1.0385076268859523
15,7.907130241394043,-0.6058695912361145,0.6340932846069336,1.041671733725236
15,7.9294819831848145,-0.6083186864852905,0.6318135261535645,1.0445625853907408
15,7.95184850692749,-0.6107268333435059,0.6296395659446716,1.0472421702196517
15,7.9742302894592285,-0.6130931973457336,0.6275784373283386,1.0497526379767357
15,7.996627330780029,-0.6154179573059082,0.6256372332572937,1.0521034363358333
15,8.019039154052734,-0.6177018284797668,0.6238222122192383,1.0542898991673615
15,8.041464805603027,-0.6199460625648499,0.6221380233764648,1.0562974359867445
15,8.063904762268066,-0.6221520304679871,0.620587944984436,1.0581048865598335
15,8.086356163024902,-0.6243214011192322,0.6191736459732056,1.059689421757876
15,8.108819961547852,-0.6264554858207703,0.6178957223892212,1.061027283937977
15,8.131293296813965,-0.6285552978515625,0.616753876209259,1.062100251876117
15,8.153777122497559,-0.6306217908859253,0.615747332572937,1.062873924927339
15,8.17626953125,-0.6326557397842407,0.6148752570152283,1.0633538665811875
15,8.198768615722656,-0.6346574425697327,0.6141369342803955,1.0635596353932344
15,8.221275329589844,-0.6366268396377563,0.6135319471359253,1.063500669247878
15,8.243788719177246,-0.6385635733604431,0.6130605340003967,1.0631902304974032
15,8.266305923461914,-0.6404671669006348,0.6127234101295471,1.0626305563945313
15,8.28882884979248,-0.6423370838165283,0.6125221252441406,1.0618445763443525
15,8.311354637145996,-0.6441721320152283,0.6124586462974548,1.0608502417510088
15,8.333883285522461,-0.6459710597991943,0.6125353574752808,1.0596623668449705
15,8.356414794921875,-0.6477323770523071,0.6127551198005676,1.0582942082834534
15,8.378946304321289,-0.6494545340538025,0.6131208539009094,1.0567408698997982
15,8.40147876739502,-0.6511359214782715,0.6136355996131897,1.055019098748075
15,8.424010276794434,-0.6527746915817261,0.6143023371696472,1.0531463090008018
15,8.446539878845215,-0.6543691158294678,0.6151237487792969,1.0511285867103326
15,8.469059944152832,-0.6559169888496399,0.6161019206047058,1.048968654087275
15,8.491545677185059,-0.6574151515960693,0.6172376871109009,1.0466691009373126
15,8.513967514038086,-0.6588600277900696,0.6185302734375,1.0442332638190486
15,8.53630542755127,-0.6602492332458496,0.6199785470962524,1.041637265037419
15,8.558438301086426,-0.6615753173828125,0.6215730309486389,1.038893803796065
15,8.58047866821289,-0.6628441214561462,0.6233190298080444,1.0360229433293089
15,8.60241985321045,-0.6640543341636658,0.6252140998840332,1.0330177480186375
15,8.624349594116211,-0.6652092933654785,0.6272640824317932,1.0298739683172042
15,8.646175384521484,-0.6663026213645935,0.629457950592041,1.026615045677809
15,8.66789436340332,-0.6673331260681152,0.6317916512489319,1.0232467673322339
15,8.689502716064453,-0.6682997345924377,0.6342604756355286,1.0197758111556072
15,8.711038589477539,-0.669203519821167,0.6368645429611206,1.0161238451445305
15,8.732573509216309,-0.6700465083122253,0.639609158039093,1.0123566003147377
15,8.754064559936523,-0.6708253622055054,0.6424844861030579,1.008495992986
15,8.775507926940918,-0.6715385913848877,0.6454846262931824,1.0045533855756492
15,8.79689884185791,-0.6721848249435425,0.6486029028892517,1.0005410823153282
15,8.818235397338867,-0.6727626919746399,0.6518319845199585,0.9964728168194434
15,8.839513778686523,-0.6732712388038635,0.6551641225814819,0.9923214813045542
15,8.8607759475708,-0.6737108826637268,0.6585986614227295,0.9880672493257195
15,8.881976127624512,-0.674079954624176,0.6621201038360596,0.9838009495221598
15,8.903114318847656,-0.6743776798248291,0.6657189130783081,0.9795396847020157
15,8.924188613891602,-0.6746036410331726,0.6693850159645081,0.9753017922202032
15,8.945199966430664,-0.6747575402259827,0.6731082201004028,0.9711064978801318
15,8.966148376464844,-0.6748393177986145,0.6768779158592224,0.9669712391167304
15,8.987081527709961,-0.6748493313789368,0.6806926131248474,0.9628186001886588
15,9.008091926574707,-0.6747873425483704,0.6845592260360718,0.9587052360572783
15,9.029114723205566,-0.6746529340744019,0.6884548664093018,0.9546884536798249
15,9.050151824951172,-0.6744459271430969,0.6923689842224121,0.9507830059978172
15,9.071222305297852,-0.6741660237312317,0.6962941884994507,0.9470103988037486
15,9.092312812805176,-0.6738137006759644,0.7002164125442505,0.943381955539641
15,9.113422393798828,-0.6733893156051636,0.7041254043579102,0.9399120696692975
15,9.13455581665039,-0.6728936433792114,0.7080110311508179,0.9366126770763212
15,9.155713081359863,-0.67232745885849,0.7118638157844543,0.9334675885027549
15,9.176956176757812,-0.6716898679733276,0.715685248374939,0.9304558922491154
15,9.198225021362305,-0.670983612537384,0.7194553017616272,0.9276626700061749
15,9.219538688659668,-0.6702093482017517,0.7231689095497131,0.925093510398846
15,9.240878105163574,-0.6693689823150635,0.7268154621124268,0.9227431002002343
15,9.262245178222656,-0.668464183807373,0.730388343334198,0.9206146130858563
15,9.283638000488281,-0.6674965620040894,0.7338816523551941,0.9187092469886236
15,9.305058479309082,-0.6664678454399109,0.7372904419898987,0.917027221348885
15,9.32650375366211,-0.6653798818588257,0.7406103014945984,0.9155859839307539
15,9.347986221313477,-0.6642338633537292,0.7438396215438843,0.9143678033191929
15,9.369490623474121,-0.6630323529243469,0.7469736337661743,0.9133642851220727
15,9.391016960144043,-0.661777138710022,0.7500103712081909,0.9125705181288248
15,9.412562370300293,-0.6604702472686768,0.7529484629631042,0.9119807043756347
15,9.434124946594238,-0.6591134071350098,0.7557873725891113,0.9115881887726385
15,9.455703735351562,-0.6577086448669434,0.7585269808769226,0.9113855552561381
15,9.477296829223633,-0.6562576293945312,0.7611676454544067,0.9113752768245567
15,9.498903274536133,-0.6547620892524719,0.763710618019104,0.9115385159052506
15,9.520517349243164,-0.6532239317893982,0.7661567330360413,0.9118642963578287
15,9.54213809967041,-0.6516448855400085,0.7685078382492065,0.9123435289118292
15,9.563763618469238,-0.6500265002250671,0.7707659006118774,0.9129671517089395
15,9.5853910446167,-0.6483704447746277,0.7729331851005554,0.9137173225663243
15,9.6068754196167,-0.6466896533966064,0.7749987840652466,0.9145867491967596
15,9.628368377685547,-0.6449739336967468,0.7769807577133179,0.9155716077310877
15,9.64986801147461,-0.6432245969772339,0.7788817882537842,0.9166632887747801
15,9.671374320983887,-0.6414427757263184,0.7807046175003052,0.9178532835452948
15,9.692883491516113,-0.639629602432251,0.7824521064758301,0.9191333377514556
15,9.714397430419922,-0.6377862691879272,0.7841271758079529,0.920495418137476
15,9.73591423034668,-0.6359136700630188,0.785732626914978,0.921931851467785
15,9.757431983947754,-0.6340128183364868,0.7872713804244995,0.9234351706448419
15,9.778951644897461,-0.6320846080780029,0.7887462973594666,0.9249985406055842
15,9.800472259521484,-0.6301299333572388,0.7901602387428284,0.9266044569399817
15,9.82199764251709,-0.6281488537788391,0.7915162444114685,0.9282540726603279
15,9.843521118164062,-0.6261427998542786,0.7928165793418884,0.929940760595498
15,9.865042686462402,-0.6241124868392944,0.7940640449523926,0.9316523688913259
15,9.886564254760742,-0.6220584511756897,0.7952616810798645,0.9333887344306081
15,9.90808391571045,-0.6199815273284912,0.79641193151474,0.9351528528267934
15,9.929604530334473,-0.6178819537162781,0.7975174784660339,0.936937992664755
15,9.95112419128418,-0.6157604455947876,0.7985808253288269,0.9387399191769384
15,9.972644805908203,-0.6136173605918884,0.7996045351028442,0.940553405318433
15,9.99416446685791,-0.6114531755447388,0.800590991973877,0.9423743249390971
15,10.0156831741333,-0.6092684268951416,0.8015426397323608,0.9441996088920541
15,10.037201881408691,-0.6070635318756104,0.8024618625640869,0.9460261911556839
15,10.058719635009766,-0.6048388481140137,0.8033510446548462,0.947851332454504
15,10.080236434936523,-0.6025948524475098,0.8042125105857849,0.9496723738808033
15,10.101752281188965,-0.6003319025039673,0.8050484657287598,0.9514870870121226
15,10.12326717376709,-0.5980505347251892,0.8058612942695618,0.9532807879483483
15,10.144780158996582,-0.5957512855529785,0.8066530823707581,0.9550634072221562
15,10.166299819946289,-0.5934338569641113,0.8074262142181396,0.956844112735611
15,10.187888145446777,-0.5910916328430176,0.808184802532196,0.9586297678750203
15,10.209796905517578,-0.5886973738670349,0.8089391589164734,0.96043449503129
15,10.23260498046875,-0.586186945438385,0.8097102642059326,0.9622976687687573
15,10.25711441040039,-0.583469569683075,0.8105254769325256,0.9642434319496801
15,10.281620979309082,-0.5807327628135681,0.8113292455673218,0.966145295593947
15,10.308347702026367,-0.5777266621589661,0.8121964335441589,0.9681965754936416
15,10.337040901184082,-0.5744753479957581,0.8131204843521118,0.9703325147864755
15,10.365730285644531,-0.5712003707885742,0.8140406608581543,0.9724387644726956
15,10.39558219909668,-0.5677685141563416,0.8149994611740112,0.9746129332891654
15,10.425430297851562,-0.5643125772476196,0.8159631490707397,0.9767300155270016
15,10.455718040466309,-0.5607815384864807,0.8169512152671814,0.9788743676219595
15,10.486102104187012,-0.5572156310081482,0.8179581761360168,0.9809838213799537
15,10.51648235321045,-0.5536272525787354,0.8189846873283386,0.9830712476698515
15,10.546869277954102,-0.5500163435935974,0.8200371265411377,0.9851435287648864
15,10.577252388000488,-0.5463854074478149,0.8211194276809692,0.9871489388901304
15,10.60763168334961,-0.5427360534667969,0.8222362995147705,0.9891483211099159
15,10.638008117675781,-0.539069652557373,0.8233932852745056,0.9911112477481502
15,10.668380737304688,-0.5353872776031494,0.8245938420295715,0.993049892703436
15,10.698749542236328,-0.5316904187202454,0.8258436322212219,0.9949789990675162
15,10.729114532470703,-0.5279805064201355,0.8271465301513672,0.9968574687700701
15,10.759475708007812,-0.5242589116096497,0.8285067677497864,0.9987253878063267
15,10.789833068847656,-0.5205278992652893,0.8299291133880615,1.0005480525118782
15,10.820186614990234,-0.5167889595031738,0.8314164280891418,1.0023388463609575
15,10.85053539276123,-0.513043999671936,0.8329734206199646,1.0041208789800324
15,10.880879402160645,-0.5092946290969849,0.8346032500267029,1.0058415994841192
15,10.911218643188477,-0.5055423378944397,0.8363090753555298,1.0075475940186331
15,10.941554069519043,-0.5017890930175781,0.8380945324897766,1.009215717274159
15,10.971884727478027,-0.4980364143848419,0.8399614691734314,1.0108232438218523
15,11.002209663391113,-0.4942866265773773,0.8419127464294434,1.0123538772099596
15,11.032530784606934,-0.4905414283275604,0.8439502716064453,1.0137967994945396
15,11.062845230102539,-0.48680227994918823,0.8460754752159119,1.015200474066129
15,11.093154907226562,-0.48307135701179504,0.8482897281646729,1.0165462028290995
15,11.123459815979004,-0.4793500602245331,0.8505935668945312,1.017798060035475
15,11.15375804901123,-0.47564032673835754,0.8529874086380005,1.01901084285828
15,11.184051513671875,-0.4719441533088684,0.8554707169532776,1.0200874907152857
15,11.214339256286621,-0.4682634472846985,0.8580426573753357,1.0210909799453343
15,11.244624137878418,-0.4646000564098358,0.860701858997345,1.0220155987145154
15,11.27490234375,-0.4609556198120117,0.8634466528892517,1.022792523468883
15,11.305183410644531,-0.4573310315608978,0.8662756085395813,1.0234712752835022
15,11.335484504699707,-0.45372605323791504,0.8691875338554382,1.0239305199956061
15,11.3657808303833,-0.4501451849937439,0.87217777967453,1.0242744970862003
15,11.396138191223145,-0.44658342003822327,0.8752481937408447,1.0245005593830736
15,11.426490783691406,-0.4430506229400635,0.878388524055481,1.0245105704528796
15,11.456978797912598,-0.43953317403793335,0.8816086053848267,1.0244424083958577
15,11.487712860107422,-0.4360221326351166,0.8849143981933594,1.0241627240090603
15,11.518445014953613,-0.4325481057167053,0.8882750868797302,1.0236790043584312
15,11.554423332214355,-0.4285306930541992,0.8922748565673828,1.0228432018533458
15,11.619614601135254,-0.42138609290122986,0.8996223211288452,1.020215392242437
15,11.684814453125,-0.4144206643104553,0.9070712924003601,1.0172592899689297
15,11.75581169128418,-0.40705379843711853,0.9152288436889648,1.0132164096582226
15,11.884194374084473,-0.3943677842617035,0.9298228025436401,1.0036193202094168
15,11.981282234191895,-0.3853263854980469,0.9405776262283325,0.9967911725389944
15,12.10197639465332,-0.37473973631858826,0.9532560110092163,0.9857720322746026
15,12.22282886505127,-0.36484581232070923,0.9649381637573242,0.9730214065903607
15,12.34420108795166,-0.355561763048172,0.9751933217048645,0.9592338196640783
15,12.465757369995117,-0.3468746542930603,0.9836351871490479,0.9417838441328916
15,12.473775863647461,-0.34632202982902527,0.9841158390045166,0.9406471313223651
16,0.7002829909324646,0.5355280041694641,0.42593324184417725,1.0065078408380093
16,0.8245593905448914,0.5355904698371887,0.4330572783946991,0.9914798484868793
16,0.9487680196762085,0.5356606841087341,0.44127902388572693,0.9672713134401895
16,1.0555487871170044,0.5357272624969482,0.4492114186286926,0.945079569972297
16,1.1773271560668945,0.5358466506004333,0.4588819742202759,0.9125773266950721
16,1.299094557762146,0.5360470414161682,0.4686867892742157,0.8850415827224527
16,1.4210922718048096,0.5363757014274597,0.47696763277053833,0.8632021140931518
16,1.5076429843902588,0.5366855263710022,0.4813863933086395,0.8571220909702931
16,1.6299132108688354,0.5371907353401184,0.4844605624675751,0.8545569491795042
16,1.7522207498550415,0.5377399325370789,0.48380234837532043,0.8676903703931474
16,1.853061556816101,0.5381817817687988,0.4806780517101288,0.881195559012888
16,1.9752414226531982,0.5387146472930908,0.47478845715522766,0.9101539429659156
16,2.097351312637329,0.5392575263977051,0.4675843119621277,0.941807274674934
16,2.2194647789001465,0.5398754477500916,0.4604390561580658,0.9779187976430784
16,2.3416080474853516,0.5405929088592529,0.4538392126560211,1.0212860432907136
16,2.463794231414795,0.5414400100708008,0.4481016993522644,1.0679135176358234
16,2.5860283374786377,0.5424280166625977,0.44354239106178284,1.1149665924589456
16,2.6668906211853027,0.5431609153747559,0.44125470519065857,1.1433165233051683
16,2.7912564277648926,0.5443959832191467,0.43986135721206665,1.169648075519406
16,2.874211311340332,0.5452868938446045,0.44055554270744324,1.184987251488661
16,2.998518228530884,0.546891987323761,0.4444647431373596,1.203494755797099
16,3.0506184101104736,0.5476772785186768,0.44711536169052124,1.2128656284956956
16,3.172731876373291,0.5500832200050354,0.45386651158332825,1.2397684436036789
16,3.294865369796753,0.5534128546714783,0.45976319909095764,1.2680251434090508
16,3.4171173572540283,0.5571133494377136,0.46064478158950806,1.2926204877042586
16,3.512171745300293,0.5599691867828369,0.45698899030685425,1.3226223597945457
16,3.6340160369873047,0.5626413822174072,0.4466445744037628,1.372901762377595
16,3.695791482925415,0.5635193586349487,0.43975308537483215,1.4186662438227244
16,3.8194682598114014,0.5644189119338989,0.42658233642578125,1.5316272124654695
16,3.8926665782928467,0.5645487308502197,0.4197807013988495,1.6098893926758382
16,4.016819953918457,0.5646173357963562,0.4129857122898102,1.747865576033365
16,4.116352558135986,0.5644849538803101,0.4113498032093048,1.8269750757023067
16,4.2405104637146,0.5630593299865723,0.41333910822868347,1.9067805922355296
16,4.364572048187256,0.5598417520523071,0.4178999364376068,1.9375206502113207
16,4.433476448059082,0.5571538805961609,0.4207485020160675,1.9570199592274666
16,4.555948734283447,0.5515115261077881,0.42522379755973816,1.9661150721955314
16,4.617420673370361,0.5484939217567444,0.426753431558609,1.9676566773481265
16,4.674902439117432,0.5457392930984497,0.42791876196861267,1.9642624473231718
16,4.785705089569092,0.5409900546073914,0.429948627948761,1.9499505362101608
16,4.8879547119140625,0.5376134514808655,0.43384242057800293,1.920431664543261
16,4.989964485168457,0.5354064702987671,0.442121297121048,1.8513329600311599
16,5.048345565795898,0.5346603989601135,0.44967734813690186,1.7976965107471716
16,5.145025730133057,0.5339317321777344,0.4668491780757904,1.6876268602618214
16,5.241374969482422,0.5336470007896423,0.4883590042591095,1.551225427371118
16,5.2885422706604,0.5336408019065857,0.49998727440834045,1.4908094346326437
16,5.386005878448486,0.5339423418045044,0.5241022109985352,1.371722799291073
16,5.484982013702393,0.5347732901573181,0.5471479892730713,1.2779941908187888
16,5.58454704284668,0.5362198352813721,0.5674610733985901,1.211346074351577
16,5.68527364730835,0.5383226275444031,0.5847179293632507,1.1608307567697804
16,5.786355972290039,0.5410456657409668,0.5991434454917908,1.1224364710235568
16,5.887022495269775,0.5443378686904907,0.6111312508583069,1.0919161640359856
16,5.986593246459961,0.5481665134429932,0.621042788028717,1.0667465949064863
16,6.086291790008545,0.5525884628295898,0.6292819380760193,1.0446888037071906
16,6.186899662017822,0.5576657056808472,0.6360629796981812,1.0243446990257337
16,6.285824775695801,0.5632613301277161,0.6413230895996094,1.006349175421935
16,6.38275146484375,0.5693299174308777,0.6451631784439087,0.9902785701269992
16,6.478071212768555,0.575890064239502,0.6476954817771912,0.9759911852606619
16,6.571959018707275,0.5829570293426514,0.6489854454994202,0.9638362952187384
16,6.666615962982178,0.5907413959503174,0.6489841938018799,0.954839493353678
16,6.719581127166748,0.5954131484031677,0.6483387351036072,0.949458615427186
16,6.769583702087402,0.6000415682792664,0.6472740769386292,0.9434005275310428
16,6.792770862579346,0.6022599935531616,0.6466293334960938,0.941009122951712
16,6.815768718719482,0.6045050024986267,0.6458944082260132,0.9387679325191663
16,6.838649272918701,0.6067825555801392,0.6450672745704651,0.9366456212381203
16,6.861456871032715,0.609096884727478,0.6441456079483032,0.9346201870981906
16,6.8842926025390625,0.6114585995674133,0.6431242823600769,0.9326721043666144
16,6.907010555267334,0.6138537526130676,0.6420076489448547,0.9308090348346293
16,6.929693222045898,0.6162917613983154,0.6407904028892517,0.9290200280267
16,6.952341079711914,0.6187739372253418,0.6394705772399902,0.9273038724196595
16,6.974955081939697,0.6213018298149109,0.6380457878112793,0.9256645577978236
16,6.9976067543029785,0.6238847970962524,0.6365090608596802,0.9240951611499879
16,7.020181655883789,0.6265114545822144,0.6348652243614197,0.9226127459739746
16,7.042790412902832,0.6291964650154114,0.6331024169921875,0.9212083905106809
16,7.065316677093506,0.6319276690483093,0.631226122379303,0.919892001664812
16,7.087851047515869,0.6347177028656006,0.6292255520820618,0.9186614145775068
16,7.110342979431152,0.6375628709793091,0.6271000504493713,0.9175297087135557
16,7.132726669311523,0.6404567956924438,0.6248505115509033,0.9165049318453484
16,7.155152797698975,0.6434206962585449,0.6224569082260132,0.9155918281281332
16,7.177529811859131,0.6464447975158691,0.6199212670326233,0.9148101718451744
16,7.199854850769043,0.649529755115509,0.6172366142272949,0.9141755396075437
16,7.222125053405762,0.6526751518249512,0.6143954992294312,0.9137145393194618
16,7.244380474090576,0.6558854579925537,0.6113841533660889,0.9134579234334725
16,7.266581058502197,0.6591522693634033,0.608199954032898,0.9134509695613964
16,7.288735389709473,0.6624730825424194,0.6048320531845093,0.9137681712210801
16,7.311546325683594,0.6659495234489441,0.6011583209037781,0.9145005507266833
16,7.334316253662109,0.6694710850715637,0.5972785949707031,0.9158609360887983
16,7.357618808746338,0.6731275916099548,0.5930756330490112,0.9182864952512935
16,7.380772590637207,0.6768293976783752,0.5886245369911194,0.9229327744934893
16,7.403879642486572,0.6806348562240601,0.5838159918785095,0.9316973190689425
16,7.426767826080322,0.6845685243606567,0.5785940885543823,0.9473016243797909
16,7.449168682098389,0.6885658502578735,0.5731500387191772,0.9697636750774636
16,7.469564437866211,0.6922049522399902,0.5682634115219116,0.9942914427157643
16,7.49151086807251,0.6959403157234192,0.5635316371917725,1.0175296207862254
16,7.513664245605469,0.6993902325630188,0.5596253871917725,1.0295843311477377
16,7.535995006561279,0.7024863362312317,0.5566881895065308,1.0307702322634313
16,7.5584540367126465,0.7052605152130127,0.5546029806137085,1.022065525903472
16,7.580104827880859,0.7077512145042419,0.5530819296836853,1.0069347415265144
16,7.602578163146973,0.7103027701377869,0.5516319274902344,0.9895172147633327
16,7.625013828277588,0.7128987908363342,0.5500871539115906,0.9761921543291712
16,7.6474103927612305,0.7155432105064392,0.5483930110931396,0.9690992942373982
16,7.669795036315918,0.718211829662323,0.5465793609619141,0.9656016797502556
16,7.692156791687012,0.7208826541900635,0.5446885228157043,0.9640135589746693
16,7.7145161628723145,0.7235474586486816,0.5427507162094116,0.9636409701792781
16,7.736875057220459,0.7261996269226074,0.5407934784889221,0.9641288787611341
16,7.759236812591553,0.7288338541984558,0.5388397574424744,0.9652594491932627
16,7.78160285949707,0.7314442992210388,0.536909282207489,0.9668813811728199
16,7.803976535797119,0.7340245842933655,0.5350182056427002,0.9688891543547368
16,7.826357841491699,0.7365686893463135,0.5331783294677734,0.9711841913666581
16,7.848749160766602,0.7390713691711426,0.5313971042633057,0.9736857568231837
16,7.871150016784668,0.7415284514427185,0.5296772718429565,0.9763347188381237
16,7.893560409545898,0.7439366579055786,0.5280179977416992,0.9790527637332919
16,7.915980815887451,0.7462936639785767,0.5264151096343994,0.9817975694294274
16,7.93841028213501,0.7485977411270142,0.5248622894287109,0.9845328113541264
16,7.960847854614258,0.7508478164672852,0.5233518481254578,0.9872279274262884
16,7.983293533325195,0.7530431747436523,0.5218756198883057,0.9898535976217496
16,8.005745887756348,0.755183219909668,0.5204257369041443,0.9923802345944717
16,8.028204917907715,0.7572676539421082,0.5189953446388245,0.9947833654287493
16,8.05066967010498,0.7592960000038147,0.5175786018371582,0.9970401201972688
16,8.073140144348145,0.7612677216529846,0.5161709785461426,0.99912799221325
16,8.095616340637207,0.7631824612617493,0.5147693753242493,1.0010124140639727
16,8.118097305297852,0.7650397419929504,0.5133721828460693,1.002704089245859
16,8.140583038330078,0.7668390274047852,0.5119789838790894,1.0042030919763407
16,8.163074493408203,0.76857990026474,0.5105906128883362,1.0055155037354289
16,8.185569763183594,0.7702620625495911,0.5092089176177979,1.0066518970504585
16,8.208070755004883,0.7718851566314697,0.5078364014625549,1.0076257558696666
16,8.230575561523438,0.7734489440917969,0.5064761638641357,1.0084523065633018
16,8.25308609008789,0.7749531865119934,0.5051315426826477,1.009147237742084
16,8.275602340698242,0.7763977646827698,0.5038061141967773,1.0097232110430219
16,8.29812240600586,0.7777824997901917,0.502503514289856,1.0101970483031286
16,8.320648193359375,0.7791072130203247,0.5012272596359253,1.0105723955246668
16,8.343179702758789,0.7803716659545898,0.4999808967113495,1.0108743452549864
16,8.365715026855469,0.7815757393836975,0.4987676441669464,1.011115042126357
16,8.388256072998047,0.782719075679779,0.4975906312465668,1.0113054652730062
16,8.410802841186523,0.7838014364242554,0.4964528977870941,1.011456050347082
16,8.433353424072266,0.7848225235939026,0.49535709619522095,1.0115762247149949
16,8.455909729003906,0.7857820391654968,0.49430564045906067,1.0116740145881444
16,8.478469848632812,0.7866795659065247,0.49330058693885803,1.0117557854821024
16,8.501035690307617,0.7875148057937622,0.49234360456466675,1.01182559895355
16,8.523604393005371,0.7882874011993408,0.49143609404563904,1.0118844438870962
16,8.546177864074707,0.7889969944953918,0.4905789792537689,1.0119270421836013
16,8.568755149841309,0.7896432876586914,0.4897727966308594,1.0119475124312498
16,8.59133529663086,0.7902259826660156,0.4890177547931671,1.0119372209276742
16,8.613887786865234,0.7907440066337585,0.48831483721733093,1.0118768078829556
16,8.636275291442871,0.7911947965621948,0.4876674711704254,1.0117492966354698
16,8.65856647491455,0.7915804982185364,0.48707249760627747,1.0115561772319288
16,8.680755615234375,0.791901707649231,0.48652902245521545,1.011287066004873
16,8.702840805053711,0.7921589612960815,0.486036092042923,1.010932441219016
16,8.72481918334961,0.7923530340194702,0.48559293150901794,1.010485600365746
16,8.746688842773438,0.792484700679779,0.4851987659931183,1.0099423331855009
16,8.768447875976562,0.7925546765327454,0.4848531186580658,1.0093013114805578
16,8.790095329284668,0.7925638556480408,0.48455557227134705,1.0085643553248185
16,8.811630249023438,0.7925131320953369,0.4843059480190277,1.0077362037064115
16,8.833051681518555,0.7924033403396606,0.4841042160987854,1.0068238059175183
16,8.854374885559082,0.7922353148460388,0.48395031690597534,1.0058353692295274
16,8.875629425048828,0.7920095324516296,0.48384442925453186,1.0047793124682753
16,8.896819114685059,0.7917264699935913,0.48378702998161316,1.0036657724259286
16,8.918008804321289,0.7913856506347656,0.48377877473831177,1.0025034856755648
16,8.939132690429688,0.7909883856773376,0.4838204085826874,1.001305700441094
16,8.960119247436523,0.7905369997024536,0.48391199111938477,1.0000877381345816
16,8.981035232543945,0.7900311350822449,0.4840538501739502,0.9988552345417953
16,9.001914024353027,0.7894706726074219,0.4842466115951538,0.997614745792907
16,9.022801399230957,0.7888547778129578,0.4844910800457001,0.9963703900490075
16,9.043699264526367,0.7881837487220764,0.48478788137435913,0.9951276908861155
16,9.064607620239258,0.7874579429626465,0.4851374626159668,0.9938915614425019
16,9.085528373718262,0.7866777181625366,0.48554012179374695,0.9926658254092112
16,9.106461524963379,0.785843551158905,0.4859960377216339,0.9914546030788309
16,9.127408027648926,0.7849559187889099,0.48650527000427246,0.9902615430767306
16,9.148369789123535,0.784015417098999,0.4870677590370178,0.9890897627347512
16,9.169346809387207,0.7830228209495544,0.48768338561058044,0.9879416338461648
16,9.190340042114258,0.7819789052009583,0.48835188150405884,0.9868192515715651
16,9.211350440979004,0.7808844447135925,0.4890729486942291,0.9857273978473086
16,9.232400894165039,0.7797392010688782,0.4898470342159271,0.9846677417036552
16,9.253469467163086,0.7785452604293823,0.4906730353832245,0.9836446345142013
16,9.274557113647461,0.7773036360740662,0.4915504455566406,0.982662150232807
16,9.295661926269531,0.7760154604911804,0.49247878789901733,0.9817248665548823
16,9.316786766052246,0.7746819853782654,0.49345746636390686,0.980836380486615
16,9.337879180908203,0.773307740688324,0.4944833815097809,0.9800001634441202
16,9.358968734741211,0.7718923091888428,0.49555686116218567,0.9791556194049437
16,9.380078315734863,0.7704353928565979,0.49667811393737793,0.9783732489016456
16,9.40120792388916,0.768938422203064,0.49784624576568604,0.9776573556357514
16,9.422356605529785,0.7674027681350708,0.49906018376350403,0.9770108128896158
16,9.443525314331055,0.7658299207687378,0.5003187656402588,0.976435670684334
16,9.46471118927002,0.7642214298248291,0.5016206502914429,0.9759323327743173
16,9.485916137695312,0.7625787854194641,0.5029642581939697,0.9755001788375405
16,9.507137298583984,0.7609035968780518,0.5043480396270752,0.9751403572391701
16,9.528397560119629,0.7591956853866577,0.5057715773582458,0.9748473837094889
16,9.549673080444336,0.7574584484100342,0.5072314739227295,0.9746157595949804
16,9.570962905883789,0.7556933760643005,0.5087257623672485,0.9744402996523525
16,9.592267990112305,0.7539021372795105,0.5102522373199463,0.9743153038151598
16,9.61358642578125,0.7520862817764282,0.5118085741996765,0.9742344022256193
16,9.634919166564941,0.7502473592758179,0.5133925676345825,0.9741909716207773
16,9.656264305114746,0.7483868598937988,0.5150017738342285,0.9741695826987354
16,9.677599906921387,0.7465084791183472,0.516632080078125,0.9741706758099902
16,9.698949813842773,0.7446115016937256,0.5182828903198242,0.974189048712793
16,9.720314979553223,0.7426972389221191,0.5199518799781799,0.9742184733262151
16,9.741693496704102,0.7407671213150024,0.5216365456581116,0.974253374687024
16,9.763086318969727,0.7388224005699158,0.5233346223831177,0.9742886353263105
16,9.784493446350098,0.7368643879890442,0.5250438451766968,0.9743198088279142
16,9.805913925170898,0.7348942756652832,0.5267619490623474,0.9743431555636305
16,9.827348709106445,0.7329133152961731,0.5284866690635681,0.9743558020285676
16,9.848796844482422,0.7309227585792542,0.5302160382270813,0.9743544772535873
16,9.870244979858398,0.7289250493049622,0.5319468379020691,0.9743387425669218
16,9.891707420349121,0.726919949054718,0.533678412437439,0.9743081181471719
16,9.913183212280273,0.7249085307121277,0.5354089736938477,0.9742636676565688
16,9.934672355651855,0.7228919863700867,0.5371369123458862,0.9741921349907826
16,9.956159591674805,0.7208727598190308,0.5388594269752502,0.9741005389923171
16,9.97764778137207,0.7188513875007629,0.5405752062797546,0.9739591896914909
16,9.999135971069336,0.7168286442756653,0.5422829389572144,0.9737336977987624
16,10.020624160766602,0.7148051261901855,0.5439814329147339,0.9734827628694226
16,10.0421142578125,0.712781548500061,0.545669674873352,0.9732120131071403
16,10.063604354858398,0.7107585668563843,0.5473467111587524,0.9729223688529491
16,10.08509635925293,0.7087366580963135,0.5490117073059082,0.9726152147997386
16,10.106589317321777,0.7067164182662964,0.550663948059082,0.9722920186704852
16,10.128083229064941,0.7046983242034912,0.552302896976471,0.9719543096995731
16,10.149584770202637,0.7026820182800293,0.5539284944534302,0.971602660807139
16,10.171089172363281,0.7006686329841614,0.5555397272109985,0.9712325313929469
16,10.19266414642334,0.698651909828186,0.5571413636207581,0.9708410935621389
16,10.21456241607666,0.69660884141922,0.5587511658668518,0.9704313706734718
16,10.237361907958984,0.694486141204834,0.5604100823402405,0.9700025413549985
16,10.261866569519043,0.6922098398208618,0.5621736645698547,0.969542921621085
16,10.286372184753418,0.6899388432502747,0.5639177560806274,0.9690802436811512
16,10.313101768493652,0.6874679327011108,0.5657980442047119,0.9685441388209243
16,10.341801643371582,0.6848216652870178,0.5677923560142517,0.9679030787356241
16,10.370504379272461,0.6821819543838501,0.5697620511054993,0.9672658275821686
16,10.400374412536621,0.679441511631012,0.5717872977256775,0.9666279535834482
16,10.430688858032227,0.6766664385795593,0.5738190412521362,0.9659814659967599
16,10.461005210876465,0.6738967299461365,0.5758293271064758,0.9653737574218899
16,10.491422653198242,0.6711225509643555,0.5778282880783081,0.9647978621851552
16,10.521841049194336,0.6683523058891296,0.5798118710517883,0.9642914828584783
16,10.55226993560791,0.6655838489532471,0.5817850828170776,0.963852147955236
16,10.5826997756958,0.6628170013427734,0.5837510228157043,0.9635255336827565
16,10.613130569458008,0.6600509881973267,0.585712730884552,0.9632952700928389
16,10.643560409545898,0.6572847366333008,0.587674081325531,0.963173661350648
16,10.673990249633789,0.654517650604248,0.5896371603012085,0.9631851279028609
16,10.70442008972168,0.6517490148544312,0.5916045904159546,0.9631816284503458
16,10.734848976135254,0.6489782929420471,0.5935779809951782,0.9632729223343741
16,10.765277862548828,0.6462054252624512,0.5955581665039062,0.963438039741855
16,10.79570484161377,0.6434301137924194,0.5975463390350342,0.9636844360699459
16,10.826131820678711,0.6406520009040833,0.5995429754257202,0.9639991676424932
16,10.856558799743652,0.6378708481788635,0.6015486121177673,0.9643709521124009
16,10.886982917785645,0.6350863575935364,0.6035639047622681,0.9647869618694604
16,10.917407035827637,0.6322983503341675,0.6055893898010254,0.96523785930766
16,10.947830200195312,0.6295068264007568,0.6076259016990662,0.9657350462884022
16,10.978252410888672,0.6267119646072388,0.6096743941307068,0.9662367538571616
16,11.008672714233398,0.6239140033721924,0.6117357015609741,0.9667826005705235
16,11.039092063903809,0.6211138367652893,0.6138108968734741,0.9673453476321989
16,11.069511413574219,0.6183117628097534,0.6159006357192993,0.9678679559087592
16,11.09992790222168,0.6155083179473877,0.6180060505867004,0.9683479819228052
16,11.13034439086914,0.6127040386199951,0.6201279163360596,0.9688273798913961
16,11.160758972167969,0.6098995804786682,0.6222667694091797,0.969362737054604
16,11.19117259979248,0.6070955991744995,0.6244232654571533,0.9699337533703495
16,11.221586227416992,0.604292631149292,0.6265972852706909,0.9705398694367644
16,11.251998901367188,0.6014914512634277,0.6287886500358582,0.9712072395871806
16,11.282419204711914,0.5986921787261963,0.630996584892273,0.9718914887541735
16,11.312838554382324,0.5958962440490723,0.6332190632820129,0.9726258679610742
16,11.343282699584961,0.5931017398834229,0.6354551911354065,0.9733982557556712
16,11.373725891113281,0.5903107523918152,0.6377012729644775,0.9741762459810902
16,11.404233932495117,0.5875173211097717,0.6399588584899902,0.9749949268465968
16,11.434881210327148,0.5847140550613403,0.6422306299209595,0.9755871875745247
16,11.46552848815918,0.5819132924079895,0.6445043087005615,0.9761826910963259
16,11.496424674987793,0.5790915489196777,0.6467949151992798,0.9767751584062947
16,11.527321815490723,0.5762709379196167,0.6490805149078369,0.9771713734328634
16,11.563491821289062,0.5729697942733765,0.6517421007156372,0.9772758041430282
16,11.629034996032715,0.5669940710067749,0.6565049886703491,0.9770103694496688
16,11.694585800170898,0.561028003692627,0.6611841917037964,0.9766325574863336
16,11.765935897827148,0.5545697212219238,0.6661331057548523,0.975993833811257
16,11.89498233795166,0.5432097911834717,0.6746435761451721,0.9699305112456365
16,12.024127960205078,0.5324658155441284,0.6824183464050293,0.9656890021668462
16,12.145468711853027,0.523240864276886,0.6888636350631714,0.9612529944278486
16,12.266939163208008,0.5150822401046753,0.6942002177238464,0.9546455284376394
16,12.388877868652344,0.5082319974899292,0.6980797052383423,0.9465237070578776
16,12.511103630065918,0.502988874912262,0.6999092698097229,0.9360995597965764
16,12.524399757385254,0.5025229454040527,0.6999689936637878,0.9349340073003913
17,0.8097378015518188,-0.43284010887145996,2.423539400100708,1.010240841581768
17,0.8571907877922058,-0.4328387975692749,2.42596697807312,1.0117770502466705
17,0.9779478907585144,-0.43283411860466003,2.432056188583374,1.015912293926264
17,1.063857913017273,-0.4328298568725586,2.4361774921417236,1.0188278192754952
17,1.1856915950775146,-0.43282461166381836,2.441173791885376,1.0229227882253584
17,1.2763185501098633,-0.43282216787338257,2.4440457820892334,1.025817086047293
17,1.3986272811889648,-0.43282490968704224,2.446115255355835,1.0292675968457732
17,1.5209524631500244,-0.43283724784851074,2.4457876682281494,1.0317750426429402
17,1.6433519124984741,-0.4328646659851074,2.4425926208496094,1.0339307783663594
17,1.7656432390213013,-0.4329097867012024,2.4365317821502686,1.0335752647761633
17,1.8877655267715454,-0.43297499418258667,2.4276952743530273,1.0325749799126476
17,2.0097310543060303,-0.43306002020835876,2.416564464569092,1.0295265249758723
17,2.131500482559204,-0.4331642687320709,2.4034531116485596,1.024899549842275
17,2.253110885620117,-0.43328532576560974,2.3889353275299072,1.019458618737222
17,2.3745832443237305,-0.43342170119285583,2.3733022212982178,1.0122589782765137
17,2.495941162109375,-0.43357202410697937,2.3568050861358643,1.0045225733872203
17,2.617203712463379,-0.4337356686592102,2.3396196365356445,0.9958148309821033
17,2.738374948501587,-0.43391284346580505,2.321800947189331,0.985843096546011
17,2.8594608306884766,-0.4341040551662445,2.303412914276123,0.9751194144242825
17,2.980461835861206,-0.4343101978302002,2.2844741344451904,0.9619573179844669
17,3.1013753414154053,-0.4345322549343109,2.264984607696533,0.9472062797795249
17,3.222210645675659,-0.4347720742225647,2.245015859603882,0.9301756024377934
17,3.3429739475250244,-0.43503203988075256,2.2246155738830566,0.909727959547087
17,3.4636852741241455,-0.4353169798851013,2.2039120197296143,0.8867248912837112
17,3.584404468536377,-0.4356341063976288,2.1832528114318848,0.8588973515019281
17,3.668269634246826,-0.4358772337436676,2.1690874099731445,0.8382565085037951
17,3.789186477661133,-0.43626928329467773,2.149751663208008,0.8064753059510228
17,3.876866102218628,-0.43658867478370667,2.136892557144165,0.7836680439311067
17,3.998183012008667,-0.43708959221839905,2.1219866275787354,0.7557537697934957
17,4.119950771331787,-0.4376690685749054,2.1114251613616943,0.7354873886492194
17,4.240983963012695,-0.4383324980735779,2.1066150665283203,0.7231804430227575
17,4.362104892730713,-0.43908995389938354,2.107860803604126,0.7260952056111577
17,4.451371192932129,-0.4397098422050476,2.112609386444092,0.7321875799988734
17,4.5624823570251465,-0.44055020809173584,2.122427463531494,0.7482026957480052
17,4.673218727111816,-0.4414561688899994,2.1358418464660645,0.7678130937932458
17,4.775232315063477,-0.44234082102775574,2.150576591491699,0.7873306087170325
17,4.869212627410889,-0.4431908428668976,2.165647029876709,0.805594648135806
17,4.9630327224731445,-0.4440665543079376,2.1816883087158203,0.8226358408550796
17,5.051637649536133,-0.444912850856781,2.197402238845825,0.8369543016397352
17,5.137795925140381,-0.4457486569881439,2.212968587875366,0.8487748298578036
17,5.223155975341797,-0.44658493995666504,2.2285358905792236,0.8582005936923883
17,5.308348178863525,-0.44742351770401,2.244157314300537,0.8653555738916294
17,5.394998550415039,-0.4482729136943817,2.2601022720336914,0.8704741898830868
17,5.48164701461792,-0.44910550117492676,2.2760612964630127,0.8725654071432621
17,5.572113037109375,-0.4499374330043793,2.292714834213257,0.8720408163122602
17,5.666309356689453,-0.4507322907447815,2.3100688457489014,0.8686973649594975
17,5.763436794281006,-0.4514189660549164,2.3280653953552246,0.8622305298420632
17,5.863551139831543,-0.4518820345401764,2.346902370452881,0.8503485955298866
17,5.963559627532959,-0.45194190740585327,2.3662960529327393,0.8316607725549242
17,6.0410614013671875,-0.4515548348426819,2.3820133209228516,0.8137149975915232
17,6.1452250480651855,-0.4500178396701813,2.4048373699188232,0.7829406415968708
17,6.248536586761475,-0.44631171226501465,2.430992841720581,0.7399382284560126
17,6.306675910949707,-0.44264349341392517,2.448345899581909,0.7151379087392467
17,6.405205249786377,-0.4323195517063141,2.4878671169281006,0.6806559335505817
17,6.426222801208496,-0.429218053817749,2.4984374046325684,0.6817555944082724
17,6.452808856964111,-0.4251736104488373,2.513369083404541,0.6831962774931207
17,6.538562297821045,-0.4122608006000519,2.575984239578247,0.7628382696123102
17,6.618939399719238,-0.3999737799167633,2.6455869674682617,0.9010944802361563
17,6.660368919372559,-0.3949756324291229,2.680964708328247,0.9868140644401631
17,6.680348873138428,-0.3923482894897461,2.697014093399048,1.0261067903297674
17,6.695333957672119,-0.390399694442749,2.708585023880005,1.0514982860615858
17,6.712775230407715,-0.38833165168762207,2.7214415073394775,1.0816018346451701
17,6.757845878601074,-0.38350313901901245,2.7516541481018066,1.1534524267500963
17,6.7827582359313965,-0.38120704889297485,2.766561508178711,1.1876137351416407
17,6.806545257568359,-0.3793317377567291,2.779689311981201,1.2148174578753959
17,6.830782890319824,-0.37771520018577576,2.7920022010803223,1.2396165924739284
17,6.855278015136719,-0.37638750672340393,2.803419351577759,1.2608569536028953
17,6.879973888397217,-0.3753332197666168,2.8139069080352783,1.2810622963256688
17,6.905000686645508,-0.37455102801322937,2.823538303375244,1.2978084747604228
17,6.930124282836914,-0.37404897809028625,2.8322463035583496,1.3132253310258954
17,6.955422401428223,-0.37378814816474915,2.840061664581299,1.3263868874521139
17,6.981093883514404,-0.3737879991531372,2.847095251083374,1.335995114208621
17,7.006110191345215,-0.3740229606628418,2.8531100749969482,1.3442863025905116
17,7.031801700592041,-0.37448036670684814,2.858438014984131,1.3513734738831436
17,7.057568550109863,-0.3751508593559265,2.86295485496521,1.3561620149918114
17,7.083604335784912,-0.3760563135147095,2.866718053817749,1.3592468604494936
17,7.1096086502075195,-0.377170205116272,2.8697009086608887,1.3608770963262864
17,7.1355509757995605,-0.37847399711608887,2.871929168701172,1.3611070660340963
17,7.16140604019165,-0.3799527883529663,2.8734304904937744,1.3597283125181323
17,7.187281131744385,-0.38160309195518494,2.8742363452911377,1.3569833517762089
17,7.21302604675293,-0.38340744376182556,2.874366283416748,1.3531047435257388
17,7.238621711730957,-0.38535642623901367,2.8738484382629395,1.348182599051812
17,7.264052391052246,-0.38744044303894043,2.8727123737335205,1.342313279145202
17,7.289304733276367,-0.38965120911598206,2.8709850311279297,1.3356009635737165
17,7.314367294311523,-0.39197999238967896,2.8686928749084473,1.3281482780015295
17,7.339232444763184,-0.394417941570282,2.8658602237701416,1.3200501091900203
17,7.363892555236816,-0.3969557285308838,2.8625106811523438,1.311393129633823
17,7.388343811035156,-0.399583637714386,2.858666181564331,1.3022158069833667
17,7.412701606750488,-0.4023051857948303,2.854326009750366,1.2925140174925989
17,7.436983108520508,-0.4051135778427124,2.8495006561279297,1.2823161077622094
17,7.461044788360596,-0.4079829752445221,2.8442342281341553,1.2716392625997293
17,7.484888553619385,-0.41090524196624756,2.838547468185425,1.2602044797737377
17,7.508312702178955,-0.4138561189174652,2.8325095176696777,1.2480513236762276
17,7.531523704528809,-0.416853129863739,2.826093912124634,1.2353505204994861
17,7.554526329040527,-0.4198882579803467,2.819321393966675,1.222118579292839
17,7.577329158782959,-0.4229545295238495,2.812213897705078,1.2083410215812487
17,7.6000165939331055,-0.42606016993522644,2.804763078689575,1.193213025575352
17,7.6224589347839355,-0.42919087409973145,2.797032594680786,1.177360081989691
17,7.644717693328857,-0.4323478937149048,2.78902530670166,1.1609988247329406
17,7.66680383682251,-0.4355260729789734,2.7807607650756836,1.1443926348853481
17,7.688926696777344,-0.4387573301792145,2.7721712589263916,1.126491548317085
17,7.7104949951171875,-0.44195693731307983,2.7635040283203125,1.108237138409377
17,7.731997013092041,-0.4451930522918701,2.7545900344848633,1.089790377026627
17,7.7534027099609375,-0.4484612047672272,2.745457887649536,1.0697287102985589
17,7.774437427520752,-0.4517267644405365,2.736241579055786,1.0495189919286034
17,7.795538425445557,-0.4550613462924957,2.726771116256714,1.0288555365204968
17,7.816511154174805,-0.45845118165016174,2.717139959335327,1.0076763541573537
17,7.837183475494385,-0.46191272139549255,2.7073898315429688,0.9865483104114626
17,7.857669830322266,-0.4655400514602661,2.6973652839660645,0.9665438452129453
17,7.877868175506592,-0.4694420397281647,2.686911106109619,0.9492781847739855
17,7.897467136383057,-0.47375258803367615,2.6758508682250977,0.9378925741570106
17,7.916330337524414,-0.47866883873939514,2.6638295650482178,0.9355178994186616
17,7.934081077575684,-0.48431551456451416,2.6505398750305176,0.9426875731651768
17,7.950556755065918,-0.4905320703983307,2.6358888149261475,0.9559613300109151
17,7.9658074378967285,-0.49690186977386475,2.620213031768799,0.9600267832468916
17,7.980397701263428,-0.5031200051307678,2.6036291122436523,0.9560979611169996
17,7.9946160316467285,-0.5088090896606445,2.5865530967712402,0.9375983018647732
17,8.008758544921875,-0.5137274861335754,2.5691781044006348,0.9076180312262717
17,8.022994995117188,-0.5175898671150208,2.5519258975982666,0.8724886762422246
17,8.037467956542969,-0.5204581022262573,2.534792900085449,0.8421648365825268
17,8.052227973937988,-0.5225729942321777,2.517563819885254,0.8167871217703543
17,8.066792488098145,-0.524262011051178,2.5002870559692383,0.7996862226228942
17,8.080960273742676,-0.5257737636566162,2.4827983379364014,0.787663713283211
17,8.094679832458496,-0.5272923111915588,2.4648001194000244,0.7788847680022585
17,8.107827186584473,-0.528826892375946,2.446307897567749,0.7721129443575397
17,8.120213508605957,-0.5303117632865906,2.4275496006011963,0.7656920570628063
17,8.131964683532715,-0.5316683650016785,2.4083776473999023,0.7582768798408394
17,8.143087387084961,-0.5327962040901184,2.3888275623321533,0.7504451164561327
17,8.153620719909668,-0.533607542514801,2.3688971996307373,0.741522600060187
17,8.163568496704102,-0.534020185470581,2.3486552238464355,0.7319218296987821
17,8.172945976257324,-0.533984363079071,2.328138589859009,0.7214864687527711
17,8.181775093078613,-0.533456027507782,2.3073880672454834,0.7107997291019802
17,8.190082550048828,-0.5324105620384216,2.2864105701446533,0.7000175810126645
17,8.19787311553955,-0.5308409929275513,2.265270233154297,0.6895497321510724
17,8.205168724060059,-0.528744101524353,2.2439663410186768,0.6791909341461995
17,8.211977005004883,-0.5261200666427612,2.22253680229187,0.6687989835570097
17,8.218289375305176,-0.522983968257904,2.201054334640503,0.65875716920338
17,8.224120140075684,-0.5193377733230591,2.179518699645996,0.6487014913356313
17,8.229486465454102,-0.5151758790016174,2.1579372882843018,0.6386749240358084
17,8.234395980834961,-0.5104931592941284,2.136337995529175,0.6287802346385662
17,8.238849639892578,-0.5052851438522339,2.114757537841797,0.6189388532656834
17,8.242862701416016,-0.49953344464302063,2.0932111740112305,0.6089877705074855
17,8.246439933776855,-0.4932343363761902,2.0717718601226807,0.5985928197777945
17,8.24959945678711,-0.4863593876361847,2.050431489944458,0.5882104540036255
17,8.252350807189941,-0.4788942039012909,2.0292418003082275,0.5779185170396128
17,8.254705429077148,-0.47081103920936584,2.008216142654419,0.5675302824372889
17,8.256675720214844,-0.4621104896068573,1.9874268770217896,0.5571089609335592
17,8.258275985717773,-0.45276811718940735,1.9668864011764526,0.5469253005289688
17,8.259514808654785,-0.44277313351631165,1.9466302394866943,0.5366820347404145
17,8.260408401489258,-0.43213212490081787,1.9267061948776245,0.5267211112988658
17,8.260963439941406,-0.42083537578582764,1.9071340560913086,0.5170913119436243
17,8.261194229125977,-0.4088972210884094,1.8879475593566895,0.5076736972248366
17,8.26110553741455,-0.39632585644721985,1.8691684007644653,0.49860122086807357
17,8.260706901550293,-0.3831423819065094,1.8508169651031494,0.489644285239094
17,8.260001182556152,-0.3693700134754181,1.8329123258590698,0.4810860933947972
17,8.258996963500977,-0.3550424873828888,1.815463662147522,0.47278326046953356
17,8.25769329071045,-0.3401903808116913,1.7984795570373535,0.4643671660771778
17,8.256096839904785,-0.3248494267463684,1.7819608449935913,0.4562789431947456
17,8.254207611083984,-0.30905836820602417,1.7659039497375488,0.448108644352304
17,8.25202751159668,-0.2928521931171417,1.750303864479065,0.439691351594483
17,8.24956226348877,-0.27626529335975647,1.7351528406143188,0.4314063928767855
17,8.246808052062988,-0.25933563709259033,1.7204368114471436,0.4227461524322001
17,8.243772506713867,-0.24208858609199524,1.7061508893966675,0.41383478174023675
17,8.24045467376709,-0.22455906867980957,1.6922773122787476,0.405017710244041
17,8.236861228942871,-0.2067689746618271,1.6788100004196167,0.39532946949954284
17,8.23299503326416,-0.18874289095401764,1.6657381057739258,0.38589680691429884
17,8.228860855102539,-0.17050164937973022,1.6530519723892212,0.37568248892934164
17,8.224471092224121,-0.15205959975719452,1.6407477855682373,0.3656771480463414
17,8.219827651977539,-0.1334344893693924,1.6288182735443115,0.35473371040701107
17,8.214944839477539,-0.11463448405265808,1.6172645092010498,0.3441284831619552
17,8.20983600616455,-0.09567051380872726,1.6060823202133179,0.3327263281995664
17,8.204517364501953,-0.07655096054077148,1.5952686071395874,0.3216097126960967
17,8.199014663696289,-0.05727703496813774,1.5848278999328613,0.30985689684841666
17,8.193338394165039,-0.037860266864299774,1.5747511386871338,0.29811277946328363
17,8.187532424926758,-0.018287794664502144,1.5650564432144165,0.28610865067185237
17,8.18161392211914,0.0014323584036901593,1.5557352304458618,0.2737177552506512
17,8.175630569458008,0.02131214551627636,1.5468034744262695,0.26129707443515415
17,8.169626235961914,0.04136289283633232,1.5382765531539917,0.24818583332617167
17,8.163649559020996,0.06159157305955887,1.5301614999771118,0.23483969240874428
17,8.157792091369629,0.08203239738941193,1.522504448890686,0.22138296641059804
17,8.15215015411377,0.10271485149860382,1.51535165309906,0.20730236849852457
17,8.146845817565918,0.12366820126771927,1.508750557899475,0.19305783543010513
17,8.142053604125977,0.14493624866008759,1.5027986764907837,0.17892443630703828
17,8.137996673583984,0.16655582189559937,1.4976216554641724,0.16524798997697862
17,8.134963035583496,0.18853797018527985,1.49335777759552,0.15206047509776113
17,8.13330364227295,0.2108401656150818,1.4901423454284668,0.1402854684523466
17,8.133404731750488,0.23333805799484253,1.4880949258804321,0.13051201628537804
17,8.135624885559082,0.25580137968063354,1.487245798110962,0.12319067120951013
17,8.140202522277832,0.27791914343833923,1.4874972105026245,0.11849139222310551
17,8.147211074829102,0.29936301708221436,1.4886207580566406,0.11628432048583448
17,8.156523704528809,0.31987401843070984,1.490307092666626,0.11630951208148567
17,8.167887687683105,0.33930376172065735,1.492233395576477,0.11801160642764418
17,8.181039810180664,0.35757899284362793,1.4941030740737915,0.12099079326481477
17,8.195714950561523,0.3746871054172516,1.4956653118133545,0.12491177764149132
17,8.211681365966797,0.3906390070915222,1.4967470169067383,0.13026551072872525
17,8.228704452514648,0.4054899513721466,1.4972362518310547,0.13617832474070354
17,8.246602058410645,0.4192826747894287,1.4970455169677734,0.14286218292190098
17,8.265196800231934,0.4320742189884186,1.4961614608764648,0.15017235906179086
17,8.284355163574219,0.4439038038253784,1.4945605993270874,0.15796205473589406
17,8.303975105285645,0.4548313319683075,1.4922727346420288,0.16614576770892536
17,8.323952674865723,0.4648856818675995,1.4893178939819336,0.17477874588831635
17,8.344193458557129,0.47409263253211975,1.4857432842254639,0.18321779222337597
17,8.364630699157715,0.4824818968772888,1.4815948009490967,0.19230770219146645
17,8.385232925415039,0.49007928371429443,1.4769216775894165,0.20138360939464922
17,8.40593433380127,0.4968931972980499,1.4717800617218018,0.21020604828881378
17,8.42669677734375,0.5029429793357849,1.4662178754806519,0.2190336887139247
17,8.447514533996582,0.5082631707191467,1.4602817296981812,0.22779244380704464
17,8.46833324432373,0.5128604769706726,1.4540237188339233,0.23618713391874682
17,8.489131927490234,0.5167449116706848,1.4474886655807495,0.24444529220275596
17,8.509897232055664,0.5199256539344788,1.4407339096069336,0.2524539395972571
17,8.530611038208008,0.5224156379699707,1.4337995052337646,0.26004244974861757
17,8.551255226135254,0.5242268443107605,1.426718831062317,0.2672190429396034
17,8.572153091430664,0.5253844261169434,1.4194109439849854,0.2743447452712417
17,8.592672348022461,0.5258753895759583,1.4121544361114502,0.28108271642562305
17,8.613096237182617,0.5257357358932495,1.4048794507980347,0.28731425541930794
17,8.633415222167969,0.5249741077423096,1.3976107835769653,0.2930859244582129
17,8.654046058654785,0.5235921740531921,1.3902397155761719,0.29872045451139206
17,8.674081802368164,0.5216849446296692,1.3831363916397095,0.30393051745406113
17,8.694023132324219,0.5192299485206604,1.3761428594589233,0.3086416377855006
17,8.713906288146973,0.5162391662597656,1.369267463684082,0.3130060228181317
17,8.733744621276855,0.5127459168434143,1.3625534772872925,0.31714556500759145
17,8.753535270690918,0.5087719559669495,1.356031060218811,0.3208477332199695
17,8.773277282714844,0.5043329000473022,1.3497188091278076,0.3240859374111452
17,8.79297161102295,0.4994538128376007,1.3436403274536133,0.32707340519596007
17,8.81269645690918,0.49417644739151,1.337825894355774,0.32983756512990986
17,8.832406044006348,0.488543301820755,1.3323147296905518,0.33220470283048986
17,8.85210132598877,0.4825756251811981,1.327123999595642,0.33422667686504304
17,8.87173080444336,0.47632256150245667,1.3222901821136475,0.33604854587945776
17,8.89137077331543,0.46982473134994507,1.317835807800293,0.3377366402219252
17,8.91097640991211,0.4631485939025879,1.3137966394424438,0.33915575516626606
17,8.930604934692383,0.4563060402870178,1.3101725578308105,0.3403119471334744
17,8.950261116027832,0.44932714104652405,1.306975245475769,0.34125902279603004
17,8.969907760620117,0.44228318333625793,1.3042340278625488,0.3423113853546102
17,8.989617347717285,0.4352143704891205,1.3019646406173706,0.34326578117551343
17,9.009387969970703,0.42815500497817993,1.3001737594604492,0.34411792156936094
17,9.029230117797852,0.42113757133483887,1.2988667488098145,0.34505617290140556
17,9.049098014831543,0.4142320156097412,1.298054814338684,0.34608844326037846
17,9.069038391113281,0.4074549078941345,1.297734260559082,0.34715245829888325
17,9.08905029296875,0.4008365869522095,1.29790198802948,0.34828993807728686
17,9.109131813049316,0.39441394805908203,1.2985548973083496,0.34974815739174303
17,9.129241943359375,0.3882385790348053,1.2996841669082642,0.3513808782816073
17,9.149418830871582,0.3823200464248657,1.3012794256210327,0.35320121302135205
17,9.169655799865723,0.37667882442474365,1.303326964378357,0.3552086203270827
17,9.189947128295898,0.3713356554508209,1.3058111667633057,0.3575983105046549
17,9.21025276184082,0.36632272601127625,1.3087087869644165,0.360276975987279
17,9.23060417175293,0.3616388440132141,1.3120046854019165,0.3631732205904175
17,9.250992774963379,0.3572888970375061,1.3156780004501343,0.3663212803698745
17,9.271411895751953,0.3532745838165283,1.3197077512741089,0.36963031123290185
17,9.29185676574707,0.3495944142341614,1.3240724802017212,0.3731047424303996
17,9.31229305267334,0.34625133872032166,1.3287427425384521,0.3768914058850461
17,9.332746505737305,0.34323427081108093,1.3337029218673706,0.3807307316884392
17,9.353424072265625,0.34051093459129333,1.338989019393921,0.38498091275298396
17,9.373899459838867,0.3381352126598358,1.344476342201233,0.3893622601077048
17,9.394383430480957,0.3360637426376343,1.350199580192566,0.3937132687917258
17,9.415019035339355,0.3342706561088562,1.356184720993042,0.39816601685237313
17,9.435791969299316,0.3327455520629883,1.3624156713485718,0.4026985324982969
17,9.456634521484375,0.3314844071865082,1.3688609600067139,0.40754772430014696
17,9.477198600769043,0.33049851655960083,1.375398874282837,0.41236499424389556
17,9.497797012329102,0.3297502100467682,1.3821125030517578,0.4171482112291567
17,9.518355369567871,0.3292239308357239,1.38896644115448,0.42182669199284034
17,9.5388822555542,0.3289061486721039,1.3959529399871826,0.42683201046361163
17,9.55933666229248,0.3287869393825531,1.4030487537384033,0.43180026283466655
17,9.579752922058105,0.32884669303894043,1.4102551937103271,0.4366602029541913
17,9.600131034851074,0.32906830310821533,1.4175645112991333,0.4415622632907806
17,9.620471954345703,0.32944339513778687,1.4249699115753174,0.4466202090895269
17,9.640777587890625,0.3299578130245209,1.4324650764465332,0.45152501897846914
17,9.66104793548584,0.33059579133987427,1.4400444030761719,0.45627995538369126
17,9.68128490447998,0.33134716749191284,1.4477025270462036,0.4613684767878866
17,9.701489448547363,0.33220210671424866,1.4554349184036255,0.4662907902580122
17,9.721663475036621,0.3331470787525177,1.4632376432418823,0.4710359517445577
17,9.741806983947754,0.33417144417762756,1.471106767654419,0.4759840623117124
17,9.761922836303711,0.3352678120136261,1.4790384769439697,0.4808729797802638
17,9.782011032104492,0.3364250063896179,1.487030029296875,0.48560129902610244
17,9.80207347869873,0.33763349056243896,1.495078682899475,0.4904543620767704
17,9.822112083435059,0.3388868570327759,1.5031808614730835,0.49530397291868805
17,9.842126846313477,0.3401762843132019,1.5113345384597778,0.4999962846404316
17,9.862120628356934,0.34149369597435,1.5195376873016357,0.5047662960365431
17,9.882092475891113,0.3428333103656769,1.5277870893478394,0.5095717047899831
17,9.902045249938965,0.34418827295303345,1.536081075668335,0.5142400707727176
17,9.921979904174805,0.3455522358417511,1.544418215751648,0.5189487873469824
17,9.941898345947266,0.3469201922416687,1.5527950525283813,0.5236837559270129
17,9.961799621582031,0.34828710556030273,1.5612101554870605,0.5282978886583537
17,9.981685638427734,0.34964844584465027,1.5696619749069214,0.5329512690876121
17,10.001558303833008,0.35099998116493225,1.57814621925354,0.5376033838083939
17,10.0214204788208,0.35233816504478455,1.58665931224823,0.5421309603561284
17,10.041271209716797,0.353659451007843,1.595199704170227,0.5466755543794863
17,10.061113357543945,0.35496026277542114,1.6037638187408447,0.5511993186654782
17,10.080947875976562,0.3562384843826294,1.612350344657898,0.5556249406547159
17,10.100773811340332,0.3574918508529663,1.6209579706192017,0.5600493943310556
17,10.12059497833252,0.3587173521518707,1.6295826435089111,0.5644126223838517
17,10.140410423278809,0.35991403460502625,1.6382238864898682,0.5686906254372128
17,10.16022777557373,0.3610805869102478,1.6468820571899414,0.5729535368843315
17,10.180107116699219,0.3622177243232727,1.6555790901184082,0.5771824504806246
17,10.20028018951416,0.36333751678466797,1.664414882659912,0.5814165144705666
17,10.220453262329102,0.3644212484359741,1.6732572317123413,0.5855544778588797
17,10.241455078125,0.36550983786582947,1.682466745376587,0.5897369055996353
17,10.264025688171387,0.3666374385356903,1.6923686265945435,0.5940838650926125
17,10.286598205566406,0.3677195906639099,1.7022722959518433,0.5981691309030421
17,10.311217308044434,0.36884960532188416,1.713075041770935,0.6025103392921304
17,10.337653160095215,0.3700064420700073,1.7246731519699097,0.6068737483407364
17,10.364092826843262,0.371102511882782,1.7362672090530396,0.6110853060804123
17,10.391611099243164,0.37218302488327026,1.7483259439468384,0.6152109086109308
17,10.419136047363281,0.37319841980934143,1.7603737115859985,0.6191311163298013
17,10.447075843811035,0.37416794896125793,1.7725881338119507,0.6228663430912704
17,10.47502613067627,0.37507376074790955,1.7847864627838135,0.626326355098441
17,10.50307559967041,0.37592262029647827,1.797007441520691,0.6295061415905248
17,10.531146049499512,0.37671181559562683,1.809212565422058,0.632372441873498
17,10.559225082397461,0.3774443566799164,1.8213986158370972,0.6349679418704336
17,10.58731460571289,0.3781229257583618,1.8335647583007812,0.6372460781337619
17,10.6154146194458,0.3787514269351959,1.845711588859558,0.6392259946839959
17,10.643523216247559,0.37933510541915894,1.8578376770019531,0.6409209457307868
17,10.67164134979248,0.37987884879112244,1.869943618774414,0.6423109833393849
17,10.699769020080566,0.38038763403892517,1.8820284605026245,0.6434587572410901
17,10.727907180786133,0.38086724281311035,1.8940927982330322,0.644284445052131
17,10.74229907989502,0.3811023235321045,1.9002535343170166,0.6446138987281319
18,1.126841425895691,-0.13068214058876038,0.759443998336792,0.9791330180416289
18,1.248026967048645,-0.1306009739637375,0.7733611464500427,0.9758468433829938
18,1.3694268465042114,-0.13052473962306976,0.7852286696434021,0.9731314368583156
18,1.4914648532867432,-0.13046236336231232,0.7936624884605408,0.9713428917745167
18,1.613844633102417,-0.13043229281902313,0.7970734238624573,0.9707227288340713
18,1.7362542152404785,-0.1304401010274887,0.7949797511100769,0.9743507723086895
18,1.8584768772125244,-0.13048486411571503,0.7875080704689026,0.9805925077744894
18,1.980403184890747,-0.1305602639913559,0.776077926158905,0.9934905769406946
18,2.0527706146240234,-0.1306164711713791,0.7679395079612732,1.0016971798666987
18,2.1743438243865967,-0.1307504028081894,0.753193736076355,1.0196070091812703
18,2.2640719413757324,-0.13089025020599365,0.7419726252555847,1.034093501798296
18,2.385618209838867,-0.13115611672401428,0.7270089387893677,1.0581660671767579
18,2.480210542678833,-0.13142900168895721,0.7158666849136353,1.0801841696163157
18,2.6019585132598877,-0.13181550800800323,0.7028427124023438,1.1157373791601959
18,2.723888874053955,-0.1321886032819748,0.6916608810424805,1.1636839226739026
18,2.846014976501465,-0.1324070245027542,0.6828737258911133,1.219725779595088
18,2.9682366847991943,-0.13243451714515686,0.675499439239502,1.3044977674548746
18,3.090454339981079,-0.13225503265857697,0.6680777668952942,1.3954974420450388
18,3.212292432785034,-0.13193517923355103,0.6560288667678833,1.499432533413215
18,3.3332340717315674,-0.13147036731243134,0.6371504068374634,1.582703245444511
18,3.4517617225646973,-0.1307269185781479,0.6068209409713745,1.6439421401534826
18,3.5672645568847656,-0.12927885353565216,0.5664180517196655,1.6480221620294746
18,3.679690361022949,-0.12693457305431366,0.5181159973144531,1.6584651045440821
18,3.7927491664886475,-0.1252591460943222,0.47151803970336914,1.671004940025451
18,3.908921957015991,-0.12583543360233307,0.4334869086742401,1.7418333995415172
18,4.03127384185791,-0.1305304616689682,0.41253936290740967,1.8676929561117361
18,4.080707550048828,-0.13339188694953918,0.4091034531593323,1.9095819104442198
18,4.204594612121582,-0.14152014255523682,0.4083046019077301,1.9843424660779887
18,4.2457475662231445,-0.1444181203842163,0.40998557209968567,2.00464387254201
18,4.321262836456299,-0.14931726455688477,0.4138055741786957,1.993191391689501
18,4.444485664367676,-0.15504877269268036,0.41918304562568665,1.9821680006102416
18,4.567876815795898,-0.15721042454242706,0.423003613948822,1.960767086908018
18,4.604095935821533,-0.15703177452087402,0.4238350987434387,1.955849562440767
18,4.623063087463379,-0.1568034291267395,0.4242284297943115,1.9514237322885026
18,4.642257213592529,-0.15647606551647186,0.4246859550476074,1.9483654483452095
18,4.754033088684082,-0.15278808772563934,0.4291187822818756,1.9309058473932679
18,4.769992828369141,-0.15201687812805176,0.43001270294189453,1.9286451108076201
18,4.778668403625488,-0.1515742689371109,0.4305458068847656,1.9241076158744468
18,4.833314418792725,-0.14850011467933655,0.43490687012672424,1.9034684558162913
18,4.891211986541748,-0.14475663006305695,0.4414869248867035,1.8866133227303064
18,4.986232757568359,-0.13797365128993988,0.4570329785346985,1.822083239424998
18,5.08250617980957,-0.1310916244983673,0.47922930121421814,1.7242993384153775
18,5.1758341789245605,-0.12541480362415314,0.5053859949111938,1.614298512925927
18,5.269335746765137,-0.12114084511995316,0.533689022064209,1.4979210060133936
18,5.36297082901001,-0.1182708665728569,0.561722993850708,1.3980919453171154
18,5.458150386810303,-0.11657043546438217,0.5877159237861633,1.3145745277340335
18,5.554664134979248,-0.11566853523254395,0.6103115081787109,1.2463481224293274
18,5.65194845199585,-0.11527233570814133,0.6293382048606873,1.192360582818556
18,5.750433921813965,-0.11517857760190964,0.6452703475952148,1.1544041124959041
18,5.836193561553955,-0.1152433231472969,0.6568800210952759,1.1263585834459249
18,5.913985252380371,-0.11536597460508347,0.6659402847290039,1.1033122062629195
18,6.010239124298096,-0.11556738615036011,0.675446093082428,1.0785848566396923
18,6.106646537780762,-0.1157987117767334,0.683242917060852,1.0567007029536304
18,6.200964450836182,-0.1160385012626648,0.6893067955970764,1.0372694740354205
18,6.292907238006592,-0.1162860244512558,0.6937547326087952,1.0197658688433402
18,6.3834309577941895,-0.1165548637509346,0.696719229221344,1.0036681296164216
18,6.4727959632873535,-0.11686038225889206,0.6982439756393433,0.9893566930510925
18,6.562173366546631,-0.11722573637962341,0.6983140707015991,0.9764982491404518
18,6.65176248550415,-0.11767561733722687,0.6968247890472412,0.9654978870707144
18,6.747735977172852,-0.11827373504638672,0.6932993531227112,0.9541714985810765
18,6.772279739379883,-0.1184469610452652,0.6920492053031921,0.9513329216160573
18,6.795082092285156,-0.11861542612314224,0.6907563805580139,0.9488203844131554
18,6.817750930786133,-0.11879061907529831,0.6893436908721924,0.9463970809717787
18,6.8403449058532715,-0.11897387355566025,0.6878069043159485,0.9440401126224024
18,6.862899303436279,-0.11916667222976685,0.686142086982727,0.9417508439607858
18,6.88543176651001,-0.1193704903125763,0.684345543384552,0.9395303058399277
18,6.907949924468994,-0.1195867657661438,0.6824140548706055,0.9373708622344981
18,6.930454254150391,-0.1198168620467186,0.6803444623947144,0.9352636897757318
18,6.952945709228516,-0.12006207555532455,0.6781339049339294,0.9331914546020815
18,6.975421905517578,-0.12032369524240494,0.6757793426513672,0.9311370681968445
18,6.997881889343262,-0.12060301750898361,0.6732780337333679,0.9290849075355527
18,7.02032470703125,-0.12090151011943817,0.6706269383430481,0.9270130240299572
18,7.042748928070068,-0.12122074514627457,0.6678233742713928,0.9248831185416804
18,7.065152168273926,-0.12156254053115845,0.664864718914032,0.9227060896565288
18,7.087534427642822,-0.12192918360233307,0.6617484092712402,0.920465773730535
18,7.109892845153809,-0.12232333421707153,0.6584721207618713,0.9181450981892966
18,7.132226467132568,-0.1227482333779335,0.6550336480140686,0.9157261052463783
18,7.154533386230469,-0.12320778518915176,0.6514310240745544,0.9131808889682561
18,7.176812171936035,-0.12370650470256805,0.6476624608039856,0.9104750262192441
18,7.199060916900635,-0.12424971908330917,0.6437262892723083,0.9075906349314575
18,7.221277236938477,-0.12484348565340042,0.6396210789680481,0.9044922472877628
18,7.243460655212402,-0.12549486756324768,0.635345458984375,0.90113629196239
18,7.265607833862305,-0.12621153891086578,0.6308982968330383,0.897467566063677
18,7.287717342376709,-0.12700174748897552,0.6262778639793396,0.8934273670450731
18,7.309785842895508,-0.12787476181983948,0.6214815974235535,0.8889775494117422
18,7.33181095123291,-0.12884271144866943,0.6165065169334412,0.8840530364933543
18,7.35378885269165,-0.12992224097251892,0.6113490462303162,0.8785550084237973
18,7.375714302062988,-0.13113200664520264,0.6060022115707397,0.8723626579456629
18,7.397581577301025,-0.13248957693576813,0.6004538536071777,0.8656095579642346
18,7.419380187988281,-0.13400733470916748,0.5946843028068542,0.8584094367592395
18,7.441100120544434,-0.135687917470932,0.5886663198471069,0.851161672473901
18,7.462729454040527,-0.13751915097236633,0.5823724865913391,0.8438774948716623
18,7.484264850616455,-0.13947449624538422,0.575799822807312,0.8367222411642459
18,7.505720615386963,-0.1415162980556488,0.5689896941184998,0.8301061067458556
18,7.527129173278809,-0.14361998438835144,0.5620298385620117,0.8245947006125098
18,7.5485429763793945,-0.1457958072423935,0.5550479292869568,0.8224213271439195
18,7.5699896812438965,-0.14810527861118317,0.5482127070426941,0.8242129480142139
18,7.591551303863525,-0.1506834626197815,0.5417082905769348,0.8318513391662898
18,7.613230228424072,-0.1536947637796402,0.5357633829116821,0.8473497518789066
18,7.6350579261779785,-0.1572510451078415,0.530527651309967,0.8718757933335843
18,7.6569647789001465,-0.16125760972499847,0.525992214679718,0.9039834706915681
18,7.678981304168701,-0.1654466986656189,0.52197265625,0.9394628833577622
18,7.701065540313721,-0.1694706678390503,0.5182725787162781,0.9733909639528268
18,7.72316837310791,-0.17301149666309357,0.5147424340248108,1.0016476154041993
18,7.745234489440918,-0.1759079247713089,0.5112944841384888,1.0202033502566892
18,7.767429351806641,-0.1781744807958603,0.507847011089325,1.0289608960877366
18,7.789648056030273,-0.1798788458108902,0.5043882727622986,1.0299616220907029
18,7.811940670013428,-0.18114739656448364,0.5009060502052307,1.0267501899396436
18,7.8343000411987305,-0.18208713829517365,0.4974176585674286,1.021846627705817
18,7.856703758239746,-0.18276214599609375,0.49395373463630676,1.016453438870406
18,7.879123687744141,-0.18321610987186432,0.4905504882335663,1.0108866545649011
18,7.901556015014648,-0.1834922581911087,0.4872412383556366,1.0052287179905772
18,7.923987865447998,-0.1836371272802353,0.48405781388282776,0.9997482233976912
18,7.946417331695557,-0.1836981177330017,0.4810261130332947,0.9947988216721504
18,7.968850612640381,-0.18371550738811493,0.4781634211540222,0.9906500397079232
18,7.991306304931641,-0.18372215330600739,0.4754781723022461,0.9873425606771059
18,8.013773918151855,-0.18374335765838623,0.4729742109775543,0.9848083844443355
18,8.036255836486816,-0.18379759788513184,0.47064638137817383,0.9829517448628863
18,8.05875301361084,-0.18389758467674255,0.46848398447036743,0.9816527385608369
18,8.081263542175293,-0.18405002355575562,0.4664738178253174,0.9807879951688968
18,8.103785514831543,-0.1842575967311859,0.4646025002002716,0.9802463865509891
18,8.126317977905273,-0.1845199018716812,0.4628584384918213,0.9799377838342035
18,8.148857116699219,-0.1848347783088684,0.4612334668636322,0.9797940822994095
18,8.171404838562012,-0.18519899249076843,0.4597230553627014,0.9797657323846559
18,8.193958282470703,-0.18560908734798431,0.45832616090774536,0.979816849943095
18,8.21651840209961,-0.18606184422969818,0.4570446312427521,0.9799188583508065
18,8.239084243774414,-0.186554417014122,0.45588237047195435,0.9800517075550619
18,8.2616548538208,-0.18708442151546478,0.4548444151878357,0.9801930769246223
18,8.28423023223877,-0.18764981627464294,0.45393651723861694,0.9803163989341838
18,8.30681037902832,-0.18824881315231323,0.45316413044929504,0.9803911249759678
18,8.32939338684082,-0.1888798624277115,0.4525319039821625,0.9803842243349766
18,8.351978302001953,-0.18954144418239594,0.45204344391822815,0.980262943757995
18,8.374567031860352,-0.1902320235967636,0.451701283454895,0.9799983898512974
18,8.397153854370117,-0.19094987213611603,0.4515070617198944,0.9795671954041746
18,8.419732093811035,-0.19169306755065918,0.45146164298057556,0.9789516554465997
18,8.442281723022461,-0.1924590766429901,0.451565146446228,0.978112917271164
18,8.464828491210938,-0.1932470053434372,0.45181748270988464,0.9770778466393046
18,8.487351417541504,-0.19405414164066315,0.4522182047367096,0.975857194800733
18,8.509843826293945,-0.19487830996513367,0.45276665687561035,0.9744630475134275
18,8.532299041748047,-0.19571736454963684,0.4534621238708496,0.9729023586688452
18,8.554672241210938,-0.1965678483247757,0.4543023109436035,0.9711929652976248
18,8.57701587677002,-0.1974300742149353,0.4552876651287079,0.9693395121522445
18,8.599374771118164,-0.19830435514450073,0.4564197361469269,0.967335268378428
18,8.62168025970459,-0.19918666779994965,0.4576942026615143,0.9651855555128863
18,8.643925666809082,-0.20007552206516266,0.45910879969596863,0.9628760289647679
18,8.666098594665527,-0.20096923410892487,0.46066123247146606,0.9603055574213647
18,8.688200950622559,-0.20186689496040344,0.4623495638370514,0.9575171811529901
18,8.710182189941406,-0.20276568830013275,0.46416670083999634,0.9545656290732726
18,8.732083320617676,-0.20366613566875458,0.4661119282245636,0.9514527093451003
18,8.753899574279785,-0.20456694066524506,0.46818122267723083,0.9481847324624539
18,8.775629043579102,-0.20546682178974152,0.47037047147750854,0.9447731022118862
18,8.797293663024902,-0.2063654512166977,0.4726783037185669,0.9412291877013745
18,8.8189058303833,-0.20726200938224792,0.4751026928424835,0.937569958505733
18,8.840462684631348,-0.20815497636795044,0.4776400029659271,0.93381761307118
18,8.861959457397461,-0.20904284715652466,0.4802866578102112,0.9299114336342975
18,8.883443832397461,-0.20992667973041534,0.4830457270145416,0.9258644956362787
18,8.904863357543945,-0.21080289781093597,0.4859074354171753,0.921776777268837
18,8.926215171813965,-0.21166980266571045,0.4888676106929779,0.9176724556051903
18,8.947502136230469,-0.21252582967281342,0.4919224679470062,0.9135736286476064
18,8.968779563903809,-0.21337154507637024,0.4950762987136841,0.90948965623907
18,8.990056991577148,-0.21420559287071228,0.4983270466327667,0.9054370716507009
18,9.011336326599121,-0.2150261253118515,0.501670777797699,0.9014327822855418
18,9.032617568969727,-0.21583126485347748,0.5051032900810242,0.8974652861730753
18,9.053962707519531,-0.21662196516990662,0.508630633354187,0.8934032619728615
18,9.075309753417969,-0.2173941433429718,0.512238085269928,0.8894269424510599
18,9.096658706665039,-0.2181456983089447,0.5159200429916382,0.8855502410745296
18,9.118011474609375,-0.21887457370758057,0.5196709036827087,0.881789853311614
18,9.13938045501709,-0.2195790857076645,0.5234871506690979,0.8781617064489448
18,9.160755157470703,-0.22025665640830994,0.5273599624633789,0.8746733435149037
18,9.182133674621582,-0.22090521454811096,0.5312827825546265,0.8713350732335925
18,9.203519821166992,-0.2215227335691452,0.535248875617981,0.8681561035793984
18,9.2249116897583,-0.22210727632045746,0.5392512679100037,0.8651445987553903
18,9.24631118774414,-0.2226569801568985,0.5432825684547424,0.8623078469233616
18,9.267718315124512,-0.2231701761484146,0.547335684299469,0.859590956046188
18,9.289190292358398,-0.22364675998687744,0.5514137744903564,0.8570113748228553
18,9.3106689453125,-0.2240837961435318,0.5554985404014587,0.8546309361501644
18,9.332154273986816,-0.22447989881038666,0.5595827698707581,0.8524532681429741
18,9.353647232055664,-0.22483386099338531,0.5636594891548157,0.8504810279876243
18,9.375146865844727,-0.225144624710083,0.5677218437194824,0.8487175616693988
18,9.396612167358398,-0.2254108488559723,0.571755588054657,0.8471744998016981
18,9.41808795928955,-0.2256324589252472,0.5757632851600647,0.8458535231987491
18,9.439570426940918,-0.22580881416797638,0.5797387957572937,0.8447398058204794
18,9.4610595703125,-0.22593942284584045,0.5836771726608276,0.8438324607641519
18,9.48255443572998,-0.22602391242980957,0.5875739455223083,0.8431301275344979
18,9.50405502319336,-0.22606202960014343,0.5914249420166016,0.842630662911271
18,9.525559425354004,-0.22605358064174652,0.5952267646789551,0.8423311445940812
18,9.547066688537598,-0.22599852085113525,0.598976194858551,0.842227970216406
18,9.56857681274414,-0.22589688003063202,0.6026706099510193,0.8423113235127911
18,9.590107917785645,-0.22574861347675323,0.6063108444213867,0.8424879263112536
18,9.611637115478516,-0.22555401921272278,0.6098915934562683,0.8428454014109102
18,9.633164405822754,-0.22531338036060333,0.6134111881256104,0.8433769116610234
18,9.654687881469727,-0.22502705454826355,0.6168684959411621,0.8440746861126331
18,9.676207542419434,-0.22469554841518402,0.6202625632286072,0.8449352944928397
18,9.697732925415039,-0.2243192046880722,0.6235945224761963,0.8459465200195833
18,9.71925163269043,-0.22389890253543854,0.6268618106842041,0.8470981584965752
18,9.740760803222656,-0.2234353870153427,0.6300641894340515,0.848380688651943
18,9.762260437011719,-0.222929447889328,0.6332017779350281,0.8497847708987181
18,9.7837495803833,-0.22238191962242126,0.6362749338150024,0.8513016230411954
18,9.805228233337402,-0.2217937409877777,0.6392839550971985,0.8529227495915199
18,9.826695442199707,-0.2211657017469406,0.6422295570373535,0.8545441867147344
18,9.848154067993164,-0.2204984426498413,0.645112931728363,0.8562385100627858
18,9.869619369506836,-0.21979233622550964,0.6479371190071106,0.8580204142229202
18,9.891079902648926,-0.2190486192703247,0.6507014632225037,0.8598777471748874
18,9.912546157836914,-0.2182677537202835,0.6534082889556885,0.8618033494577355
18,9.934019088745117,-0.21745064854621887,0.6560587286949158,0.863789984139466
18,9.955496788024902,-0.21659818291664124,0.658653736114502,0.8658310923649457
18,9.97697925567627,-0.21571125090122223,0.6611946821212769,0.8679203665204824
18,9.998466491699219,-0.21479077637195587,0.6636826992034912,0.87005348952828
18,10.01995849609375,-0.21383756399154663,0.6661191582679749,0.8721837072896832
18,10.041454315185547,-0.21285216510295868,0.6685053110122681,0.8742983294292049
18,10.062954902648926,-0.21183539927005768,0.6708425879478455,0.8764399448836592
18,10.084458351135254,-0.21078816056251526,0.6731324195861816,0.878603989353481
18,10.105965614318848,-0.20971135795116425,0.6753763556480408,0.8807864202998993
18,10.12747573852539,-0.20860587060451508,0.6775757670402527,0.8829844114383048
18,10.148995399475098,-0.20747223496437073,0.6797329783439636,0.8851979354170947
18,10.17051887512207,-0.20631162822246552,0.6818486452102661,0.8874316525054067
18,10.192113876342773,-0.2051209658384323,0.6839308142662048,0.8896927799721286
18,10.214034080505371,-0.20388661324977875,0.6860042214393616,0.8919942459082665
18,10.236856460571289,-0.20257504284381866,0.6881221532821655,0.8943834218367274
18,10.261385917663574,-0.20113718509674072,0.6903548836708069,0.8969124334282385
18,10.285918235778809,-0.19967126846313477,0.6925453543663025,0.8993384703467532
18,10.312675476074219,-0.1980426013469696,0.6948896646499634,0.9019734691613157
18,10.341404914855957,-0.19626174867153168,0.6973592042922974,0.9047677567073166
18,10.370137214660645,-0.1944492608308792,0.6997827291488647,0.9075455626139514
18,10.400036811828613,-0.19253215193748474,0.7022609710693359,0.910435490066237
18,10.429938316345215,-0.19058527052402496,0.704698920249939,0.9132906118901702
18,10.460283279418945,-0.18858115375041962,0.7071362733840942,0.9161855113795935
18,10.490728378295898,-0.18654417991638184,0.7095504403114319,0.9190669003765315
18,10.521174430847168,-0.18448254466056824,0.7119373679161072,0.9219161038653194
18,10.551630020141602,-0.1823980212211609,0.7143043279647827,0.9247622307994253
18,10.582085609436035,-0.18029308319091797,0.7166557312011719,0.9275037326326405
18,10.612541198730469,-0.1781689077615738,0.7189962267875671,0.9302140732680695
18,10.64299488067627,-0.17602768540382385,0.7213326096534729,0.9329004114083439
18,10.673447608947754,-0.1738709658384323,0.7236689329147339,0.9355356668477345
18,10.703899383544922,-0.17170092463493347,0.7260116338729858,0.9381576644937486
18,10.734349250793457,-0.16951927542686462,0.7283665537834167,0.9407238348280731
18,10.76479721069336,-0.16732729971408844,0.7307379245758057,0.9432702637165201
18,10.795242309570312,-0.16512663662433624,0.7331321239471436,0.9457974115282993
18,10.825685501098633,-0.16291852295398712,0.735552966594696,0.9482626488424627
18,10.856125831604004,-0.16070449352264404,0.738005518913269,0.9507260615151107
18,10.886561393737793,-0.1584862768650055,0.7404941916465759,0.953115577081726
18,10.916994094848633,-0.1562645435333252,0.7430217862129211,0.9554053791171886
18,10.947423934936523,-0.15404093265533447,0.7455923557281494,0.9576798151288997
18,10.977849960327148,-0.1518169343471527,0.7482079267501831,0.9598743242970071
18,11.008271217346191,-0.14959420263767242,0.7508706450462341,0.9620595990238319
18,11.038688659667969,-0.14737489819526672,0.7535826563835144,0.9641669718049418
18,11.06910228729248,-0.14516042172908783,0.7563449144363403,0.9662238168842809
18,11.09951114654541,-0.142952561378479,0.7591589093208313,0.9682741283823116
18,11.129916191101074,-0.1407526582479477,0.7620252966880798,0.9702083675507855
18,11.16031551361084,-0.13856200873851776,0.7649447321891785,0.9721341108343806
18,11.190711975097656,-0.13638171553611755,0.7679174542427063,0.9738712010837955
18,11.22110366821289,-0.1342124342918396,0.770943284034729,0.9755187632978259
18,11.251493453979492,-0.13205592334270477,0.7740212082862854,0.9771484546778442
18,11.281886100769043,-0.12991350889205933,0.7771496176719666,0.9786375857874038
18,11.312274932861328,-0.12778735160827637,0.780325710773468,0.9800982144716248
18,11.34268569946289,-0.12567828595638275,0.7835475206375122,0.9814916838034374
18,11.373093605041504,-0.12358963489532471,0.7868093848228455,0.9827657251970736
18,11.403563499450684,-0.1215197965502739,0.7901124358177185,0.9840094632592288
18,11.434171676635742,-0.11946582049131393,0.7934592366218567,0.9849293557588021
18,11.464778900146484,-0.11743853986263275,0.7968299984931946,0.9857886475673219
18,11.495635032653809,-0.11542338877916336,0.8002442717552185,0.986564402096673
18,11.52649211883545,-0.11343733966350555,0.8036691546440125,0.9871639187599575
18,11.56261920928955,-0.11114988476037979,0.807680606842041,0.9875724711852997
18,11.628089904785156,-0.10711655765771866,0.8149139285087585,0.9876768840567166
18,11.693577766418457,-0.10322508960962296,0.8220691084861755,0.9875537928496485
18,11.764897346496582,-0.09916245192289352,0.8297017812728882,0.9868074792658447
18,11.893887519836426,-0.09240452200174332,0.8428003787994385,0.9840328586368853
18,12.023018836975098,-0.08629067242145538,0.8547794222831726,0.9786499104763505
18,12.144319534301758,-0.08096006512641907,0.864680290222168,0.972653777212291
18,12.265746116638184,-0.07581959664821625,0.8729967474937439,0.9629040275397404
18,12.387289047241211,-0.07064186036586761,0.8793759346008301,0.9518789082378631
18,12.509451866149902,-0.06520647555589676,0.8832586407661438,0.9382630394833371
18,12.631657600402832,-0.059442367404699326,0.8841445446014404,0.9220016580077549
18,12.753898620605469,-0.053311944007873535,0.8813455700874329,0.9048727345421286
18,12.806361198425293,-0.05056925117969513,0.8789761066436768,0.8946085032551729
19,0.09258799254894257,-1.4381572008132935,3.124850273132324,1.0001096010868504
19,0.1965201497077942,-1.4381674528121948,3.125526189804077,1.0003243138543214
19,0.30308350920677185,-1.4381818771362305,3.126662015914917,1.0007176871560968
19,0.4096394181251526,-1.4382015466690063,3.12835431098938,1.0014893734192034
19,0.5204628109931946,-1.4382288455963135,3.1307780742645264,1.0026678629964159
19,0.6357287764549255,-1.4382681846618652,3.1338980197906494,1.0045315928464307
19,0.7509818077087402,-1.4383196830749512,3.137467861175537,1.0067571834647342
19,0.8662303686141968,-1.4383827447891235,3.14117693901062,1.009082984283255
19,0.987083911895752,-1.4384605884552002,3.144888401031494,1.0114374179554657
19,1.0780229568481445,-1.4385268688201904,3.1474053859710693,1.0131551549665587
19,1.1999315023422241,-1.4386307001113892,3.149996757507324,1.0153228382996249
19,1.3218586444854736,-1.438754916191101,3.1514461040496826,1.0169270590468966
19,1.4441856145858765,-1.4389084577560425,3.1512813568115234,1.0182652888549948
19,1.5664962530136108,-1.4390969276428223,3.1493067741394043,1.0181115687998403
19,1.6888753175735474,-1.4393266439437866,3.1453640460968018,1.017449862266522
19,1.8112071752548218,-1.4396024942398071,3.1395795345306396,1.0155071652580545
19,1.9334473609924316,-1.439926266670227,3.132098436355591,1.012291867189387
19,2.055603504180908,-1.4402985572814941,3.1232950687408447,1.008436551191316
19,2.177682399749756,-1.4407180547714233,3.113471746444702,1.003107518728889
19,2.2828850746154785,-1.4411168098449707,3.10438871383667,0.9982633303524042
19,2.4048643112182617,-1.441622257232666,3.0933969020843506,0.9919437050827928
19,2.5268099308013916,-1.4421747922897339,3.082040786743164,0.9851584309426725
19,2.648738145828247,-1.44277822971344,3.070502996444702,0.9780567006548501
19,2.7706592082977295,-1.443437099456787,3.0588903427124023,0.9704019445556499
19,2.892583131790161,-1.4441570043563843,3.0473127365112305,0.9625407470479469
19,3.014522075653076,-1.4449456930160522,3.0358994007110596,0.954381873926176
19,3.1364834308624268,-1.445809245109558,3.0247323513031006,0.9460431768511146
19,3.258478879928589,-1.446757197380066,3.013953924179077,0.9375588056863435
19,3.3805184364318848,-1.4477992057800293,3.0036959648132324,0.9291119462268703
19,3.5026097297668457,-1.4489445686340332,2.9940850734710693,0.9207867052325734
19,3.624762535095215,-1.4502077102661133,2.985306978225708,0.9126867657138108
19,3.746979236602783,-1.451600193977356,2.9774982929229736,0.9053197065529848
19,3.8692426681518555,-1.4531382322311401,2.970843553543091,0.898411076321427
19,3.991349458694458,-1.4548368453979492,2.9655165672302246,0.8928543153903545
19,4.1135077476501465,-1.4567129611968994,2.9616281986236572,0.8884589610878465
19,4.234610080718994,-1.4587678909301758,2.959324359893799,0.8852315916821193
19,4.355728626251221,-1.4610334634780884,2.958625078201294,0.8840991965319823
19,4.4735941886901855,-1.4634580612182617,2.9595255851745605,0.884056313236279
19,4.585094928741455,-1.4659719467163086,2.9618093967437744,0.8854031166534736
19,4.696553707122803,-1.4687150716781616,2.9654603004455566,0.8880905889657598
19,4.799493789672852,-1.4714739322662354,2.9700067043304443,0.8914192376714312
19,4.894499778747559,-1.4742310047149658,2.9751553535461426,0.8952353230119916
19,4.984269142150879,-1.4770387411117554,2.9808077812194824,0.8995027113478753
19,5.0739850997924805,-1.480056643486023,2.9871628284454346,0.9042066693178434
19,5.161221027374268,-1.4832096099853516,2.9939563274383545,0.909077402092282
19,5.247623443603516,-1.4865624904632568,3.0012192726135254,0.9141124424392423
19,5.333820343017578,-1.4901541471481323,3.008941888809204,0.9192827455147838
19,5.419951915740967,-1.4940115213394165,3.01708984375,0.9245499635903093
19,5.506032943725586,-1.4981578588485718,3.025627851486206,0.9298848284115102
19,5.5920610427856445,-1.5026174783706665,3.03452730178833,0.9352749837707397
19,5.678035736083984,-1.5074135065078735,3.043766736984253,0.9407391761865583
19,5.763953685760498,-1.5125683546066284,3.0533292293548584,0.9463206525621347
19,5.8498125076293945,-1.5181058645248413,3.063201665878296,0.952071244825248
19,5.935605525970459,-1.5240472555160522,3.0733768939971924,0.9580774226136992
19,6.02131986618042,-1.5304120779037476,3.0838496685028076,0.9644451542678075
19,6.106930732727051,-1.5372148752212524,3.094616413116455,0.9712955161689075
19,6.192434310913086,-1.5444645881652832,3.105672836303711,0.9788785393194305
19,6.277862071990967,-1.5521576404571533,3.1170132160186768,0.9871356734046149
19,6.363053798675537,-1.5602545738220215,3.1286025047302246,0.9961454326232955
19,6.448175430297852,-1.5687388181686401,3.1404292583465576,1.0063624767643964
19,6.496450424194336,-1.5736947059631348,3.1472055912017822,1.0128823227192278
19,6.518248558044434,-1.5759594440460205,3.150275945663452,1.0157289279032702
19,6.539830684661865,-1.578216314315796,3.153320789337158,1.0185980602894915
19,6.561446189880371,-1.5804898738861084,3.1563735008239746,1.0215281227269382
19,6.583146572113037,-1.5827836990356445,3.1594398021698,1.0245188783102481
19,6.604946613311768,-1.5850982666015625,3.162519931793213,1.027565802896866
19,6.626851558685303,-1.5874325037002563,3.1656131744384766,1.0306650731255573
19,6.648703575134277,-1.5897681713104248,3.1686952114105225,1.0337946015095363
19,6.670555591583252,-1.5921096801757812,3.171771764755249,1.0369563461247089
19,6.692508220672607,-1.594466209411621,3.1748554706573486,1.0401577094526437
19,6.71455717086792,-1.596835732460022,3.1779439449310303,1.0433936609598478
19,6.736698627471924,-1.5992162227630615,3.181034564971924,1.0466583238263891
19,6.758927822113037,-1.6016056537628174,3.1841249465942383,1.0499463351118687
19,6.780991077423096,-1.6039748191833496,3.187178373336792,1.0532144348489167
19,6.803133487701416,-1.6063487529754639,3.1902267932891846,1.0564929228180675
19,6.825350761413574,-1.6087253093719482,3.193268060684204,1.059774514815451
19,6.847415924072266,-1.6110790967941284,3.1962687969207764,1.063021415106239
19,6.8695526123046875,-1.61343252658844,3.1992580890655518,1.0662636408587456
19,6.891757011413574,-1.6157838106155396,3.2022335529327393,1.06947862761208
19,6.914109706878662,-1.6181397438049316,3.2052040100097656,1.0726873742102365
19,6.9364705085754395,-1.6204843521118164,3.20814847946167,1.0758696404582453
19,6.958886623382568,-1.62282133102417,3.211071491241455,1.0790148557196444
19,6.981354236602783,-1.625148892402649,3.2139713764190674,1.0821202387447644
19,7.003626823425293,-1.6274408102035522,3.2168145179748535,1.0851526351933556
19,7.025789737701416,-1.629705548286438,3.219611644744873,1.0881139378304996
19,7.0479583740234375,-1.6319541931152344,3.2223763465881348,1.091018645651627
19,7.070167064666748,-1.6341897249221802,3.225111246109009,1.093868258898439
19,7.092411994934082,-1.6364108324050903,3.2278146743774414,1.0966590047476223
19,7.114688396453857,-1.6386168003082275,3.230485200881958,1.0993878528285297
19,7.136992454528809,-1.6408069133758545,3.2331204414367676,1.102051918151041
19,7.159321308135986,-1.6429804563522339,3.235719680786133,1.104648927750502
19,7.181670188903809,-1.6451371908187866,3.238281011581421,1.1071770941656744
19,7.204036235809326,-1.647276759147644,3.2408034801483154,1.1096356018458429
19,7.226266384124756,-1.6493850946426392,3.243269443511963,1.1120057813558142
19,7.2485032081604,-1.651476263999939,3.245694637298584,1.1143017123876502
19,7.2705254554748535,-1.6535300016403198,3.2480549812316895,1.1165097485252493
19,7.292555332183838,-1.65556800365448,3.2503743171691895,1.1186368242050369
19,7.314685344696045,-1.6575992107391357,3.252662420272827,1.1207028702399446
19,7.336798191070557,-1.6596137285232544,3.254906415939331,1.1227051239216024
19,7.358811378479004,-1.6616047620773315,3.2570979595184326,1.1246372588867424
19,7.380732536315918,-1.66357421875,3.2592387199401855,1.1264974075347143
19,7.4027252197265625,-1.665537714958191,3.2613446712493896,1.1282902065048375
19,7.424712657928467,-1.6674896478652954,3.26340913772583,1.1300270155276433
19,7.446704864501953,-1.6694316864013672,3.265432834625244,1.1317064265460681
19,7.468548774719238,-1.6713517904281616,3.2674033641815186,1.133329388059163
19,7.490381717681885,-1.6732630729675293,3.269334077835083,1.1349098631718784
19,7.512200355529785,-1.6751666069030762,3.271225690841675,1.1364537676296707
19,7.533806800842285,-1.6770459413528442,3.2730624675750732,1.1379506413448344
19,7.555399417877197,-1.6789191961288452,3.274862766265869,1.1394241166614574
19,7.576976776123047,-1.6807870864868164,3.276627779006958,1.1408805691158639
19,7.598538875579834,-1.6826502084732056,3.2783584594726562,1.142324798574522
19,7.6201043128967285,-1.6845104694366455,3.2800567150115967,1.143764848152841
19,7.641655445098877,-1.686366319656372,3.281722068786621,1.145206578121983
19,7.663193225860596,-1.6882182359695435,3.2833549976348877,1.1466546078315507
19,7.684720516204834,-1.690065860748291,3.284956455230713,1.148113711731273
19,7.706240653991699,-1.6919091939926147,3.2865264415740967,1.1495879295213631
19,7.727758884429932,-1.693747878074646,3.288064956665039,1.1510806144200152
19,7.749279022216797,-1.6955815553665161,3.28957200050354,1.1525941595980216
19,7.7708024978637695,-1.6974090337753296,3.291046619415283,1.1541326145836086
19,7.792328357696533,-1.6992292404174805,3.292487859725952,1.1556874724272623
19,7.813857078552246,-1.7010406255722046,3.2938945293426514,1.157244038412328
19,7.835389137268066,-1.7028417587280273,3.2952654361724854,1.158794172494837
19,7.856924533843994,-1.7046306133270264,3.2965986728668213,1.1603306674117702
19,7.878463268280029,-1.7064056396484375,3.2978930473327637,1.1618387247666606
19,7.90000581741333,-1.7081648111343384,3.299146890640259,1.163301291737473
19,7.921552658081055,-1.7099061012268066,3.300359010696411,1.1646803217729784
19,7.943102836608887,-1.711627721786499,3.301527738571167,1.1659627568479587
19,7.964657306671143,-1.7133280038833618,3.30265212059021,1.1671282828184881
19,7.986215591430664,-1.7150055170059204,3.3037314414978027,1.168160386951183
19,8.00777816772461,-1.7166595458984375,3.3047661781311035,1.1690487573662498
19,8.02934455871582,-1.7182896137237549,3.3057572841644287,1.169792934583322
19,8.050914764404297,-1.7198963165283203,3.306706428527832,1.1704056653352541
19,8.072488784790039,-1.7214802503585815,3.3076164722442627,1.1708997736981301
19,8.094064712524414,-1.723042368888855,3.3084895610809326,1.171320409477813
19,8.115644454956055,-1.7245835065841675,3.3093273639678955,1.1716961308214948
19,8.137226104736328,-1.7261040210723877,3.3101308345794678,1.1720309238675177
19,8.158811569213867,-1.7276045083999634,3.3108997344970703,1.1723291493192174
19,8.180398941040039,-1.7290853261947632,3.311633586883545,1.1725925428306896
19,8.20198917388916,-1.7305468320846558,3.3123326301574707,1.172824791747105
19,8.223581314086914,-1.7319893836975098,3.3129966259002686,1.1730231412777838
19,8.245176315307617,-1.7334132194519043,3.3136253356933594,1.1731855054297942
19,8.266773223876953,-1.734818458557129,3.3142189979553223,1.173314469769683
19,8.288372039794922,-1.7362055778503418,3.314777374267578,1.1734080195218326
19,8.309972763061523,-1.7375746965408325,3.315300941467285,1.1734640873973627
19,8.331575393676758,-1.7389261722564697,3.3157901763916016,1.1734812960671048
19,8.353179931640625,-1.7402602434158325,3.3162453174591064,1.1734602938699068
19,8.374786376953125,-1.7415775060653687,3.316666841506958,1.1734014251326368
19,8.396394729614258,-1.7428783178329468,3.3170557022094727,1.1733013699098913
19,8.418004035949707,-1.744163155555725,3.3174121379852295,1.173173565114125
19,8.439615249633789,-1.745432734489441,3.317736864089966,1.1730237762526567
19,8.461227416992188,-1.7466875314712524,3.318030595779419,1.172857706243659
19,8.482840538024902,-1.7479280233383179,3.318293571472168,1.1726808807560576
19,8.504454612731934,-1.749154806137085,3.31852650642395,1.1724980788972497
19,8.526070594787598,-1.7503682374954224,3.3187291622161865,1.1723108291968585
19,8.547687530517578,-1.7515686750411987,3.3189022541046143,1.1721174401231964
19,8.569305419921875,-1.7527563571929932,3.3190455436706543,1.1719254086507005
19,8.590923309326172,-1.7539315223693848,3.3191592693328857,1.171735171359943
19,8.612542152404785,-1.7550944089889526,3.3192434310913086,1.1715453758973022
19,8.634161949157715,-1.7562450170516968,3.319298267364502,1.171354489957528
19,8.655782699584961,-1.7573833465576172,3.3193233013153076,1.1711609076472949
19,8.677404403686523,-1.758509635925293,3.319319009780884,1.1709625820516265
19,8.699026107788086,-1.7596238851547241,3.3192853927612305,1.170757269696058
19,8.720648765563965,-1.7607263326644897,3.3192222118377686,1.1705422901524707
19,8.742271423339844,-1.7618168592453003,3.3191299438476562,1.1703184570468164
19,8.763895034790039,-1.7628958225250244,3.3190083503723145,1.1700853063929106
19,8.785518646240234,-1.7639633417129517,3.3188579082489014,1.1698427164649183
19,8.80714225769043,-1.7650195360183716,3.318678617477417,1.1695909072221427
19,8.828766822814941,-1.7660646438598633,3.3184709548950195,1.1693300857847373
19,8.850391387939453,-1.7670989036560059,3.318234443664551,1.169060446930769
19,8.872015953063965,-1.7681225538253784,3.317970037460327,1.1687806951080104
19,8.893640518188477,-1.7691357135772705,3.3176772594451904,1.1684929599548757
19,8.915266036987305,-1.7701385021209717,3.317356586456299,1.168197522166444
19,8.936890602111816,-1.7711313962936401,3.3170080184936523,1.167894554597423
19,8.958516120910645,-1.7721141576766968,3.316632032394409,1.1675838759582118
19,8.980140686035156,-1.7730872631072998,3.316228151321411,1.1672650711145698
19,9.001765251159668,-1.7740507125854492,3.3157970905303955,1.166937850109429
19,9.02338981628418,-1.7750047445297241,3.315338611602783,1.1666003944518013
19,9.045014381408691,-1.7759493589401245,3.314852714538574,1.1662435045496669
19,9.066638946533203,-1.77688467502594,3.3143396377563477,1.1658750645749811
19,9.088263511657715,-1.77781081199646,3.3137996196746826,1.1654954315551496
19,9.10988712310791,-1.7787280082702637,3.313232421875,1.165103862666332
19,9.131510734558105,-1.7796361446380615,3.312638521194458,1.16469961601901
19,9.153133392333984,-1.7805355787277222,3.3120176792144775,1.164281949346311
19,9.174756050109863,-1.7814263105392456,3.3113698959350586,1.1638502394585388
19,9.196378707885742,-1.782308578491211,3.3106958866119385,1.1634008912593845
19,9.218000411987305,-1.7831823825836182,3.30999493598938,1.162936240954913
19,9.23962116241455,-1.7840478420257568,3.309267997741699,1.162455541698667
19,9.261241912841797,-1.784905195236206,3.308514356613159,1.1619583979614454
19,9.282861709594727,-1.7857545614242554,3.307734966278076,1.1614440546389468
19,9.304481506347656,-1.7865961790084839,3.306929349899292,1.1609122304134838
19,9.326099395751953,-1.7874300479888916,3.3060977458953857,1.1603621644703235
19,9.34771728515625,-1.7882564067840576,3.3052406311035156,1.159791046029159
19,9.369335174560547,-1.789075493812561,3.3043580055236816,1.159199414654342
19,9.390951156616211,-1.7898873090744019,3.303449869155884,1.1585881670412084
19,9.412566184997559,-1.7906922101974487,3.302516460418701,1.157956879449701
19,9.434181213378906,-1.7914903163909912,3.301558256149292,1.1573051258478244
19,9.455795288085938,-1.7922818660736084,3.3005752563476562,1.1566328309413398
19,9.477408409118652,-1.7930669784545898,3.299567699432373,1.1559395570157724
19,9.49902057647705,-1.7938460111618042,3.2985358238220215,1.1552238850075611
19,9.520630836486816,-1.7946189641952515,3.2974801063537598,1.1544841212068881
19,9.542241096496582,-1.7953861951828003,3.296400547027588,1.1537230850195974
19,9.563850402832031,-1.7961480617523193,3.295297622680664,1.1529405620061681
19,9.585458755493164,-1.7969045639038086,3.2941715717315674,1.1521366861010383
19,9.60706615447998,-1.7976560592651367,3.293022871017456,1.1513115915275305
19,9.628671646118164,-1.7984027862548828,3.291851758956909,1.1504651714893077
19,9.650276184082031,-1.7991451025009155,3.290658712387085,1.1495975529061007
19,9.671880722045898,-1.7998831272125244,3.2894439697265625,1.148704490154669
19,9.693483352661133,-1.8006170988082886,3.2882080078125,1.1477825302618943
19,9.71508502960205,-1.8013473749160767,3.2869510650634766,1.1468387891910747
19,9.736685752868652,-1.8020741939544678,3.2856740951538086,1.1458744481131615
19,9.758285522460938,-1.802797794342041,3.284377098083496,1.1448901042144521
19,9.779884338378906,-1.8035184144973755,3.2830605506896973,1.1438856426609358
19,9.801482200622559,-1.8042364120483398,3.2817249298095703,1.1428614255806098
19,9.823078155517578,-1.8049519062042236,3.2803709506988525,1.1418157448915052
19,9.844673156738281,-1.8056652545928955,3.278999090194702,1.140749335767085
19,9.866268157958984,-1.8063766956329346,3.2776095867156982,1.1396637631377
19,9.887861251831055,-1.8070863485336304,3.276203155517578,1.1385593922481638
19,9.909453392028809,-1.8077946901321411,3.274780511856079,1.1374363538078964
19,9.931044578552246,-1.8085017204284668,3.2733418941497803,1.1362947828295809
19,9.952634811401367,-1.8092076778411865,3.27188777923584,1.1351348147703741
19,9.974224090576172,-1.809912919998169,3.270419120788574,1.1339560241507003
19,9.99581241607666,-1.8106175661087036,3.2689361572265625,1.1327567855785272
19,10.017399787902832,-1.8113218545913696,3.267439603805542,1.1315397924716952
19,10.038986206054688,-1.812025785446167,3.265929937362671,1.1303049586537417
19,10.060571670532227,-1.812729835510254,3.2644081115722656,1.1290511322815084
19,10.08215618133545,-1.8134338855743408,3.262874126434326,1.1277780018535204
19,10.103740692138672,-1.8141381740570068,3.261328935623169,1.1264872947889784
19,10.125323295593262,-1.8148428201675415,3.259773015975952,1.1251788390402282
19,10.146912574768066,-1.815548062324524,3.258206367492676,1.1238474819544437
19,10.168501853942871,-1.816253900527954,3.2566301822662354,1.122491327454865
19,10.190160751342773,-1.816962718963623,3.255039691925049,1.1211039249402641
19,10.212141036987305,-1.8176827430725098,3.2534167766571045,1.1196733061051098
19,10.235024452209473,-1.8184330463409424,3.251718282699585,1.118168295760855
19,10.259615898132324,-1.8192403316497803,3.2498838901519775,1.1165420885155084
19,10.28420639038086,-1.820048451423645,3.2480404376983643,1.1149079038292327
19,10.31102466583252,-1.8209309577941895,3.246021270751953,1.1131156089183223
19,10.339818000793457,-1.8218797445297241,3.2438442707061768,1.1111653438621953
19,10.368611335754395,-1.8228298425674438,3.241659164428711,1.1091825233748747
19,10.398571014404297,-1.823819875717163,3.2393782138824463,1.1070930598323099
19,10.428531646728516,-1.824811339378357,3.237091541290283,1.10493918338278
19,10.458934783935547,-1.825818657875061,3.2347664833068848,1.1027138932769
19,10.489437103271484,-1.8268303871154785,3.232431173324585,1.100429780482216
19,10.519940376281738,-1.8278429508209229,3.2300946712493896,1.0981012744967589
19,10.55045223236084,-1.828856348991394,3.2277581691741943,1.095744774501081
19,10.580965042114258,-1.8298701047897339,3.22542405128479,1.0933245915075132
19,10.611478805541992,-1.8308839797973633,3.2230939865112305,1.0908759418570277
19,10.64199161529541,-1.831897258758545,3.2207696437835693,1.0883841306548159
19,10.672505378723145,-1.8329098224639893,3.2184526920318604,1.0858429758351398
19,10.703020095825195,-1.8339213132858276,3.2161452770233154,1.0832748393167086
19,10.733535766601562,-1.8349311351776123,3.21384859085083,1.0806467371187758
19,10.764052391052246,-1.8359390497207642,3.211564540863037,1.0779857445973142
19,10.794570922851562,-1.836944341659546,3.2092952728271484,1.0752907096601874
19,10.825089454650879,-1.837946891784668,3.2070422172546387,1.0725533176636657
19,10.855610847473145,-1.8389462232589722,3.2048072814941406,1.0697955479176524
19,10.88613224029541,-1.8399417400360107,3.2025930881500244,1.067003209143445
19,10.916655540466309,-1.8409333229064941,3.2004008293151855,1.0641916397434235
19,10.947181701660156,-1.8419203758239746,3.198233127593994,1.0613635411249869
19,10.977709770202637,-1.8429025411605835,3.196091890335083,1.0585177186568735
19,11.00823974609375,-1.8438791036605835,3.193979263305664,1.0556652926297658
19,11.038772583007812,-1.844849705696106,3.191897392272949,1.0528067413568858
19,11.069307327270508,-1.8458138704299927,3.1898481845855713,1.0499496201531648
19,11.099843978881836,-1.8467706441879272,3.1878340244293213,1.0470867554164125
19,11.13038444519043,-1.847719669342041,3.185857057571411,1.044241936343754
19,11.160926818847656,-1.8486601114273071,3.1839191913604736,1.0414069053844395
19,11.191473007202148,-1.8495913743972778,3.1820228099823,1.0385915827951369
19,11.22202205657959,-1.8505128622055054,3.1801698207855225,1.0357974667368612
19,11.252575874328613,-1.8514236211776733,3.1783626079559326,1.0330123546884102
19,11.283140182495117,-1.852323293685913,3.176602840423584,1.0302797938517796
19,11.313708305358887,-1.8532109260559082,3.1748926639556885,1.0275816734605498
19,11.344304084777832,-1.8540862798690796,3.1732335090637207,1.024924701185722
19,11.374903678894043,-1.8549482822418213,3.17162823677063,1.022332303320014
19,11.405570983886719,-1.8557980060577393,3.1700758934020996,1.0197738756919497
19,11.436382293701172,-1.8566374778747559,3.1685760021209717,1.0173113856836038
19,11.467196464538574,-1.8574626445770264,3.1671383380889893,1.0148934463176336
19,11.49826431274414,-1.8582795858383179,3.165754556655884,1.012497549739293
19,11.529335975646973,-1.8590807914733887,3.1644346714019775,1.0101946264861168
19,11.565716743469238,-1.8599969148635864,3.1629645824432373,1.0075087941545398
19,11.631644248962402,-1.8615950345993042,3.1605002880096436,1.0030905345327543
19,11.697582244873047,-1.863115668296814,3.1582980155944824,0.9991837297813556
19,11.769377708435059,-1.8646751642227173,3.1561992168426514,0.9951660984100731
19,11.899148941040039,-1.8671956062316895,3.1531565189361572,0.9892477256434317
19,12.028945922851562,-1.869321346282959,3.151076316833496,0.9851944688024765
19,12.041191101074219,-1.8695006370544434,3.1509299278259277,0.9849018398416655
20,0.9396941065788269,1.455425500869751,3.0339527130126953,1.011229167667832
20,1.060546875,1.455588936805725,3.0376853942871094,1.0138103445092692
20,1.1824465990066528,1.4557807445526123,3.040656089782715,1.0162414395687172
20,1.2789019346237183,1.4559539556503296,3.0422203540802,1.0179622165442779
20,1.4012274742126465,1.4562079906463623,3.0427567958831787,1.019525073461623
20,1.5235470533370972,1.4565045833587646,3.041465997695923,1.0201978335507973
20,1.6459428071975708,1.4568508863449097,3.0380969047546387,1.0204486120609526
20,1.7682663202285767,1.457249641418457,3.0327095985412598,1.0187109697901133
20,1.8904914855957031,1.4577040672302246,3.0254225730895996,1.0164052878817689
20,2.012646436691284,1.4582149982452393,3.016613483428955,1.0126994725689038
20,2.134702205657959,1.4587823152542114,3.0065195560455322,1.0079093727457906
20,2.256683588027954,1.4594050645828247,2.995561361312866,1.0025652792828723
20,2.3786063194274902,1.4600838422775269,2.9839706420898438,0.9962069532643626
20,2.500486373901367,1.460820198059082,2.971942186355591,0.9895070563357345
20,2.6223409175872803,1.4616185426712036,2.959660768508911,0.9823100172236608
20,2.7441790103912354,1.462483525276184,2.9472219944000244,0.9745982664712135
20,2.866013765335083,1.4634218215942383,2.934756278991699,0.9666151407620817
20,2.98785662651062,1.464440941810608,2.922374725341797,0.9581671302116311
20,3.1097161769866943,1.4655468463897705,2.910167932510376,0.9494679990497591
20,3.2316067218780518,1.4667481184005737,2.8982837200164795,0.940499259170996
20,3.3535380363464355,1.468051791191101,2.886836528778076,0.931417537947092
20,3.475522518157959,1.4694665670394897,2.8759851455688477,0.9222793443209882
20,3.5975725650787354,1.4710032939910889,2.865917444229126,0.9133387044924948
20,3.7196943759918213,1.472671389579773,2.8567845821380615,0.9048465489825415
20,3.8418755531311035,1.4744850397109985,2.848818063735962,0.8967363711639951
20,3.9641339778900146,1.4764573574066162,2.842191457748413,0.8902600183284585
20,4.086243629455566,1.4785982370376587,2.837100028991699,0.8847240904411616
20,4.207315921783447,1.4809061288833618,2.833717107772827,0.8811100342433218
20,4.328420639038086,1.483410358428955,2.8320817947387695,0.8796240672615416
20,4.446284770965576,1.486051082611084,2.8322348594665527,0.8796061610337093
20,4.557791233062744,1.4887468814849854,2.8339555263519287,0.881957724389531
20,4.669259548187256,1.4916437864303589,2.8371741771698,0.8856251671108154
20,4.772209167480469,1.494511604309082,2.8414125442504883,0.8901400908654161
20,4.867225646972656,1.4973318576812744,2.846334218978882,0.8954126511951854
20,4.962186336517334,1.5003243684768677,2.8521478176116943,0.9014391610889424
20,5.0519118309021,1.503318190574646,2.858377695083618,0.9076342011143976
20,5.139161109924316,1.5063891410827637,2.8650360107421875,0.9140086721032309
20,5.225583076477051,1.5095901489257812,2.872131824493408,0.920568265794423
20,5.311809539794922,1.5129461288452148,2.8796308040618896,0.9272894597733672
20,5.397984504699707,1.5164679288864136,2.88746976852417,0.9341276014022454
20,5.484126567840576,1.52016282081604,2.895583391189575,0.9410167148908928
20,5.570240497589111,1.524038314819336,2.9039125442504883,0.9478659497774421
20,5.65632963180542,1.5281031131744385,2.9124059677124023,0.9546193923936148
20,5.742396831512451,1.5323668718338013,2.9210205078125,0.9612370953341591
20,5.828444480895996,1.5368387699127197,2.9297235012054443,0.9676947862964866
20,5.914470195770264,1.5415278673171997,2.9384889602661133,0.9739809685317797
20,6.000466823577881,1.546442985534668,2.947296142578125,0.9801213044207877
20,6.086414337158203,1.5515916347503662,2.956129312515259,0.9860687461407222
20,6.17234468460083,1.556983470916748,2.9649817943573,0.9918968019650144
20,6.2581868171691895,1.562621831893921,2.97383975982666,0.9974946523554878
20,6.3440632820129395,1.5685253143310547,2.9827113151550293,1.0028555388332772
20,6.432742595672607,1.574912190437317,2.9918711185455322,1.0083329667438017
20,6.4817609786987305,1.57857084274292,2.9969189167022705,1.0114377769976224
20,6.504364967346191,1.5802890062332153,2.9992406368255615,1.0127685075012274
20,6.526954650878906,1.582026481628418,3.0015578269958496,1.0140541917951655
20,6.5495429039001465,1.583784580230713,3.003871202468872,1.0153220016212907
20,6.572178363800049,1.5855672359466553,3.006186008453369,1.0165752937329542
20,6.594895839691162,1.5873777866363525,3.0085055828094482,1.0178151369411939
20,6.617711544036865,1.5892181396484375,3.010831594467163,1.0190428041221828
20,6.640629768371582,1.5910893678665161,3.013164520263672,1.0202592706909333
20,6.6636481285095215,1.592991828918457,3.0155041217803955,1.021465407154114
20,6.68676233291626,1.5949259996414185,3.017850160598755,1.0226629238135008
20,6.709836959838867,1.5968809127807617,3.020189046859741,1.0238449278710444
20,6.732997417449951,1.598867654800415,3.022534132003784,1.0250168282388452
20,6.756155967712402,1.6008793115615845,3.024876594543457,1.026174027235379
20,6.7791361808776855,1.6029003858566284,3.0271992683410645,1.0273095656390394
20,6.802192211151123,1.604953408241272,3.0295281410217285,1.0284387335719032
20,6.825318336486816,1.6070383787155151,3.031863212585449,1.0295574005025123
20,6.848683834075928,1.6091711521148682,3.03422212600708,1.0306730457280817
20,6.872121334075928,1.6113368272781372,3.036587953567505,1.0317801041396113
20,6.895473003387451,1.6135210990905762,3.038945436477661,1.0328781301908339
20,6.918874740600586,1.6157366037368774,3.041308641433716,1.0339707694984672
20,6.942320346832275,1.6179835796356201,3.04367733001709,1.0350649737118112
20,6.965681076049805,1.6202497482299805,3.0460386276245117,1.0361578149576363
20,6.989076614379883,1.6225473880767822,3.048405885696411,1.037256772142056
20,7.012502670288086,1.624876618385315,3.050778388977051,1.0383639392215753
20,7.03592586517334,1.6272345781326294,3.0531535148620605,1.0394788470764225
20,7.05912971496582,1.6295998096466064,3.0555100440979004,1.040595350309213
20,7.082356929779053,1.6319971084594727,3.0578725337982178,1.041728022679401
20,7.105605602264404,1.6344269514083862,3.060241460800171,1.0428801493399171
20,7.128869533538818,1.6368892192840576,3.0626168251037598,1.0440551398338158
20,7.152144432067871,1.6393842697143555,3.0649983882904053,1.0452567729179962
20,7.175426006317139,1.6419122219085693,3.0673861503601074,1.0464896546500218
20,7.198588848114014,1.6444599628448486,3.069767475128174,1.0477514686075429
20,7.221749782562256,1.647040605545044,3.072154998779297,1.049055581555212
20,7.244904518127441,1.6496546268463135,3.0745482444763184,1.0504023390023665
20,7.268270015716553,1.6523269414901733,3.076970100402832,1.0517977945336279
20,7.291220188140869,1.6549866199493408,3.0793561935424805,1.0532379135027634
20,7.314223289489746,1.6576881408691406,3.0817553997039795,1.0547594093402604
20,7.337533473968506,1.6604619026184082,3.0841944217681885,1.0563106266251663
20,7.3602614402771,1.6632022857666016,3.086580276489258,1.0579505843650798
20,7.382984161376953,1.6659786701202393,3.0889735221862793,1.0596801327359195
20,7.405531406402588,1.66877019405365,3.0913562774658203,1.0614556053979571
20,7.42819881439209,1.6716132164001465,3.093759298324585,1.0633472184433688
20,7.450840950012207,1.6744903326034546,3.0961673259735107,1.0653439853214437
20,7.47345495223999,1.6774011850357056,3.0985798835754395,1.0674430367992824
20,7.495825290679932,1.6803175210952759,3.1009738445281982,1.0696383049747762
20,7.518163204193115,1.683266043663025,3.1033713817596436,1.071960178727723
20,7.540466785430908,1.6862461566925049,3.105771541595459,1.0744183893021158
20,7.562732696533203,1.6892569065093994,3.108173370361328,1.0770225049616085
20,7.584958553314209,1.692297101020813,3.1105759143829346,1.0797825719613061
20,7.607143402099609,1.6953654289245605,3.112978458404541,1.082707756152526
20,7.629286766052246,1.6984604597091675,3.1153790950775146,1.085806529869496
20,7.651283264160156,1.7015653848648071,3.117765426635742,1.0890632374116718
20,7.673085689544678,1.704670786857605,3.120130777359009,1.092481208452817
20,7.69484806060791,1.7077958583831787,3.1224896907806396,1.0960870274850716
20,7.716568946838379,1.7109370231628418,3.124840021133423,1.0998614379908043
20,7.738320350646973,1.714100956916809,3.1271870136260986,1.1038270699006185
20,7.760019302368164,1.717271327972412,3.1295182704925537,1.1079498578843732
20,7.781639575958252,1.7204391956329346,3.1318278312683105,1.1122014299924876
20,7.803110599517822,1.7235883474349976,3.134104013442993,1.1165390835244768
20,7.824586868286133,1.72673499584198,3.136359453201294,1.1209064526470975
20,7.845922470092773,1.7298516035079956,3.1385748386383057,1.1252537862819634
20,7.867249965667725,1.7329509258270264,3.1407594680786133,1.1294977922928133
20,7.888572692871094,1.736027717590332,3.142909526824951,1.133529325458091
20,7.909902572631836,1.7390793561935425,3.1450233459472656,1.1372345844393137
20,7.931239604949951,1.7421051263809204,3.147101640701294,1.140521106886565
20,7.952583312988281,1.7451069355010986,3.1491470336914062,1.1433579490875294
20,7.97393274307251,1.748089075088501,3.1511642932891846,1.1457837091663186
20,7.995286464691162,1.7510548830032349,3.1531569957733154,1.1479027894241174
20,8.016644477844238,1.7540054321289062,3.1551268100738525,1.1498301064524503
20,8.038006782531738,1.7569401264190674,3.1570725440979004,1.1516240601321974
20,8.05937385559082,1.7598575353622437,3.1589930057525635,1.1533539587252295
20,8.080745697021484,1.7627570629119873,3.160885810852051,1.1550833580130597
20,8.10212230682373,1.7656382322311401,3.1627488136291504,1.156864201998681
20,8.123504638671875,1.768500566482544,3.1645803451538086,1.1587223814612095
20,8.144892692565918,1.771343469619751,3.1663777828216553,1.1606222919916505
20,8.166285514831543,1.7741659879684448,3.168139696121216,1.1625077432792652
20,8.187685012817383,1.7769666910171509,3.1698646545410156,1.1642990726563394
20,8.209090232849121,1.7797443866729736,3.1715519428253174,1.1659915287115816
20,8.230502128601074,1.7824981212615967,3.1732017993927,1.1675922324238162
20,8.25191879272461,1.785227656364441,3.174813747406006,1.1691005372961545
20,8.27334213256836,1.787933111190796,3.1763880252838135,1.1704900716119444
20,8.294771194458008,1.790614366531372,3.177924633026123,1.1717444944109439
20,8.316205978393555,1.793271780014038,3.1794228553771973,1.1728828732636283
20,8.337645530700684,1.795905351638794,3.1808829307556152,1.1739152939434
20,8.359091758728027,1.7985159158706665,3.1823043823242188,1.1748551657504789
20,8.380542755126953,1.8011038303375244,3.1836869716644287,1.1756969108918218
20,8.401998519897461,1.8036695718765259,3.185030460357666,1.1764476491542935
20,8.423460006713867,1.8062139749526978,3.1863343715667725,1.177144059686956
20,8.444926261901855,1.8087371587753296,3.18759822845459,1.1778025125536686
20,8.46639633178711,1.8112397193908691,3.188821792602539,1.178444341475606
20,8.487872123718262,1.813721776008606,3.190004348754883,1.1790767130733382
20,8.50935173034668,1.8161832094192505,3.191145420074463,1.1796957111687685
20,8.53083610534668,1.8186239004135132,3.192244291305542,1.1803123734294523
20,8.552325248718262,1.821043610572815,3.193300724029541,1.1809270852237026
20,8.573819160461426,1.8234418630599976,3.1943135261535645,1.1815354976690449
20,8.595316886901855,1.8258181810379028,3.195282459259033,1.182114290591084
20,8.616819381713867,1.8281723260879517,3.19620680809021,1.1826497034560957
20,8.638325691223145,1.8305035829544067,3.1970860958099365,1.1831734203167954
20,8.659836769104004,1.832811951637268,3.1979198455810547,1.1836837979212587
20,8.681352615356445,1.835096836090088,3.1987075805664062,1.1841797956547446
20,8.702871322631836,1.8373581171035767,3.199449062347412,1.1846608211273861
20,8.724395751953125,1.8395957946777344,3.200144052505493,1.1851253371199153
20,8.745923042297363,1.8418095111846924,3.2007923126220703,1.1855690282721916
20,8.767454147338867,1.8439992666244507,3.2013936042785645,1.1859999861721688
20,8.78898811340332,1.8461650609970093,3.2019481658935547,1.1864196252616255
20,8.810526847839355,1.8483068943023682,3.202455520629883,1.1868289160979255
20,8.83206844329834,1.8504247665405273,3.202915668487549,1.1872191237853251
20,8.85361385345459,1.8525186777114868,3.2033286094665527,1.1875609146011459
20,8.875162124633789,1.8545887470245361,3.2036943435668945,1.1878957842478262
20,8.896713256835938,1.8566348552703857,3.204012632369995,1.1882212255403974
20,8.918267250061035,1.8586570024490356,3.2042837142944336,1.1885432150689599
20,8.939825057983398,1.8606551885604858,3.204507350921631,1.1888628641895171
20,8.961384773254395,1.8626292943954468,3.204684019088745,1.1891809418140937
20,8.982946395874023,1.864579439163208,3.2048134803771973,1.1894982075370013
20,9.004510879516602,1.8665051460266113,3.2048957347869873,1.1898153104936688
20,9.026078224182129,1.8684066534042358,3.2049312591552734,1.1901325492783634
20,9.047647476196289,1.8702837228775024,3.2049195766448975,1.1904491923764244
20,9.069218635559082,1.8721362352371216,3.2048614025115967,1.190766637355738
20,9.090791702270508,1.8739639520645142,3.204756259918213,1.1910860568221513
20,9.112366676330566,1.8757668733596802,3.2046048641204834,1.1913885499676542
20,9.133942604064941,1.87754487991333,3.20440673828125,1.1916682174792748
20,9.155521392822266,1.8792979717254639,3.204162120819092,1.1919500749070377
20,9.177101135253906,1.881025791168213,3.203871250152588,1.1922344029789353
20,9.198681831359863,1.882728099822998,3.2035343647003174,1.1925208103232328
20,9.220263481140137,1.8844048976898193,3.2031517028808594,1.192809033260295
20,9.241847038269043,1.8860559463500977,3.202723264694214,1.193099557749954
20,9.263431549072266,1.8876808881759644,3.20224928855896,1.1933919402360313
20,9.285016059875488,1.8892796039581299,3.2017300128936768,1.193685736300801
20,9.306602478027344,1.8908518552780151,3.2011659145355225,1.1939805017251448
20,9.3281888961792,1.8923972845077515,3.200556993484497,1.194275915616607
20,9.349776268005371,1.8939156532287598,3.199903726577759,1.1945711638549754
20,9.37136459350586,1.8954068422317505,3.1992061138153076,1.1948651941473019
20,9.392952919006348,1.8968702554702759,3.1984646320343018,1.1951575897085323
20,9.414541244506836,1.898305892944336,3.197679281234741,1.19544780537385
20,9.43613052368164,1.8997132778167725,3.1968507766723633,1.195735062301925
20,9.457719802856445,1.9010921716690063,3.195979356765747,1.1959916172605827
20,9.47930908203125,1.902442455291748,3.1950647830963135,1.1962370239911808
20,9.500897407531738,1.903763771057129,3.1941077709198,1.1964773973541523
20,9.522486686706543,1.9050557613372803,3.193108558654785,1.1967107497563507
20,9.544075012207031,1.906318187713623,3.1920676231384277,1.1969363503702557
20,9.56566333770752,1.9075508117675781,3.1909849643707275,1.1971537654106466
20,9.587251663208008,1.9087531566619873,3.189861297607422,1.1973613810526735
20,9.60883903503418,1.909925103187561,3.18869686126709,1.1975544121016988
20,9.630425453186035,1.9110662937164307,3.1874918937683105,1.19773611893031
20,9.65201187133789,1.9121763706207275,3.186246871948242,1.1979056164642476
20,9.673598289489746,1.9132550954818726,3.184962272644043,1.198060659682866
20,9.695182800292969,1.9143022298812866,3.183638572692871,1.1981995672913794
20,9.716766357421875,1.9153175354003906,3.1822757720947266,1.1983227515824488
20,9.738349914550781,1.9163007736206055,3.180874824523926,1.1984292037039408
20,9.759931564331055,1.917251706123352,3.1794357299804688,1.1985179059355267
20,9.781512260437012,1.9181700944900513,3.1779592037200928,1.1985878387572608
20,9.803092002868652,1.9190558195114136,3.176445484161377,1.1986382162099505
20,9.82466983795166,1.9199085235595703,3.1748950481414795,1.1986674945267077
20,9.846246719360352,1.9207282066345215,3.1733081340789795,1.1986716453435944
20,9.86782169342041,1.921514630317688,3.1716856956481934,1.1986528944502255
20,9.889395713806152,1.9222675561904907,3.170027732849121,1.198610553107264
20,9.910967826843262,1.9229869842529297,3.168335199356079,1.1985435727637666
20,9.932538986206055,1.9236727952957153,3.1666078567504883,1.1984512604210829
20,9.954108238220215,1.924324870109558,3.164846897125244,1.198332293303557
20,9.975675582885742,1.9249430894851685,3.1630523204803467,1.198180821321191
20,9.997241020202637,1.9255273342132568,3.161224842071533,1.1979844801900397
20,10.018804550170898,1.9260777235031128,3.159364938735962,1.197757922321764
20,10.040365219116211,1.9265941381454468,3.157473087310791,1.1975027457144223
20,10.061925888061523,1.9270765781402588,3.1555497646331787,1.19721845376071
20,10.08348274230957,1.9275250434875488,3.153595447540283,1.196904291244295
20,10.1050386428833,1.9279396533966064,3.151610851287842,1.1965598571447098
20,10.126591682434082,1.9283204078674316,3.149596691131592,1.196184399340202
20,10.148149490356445,1.9286675453186035,3.147552251815796,1.1957734885333584
20,10.169706344604492,1.9289809465408325,3.145479202270508,1.1953253353447837
20,10.191329956054688,1.9292614459991455,3.1433708667755127,1.1948389513146211
20,10.213274002075195,1.9295116662979126,3.141202449798584,1.1943094752707741
20,10.236116409301758,1.9297354221343994,3.1389153003692627,1.1937219949937732
20,10.260663032531738,1.9299347400665283,3.1364243030548096,1.1930478449127395
20,10.285205841064453,1.930092215538025,3.1339006423950195,1.192328104001168
20,10.311969757080078,1.9302170276641846,3.1311118602752686,1.191514456618257
20,10.34070110321045,1.9302971363067627,3.128077268600464,1.1905779166458577
20,10.369427680969238,1.9303221702575684,3.1250014305114746,1.1895823825971914
20,10.39931583404541,1.9302903413772583,3.1217591762542725,1.1885093288679978
20,10.42919921875,1.9301998615264893,3.1184754371643066,1.1873325201374936
20,10.45952033996582,1.9300487041473389,3.1151018142700195,1.1861017860039191
20,10.489936828613281,1.9298380613327026,3.111677646636963,1.1847847525684447
20,10.520347595214844,1.9295686483383179,3.108214855194092,1.1833971396189946
20,10.550764083862305,1.9292418956756592,3.104714870452881,1.1819726428741801
20,10.581174850463867,1.9288588762283325,3.101180076599121,1.180447046697148
20,10.61158275604248,1.9284206628799438,3.097612142562866,1.1788844180841833
20,10.641983985900879,1.9279288053512573,3.094013214111328,1.1772597274728103
20,10.672382354736328,1.9273842573165894,3.0903844833374023,1.1755630835008604
20,10.702775955200195,1.9267888069152832,3.08672833442688,1.1738274161397324
20,10.733165740966797,1.9261438846588135,3.0830469131469727,1.1720043951316226
20,10.763551712036133,1.9254508018493652,3.079341411590576,1.170142085967783
20,10.793933868408203,1.9247115850448608,3.0756144523620605,1.1682237714928378
20,10.824312210083008,1.9239275455474854,3.0718672275543213,1.1662248857326838
20,10.854686737060547,1.9231008291244507,3.0681018829345703,1.164196856341138
20,10.885058403015137,1.9222332239151,3.0643203258514404,1.1620976627020347
20,10.915427207946777,1.9213261604309082,3.0605244636535645,1.159956033472433
20,10.945793151855469,1.920382022857666,3.0567166805267334,1.1577770878663654
20,10.976157188415527,1.9194024801254272,3.052898645401001,1.1555362219695502
20,11.006519317626953,1.9183896780014038,3.049072027206421,1.1532726201543304
20,11.03687858581543,1.9173457622528076,3.045239210128784,1.150957303762309
20,11.06723690032959,1.9162724018096924,3.0414013862609863,1.1486087688353266
20,11.097594261169434,1.9151723384857178,3.0375614166259766,1.1462333461127947
20,11.127949714660645,1.914047122001648,3.0337204933166504,1.143808213758958
20,11.158305168151855,1.9128988981246948,3.0298807621002197,1.14136699390163
20,11.188660621643066,1.911730408668518,3.0260438919067383,1.1388920663753788
20,11.219015121459961,1.9105430841445923,3.022211790084839,1.1363927216366907
20,11.249372482299805,1.9093395471572876,3.018385887145996,1.133878453979515
20,11.279728889465332,1.908121943473816,3.0145680904388428,1.1313302455982348
20,11.310094833374023,1.9068918228149414,3.010759115219116,1.1287715813361316
20,11.340486526489258,1.9056512117385864,3.0069589614868164,1.1261939361767073
20,11.370879173278809,1.904402494430542,3.003171682357788,1.1235965569482103
20,11.401338577270508,1.9031459093093872,2.9993910789489746,1.1209840952996637
20,11.431939125061035,1.9018805027008057,2.995609998703003,1.1183626028158005
20,11.462541580200195,1.9006143808364868,2.991847038269043,1.115715646760959
20,11.493395805358887,1.8993408679962158,2.988074541091919,1.1129944819377702
20,11.524251937866211,1.8980714082717896,2.984323263168335,1.110245351470124
20,11.560380935668945,1.896588921546936,2.979951858520508,1.1070137157598854
20,11.625850677490234,1.8939300775527954,2.9721031188964844,1.1012926723698555
20,11.691333770751953,1.89131498336792,2.9643452167510986,1.0957061307325155
20,11.762636184692383,1.8885314464569092,2.9560065269470215,1.0895711401790704
20,11.891531944274902,1.883686900138855,2.9412128925323486,1.0784710086520901
20,12.020482063293457,1.8791275024414062,2.9268109798431396,1.068460779539647
20,12.141529083251953,1.8751704692840576,2.9137074947357178,1.0593877611520313
20,12.262632369995117,1.87155020236969,2.901041030883789,1.0507280523962117
20,12.384134292602539,1.8682724237442017,2.8888278007507324,1.0422375065882932
20,12.505889892578125,1.8653273582458496,2.8771772384643555,1.0343358242309482
20,12.627715110778809,1.8627058267593384,2.8661916255950928,1.0273514416473708
20,12.749698638916016,1.8603562116622925,2.8559951782226562,1.0209474178056874
20,12.871759414672852,1.8582351207733154,2.846703290939331,1.016713854789445
20,12.887662887573242,1.857972502708435,2.8455660343170166,1.0161762861038828
21,1.2691205739974976,-0.8314242362976074,2.4185919761657715,1.026023306409792
21,1.3914252519607544,-0.8314843773841858,2.420888900756836,1.0295576970173235
21,1.5137507915496826,-0.8315647840499878,2.420778751373291,1.0322810305087216
21,1.636155128479004,-0.8316742181777954,2.417778491973877,1.0345163267024347
21,1.7584532499313354,-0.831816554069519,2.4118597507476807,1.0344243965530395
21,1.8806068897247314,-0.8319958448410034,2.4031002521514893,1.0337066986163814
21,2.002572774887085,-0.8322115540504456,2.3919739723205566,1.0307017112268058
21,2.124335289001465,-0.8324629664421082,2.3788039684295654,1.026271566115284
21,2.245932102203369,-0.8327463269233704,2.364175319671631,1.0208895149155723
21,2.367382526397705,-0.8330596685409546,2.3483762741088867,1.0137367403903483
21,2.4887139797210693,-0.8334010243415833,2.3316867351531982,1.006104145754805
21,2.6099436283111572,-0.833771288394928,2.3142735958099365,0.9974496641228195
21,2.7310752868652344,-0.8341718912124634,2.2961935997009277,0.9875601172667188
21,2.8521153926849365,-0.8346073627471924,2.277510404586792,0.976952144873642
21,2.973062038421631,-0.8350837826728821,2.2582314014434814,0.9637095163370648
21,3.0939114093780518,-0.8356083035469055,2.238353967666626,0.9490454063719412
21,3.2146670818328857,-0.8361950516700745,2.217916488647461,0.9319070844111285
21,3.3353257179260254,-0.8368584513664246,2.1969151496887207,0.9112000816663727
21,3.455911874771118,-0.8376314640045166,2.1755056381225586,0.8877976989442986
21,3.5764763355255127,-0.8385627865791321,2.1539814472198486,0.8590356046580008
21,3.6556053161621094,-0.8392872214317322,2.1399450302124023,0.8389827817965532
21,3.7763094902038574,-0.8406326174736023,2.1193623542785645,0.8060129799107086
21,3.897289752960205,-0.8423452973365784,2.10050892829895,0.773817902623326
21,4.018526554107666,-0.8445214629173279,2.085113048553467,0.745248466926279
21,4.1106181144714355,-0.8465188145637512,2.076486825942993,0.7302099755046202
21,4.2315545082092285,-0.8496111035346985,2.0703842639923096,0.7171687675266548
21,4.352630138397217,-0.8532016277313232,2.070552349090576,0.7186156555423566
21,4.470293045043945,-0.8570708632469177,2.0766475200653076,0.727711336532017
21,4.581289768218994,-0.8609376549720764,2.0870141983032227,0.7442699875898364
21,4.691886901855469,-0.8649058938026428,2.1010093688964844,0.7655653565042689
21,4.775166988372803,-0.8679133057594299,2.113347291946411,0.7827246271938673
21,4.869068622589111,-0.8712995648384094,2.128554582595825,0.8027860718332693
21,4.962817668914795,-0.8746749758720398,2.1446785926818848,0.821629827138343
21,5.051356792449951,-0.8778840899467468,2.1604573726654053,0.837581355487975
21,5.137452125549316,-0.8810559511184692,2.1760716438293457,0.851096248915763
21,5.22275447845459,-0.8842822313308716,2.191643476486206,0.8622738713430064
21,5.307896614074707,-0.8876270651817322,2.207200765609741,0.8711272532856429
21,5.393024921417236,-0.8911526799201965,2.2227160930633545,0.8775777470872349
21,5.478158473968506,-0.8949289321899414,2.238144874572754,0.8815974631175164
21,5.563633918762207,-0.8990452885627747,2.2535128593444824,0.8834677916421678
21,5.651620864868164,-0.9036927223205566,2.2691941261291504,0.8829771480499192
21,5.74357795715332,-0.909082293510437,2.2854578495025635,0.8798188900985158
21,5.839241981506348,-0.9154291152954102,2.3022971153259277,0.8735751711124262
21,5.938162326812744,-0.923096776008606,2.3197171688079834,0.8627255048727344
21,6.036924839019775,-0.932334840297699,2.337266683578491,0.8463574207494658
21,6.138158321380615,-0.9442189335823059,2.355658531188965,0.8250327140285766
21,6.196540832519531,-0.9526926875114441,2.366590976715088,0.8129594918148905
21,6.2975287437438965,-0.9713645577430725,2.386430025100708,0.7858111675196765
21,6.347063064575195,-0.9828901886940002,2.3967862129211426,0.7724681448798515
21,6.447696685791016,-1.0137133598327637,2.4200029373168945,0.7588861638687113
21,6.543595314025879,-1.0550943613052368,2.4457149505615234,0.7797952612092426
21,6.58806848526001,-1.0784882307052612,2.4589784145355225,0.8069852340103365
21,6.601738452911377,-1.086137056350708,2.4632105827331543,0.8119480645271273
21,6.646758079528809,-1.1126662492752075,2.4777395725250244,0.8571197600964043
21,6.66990327835083,-1.1268070936203003,2.485474109649658,0.8804428943547917
21,6.6922688484191895,-1.1406890153884888,2.493103504180908,0.9042481598223744
21,6.714507102966309,-1.1545618772506714,2.500788927078247,0.9279561801564598
21,6.7366790771484375,-1.1683578491210938,2.5085206031799316,0.9514803588338151
21,6.758883953094482,-1.1820449829101562,2.516296625137329,0.9746103140807454
21,6.781149864196777,-1.1955660581588745,2.524104356765747,0.9969445528158665
21,6.803531646728516,-1.2088769674301147,2.5319275856018066,1.0187045303653035
21,6.825984001159668,-1.2219160795211792,2.539745807647705,1.0393268222751257
21,6.848635673522949,-1.2346969842910767,2.5475683212280273,1.0591718935066645
21,6.871387481689453,-1.247138261795044,2.555356025695801,1.0776844003160841
21,6.8943281173706055,-1.2592605352401733,2.563120126724243,1.0953594791250054
21,6.917420864105225,-1.2710222005844116,2.5708389282226562,1.1116077465814933
21,6.940719127655029,-1.2824310064315796,2.5785114765167236,1.127073686512409
21,6.964129447937012,-1.2934386730194092,2.586111068725586,1.1413092235794575
21,6.987766742706299,-1.304083228111267,2.593651294708252,1.1544814188678882
21,7.011502265930176,-1.3143072128295898,2.6010942459106445,1.1667625709565639
21,7.035421371459961,-1.3241478204727173,2.608457326889038,1.1779687362837628
21,7.059541702270508,-1.333608865737915,2.6157357692718506,1.1882714428391004
21,7.083730220794678,-1.342642903327942,2.622889757156372,1.1976495014094415
21,7.1080756187438965,-1.3512914180755615,2.6299378871917725,1.2062234814965054
21,7.132481098175049,-1.3595266342163086,2.636850357055664,1.2137701038231687
21,7.157023906707764,-1.3673828840255737,2.643646001815796,1.2205818364650631
21,7.1816911697387695,-1.3748667240142822,2.6503171920776367,1.2267724929996877
21,7.206470489501953,-1.3819829225540161,2.656858205795288,1.2319549121208069
21,7.231226444244385,-1.3887041807174683,2.6632320880889893,1.2364149173402983
21,7.256070137023926,-1.3950754404067993,2.6694657802581787,1.2403063834076569
21,7.280988693237305,-1.4011069536209106,2.6755552291870117,1.2435612104223857
21,7.305870056152344,-1.4067840576171875,2.681471109390259,1.2460329416015163
21,7.330808162689209,-1.4121423959732056,2.6872363090515137,1.2479788774142548
21,7.355792045593262,-1.4171931743621826,2.6928467750549316,1.2494360131165871
21,7.380810737609863,-1.4219483137130737,2.6983001232147217,1.2503530624735275
21,7.405864238739014,-1.426422119140625,2.7035937309265137,1.2506081270307443
21,7.43137788772583,-1.4307013750076294,2.7088165283203125,1.2503702315015717
21,7.456583023071289,-1.4346659183502197,2.713808298110962,1.2497516024436697
21,7.481160640716553,-1.4382892847061157,2.718512535095215,1.2487670259168853
21,7.505402088165283,-1.4416475296020508,2.722996711730957,1.2471364290469722
21,7.5304107666015625,-1.4449082612991333,2.7274646759033203,1.2450447372071742
21,7.555400371551514,-1.4479734897613525,2.7317698001861572,1.2425553420569073
21,7.580363750457764,-1.4508590698242188,2.7359137535095215,1.2396641029283457
21,7.6051716804504395,-1.453566551208496,2.7398793697357178,1.2363680359366165
21,7.629941463470459,-1.4561282396316528,2.7436904907226562,1.232599165179506
21,7.654660224914551,-1.4585636854171753,2.7473528385162354,1.2284627388906466
21,7.679325580596924,-1.460895299911499,2.7508769035339355,1.2238889907945132
21,7.703946590423584,-1.4631414413452148,2.754272699356079,1.2186016074040897
21,7.727749347686768,-1.4652512073516846,2.75744891166687,1.2131497222109224
21,7.752664566040039,-1.4674180746078491,2.760679244995117,1.20677503189273
21,7.777534008026123,-1.4695558547973633,2.7638134956359863,1.199494643605632
21,7.802328109741211,-1.4716787338256836,2.7668466567993164,1.190790273660389
21,7.8270039558410645,-1.4737930297851562,2.7697536945343018,1.180163087239196
21,7.851627349853516,-1.4759126901626587,2.772495985031128,1.1665483461557111
21,7.876064777374268,-1.478050947189331,2.774961471557617,1.14778283929249
21,7.900465488433838,-1.4802554845809937,2.776963233947754,1.1215369542927427
21,7.923532962799072,-1.4823832511901855,2.7781476974487305,1.090713722582966
21,7.943925857543945,-1.4841920137405396,2.778468608856201,1.0633924833539388
21,7.968202590942383,-1.4860484600067139,2.7781527042388916,1.039902039261761
21,7.989337921142578,-1.4872748851776123,2.7776594161987305,1.0315453954285854
21,8.013504981994629,-1.4881612062454224,2.7772631645202637,1.0353988489386887
21,8.037604331970215,-1.4885057210922241,2.777250051498413,1.0484842895855382
21,8.06161880493164,-1.488471269607544,2.7776286602020264,1.0629359232500175
21,8.085539817810059,-1.4882768392562866,2.778277635574341,1.0731732608316518
21,8.109370231628418,-1.4880709648132324,2.7790582180023193,1.0786739709393964
21,8.133112907409668,-1.487921118736267,2.7798705101013184,1.0804513648573701
21,8.156776428222656,-1.4878522157669067,2.7806501388549805,1.0793456147158629
21,8.180363655090332,-1.4878816604614258,2.78134822845459,1.0758875678384328
21,8.203875541687012,-1.4880285263061523,2.7819159030914307,1.070480970503942
21,8.227310180664062,-1.4882968664169312,2.7823033332824707,1.0637082049893893
21,8.250666618347168,-1.4886622428894043,2.7824740409851074,1.056302176827572
21,8.273942947387695,-1.4890750646591187,2.782418966293335,1.0490318759622765
21,8.297137260437012,-1.4894756078720093,2.7821624279022217,1.0425169310881737
21,8.320250511169434,-1.4898144006729126,2.781752109527588,1.037080441658654
21,8.343281745910645,-1.4900635480880737,2.7812416553497314,1.0327816805959236
21,8.366231918334961,-1.4902156591415405,2.7806758880615234,1.0295183629973306
21,8.389100074768066,-1.4902781248092651,2.7800865173339844,1.0271147871339632
21,8.411927223205566,-1.4902666807174683,2.7794923782348633,1.025324613643007
21,8.434667587280273,-1.4902045726776123,2.7789061069488525,1.0238862045529866
21,8.45732593536377,-1.4901200532913208,2.7783308029174805,1.022579937899093
21,8.479903221130371,-1.49004065990448,2.777764320373535,1.0212356412002161
21,8.502398490905762,-1.4899885654449463,2.7771997451782227,1.0197461402251295
21,8.524812698364258,-1.4899801015853882,2.7766270637512207,1.0181099558440394
21,8.54714584350586,-1.4900249242782593,2.776033878326416,1.0163687012235967
21,8.56939697265625,-1.4901236295700073,2.7754077911376953,1.0145886540169522
21,8.591565132141113,-1.4902691841125488,2.7747385501861572,1.0128414885571047
21,8.613651275634766,-1.4904506206512451,2.774019956588745,1.0111835480715432
21,8.635655403137207,-1.4906561374664307,2.773249864578247,1.0096494366086706
21,8.657578468322754,-1.4908756017684937,2.7724292278289795,1.0082561851830891
21,8.67941951751709,-1.4911023378372192,2.7715609073638916,1.0070106452899863
21,8.701179504394531,-1.4913328886032104,2.770648956298828,1.0059137265325566
21,8.72286319732666,-1.4915666580200195,2.769697666168213,1.0049799872834317
21,8.74454402923584,-1.491806149482727,2.768706798553467,1.0041885905196173
21,8.766175270080566,-1.4920532703399658,2.767681360244751,1.0035235709250339
21,8.787797927856445,-1.4923118352890015,2.7666213512420654,1.0029713678488141
21,8.809419631958008,-1.4925845861434937,2.76552677154541,1.002519307932678
21,8.831038475036621,-1.4928735494613647,2.764397621154785,1.0021644321987615
21,8.852656364440918,-1.4931789636611938,2.763232946395874,1.0018906077567962
21,8.87427043914795,-1.4935002326965332,2.7620315551757812,1.0016748619482176
21,8.895883560180664,-1.4938353300094604,2.760791540145874,1.001504178762024
21,8.917492866516113,-1.4941818714141846,2.759511709213257,1.0013608473678661
21,8.93910026550293,-1.4945369958877563,2.758190631866455,1.001237165739405
21,8.960704803466797,-1.4948978424072266,2.7568278312683105,1.0011268105070716
21,8.982307434082031,-1.495261788368225,2.755422353744507,1.001024858546151
21,9.00390625,-1.4956271648406982,2.7539734840393066,1.000926917626767
21,9.02550220489502,-1.4959923028945923,2.75248122215271,1.000828486601426
21,9.04709529876709,-1.4963561296463013,2.7509448528289795,1.0007225167294718
21,9.068685531616211,-1.4967178106307983,2.7493643760681152,1.0006022919588524
21,9.090271949768066,-1.4970766305923462,2.747739315032959,1.000461468204645
21,9.111855506896973,-1.497431993484497,2.7460689544677734,1.0002935454984745
21,9.133435249328613,-1.4977834224700928,2.7443532943725586,1.0000918999287671
21,9.155011177062988,-1.498130202293396,2.742591619491577,0.9998502673075389
21,9.176583290100098,-1.4984716176986694,2.740783452987671,0.9995626228328819
21,9.198151588439941,-1.4988069534301758,2.7389278411865234,0.9992320403162316
21,9.21971607208252,-1.4991352558135986,2.7370247840881348,0.998849004135005
21,9.241275787353516,-1.4994555711746216,2.7350730895996094,0.9984029744684099
21,9.262831687927246,-1.4997673034667969,2.7330727577209473,0.9978903453064275
21,9.284382820129395,-1.5000693798065186,2.731022357940674,0.9973093768259216
21,9.305929183959961,-1.5003610849380493,2.728921890258789,0.9966603003838607
21,9.327470779418945,-1.5006417036056519,2.7267706394195557,0.9959355141754137
21,9.349007606506348,-1.5009104013442993,2.7245678901672363,0.9951292415603109
21,9.370539665222168,-1.501166582107544,2.722313404083252,0.9942341606379276
21,9.392065048217773,-1.501409649848938,2.7200069427490234,0.9932585542610176
21,9.413585662841797,-1.5016388893127441,2.7176477909088135,0.9922017183010143
21,9.435100555419922,-1.5018538236618042,2.715236186981201,0.9910630447298983
21,9.456609725952148,-1.5020537376403809,2.7127716541290283,0.9898675789803243
21,9.478113174438477,-1.5022382736206055,2.710254669189453,0.9885928427078078
21,9.49960994720459,-1.5024067163467407,2.7076852321624756,0.9872345311172439
21,9.521100044250488,-1.502558946609497,2.7050633430480957,0.9857826359771783
21,9.542584419250488,-1.5026941299438477,2.7023892402648926,0.9842493898337656
21,9.56406307220459,-1.5028122663497925,2.6996631622314453,0.9826350490404548
21,9.58553409576416,-1.5029127597808838,2.696885347366333,0.9809400145390161
21,9.606999397277832,-1.5029953718185425,2.694056272506714,0.9791645747093314
21,9.628457069396973,-1.5030596256256104,2.691176652908325,0.977309061222377
21,9.649908065795898,-1.5031052827835083,2.688246726989746,0.9753923236216548
21,9.67135238647461,-1.5031319856643677,2.685267210006714,0.9733970178609263
21,9.692790985107422,-1.5031393766403198,2.682239294052124,0.9713227637590649
21,9.714221954345703,-1.5031272172927856,2.6791632175445557,0.9691698318142035
21,9.73564624786377,-1.5030951499938965,2.676039934158325,0.9669378753766359
21,9.757062911987305,-1.5030429363250732,2.672869920730591,0.9646267608994165
21,9.778473854064941,-1.5029702186584473,2.669654607772827,0.9622362257578313
21,9.799877166748047,-1.5028767585754395,2.6663944721221924,0.9597653462427989
21,9.821273803710938,-1.5027623176574707,2.663090467453003,0.9572225166560272
21,9.842663764953613,-1.5026262998580933,2.6597440242767334,0.9546143999296696
21,9.864047050476074,-1.5024685859680176,2.6563563346862793,0.9519251643286865
21,9.88542366027832,-1.5022886991500854,2.652928352355957,0.949153950611649
21,9.906794548034668,-1.5020864009857178,2.649461269378662,0.9463000792467101
21,9.928157806396484,-1.5018610954284668,2.645956039428711,0.943362577374261
21,9.949515342712402,-1.501612663269043,2.642414093017578,0.9403387389734614
21,9.970866203308105,-1.501340389251709,2.6388368606567383,0.9372305391612827
21,9.992212295532227,-1.5010439157485962,2.635225534439087,0.9340634725873259
21,10.013551712036133,-1.500722885131836,2.631582021713257,0.930809870022865
21,10.03488540649414,-1.5003767013549805,2.6279077529907227,0.9274690256377808
21,10.05621337890625,-1.5000050067901611,2.624204158782959,0.9240400504792557
21,10.077536582946777,-1.4996070861816406,2.6204726696014404,0.9205177252975385
21,10.098854064941406,-1.4991827011108398,2.6167151927948,0.916901188969012
21,10.12016773223877,-1.498731255531311,2.612933397293091,0.913208735864507
21,10.141475677490234,-1.4982521533966064,2.6091291904449463,0.9094419153789134
21,10.162787437438965,-1.4977446794509888,2.6053035259246826,0.9055681368144243
21,10.184164047241211,-1.4972069263458252,2.6014466285705566,0.9015669833969221
21,10.205855369567871,-1.496631383895874,2.597515106201172,0.8973923656123866
21,10.228433609008789,-1.4959999322891235,2.5934062004089355,0.8929374125008847
21,10.251008987426758,-1.4953354597091675,2.589282989501953,0.8884107326671062
21,10.275266647338867,-1.4945838451385498,2.584839105606079,0.8835277017149564
21,10.301719665527344,-1.4937195777893066,2.579982042312622,0.8781245012324249
21,10.328169822692871,-1.4928083419799805,2.5751171112060547,0.8725896546541236
21,10.356565475463867,-1.4917773008346558,2.5698904991149902,0.8665531140894482
21,10.38611125946045,-1.490646243095398,2.5644538402557373,0.8600883216576392
21,10.415656089782715,-1.4894551038742065,2.559025526046753,0.853547784824266
21,10.445640563964844,-1.4881852865219116,2.5535342693328857,0.8467735116904529
21,10.475625991821289,-1.486853837966919,2.5480666160583496,0.8398259031499683
21,10.505712509155273,-1.4854563474655151,2.5426132678985596,0.8327626427423506
21,10.535813331604004,-1.4839975833892822,2.5371992588043213,0.825606744333935
21,10.565919876098633,-1.482478380203247,2.531834602355957,0.8184180049758967
21,10.596034049987793,-1.480900764465332,2.52652907371521,0.8111647909259496
21,10.6261568069458,-1.4792660474777222,2.5212905406951904,0.803879896612889
21,10.656290054321289,-1.4775772094726562,2.5161285400390625,0.7965694289853663
21,10.686434745788574,-1.4758379459381104,2.5110528469085693,0.7893269839196287
21,10.716592788696289,-1.4740512371063232,2.5060722827911377,0.7821150763305736
21,10.74676513671875,-1.4722223281860352,2.5011985301971436,0.7749170793303436
21,10.776954650878906,-1.47035551071167,2.4964401721954346,0.7678084983905655
21,10.807161331176758,-1.4684557914733887,2.491807460784912,0.7607411201923521
21,10.837386131286621,-1.466529130935669,2.4873111248016357,0.7538319987414838
21,10.867631912231445,-1.4645801782608032,2.482959747314453,0.7470630694823795
21,10.897897720336914,-1.4626160860061646,2.4787650108337402,0.7403833785721337
21,10.92818546295166,-1.4606424570083618,2.474735736846924,0.7339173845711783
21,10.95849609375,-1.458666205406189,2.470881700515747,0.7275616663546131
21,10.98883056640625,-1.4566947221755981,2.467212677001953,0.7214130731604071
21,11.019187927246094,-1.4547343254089355,2.4637370109558105,0.7154961112609833
21,11.049569129943848,-1.4527932405471802,2.4604644775390625,0.7097668048682948
21,11.079974174499512,-1.450878620147705,2.4574029445648193,0.7043724346305404
21,11.11040210723877,-1.4489980936050415,2.4545602798461914,0.6991575903280249
21,11.140852928161621,-1.4471604824066162,2.451943874359131,0.6942210514212168
21,11.17132568359375,-1.4453728199005127,2.4495596885681152,0.6895883851745752
21,11.201820373535156,-1.4436434507369995,2.447413921356201,0.6851638221966646
21,11.23233699798584,-1.441980242729187,2.4455106258392334,0.6811413926142471
21,11.262870788574219,-1.4403899908065796,2.443854331970215,0.677364944669923
21,11.293429374694824,-1.4388808012008667,2.4424471855163574,0.6738906838350308
21,11.324003219604492,-1.4374594688415527,2.441291332244873,0.6707933949459882
21,11.3546142578125,-1.4361323118209839,2.44038724899292,0.6679360083475648
21,11.38530158996582,-1.434905767440796,2.4397335052490234,0.6654820247885092
21,11.415997505187988,-1.433788776397705,2.439331293106079,0.6633248927362347
21,11.446839332580566,-1.4327858686447144,2.4391753673553467,0.6614455784016607
21,11.477685928344727,-1.4319078922271729,2.4392638206481934,0.6599405731709217
21,11.508784294128418,-1.4311541318893433,2.439591884613037,0.6586489240954583
21,11.545193672180176,-1.4304226636886597,2.4402456283569336,0.6575299900662485
21,11.581599235534668,-1.4298545122146606,2.4411745071411133,0.6570601111068359
21,11.647550582885742,-1.4292129278182983,2.4434173107147217,0.6566084088836699
21,11.713476181030273,-1.4290614128112793,2.446369171142578,0.6572365464389818
21,11.785209655761719,-1.429390549659729,2.4503111839294434,0.658857859696471
21,11.914737701416016,-1.4310556650161743,2.4590003490448,0.663954521539833
21,12.044108390808105,-1.433984398841858,2.4695208072662354,0.6710947641842466
21,12.165342330932617,-1.4378207921981812,2.4807937145233154,0.6790243046526937
21,12.286779403686523,-1.4425193071365356,2.49318265914917,0.6888233828207697
21,12.408098220825195,-1.4478771686553955,2.506444215774536,0.6994940128967035
21,12.529520988464355,-1.453656792640686,2.5202949047088623,0.7110476146708986
21,12.650894165039062,-1.4596539735794067,2.534485101699829,0.7234045180251543
21,12.772260665893555,-1.465633511543274,2.548741579055786,0.7364338635467497
21,12.893782615661621,-1.4713510274887085,2.562777042388916,0.7499417703158386
21,12.983319282531738,-1.4753129482269287,2.572871208190918,0.7597866717665247
22,0.17364190518856049,-0.24374200403690338,2.046482563018799,1.000155959997699
22,0.28020212054252625,-0.2437434047460556,2.047868251800537,1.0004788346976448
22,0.3867483139038086,-0.24374425411224365,2.0500736236572266,1.0010212449099665
22,0.4975440800189972,-0.24374417960643768,2.05352783203125,1.0019395092493906
22,0.6127467751502991,-0.24374066293239594,2.058445692062378,1.0041735581917381
22,0.7278879284858704,-0.24373187124729156,2.0646443367004395,1.0076805900981742
22,0.8464541435241699,-0.24371536076068878,2.071887969970703,1.0122938371337826
22,0.9649977684020996,-0.2436922788619995,2.079495906829834,1.0174661044717135
22,1.0856757164001465,-0.24366387724876404,2.0869927406311035,1.022715379911455
22,1.2074366807937622,-0.2436332106590271,2.0935230255126953,1.0280057420308173
22,1.329270839691162,-0.24360284209251404,2.0984747409820557,1.032929316071557
22,1.4515725374221802,-0.2435770332813263,2.100903034210205,1.0379997675694062
22,1.5740108489990234,-0.2435600459575653,2.100269317626953,1.0412320723481243
22,1.6963813304901123,-0.2435559332370758,2.096144199371338,1.0439411794991686
22,1.8186115026474,-0.2435683310031891,2.088550090789795,1.0452226187540383
22,1.940597414970398,-0.24359846115112305,2.0777018070220947,1.0441241784591928
22,2.0623176097869873,-0.24364668130874634,2.0641565322875977,1.0422148125816986
22,2.1837854385375977,-0.24371162056922913,2.0484941005706787,1.0375093257481423
22,2.282332181930542,-0.2437761425971985,2.0344924926757812,1.0333411077491905
22,2.403416633605957,-0.24386852979660034,2.0160956382751465,1.026902579625049
22,2.5243191719055176,-0.2439751774072647,1.9965397119522095,1.0195528723972358
22,2.645047426223755,-0.24409551918506622,1.9759347438812256,1.01170110721301
22,2.765577793121338,-0.24422970414161682,1.9542019367218018,1.0015574315643323
22,2.885871410369873,-0.24437810480594635,1.931196689605713,0.9902595564485623
22,3.005852460861206,-0.24454057216644287,1.906615138053894,0.976208922991309
22,3.1254265308380127,-0.24471673369407654,1.8801270723342896,0.9577770517346351
22,3.2444541454315186,-0.24490055441856384,1.8512858152389526,0.9368121243814234
22,3.3628079891204834,-0.24508582055568695,1.8197946548461914,0.9073555267880121
22,3.4803152084350586,-0.24527126550674438,1.7852824926376343,0.8748140113211623
22,3.596978187561035,-0.24544823169708252,1.7480125427246094,0.8312445359669728
22,3.6428284645080566,-0.24551643431186676,1.7324573993682861,0.8137892600335158
22,3.712465763092041,-0.24561066925525665,1.7080978155136108,0.7807559192096708
22,3.8278086185455322,-0.24569185078144073,1.6669752597808838,0.7189443749828512
22,3.8796937465667725,-0.24567799270153046,1.6483168601989746,0.6886387475694046
22,3.9959542751312256,-0.2452521175146103,1.6106189489364624,0.6211614784491666
22,4.066769599914551,-0.24462507665157318,1.5916764736175537,0.5815939494106149
22,4.18626594543457,-0.24251851439476013,1.572644829750061,0.5363406557261167
22,4.264771461486816,-0.24027208983898163,1.5712344646453857,0.5210471783796037
22,4.381621837615967,-0.23625509440898895,1.5854052305221558,0.5369048500688278
22,4.450750827789307,-0.2337387353181839,1.6020101308822632,0.5567803769031472
22,4.557232856750488,-0.23046815395355225,1.6350433826446533,0.6046196985565722
22,4.624323844909668,-0.22886458039283752,1.6589223146438599,0.6377584062250996
22,4.720982551574707,-0.2271728813648224,1.6946876049041748,0.6888986230061303
22,4.81762170791626,-0.22605903446674347,1.7305283546447754,0.7365962059314309
22,4.90725564956665,-0.22536472976207733,1.76255202293396,0.775726428158046
22,4.992420673370361,-0.224897563457489,1.7916207313537598,0.8078205726316264
22,5.07806396484375,-0.22453702986240387,1.819250464439392,0.8339732092132943
22,5.161867618560791,-0.22423021495342255,1.844604253768921,0.8548857586372385
22,5.245357036590576,-0.22392630577087402,1.8682396411895752,0.8723799441406378
22,5.329105854034424,-0.2235882729291916,1.8904354572296143,0.8855919166473327
22,5.415131092071533,-0.2231706976890564,1.9118279218673706,0.8948320638482608
22,5.505206108093262,-0.22261343896389008,1.9329098463058472,0.8997794585747416
22,5.595532417297363,-0.22188302874565125,1.9528840780258179,0.9004832811973058
22,5.689813137054443,-0.22087468206882477,1.972663402557373,0.8983227839055142
22,5.78743314743042,-0.21946613490581512,1.9921386241912842,0.892551987527503
22,5.887869834899902,-0.21746453642845154,2.0111942291259766,0.8825685466362916
22,5.988461971282959,-0.21466034650802612,2.0293002128601074,0.8665435369549989
22,6.09119987487793,-0.210611030459404,2.0467469692230225,0.8450896706773983
22,6.195296287536621,-0.2046860158443451,2.0632541179656982,0.81800224080443
22,6.299832820892334,-0.19587047398090363,2.078350782394409,0.7846978006670146
22,6.4041428565979,-0.18258395791053772,2.091550588607788,0.745156170892426
22,6.462347030639648,-0.17238138616085052,2.097993850708008,0.7227191407381116
22,6.5277228355407715,-0.15827670693397522,2.104947566986084,0.6882501140861975
22,6.578937530517578,-0.14490030705928802,2.110534429550171,0.6672281744821154
22,6.606198310852051,-0.13698063790798187,2.1137351989746094,0.6423552054617941
22,6.63104248046875,-0.12952525913715363,2.1171770095825195,0.6149973071577034
22,6.7269134521484375,-0.09699290245771408,2.1373519897460938,0.5230324227336107
22,6.761210918426514,-0.08312708884477615,2.1499009132385254,0.45850437491401724
22,6.776493072509766,-0.07652591168880463,2.1577200889587402,0.4357970177334784
22,6.793962001800537,-0.06848226487636566,2.1691644191741943,0.4293425997864466
22,6.804663181304932,-0.06326887011528015,2.1785080432891846,0.4034588715325172
22,6.821420669555664,-0.054600875824689865,2.1985769271850586,0.41260439133714505
22,6.834377765655518,-0.047512348741292953,2.220959186553955,0.44532358476072487
22,6.843914031982422,-0.04242810606956482,2.2427024841308594,0.48959766936852406
22,6.852370738983154,-0.03845981881022453,2.2651195526123047,0.5408654134732636
22,6.858384132385254,-0.03615914285182953,2.2820613384246826,0.5813600246271682
22,6.86651086807251,-0.033896226435899734,2.3050537109375,0.6364789167761176
22,6.874816417694092,-0.032594118267297745,2.327683448791504,0.6912076664879973
22,6.8836259841918945,-0.032193757593631744,2.350155830383301,0.7460815585022907
22,6.892970085144043,-0.03264867886900902,2.3720703125,0.7989951578038128
22,6.902953624725342,-0.03393983468413353,2.3934590816497803,0.8490758771657921
22,6.913697242736816,-0.03607175871729851,2.4144179821014404,0.8987276312783137
22,6.925219535827637,-0.038993336260318756,2.434805154800415,0.9473486087647536
22,6.937448501586914,-0.0426909513771534,2.454439640045166,0.9928491459359591
22,6.9504594802856445,-0.04715799540281296,2.4733970165252686,1.0384323352369245
22,6.964241981506348,-0.05236497148871422,2.491605520248413,1.0780644586354466
22,6.978758811950684,-0.05832885205745697,2.5089876651763916,1.1174930325694918
22,6.994046211242676,-0.06503783911466599,2.5255589485168457,1.154425790046918
22,7.00996208190918,-0.07243182510137558,2.541142225265503,1.1891298572803506
22,7.0265092849731445,-0.08048062026500702,2.5557096004486084,1.2181568991574945
22,7.043629169464111,-0.08918774127960205,2.5692405700683594,1.248391670527283
22,7.061132907867432,-0.09843342751264572,2.5815770626068115,1.2710769375308832
22,7.079174041748047,-0.10829773545265198,2.592857837677002,1.2943004195377232
22,7.097522258758545,-0.11866109818220139,2.6029317378997803,1.311326241202559
22,7.116152286529541,-0.12951305508613586,2.6118268966674805,1.327373122254587
22,7.135110855102539,-0.1408536583185196,2.619551658630371,1.3394910647845966
22,7.154221534729004,-0.1526324450969696,2.6260814666748047,1.3490679546640405
22,7.173385143280029,-0.16475775837898254,2.6313931941986084,1.3565580856450745
22,7.192619800567627,-0.17722952365875244,2.6355133056640625,1.3624510321363397
22,7.211799144744873,-0.18996642529964447,2.638437509536743,1.3644186090688568
22,7.2309160232543945,-0.2029954195022583,2.64019513130188,1.3650774805857215
22,7.249866485595703,-0.21622751653194427,2.6408019065856934,1.363000659434093
22,7.268668174743652,-0.2296728938817978,2.6402697563171387,1.3601310236372852
22,7.287227153778076,-0.24324172735214233,2.6386213302612305,1.3561359287558936
22,7.30542516708374,-0.25683674216270447,2.635892391204834,1.3509677520322843
22,7.323453903198242,-0.27057990431785583,2.6320695877075195,1.3446727613799012
22,7.341084957122803,-0.2842824161052704,2.6272084712982178,1.3374663481059546
22,7.358347415924072,-0.29795387387275696,2.6213276386260986,1.3280619916811502
22,7.3752522468566895,-0.3115948736667633,2.6144256591796875,1.3173553436547545
22,7.391778945922852,-0.32515811920166016,2.6065268516540527,1.3075090369623605
22,7.40791130065918,-0.33860260248184204,2.5976617336273193,1.2968781341502473
22,7.423607349395752,-0.3518860936164856,2.587848424911499,1.2830776723218915
22,7.438840866088867,-0.3649716377258301,2.5771241188049316,1.2702335786898387
22,7.453616142272949,-0.37783998250961304,2.56550931930542,1.2562479496092254
22,7.467884540557861,-0.3904426693916321,2.5530450344085693,1.2406752352871773
22,7.481624126434326,-0.40274614095687866,2.539785861968994,1.2259816657260212
22,7.494858264923096,-0.41476234793663025,2.5257208347320557,1.2083584116776491
22,7.507533550262451,-0.4264307916164398,2.5109317302703857,1.191856968350498
22,7.519656658172607,-0.4377526044845581,2.4954376220703125,1.173161394834808
22,7.531223297119141,-0.4487128257751465,2.4792726039886475,1.1542156526098497
22,7.5421905517578125,-0.4592641294002533,2.4625284671783447,1.1342287850017372
22,7.552605628967285,-0.4694438576698303,2.4451727867126465,1.1131510661774662
22,7.562436103820801,-0.4792121946811676,2.42728853225708,1.08998029300651
22,7.571709632873535,-0.48860257863998413,2.4088592529296875,1.0667979297940875
22,7.580389976501465,-0.49756714701652527,2.3899872303009033,1.0418414777709888
22,7.588479518890381,-0.5061238408088684,2.370690107345581,1.0143649023998476
22,7.5959858894348145,-0.5143038034439087,2.3509421348571777,0.986468320394615
22,7.602853775024414,-0.5220817923545837,2.330840826034546,0.9578866978368271
22,7.609039306640625,-0.52947598695755,2.3104007244110107,0.9286239784874271
22,7.614473342895508,-0.5365381240844727,2.289567470550537,0.8981346958719792
22,7.619011878967285,-0.5432698130607605,2.268444061279297,0.8705617926204191
22,7.622435092926025,-0.549705445766449,2.247049570083618,0.8471275148835476
22,7.624502658843994,-0.5559102892875671,2.225419759750366,0.8273740614901085
22,7.624950408935547,-0.5619955062866211,2.2035837173461914,0.8127072784384408
22,7.623645305633545,-0.5680707097053528,2.18178653717041,0.8030550346872034
22,7.620672702789307,-0.5743155479431152,2.1602118015289307,0.7973869907326924
22,7.616267204284668,-0.5809158682823181,2.1389899253845215,0.7945989317190817
22,7.6106767654418945,-0.5880600810050964,2.118032217025757,0.790585184036956
22,7.604295253753662,-0.59577476978302,2.097486734390259,0.7841902968875575
22,7.597340106964111,-0.6039303541183472,2.077287197113037,0.7810690443826896
22,7.589698314666748,-0.6122557520866394,2.057074546813965,0.7759335641886583
22,7.581478595733643,-0.6204703450202942,2.0369186401367188,0.766023181512734
22,7.572787284851074,-0.6283483505249023,2.0168263912200928,0.751072246247609
22,7.5635986328125,-0.6358072757720947,1.9965893030166626,0.7316173663885841
22,7.55403470993042,-0.6428218483924866,1.9762200117111206,0.7054722074470264
22,7.544190406799316,-0.6495561599731445,1.9556739330291748,0.6708360329001016
22,7.53428316116333,-0.6562624573707581,1.9351584911346436,0.627083116149147
22,7.524345874786377,-0.6634711027145386,1.914669394493103,0.5774055195114184
22,7.514423370361328,-0.6718506217002869,1.8943790197372437,0.5203832842688225
22,7.504906177520752,-0.6821044087409973,1.8749243021011353,0.4630331081984007
22,7.496237277984619,-0.6952146887779236,1.8568555116653442,0.4120608357627632
22,7.489145755767822,-0.7119978070259094,1.8411198854446411,0.37700147228946207
22,7.484527111053467,-0.7325172424316406,1.8289061784744263,0.3631699579215663
22,7.483001232147217,-0.7556530833244324,1.8210548162460327,0.36948528755151666
22,7.484374523162842,-0.7799884676933289,1.8173691034317017,0.3883776130754109
22,7.4880781173706055,-0.8044270873069763,1.8171312808990479,0.41277356199398485
22,7.493557453155518,-0.8284055590629578,1.8196663856506348,0.43889582690381346
22,7.50044584274292,-0.8519564270973206,1.8245162963867188,0.46447128445812325
22,7.508304119110107,-0.8747646808624268,1.8312928676605225,0.4901742269275078
22,7.516860008239746,-0.8967357873916626,1.839781641960144,0.517091835595628
22,7.526012420654297,-0.9178910851478577,1.8497487306594849,0.5458556669506439
22,7.535808086395264,-0.9382455945014954,1.8609912395477295,0.5751097395052351
22,7.546252250671387,-0.9576972126960754,1.8732068538665771,0.6005948652068186
22,7.557370662689209,-0.9763818979263306,1.886294960975647,0.6267761495897924
22,7.569125175476074,-0.994259774684906,1.8999944925308228,0.6481978971718428
22,7.581817626953125,-1.011614441871643,1.9143073558807373,0.6659997293344877
22,7.595329284667969,-1.028131127357483,1.9288591146469116,0.6745191998879331
22,7.609513759613037,-1.043622374534607,1.9432482719421387,0.6760365180535762
22,7.624548435211182,-1.0582752227783203,1.9575082063674927,0.669425410604338
22,7.640625476837158,-1.0721427202224731,1.9715591669082642,0.6536543724655229
22,7.657698631286621,-1.0850591659545898,1.9851881265640259,0.6335195699583768
22,7.673895359039307,-1.0957468748092651,1.9969220161437988,0.6146186429377408
22,7.693007469177246,-1.106621503829956,2.00954270362854,0.5939148242610803
22,7.71306848526001,-1.1162283420562744,2.0216548442840576,0.5787040880559587
22,7.734186172485352,-1.1246273517608643,2.0336270332336426,0.5759297754030747
22,7.755858898162842,-1.131677269935608,2.045478343963623,0.581588244213529
22,7.777522087097168,-1.1373169422149658,2.0571134090423584,0.593029090579237
22,7.7989959716796875,-1.1416676044464111,2.0685157775878906,0.6058720357923161
22,7.821143627166748,-1.1449923515319824,2.080019474029541,0.6180833768164654
22,7.843523979187012,-1.1472352743148804,2.0911855697631836,0.6276491283689251
22,7.866183757781982,-1.1484615802764893,2.1017723083496094,0.6345677284200659
22,7.889108180999756,-1.1487300395965576,2.1115455627441406,0.6389024370857085
22,7.912288188934326,-1.1481058597564697,2.1202993392944336,0.641975024527091
22,7.935760974884033,-1.1466518640518188,2.127897024154663,0.6444000938552294
22,7.959473133087158,-1.1444331407546997,2.1342239379882812,0.6471548530517058
22,7.983295440673828,-1.1415342092514038,2.139193296432495,0.6510464122235069
22,8.00720500946045,-1.1380301713943481,2.14280104637146,0.6561092168775831
22,8.031120300292969,-1.1340025663375854,2.1450741291046143,0.6623553818209275
22,8.05496597290039,-1.129531741142273,2.1460790634155273,0.6698765017419568
22,8.078524589538574,-1.1247133016586304,2.145875930786133,0.6784494358685581
22,8.102433204650879,-1.1194772720336914,2.144544839859009,0.6876275605991584
22,8.126346588134766,-1.1139426231384277,2.1421711444854736,0.6968157115100037
22,8.150040626525879,-1.108198881149292,2.138871431350708,0.7055238801883296
22,8.173501968383789,-1.1022847890853882,2.134749174118042,0.7134965890152944
22,8.19654369354248,-1.0962780714035034,2.1299264430999756,0.7204471472804679
22,8.219468116760254,-1.0901297330856323,2.1244254112243652,0.7262188340994657
22,8.241568565368652,-1.084048867225647,2.1184933185577393,0.7304190366310879
22,8.263471603393555,-1.077881097793579,2.1120386123657227,0.7330913850006452
22,8.285123825073242,-1.0716519355773926,2.10512113571167,0.7345557256623055
22,8.306495666503906,-1.0653833150863647,2.097801446914673,0.7349723027462113
22,8.327630996704102,-1.05907142162323,2.0901131629943848,0.734386529156361
22,8.348590850830078,-1.0527063608169556,2.0820889472961426,0.7328290925277595
22,8.369340896606445,-1.0463069677352905,2.073802947998047,0.7306643311238539
22,8.389945030212402,-1.0398632287979126,2.065302610397339,0.7280070772452737
22,8.4102783203125,-1.0334235429763794,2.0567171573638916,0.7245986851731242
22,8.430472373962402,-1.0269525051116943,2.048063039779663,0.7210277583358108
22,8.45055103302002,-1.0204466581344604,2.0393965244293213,0.7173029900692229
22,8.470507621765137,-1.0139163732528687,2.03079891204834,0.713096917691337
22,8.490550994873047,-1.0072978734970093,2.0222413539886475,0.7090177013107809
22,8.510540962219238,-1.0006366968154907,2.013828992843628,0.7052105591367455
22,8.530511856079102,-0.9939261674880981,2.0055980682373047,0.7011739267552163
22,8.550448417663574,-0.9871762990951538,1.997598648071289,0.697594254466175
22,8.570405960083008,-0.9803674221038818,1.9898287057876587,0.6945873348533018
22,8.5903902053833,-0.973499059677124,1.9823046922683716,0.6918716356385413
22,8.610356330871582,-0.9665923714637756,1.9750666618347168,0.6896659027253407
22,8.630356788635254,-0.9596309661865234,1.9680989980697632,0.6882022414721449
22,8.650386810302734,-0.9526163935661316,1.961397647857666,0.6873914120252754
22,8.670445442199707,-0.9455557465553284,1.9549630880355835,0.6869908985401062
22,8.690486907958984,-0.9384700059890747,1.9488013982772827,0.6872627592579552
22,8.710551261901855,-0.9313477277755737,1.9428791999816895,0.688186087701487
22,8.730632781982422,-0.9241942763328552,1.9371753931045532,0.6895720719291355
22,8.750686645507812,-0.9170342087745667,1.9316864013671875,0.6912013650488981
22,8.770752906799316,-0.9098585844039917,1.9263761043548584,0.6932657121144249
22,8.790824890136719,-0.9026725888252258,1.921216607093811,0.6956860210126216
22,8.81089973449707,-0.8954810500144958,1.9161810874938965,0.6982639410409897
22,8.83093547821045,-0.888305127620697,1.9112590551376343,0.7007349346207631
22,8.850950241088867,-0.8811417818069458,1.9064229726791382,0.7033226833635138
22,8.87096118927002,-0.8739866018295288,1.9016445875167847,0.7059439702935812
22,8.890926361083984,-0.8668541312217712,1.8969136476516724,0.7084120159935431
22,8.910884857177734,-0.8597314357757568,1.8922055959701538,0.7106102987744471
22,8.93083667755127,-0.8526192307472229,1.8875099420547485,0.7126311567697262
22,8.95077896118164,-0.8455168604850769,1.8828158378601074,0.7143894077872809
22,8.970674514770508,-0.8384329080581665,1.8781235218048096,0.7159145155494908
22,8.990556716918945,-0.8313518762588501,1.8734179735183716,0.7171537405687175
22,9.010430335998535,-0.8242705464363098,1.8686976432800293,0.7179802826963766
22,9.03026008605957,-0.8171963095664978,1.8639708757400513,0.7184265924172958
22,9.050076484680176,-0.8101119995117188,1.8592294454574585,0.7186865850150881
22,9.069881439208984,-0.8030128479003906,1.8544729948043823,0.718751573315812
22,9.089675903320312,-0.7958933115005493,1.8497047424316406,0.7182371585936648
22,9.109432220458984,-0.7887586951255798,1.8449392318725586,0.717494790950599
22,9.129178047180176,-0.7815935015678406,1.8401719331741333,0.7166132558043441
22,9.148914337158203,-0.7743924856185913,1.8354060649871826,0.71558335676392
22,9.168617248535156,-0.7671592831611633,1.8306540250778198,0.7141144773974342
22,9.188311576843262,-0.7598817348480225,1.8259186744689941,0.7124707106889775
22,9.207998275756836,-0.7525547742843628,1.8212037086486816,0.7107621883663919
22,9.227680206298828,-0.74517422914505,1.816514253616333,0.7089194123771415
22,9.247655868530273,-0.7376224398612976,1.8117868900299072,0.7069367616397614
22,9.267704963684082,-0.7299781441688538,1.8070805072784424,0.7047351001927469
22,9.28770923614502,-0.722284197807312,1.802429437637329,0.7024983757627106
22,9.307367324829102,-0.7146559357643127,1.7979105710983276,0.7002553955058073
22,9.327025413513184,-0.7069587707519531,1.7934484481811523,0.6980131720739027
22,9.346672058105469,-0.6991950273513794,1.7890496253967285,0.6957585571571132
22,9.366307258605957,-0.6913641691207886,1.7847216129302979,0.6933275751704386
22,9.385948181152344,-0.6834596991539001,1.7804672718048096,0.6909461291197095
22,9.405594825744629,-0.6754798293113708,1.7762901782989502,0.6886125688160717
22,9.425249099731445,-0.6674236059188843,1.7721959352493286,0.6862694643992736
22,9.44490909576416,-0.6592919826507568,1.7681910991668701,0.683949383112436
22,9.464559555053711,-0.6510909199714661,1.7642823457717896,0.6816686026186161
22,9.484203338623047,-0.6428212523460388,1.7604750394821167,0.6793328442506902
22,9.503839492797852,-0.6344857811927795,1.756775975227356,0.6770582632553914
22,9.523468971252441,-0.626084566116333,1.7531883716583252,0.674839238544658
22,9.5430908203125,-0.6176192760467529,1.749716877937317,0.6726482550498467
22,9.562707901000977,-0.6090920567512512,1.74636709690094,0.6705149514236686
22,9.582318305969238,-0.6005042195320129,1.743142008781433,0.6684375561535
22,9.601924896240234,-0.5918580293655396,1.7400463819503784,0.6664055733626392
22,9.621528625488281,-0.5831575393676758,1.7370857000350952,0.6643563931487209
22,9.641128540039062,-0.5744051337242126,1.7342627048492432,0.6623572223070625
22,9.660727500915527,-0.5656046867370605,1.7315824031829834,0.6604170003057221
22,9.680325508117676,-0.5567596554756165,1.7290488481521606,0.6585250590853037
22,9.699923515319824,-0.5478727221488953,1.726664662361145,0.6566814955624232
22,9.719523429870605,-0.5389490127563477,1.724434733390808,0.65488745956622
22,9.73912525177002,-0.5299922823905945,1.7223625183105469,0.653131530431892
22,9.758729934692383,-0.521006166934967,1.7204501628875732,0.6514252575452198
22,9.778339385986328,-0.5119970440864563,1.7187029123306274,0.6497712429744957
22,9.797953605651855,-0.5029688477516174,1.7171229124069214,0.6481421539447559
22,9.817575454711914,-0.4939262866973877,1.7157129049301147,0.646565818220508
22,9.837204933166504,-0.4848768711090088,1.714477300643921,0.6450200485413113
22,9.856843948364258,-0.47582510113716125,1.713417887687683,0.6434857015923504
22,9.876493453979492,-0.4667774736881256,1.712537407875061,0.6420285761040089
22,9.896156311035156,-0.4577411413192749,1.7118394374847412,0.6405930655636926
22,9.915830612182617,-0.4487205445766449,1.71132493019104,0.6391843774609809
22,9.935521125793457,-0.43972349166870117,1.7109971046447754,0.6378539249921564
22,9.95522689819336,-0.43075689673423767,1.7108579874038696,0.6365416808134348
22,9.974949836730957,-0.4218257665634155,1.7109086513519287,0.6352729690888562
22,9.994690895080566,-0.41293901205062866,1.7111517190933228,0.6340634566072357
22,10.014451026916504,-0.4041028618812561,1.7115882635116577,0.6328712274797774
22,10.034232139587402,-0.39532309770584106,1.7122188806533813,0.6317394034567428
22,10.054034233093262,-0.38660866022109985,1.713045597076416,0.6306641662768666
22,10.073858261108398,-0.3779654800891876,1.7140685319900513,0.62960597946265
22,10.077361106872559,-0.3764466941356659,1.7142696380615234,0.6294199689303042
23,0.4358215034008026,-0.33077743649482727,3.847168207168579,1.00171915002784
23,0.5467145442962646,-0.330775648355484,3.8489179611206055,1.0029147193038097
23,0.6620365381240845,-0.33077260851860046,3.851069688796997,1.0044189869577056
23,0.7773551344871521,-0.3307684659957886,3.853400230407715,1.0060665220783784
23,0.8961352109909058,-0.3307633399963379,3.855801820755005,1.007717801110486
23,1.0170332193374634,-0.33075767755508423,3.8579938411712646,1.00930671951271
23,1.1379382610321045,-0.33075201511383057,3.8597545623779297,1.0106676248361068
23,1.2598730325698853,-0.3307470679283142,3.8607895374298096,1.0118995042091343
23,1.3822015523910522,-0.3307439982891083,3.8608579635620117,1.012262751484233
23,1.5045253038406372,-0.33074381947517395,3.859788179397583,1.0120599057348025
23,1.6269474029541016,-0.33074814081192017,3.8574869632720947,1.0111454258029393
23,1.749341368675232,-0.330757737159729,3.853990316390991,1.0089910642923379
23,1.8717254400253296,-0.3307735323905945,3.8494110107421875,1.006359444466929
23,1.994078516960144,-0.33079561591148376,3.84397292137146,1.0026252484838254
23,2.116398572921753,-0.33082395792007446,3.837836503982544,0.9984503319810185
23,2.2386956214904785,-0.3308582007884979,3.8312480449676514,0.9938847658508418
23,2.3609750270843506,-0.3308981657028198,3.8243393898010254,0.9888907647539745
23,2.4832446575164795,-0.3309437334537506,3.817255735397339,0.983775084758132
23,2.605510711669922,-0.3309950530529022,3.8101134300231934,0.9784748300050756
23,2.7277774810791016,-0.33105239272117615,3.8029839992523193,0.9731328949645697
23,2.850050449371338,-0.3311161696910858,3.7959647178649902,0.9677507796536203
23,2.9723334312438965,-0.3311869204044342,3.7891204357147217,0.9624781774385027
23,3.0946297645568848,-0.3312651813030243,3.7825164794921875,0.9572746772077552
23,3.21694278717041,-0.33135175704956055,3.7762291431427,0.9522196996938499
23,3.3392739295959473,-0.33144721388816833,3.770310878753662,0.9474422440024638
23,3.4616260528564453,-0.33155253529548645,3.7648372650146484,0.9428115798567925
23,3.5839998722076416,-0.3316686451435089,3.7598752975463867,0.9386727035543727
23,3.706395149230957,-0.33179640769958496,3.755481719970703,0.934855575525633
23,3.828792095184326,-0.3319370448589325,3.7517311573028564,0.9314304440373414
23,3.9512081146240234,-0.3320915400981903,3.7486705780029297,0.928713488498873
23,4.073421001434326,-0.3322608470916748,3.7463603019714355,0.9263677711911131
23,4.194553852081299,-0.3324447572231293,3.744847297668457,0.9248210392611728
23,4.315694332122803,-0.3326457142829895,3.7441341876983643,0.9238648746537089
23,4.433588981628418,-0.3328589200973511,3.744231939315796,0.9233843189279117
23,4.551480293273926,-0.333090603351593,3.745120048522949,0.9237936058870734
23,4.663022041320801,-0.3333278298377991,3.7466931343078613,0.9246001293229772
23,4.766077995300293,-0.33356356620788574,3.7487800121307373,0.9257663937407459
23,4.861231327056885,-0.33379608392715454,3.75124454498291,0.9273427053191128
23,4.9563703536987305,-0.3340435326099396,3.7542200088500977,0.9292670104790053
23,5.04630184173584,-0.33429181575775146,3.7574939727783203,0.9313903486634079
23,5.133784294128418,-0.33454713225364685,3.761096715927124,0.9337223287311184
23,5.220465183258057,-0.3348138928413391,3.7650601863861084,0.9362745275661667
23,5.306972980499268,-0.335094153881073,3.7693941593170166,0.9390507859647514
23,5.393447399139404,-0.3353883922100067,3.7740914821624756,0.9420643477564091
23,5.4799017906188965,-0.33569663763046265,3.779139518737793,0.9453136825054844
23,5.566336154937744,-0.3360188603401184,3.784524440765381,0.9487931483947993
23,5.652749538421631,-0.3363555073738098,3.790233612060547,0.9525255223080187
23,5.739141464233398,-0.33670774102211,3.796254873275757,0.956538351073596
23,5.825511455535889,-0.3370775282382965,3.802576780319214,0.9608602914709603
23,5.911856174468994,-0.3374675214290619,3.8091869354248047,0.9655187058160276
23,5.998167037963867,-0.3378812372684479,3.816070795059204,0.9705474194362671
23,6.0844573974609375,-0.3383234143257141,3.8232128620147705,0.9760380662319315
23,6.170785427093506,-0.33880025148391724,3.8305985927581787,0.9819929638468708
23,6.257970333099365,-0.33932411670684814,3.8382749557495117,0.9883146507046061
23,6.346837043762207,-0.33991169929504395,3.84628963470459,0.9949677940519838
23,6.436300754547119,-0.34057313203811646,3.8544909954071045,1.0021907525067997
23,6.485556125640869,-0.3409847915172577,3.859044075012207,1.0064786930274578
23,6.5088605880737305,-0.34119394421577454,3.8612008094787598,1.0084021188534373
23,6.532163619995117,-0.34141308069229126,3.8633575439453125,1.0102941776804657
23,6.555466651916504,-0.34164273738861084,3.865513324737549,1.0121856008868797
23,6.578812122344971,-0.34188392758369446,3.867671012878418,1.0140861320530263
23,6.601842880249023,-0.34213319420814514,3.8697967529296875,1.0159409918144353
23,6.624974727630615,-0.3423953354358673,3.8719279766082764,1.0177863932987603
23,6.648280143737793,-0.34267178177833557,3.874070405960083,1.0196293174791813
23,6.671682834625244,-0.3429623544216156,3.876216173171997,1.0214591908388995
23,6.695178508758545,-0.3432675004005432,3.878364086151123,1.0232722545952553
23,6.718762397766113,-0.34358781576156616,3.8805131912231445,1.0250642966875816
23,6.742428302764893,-0.34392377734184265,3.882662296295166,1.0268292198430176
23,6.766095161437988,-0.34427475929260254,3.8848037719726562,1.028557184594514
23,6.789839267730713,-0.34464243054389954,3.886944532394409,1.0302516827035777
23,6.813655376434326,-0.3450273275375366,3.8890838623046875,1.031908864579129
23,6.83753776550293,-0.345429927110672,3.891221284866333,1.0335248726981854
23,6.861481189727783,-0.3458508253097534,3.8933563232421875,1.0350977937062393
23,6.885221481323242,-0.3462856113910675,3.895465850830078,1.0366088412280707
23,6.909013748168945,-0.346739262342453,3.8975729942321777,1.0380720211906658
23,6.9328532218933105,-0.3472122251987457,3.8996777534484863,1.0394854114682421
23,6.9567341804504395,-0.3477049767971039,3.901779890060425,1.0408472925961905
23,6.980651378631592,-0.3482178747653961,3.9038796424865723,1.042157094721406
23,7.004601001739502,-0.3487512767314911,3.905977249145508,1.0434146744815431
23,7.0285820960998535,-0.3493055999279022,3.9080731868743896,1.0446206737091497
23,7.052590370178223,-0.3498811423778534,3.910168170928955,1.0457736373031932
23,7.076598644256592,-0.35047751665115356,3.912259817123413,1.0468763747068006
23,7.100607395172119,-0.35109493136405945,3.9143495559692383,1.047932530730001
23,7.124633312225342,-0.3517340421676636,3.9164395332336426,1.0489456398660177
23,7.148673057556152,-0.35239484906196594,3.918529748916626,1.0499200220171632
23,7.1724748611450195,-0.35307034850120544,3.9205989837646484,1.0508459153385445
23,7.196282863616943,-0.353767067193985,3.9226694107055664,1.051733919979299
23,7.220091819763184,-0.3544849157333374,3.924740791320801,1.0525846561999768
23,7.243896484375,-0.3552235960960388,3.9268133640289307,1.0533991052536975
23,7.267693519592285,-0.35598286986351013,3.928887367248535,1.05418009475146
23,7.291478157043457,-0.3567624092102051,3.9309630393981934,1.0549355865288137
23,7.315245628356934,-0.35756197571754456,3.9330406188964844,1.055660121696139
23,7.339363098144531,-0.35839369893074036,3.935152769088745,1.0563711423388953
23,7.363290309906006,-0.3592391014099121,3.93725323677063,1.0570782366389697
23,7.386789798736572,-0.3600892126560211,3.939321756362915,1.0577650651852764
23,7.410869598388672,-0.36097970604896545,3.9414477348327637,1.0584542465342128
23,7.434415340423584,-0.36186936497688293,3.9435336589813232,1.0591435222819783
23,7.457930088043213,-0.3627761900424957,3.9456241130828857,1.0598344621865619
23,7.481410503387451,-0.36369940638542175,3.9477198123931885,1.0605395585586563
23,7.5048604011535645,-0.3646391034126282,3.949821949005127,1.0612790930142249
23,7.528193950653076,-0.3655911982059479,3.951922655105591,1.0620252129261025
23,7.551478862762451,-0.3665575385093689,3.9540293216705322,1.0627863165574438
23,7.57472038269043,-0.36753785610198975,3.9561421871185303,1.0635823591342168
23,7.597915172576904,-0.36853155493736267,3.9582624435424805,1.064414210818783
23,7.621060848236084,-0.3695380687713623,3.960390329360962,1.0652859323957133
23,7.644156455993652,-0.37055671215057373,3.962526559829712,1.0662035284221667
23,7.667199611663818,-0.3715868294239044,3.9646716117858887,1.0671747869980668
23,7.690314292907715,-0.37263351678848267,3.9668383598327637,1.0681933333773275
23,7.713078022003174,-0.3736768960952759,3.968987226486206,1.0692762584447955
23,7.735839366912842,-0.374732106924057,3.9711520671844482,1.0704053825997646
23,7.758838653564453,-0.37580984830856323,3.9733567237854004,1.0716511843639718
23,7.781488418579102,-0.37688207626342773,3.975545883178711,1.0729568431250438
23,7.8040771484375,-0.3779616355895996,3.9777474403381348,1.0743719888616692
23,7.826176643371582,-0.37902745604515076,3.9799201488494873,1.0758598134568327
23,7.848294734954834,-0.38010331988334656,3.982113838195801,1.0774569370989013
23,7.870707035064697,-0.3812023997306824,3.984356164932251,1.0792049548506941
23,7.893063068389893,-0.3823073208332062,3.9866127967834473,1.081098509804421
23,7.915363311767578,-0.3834178149700165,3.9888837337493896,1.0831510836686118
23,7.937605857849121,-0.38453343510627747,3.9911680221557617,1.0853622392426139
23,7.959610939025879,-0.3856448233127594,3.993446111679077,1.0877306610975763
23,7.9815592765808105,-0.38676074147224426,3.995734691619873,1.0903047202368872
23,8.003449440002441,-0.38788095116615295,3.9980320930480957,1.093105394052465
23,8.02528190612793,-0.3890051245689392,4.000334739685059,1.0961643459738437
23,8.047113418579102,-0.3901360034942627,4.002645015716553,1.0995303993244598
23,8.068885803222656,-0.39127016067504883,4.004951477050781,1.103175006514731
23,8.090601921081543,-0.39240705966949463,4.007246971130371,1.1070736087022954
23,8.112258911132812,-0.39354559779167175,4.009521007537842,1.1111636387351729
23,8.13386058807373,-0.39468419551849365,4.011760711669922,1.1153491416348524
23,8.155410766601562,-0.3958209156990051,4.013950824737549,1.119506420512372
23,8.176935195922852,-0.39695435762405396,4.016076564788818,1.1234456699498119
23,8.19845962524414,-0.3980831503868103,4.018123149871826,1.1269558348357112
23,8.219991683959961,-0.3992057144641876,4.020080089569092,1.1297909867467701
23,8.241533279418945,-0.4003209173679352,4.021942138671875,1.131804054262696
23,8.263083457946777,-0.40142834186553955,4.023714542388916,1.1329533750742264
23,8.284639358520508,-0.4025282561779022,4.025411605834961,1.133356642653507
23,8.30620002746582,-0.4036208987236023,4.027048587799072,1.1332210464349932
23,8.327765464782715,-0.40470659732818604,4.028637409210205,1.1327682200104188
23,8.349333763122559,-0.4057864546775818,4.030187129974365,1.1321720121213261
23,8.370903968811035,-0.40686166286468506,4.031701564788818,1.1315813586394325
23,8.392477989196777,-0.40793338418006897,4.033184051513672,1.1310834015835516
23,8.414052963256836,-0.4090025722980499,4.034635066986084,1.1306985443045297
23,8.435630798339844,-0.4100697338581085,4.036053657531738,1.130424238390238
23,8.457210540771484,-0.4111350178718567,4.037438869476318,1.130243418257602
23,8.478793144226074,-0.4121982753276825,4.038788795471191,1.13013149669199
23,8.500377655029297,-0.4132591187953949,4.040101051330566,1.1300587540630198
23,8.521965026855469,-0.4143170714378357,4.041374683380127,1.1299624851052816
23,8.543554306030273,-0.4153716266155243,4.042608261108398,1.1298467834012673
23,8.565147399902344,-0.4164222776889801,4.043801307678223,1.1296951868894325
23,8.58674144744873,-0.4174685478210449,4.044953346252441,1.129496034424143
23,8.608339309692383,-0.4185100793838501,4.046065330505371,1.1292423378412584
23,8.629938125610352,-0.4195466637611389,4.047138214111328,1.1289317211851695
23,8.651538848876953,-0.4205782115459442,4.048172950744629,1.1285664855369677
23,8.673142433166504,-0.42160481214523315,4.04917049407959,1.1281470379459555
23,8.694747924804688,-0.42262664437294006,4.050133228302002,1.1276856744075074
23,8.716354370117188,-0.42364391684532166,4.05106258392334,1.127196458401137
23,8.73796272277832,-0.4246569573879242,4.051959037780762,1.1266866151343091
23,8.759572982788086,-0.42566609382629395,4.0528244972229,1.1261612992726437
23,8.781184196472168,-0.42667150497436523,4.053659439086914,1.1256239952211535
23,8.802796363830566,-0.42767345905303955,4.054464340209961,1.125075754529004
23,8.824410438537598,-0.42867207527160645,4.055239200592041,1.1245149616627856
23,8.846024513244629,-0.42966750264167786,4.055983543395996,1.1239352049780245
23,8.86764144897461,-0.43065977096557617,4.056698322296143,1.123335872277466
23,8.88925838470459,-0.4316488802433014,4.057382106781006,1.1227132254582182
23,8.910876274108887,-0.4326348304748535,4.058035373687744,1.1220637483043019
23,8.932496070861816,-0.43361762166023254,4.058658123016357,1.1213845909689588
23,8.954115867614746,-0.4345972239971161,4.059249401092529,1.1206731837614072
23,8.975737571716309,-0.43557363748550415,4.05980920791626,1.1199279226141718
23,8.997360229492188,-0.4365468919277191,4.060338497161865,1.1191417527668988
23,9.018982887268066,-0.4375170171260834,4.0608367919921875,1.1183184025175712
23,9.040607452392578,-0.4384840726852417,4.061304569244385,1.117459605636931
23,9.06223201751709,-0.43944817781448364,4.061741828918457,1.1165653815160008
23,9.083857536315918,-0.44040942192077637,4.062149524688721,1.1156360705597599
23,9.105484008789062,-0.44136789441108704,4.062527656555176,1.1146717418301537
23,9.127110481262207,-0.4423237144947052,4.062877178192139,1.1136724406303347
23,9.148736953735352,-0.4432770013809204,4.063198089599609,1.1126356120282423
23,9.170365333557129,-0.44422784447669983,4.063491344451904,1.1115599736457744
23,9.191993713378906,-0.445176362991333,4.063756942749023,1.1104500999076672
23,9.213622093200684,-0.4461226463317871,4.063996315002441,1.1093059840424202
23,9.235251426696777,-0.4470667839050293,4.064209461212158,1.1081280876871569
23,9.256880760192871,-0.44800880551338196,4.06439733505249,1.1069165138868349
23,9.278510093688965,-0.44894883036613464,4.0645599365234375,1.105671720781011
23,9.300139427185059,-0.44988682866096497,4.064698696136475,1.1043942799341475
23,9.321769714355469,-0.4508228302001953,4.064813613891602,1.1030779866435934
23,9.343400001525879,-0.4517567753791809,4.064905643463135,1.1017294215163504
23,9.365030288696289,-0.45268866419792175,4.064975261688232,1.1003492793327792
23,9.386661529541016,-0.4536184072494507,4.065022945404053,1.0989368124444265
23,9.408291816711426,-0.4545459747314453,4.06505012512207,1.097493420793771
23,9.429923057556152,-0.4554712772369385,4.065056800842285,1.0960203886318278
23,9.451554298400879,-0.45639410614967346,4.065043926239014,1.0945181666458714
23,9.473185539245605,-0.4573143720626831,4.065012454986572,1.092984762718124
23,9.494816780090332,-0.4582318961620331,4.064962387084961,1.091419310296233
23,9.516447067260742,-0.4591464400291443,4.064895153045654,1.0898255370967804
23,9.538078308105469,-0.46005779504776,4.064810752868652,1.0882045021191802
23,9.559710502624512,-0.46096569299697876,4.0647101402282715,1.0865569065946241
23,9.581341743469238,-0.4618698060512543,4.064594268798828,1.0848836971529792
23,9.602972984313965,-0.46276983618736267,4.064463138580322,1.0831857118487844
23,9.624605178833008,-0.4636654257774353,4.0643181800842285,1.0814635368158187
23,9.646236419677734,-0.46455615758895874,4.064159393310547,1.0797158243553322
23,9.667868614196777,-0.46544161438941956,4.063987731933594,1.0779476515065187
23,9.68950080871582,-0.4663213789463043,4.063803672790527,1.0761604799859588
23,9.711132049560547,-0.46719491481781006,4.063608169555664,1.074356018728302
23,9.732765197753906,-0.4680617153644562,4.063401699066162,1.0725365807115876
23,9.75439739227295,-0.4689212143421173,4.0631842613220215,1.0707040146039943
23,9.776029586791992,-0.4697728157043457,4.062956809997559,1.0688610199460085
23,9.797662734985352,-0.4706159234046936,4.06272029876709,1.067009653251678
23,9.819296836853027,-0.4714498519897461,4.062474250793457,1.0651531012151514
23,9.840929985046387,-0.4722740054130554,4.062220096588135,1.0632939484992423
23,9.862564086914062,-0.4730875790119171,4.061957359313965,1.0614349450458482
23,9.884198188781738,-0.47388991713523865,4.0616865158081055,1.0595792082197542
23,9.905832290649414,-0.47468021512031555,4.061408042907715,1.0577297494641575
23,9.927467346191406,-0.47545766830444336,4.061122417449951,1.0558885729753655
23,9.949102401733398,-0.47622138261795044,4.060829162597656,1.0540594305972035
23,9.97073745727539,-0.4769705832004547,4.060528755187988,1.052247184177059
23,9.9923734664917,-0.4777044355869293,4.060220718383789,1.05044977038479
23,10.014010429382324,-0.478422075510025,4.059905529022217,1.0486673456132518
23,10.03564739227295,-0.47912269830703735,4.059582710266113,1.0468986517292773
23,10.057284355163574,-0.47980549931526184,4.059251308441162,1.0451418391242207
23,10.078922271728516,-0.4804697036743164,4.05891227722168,1.0433946980910278
23,10.100561141967773,-0.48111456632614136,4.058564186096191,1.0416551285572409
23,10.122199058532715,-0.4817394018173218,4.058207035064697,1.0399233362818237
23,10.143837928771973,-0.4823435842990875,4.057840824127197,1.038194524498583
23,10.165484428405762,-0.4829266667366028,4.057464599609375,1.0364631989364246
23,10.187202453613281,-0.48348966240882874,4.057077884674072,1.0347219165704056
23,10.209244728088379,-0.48403793573379517,4.056674480438232,1.0329550344674694
23,10.232192039489746,-0.4845835268497467,4.056242942810059,1.031122143116192
23,10.256854057312012,-0.48514100909233093,4.055766582489014,1.0291929388951084
23,10.281516075134277,-0.48566848039627075,4.055276870727539,1.0272965734212482
23,10.308414459228516,-0.4862094521522522,4.0547285079956055,1.02524576103125
23,10.337294578552246,-0.48675015568733215,4.0541229248046875,1.023103950998475
23,10.366174697875977,-0.4872489869594574,4.053500175476074,1.0209871808725928
23,10.39622688293457,-0.4877230226993561,4.052835464477539,1.0188097970798078
23,10.426279067993164,-0.48815062642097473,4.052153587341309,1.0167056328228192
23,10.456777572631836,-0.4885365962982178,4.051445484161377,1.0145915762008608
23,10.487375259399414,-0.4888748824596405,4.050719261169434,1.0125510482999551
23,10.517973899841309,-0.489163875579834,4.049977779388428,1.0105750921868342
23,10.548582077026367,-0.48940348625183105,4.049221992492676,1.0086383026423036
23,10.579191207885742,-0.4895935654640198,4.048452377319336,1.006830688402172
23,10.6097993850708,-0.48973405361175537,4.047670364379883,1.0050635865975313
23,10.640406608581543,-0.48982512950897217,4.046876430511475,1.0033893388095767
23,10.671014785766602,-0.48986685276031494,4.0460710525512695,1.001812135381338
23,10.70162296295166,-0.48985955119132996,4.045255184173584,1.000280743163553
23,10.732230186462402,-0.4898034930229187,4.044429302215576,0.9988932377478104
23,10.762837409973145,-0.4896989166736603,4.043593883514404,0.9975628072872985
23,10.79344367980957,-0.4895464777946472,4.042749404907227,0.9963175649088319
23,10.824049949645996,-0.489346444606781,4.041896343231201,0.995190790543838
23,10.854656219482422,-0.4890994727611542,4.041034698486328,0.9941147367607933
23,10.885260581970215,-0.48880621790885925,4.040165424346924,0.993166577007267
23,10.915863990783691,-0.4884672164916992,4.039287567138672,0.992266260162446
23,10.946467399597168,-0.4880833029747009,4.038402080535889,0.9914296165855059
23,10.977070808410645,-0.4876551330089569,4.037508964538574,0.9907202459298141
23,11.007672309875488,-0.4871836006641388,4.03660774230957,0.9900606687011643
23,11.038272857666016,-0.48666974902153015,4.035698413848877,0.9895049019951883
23,11.068873405456543,-0.4861142933368683,4.034780502319336,0.9890300459681216
23,11.099472045898438,-0.48551851511001587,4.033853530883789,0.9886061828153628
23,11.130069732666016,-0.4848833382129669,4.0329179763793945,0.9883049694389904
23,11.160666465759277,-0.484209805727005,4.031972408294678,0.98804784352261
23,11.191262245178223,-0.48349931836128235,4.031017303466797,0.987868125343901
23,11.221857070922852,-0.4827527701854706,4.030051231384277,0.9877670302176669
23,11.25245189666748,-0.4819716215133667,4.029073715209961,0.9877077824337748
23,11.283053398132324,-0.4811570346355438,4.0280842781066895,0.9877425483817172
23,11.313653945922852,-0.4803102910518646,4.027082443237305,0.9878207528013788
23,11.344277381896973,-0.4794323742389679,4.026066303253174,0.9879524343774404
23,11.374900817871094,-0.47852516174316406,4.0250372886657715,0.988158220252946
23,11.405587196350098,-0.47758832573890686,4.023991584777832,0.9883973009706385
23,11.436412811279297,-0.4766211211681366,4.022927761077881,0.9886913489885053
23,11.467236518859863,-0.4756292998790741,4.0218505859375,0.989062297511905
23,11.498310089111328,-0.4746071994304657,4.020752429962158,0.9895096081871502
23,11.529382705688477,-0.47356417775154114,4.019640922546387,0.9900224702624459
23,11.565759658813477,-0.4723190665245056,4.018316745758057,0.9904332168661032
23,11.631665229797363,-0.4700092673301697,4.015851020812988,0.9914205091640256
23,11.697566032409668,-0.4676387310028076,4.013299942016602,0.9927161380866748
23,11.769302368164062,-0.46500471234321594,4.0104146003723145,0.9941353999422776
23,11.89892578125,-0.4601658880710602,4.0048604011535645,0.9963430388407369
23,12.028524398803711,-0.45526909828186035,3.9988210201263428,0.9995299180190237
23,12.150103569030762,-0.4506884515285492,3.9926984310150146,1.0029104822012842
23,12.271660804748535,-0.44616764783859253,3.9861221313476562,1.0065267232085606
23,12.393535614013672,-0.44173774123191833,3.979060411453247,1.0103554612516161
23,12.414870262145996,-0.4409756362438202,3.9777746200561523,1.0110110077127272
24,0.9424222707748413,0.9759211540222168,2.44120454788208,1.014736152190061
24,1.0631940364837646,0.9760648608207703,2.4469926357269287,1.018821240987242
24,1.1850297451019287,0.9762315154075623,2.4519357681274414,1.0228930305629909
24,1.274990200996399,0.976369321346283,2.4547531604766846,1.025757539041997
24,1.3972991704940796,0.9765823483467102,2.4567952156066895,1.029175328065008
24,1.51962411403656,0.9768280982971191,2.456454277038574,1.0316758483814437
24,1.6420234441757202,0.977112352848053,2.4532663822174072,1.0337935704972108
24,1.7643156051635742,0.9774374961853027,2.4472320079803467,1.033448194327445
24,1.8864408731460571,0.9778057932853699,2.4384427070617676,1.0324555051157713
24,2.0084121227264404,0.9782178401947021,2.427379608154297,1.02940211952706
24,2.130190372467041,0.97867351770401,2.4143595695495605,1.02482806699457
24,2.2518134117126465,0.9791717529296875,2.3999576568603516,1.0194373979516693
24,2.373302936553955,0.9797128438949585,2.3844659328460693,1.0123387344602595
24,2.494683265686035,0.9802973866462708,2.3681437969207764,1.0047531871566717
24,2.615973949432373,0.9809293746948242,2.3511695861816406,0.9962468006446867
24,2.737180709838867,0.981612503528595,2.333606481552124,0.986598108426545
24,2.858311176300049,0.9823541641235352,2.315528154373169,0.9763443191135269
24,2.979367256164551,0.9831622838973999,2.2969613075256348,0.9640251589414954
24,3.100348472595215,0.9840443730354309,2.2779152393341064,0.9503763763447434
24,3.2212636470794678,0.9850127100944519,2.258457899093628,0.934775543005747
24,3.3421199321746826,0.9860772490501404,2.238643169403076,0.9164691450054853
24,3.4629383087158203,0.9872523546218872,2.218604803085327,0.8962686121799041
24,3.5837621688842773,0.9885581135749817,2.1986083984375,0.8725330270532831
24,3.7046384811401367,0.9900164008140564,2.1789419651031494,0.846977207312525
24,3.825660467147827,0.991666316986084,2.1603429317474365,0.8195937545577877
24,3.93300199508667,0.9933143258094788,2.14528489112854,0.7967033328896937
24,4.054372787475586,0.9954283833503723,2.130953550338745,0.7715062378543225
24,4.175031661987305,0.9978268146514893,2.1204848289489746,0.7547398812557977
24,4.2743048667907715,1.0000442266464233,2.115384101867676,0.744976510977877
24,4.39214563369751,1.0029793977737427,2.113999605178833,0.7433295401658141
24,4.509925365447998,1.0062439441680908,2.1177992820739746,0.7509550080763336
24,4.621131420135498,1.0096197128295898,2.125828981399536,0.7646057676331851
24,4.723601818084717,1.012969970703125,2.136460065841675,0.7835318358051048
24,4.825778007507324,1.0165282487869263,2.149575710296631,0.8044008735859793
24,4.919898986816406,1.0199949741363525,2.163334608078003,0.824450960659555
24,5.008723735809326,1.0234349966049194,2.177363395690918,0.8433344615733174
24,5.095040321350098,1.0269405841827393,2.191622734069824,0.8608635733428341
24,5.18129301071167,1.0306122303009033,2.2062246799468994,0.8770316681157865
24,5.266740322113037,1.0344277620315552,2.220839500427246,0.8916234459745072
24,5.352025032043457,1.038428544998169,2.2354326248168945,0.9047233949121375
24,5.437298774719238,1.042638897895813,2.249946355819702,0.9164884134730623
24,5.522580146789551,1.0470777750015259,2.264345407485962,0.9269921650869541
24,5.609076023101807,1.0518356561660767,2.2787857055664062,0.9364324769221707
24,5.696734428405762,1.0569465160369873,2.293212890625,0.9447188694797959
24,5.784411907196045,1.0623785257339478,2.3074066638946533,0.9519767990185305
24,5.875826358795166,1.068418264389038,2.321932077407837,0.958759060612692
24,5.970817565917969,1.0751451253890991,2.336723804473877,0.9650667791464271
24,6.068997859954834,1.082624912261963,2.3517074584960938,0.9708886263101392
24,6.169846534729004,1.0909069776535034,2.3668131828308105,0.9763458665932605
24,6.273087024688721,1.1000494956970215,2.3820266723632812,0.9813055745957678
24,6.376291751861572,1.1098884344100952,2.397043466567993,0.985718694840837
24,6.481009006500244,1.1206027269363403,2.4121382236480713,0.989777130154021
24,6.54405403137207,1.127408504486084,2.4211742877960205,0.9907778323914076
24,6.64890193939209,1.1393274068832397,2.4360313415527344,0.9957719487330469
24,6.676454067230225,1.142575740814209,2.4398996829986572,0.9965671202788275
24,6.7040019035339355,1.1458728313446045,2.443755865097046,0.9973303420223862
24,6.73080587387085,1.1491276025772095,2.4474973678588867,0.9980409441224642
24,6.757528781890869,1.1524189710617065,2.4512181282043457,0.9987274006697437
24,6.784177780151367,1.1557481288909912,2.454921007156372,0.9993793457581658
24,6.8108062744140625,1.1591218709945679,2.458613872528076,1.000002200169666
24,6.837410926818848,1.1625404357910156,2.4622976779937744,1.0005959527917463
24,6.863990783691406,1.1660041809082031,2.465972900390625,1.0011580970082978
24,6.890626907348633,1.1695245504379272,2.4696524143218994,1.0016935357078147
24,6.9172515869140625,1.173093557357788,2.473327159881592,1.0021920204085453
24,6.9438581466674805,1.1767112016677856,2.4769980907440186,1.0026521900841243
24,6.970407962799072,1.1803728342056274,2.4806606769561768,1.0030711815987006
24,6.996932029724121,1.1840837001800537,2.484321117401123,1.0034450067996632
24,7.023425102233887,1.1878440380096436,2.4879794120788574,1.0037708752337264
24,7.049880504608154,1.1916543245315552,2.49163556098938,1.0040519262909167
24,7.076362133026123,1.1955249309539795,2.4952991008758545,1.0042816945345414
24,7.10279655456543,1.1994471549987793,2.4989609718322754,1.004457056013747
24,7.129180431365967,1.2034213542938232,2.5026214122772217,1.004579629340729
24,7.155491828918457,1.2074460983276367,2.5062787532806396,1.004645301775982
24,7.181746482849121,1.2115252017974854,2.5099363327026367,1.00465382439828
24,7.208008766174316,1.2156707048416138,2.5136027336120605,1.0046095858187327
24,7.234206199645996,1.2198737859725952,2.5172691345214844,1.0045063533717216
24,7.260335445404053,1.2241357564926147,2.520935297012329,1.004344491193477
24,7.2863922119140625,1.2284585237503052,2.524601459503174,1.0041256510924756
24,7.312361717224121,1.2328416109085083,2.5282671451568604,1.0038498743207442
24,7.338253498077393,1.2372896671295166,2.531933546066284,1.0035249927780423
24,7.364131927490234,1.2418166399002075,2.5356104373931885,1.0031503103622428
24,7.389926433563232,1.2464141845703125,2.53928804397583,1.0027271609540873
24,7.415633678436279,1.251084804534912,2.542966604232788,1.0022590847999295
24,7.441235065460205,1.2558283805847168,2.5466442108154297,1.0017483915492007
24,7.4667439460754395,1.2606515884399414,2.550323486328125,1.001191355765458
24,7.4922194480896,1.265569806098938,2.5540127754211426,1.0006427424894364
24,7.518224716186523,1.270698070526123,2.557793140411377,1.0000420634103324
24,7.543776988983154,1.2758538722991943,2.5615227222442627,0.9993538871683494
24,7.569077014923096,1.2810767889022827,2.5652294158935547,0.9987145176100745
24,7.594207763671875,1.2863914966583252,2.5689258575439453,0.9979721626645177
24,7.61923885345459,1.2918137311935425,2.5726187229156494,0.9973136112522291
24,7.64421272277832,1.2973599433898926,2.5763115882873535,0.9966084669385282
24,7.669070720672607,1.3030250072479248,2.579991579055786,0.9959727567110189
24,7.69450569152832,1.3089760541915894,2.5837550163269043,0.9952003431136973
24,7.719051837921143,1.314879059791565,2.5873758792877197,0.9942263445734373
24,7.742951393127441,1.320777177810669,2.590876817703247,0.9927787238735011
24,7.767843723297119,1.3270485401153564,2.5944833755493164,0.9907814678489958
24,7.792595386505127,1.3333746194839478,2.5980160236358643,0.9879634193618932
24,7.817278861999512,1.3397300243377686,2.601473093032837,0.984393247023026
24,7.8419036865234375,1.3460743427276611,2.6048429012298584,0.9801376088665655
24,7.866477012634277,1.352373480796814,2.608114004135132,0.9752620239983816
24,7.890865802764893,1.3585625886917114,2.6112585067749023,0.9701226947004383
24,7.91523551940918,1.364666223526001,2.614292621612549,0.9650213614274157
24,7.939559459686279,1.3706728219985962,2.6172139644622803,0.9602662642736282
24,7.963833332061768,1.3765884637832642,2.620028018951416,0.9560891177928805
24,7.98797607421875,1.3824124336242676,2.6227340698242188,0.9525742720774755
24,8.011971473693848,1.3881614208221436,2.625338315963745,0.9498696604951022
24,8.035895347595215,1.3938708305358887,2.6278510093688965,0.9478037738447667
24,8.059744834899902,1.3995500802993774,2.630269765853882,0.9462479359705132
24,8.083518028259277,1.4052009582519531,2.6325881481170654,0.9448793724521504
24,8.107141494750977,1.4108004570007324,2.6347906589508057,0.9437958771490793
24,8.13070011138916,1.4163594245910645,2.636873245239258,0.9427137308534203
24,8.15412712097168,1.4218500852584839,2.6388232707977295,0.9419770615487787
24,8.177484512329102,1.4272762537002563,2.6406424045562744,0.9412555665448561
24,8.200691223144531,1.4326069355010986,2.6423180103302,0.9406312601335394
24,8.223843574523926,1.4378567934036255,2.6438558101654053,0.9401820437133326
24,8.246944427490234,1.4430218935012817,2.6452558040618896,0.9399003349355571
24,8.269993782043457,1.4480994939804077,2.646519184112549,0.9397763900650201
24,8.292990684509277,1.4530882835388184,2.6476478576660156,0.9397771470797855
24,8.315851211547852,1.4579695463180542,2.6486401557922363,0.9398952464612806
24,8.338581085205078,1.462746500968933,2.6495001316070557,0.9401306389949383
24,8.361254692077637,1.4674370288848877,2.6502349376678467,0.9404746765223471
24,8.383870124816895,1.4720426797866821,2.6508474349975586,0.940914630244312
24,8.406425476074219,1.4765652418136597,2.651341438293457,0.9414300844001218
24,8.428837776184082,1.4809892177581787,2.6517186164855957,0.9419937971817294
24,8.451188087463379,1.4853330850601196,2.651984214782715,0.942608747784715
24,8.47347640991211,1.4895985126495361,2.652141809463501,0.9432666520982611
24,8.49570369720459,1.4937869310379028,2.6521952152252197,0.9439612141280895
24,8.517866134643555,1.4978994131088257,2.6521477699279785,0.9446874427950627
24,8.539965629577637,1.5019371509552002,2.6520025730133057,0.9454286229783054
24,8.56191349029541,1.505885124206543,2.651763677597046,0.9461717202663474
24,8.583796501159668,1.5097603797912598,2.6514337062835693,0.946934606635375
24,8.605731010437012,1.5135842561721802,2.6510140895843506,0.9477338356181179
24,8.627508163452148,1.5173214673995972,2.6505112648010254,0.9485330984939923
24,8.6492919921875,1.5210012197494507,2.6499242782592773,0.9493576217559412
24,8.67101001739502,1.5246119499206543,2.6492576599121094,0.9502032943446886
24,8.692660331726074,1.5281546115875244,2.64851450920105,0.9510356627002027
24,8.714156150817871,1.5316160917282104,2.647700548171997,0.9518774416873803
24,8.735587120056152,1.5350123643875122,2.646815776824951,0.9527368374186057
24,8.756967544555664,1.5383466482162476,2.645862102508545,0.9536141623840766
24,8.77834415435791,1.5416268110275269,2.6448395252227783,0.954510649759472
24,8.799725532531738,1.5448544025421143,2.643749475479126,0.9554274986072232
24,8.821110725402832,1.5480297803878784,2.6425931453704834,0.9563690496671184
24,8.842499732971191,1.5511530637741089,2.6413724422454834,0.9573141539979331
24,8.863893508911133,1.5542243719100952,2.6400887966156006,0.9582480323069958
24,8.885290145874023,1.557243824005127,2.6387438774108887,0.9592134645348864
24,8.90669059753418,1.5602113008499146,2.6373393535614014,0.9601979017496475
24,8.928093910217285,1.563127040863037,2.635876178741455,0.9611999082840026
24,8.94950008392334,1.565990686416626,2.6343560218811035,0.9622196976724505
24,8.97091007232666,1.5688022375106812,2.6327805519104004,0.9632603905188047
24,8.992321968078613,1.5715618133544922,2.631150245666504,0.9643167265406436
24,9.013736724853516,1.5742689371109009,2.629467010498047,0.9653878003652293
24,9.03515338897705,1.5769236087799072,2.6277315616607666,0.966434022748357
24,9.056572914123535,1.5795255899429321,2.6259453296661377,0.9674774043443983
24,9.077994346618652,1.5820746421813965,2.6241092681884766,0.9685312304622982
24,9.099418640136719,1.5845704078674316,2.6222245693206787,0.9695953294495057
24,9.120843887329102,1.5870126485824585,2.6202919483184814,0.9706719218975154
24,9.142271041870117,1.5894008874893188,2.6183128356933594,0.9717555131726694
24,9.163700103759766,1.5917348861694336,2.6162877082824707,0.9728447388952295
24,9.185131072998047,1.5940141677856445,2.61421799659729,0.9739464787620796
24,9.206562995910645,1.596238374710083,2.6121041774749756,0.9750647486059371
24,9.227996826171875,1.5984069108963013,2.609947681427002,0.976184699350825
24,9.249431610107422,1.6005194187164307,2.6077489852905273,0.9772931255047529
24,9.270867347717285,1.602575421333313,2.605509042739868,0.9783663779796303
24,9.292304039001465,1.60457444190979,2.603228807449341,0.9794363391034941
24,9.313742637634277,1.6065161228179932,2.6009087562561035,0.9805014975939227
24,9.335182189941406,1.6083998680114746,2.5985500812530518,0.9815601848489336
24,9.356621742248535,1.6102252006530762,2.5961527824401855,0.9826107484339919
24,9.37806224822998,1.6119917631149292,2.5937182903289795,0.9836516733960973
24,9.399503707885742,1.6136988401412964,2.5912466049194336,0.984681661690463
24,9.420945167541504,1.6153461933135986,2.5887391567230225,0.985713292653443
24,9.442387580871582,1.616932988166809,2.586196184158325,0.9867420151900338
24,9.46382999420166,1.6184589862823486,2.583618640899658,0.9877538221794646
24,9.485272407531738,1.6199235916137695,2.5810070037841797,0.9887470772224978
24,9.506714820861816,1.621326208114624,2.578361988067627,0.9897200900615163
24,9.528157234191895,1.622666597366333,2.5756843090057373,0.9906711652263185
24,9.549599647521973,1.6239442825317383,2.572974443435669,0.9915989109890667
24,9.57104206085205,1.6251587867736816,2.570232629776001,0.9924985775469137
24,9.592483520507812,1.6263096332550049,2.56745982170105,0.9933439042831315
24,9.613924026489258,1.6273967027664185,2.5646562576293945,0.9941651405648319
24,9.635364532470703,1.628419280052185,2.5618231296539307,0.9949805707665893
24,9.656803131103516,1.6293772459030151,2.5589609146118164,0.995765864482457
24,9.678241729736328,1.6302701234817505,2.556069850921631,0.996519839642066
24,9.699678421020508,1.6310977935791016,2.5531506538391113,0.9972413113190468
24,9.721114158630371,1.6318597793579102,2.550203800201416,0.9979292405165145
24,9.742547988891602,1.6325560808181763,2.5472300052642822,0.9985821261563591
24,9.763980865478516,1.6331863403320312,2.54422926902771,0.9991987926057373
24,9.78541088104248,1.633750319480896,2.5412023067474365,0.999778355878526
24,9.806839942932129,1.634247899055481,2.53814959526062,1.000336128011947
24,9.828266143798828,1.6346790790557861,2.535072088241577,1.0008656885197742
24,9.849690437316895,1.635043740272522,2.5319700241088867,1.0013555983222433
24,9.871111869812012,1.635341763496399,2.528843879699707,1.0018048890826974
24,9.892531394958496,1.635573148727417,2.5256941318511963,1.00221310502162
24,9.913947105407715,1.6357377767562866,2.5225212574005127,1.002579859860001
24,9.9353609085083,1.635835886001587,2.5193257331848145,1.0029047553685009
24,9.956770896911621,1.6358673572540283,2.5161077976226807,1.0031875444948324
24,9.978177070617676,1.63583242893219,2.5128679275512695,1.0034453787345745
24,9.999580383300781,1.6357312202453613,2.5096073150634766,1.0036693803101855
24,10.020980834960938,1.6355639696121216,2.5063257217407227,1.0038492279731324
24,10.042376518249512,1.6353307962417603,2.503024101257324,1.0039854422957855
24,10.063769340515137,1.635032057762146,2.4997026920318604,1.00407792377102
24,10.08515739440918,1.6346678733825684,2.49636173248291,1.004126575265951
24,10.106541633605957,1.6342387199401855,2.493001937866211,1.0041315079352884
24,10.127921104431152,1.6337448358535767,2.489623546600342,1.004095917109746
24,10.149303436279297,1.6331866979599,2.4862260818481445,1.004040835257483
24,10.17068099975586,1.6325645446777344,2.482811450958252,1.0039430667167633
24,10.192124366760254,1.6318767070770264,2.4793686866760254,1.003803643539763
24,10.213881492614746,1.631113886833191,2.4758574962615967,1.0036184111324569
24,10.236527442932129,1.630251169204712,2.472184658050537,1.0033784476446845
24,10.260858535766602,1.629248023033142,2.4682183265686035,1.003064497367185
24,10.285183906555176,1.6281675100326538,2.464232921600342,1.002696978172119
24,10.31170654296875,1.6269030570983887,2.4598660469055176,1.0022685651907601
24,10.34017276763916,1.6254477500915527,2.45515513420105,1.0017398205079069
24,10.368631362915039,1.6238924264907837,2.4504213333129883,1.0011157780393403
24,10.398234367370605,1.6221696138381958,2.4454727172851562,1.0003902810832843
24,10.427827835083008,1.6203418970108032,2.4405009746551514,0.999589158620642
24,10.45784854888916,1.618381381034851,2.4354336261749268,0.99874852349897
24,10.487957000732422,1.6163102388381958,2.430328607559204,0.9978376488913488
24,10.518054962158203,1.614135980606079,2.425203323364258,0.9968585151123017
24,10.548152923583984,1.6118605136871338,2.4200568199157715,0.9958216307854911
24,10.578238487243652,1.609486699104309,2.414891481399536,0.9947051969771454
24,10.608314514160156,1.6070170402526855,2.4097084999084473,0.9935713736467883
24,10.638379096984863,1.6044548749923706,2.4045093059539795,0.9923688870931526
24,10.66843318939209,1.601801872253418,2.399294137954712,0.9911014974607935
24,10.698476791381836,1.599061369895935,2.394063711166382,0.9897589900664758
24,10.728510856628418,1.596235752105713,2.3888189792633057,0.9882870446933067
24,10.758533477783203,1.5933281183242798,2.3835608959198,0.9867963277227414
24,10.78854751586914,1.5903420448303223,2.3782904148101807,0.985234871754305
24,10.818551063537598,1.5872795581817627,2.373007297515869,0.9836064104640385
24,10.84854507446289,1.5841443538665771,2.3677124977111816,0.9819335482908969
24,10.87852954864502,1.5809390544891357,2.3624062538146973,0.9801804168166646
24,10.908504486083984,1.5776671171188354,2.357089042663574,0.9784046080172674
24,10.938470840454102,1.5743322372436523,2.3517611026763916,0.9765324727526699
24,10.968428611755371,1.570936679840088,2.3464229106903076,0.9745111459058623
24,10.99837875366211,1.5674842596054077,2.341073989868164,0.9724447348763569
24,11.0283203125,1.5639781951904297,2.335714817047119,0.9702862640066243
24,11.05825424194336,1.5604218244552612,2.3303451538085938,0.96809152731502
24,11.088180541992188,1.5568194389343262,2.324965238571167,0.9657946461891981
24,11.118099212646484,1.5531731843948364,2.3195738792419434,0.9634094087505299
24,11.14801025390625,1.5494877099990845,2.3141708374023438,0.9609627239935623
24,11.177915573120117,1.5457663536071777,2.3087563514709473,0.9583326117690236
24,11.207815170288086,1.5420124530792236,2.3033299446105957,0.9556644771811753
24,11.237710952758789,1.53822922706604,2.297891139984131,0.9528944223683815
24,11.267600059509277,1.5344185829162598,2.2924389839172363,0.9500341111874202
24,11.297492027282715,1.5305830240249634,2.2869720458984375,0.9471387247891022
24,11.327378273010254,1.5267261266708374,2.281491756439209,0.9441058280621334
24,11.357283592224121,1.5228474140167236,2.275993824005127,0.9409676598711717
24,11.387248992919922,1.5189452171325684,2.2704718112945557,0.9376413892638915
24,11.417210578918457,1.515030026435852,2.26493763923645,0.9342237935167319
24,11.447305679321289,1.5110890865325928,2.2593681812286377,0.9307721667514083
24,11.477398872375488,1.5071442127227783,2.2537901401519775,0.9271382510586109
24,11.507735252380371,1.5031678676605225,2.248159885406494,0.9234292274931766
24,11.543251991271973,1.4985121488571167,2.2415661811828613,0.9188385435529521
24,11.57876968383789,1.493857502937317,2.234978437423706,0.9141864571257081
24,11.64313793182373,1.4854536056518555,2.223099708557129,0.9057454425688626
24,11.707534790039062,1.47710120677948,2.2113378047943115,0.8972344660752681
24,11.777692794799805,1.4680883884429932,2.198767900466919,0.8880566052660985
24,11.904714584350586,1.4520727396011353,2.177201271057129,0.8733251818113593
24,12.032125473022461,1.436582088470459,2.1576547622680664,0.8611439055150532
24,12.152148246765137,1.4228485822677612,2.142003059387207,0.8524308213288249
24,12.272987365722656,1.4100946187973022,2.1294872760772705,0.8488633102707085
24,12.394271850585938,1.3985813856124878,2.120598316192627,0.8486713482041371
24,12.516091346740723,1.3884762525558472,2.1155683994293213,0.8524281342093498
24,12.638124465942383,1.379887342453003,2.114375114440918,0.8599105308785429
24,12.760238647460938,1.372815728187561,2.116799831390381,0.8696103238150951
24,12.767766952514648,1.372428059577942,2.1170599460601807,0.870358558572534
25,0.8969970345497131,-0.4184194803237915,3.5344045162200928,1.008147002722436
25,1.017876386642456,-0.4184190332889557,3.5371599197387695,1.009922582595422
25,1.1387656927108765,-0.41841936111450195,3.5394251346588135,1.0114893535809741
25,1.2588838338851929,-0.4184216260910034,3.5408308506011963,1.012936472734958
25,1.3812109231948853,-0.41842761635780334,3.541114568710327,1.0135199609382013
25,1.5035333633422852,-0.4184388518333435,3.540020704269409,1.0135566905897009
25,1.6259487867355347,-0.41845768690109253,3.5374081134796143,1.0128851099794665
25,1.7483234405517578,-0.41848528385162354,3.5333034992218018,1.010904164708471
25,1.870644450187683,-0.41852298378944397,3.527829170227051,1.008417983774171
25,1.9929413795471191,-0.41857093572616577,3.5212514400482178,1.0046124939130363
25,2.1151862144470215,-0.41862916946411133,3.5137672424316406,1.0002452272205795
25,2.237393617630005,-0.4186970293521881,3.505685567855835,0.9953466064773283
25,2.359571695327759,-0.4187743365764618,3.4971697330474854,0.9898379274242107
25,2.48173189163208,-0.41886085271835327,3.488401412963867,0.9841248019968524
25,2.603883981704712,-0.418956995010376,3.479522705078125,0.9780718518314857
25,2.726034641265869,-0.41906318068504333,3.470621347427368,0.9718450060449851
25,2.8481922149658203,-0.41918033361434937,3.461818218231201,0.965486138110869
25,2.970362424850464,-0.4193093478679657,3.453195333480835,0.959041859244583
25,3.0925514698028564,-0.4194512367248535,3.4448392391204834,0.9525859813312407
25,3.2147650718688965,-0.4196075201034546,3.436852216720581,0.9461647602754483
25,3.3370065689086914,-0.4197792410850525,3.4293036460876465,0.939920653581442
25,3.4592807292938232,-0.41996824741363525,3.4223029613494873,0.9337680059548028
25,3.581589698791504,-0.42017626762390137,3.415947675704956,0.9280840874221012
25,3.703934907913208,-0.4204050302505493,3.410325288772583,0.9227351894276165
25,3.826295852661133,-0.4206569194793701,3.405552625656128,0.9178424539719736
25,3.9486892223358154,-0.4209338426589966,3.401705026626587,0.9138065374235522
25,4.070891380310059,-0.42123764753341675,3.3988802433013916,0.910259275608103
25,4.192020893096924,-0.42156821489334106,3.397150993347168,0.9078037119690756
25,4.3131608963012695,-0.42192989587783813,3.3965327739715576,0.9061424864488171
25,4.43105411529541,-0.4223141074180603,3.3970346450805664,0.9051880659049827
25,4.5489373207092285,-0.4227316975593567,3.398637294769287,0.9054298679511718
25,4.660460472106934,-0.42315906286239624,3.401169776916504,0.9062403826840236
25,4.763486862182617,-0.42358309030532837,3.404381275177002,0.9075614605936336
25,4.858599662780762,-0.42400026321411133,3.4080793857574463,0.9094224524451657
25,4.953682899475098,-0.4244425296783447,3.412466526031494,0.9116756684043434
25,5.043547630310059,-0.42488378286361694,3.4172279834747314,0.9141317505187491
25,5.130949974060059,-0.42533427476882935,3.4224109649658203,0.9167755748302228
25,5.217536449432373,-0.4258005917072296,3.428060531616211,0.9196016934664595
25,5.303934097290039,-0.42628487944602966,3.434191942214966,0.9226061617778245
25,5.390283107757568,-0.4267868995666504,3.4407989978790283,0.9258036948783648
25,5.4765944480896,-0.42730551958084106,3.4478726387023926,0.9291720161040457
25,5.562866687774658,-0.4278393089771271,3.4554057121276855,0.9327476613198651
25,5.6490983963012695,-0.4283863306045532,3.463393449783325,0.9365683520512033
25,5.735286235809326,-0.4289444386959076,3.4718337059020996,0.9406962721903466
25,5.821515083312988,-0.42951154708862305,3.4807379245758057,0.9452020151962972
25,5.909059524536133,-0.43009358644485474,3.4902493953704834,0.9502235734797116
25,5.999513626098633,-0.4306991398334503,3.5005733966827393,0.9560100473326114
25,6.089910507202148,-0.4313076138496399,3.5113840103149414,0.9625673657455295
25,6.183642864227295,-0.4319440722465515,3.523089647293091,0.9703352074279158
25,6.280409812927246,-0.432613730430603,3.5356528759002686,0.9792001957786887
25,6.377124309539795,-0.4333076477050781,3.548611640930176,0.9887355486816438
25,6.477629661560059,-0.4340772032737732,3.5623748302459717,1.000031228017159
25,6.528525352478027,-0.4345020353794098,3.569380044937134,1.0064337553145997
25,6.554619312286377,-0.434735506772995,3.5729639530181885,1.0096212697729918
25,6.580728530883789,-0.43498119711875916,3.5765388011932373,1.0127355054719862
25,6.606606483459473,-0.4352375268936157,3.5800669193267822,1.0158140085522434
25,6.632501125335693,-0.43550804257392883,3.583578586578369,1.0188951300846458
25,6.6583733558654785,-0.4357934892177582,3.5870649814605713,1.0219548336244966
25,6.684321403503418,-0.43609619140625,3.5905354022979736,1.0249888023130427
25,6.710350036621094,-0.43641749024391174,3.593986749649048,1.027987734207777
25,6.736456394195557,-0.4367586672306061,3.597414970397949,1.03094016672604
25,6.762633800506592,-0.4371210038661957,3.600816249847412,1.033834427260986
25,6.788679122924805,-0.43750277161598206,3.604161262512207,1.0366496524122137
25,6.814785957336426,-0.437907874584198,3.6074728965759277,1.0393833935951575
25,6.840948104858398,-0.4383378028869629,3.610747814178467,1.0420193471231258
25,6.867115020751953,-0.43879321217536926,3.6139774322509766,1.0445410211503954
25,6.8933305740356445,-0.4392765462398529,3.6171653270721436,1.0469420030074748
25,6.9195876121521,-0.43978941440582275,3.620309352874756,1.0492095995715596
25,6.945889472961426,-0.44033366441726685,3.623408317565918,1.051332090085165
25,6.972234725952148,-0.44091111421585083,3.6264615058898926,1.0533055018917143
25,6.998430252075195,-0.44151875376701355,3.629446506500244,1.055105232001402
25,7.024659633636475,-0.4421621859073639,3.63238525390625,1.0567302485183319
25,7.0509161949157715,-0.4428427815437317,3.635277509689331,1.0581735211469554
25,7.077193260192871,-0.4435616731643677,3.6381242275238037,1.0594314775075289
25,7.103485107421875,-0.4443197548389435,3.6409265995025635,1.0605031092773543
25,7.129784107208252,-0.4451175034046173,3.643686294555664,1.0613912347749144
25,7.156085014343262,-0.4459550082683563,3.6464059352874756,1.0621011217313954
25,7.182380676269531,-0.4468318819999695,3.6490886211395264,1.0626434289113642
25,7.208497047424316,-0.4477413296699524,3.6517200469970703,1.0630245565339667
25,7.234600067138672,-0.4486882984638214,3.6543211936950684,1.0632644327506373
25,7.260659217834473,-0.4496713876724243,3.6568920612335205,1.063378380463828
25,7.286688804626465,-0.45069122314453125,3.6594371795654297,1.0633870466474
25,7.312680721282959,-0.45174750685691833,3.6619584560394287,1.0633031660906391
25,7.338634490966797,-0.45284005999565125,3.664459228515625,1.0631339493103746
25,7.36454439163208,-0.4539682865142822,3.6669416427612305,1.0628855995077449
25,7.390406131744385,-0.4551318287849426,3.6694090366363525,1.062568747361389
25,7.416728496551514,-0.4563526511192322,3.671912670135498,1.0621911128032901
25,7.442656517028809,-0.4575907289981842,3.674374580383301,1.0617469095851169
25,7.467800617218018,-0.45882534980773926,3.6767613887786865,1.0612783372214796
25,7.493772506713867,-0.46013328433036804,3.679229259490967,1.0607643338538764
25,7.519375801086426,-0.4614546597003937,3.681668519973755,1.060220734370986
25,7.544914722442627,-0.4628026783466339,3.684110641479492,1.059675122382273
25,7.570385456085205,-0.46417614817619324,3.686558723449707,1.059068501669246
25,7.595677852630615,-0.4655679166316986,3.68900465965271,1.0585228477621145
25,7.6208953857421875,-0.46698135137557983,3.691460132598877,1.0579562717228697
25,7.645888328552246,-0.4684070348739624,3.693913459777832,1.0573983152941544
25,7.670804977416992,-0.46985259652137756,3.6963818073272705,1.0568494600519738
25,7.695643424987793,-0.4713177978992462,3.698869466781616,1.0563072570751142
25,7.720400810241699,-0.47280213236808777,3.7013802528381348,1.055769971394858
25,7.7450737953186035,-0.47430500388145447,3.703918218612671,1.0552341766078548
25,7.769774436950684,-0.47583240270614624,3.7064990997314453,1.0547353673629836
25,7.79500150680542,-0.4774149954319,3.709182024002075,1.0542077214537424
25,7.819413661956787,-0.4789681136608124,3.711829662322998,1.0537448261796891
25,7.842761993408203,-0.48047369718551636,3.714416027069092,1.0532596555644376
25,7.866942882537842,-0.4820529520511627,3.717153787612915,1.0528580191095909
25,7.891034126281738,-0.4836461842060089,3.7199456691741943,1.0524777267959096
25,7.915032863616943,-0.48525339365005493,3.722796678543091,1.0521529461539412
25,7.938936233520508,-0.48687469959259033,3.7257115840911865,1.0518876634773326
25,7.962742805480957,-0.48851075768470764,3.728693962097168,1.051678820214027
25,7.986449718475342,-0.49016255140304565,3.7317471504211426,1.0515138877929346
25,8.010055541992188,-0.4918317496776581,3.7348721027374268,1.0513715335299265
25,8.03355884552002,-0.4935213327407837,3.7380690574645996,1.0512220112716253
25,8.056818962097168,-0.49522650241851807,3.7413151264190674,1.050981531634921
25,8.07998275756836,-0.49696725606918335,3.7446258068084717,1.0507227093116944
25,8.103050231933594,-0.4987628757953644,3.748002767562866,1.0501303800054516
25,8.125948905944824,-0.5006388425827026,3.7514374256134033,1.0493221984644872
25,8.148677825927734,-0.502640962600708,3.7549333572387695,1.0474559842050337
25,8.171299934387207,-0.5048323273658752,3.758483648300171,1.0436100435475002
25,8.193824768066406,-0.5072177648544312,3.7619972229003906,1.038078526239558
25,8.216287612915039,-0.5097079873085022,3.7653021812438965,1.0321978840636263
25,8.238593101501465,-0.5121566653251648,3.7681872844696045,1.026733418594098
25,8.26089096069336,-0.5144794583320618,3.770562171936035,1.0223329129980785
25,8.283177375793457,-0.516618549823761,3.772421360015869,1.0200284138689473
25,8.305435180664062,-0.5185463428497314,3.773839235305786,1.0203486974258003
25,8.327726364135742,-0.5202746391296387,3.774949550628662,1.0222832541962155
25,8.349957466125488,-0.5218491554260254,3.775907516479492,1.024445401558835
25,8.372114181518555,-0.5233500599861145,3.7768521308898926,1.0260228140216834
25,8.394189834594727,-0.5248419642448425,3.777862787246704,1.026738196194024
25,8.416180610656738,-0.5263617634773254,3.7789649963378906,1.0266897370230061
25,8.4380521774292,-0.5279231667518616,3.780134916305542,1.0261370812495623
25,8.45984172821045,-0.5295251607894897,3.7813308238983154,1.025334503164242
25,8.481550216674805,-0.5311573147773743,3.7825169563293457,1.0244042767756383
25,8.503183364868164,-0.5328112840652466,3.783672571182251,1.0233590345763541
25,8.524755477905273,-0.5344814658164978,3.784785509109497,1.0222099271265852
25,8.5463285446167,-0.5361664891242981,3.785850763320923,1.0209882650737203
25,8.567890167236328,-0.5378594994544983,3.7868621349334717,1.0197262110291203
25,8.589452743530273,-0.5395559072494507,3.787818193435669,1.0184504047880487
25,8.611018180847168,-0.5412513017654419,3.7887182235717773,1.0171864085780962
25,8.632586479187012,-0.5429423451423645,3.7895641326904297,1.0159566989820998
25,8.654156684875488,-0.5446271896362305,3.7903597354888916,1.0148062028343396
25,8.675728797912598,-0.5463050007820129,3.791109323501587,1.0137561637060497
25,8.697303771972656,-0.5479760766029358,3.7918169498443604,1.0127940634790684
25,8.718879699707031,-0.5496414303779602,3.7924864292144775,1.0118870206073487
25,8.740457534790039,-0.5513020157814026,3.7931199073791504,1.0110367750246032
25,8.762036323547363,-0.5529587268829346,3.7937188148498535,1.0102025415057605
25,8.783616065979004,-0.5546123385429382,3.7942826747894287,1.0093568139867581
25,8.805196762084961,-0.5562633872032166,3.7948105335235596,1.0084815934656235
25,8.82677936553955,-0.5579120516777039,3.7953007221221924,1.0075618120909597
25,8.848362922668457,-0.5595584511756897,3.7957515716552734,1.0065851192895796
25,8.86994743347168,-0.5612025260925293,3.796161651611328,1.005541189893404
25,8.891531944274902,-0.5628441572189331,3.7965288162231445,1.0044269433936015
25,8.913118362426758,-0.564483106136322,3.7968523502349854,1.0032395141424102
25,8.93470573425293,-0.5661193132400513,3.797131061553955,1.001976690769513
25,8.956293106079102,-0.5677525401115417,3.7973642349243164,1.0006364451196958
25,8.97788143157959,-0.5693827271461487,3.797550916671753,0.9992171039364199
25,8.999470710754395,-0.5710098743438721,3.7976906299591064,0.9977155804117588
25,9.0210599899292,-0.5726341009140015,3.797783374786377,0.9961253117595404
25,9.042649269104004,-0.5742555260658264,3.7978291511535645,0.9944535349671019
25,9.064239501953125,-0.5758743286132812,3.79782772064209,0.9927143765613676
25,9.085829734802246,-0.577490508556366,3.7977800369262695,0.9909083041990407
25,9.107419967651367,-0.5791043639183044,3.7976863384246826,0.9890276246184376
25,9.129010200500488,-0.5807160139083862,3.7975473403930664,0.9870750888660942
25,9.15060043334961,-0.58232581615448,3.797363758087158,0.9850534148838754
25,9.172189712524414,-0.5839338898658752,3.797135829925537,0.9829599471666128
25,9.193778991699219,-0.5855405330657959,3.7968645095825195,0.9808019418129755
25,9.215368270874023,-0.5871458649635315,3.796550750732422,0.9785836257228628
25,9.236956596374512,-0.5887500643730164,3.7961955070495605,0.9763079083077728
25,9.258543968200684,-0.5903531908988953,3.795799493789673,0.9739778860366461
25,9.280130386352539,-0.591955304145813,3.7953641414642334,0.9715967335160138
25,9.301716804504395,-0.5935564041137695,3.7948906421661377,0.9691676630753654
25,9.323302268981934,-0.5951563715934753,3.794379711151123,0.9666916994220145
25,9.344886779785156,-0.5967549681663513,3.793832778930664,0.9641721288113965
25,9.366471290588379,-0.5983520746231079,3.7932512760162354,0.9616133065673557
25,9.388053894042969,-0.5999472141265869,3.7926361560821533,0.9590177986109609
25,9.409635543823242,-0.6015398502349854,3.7919888496398926,0.9564021079105578
25,9.431218147277832,-0.6031293869018555,3.791311264038086,0.9537541606410408
25,9.452798843383789,-0.6047152876853943,3.79060435295105,0.9510756197901125
25,9.47437858581543,-0.6062968969345093,3.789869785308838,0.9483716197788996
25,9.495959281921387,-0.6078734397888184,3.7891087532043457,0.9456540696761683
25,9.517538070678711,-0.6094440817832947,3.788323402404785,0.9429110242886668
25,9.539116859436035,-0.6110080480575562,3.7875146865844727,0.940144599029043
25,9.56069564819336,-0.6125645041465759,3.786684513092041,0.937356753862509
25,9.582273483276367,-0.6141125559806824,3.785834312438965,0.9345497198192201
25,9.603852272033691,-0.6156513690948486,3.7849655151367188,0.9317257092525392
25,9.625431060791016,-0.617179811000824,3.7840797901153564,0.9288867947980829
25,9.647008895874023,-0.6186970472335815,3.7831790447235107,0.9260354012378746
25,9.668587684631348,-0.6202018857002258,3.782264471054077,0.9231731481702934
25,9.690167427062988,-0.6216933131217957,3.7813377380371094,0.9203024750956967
25,9.711747169494629,-0.623170018196106,3.780400276184082,0.9174261084707417
25,9.733327865600586,-0.6246308088302612,3.779453754425049,0.9145453842829022
25,9.754908561706543,-0.6260741949081421,3.7784996032714844,0.9116651504686105
25,9.776491165161133,-0.6274988055229187,3.7775394916534424,0.9087839115597974
25,9.798074722290039,-0.6289035081863403,3.7765748500823975,0.9059036585231472
25,9.819659233093262,-0.6302869915962219,3.775607109069824,0.9030262082723853
25,9.841245651245117,-0.6316480040550232,3.774637460708618,0.9001527457001471
25,9.862833023071289,-0.6329852938652039,3.773667335510254,0.8972850284754117
25,9.884422302246094,-0.6342976093292236,3.772698402404785,0.8944252123475257
25,9.906012535095215,-0.635583758354187,3.771731376647949,0.891575369622687
25,9.927605628967285,-0.6368424892425537,3.7707676887512207,0.8887375404493111
25,9.949199676513672,-0.6380725502967834,3.769808769226074,0.8859146891008485
25,9.970795631408691,-0.6392728686332703,3.768855333328247,0.8831118572975644
25,9.99239444732666,-0.6404422521591187,3.7679085731506348,0.8803276189076474
25,10.013994216918945,-0.6415796875953674,3.766969680786133,0.8775644375986191
25,10.03559684753418,-0.6426841020584106,3.7660398483276367,0.8748250079361847
25,10.057201385498047,-0.6437545418739319,3.7651195526123047,0.8721129973332462
25,10.078807830810547,-0.6447897553443909,3.764209747314453,0.8694275725674387
25,10.100417137145996,-0.6457883715629578,3.763310194015503,0.8667803547348815
25,10.122027397155762,-0.6467484831809998,3.7624189853668213,0.8641891048864713
25,10.143640518188477,-0.6476684212684631,3.7615346908569336,0.8616377105467107
25,10.165262222290039,-0.6485466957092285,3.760654926300049,0.8591015010792327
25,10.186957359313965,-0.6493847966194153,3.7597763538360596,0.856557667593021
25,10.208976745605469,-0.6501908302307129,3.7588891983032227,0.8539785136725544
25,10.231903076171875,-0.6509823203086853,3.7579708099365234,0.8513072779512459
25,10.256543159484863,-0.6517793536186218,3.7569901943206787,0.8485078521190307
25,10.2811861038208,-0.652521550655365,3.7560174465179443,0.8457729108058835
25,10.308064460754395,-0.6532696485519409,3.7549662590026855,0.8428346404733281
25,10.33692455291748,-0.6540023684501648,3.7538514137268066,0.8398165609106807
25,10.3657865524292,-0.6546624302864075,3.7527520656585693,0.8368735225006017
25,10.39582347869873,-0.6552727818489075,3.7516276836395264,0.8338960825325206
25,10.425861358642578,-0.6558051109313965,3.7505252361297607,0.8310941108513633
25,10.456347465515137,-0.6562659740447998,3.749431610107422,0.8283264055731533
25,10.486934661865234,-0.6566485166549683,3.7483623027801514,0.8257411219790456
25,10.517524719238281,-0.6569513082504272,3.7473230361938477,0.8233037536520176
25,10.548126220703125,-0.6571754813194275,3.7463154792785645,0.8209786511739239
25,10.578728675842285,-0.6573213338851929,3.7453415393829346,0.8189088282459885
25,10.609333038330078,-0.657389760017395,3.7444028854370117,0.8169432908432858
25,10.639938354492188,-0.6573818325996399,3.7435007095336914,0.8151729484091558
25,10.670543670654297,-0.6572982668876648,3.74263596534729,0.8135916424578855
25,10.701150894165039,-0.65714031457901,3.741809606552124,0.8121202717927896
25,10.731759071350098,-0.6569091081619263,3.7410216331481934,0.8109147778242058
25,10.762367248535156,-0.6566057205200195,3.7402727603912354,0.8098283525042326
25,10.792975425720215,-0.6562318205833435,3.739562511444092,0.8089109651380025
25,10.823583602905273,-0.6557884216308594,3.7388908863067627,0.808202898478785
25,10.854190826416016,-0.6552772521972656,3.7382569313049316,0.8076038817003873
25,10.884798049926758,-0.654699981212616,3.7376601696014404,0.8072311808946486
25,10.915404319763184,-0.6540579199790955,3.7370996475219727,0.8069944601833128
25,10.94601058959961,-0.653353214263916,3.7365736961364746,0.8068922130903645
25,10.976615905761719,-0.6525872945785522,3.736081123352051,0.8070011082723574
25,11.007220268249512,-0.651762068271637,3.7356200218200684,0.8072081072600181
25,11.037822723388672,-0.6508796811103821,3.7351884841918945,0.807594327863751
25,11.068424224853516,-0.6499416828155518,3.7347850799560547,0.8081194385882182
25,11.099024772644043,-0.648950457572937,3.7344067096710205,0.8087470920032492
25,11.129623413085938,-0.6479079723358154,3.734051465988159,0.8095732030863523
25,11.160221099853516,-0.6468162536621094,3.7337169647216797,0.8104809030629236
25,11.190816879272461,-0.6456776857376099,3.733400583267212,0.8115211822547949
25,11.22141170501709,-0.6444939374923706,3.733099937438965,0.812690968389333
25,11.252006530761719,-0.6432675719261169,3.732811689376831,0.8139337990110667
25,11.282608032226562,-0.6420004367828369,3.7325336933135986,0.8153326552432882
25,11.313206672668457,-0.640694797039032,3.7322633266448975,0.8168028984178719
25,11.343830108642578,-0.6393522024154663,3.73199725151062,0.8183637307517415
25,11.37445068359375,-0.6379756331443787,3.731733560562134,0.820045631476084
25,11.405136108398438,-0.6365649104118347,3.7314698696136475,0.8217829320341394
25,11.43596076965332,-0.6351193189620972,3.7312045097351074,0.8236104236381347
25,11.46678352355957,-0.6336478590965271,3.730938673019409,0.8255554602024595
25,11.497855186462402,-0.6321423649787903,3.730670213699341,0.8276309010732481
25,11.528925895690918,-0.6306167840957642,3.730396270751953,0.8298068148340636
25,11.565301895141602,-0.6288089156150818,3.7300586700439453,0.8324810073467014
25,11.631208419799805,-0.6254990100860596,3.729383707046509,0.8373813195540251
25,11.697111129760742,-0.6221508383750916,3.7286276817321777,0.8424556139965801
25,11.763011932373047,-0.6187780499458313,3.7277722358703613,0.8477020286866757
25,11.892658233642578,-0.6121716499328613,3.7256381511688232,0.8585063752742862
25,12.022293090820312,-0.6055965423583984,3.7228384017944336,0.8691637271006674
25,12.143914222717285,-0.5994972586631775,3.719568967819214,0.8791698676043592
25,12.265522003173828,-0.5935065150260925,3.715649127960205,0.8894668932145555
25,12.387453079223633,-0.5876479148864746,3.7110342979431152,0.8998083892191768
25,12.509551048278809,-0.5819600224494934,3.7056984901428223,0.9101069389630595
25,12.631624221801758,-0.5764674544334412,3.699639320373535,0.9200961730272081
25,12.753752708435059,-0.5711832642555237,3.692838430404663,0.9300193445424516
25,12.874043464660645,-0.5661906599998474,3.685417890548706,0.9391004669227182
26,1.2634330987930298,-0.6387391686439514,1.0978702306747437,1.0254841154203949
26,1.3853200674057007,-0.638765275478363,1.1082056760787964,1.0291558117038369
26,1.4506803750991821,-0.6387877464294434,1.1123727560043335,1.0314301904348322
26,1.5730410814285278,-0.638857901096344,1.1166267395019531,1.0343902979573332
26,1.695471167564392,-0.6389744877815247,1.1156091690063477,1.0378894668916931
26,1.81775963306427,-0.6391515135765076,1.1091398000717163,1.041376415528173
26,1.9129921197891235,-0.6393354535102844,1.1004951000213623,1.0445098288248091
26,2.0345957279205322,-0.6396341919898987,1.0859642028808594,1.0491827149634976
26,2.142387628555298,-0.6399552822113037,1.0704809427261353,1.055355811531483
26,2.263373851776123,-0.6403679847717285,1.0514556169509888,1.063944993986821
26,2.384190320968628,-0.6408207416534424,1.0313786268234253,1.07557606828291
26,2.504913091659546,-0.6413035988807678,1.0107481479644775,1.090431640036635
26,2.62557053565979,-0.6418169140815735,0.9897387027740479,1.1098330398510903
26,2.746187686920166,-0.6423689126968384,0.9684997797012329,1.1409481856794375
26,2.866791248321533,-0.6429777145385742,0.947187602519989,1.1814021125873198
26,2.9873268604278564,-0.6436365842819214,0.925494372844696,1.2449494012534426
26,3.107773780822754,-0.6443766355514526,0.9033333659172058,1.3239347235430068
26,3.227768898010254,-0.6452794075012207,0.8788555860519409,1.4233731857129812
26,3.2893736362457275,-0.6457968354225159,0.8651572465896606,1.474081227017051
26,3.4079079627990723,-0.6466324925422668,0.8344067931175232,1.577584680256957
26,3.5249526500701904,-0.6471279859542847,0.7984108924865723,1.6413092523141766
26,3.640383005142212,-0.6469223499298096,0.7575367093086243,1.689310197885636
26,3.6901562213897705,-0.6466926336288452,0.7384200096130371,1.6900955983947084
26,3.8046066761016846,-0.6465131044387817,0.6949591040611267,1.6564897855590939
26,3.9201672077178955,-0.6467397212982178,0.6546293497085571,1.6473342416837895
26,4.038995265960693,-0.6459200978279114,0.626397967338562,1.686025669972218
26,4.107744216918945,-0.6444608569145203,0.6173043847084045,1.7495493727423517
26,4.228737831115723,-0.6394607424736023,0.6144128441810608,1.8802157020879047
26,4.27957820892334,-0.6365991234779358,0.6173976063728333,1.9275808744950536
26,4.396803379058838,-0.6292706727981567,0.6301361918449402,2.030965038702882
26,4.436525344848633,-0.6265577077865601,0.6361539363861084,2.068018471156229
26,4.479353427886963,-0.6235967874526978,0.6432440280914307,2.0714615119068696
26,4.58901309967041,-0.6162172555923462,0.6625981330871582,2.0727199630385233
26,4.698408126831055,-0.6088326573371887,0.6833928823471069,2.01227451194895
26,4.799154281616211,-0.601696252822876,0.7041521072387695,1.9311221645628973
26,4.892613887786865,-0.5946280360221863,0.7271246314048767,1.834658105671436
26,4.969496726989746,-0.5886556506156921,0.750934362411499,1.7404150176734854
26,5.055088520050049,-0.5824725031852722,0.785348117351532,1.6291877767153309
26,5.118130683898926,-0.5788406729698181,0.8163502216339111,1.557305779440487
26,5.203086853027344,-0.5751944184303284,0.8629747629165649,1.4684107861503195
26,5.2378830909729,-0.5741925239562988,0.8825097680091858,1.4328080428747636
26,5.3247528076171875,-0.5726596713066101,0.9287823438644409,1.3524400165970933
26,5.3956804275512695,-0.5723512172698975,0.9624601602554321,1.3015970619952666
26,5.446223258972168,-0.5725389719009399,0.9836715459823608,1.2723716525473452
26,5.518381118774414,-0.5733117461204529,1.0100290775299072,1.238627936530138
26,5.615612983703613,-0.5749077200889587,1.0395647287368774,1.2043037040384672
26,5.715607166290283,-0.5769706964492798,1.064576268196106,1.1759566154258707
26,5.816503524780273,-0.5793798565864563,1.0856364965438843,1.1515375672976376
26,5.9193010330200195,-0.5821618437767029,1.1035910844802856,1.1284309715239982
26,6.022291660308838,-0.5853182077407837,1.1185160875320435,1.1073725222663158
26,6.125834941864014,-0.5889266133308411,1.1307131052017212,1.0878649468326953
26,6.229390621185303,-0.5930548310279846,1.1402257680892944,1.0699466783012421
26,6.332480430603027,-0.5977838635444641,1.1470338106155396,1.0538361572710149
26,6.434687614440918,-0.6031948328018188,1.1511186361312866,1.0400440283730426
26,6.535983562469482,-0.6093941330909729,1.152499794960022,1.0291718394047726
26,6.634252548217773,-0.6164095401763916,1.1511681079864502,1.0220507799809175
26,6.688288688659668,-0.6207543015480042,1.149246096611023,1.017906495802445
26,6.7130656242370605,-0.6228728294372559,1.1480745077133179,1.0164164653694778
26,6.738394737243652,-0.6251258850097656,1.1466858386993408,1.0151630844233215
26,6.763543605804443,-0.6274547576904297,1.1451116800308228,1.0141381141235744
26,6.788536071777344,-0.6298626661300659,1.143353819847107,1.0133521600963553
26,6.813200950622559,-0.6323330402374268,1.1414310932159424,1.0128365875979235
26,6.838181495666504,-0.6349325776100159,1.139296054840088,1.0125661488344901
26,6.863495349884033,-0.6376714110374451,1.1369398832321167,1.0125385260441953
26,6.888731002807617,-0.6405125260353088,1.1343969106674194,1.012701120216119
26,6.913862705230713,-0.6434570550918579,1.1316728591918945,1.0131714880583014
26,6.93895959854126,-0.6465165019035339,1.1287641525268555,1.0139316036121024
26,6.963960647583008,-0.6496863961219788,1.1256824731826782,1.0149857269791616
26,6.988858699798584,-0.6529679298400879,1.122434139251709,1.016329073101279
26,7.013729572296143,-0.6563732624053955,1.1190139055252075,1.017984889333181
26,7.038487434387207,-0.659892737865448,1.1154389381408691,1.019959933272234
26,7.063126087188721,-0.6635268926620483,1.111716628074646,1.022263440696899
26,7.087721824645996,-0.6672883629798889,1.1078418493270874,1.024948187544695
26,7.1121931076049805,-0.6711661219596863,1.1038343906402588,1.0278903239868733
26,7.136519908905029,-0.6751577258110046,1.0997055768966675,1.0311531092946344
26,7.160815715789795,-0.6792812347412109,1.095445156097412,1.0347309170942585
26,7.184980392456055,-0.683518648147583,1.0910794734954834,1.0386325421569245
26,7.20901346206665,-0.6878679394721985,1.0866199731826782,1.0428456953217573
26,7.232913494110107,-0.692326545715332,1.0820785760879517,1.0473543198683741
26,7.256681442260742,-0.6968913674354553,1.0774677991867065,1.0521383428279358
26,7.280318260192871,-0.7015591859817505,1.072800636291504,1.0571238203567292
26,7.304023265838623,-0.7063673138618469,1.0680495500564575,1.0622636482044234
26,7.327605724334717,-0.7112740874290466,1.0632665157318115,1.0675848883550996
26,7.351068496704102,-0.7162750959396362,1.058465838432312,1.073052572576416
26,7.374416828155518,-0.7213655114173889,1.0536623001098633,1.0786296087269223
26,7.3976545333862305,-0.7265402674674988,1.048870325088501,1.0842530633481113
26,7.420912742614746,-0.7318215370178223,1.0440764427185059,1.0898709458380662
26,7.444074630737305,-0.7371761202812195,1.0393178462982178,1.0953994013362232
26,7.467135429382324,-0.7425985932350159,1.0346053838729858,1.1006806615723739
26,7.490109443664551,-0.7480844855308533,1.0299420356750488,1.1057004863251483
26,7.513002395629883,-0.7536237835884094,1.0253260135650635,1.1102148394363898
26,7.536011695861816,-0.759250283241272,1.0207092761993408,1.1140628088326807
26,7.558945655822754,-0.764900267124176,1.0161192417144775,1.1171766464716715
26,7.58181095123291,-0.7705526947975159,1.0115426778793335,1.119421880851313
26,7.604776382446289,-0.7762210965156555,1.0069350004196167,1.1208040192553033
26,7.62764310836792,-0.7818225026130676,1.002325177192688,1.121086012345877
26,7.650457382202148,-0.7873374223709106,0.9977047443389893,1.1203031399608268
26,7.673238754272461,-0.7927407622337341,0.9930826425552368,1.118611789850897
26,7.6959991455078125,-0.7980126142501831,0.9884840250015259,1.1162105672923854
26,7.718750476837158,-0.8031455278396606,0.9839507937431335,1.113334397330763
26,7.741610527038574,-0.8081690669059753,0.9795182943344116,1.11032846833197
26,7.764652729034424,-0.8131143450737,0.9752430319786072,1.1075378327182674
26,7.787545204162598,-0.8179323673248291,0.9712629914283752,1.1052748864231128
26,7.810492515563965,-0.8226892948150635,0.9676124453544617,1.103864155280089
26,7.833309173583984,-0.8273647427558899,0.9643790125846863,1.103408285539584
26,7.856003284454346,-0.8319749236106873,0.9615802764892578,1.1038280096108213
26,7.878681659698486,-0.8365499377250671,0.9591874480247498,1.1047665557419217
26,7.901606559753418,-0.8411471247673035,0.9571394920349121,1.1055996110176893
26,7.924562931060791,-0.8457232117652893,0.9554135203361511,1.1059766414001528
26,7.947422027587891,-0.850249707698822,0.9539743661880493,1.1058055329800203
26,7.970160484313965,-0.8547164797782898,0.9527840614318848,1.1050093461808344
26,7.993001461029053,-0.8591600656509399,0.9518057703971863,1.1037304272128565
26,8.015813827514648,-0.863548219203949,0.9510300159454346,1.102067699214182
26,8.038599014282227,-0.8678762316703796,0.9504481554031372,1.1001130856474115
26,8.061359405517578,-0.8721400499343872,0.9500591158866882,1.097961643106718
26,8.084246635437012,-0.8763651847839355,0.9498634934425354,1.0956401928845854
26,8.107177734375,-0.8805331587791443,0.9498715996742249,1.0930317400673877
26,8.13010311126709,-0.8846341371536255,0.950092077255249,1.0903760312595583
26,8.153003692626953,-0.888664722442627,0.9505314826965332,1.08768405106263
26,8.175909996032715,-0.8926308751106262,0.9511966109275818,1.0849657699228066
26,8.1987943649292,-0.8965284824371338,0.9520912170410156,1.0822439128129773
26,8.221695899963379,-0.9003646373748779,0.953220009803772,1.0794918658957822
26,8.244625091552734,-0.9041401743888855,0.9545855522155762,1.0766372254359744
26,8.267516136169434,-0.9078434109687805,0.9561843276023865,1.073754339408258
26,8.29036808013916,-0.9114729762077332,0.9580150246620178,1.0708366571181431
26,8.31318187713623,-0.9150266051292419,0.9600760340690613,1.0678759084578349
26,8.335954666137695,-0.9185016751289368,0.9623661041259766,1.064591038137188
26,8.35895824432373,-0.9219357371330261,0.9649158716201782,1.0611497421144105
26,8.381973266601562,-0.9252912998199463,0.967703640460968,1.0576360625037031
26,8.405033111572266,-0.9285658001899719,0.9707349538803101,1.053975100263413
26,8.42788314819336,-0.9317179918289185,0.9739733934402466,1.0502916551013666
26,8.450679779052734,-0.9347649216651917,0.9774370789527893,1.046559411365221
26,8.473421096801758,-0.937700629234314,0.9811245799064636,1.0424356172384361
26,8.496201515197754,-0.9405315518379211,0.9850521683692932,1.0381189723551512
26,8.518917083740234,-0.9432380795478821,0.9892008900642395,1.033755523717709
26,8.541566848754883,-0.9458133578300476,0.9935659170150757,1.029339365395456
26,8.564148902893066,-0.9482507109642029,0.9981414675712585,1.0248646368599263
26,8.58665943145752,-0.9505438208580017,1.0029206275939941,1.0199200480932569
26,8.609240531921387,-0.952699601650238,1.0079281330108643,1.0147340197132926
26,8.631696701049805,-0.9546918869018555,1.0131109952926636,1.0094848649820602
26,8.654072761535645,-0.956518828868866,1.0184662342071533,1.0041644995257208
26,8.676368713378906,-0.9581743478775024,1.0239790678024292,0.9986122238285385
26,8.698654174804688,-0.959656834602356,1.0296523571014404,0.992644074682524
26,8.720858573913574,-0.9609546065330505,1.0354501008987427,0.9866733818384267
26,8.743556022644043,-0.9620920419692993,1.0415061712265015,0.9805234284747728
26,8.766228675842285,-0.9630317687988281,1.0476646423339844,0.9743311526395486
26,8.788941383361816,-0.96377032995224,1.0539186000823975,0.9676898641153384
26,8.811633110046387,-0.9642981886863708,1.060225009918213,0.961081503330717
26,8.833678245544434,-0.9646081924438477,1.0663796663284302,0.9547339480665745
26,8.855709075927734,-0.9647177457809448,1.0725313425064087,0.948485124858837
26,8.877730369567871,-0.9646272659301758,1.0786538124084473,0.9421462070041332
26,8.89980697631836,-0.964336097240448,1.0847381353378296,0.935913141358919
26,8.921881675720215,-0.9638479948043823,1.0907407999038696,0.9299204675244687
26,8.94395923614502,-0.963167667388916,1.096637487411499,0.924208493324137
26,8.966022491455078,-0.9623024463653564,1.1023989915847778,0.9188103599258916
26,8.988096237182617,-0.9612584114074707,1.1080087423324585,0.9136325718936212
26,9.010224342346191,-0.9600397348403931,1.1134560108184814,0.9087832597297701
26,9.032364845275879,-0.958657443523407,1.118710994720459,0.9043484205931729
26,9.05451774597168,-0.9571220278739929,1.1237577199935913,0.900342152440745
26,9.076683044433594,-0.9554439783096313,1.1285830736160278,0.8967949124567658
26,9.098834037780762,-0.9536367654800415,1.1331707239151,0.8936947881731302
26,9.120994567871094,-0.9517093896865845,1.137518286705017,0.8910353147801291
26,9.14316463470459,-0.9496728181838989,1.1416196823120117,0.888787514026713
26,9.165324211120605,-0.9475386738777161,1.1454675197601318,0.8869442953410329
26,9.18748664855957,-0.9453164935112,1.1490633487701416,0.8855258580340856
26,9.209648132324219,-0.9430164098739624,1.152408242225647,0.8845125231939889
26,9.231772422790527,-0.9406513571739197,1.1555007696151733,0.8838908266846729
26,9.253889083862305,-0.938227117061615,1.1583505868911743,0.8836215437762472
26,9.275994300842285,-0.9357517957687378,1.160963773727417,0.8836778096683507
26,9.298084259033203,-0.9332324266433716,1.1633477210998535,0.8840317410437959
26,9.320155143737793,-0.9306755661964417,1.165510654449463,0.8846548695761914
26,9.342204093933105,-0.9280868768692017,1.1674615144729614,0.8855187240581239
26,9.364229202270508,-0.9254712462425232,1.1692098379135132,0.8865950651727815
26,9.386225700378418,-0.9228329658508301,1.1707658767700195,0.8878497785670557
26,9.408175468444824,-0.920177698135376,1.1721389293670654,0.8892614152276173
26,9.430093765258789,-0.9175059795379639,1.1733405590057373,0.8908072866662903
26,9.451979637145996,-0.9148200154304504,1.1743812561035156,0.8924639387336023
26,9.473830223083496,-0.9121215343475342,1.1752715110778809,0.8942095705618145
26,9.495644569396973,-0.909411609172821,1.1760210990905762,0.8960243121147765
26,9.517419815063477,-0.9066911339759827,1.1766399145126343,0.8978901674454783
26,9.539155960083008,-0.9039604067802429,1.1771373748779297,0.89979108186308
26,9.560851097106934,-0.9012197256088257,1.1775226593017578,0.9017127687966672
26,9.582504272460938,-0.8984688520431519,1.1778044700622559,0.9036397327731944
26,9.604114532470703,-0.895707905292511,1.1779911518096924,0.9055620141436902
26,9.625682830810547,-0.8929358720779419,1.1780908107757568,0.9074734669489594
26,9.647210121154785,-0.8901522159576416,1.1781107187271118,0.9093541818068295
26,9.66873550415039,-0.8873509764671326,1.1780576705932617,0.9112060360639666
26,9.690221786499023,-0.8845359683036804,1.1779379844665527,0.9130275755397522
26,9.711687088012695,-0.8817040920257568,1.1777576208114624,0.9148185453194841
26,9.733148574829102,-0.878852128982544,1.1775221824645996,0.9165758560124689
26,9.754605293273926,-0.8759790658950806,1.1772364377975464,0.9182937201649563
26,9.7760591506958,-0.8730838894844055,1.1769055128097534,0.9199661970557395
26,9.79750919342041,-0.8701658248901367,1.1765341758728027,0.9215820412609694
26,9.818955421447754,-0.8672241568565369,1.1761267185211182,0.9231480339523241
26,9.840396881103516,-0.8642580509185791,1.1756871938705444,0.9246677209319931
26,9.861835479736328,-0.8612666130065918,1.1752194166183472,0.9261406872544242
26,9.883268356323242,-0.8582492470741272,1.174726963043213,0.9275667671529593
26,9.904698371887207,-0.8552051186561584,1.1742134094238281,0.928945985617022
26,9.92612361907959,-0.8521337509155273,1.173681616783142,0.9302786740965734
26,9.94754409790039,-0.8490346074104309,1.1731350421905518,0.9315553207162303
26,9.96895980834961,-0.8459073305130005,1.1725764274597168,0.9327815362497224
26,9.990372657775879,-0.842751681804657,1.1720086336135864,0.933964905480575
26,10.01177978515625,-0.8395673036575317,1.1714342832565308,0.9351064772398275
26,10.033182144165039,-0.8363538384437561,1.1708558797836304,0.9362071298472521
26,10.054581642150879,-0.8331111669540405,1.1702756881713867,0.9372679914063123
26,10.07597541809082,-0.8298391103744507,1.1696960926055908,0.938290065783052
26,10.097365379333496,-0.826537549495697,1.1691190004348755,0.9392662672445866
26,10.11875057220459,-0.8232067227363586,1.1685465574264526,0.9402033602032364
26,10.140130996704102,-0.8198469281196594,1.1679809093475342,0.9411072720614935
26,10.161515235900879,-0.8164572715759277,1.167423963546753,0.941982472638551
26,10.182964324951172,-0.8130278587341309,1.1668758392333984,0.9428344800268187
26,10.204728126525879,-0.8095183372497559,1.1663320064544678,0.9436737632753143
26,10.22738265991211,-0.8058342337608337,1.1657813787460327,0.9445075748397825
26,10.250031471252441,-0.8021196722984314,1.1652480363845825,0.9452851644043399
26,10.274368286132812,-0.7980948090553284,1.164696455001831,0.9460831680593066
26,10.300904273986816,-0.7936679124832153,1.1641231775283813,0.9469017563816502
26,10.327435493469238,-0.7892033457756042,1.1635817289352417,0.9476578216508629
26,10.355913162231445,-0.7843692302703857,1.1630393266677856,0.9484559227878846
26,10.385540962219238,-0.7792957425117493,1.1625217199325562,0.9492200698018681
26,10.415162086486816,-0.7741794586181641,1.1620551347732544,0.949957578016625
26,10.445216178894043,-0.7689465284347534,1.1616394519805908,0.9506821371897729
26,10.475264549255371,-0.7636747360229492,1.1612859964370728,0.9513448375396497
26,10.505404472351074,-0.7583491802215576,1.1609989404678345,0.951995497130866
26,10.53554916381836,-0.7529881596565247,1.1607848405838013,0.9525846290795034
26,10.565689086914062,-0.7475960850715637,1.1606477499008179,0.9531449571603412
26,10.5958251953125,-0.7421777248382568,1.16059410572052,0.9536797042647522
26,10.625956535339355,-0.7367362380027771,1.1606281995773315,0.9541519002307688
26,10.656083106994629,-0.7312755584716797,1.1607552766799927,0.9546047323478059
26,10.68620777130127,-0.7257997989654541,1.1609810590744019,0.9549991333036024
26,10.716328620910645,-0.7203129529953003,1.161309838294983,0.9553653786547155
26,10.746447563171387,-0.7148209810256958,1.161747694015503,0.9557007021470024
26,10.776564598083496,-0.709327757358551,1.1622989177703857,0.955971502979749
26,10.806679725646973,-0.7038381099700928,1.1629685163497925,0.9562166432355796
26,10.836792945861816,-0.6983572840690613,1.1637617349624634,0.9564064808226224
26,10.86690616607666,-0.6928902864456177,1.164682149887085,0.9565614371160968
26,10.897017478942871,-0.6874433755874634,1.1657350063323975,0.9566657392229251
26,10.927127838134766,-0.6820208430290222,1.1669236421585083,0.9566929271769015
26,10.957239151000977,-0.6766276359558105,1.1682519912719727,0.9566859393242118
26,10.987349510192871,-0.6712695956230164,1.169723391532898,0.9566240190380494
26,11.01745891571045,-0.6659517288208008,1.1713401079177856,0.9565135013474089
26,11.047569274902344,-0.6606795787811279,1.173105001449585,0.9563606146164049
26,11.077677726745605,-0.6554571986198425,1.17501962184906,0.9561296170931524
26,11.107787132263184,-0.6502890586853027,1.177085518836975,0.9558586867771268
26,11.137894630432129,-0.645180344581604,1.1793032884597778,0.9555288827149082
26,11.168001174926758,-0.6401349306106567,1.1816730499267578,0.9551373130671216
26,11.19810676574707,-0.6351569294929504,1.1841946840286255,0.9546980711448314
26,11.228212356567383,-0.6302496194839478,1.1868672370910645,0.9541637198726364
26,11.258316993713379,-0.6254159212112427,1.1896896362304688,0.9535816524500335
26,11.288427352905273,-0.6206586360931396,1.1926602125167847,0.9528812985011382
26,11.318535804748535,-0.6159819960594177,1.1957762241363525,0.9520958965319012
26,11.348666191101074,-0.6113849878311157,1.199036717414856,0.9512533060064616
26,11.37879467010498,-0.6068733930587769,1.2024357318878174,0.9502859421526402
26,11.408985137939453,-0.6024399995803833,1.205976963043213,0.949257028508682
26,11.439311027526855,-0.5980769991874695,1.20966374874115,0.948116054309939
26,11.469634056091309,-0.5938071608543396,1.213474988937378,0.9468827833805417
26,11.500202178955078,-0.5895992517471313,1.2174352407455444,0.945540891803064
26,11.530769348144531,-0.5854865908622742,1.2215065956115723,0.9440732404032273
26,11.566554069519043,-0.580787718296051,1.2264012098312378,0.9421545850355207
26,11.631390571594238,-0.5725803971290588,1.235557198524475,0.9384807592072992
26,11.696228981018066,-0.5647684335708618,1.2450387477874756,0.9341976257513565
26,11.766826629638672,-0.556716799736023,1.2556451559066772,0.9291837463395844
26,11.837443351745605,-0.5491307973861694,1.2664668560028076,0.9227793282037824
26,11.965132713317871,-0.5365468859672546,1.2862954139709473,0.9112294607630437
26,12.085065841674805,-0.5259929299354553,1.3048532009124756,0.8980908684357947
26,12.189282417297363,-0.5177726745605469,1.3206838369369507,0.8857376509400109
26,12.309874534606934,-0.5093224048614502,1.3382529020309448,0.869352647795098
26,12.430686950683594,-0.5019819140434265,1.3547731637954712,0.8497705960834758
26,12.551939964294434,-0.49573519825935364,1.3698437213897705,0.8292910309567056
26,12.673521041870117,-0.4905986189842224,1.383294939994812,0.8041211178861655
26,12.79532527923584,-0.48661360144615173,1.3950121402740479,0.7780518622268603
26,12.917333602905273,-0.48393547534942627,1.4051990509033203,0.7497299798890948
26,12.97631549835205,-0.48315197229385376,1.4095746278762817,0.7359420493028606
27,1.6369915008544922,-0.003995150327682495,2.3067588806152344,1.0375166923819752
27,1.685927391052246,-0.003969324287027121,2.304743528366089,1.0377736262267125
27,1.8081839084625244,-0.0039071314968168736,2.2975690364837646,1.0380102358112044
27,1.9302361011505127,-0.0038485315162688494,2.2874889373779297,1.0363654671736766
27,2.0520739555358887,-0.0037936095613986254,2.2750401496887207,1.0338359348194424
27,2.1737027168273926,-0.0037417039275169373,2.2606801986694336,1.0285140807022337
27,2.2951478958129883,-0.0036921086721122265,2.2448384761810303,1.0226511113180075
27,2.4164459705352783,-0.0036433576606214046,2.22790789604187,1.015642335891035
27,2.5376088619232178,-0.0035947696305811405,2.2100324630737305,1.007536165588556
27,2.658651828765869,-0.003544069826602936,2.191364288330078,0.9988911843706608
27,2.7795722484588623,-0.0034877914004027843,2.1719164848327637,0.9883466085695126
27,2.9003608226776123,-0.003422538749873638,2.151667833328247,0.9765166832895826
27,3.021005153656006,-0.0033393215853720903,2.130575180053711,0.9628041105693386
27,3.141479730606079,-0.003230602014809847,2.108535051345825,0.9453668933395964
27,3.261756658554077,-0.003077942645177245,2.0854406356811523,0.925458539804103
27,3.381822347640991,-0.002845166949555278,2.0612728595733643,0.8986753580859831
27,3.4655370712280273,-0.002615052042528987,2.0437073707580566,0.8781349287555681
27,3.5852644443511963,-0.002120707416906953,2.017918348312378,0.8426979544431206
27,3.7048838138580322,-0.0013637394877150655,1.991639256477356,0.804380207225014
27,3.8246850967407227,-0.0001930983562488109,1.966317057609558,0.7627952464751905
27,3.894860029220581,0.0007353609544225037,1.9523946046829224,0.7396651476086592
27,3.973431348800659,0.002046228153631091,1.9386142492294312,0.7150026338676146
27,4.0532989501953125,0.003716676030308008,1.9268696308135986,0.6904723077510528
27,4.173797607421875,0.006879557389765978,1.9150291681289673,0.6687055440652275
27,4.294804096221924,0.010763943195343018,1.9116687774658203,0.6589081312955618
27,4.4124860763549805,0.014837431721389294,1.916949987411499,0.6648941689450671
27,4.5295867919921875,0.018872704356908798,1.9298627376556396,0.6858203668850475
27,4.639662742614746,0.022367117926478386,1.947562336921692,0.7120232185731079
27,4.740813255310059,0.02525397390127182,1.9671754837036133,0.7409548906697879
27,4.841572284698486,0.02782214805483818,1.988759994506836,0.7713409637334455
27,4.934445858001709,0.029956484213471413,2.0095009803771973,0.798154183890173
27,5.022225379943848,0.03183355554938316,2.0292434692382812,0.8212282719586905
27,5.10767126083374,0.03359673544764519,2.0482723712921143,0.840735611498089
27,5.19241189956665,0.03534538671374321,2.066857099533081,0.8568476092284457
27,5.277227401733398,0.03714954853057861,2.085089921951294,0.8697745703249239
27,5.36207914352417,0.03906281664967537,2.1029276847839355,0.8795735264057886
27,5.449401378631592,0.04121125862002373,2.1208748817443848,0.8868325501858959
27,5.540092468261719,0.04371736943721771,2.139094829559326,0.8918130045128991
27,5.633906841278076,0.046706315129995346,2.1575138568878174,0.8943382404182412
27,5.727436542510986,0.05018729344010353,2.175503969192505,0.8941228483423768
27,5.824936389923096,0.05447471886873245,2.19394588470459,0.8920801604938796
27,5.9224324226379395,0.059637002646923065,2.2121851444244385,0.8884010677409432
27,6.023706912994385,0.06623171269893646,2.2310829162597656,0.8824059409387374
27,6.124841690063477,0.07441893219947815,2.2501046657562256,0.8750200588629421
27,6.195429801940918,0.08133309334516525,2.2636170387268066,0.8701946842301428
27,6.296504497528076,0.09345801919698715,2.2836780548095703,0.8636382960799176
27,6.37404727935791,0.10480841249227524,2.2998976707458496,0.8616707431451864
27,6.472576141357422,0.12228934466838837,2.3220527172088623,0.8657465808602314
27,6.5680766105651855,0.14247991144657135,2.3458778858184814,0.8815309282795399
27,6.66239595413208,0.16496291756629944,2.3722219467163086,0.908058467123672
27,6.722433567047119,0.18007811903953552,2.390854597091675,0.9295659133449916
27,6.787197589874268,0.1963994950056076,2.4125218391418457,0.9592965024482154
27,6.838425159454346,0.20885200798511505,2.4307665824890137,0.9848223594347729
27,6.861379146575928,0.21419037878513336,2.439242362976074,0.9969250704707507
27,6.883713722229004,0.21918559074401855,2.447659730911255,1.0094960289783699
27,6.906043529510498,0.22394876182079315,2.456223726272583,1.0220388729767131
27,6.928232669830322,0.2284201979637146,2.4648585319519043,1.0344837385869106
27,6.950336456298828,0.2325732260942459,2.4735755920410156,1.0470798688342937
27,6.972390651702881,0.23638443648815155,2.482362747192383,1.0587328217989336
27,6.994473934173584,0.2398429811000824,2.4912233352661133,1.070158249873218
27,7.016427040100098,0.2428981065750122,2.500070095062256,1.0809193182603922
27,7.038361549377441,0.24554941058158875,2.5089240074157715,1.090877378928267
27,7.060171127319336,0.2477656453847885,2.5177180767059326,1.1006808346899721
27,7.082024574279785,0.24955323338508606,2.5264997482299805,1.108396125333245
27,7.10386848449707,0.25089454650878906,2.5352277755737305,1.1157109930507714
27,7.12568998336792,0.25176969170570374,2.5438756942749023,1.1223309998141644
27,7.147507667541504,0.2521750032901764,2.5524356365203857,1.1274595118689736
27,7.169190883636475,0.2521066665649414,2.560835838317871,1.131894483277192
27,7.190910816192627,0.2515646815299988,2.5691230297088623,1.1345147480686268
27,7.212780952453613,0.2505369782447815,2.5773308277130127,1.1364479454963712
27,7.234402179718018,0.2490445375442505,2.5852842330932617,1.1381670015907388
27,7.255917072296143,0.24708595871925354,2.5930304527282715,1.1375224494296612
27,7.277360439300537,0.24466274678707123,2.6005711555480957,1.1361329462383045
27,7.2988152503967285,0.24176989495754242,2.6079108715057373,1.134127512936477
27,7.320216178894043,0.2384142279624939,2.615025281906128,1.1300866131183822
27,7.341568470001221,0.23459890484809875,2.6219027042388916,1.1258845084291282
27,7.3628716468811035,0.2303314059972763,2.628523349761963,1.1210970597997327
27,7.384117126464844,0.22560946643352509,2.6348867416381836,1.1135045052787131
27,7.405331134796143,0.22042204439640045,2.6409881114959717,1.1051960835762797
27,7.426459789276123,0.21478134393692017,2.646789789199829,1.096603901573333
27,7.44752311706543,0.2086782455444336,2.6522939205169678,1.0855803076771335
27,7.468494415283203,0.2021040916442871,2.6574997901916504,1.073620207409468
27,7.4893798828125,0.19505184888839722,2.662397623062134,1.0606984277115403
27,7.510166645050049,0.18751387298107147,2.6669657230377197,1.046811028620851
27,7.530838489532471,0.17946703732013702,2.6712069511413574,1.0301184965515733
27,7.551331043243408,0.1708938330411911,2.675116777420044,1.012618081967334
27,7.571671009063721,0.1617473065853119,2.6786859035491943,0.9947038370629178
27,7.591800689697266,0.15199638903141022,2.6819095611572266,0.9758684113120921
27,7.6116557121276855,0.1415950357913971,2.684778928756714,0.9564899831981348
27,7.63116455078125,0.13046450912952423,2.68727707862854,0.9360071818562522
27,7.650195598602295,0.11848968267440796,2.6894052028656006,0.9181239437608386
27,7.6686296463012695,0.10553468018770218,2.6911354064941406,0.9071543215681429
27,7.686215877532959,0.09140916913747787,2.6924617290496826,0.9022626877322818
27,7.702798843383789,0.07608526945114136,2.6933326721191406,0.9311373875479368
27,7.7184906005859375,0.05982827767729759,2.6937475204467773,0.9948171327301111
27,7.730978012084961,0.045840803533792496,2.693619966506958,1.0657425741735802
27,7.745668411254883,0.028690777719020844,2.692721128463745,1.1570197938201905
27,7.760395050048828,0.01168250571936369,2.6906166076660156,1.20120056303683
27,7.769655704498291,0.001686571747995913,2.6886863708496094,1.2334458594311926
27,7.779665946960449,-0.007758553605526686,2.6861586570739746,1.217826141375482
27,7.797604560852051,-0.020364850759506226,2.6808221340179443,1.2257803153986857
27,7.817531585693359,-0.028622888028621674,2.674231767654419,1.193618702700533
27,7.838273048400879,-0.03297363966703415,2.6664464473724365,1.084703258242751
27,7.858900547027588,-0.034639034420251846,2.657381534576416,0.9387934020710416
27,7.878737449645996,-0.03560100868344307,2.646616220474243,0.793132204192278
27,7.896955966949463,-0.03770224004983902,2.633455753326416,0.6789839224694986
27,7.912356853485107,-0.04178498685359955,2.6174886226654053,0.6188840443985802
27,7.923986434936523,-0.047683682292699814,2.5990772247314453,0.598086485416261
27,7.931682586669922,-0.05464176833629608,2.579035520553589,0.598540427840172
27,7.935634613037109,-0.06210304796695709,2.558095932006836,0.6122619455747069
27,7.936448097229004,-0.06964299827814102,2.536821126937866,0.6328542989958802
27,7.934679985046387,-0.07703836262226105,2.5155491828918457,0.6571855364214331
27,7.93071174621582,-0.08420807123184204,2.494494676589966,0.6840714653414253
27,7.924920558929443,-0.09111622720956802,2.4737751483917236,0.7131570818634789
27,7.917608737945557,-0.09776638448238373,2.4534547328948975,0.7444071516403297
27,7.9089789390563965,-0.10417351126670837,2.433577299118042,0.7777129479244311
27,7.899165153503418,-0.11035443097352982,2.414182662963867,0.8129954350729269
27,7.888370037078857,-0.11633609235286713,2.3952503204345703,0.848865393043643
27,7.876716136932373,-0.12213947623968124,2.376776933670044,0.8871212703206327
27,7.864301681518555,-0.1277896910905838,2.3587534427642822,0.9275173613680444
27,7.851242542266846,-0.13330422341823578,2.341137170791626,0.9712953695681109
27,7.837583065032959,-0.13868805766105652,2.3239119052886963,1.0167832384532012
27,7.823462963104248,-0.14397402107715607,2.3070194721221924,1.0656917344711812
27,7.808913230895996,-0.1491747349500656,2.2903971672058105,1.1178220134277292
27,7.794017791748047,-0.15433703362941742,2.2739295959472656,1.1753344189660413
27,7.778944492340088,-0.15937915444374084,2.2577080726623535,1.2365291527409898
27,7.763725280761719,-0.16436295211315155,2.2415316104888916,1.3087293988482165
27,7.748506546020508,-0.16928604245185852,2.2253079414367676,1.384297135714989
27,7.73342227935791,-0.17406275868415833,2.208915948867798,1.478415520062496
27,7.724486827850342,-0.17684324085712433,2.199087381362915,1.5312789019003488
27,7.7090864181518555,-0.1811944842338562,2.183018684387207,1.666227710546378
27,7.702737808227539,-0.18282505869865417,2.1769752502441406,1.715737319797392
27,7.684707164764404,-0.18679776787757874,2.1638691425323486,1.981817134257146
27,7.66450834274292,-0.19070710241794586,2.1544013023376465,2.215095846629803
27,7.642988681793213,-0.1946304887533188,2.1484813690185547,2.409952983028941
27,7.62083625793457,-0.19825854897499084,2.145293951034546,2.60000978680358
27,7.600412845611572,-0.2011389136314392,2.1438591480255127,2.753324536913314
27,7.577953815460205,-0.20380736887454987,2.143176555633545,2.8602953415871917
27,7.555445671081543,-0.2060474008321762,2.142996072769165,2.908121044289848
27,7.532914638519287,-0.207959845662117,2.143056631088257,2.9205301112553204
27,7.510365962982178,-0.20965106785297394,2.1431758403778076,2.9141973248684074
27,7.487814903259277,-0.21122781932353973,2.1432204246520996,2.894646181653395
27,7.465266704559326,-0.21279770135879517,2.143111228942871,2.8543251963451657
27,7.4427313804626465,-0.21449434757232666,2.142805337905884,2.80412919281338
27,7.420219898223877,-0.21643967926502228,2.142319679260254,2.755222082783091
27,7.397747039794922,-0.2187597155570984,2.1417086124420166,2.711262128633467
27,7.375333786010742,-0.22158144414424896,2.1410467624664307,2.674279476232747
27,7.353006362915039,-0.22502192854881287,2.140410900115967,2.6451900906405648
27,7.330801010131836,-0.22919271886348724,2.1398863792419434,2.6175598807976397
27,7.308760643005371,-0.23417864739894867,2.1395785808563232,2.5943771315046265
27,7.28692626953125,-0.24000760912895203,2.139604330062866,2.5740197475003233
27,7.265334129333496,-0.2466609627008438,2.1400716304779053,2.5551524548091176
27,7.244014739990234,-0.2540886104106903,2.1410906314849854,2.529329791493255
27,7.223013401031494,-0.2622509002685547,2.1428229808807373,2.498654287760559
27,7.202322959899902,-0.2710554003715515,2.1453282833099365,2.4707943123501366
27,7.181860446929932,-0.2804452180862427,2.1486523151397705,2.438464544472766
27,7.161685466766357,-0.29032889008522034,2.152881383895874,2.401811458191326
27,7.141741752624512,-0.3006748855113983,2.1580007076263428,2.3718751877789064
27,7.121949672698975,-0.3114558756351471,2.1640448570251465,2.340356772844951
27,7.102420806884766,-0.32257354259490967,2.170966148376465,2.3089956639266025
27,7.083276748657227,-0.33392980694770813,2.1786584854125977,2.269372845365653
27,7.064301490783691,-0.34561285376548767,2.1871867179870605,2.2410168304432485
27,7.0456109046936035,-0.3575737178325653,2.1964478492736816,2.21543698628974
27,7.027374267578125,-0.36969295144081116,2.2063043117523193,2.181631014951395
27,7.00946044921875,-0.38208305835723877,2.2167882919311523,2.157788249304166
27,6.991781711578369,-0.3948056697845459,2.2278847694396973,2.1310345010850353
27,6.974572658538818,-0.40774357318878174,2.2394535541534424,2.105373904232559
27,6.957631587982178,-0.4210539162158966,2.251554012298584,2.0826754942921477
27,6.941218376159668,-0.43459632992744446,2.2640163898468018,2.0542550036592355
27,6.925127983093262,-0.4485601782798767,2.2769434452056885,2.0307094133564747
27,6.909613132476807,-0.4628104269504547,2.2901558876037598,1.9986342086489755
27,6.894509315490723,-0.4775528013706207,2.3037683963775635,1.969939153142675
27,6.879956245422363,-0.49277400970458984,2.317713975906372,1.93599626270933
27,6.866055965423584,-0.5084490180015564,2.3318936824798584,1.8985858368525184
27,6.852894306182861,-0.5246247053146362,2.3462982177734375,1.8666301058078336
27,6.8405890464782715,-0.5412527322769165,2.3608572483062744,1.8226936175150616
27,6.829037666320801,-0.5585957765579224,2.3757874965667725,1.77932273316736
27,6.8184285163879395,-0.5765793919563293,2.391040563583374,1.7379152505373923
27,6.808897018432617,-0.5950981378555298,2.406575918197632,1.6959435521174098
27,6.800558090209961,-0.6140841245651245,2.4224088191986084,1.655026715435592
27,6.793486595153809,-0.6335342526435852,2.438659191131592,1.6086539090876397
27,6.787734031677246,-0.6534672975540161,2.455474376678467,1.561430329113884
27,6.783443450927734,-0.6736311316490173,2.4727797508239746,1.5176665716004794
27,6.780712604522705,-0.6938046216964722,2.490506649017334,1.4746538630651471
27,6.779621601104736,-0.7137682437896729,2.508568525314331,1.4317589321394986
27,6.7802019119262695,-0.733516275882721,2.5270180702209473,1.393627287093251
27,6.782508373260498,-0.7530094385147095,2.54587459564209,1.3629003043102406
27,6.786586761474609,-0.7721382975578308,2.5650675296783447,1.337574493678494
27,6.792451858520508,-0.7905980944633484,2.584322929382324,1.3141669348874954
27,6.800172328948975,-0.8085286617279053,2.603775978088379,1.297905330370543
27,6.809674263000488,-0.8257222175598145,2.623197078704834,1.2850430345465187
27,6.820857524871826,-0.8419921398162842,2.64235520362854,1.2799966252862507
27,6.833710670471191,-0.8574105501174927,2.6612937450408936,1.2752648739802592
27,6.848141670227051,-0.8719186782836914,2.679901599884033,1.2762537420819222
27,6.864044189453125,-0.8854750394821167,2.6980841159820557,1.2802383879745391
27,6.881287097930908,-0.898051381111145,2.715749502182007,1.2835477139375002
27,6.899794101715088,-0.9096822142601013,2.7328906059265137,1.2886446632690436
27,6.919468402862549,-0.9203652143478394,2.7494473457336426,1.2958384084524794
27,6.940174579620361,-0.9301148653030396,2.7653732299804688,1.302588763619641
27,6.961785316467285,-0.9389331936836243,2.7806100845336914,1.3092806785923485
27,6.984227180480957,-0.9468762874603271,2.7951674461364746,1.3168464926153227
27,7.007406711578369,-0.9539832472801208,2.8090343475341797,1.3224003105772495
27,7.031212329864502,-0.960273265838623,2.8221747875213623,1.3279116513589047
27,7.055598258972168,-0.9658125638961792,2.834609031677246,1.3324257951581304
27,7.080447673797607,-0.970622718334198,2.846320867538452,1.3362227147647519
27,7.105741500854492,-0.9747723937034607,2.8573403358459473,1.3390308825647912
27,7.131378173828125,-0.9782817363739014,2.867650032043457,1.3407464896521293
27,7.157364368438721,-0.9812175631523132,2.8772783279418945,1.34103026800876
27,7.183599948883057,-0.9836046695709229,2.886218309402466,1.3412389709974293
27,7.210085868835449,-0.9854951500892639,2.894500255584717,1.339209265363643
27,7.236739635467529,-0.9869318008422852,2.902127265930176,1.3368265281903926
27,7.263526439666748,-0.9879440069198608,2.909118890762329,1.3338486639735812
27,7.290461540222168,-0.9885808825492859,2.915506362915039,1.3291096919369287
27,7.317471981048584,-0.9888812899589539,2.921299457550049,1.3238135237158084
27,7.3445329666137695,-0.988875687122345,2.9265215396881104,1.3179196459556928
27,7.371621131896973,-0.9885963797569275,2.931196928024292,1.3111727844853196
27,7.39876651763916,-0.9880832433700562,2.9353580474853516,1.303314197407271
27,7.425904273986816,-0.9873687028884888,2.9390220642089844,1.294870815829742
27,7.453019142150879,-0.9864813089370728,2.9422171115875244,1.2858423030619641
27,7.48009729385376,-0.9854491353034973,2.9449706077575684,1.2762417176741985
27,7.507127285003662,-0.9843000173568726,2.9473114013671875,1.2660387386397676
27,7.53410005569458,-0.9830604791641235,2.9492666721343994,1.255255432548701
27,7.561323165893555,-0.9817426204681396,2.950887680053711,1.244239790768755
27,7.588871955871582,-0.980363130569458,2.95218825340271,1.2317360568709075
27,7.615758419036865,-0.9789931774139404,2.953150510787964,1.2198061032441476
27,7.6425628662109375,-0.9776232242584229,2.9538371562957764,1.2074928588743152
27,7.669339656829834,-0.976266086101532,2.9542717933654785,1.194741203982362
27,7.694958209991455,-0.9749930500984192,2.954461097717285,1.1821334698693764
27,7.721534729003906,-0.9737100005149841,2.954453468322754,1.1694177915609432
27,7.748019695281982,-0.9724816679954529,2.954256057739258,1.156331238631183
27,7.774420261383057,-0.9713218212127686,2.9538888931274414,1.1428418964932827
27,7.8007378578186035,-0.9702465534210205,2.9533779621124268,1.1296103281761087
27,7.827682971954346,-0.9692510366439819,2.952730894088745,1.1151312741649768
27,7.852808952331543,-0.9684591889381409,2.9520339965820312,1.0999197643111023
27,7.879087924957275,-0.9678125381469727,2.9512312412261963,1.084267152338402
27,7.90558385848999,-0.9673945307731628,2.9503374099731445,1.0664785086953184
27,7.930446147918701,-0.9672825932502747,2.9493274688720703,1.0493504979577362
27,7.956634044647217,-0.9674935936927795,2.9478490352630615,1.0305586899113328
27,7.982657432556152,-0.9681243300437927,2.9454891681671143,1.0104420443056579
27,8.008316993713379,-0.969196081161499,2.941776752471924,0.9930393988703112
27,8.033658981323242,-0.9705342650413513,2.9368228912353516,0.9812668504855666
27,8.05880069732666,-0.9718652367591858,2.931377410888672,0.9728356895688678
27,8.083903312683105,-0.9729766845703125,2.9261765480041504,0.9644817114732424
27,8.109155654907227,-0.9737241864204407,2.9217021465301514,0.9567364323355819
27,8.134468078613281,-0.9741034507751465,2.9182016849517822,0.9501736477388855
27,8.159780502319336,-0.9742751717567444,2.915504217147827,0.9432191607253835
27,8.184927940368652,-0.9744160771369934,2.9132421016693115,0.9354082445773544
27,8.209978103637695,-0.9746391773223877,2.9110827445983887,0.9272894257453508
27,8.234910011291504,-0.9750187397003174,2.9088146686553955,0.9190631739879865
27,8.259708404541016,-0.9756150245666504,2.906296491622925,0.910976083705299
27,8.284354209899902,-0.9764593243598938,2.9034535884857178,0.9033687548912368
27,8.308736801147461,-0.9775211811065674,2.900325059890747,0.8964213212216735
27,8.332956314086914,-0.9787328243255615,2.8970043659210205,0.8898704098043597
27,8.3566312789917,-0.9799997210502625,2.8936660289764404,0.8838818804852739
27,8.38071346282959,-0.981316864490509,2.890275478363037,0.8782954182380087
27,8.4047212600708,-0.9826302528381348,2.8869659900665283,0.8731478626902105
27,8.42857551574707,-0.9839246273040771,2.8837811946868896,0.8685233952046933
27,8.452362060546875,-0.9852047562599182,2.88071608543396,0.8643494942654872
27,8.476078033447266,-0.9864777326583862,2.877753973007202,0.860553348737732
27,8.499717712402344,-0.9877540469169617,2.874866008758545,0.8570400133352276
27,8.523266792297363,-0.9890443086624146,2.8720171451568604,0.853718769615333
27,8.546651840209961,-0.9903547167778015,2.8691840171813965,0.8505103238374242
27,8.569952964782715,-0.9916961789131165,2.8663320541381836,0.8473376268834175
27,8.59316635131836,-0.9930704236030579,2.8634443283081055,0.8441706405471129
27,8.616291999816895,-0.9944747090339661,2.8605098724365234,0.8409995685689919
27,8.63932991027832,-0.9959020018577576,2.85752272605896,0.8378303164589284
27,8.662281036376953,-0.9973432421684265,2.8544797897338867,0.8346820231535698
27,8.685066223144531,-0.9987832307815552,2.8513896465301514,0.8315894122348396
27,8.707768440246582,-1.000218391418457,2.8482394218444824,0.8285369706145246
27,8.730371475219727,-1.001641035079956,2.8450281620025635,0.8255031083915476
27,8.752890586853027,-1.0030471086502075,2.841750144958496,0.8225025782206662
27,8.775323867797852,-1.0044323205947876,2.8384010791778564,0.8195225526224037
27,8.797672271728516,-1.0057934522628784,2.834977388381958,0.8165474912330603
27,8.81993579864502,-1.007127285003662,2.831475019454956,0.8135840360105728
27,8.842123031616211,-1.0084303617477417,2.8278892040252686,0.8106022464468281
27,8.864227294921875,-1.0096991062164307,2.824218273162842,0.8075883857813395
27,8.886246681213379,-1.0109304189682007,2.820460796356201,0.8045340093140236
27,8.908183097839355,-1.0121208429336548,2.816615104675293,0.8014331692624336
27,8.930035591125488,-1.0132670402526855,2.812681198120117,0.7982822897127636
27,8.95181941986084,-1.0143660306930542,2.8086562156677246,0.795115586784521
27,8.973522186279297,-1.0154134035110474,2.8045434951782227,0.791894556691132
27,8.995144844055176,-1.016406536102295,2.8003437519073486,0.7886162279040376
27,9.01668643951416,-1.0173430442810059,2.79605770111084,0.7852779925140069
27,9.038148880004883,-1.0182206630706787,2.7916862964630127,0.7818775943108549
27,9.059531211853027,-1.0190373659133911,2.7872307300567627,0.7784387662936015
27,9.080856323242188,-1.0197911262512207,2.7826881408691406,0.7749543825755726
27,9.102105140686035,-1.020479679107666,2.7780637741088867,0.7714024087645404
27,9.123278617858887,-1.0211013555526733,2.773358106613159,0.7677770131806936
27,9.144432067871094,-1.0216560363769531,2.7685599327087402,0.7640627835496909
27,9.165529251098633,-1.0221409797668457,2.7636780738830566,0.7602786825891882
27,9.186598777770996,-1.0225542783737183,2.758707284927368,0.7564475878886973
27,9.207646369934082,-1.0228939056396484,2.7536468505859375,0.7525256408026941
27,9.228673934936523,-1.0231578350067139,2.748497247695923,0.7485102802551615
27,9.249680519104004,-1.0233439207077026,2.7432589530944824,0.744397757378296
27,9.270666122436523,-1.0234501361846924,2.7379331588745117,0.7402031121755983
27,9.29162883758545,-1.023473858833313,2.7325215339660645,0.7359540497509529
27,9.312570571899414,-1.023412823677063,2.7270257472991943,0.731604771388081
27,9.333489418029785,-1.0232648849487305,2.7214467525482178,0.7271529296304946
27,9.354385375976562,-1.023027777671814,2.7157859802246094,0.7225958468821597
27,9.375258445739746,-1.022699236869812,2.710045337677002,0.7180050506484291
27,9.396108627319336,-1.0222766399383545,2.7042276859283447,0.713308710731855
27,9.416934967041016,-1.0217576026916504,2.6983346939086914,0.7085032487579445
27,9.437738418579102,-1.0211398601531982,2.6923677921295166,0.7035867911037085
27,9.458517074584961,-1.020421028137207,2.6863296031951904,0.6986162235386589
27,9.479272842407227,-1.0195984840393066,2.6802237033843994,0.6935715395675853
27,9.500004768371582,-1.0186699628829956,2.6740527153015137,0.6884125286737135
27,9.520711898803711,-1.0176328420639038,2.667818784713745,0.6831248268764067
27,9.541396141052246,-1.0164847373962402,2.661524534225464,0.6777771489979695
27,9.562055587768555,-1.0152230262756348,2.655174732208252,0.6723584073088047
27,9.58269214630127,-1.0138452053070068,2.6487720012664795,0.6668186739869302
27,9.603304862976074,-1.0123486518859863,2.642319679260254,0.6611555891187847
27,9.623893737792969,-1.0107309818267822,2.6358211040496826,0.6554390069990833
27,9.644458770751953,-1.0089895725250244,2.6292812824249268,0.649630630992612
27,9.665000915527344,-1.0071216821670532,2.6227035522460938,0.6436975572493648
27,9.685521125793457,-1.0051249265670776,2.61609148979187,0.6376386713846325
27,9.70601749420166,-1.002996563911438,2.609450340270996,0.6315575208635131
27,9.726491928100586,-1.0007343292236328,2.6027848720550537,0.6253738076863048
27,9.746944427490234,-0.998335599899292,2.596100091934204,0.6190313752415708
27,9.767374992370605,-0.9957975745201111,2.58940052986145,0.6125635446664704
27,9.787785530090332,-0.993118166923523,2.582692861557007,0.6060970686797689
27,9.808176040649414,-0.9902952909469604,2.5759830474853516,0.5995192321397493
27,9.828545570373535,-0.9873267412185669,2.5692760944366455,0.5928335232071694
27,9.848896980285645,-0.9842105507850647,2.562577962875366,0.5860901542729376
27,9.869230270385742,-0.980945348739624,2.555896043777466,0.5793314624099534
27,9.889546394348145,-0.977529764175415,2.549237012863159,0.5724857262401278
27,9.909846305847168,-0.9739626049995422,2.542607545852661,0.5655500707488154
27,9.930130958557129,-0.9702432155609131,2.536015510559082,0.5586045574879207
27,9.95040225982666,-0.9663723111152649,2.5294711589813232,0.5516606622618736
27,9.970662117004395,-0.9623500108718872,2.522981643676758,0.5446842377611691
27,9.990911483764648,-0.9581770300865173,2.516554832458496,0.5376878359086082
27,10.011151313781738,-0.9538550972938538,2.5101993083953857,0.5307875904252225
27,10.019492149353027,-0.9520311951637268,2.507603168487549,0.5279569042542291
28,1.5714935064315796,-0.9948617815971375,2.2402193546295166,1.0377934371372468
28,1.6938594579696655,-0.9950247406959534,2.2359514236450195,1.0399270159625644
28,1.816097378730774,-0.9952331781387329,2.2284762859344482,1.040543421117286
28,1.9381147623062134,-0.995488703250885,2.217986583709717,1.038948896157682
28,2.0598978996276855,-0.9957905411720276,2.2050187587738037,1.036515219270389
28,2.181457757949829,-0.9961345195770264,2.190091133117676,1.0313574915622865
28,2.278489351272583,-0.9964376091957092,2.1770167350769043,1.0269238056851693
28,2.399718761444092,-0.9968475699424744,2.159604787826538,1.0199613849936806
28,2.5207955837249756,-0.9972900748252869,2.141162157058716,1.0120913238868487
28,2.6417348384857178,-0.9977639317512512,2.1218385696411133,1.003664651261042
28,2.762528657913208,-0.9982706904411316,2.1016268730163574,0.9932784030844866
28,2.8831627368927,-0.9988124370574951,2.0804829597473145,0.9818466433745529
28,3.0036094188690186,-0.9993962645530701,2.058298110961914,0.9678272415090864
28,3.123830556869507,-1.0000300407409668,2.0349245071411133,0.9502575962214197
28,3.243769884109497,-1.0007364749908447,2.010148525238037,0.9301739048192132
28,3.3633759021759033,-1.0015534162521362,1.9838130474090576,0.9024784514350188
28,3.482602119445801,-1.0025372505187988,1.9558154344558716,0.8713215100230846
28,3.6015312671661377,-1.0037999153137207,1.9265894889831543,0.8340853537911426
28,3.7202351093292236,-1.005445122718811,1.8964787721633911,0.7931902491938237
28,3.8390815258026123,-1.007715106010437,1.8670620918273926,0.747281529659715
28,3.9288101196289062,-1.0099927186965942,1.8463677167892456,0.7139970416146082
28,4.048772811889648,-1.0140957832336426,1.823330044746399,0.669075178129448
28,4.169860363006592,-1.0196850299835205,1.8078361749649048,0.6426347722429276
28,4.29064416885376,-1.0267785787582397,1.8026509284973145,0.6307887684917776
28,4.40812349319458,-1.0347620248794556,1.8077566623687744,0.639135224116287
28,4.4904375076293945,-1.0407721996307373,1.8168420791625977,0.6552903636670602
28,4.600287437438965,-1.0488619804382324,1.8344192504882812,0.6834794246791974
28,4.709348678588867,-1.0566985607147217,1.8564943075180054,0.7183100416079486
28,4.770294189453125,-1.0609239339828491,1.8702448606491089,0.7378221501164753
28,4.862719535827637,-1.0670446157455444,1.8921629190444946,0.7684438175345681
28,4.955018997192383,-1.0728070735931396,1.9146982431411743,0.7974091695845511
28,5.040937423706055,-1.0778803825378418,1.935613989830017,0.8220516996721812
28,5.125979423522949,-1.0826913118362427,1.9558849334716797,0.8441433408939948
28,5.2103962898254395,-1.0873453617095947,1.9754177331924438,0.8631240572942729
28,5.2948126792907715,-1.091970682144165,1.9942564964294434,0.8786510737611998
28,5.379373073577881,-1.0966740846633911,2.0124166011810303,0.8905313646290136
28,5.464049339294434,-1.1015583276748657,2.0299110412597656,0.8993401474945683
28,5.548837661743164,-1.106734037399292,2.0467662811279297,0.905570883752149
28,5.633979797363281,-1.112323522567749,2.063063859939575,0.9096259721166615
28,5.721431732177734,-1.1185885667800903,2.07916522026062,0.9114440285068778
28,5.812612056732178,-1.1258372068405151,2.095284938812256,0.9110914885462914
28,5.907331466674805,-1.1343656778335571,2.1113128662109375,0.9079340362565758
28,6.002046585083008,-1.1442216634750366,2.126584529876709,0.9027591751900498
28,6.099853038787842,-1.1562267541885376,2.141500949859619,0.8957097753343559
28,6.19770622253418,-1.170661449432373,2.155449867248535,0.8880856101971055
28,6.297070026397705,-1.1885581016540527,2.168484687805176,0.8824272764894673
28,6.397421360015869,-1.2107312679290771,2.180341958999634,0.881474007712693
28,6.497931003570557,-1.237733006477356,2.1907830238342285,0.8882725887992294
28,6.5972113609313965,-1.2694488763809204,2.199603796005249,0.9123173037700297
28,6.622325420379639,-1.2782561779022217,2.2016046047210693,0.9205872414229718
28,6.647180557250977,-1.2872555255889893,2.2035086154937744,0.9295787910473567
28,6.671885013580322,-1.2964755296707153,2.2053329944610596,0.9397342935323333
28,6.696371555328369,-1.3058595657348633,2.2070858478546143,0.9503786588524223
28,6.720845699310303,-1.3154551982879639,2.2087979316711426,0.9614052130576193
28,6.745273590087891,-1.3252086639404297,2.210482120513916,0.9729521064569467
28,6.769515514373779,-1.3350292444229126,2.212144136428833,0.9843035796987092
28,6.7937188148498535,-1.3449448347091675,2.2138071060180664,0.9960039847677913
28,6.817903995513916,-1.3549261093139648,2.2154831886291504,1.0076736787868588
28,6.841972827911377,-1.3649111986160278,2.2171781063079834,1.0194696877403249
28,6.865949630737305,-1.3748801946640015,2.218902349472046,1.0312879650967375
28,6.889934539794922,-1.384851098060608,2.220672130584717,1.0429315651464883
28,6.913926601409912,-1.3948003053665161,2.2224957942962646,1.0543526324414214
28,6.93794584274292,-1.4047092199325562,2.2243778705596924,1.0655872533912936
28,6.961879730224609,-1.414519190788269,2.226320266723633,1.0765303811252438
28,6.985843658447266,-1.42425537109375,2.228332996368408,1.0870794837313684
28,7.009838581085205,-1.4339019060134888,2.230419397354126,1.0974058349856115
28,7.0337042808532715,-1.4433828592300415,2.232573986053467,1.107212167001836
28,7.0576019287109375,-1.4527459144592285,2.234804630279541,1.116638540008894
28,7.081416130065918,-1.4619406461715698,2.2371082305908203,1.1256192412642938
28,7.105258464813232,-1.4710004329681396,2.2394938468933105,1.134157202241175
28,7.1291279792785645,-1.4799151420593262,2.241955280303955,1.1423151959463946
28,7.152907848358154,-1.488639235496521,2.2444887161254883,1.1499762054685214
28,7.17671012878418,-1.4972071647644043,2.247098684310913,1.1572678069033173
28,7.200531005859375,-1.5056127309799194,2.249779462814331,1.1641559049884982
28,7.224246978759766,-1.5138100385665894,2.2525243759155273,1.170591405865041
28,7.2479753494262695,-1.5218359231948853,2.255338430404663,1.1767859598737131
28,7.271711826324463,-1.5296878814697266,2.258214235305786,1.1823684592429913
28,7.296257495880127,-1.5376225709915161,2.2612571716308594,1.1877937097043039
28,7.320797443389893,-1.5453665256500244,2.264362096786499,1.1929117435088112
28,7.345406532287598,-1.552944302558899,2.2675282955169678,1.1978170382375959
28,7.369020938873291,-1.5600390434265137,2.270622730255127,1.201985422947998
28,7.39267635345459,-1.5669723749160767,2.273772716522217,1.20611804576715
28,7.416387557983398,-1.5737501382827759,2.2769722938537598,1.2097942810520876
28,7.4405035972595215,-1.5804758071899414,2.2802631855010986,1.2129884817599648
28,7.464461803436279,-1.5869895219802856,2.2835757732391357,1.216092436631202
28,7.487954139709473,-1.5932203531265259,2.2868595123291016,1.2187898160651853
28,7.511420249938965,-1.5992988348007202,2.2901675701141357,1.2212693125121945
28,7.534854888916016,-1.6052316427230835,2.2934982776641846,1.223233075564328
28,7.557984352111816,-1.610957384109497,2.2968156337738037,1.2248456550074933
28,7.581664562225342,-1.6166996955871582,2.3002371788024902,1.2261104950031907
28,7.605856418609619,-1.622458815574646,2.3037562370300293,1.2270120379539713
28,7.6302995681762695,-1.628186583518982,2.3073372840881348,1.2271904016146344
28,7.653706073760986,-1.633605718612671,2.3107852935791016,1.2262708253988361
28,7.677079200744629,-1.638980746269226,2.314225196838379,1.2237027334760742
28,7.700418949127197,-1.6443414688110352,2.3176159858703613,1.2184740109830332
28,7.723755836486816,-1.6497137546539307,2.3208999633789062,1.2093028312404202
28,7.747073173522949,-1.6550726890563965,2.3239879608154297,1.1961625475959055
28,7.7702741622924805,-1.6603105068206787,2.3267710208892822,1.1795146997462524
28,7.793517112731934,-1.665299892425537,2.3292088508605957,1.161814921399008
28,7.81683874130249,-1.6698025465011597,2.3313205242156982,1.1473820834928428
28,7.840255260467529,-1.6735649108886719,2.3332128524780273,1.1408053009584465
28,7.863746643066406,-1.6764365434646606,2.335043430328369,1.1456210369546747
28,7.887141704559326,-1.678454041481018,2.336944580078125,1.1591419201273536
28,7.910512924194336,-1.6798431873321533,2.3390071392059326,1.1754704200820967
28,7.9338459968566895,-1.6808665990829468,2.3412468433380127,1.1899665668001749
28,7.957111835479736,-1.6817386150360107,2.343622922897339,1.2002447021206244
28,7.980310440063477,-1.6825902462005615,2.3460707664489746,1.206284824663784
28,8.00344467163086,-1.6834810972213745,2.3485267162323,1.2090273770617084
28,8.026517868041992,-1.6844236850738525,2.3509421348571777,1.2094680565817757
28,8.049532890319824,-1.685405969619751,2.3532843589782715,1.2083543322148977
28,8.072492599487305,-1.686406135559082,2.3555314540863037,1.2062148665959596
28,8.0954008102417,-1.6873995065689087,2.357670307159424,1.2034366113946189
28,8.118264198303223,-1.6883604526519775,2.359694004058838,1.2003037081584453
28,8.141082763671875,-1.689262866973877,2.361600875854492,1.197037042444275
28,8.163856506347656,-1.6900821924209595,2.363394260406494,1.193814571628115
28,8.186591148376465,-1.6907973289489746,2.3650827407836914,1.1907762746827002
28,8.209277153015137,-1.6913906335830688,2.366678237915039,1.1880275932545237
28,8.231912612915039,-1.691850185394287,2.368194818496704,1.1856033367800354
28,8.254494667053223,-1.69217050075531,2.3696470260620117,1.183482904758121
28,8.277023315429688,-1.6923528909683228,2.3710477352142334,1.1815993746504179
28,8.299494743347168,-1.6924052238464355,2.372406482696533,1.1798541521132617
28,8.321907997131348,-1.6923400163650513,2.3737289905548096,1.1781342195398024
28,8.344263076782227,-1.6921743154525757,2.375016927719116,1.1763312261062184
28,8.366559982299805,-1.691927433013916,2.376267433166504,1.1743644044555916
28,8.388797760009766,-1.691619634628296,2.377476215362549,1.172192025884941
28,8.410978317260742,-1.6912686824798584,2.3786368370056152,1.1698020064623305
28,8.433099746704102,-1.6908886432647705,2.3797428607940674,1.1671976297883053
28,8.455205917358398,-1.6904888153076172,2.380789279937744,1.1644047550068184
28,8.477273941040039,-1.6900755167007446,2.381768226623535,1.1614210088825894
28,8.499345779418945,-1.6896511316299438,2.3826749324798584,1.1582911640959441
28,8.521337509155273,-1.6892179250717163,2.3835020065307617,1.1551031921601416
28,8.5432710647583,-1.6887747049331665,2.384248971939087,1.151899245789998
28,8.565146446228027,-1.6883201599121094,2.384916067123413,1.1487187281926912
28,8.586963653564453,-1.6878526210784912,2.385505199432373,1.1455927063198301
28,8.608721733093262,-1.687371015548706,2.3860201835632324,1.1425432877498773
28,8.630420684814453,-1.6868757009506226,2.3864645957946777,1.139583335790692
28,8.65207290649414,-1.6863675117492676,2.3868424892425537,1.1367171757816217
28,8.67371654510498,-1.6858484745025635,2.387157678604126,1.1339480817543406
28,8.695359230041504,-1.6853218078613281,2.3874125480651855,1.1312747520851727
28,8.717002868652344,-1.684792399406433,2.387608528137207,1.1286867590113834
28,8.738646507263184,-1.68426513671875,2.3877460956573486,1.1261813726816454
28,8.76029109954834,-1.6837455034255981,2.3878252506256104,1.1237564977406682
28,8.781935691833496,-1.6832386255264282,2.3878448009490967,1.1214113548065443
28,8.803581237792969,-1.682748794555664,2.387803554534912,1.119145660148141
28,8.825225830078125,-1.6822799444198608,2.387699842453003,1.116960421599873
28,8.846872329711914,-1.6818348169326782,2.3875324726104736,1.1148673634064277
28,8.86851692199707,-1.6814157962799072,2.3872997760772705,1.1128611203792556
28,8.890162467956543,-1.6810239553451538,2.3870015144348145,1.1109440433896494
28,8.9118070602417,-1.680659532546997,2.386636734008789,1.1091181347251167
28,8.933450698852539,-1.6803224086761475,2.3862061500549316,1.1073839270048604
28,8.955093383789062,-1.6800113916397095,2.3857102394104004,1.1057410708353854
28,8.97673511505127,-1.6797250509262085,2.385150194168091,1.104187296792204
28,8.998374938964844,-1.6794614791870117,2.3845267295837402,1.1027242435695217
28,9.020013809204102,-1.6792187690734863,2.3838415145874023,1.101346149709114
28,9.04164981842041,-1.6789945363998413,2.3830955028533936,1.1000399194930592
28,9.063284873962402,-1.6787865161895752,2.3822898864746094,1.098797606994321
28,9.084917068481445,-1.6785922050476074,2.381424903869629,1.0976111901910148
28,9.106547355651855,-1.678409457206726,2.3805017471313477,1.096472438405095
28,9.128175735473633,-1.6782357692718506,2.3795201778411865,1.095373221597116
28,9.149800300598145,-1.67806875705719,2.3784804344177246,1.0943052306935301
28,9.171422004699707,-1.6779061555862427,2.377382755279541,1.0932614841556767
28,9.193041801452637,-1.6777458190917969,2.3762269020080566,1.092230092014238
28,9.2146577835083,-1.6775853633880615,2.3750126361846924,1.0912033671286292
28,9.2362699508667,-1.6774227619171143,2.373739719390869,1.090174307764628
28,9.257879257202148,-1.6772559881210327,2.372408151626587,1.0891362111465583
28,9.279484748840332,-1.6770830154418945,2.3710176944732666,1.0880828042497275
28,9.30108642578125,-1.6769022941589355,2.369568109512329,1.087008356082201
28,9.322683334350586,-1.6767123937606812,2.3680596351623535,1.085903379558591
28,9.344276428222656,-1.6765121221542358,2.36649227142334,1.0847613231000937
28,9.365864753723145,-1.6763006448745728,2.364866018295288,1.0835769743967556
28,9.38744831085205,-1.6760774850845337,2.3631813526153564,1.0823422661349984
28,9.409027099609375,-1.675842523574829,2.361438751220703,1.0810473295202687
28,9.430602073669434,-1.6755958795547485,2.3596386909484863,1.0796897675772612
28,9.452171325683594,-1.6753374338150024,2.3577818870544434,1.0782697547235092
28,9.473735809326172,-1.67506742477417,2.3558692932128906,1.0767845704131693
28,9.495295524597168,-1.6747857332229614,2.3539016246795654,1.0752274717460275
28,9.516849517822266,-1.6744922399520874,2.351879358291626,1.0736147403728704
28,9.538397789001465,-1.6741870641708374,2.3498036861419678,1.0719519657697743
28,9.559941291809082,-1.6738698482513428,2.347675085067749,1.0702412194503022
28,9.5814790725708,-1.673540472984314,2.345494508743286,1.0684845880092229
28,9.603012084960938,-1.6731986999511719,2.3432626724243164,1.066683581868798
28,9.624539375305176,-1.6728442907333374,2.340980052947998,1.064837702213359
28,9.6460599899292,-1.6724767684936523,2.3386478424072266,1.0629463159105792
28,9.66757583618164,-1.6720961332321167,2.3362667560577393,1.0610175704897493
28,9.6890869140625,-1.6717017889022827,2.3338372707366943,1.059048598359271
28,9.710591316223145,-1.6712937355041504,2.331360101699829,1.0570394717075928
28,9.73208999633789,-1.670871376991272,2.328835964202881,1.0549902828043665
28,9.753582954406738,-1.670434594154358,2.326265335083008,1.0529006476471026
28,9.775070190429688,-1.6699830293655396,2.3236491680145264,1.0507701792002053
28,9.796551704406738,-1.6695163249969482,2.3209879398345947,1.0485905135987181
28,9.818026542663574,-1.6690341234207153,2.318282127380371,1.046368637033104
28,9.839496612548828,-1.6685361862182617,2.3155324459075928,1.0441040572568026
28,9.860960006713867,-1.6680220365524292,2.312739610671997,1.041807715098815
28,9.882417678833008,-1.6674914360046387,2.3099043369293213,1.0394714518691606
28,9.903868675231934,-1.6669437885284424,2.3070273399353027,1.0370915713477524
28,9.925314903259277,-1.6663789749145508,2.3041088581085205,1.0346669496766525
28,9.946754455566406,-1.6657963991165161,2.30115008354187,1.0321878392600807
28,9.968188285827637,-1.6651957035064697,2.2981512546539307,1.0296606008803884
28,9.989615440368652,-1.6645764112472534,2.2951128482818604,1.0270845484758813
28,10.01103687286377,-1.6639379262924194,2.2920360565185547,1.0244583863537462
28,10.032451629638672,-1.6632798910140991,2.2889211177825928,1.0217880472747725
28,10.053861618041992,-1.6626017093658447,2.285768985748291,1.0190791818855602
28,10.075263977050781,-1.6619031429290771,2.282580614089966,1.0163178753087394
28,10.096661567687988,-1.6611833572387695,2.2793567180633545,1.0134929324373239
28,10.11805248260498,-1.6604418754577637,2.2760980129241943,1.010611094443569
28,10.139437675476074,-1.6596782207489014,2.2728052139282227,1.0076688296840035
28,10.160823822021484,-1.6588913202285767,2.2694783210754395,1.0046566559413372
28,10.182273864746094,-1.6580783128738403,2.2661077976226807,1.0015578468959692
28,10.2040376663208,-1.6572281122207642,2.2626547813415527,0.9983514448602028
28,10.226688385009766,-1.6563159227371216,2.259026527404785,0.9949424048279791
28,10.249333381652832,-1.655375361442566,2.255366086959839,0.9914834331609306
28,10.273663520812988,-1.6543325185775757,2.2513973712921143,0.9877271199316416
28,10.300189971923828,-1.6531568765640259,2.2470309734344482,0.9835752538545977
28,10.32670783996582,-1.6519407033920288,2.242626667022705,0.9793224112562006
28,10.355171203613281,-1.650589108467102,2.237858772277832,0.974715665728895
28,10.384779930114746,-1.6491315364837646,2.232858419418335,0.9697683655070224
28,10.414379119873047,-1.647620677947998,2.2278215885162354,0.9647117240922435
28,10.444409370422363,-1.6460316181182861,2.222677707672119,0.9594635962399924
28,10.474431991577148,-1.644385576248169,2.2175049781799316,0.9540511470939419
28,10.504544258117676,-1.6426758766174316,2.2122914791107178,0.9485709114295391
28,10.534661293029785,-1.6409074068069458,2.207059144973755,0.9429569404269516
28,10.56477165222168,-1.639080286026001,2.2018144130706787,0.937258827614185
28,10.594878196716309,-1.6371949911117554,2.196564197540283,0.931473929349571
28,10.624980926513672,-1.6352519989013672,2.191314220428467,0.9255820593872904
28,10.655080795288086,-1.6332528591156006,2.1860721111297607,0.9196845749617893
28,10.685179710388184,-1.6312001943588257,2.1808457374572754,0.9137282086558639
28,10.715279579162598,-1.629095435142517,2.1756417751312256,0.9077218985419035
28,10.745381355285645,-1.6269413232803345,2.170468330383301,0.901664774404081
28,10.77548599243164,-1.6247389316558838,2.165332078933716,0.8955094222361214
28,10.805594444274902,-1.622490406036377,2.1602413654327393,0.8893433089127452
28,10.835708618164062,-1.6201980113983154,2.155205726623535,0.8831148276242144
28,10.865830421447754,-1.617863416671753,2.1502315998077393,0.8768613754380183
28,10.895959854125977,-1.6154896020889282,2.1453285217285156,0.8705859239979595
28,10.92609977722168,-1.6130790710449219,2.1405041217803955,0.8643073740429636
28,10.95625114440918,-1.6106353998184204,2.1357672214508057,0.8580785327149117
28,10.986414909362793,-1.6081632375717163,2.1311278343200684,0.851882763532976
28,11.016592979431152,-1.6056658029556274,2.126593589782715,0.845724737418776
28,11.046786308288574,-1.6031488180160522,2.1221747398376465,0.8396000940002784
28,11.076996803283691,-1.6006169319152832,2.117879629135132,0.8335711578856859
28,11.107224464416504,-1.5980757474899292,2.113717555999756,0.8276039738541561
28,11.137471199035645,-1.5955325365066528,2.1096994876861572,0.8217856124139693
28,11.16773796081543,-1.5929925441741943,2.1058335304260254,0.8160822212901765
28,11.198026657104492,-1.5904635190963745,2.1021294593811035,0.8104695426785761
28,11.228337287902832,-1.5879522562026978,2.09859561920166,0.8050671649007919
28,11.258671760559082,-1.5854657888412476,2.0952401161193848,0.7997715950622275
28,11.289036750793457,-1.5830124616622925,2.092071294784546,0.79467061212077
28,11.319424629211426,-1.5805997848510742,2.0890965461730957,0.7897834182448291
28,11.349860191345215,-1.5782355070114136,2.08632230758667,0.7850551255926232
28,11.380319595336914,-1.5759302377700806,2.083756685256958,0.7806400341112268
28,11.41086483001709,-1.573688268661499,2.0814011096954346,0.7763866768797874
28,11.441573143005371,-1.5715171098709106,2.079256534576416,0.772389467765864
28,11.472301483154297,-1.569435477256775,2.0773370265960693,0.7686309379624087
28,11.503299713134766,-1.5674386024475098,2.075631856918335,0.7650052983623618
28,11.5396146774292,-1.5652269124984741,2.073913097381592,0.761251300585986
28,11.575948715209961,-1.5631471872329712,2.072474956512451,0.7580582204768123
28,11.641823768615723,-1.5597302913665771,2.0705320835113525,0.7529305211514922
28,11.707740783691406,-1.5567961931228638,2.0694334506988525,0.7489106324283439
28,11.779534339904785,-1.5541620254516602,2.0691611766815186,0.7455616160220324
28,11.909308433532715,-1.5508323907852173,2.070902109146118,0.7426349722378225
28,12.039052963256836,-1.5494422912597656,2.075340986251831,0.7420515043949766
28,12.160701751708984,-1.5500032901763916,2.081705093383789,0.7431147767016388
28,12.28255844116211,-1.5523375272750854,2.089928150177002,0.7463677502437746
28,12.404253005981445,-1.556372880935669,2.099747657775879,0.7505927022103714
28,12.525960922241211,-1.562011957168579,2.110884428024292,0.7559063816787265
28,12.647480964660645,-1.5691218376159668,2.1231675148010254,0.7621015573237405
28,12.768817901611328,-1.5775350332260132,2.136399745941162,0.7689864577805916
28,12.89011001586914,-1.587013840675354,2.150385618209839,0.7770401819907712
28,13.011272430419922,-1.597293734550476,2.1649203300476074,0.785642534279576
28,13.132368087768555,-1.6080923080444336,2.179701089859009,0.794569942829269
28,13.253433227539062,-1.619188666343689,2.1945159435272217,0.8030545912662594
28,13.374521255493164,-1.6303287744522095,2.2090888023376465,0.8115436331920198
28,13.402043342590332,-1.6328405141830444,2.2123425006866455,0.813264631491468
29,0.25439777970314026,-1.8444589376449585,2.1867868900299072,1.0004533970028484
29,0.360950231552124,-1.8444870710372925,2.188704490661621,1.0009743050743516
29,0.47175872325897217,-1.8445254564285278,2.1917502880096436,1.0017636729473587
29,0.58253014087677,-1.8445744514465332,2.1959307193756104,1.0038311386074255
29,0.6977054476737976,-1.844638466835022,2.2014665603637695,1.0067399719884011
29,0.8163138031959534,-1.844718337059021,2.207987070083618,1.011090264412938
29,0.9348962306976318,-1.8448125123977661,2.2149646282196045,1.0157395692705595
29,1.05561101436615,-1.8449219465255737,2.221842050552368,1.0205850194093364
29,1.1773937940597534,-1.8450517654418945,2.2279512882232666,1.0254242100150825
29,1.2564783096313477,-1.8451488018035889,2.2312190532684326,1.028569158829758
29,1.3787592649459839,-1.8453317880630493,2.2345292568206787,1.03285568847791
29,1.4679335355758667,-1.8454952239990234,2.2353596687316895,1.0359031108471217
29,1.5903640985488892,-1.8457764387130737,2.2338361740112305,1.0387114654496497
29,1.712709665298462,-1.8461320400238037,2.2290310859680176,1.0404743608091078
29,1.83491051197052,-1.846572756767273,2.220982313156128,1.0413105419077797
29,1.9568824768066406,-1.8471003770828247,2.209986686706543,1.0392319867016275
29,2.0786094665527344,-1.8477147817611694,2.1965112686157227,1.0364125093975909
29,2.2001149654388428,-1.8484097719192505,2.1811587810516357,1.0313128217950305
29,2.3214166164398193,-1.8491824865341187,2.1642720699310303,1.025142031058111
29,2.442559242248535,-1.8500277996063232,2.1462810039520264,1.0181831895603286
29,2.5635533332824707,-1.8509466648101807,2.127319812774658,1.0096732075698842
29,2.684408187866211,-1.8519415855407715,2.107495069503784,1.0005563346584445
29,2.805116653442383,-1.8530189990997314,2.086801528930664,0.9899093332917801
29,2.9256601333618164,-1.8541842699050903,2.0651721954345703,0.9771984458561533
29,3.0460093021392822,-1.855444073677063,2.0424914360046387,0.9630780545194816
29,3.1661252975463867,-1.8568017482757568,2.018613338470459,0.9440247495724858
29,3.285954236984253,-1.8582614660263062,1.993341088294983,0.9224899819747308
29,3.4054806232452393,-1.859811782836914,1.966678261756897,0.8958519387501228
29,3.5246903896331787,-1.861437201499939,1.9386372566223145,0.8650098656164869
29,3.643688440322876,-1.863082766532898,1.9097118377685547,0.8315151071837485
29,3.7626302242279053,-1.8646557331085205,1.8805514574050903,0.7939554603062354
29,3.8817670345306396,-1.8660064935684204,1.8522754907608032,0.7545376933656355
29,4.001311779022217,-1.8669642210006714,1.8268117904663086,0.7161753043810698
29,4.121706008911133,-1.8673356771469116,1.8057485818862915,0.6838389137061611
29,4.242012977600098,-1.8671331405639648,1.7917201519012451,0.6590179570317782
29,4.362994194030762,-1.8665627241134644,1.7860784530639648,0.653877269781992
29,4.480815410614014,-1.8660022020339966,1.789396047592163,0.6612553936962823
29,4.591846942901611,-1.8658431768417358,1.7999851703643799,0.6812210357521964
29,4.702142715454102,-1.8662887811660767,1.8166146278381348,0.713096569049549
29,4.777063846588135,-1.867038369178772,1.830622911453247,0.7374872642569663
29,4.870217800140381,-1.868534803390503,1.8501182794570923,0.7706264125740655
29,4.963042259216309,-1.8705991506576538,1.8710840940475464,0.8037579299232336
29,5.050650596618652,-1.8730683326721191,1.8915088176727295,0.833740999430483
29,5.123056888580322,-1.8754825592041016,1.9084172248840332,0.857009239588964
29,5.207569599151611,-1.8787165880203247,1.9278205633163452,0.8820531607945425
29,5.292044639587402,-1.8823853731155396,1.9466071128845215,0.904478453413706
29,5.37664794921875,-1.886474609375,1.9647160768508911,0.9241356571530277
29,5.461368083953857,-1.8909755945205688,1.982099175453186,0.9410549699491872
29,5.5462141036987305,-1.8958908319473267,1.9987411499023438,0.9555394698279758
29,5.631174087524414,-1.9012280702590942,2.0146541595458984,0.9679503195263138
29,5.716235160827637,-1.907002329826355,2.0298590660095215,0.9786622645546006
29,5.801382541656494,-1.9132345914840698,2.044382095336914,0.9881356981100242
29,5.886598587036133,-1.9199442863464355,2.0582525730133057,0.9966461783117491
29,5.971873760223389,-1.9271576404571533,2.0714941024780273,1.004499514969694
29,6.057182312011719,-1.934902548789978,2.084127902984619,1.011969835339304
29,6.142489433288574,-1.9432063102722168,2.0961756706237793,1.01933258985237
29,6.227744102478027,-1.9520816802978516,2.1076624393463135,1.0267146096093707
29,6.312880039215088,-1.9615280628204346,2.118623733520508,1.0340903285875322
29,6.400833606719971,-1.9719125032424927,2.1294379234313965,1.0417363928738903
29,6.488778114318848,-1.9829007387161255,2.1397128105163574,1.0516516768106943
29,6.5103654861450195,-1.9856895208358765,2.1421456336975098,1.0538929612035532
29,6.531820297241211,-1.9884945154190063,2.1445298194885254,1.0561553724827095
29,6.5532050132751465,-1.991322636604309,2.146874189376831,1.0584579221120216
29,6.574558258056641,-1.9941779375076294,2.149183511734009,1.0608005218581489
29,6.595910549163818,-1.997063398361206,2.151461601257324,1.0631838457442577
29,6.617250919342041,-1.9999765157699585,2.1537084579467773,1.06560021000525
29,6.63858699798584,-2.0029172897338867,2.1559250354766846,1.0680369849403668
29,6.659921646118164,-2.005885124206543,2.1581125259399414,1.070505956067546
29,6.681255340576172,-2.008878707885742,2.1602718830108643,1.0730069082338123
29,6.702588081359863,-2.011896848678589,2.1624035835266113,1.0755395814394966
29,6.7239203453063965,-2.0149381160736084,2.164508581161499,1.0781054504168928
29,6.7452521324157715,-2.018000841140747,2.1665878295898438,1.0807102638291028
29,6.766583442687988,-2.0210835933685303,2.168642282485962,1.0833459672333061
29,6.787914752960205,-2.0241849422454834,2.1706721782684326,1.0860100505944004
29,6.809245586395264,-2.027303457260132,2.1726789474487305,1.0886926539222366
29,6.830575942993164,-2.030437707901001,2.1746630668640137,1.0913981893134272
29,6.8519062995910645,-2.0335867404937744,2.1766250133514404,1.094127746785299
29,6.873236656188965,-2.0367486476898193,2.1785659790039062,1.0968822959481153
29,6.894567012786865,-2.039921760559082,2.1804866790771484,1.0996594885576878
29,6.915897846221924,-2.043105125427246,2.182387351989746,1.1024539009770362
29,6.937229156494141,-2.0462968349456787,2.1842689514160156,1.105262999341901
29,6.958560943603516,-2.0494954586029053,2.1861319541931152,1.1080844074748901
29,6.979893684387207,-2.052699327468872,2.1879773139953613,1.1109104316834415
29,7.001227378845215,-2.055907726287842,2.189805507659912,1.1137443818658328
29,7.022562026977539,-2.0591185092926025,2.191617012023926,1.1165892010599634
29,7.04389762878418,-2.062330484390259,2.1934123039245605,1.1194389756986982
29,7.065234661102295,-2.065542221069336,2.195192337036133,1.1222902395640477
29,7.086573123931885,-2.068751811981201,2.1969571113586426,1.125140669687536
29,7.107913017272949,-2.071958065032959,2.1987075805664062,1.1279886755239332
29,7.129255294799805,-2.075159788131714,2.200444221496582,1.1308321869028208
29,7.150599479675293,-2.078355550765991,2.20216703414917,1.1336675055610046
29,7.171945571899414,-2.0815443992614746,2.2038769721984863,1.1364991874301937
29,7.193293571472168,-2.0847249031066895,2.2055740356445312,1.1393246912933535
29,7.214644432067871,-2.0878961086273193,2.207258701324463,1.142142791500341
29,7.235997676849365,-2.0910561084747314,2.2089314460754395,1.1449528391713404
29,7.257353782653809,-2.0942041873931885,2.210592269897461,1.1477546343601688
29,7.278712749481201,-2.0973386764526367,2.2122416496276855,1.1505478359615955
29,7.300074577331543,-2.1004583835601807,2.2138795852661133,1.1533324541615584
29,7.321439266204834,-2.103562593460083,2.2155065536499023,1.1561109969089471
29,7.342807769775391,-2.10664963722229,2.2171223163604736,1.1588802593524772
29,7.364179611206055,-2.1097183227539062,2.2187271118164062,1.1616396208114692
29,7.385555267333984,-2.112767219543457,2.2203209400177,1.1643880568980407
29,7.40693473815918,-2.115795135498047,2.2219040393829346,1.1671240717711215
29,7.428318023681641,-2.118800163269043,2.223475933074951,1.1698458056622163
29,7.449705600738525,-2.12178111076355,2.225037097930908,1.172550516157496
29,7.471097469329834,-2.1247358322143555,2.2265872955322266,1.1752346123237574
29,7.492494106292725,-2.1276636123657227,2.2281265258789062,1.177899062755378
29,7.513895511627197,-2.1305625438690186,2.229654550552368,1.1805349853120295
29,7.535301685333252,-2.1334309577941895,2.2311716079711914,1.1831358945634571
29,7.556713104248047,-2.1362671852111816,2.232677459716797,1.1856957654747555
29,7.578129291534424,-2.1390695571899414,2.2341721057891846,1.1882072509074801
29,7.599551200866699,-2.141836404800415,2.2356555461883545,1.190662391308627
29,7.620978355407715,-2.144566059112549,2.2371277809143066,1.1930447757211498
29,7.642411708831787,-2.147257089614868,2.23858904838562,1.195353045785044
29,7.6638503074646,-2.1499083042144775,2.240039110183716,1.1975816475762486
29,7.685295104980469,-2.1525187492370605,2.241478204727173,1.1997449079461922
29,7.706745147705078,-2.15508770942688,2.2429065704345703,1.2018244691939193
29,7.728200912475586,-2.1576144695281982,2.244323968887329,1.2038172572199137
29,7.74966287612915,-2.160098075866699,2.245730400085449,1.2057210968515741
29,7.771130084991455,-2.162538528442383,2.2471256256103516,1.2075198266761964
29,7.792603015899658,-2.1649351119995117,2.248509645462036,1.2092234961593298
29,7.81408166885376,-2.167287588119507,2.2498815059661865,1.2108317253037888
29,7.83556604385376,-2.169595718383789,2.2512412071228027,1.2123544723504274
29,7.8570556640625,-2.1718590259552,2.2525880336761475,1.2138043376315497
29,7.878551006317139,-2.1740777492523193,2.2539217472076416,1.2151934197369267
29,7.900051593780518,-2.1762516498565674,2.255242347717285,1.2165344184146167
29,7.921557903289795,-2.1783807277679443,2.256549119949341,1.2178183758257413
29,7.943068981170654,-2.1804652214050293,2.2578423023223877,1.219058548158911
29,7.964585304260254,-2.1825053691864014,2.2591211795806885,1.2202582818794179
29,7.986106872558594,-2.1845011711120605,2.260385274887085,1.2214195570707849
29,8.007633209228516,-2.186452627182007,2.261634111404419,1.2225435081550227
29,8.02916431427002,-2.1883602142333984,2.2628672122955322,1.2236306789340654
29,8.050700187683105,-2.1902236938476562,2.2640838623046875,1.224680680442488
29,8.072240829467773,-2.1920435428619385,2.2652835845947266,1.2256851089554863
29,8.093786239624023,-2.193819999694824,2.266465187072754,1.2266473707517231
29,8.115336418151855,-2.1955533027648926,2.2676281929016113,1.2275705234765202
29,8.136890411376953,-2.1972436904907227,2.2687718868255615,1.228453796796176
29,8.158449172973633,-2.1988914012908936,2.269895076751709,1.2292972430581535
29,8.180011749267578,-2.2004969120025635,2.2709972858428955,1.2301026866312381
29,8.201579093933105,-2.2020604610443115,2.2720773220062256,1.2308723793472234
29,8.223150253295898,-2.203582286834717,2.273134231567383,1.2315971041245355
29,8.244725227355957,-2.2050631046295166,2.274167060852051,1.2322780799197233
29,8.266304016113281,-2.206502914428711,2.275174856185913,1.2329197328429882
29,8.287887573242188,-2.207902193069458,2.276156425476074,1.2335216135489593
29,8.309473991394043,-2.209261417388916,2.2771100997924805,1.2340832881030812
29,8.331064224243164,-2.2105813026428223,2.2780354022979736,1.2346035352509557
29,8.35265827178955,-2.2118616104125977,2.278930425643921,1.235080460189117
29,8.374256134033203,-2.2131032943725586,2.279794454574585,1.2355095980686954
29,8.395856857299805,-2.214306354522705,2.280625820159912,1.2358809519952731
29,8.417461395263672,-2.2154712677001953,2.281423568725586,1.2361993125994482
29,8.439069747924805,-2.2165987491607666,2.282186508178711,1.2364615792720757
29,8.46068000793457,-2.217688798904419,2.2829134464263916,1.2366645763271713
29,8.482294082641602,-2.2187423706054688,2.2836031913757324,1.23680548625074
29,8.503911018371582,-2.219759702682495,2.284254789352417,1.2368818558757015
29,8.525530815124512,-2.2207417488098145,2.28486704826355,1.2368918196548637
29,8.547152519226074,-2.221688747406006,2.2854392528533936,1.2368211061683754
29,8.568778038024902,-2.222602128982544,2.2859702110290527,1.236679804942499
29,8.590404510498047,-2.223482131958008,2.28645920753479,1.2364713024477305
29,8.61203384399414,-2.224329948425293,2.286905527114868,1.2361970007116512
29,8.633666038513184,-2.225146532058716,2.2873082160949707,1.2358587182044691
29,8.655299186706543,-2.2259328365325928,2.2876667976379395,1.2354575804733752
29,8.676934242248535,-2.226689577102661,2.287980556488037,1.23499778524672
29,8.698570251464844,-2.2274179458618164,2.2882490158081055,1.2344770965937624
29,8.720209121704102,-2.228119134902954,2.2884714603424072,1.2338981990164686
29,8.74184799194336,-2.2287938594818115,2.2886476516723633,1.2332720975737714
29,8.76348876953125,-2.229443073272705,2.2887768745422363,1.2326021821569488
29,8.78512954711914,-2.2300679683685303,2.2888588905334473,1.2318914672255183
29,8.806772232055664,-2.2306692600250244,2.288893461227417,1.2311431895068112
29,8.828414916992188,-2.231248140335083,2.2888801097869873,1.2303600948564397
29,8.850058555603027,-2.2318050861358643,2.288818836212158,1.2295451537781783
29,8.871702194213867,-2.2323410511016846,2.2887091636657715,1.228693891335287
29,8.893345832824707,-2.2328567504882812,2.2885513305664062,1.2278164096909974
29,8.914989471435547,-2.2333528995513916,2.2883448600769043,1.226915160276488
29,8.936634063720703,-2.233830451965332,2.2880899906158447,1.2259916327986968
29,8.958277702331543,-2.2342896461486816,2.2877867221832275,1.2250480212481545
29,8.979920387268066,-2.234731435775757,2.287435293197632,1.2240857963709568
29,9.00156307220459,-2.2351560592651367,2.2870354652404785,1.2231066605398648
29,9.023205757141113,-2.2355644702911377,2.2865874767303467,1.2221097072274298
29,9.044846534729004,-2.235956907272339,2.2860915660858154,1.2210974125038094
29,9.066487312316895,-2.2363338470458984,2.285548210144043,1.220072981243692
29,9.088127136230469,-2.2366960048675537,2.2849574089050293,1.2190372517006005
29,9.10976505279541,-2.237043619155884,2.2843194007873535,1.2179914193826198
29,9.131402969360352,-2.2373769283294678,2.283634662628174,1.21693607834407
29,9.153038024902344,-2.237696647644043,2.2829034328460693,1.2158721771540866
29,9.174673080444336,-2.2380030155181885,2.2821261882781982,1.2148002902010626
29,9.196306228637695,-2.2382965087890625,2.2813034057617188,1.21371895755307
29,9.217937469482422,-2.238577127456665,2.28043532371521,1.2126310027254639
29,9.239566802978516,-2.2388453483581543,2.27952241897583,1.211536541472071
29,9.261195182800293,-2.2391016483306885,2.2785654067993164,1.2104361571851743
29,9.282820701599121,-2.2393460273742676,2.277564525604248,1.2093298379877266
29,9.304445266723633,-2.23957896232605,2.276520252227783,1.2082178104947543
29,9.326067924499512,-2.2398006916046143,2.275433301925659,1.2071000629242008
29,9.347687721252441,-2.240011692047119,2.274304151535034,1.2059758753414287
29,9.369305610656738,-2.2402117252349854,2.2731335163116455,1.2048455652811196
29,9.390921592712402,-2.24040150642395,2.2719216346740723,1.203710169551768
29,9.412535667419434,-2.2405810356140137,2.2706692218780518,1.2025695643938523
29,9.434146881103516,-2.240750551223755,2.2693769931793213,1.2014236359450288
29,9.455755233764648,-2.240910530090332,2.268045663833618,1.2002725045903573
29,9.477362632751465,-2.241061210632324,2.2666754722595215,1.1991161740191902
29,9.498967170715332,-2.2412028312683105,2.2652671337127686,1.1979542740059064
29,9.52056884765625,-2.24133563041687,2.263821601867676,1.1967837169052684
29,9.542167663574219,-2.241459608078003,2.2623393535614014,1.1956075847564374
29,9.563765525817871,-2.2415754795074463,2.2608208656311035,1.194426750027437
29,9.585359573364258,-2.2416832447052,2.2592668533325195,1.1932412360426161
29,9.606951713562012,-2.241783380508423,2.257678270339966,1.1920509602856448
29,9.628540992736816,-2.2418758869171143,2.2560553550720215,1.1908562024108182
29,9.650128364562988,-2.2419610023498535,2.254399061203003,1.1896570065732066
29,9.671712875366211,-2.242039442062378,2.2527098655700684,1.1884521397318863
29,9.6932954788208,-2.2421109676361084,2.250988721847534,1.1872427871407063
29,9.714874267578125,-2.2421762943267822,2.2492358684539795,1.1860291494482698
29,9.736452102661133,-2.2422351837158203,2.2474522590637207,1.1848111891844377
29,9.758026123046875,-2.242288112640381,2.245638608932495,1.1835888669828014
29,9.779598236083984,-2.242335557937622,2.243795156478882,1.1823622711747694
29,9.801167488098145,-2.242377519607544,2.2419230937957764,1.1811312585338074
29,9.822734832763672,-2.2424142360687256,2.240022897720337,1.1798950307256466
29,9.84429931640625,-2.242446184158325,2.2380950450897217,1.1786510635131093
29,9.865861892700195,-2.2424733638763428,2.236140489578247,1.1774023947577092
29,9.887421607971191,-2.2424962520599365,2.2341597080230713,1.1761493829587362
29,9.908979415893555,-2.2425148487091064,2.2321534156799316,1.1748916812066268
29,9.930534362792969,-2.2425293922424316,2.2301220893859863,1.1736291898286442
29,9.95208740234375,-2.2425403594970703,2.2280666828155518,1.1723619342501457
29,9.973637580871582,-2.2425477504730225,2.225987434387207,1.1710891949269897
29,9.995186805725098,-2.242551803588867,2.2238852977752686,1.1698101557539862
29,10.016732215881348,-2.2425527572631836,2.2217607498168945,1.168525864697337
29,10.038276672363281,-2.242550849914551,2.219614267349243,1.1672357782252367
29,10.059818267822266,-2.242546319961548,2.2174465656280518,1.1659399522067337
29,10.081357955932617,-2.242539405822754,2.2152585983276367,1.1646380845287354
29,10.102896690368652,-2.242530107498169,2.213050365447998,1.163327981402106
29,10.124431610107422,-2.242518424987793,2.210822820663452,1.1620105965275866
29,10.145965576171875,-2.2425050735473633,2.2085766792297363,1.160682217745708
29,10.16750431060791,-2.242489814758301,2.2063114643096924,1.1593393147685125
29,10.189111709594727,-2.2424728870391846,2.2040209770202637,1.1579751401194243
29,10.211039543151855,-2.2424538135528564,2.20167875289917,1.1565776221555544
29,10.233865737915039,-2.2424323558807373,2.1992218494415283,1.1551160575759203
29,10.258394241333008,-2.2424075603485107,2.196561574935913,1.1535478004304502
29,10.28292179107666,-2.2423810958862305,2.1938812732696533,1.1519829097796022
29,10.30966854095459,-2.2423505783081055,2.190936326980591,1.1502779161139973
29,10.338383674621582,-2.2423157691955566,2.1877503395080566,1.1484341053724143
29,10.367095947265625,-2.2422797679901123,2.1845405101776123,1.1465736407332912
29,10.396970748901367,-2.2422406673431396,2.181175708770752,1.1446243185469975
29,10.426841735839844,-2.2422006130218506,2.1777868270874023,1.1426342431691845
29,10.457154273986816,-2.242159128189087,2.1743242740631104,1.1406030018160278
29,10.48756217956543,-2.242116689682007,2.170827627182007,1.1385300786231514
29,10.51796817779541,-2.2420740127563477,2.167308807373047,1.1364322590395428
29,10.548380851745605,-2.2420308589935303,2.1637682914733887,1.1343192945007592
29,10.578792572021484,-2.241987705230713,2.160207986831665,1.1321609207249856
29,10.609200477600098,-2.2419443130493164,2.1566288471221924,1.1299895184074014
29,10.639607429504395,-2.24190092086792,2.1530323028564453,1.1277841992044093
29,10.670011520385742,-2.2418570518493652,2.149419069290161,1.1255444116394755
29,10.700414657592773,-2.2418129444122314,2.1457901000976562,1.1232894599056709
29,10.730815887451172,-2.2417683601379395,2.1421468257904053,1.120973804987323
29,10.761215209960938,-2.24172306060791,2.1384897232055664,1.118640032640278
29,10.79161262512207,-2.2416765689849854,2.1348204612731934,1.116269397060001
29,10.822010040283203,-2.2416281700134277,2.1311399936676025,1.113848693370372
29,10.852405548095703,-2.2415778636932373,2.1274495124816895,1.1114068413557436
29,10.88279914855957,-2.2415246963500977,2.1237504482269287,1.1088925638045535
29,10.913192749023438,-2.2414681911468506,2.1200437545776367,1.1063454099888008
29,10.943585395812988,-2.241407632827759,2.116330623626709,1.1037526533707656
29,10.973977088928223,-2.241342067718506,2.112612724304199,1.1010940480027613
29,11.004368782043457,-2.2412707805633545,2.108891487121582,1.098410157338586
29,11.034760475158691,-2.2411928176879883,2.1051688194274902,1.095646846337215
29,11.065152168273926,-2.241107702255249,2.1014461517333984,1.0928390799040193
29,11.09554386138916,-2.241014003753662,2.0977251529693604,1.089985877611094
29,11.125935554504395,-2.2409114837646484,2.094007968902588,1.0870518901913948
29,11.156328201293945,-2.2407989501953125,2.0902962684631348,1.084087312185685
29,11.186721801757812,-2.240675687789917,2.086592435836792,1.0810598839903818
29,11.217117309570312,-2.2405407428741455,2.0828986167907715,1.0779860302739992
29,11.247515678405762,-2.24039363861084,2.0792174339294434,1.0748756409990994
29,11.277915000915527,-2.2402336597442627,2.0755512714385986,1.071688212333603
29,11.308324813842773,-2.2400600910186768,2.071901559829712,1.0684755189069945
29,11.338761329650879,-2.2398722171783447,2.068269968032837,1.0652085968597673
29,11.36920166015625,-2.2396700382232666,2.064661741256714,1.0618949278391772
29,11.39970874786377,-2.239452600479126,2.061072826385498,1.0585600806115687
29,11.430220603942871,-2.2392210960388184,2.0575144290924072,1.0552137551100347
29,11.460874557495117,-2.2389748096466064,2.0539746284484863,1.0518067525253365
29,11.491782188415527,-2.238713026046753,2.050445556640625,1.0482749455080398
29,11.52269458770752,-2.238438129425049,2.0469577312469482,1.0447292158338604
29,11.558891296386719,-2.2380990982055664,2.042926788330078,1.0407545742992583
29,11.624491691589355,-2.237440586090088,2.035768508911133,1.0332704210229848
29,11.69011402130127,-2.2367382049560547,2.028825521469116,1.0261582224077563
29,11.761581420898438,-2.235930919647217,2.0215368270874023,1.0184826781464411
29,11.833080291748047,-2.2350897789001465,2.0145695209503174,1.0115144381338208
29,11.962374687194824,-2.233541250228882,2.002876043319702,0.9994566696004915
29,12.083796501159668,-2.2321879863739014,1.9931528568267822,0.9901196700108625
29,12.13277530670166,-2.2316994667053223,1.9896177053451538,0.9863952101615224
30,0.7651656270027161,0.9725102782249451,0.7238213419914246,0.9995561442949782
30,0.884036660194397,0.9726362824440002,0.7355793118476868,0.9929128482275024
30,1.0044844150543213,0.9728225469589233,0.7492109537124634,0.9856135917014689
30,1.1246587038040161,0.9730685353279114,0.7636904716491699,0.9808858161400521
30,1.2458492517471313,0.9733656644821167,0.7775611281394958,0.9778908181607775
30,1.3672523498535156,0.9737095236778259,0.7893906235694885,0.9753503189586132
30,1.4506394863128662,0.9739728569984436,0.7955687046051025,0.9739350509051822
30,1.5729594230651855,0.974402904510498,0.8006737232208252,0.9732616922701037
30,1.6953848600387573,0.9748912453651428,0.8002254366874695,0.9748234148114259
30,1.8176897764205933,0.9754531979560852,0.7942858338356018,0.9800397653359201
30,1.9052222967147827,0.9759047031402588,0.7869482636451721,0.9869267985914146
30,2.0270025730133057,0.9766010642051697,0.7740710377693176,0.9995157044889604
30,2.09921932220459,0.9770471453666687,0.7652571797370911,1.0087934034010166
30,2.220710039138794,0.977816641330719,0.749866247177124,1.0263856849561117
30,2.342158555984497,0.9785903096199036,0.7341440916061401,1.0475961728495367
30,2.463625431060791,0.9793278574943542,0.7187222838401794,1.0717629225633947
30,2.5851988792419434,0.9800354838371277,0.7041667103767395,1.1030169320153071
30,2.706928014755249,0.9807277321815491,0.690981924533844,1.1415110884170954
30,2.8288826942443848,0.9814696907997131,0.6800941228866577,1.1875185449244012
30,2.951018810272217,0.982215940952301,0.6714684963226318,1.2498972053840203
30,3.0732691287994385,0.9828499555587769,0.6646223068237305,1.3165134802519518
30,3.1954638957977295,0.9830709099769592,0.6568394303321838,1.3869771336341508
30,3.26664400100708,0.9829408526420593,0.6512843370437622,1.4242704355210711
30,3.388124465942383,0.9826648831367493,0.6361498832702637,1.4689575366698946
30,3.4755210876464844,0.9824013710021973,0.6199214458465576,1.4846870450623573
30,3.5941600799560547,0.9819364547729492,0.5899279713630676,1.4898142231871003
30,3.7107858657836914,0.9811321496963501,0.5528003573417664,1.5012056793872985
30,3.8039817810058594,0.9804456233978271,0.5235570073127747,1.530229084265664
30,3.8652446269989014,0.980292022228241,0.5059913992881775,1.5656041402530811
30,3.984792947769165,0.9814653992652893,0.4810605049133301,1.6707371487606173
30,4.0793585777282715,0.9838295578956604,0.46973490715026855,1.7633336009633123
30,4.200581073760986,0.9882970452308655,0.46357473731040955,1.8677395944166983
30,4.321939945220947,0.9937241077423096,0.4641115367412567,1.933330100912303
30,4.440875053405762,0.9987207055091858,0.46660420298576355,1.9738977071941544
30,4.554164886474609,1.0027267932891846,0.4696166217327118,1.9900306554747416
30,4.667478561401367,1.0056984424591064,0.47290003299713135,1.9982092498483681
30,4.771966934204102,1.0073162317276,0.47789567708969116,1.997264399743334
30,4.867298126220703,1.0077184438705444,0.48586589097976685,1.975591871278396
30,4.93983793258667,1.0073403120040894,0.4952144920825958,1.9409843039826646
30,5.028955936431885,1.0062812566757202,0.5120545625686646,1.8845298070175764
30,5.117181777954102,1.0050684213638306,0.5346317291259766,1.8062861589165238
30,5.206507205963135,1.004196047782898,0.5620600581169128,1.6883833958171892
30,5.273460865020752,1.0040074586868286,0.5845414996147156,1.5951467384514635
30,5.324877738952637,1.004178762435913,0.6020451784133911,1.5255615047022004
30,5.418188571929932,1.005135178565979,0.6328179836273193,1.4219617635748
30,5.5123724937438965,1.0068336725234985,0.6607595086097717,1.3427330394677346
30,5.607607841491699,1.0091620683670044,0.6848171353340149,1.27827950261158
30,5.6715192794799805,1.0110327005386353,0.698707640171051,1.2442278551540709
30,5.772645473480225,1.0144617557525635,0.717556893825531,1.2072256457176571
30,5.8742756843566895,1.018479347229004,0.7333365082740784,1.178307479841319
30,5.976036548614502,1.023097038269043,0.7465934157371521,1.1541913441345657
30,6.08015251159668,1.0284757614135742,0.7579900622367859,1.1325058261406806
30,6.182886123657227,1.034481167793274,0.7673521041870117,1.1134893441887048
30,6.284169673919678,1.0411169528961182,0.7749722599983215,1.0965115496173328
30,6.385985374450684,1.0485464334487915,0.7811552882194519,1.0809508630984819
30,6.486924648284912,1.056697964668274,0.7859255075454712,1.0675214797697408
30,6.586439609527588,1.065570592880249,0.7893329858779907,1.0557274926967417
30,6.634792804718018,1.0702110528945923,0.7904776930809021,1.04977274290571
30,6.659516334533691,1.0726673603057861,0.790928065776825,1.0465838634341462
30,6.684983730316162,1.0752582550048828,0.7912992238998413,1.043520801432634
30,6.710303783416748,1.0778976678848267,0.7915751934051514,1.0406144851881867
30,6.735998153686523,1.0806403160095215,0.7917625308036804,1.0377746702006438
30,6.761128902435303,1.083388328552246,0.7918533086776733,1.0350383388855098
30,6.786191940307617,1.0861948728561401,0.791853129863739,1.0324139771164982
30,6.810996055603027,1.0890389680862427,0.7917636632919312,1.0299087140834389
30,6.835712432861328,1.0919405221939087,0.7915858030319214,1.0275199345518755
30,6.860578536987305,1.0949289798736572,0.7913177013397217,1.0252272580260535
30,6.885384559631348,1.0979812145233154,0.7909603118896484,1.0230652235917546
30,6.91046142578125,1.1011390686035156,0.7905086278915405,1.0210162554147435
30,6.935301780700684,1.1043407917022705,0.7899697422981262,1.01909110957091
30,6.95986795425415,1.1075809001922607,0.7893455624580383,1.017296686084169
30,6.984149932861328,1.1108583211898804,0.7886367440223694,1.0156728239012185
30,7.0087971687316895,1.114262342453003,0.7878225445747375,1.0142211389795124
30,7.033144950866699,1.1177021265029907,0.786924421787262,1.012986429206246
30,7.0581254959106445,1.1213103532791138,0.7859072685241699,1.0119042143149484
30,7.083090305328369,1.1250004768371582,0.7847888469696045,1.011035618001529
30,7.108089447021484,1.1287825107574463,0.7835633158683777,1.0104551430520323
30,7.133049011230469,1.1326467990875244,0.7822314500808716,1.0101889344661175
30,7.157960891723633,1.1365936994552612,0.7807909250259399,1.0102816949048448
30,7.182817459106445,1.1406227350234985,0.7792393565177917,1.0107858333804571
30,7.207611083984375,1.14473295211792,0.7775743007659912,1.011759091494123
30,7.232335567474365,1.1489213705062866,0.7757938504219055,1.0132727705168
30,7.2570366859436035,1.1531931161880493,0.7738917469978333,1.0155167129831677
30,7.281543731689453,1.157511591911316,0.7718814611434937,1.0183498026594762
30,7.306282997131348,1.1619422435760498,0.7697318196296692,1.0219941228683367
30,7.3308186531066895,1.166397213935852,0.7674843072891235,1.0265223757024093
30,7.355271816253662,1.170884609222412,0.7651407122612,1.0320341455062991
30,7.379642486572266,1.175389051437378,0.7627187967300415,1.0386231578367002
30,7.404013156890869,1.1799055337905884,0.7602350115776062,1.0463737444246373
30,7.428288459777832,1.1843897104263306,0.7577334046363831,1.0548639078415678
30,7.452497959136963,1.1888115406036377,0.7552571892738342,1.0630810529465706
30,7.476651668548584,1.1931315660476685,0.7528608441352844,1.0698667785620497
30,7.50075626373291,1.1973176002502441,0.7505921125411987,1.0741010254342256
30,7.524798393249512,1.2013558149337769,0.7484750151634216,1.0754499283273569
30,7.5488667488098145,1.2052669525146484,0.7464959025382996,1.0741648787196056
30,7.572874069213867,1.2090593576431274,0.7446306347846985,1.0710390338482219
30,7.596899509429932,1.2127711772918701,0.7428356409072876,1.0674471157161205
30,7.620849609375,1.2164111137390137,0.7410873174667358,1.064116704966034
30,7.644720554351807,1.2199962139129639,0.7393662929534912,1.061313705618185
30,7.668509483337402,1.2235387563705444,0.7376617789268494,1.0591842811245389
30,7.692215442657471,1.227043867111206,0.7359712719917297,1.0577017890996958
30,7.71594762802124,1.230527639389038,0.7342907190322876,1.056822302323574
30,7.739603042602539,1.2339715957641602,0.732633650302887,1.0564781979122622
30,7.763184070587158,1.2373713254928589,0.7310075163841248,1.0565285128026052
30,7.786694049835205,1.240721344947815,0.7294192314147949,1.056838741404521
30,7.81013822555542,1.2440170049667358,0.727874219417572,1.057295837719776
30,7.833591938018799,1.24726402759552,0.7263715267181396,1.0577889251532138
30,7.856987953186035,1.250449538230896,0.7249171137809753,1.0582442370306577
30,7.880642414093018,1.2536137104034424,0.7234913110733032,1.0585944345873188
30,7.904061794281006,1.2566899061203003,0.72212153673172,1.058879119696422
30,7.927440643310547,1.2597044706344604,0.7207919955253601,1.0591048595717978
30,7.950770378112793,1.262657880783081,0.7194987535476685,1.0592849970200944
30,7.974054336547852,1.2655519247055054,0.7182371616363525,1.0594374714936776
30,7.997294902801514,1.268388271331787,0.7170030474662781,1.0595808947949792
30,8.020495414733887,1.27116858959198,0.7157931327819824,1.0597312035314244
30,8.043659210205078,1.27389395236969,0.7146047353744507,1.0599001872769998
30,8.066789627075195,1.2765649557113647,0.7134361863136292,1.0600793353046778
30,8.090042114257812,1.2791990041732788,0.7122787833213806,1.0602828238308313
30,8.113264083862305,1.2817773818969727,0.7111402153968811,1.060515560776431
30,8.136521339416504,1.2843068838119507,0.710017204284668,1.060771126318765
30,8.15967845916748,1.2867709398269653,0.708916962146759,1.061040752648387
30,8.182754516601562,1.2891708612442017,0.7078390121459961,1.0613167835803776
30,8.205963134765625,1.2915279865264893,0.7067739367485046,1.0615930265739975
30,8.229150772094727,1.2938240766525269,0.7057297825813293,1.0618605607298675
30,8.252317428588867,1.2960584163665771,0.7047069072723389,1.062112970607669
30,8.275466918945312,1.2982299327850342,0.7037056684494019,1.0623449204638686
30,8.298599243164062,1.300337791442871,0.7027261853218079,1.0625504068157412
30,8.321817398071289,1.3023898601531982,0.7017645835876465,1.0627199553416276
30,8.345020294189453,1.3043760061264038,0.7008253335952759,1.0628610602118038
30,8.368205070495605,1.3062952756881714,0.6999085545539856,1.0629724870360266
30,8.391374588012695,1.3081473112106323,0.6990143656730652,1.0630556328830483
30,8.414527893066406,1.3099313974380493,0.6981427669525146,1.0631078786689572
30,8.43752384185791,1.311636209487915,0.6972992420196533,1.0631316442927508
30,8.460736274719238,1.3132895231246948,0.6964700222015381,1.0631320928845434
30,8.483929634094238,1.3148729801177979,0.69566410779953,1.063104267535574
30,8.507102012634277,1.3163858652114868,0.6948815584182739,1.0630517257712575
30,8.530252456665039,1.3178279399871826,0.6941226720809937,1.062976019499525
30,8.553378105163574,1.3191989660263062,0.693387508392334,1.062877961450299
30,8.576478958129883,1.3204984664916992,0.6926762461662292,1.0627585771468608
30,8.5995512008667,1.3217265605926514,0.6919890642166138,1.0626188754809431
30,8.622593879699707,1.322882890701294,0.6913260221481323,1.0624593546441141
30,8.645605087280273,1.3239675760269165,0.690687358379364,1.0622807207218572
30,8.668581008911133,1.3249804973602295,0.6900731325149536,1.0620842272517548
30,8.691520690917969,1.3259222507476807,0.6894832849502563,1.0618755734665017
30,8.714486122131348,1.3267943859100342,0.6889167428016663,1.0616030667717622
30,8.736959457397461,1.327579379081726,0.6883858442306519,1.0613672526890636
30,8.75990104675293,1.3283122777938843,0.6878675222396851,1.0611038604357992
30,8.782793998718262,1.3289742469787598,0.687374472618103,1.060819739306918
30,8.805634498596191,1.3295658826828003,0.6869068145751953,1.0605221479874565
30,8.828422546386719,1.3300879001617432,0.6864646673202515,1.060213538828307
30,8.851183891296387,1.3305416107177734,0.6860476136207581,1.059895117259413
30,8.873942375183105,1.3309279680252075,0.6856553554534912,1.0595687086741639
30,8.896697998046875,1.3312475681304932,0.6852880716323853,1.0592363435580125
30,8.919449806213379,1.3315008878707886,0.6849460601806641,1.0588995520592268
30,8.942192077636719,1.3316885232925415,0.6846295595169067,1.0585613706271624
30,8.964926719665527,1.3318113088607788,0.6843387484550476,1.0582246596514935
30,8.987655639648438,1.3318700790405273,0.684073805809021,1.0578919214091917
30,9.010376930236816,1.3318654298782349,0.6838349103927612,1.0575655122217051
30,9.033088684082031,1.3317983150482178,0.6836221814155579,1.0572478851235287
30,9.055791854858398,1.3316699266433716,0.6834357380867004,1.0569415839291934
30,9.078472137451172,1.3314809799194336,0.6832758188247681,1.0566492015628113
30,9.101139068603516,1.3312327861785889,0.6831423044204712,1.056372668446093
30,9.12379264831543,1.3309262990951538,0.6830352544784546,1.0561138763489193
30,9.146430015563965,1.330562710762024,0.6829546093940735,1.0558747016099477
30,9.169051170349121,1.3301432132720947,0.6829003691673279,1.0556566519153947
30,9.191655158996582,1.3296691179275513,0.6828723549842834,1.0554616769267546
30,9.214219093322754,1.3291419744491577,0.6828703880310059,1.0552641490731534
30,9.236726760864258,1.3285636901855469,0.6828941702842712,1.0550776328514784
30,9.2592134475708,1.3279348611831665,0.6829434633255005,1.054916932301387
30,9.281676292419434,1.3272567987442017,0.6830178499221802,1.05478292908071
30,9.304115295410156,1.3265308141708374,0.6831170916557312,1.0546761466157781
30,9.32652759552002,1.3257580995559692,0.6832406520843506,1.0545971105145708
30,9.348913192749023,1.3249402046203613,0.6833881735801697,1.0545457499661735
30,9.371248245239258,1.3240792751312256,0.6835588812828064,1.0545196481476464
30,9.393527030944824,1.3231770992279053,0.6837521195411682,1.0545212574158251
30,9.41577434539795,1.32223379611969,0.6839674115180969,1.0545490432365423
30,9.43798828125,1.3212509155273438,0.6842041015625,1.0546024923599389
30,9.460168838500977,1.3202296495437622,0.6844613552093506,1.0546799132316895
30,9.48231315612793,1.3191713094711304,0.6847383975982666,1.0547802240398523
30,9.50442123413086,1.3180773258209229,0.6850343346595764,1.0549016419715638
30,9.526491165161133,1.3169487714767456,0.6853482723236084,1.0550422802821144
30,9.54852294921875,1.3157869577407837,0.6856792569160461,1.05520003722442
30,9.570513725280762,1.3145931959152222,0.6860261559486389,1.0553725921458978
30,9.592464447021484,1.313368320465088,0.6863880157470703,1.0555576432075773
30,9.614373207092285,1.312113881111145,0.6867637634277344,1.0557523194201233
30,9.636239051818848,1.3108305931091309,0.6871522665023804,1.0559442498936513
30,9.658064842224121,1.3095195293426514,0.6875523924827576,1.056143124525186
30,9.679848670959473,1.3081817626953125,0.6879630088806152,1.056347100088095
30,9.701591491699219,1.3068181276321411,0.6883830428123474,1.0565537669818663
30,9.723291397094727,1.3054296970367432,0.6888112425804138,1.0567602178237405
30,9.744989395141602,1.3040145635604858,0.6892473101615906,1.0569633743605615
30,9.766646385192871,1.3025760650634766,0.6896893382072449,1.0571619820245943
30,9.788263320922852,1.3011149168014526,0.690136194229126,1.0573486359951108
30,9.809858322143555,1.2996306419372559,0.6905871629714966,1.0575143690058022
30,9.831451416015625,1.2981226444244385,0.6910415887832642,1.0576615240236467
30,9.853043556213379,1.2965911626815796,0.6914985775947571,1.0577928966009902
30,9.874632835388184,1.2950369119644165,0.6919569373130798,1.0579051833502002
30,9.896221160888672,1.2934606075286865,0.6924158334732056,1.057993305601949
30,9.917807579040527,1.2918624877929688,0.6928742527961731,1.058058130162848
30,9.939393043518066,1.290243148803711,0.6933314204216003,1.0580980126573138
30,9.960976600646973,1.2886033058166504,0.6937863230705261,1.0581113138550058
30,9.982559204101562,1.2869430780410767,0.6942382454872131,1.0580970016103137
30,10.00413990020752,1.285263180732727,0.6946864128112793,1.0580539303708052
30,10.025718688964844,1.2835640907287598,0.6951301693916321,1.057981435816298
30,10.047296524047852,1.281846046447754,0.6955689191818237,1.0578741187773113
30,10.068873405456543,1.2801095247268677,0.6960020661354065,1.0577348054292885
30,10.090448379516602,1.2783551216125488,0.6964291334152222,1.0575644485899613
30,10.112022399902344,1.2765830755233765,0.6968496441841125,1.0573628314867294
30,10.13359546661377,1.2747938632965088,0.697263240814209,1.0571294632720247
30,10.155173301696777,1.2729873657226562,0.6976697444915771,1.056859886197595
30,10.176820755004883,1.2711586952209473,0.6980700492858887,1.0565582494034818
30,10.198790550231934,1.2692862749099731,0.6984683275222778,1.0562162365685106
30,10.220758438110352,1.2673978805541992,0.6988583207130432,1.0558409138895735
30,10.243627548217773,1.2654155492782593,0.6992555260658264,1.0554239962514387
30,10.268202781677246,1.263267159461975,0.6996724009513855,1.0549535823528777
30,10.295003890991211,1.2609035968780518,0.7001156210899353,1.0544041248912872
30,10.32180404663086,1.2585195302963257,0.7005472183227539,1.0538321856276853
30,10.350576400756836,1.2559376955032349,0.7009981274604797,1.0532012034277531
30,10.379345893859863,1.2533336877822876,0.7014368772506714,1.0525410290927977
30,10.409281730651855,1.2506009340286255,0.7018811106681824,1.051848652803527
30,10.439659118652344,1.2478045225143433,0.7023204565048218,1.051132107758596
30,10.4700345993042,1.2449854612350464,0.7027491331100464,1.0504216788695535
30,10.500507354736328,1.2421352863311768,0.7031700015068054,1.0497144097386912
30,10.530987739562988,1.2392628192901611,0.7035832405090332,1.0490412024940112
30,10.561467170715332,1.2363697290420532,0.7039899230003357,1.0483899156652228
30,10.591943740844727,1.2334568500518799,0.7043919563293457,1.0477744584804958
30,10.622419357299805,1.2305246591567993,0.7047903537750244,1.047213065820364
30,10.65289306640625,1.227574110031128,0.7051868438720703,1.0466814691637778
30,10.683364868164062,1.2246057987213135,0.7055829763412476,1.0462281602560037
30,10.713834762573242,1.2216206789016724,0.7059799432754517,1.0458184291563248
30,10.744303703308105,1.218619704246521,0.7063794136047363,1.0454654735566928
30,10.774770736694336,1.2156035900115967,0.7067824602127075,1.0452021120624477
30,10.805235862731934,1.2125730514526367,0.7071904540061951,1.0449839537324306
30,10.835700035095215,1.209529161453247,0.707604706287384,1.0448648757491943
30,10.86616325378418,1.206472635269165,0.7080260515213013,1.0448156172482612
30,10.896624565124512,1.203404426574707,0.7084559202194214,1.0448298278342405
30,10.927083969116211,1.2003253698349,0.7088949084281921,1.0449615228181717
30,10.95754337310791,1.1972360610961914,0.7093440890312195,1.0451461706239307
30,10.988001823425293,1.1941378116607666,0.7098042368888855,1.0454375387354442
30,11.018458366394043,1.1910309791564941,0.7102758288383484,1.0458207823597714
30,11.048914909362793,1.1879163980484009,0.7107593417167664,1.0462681042976294
30,11.07936954498291,1.1847949028015137,0.7112550735473633,1.0468587790747435
30,11.109824180603027,1.1816669702529907,0.7117631435394287,1.0475103957624543
30,11.140276908874512,1.1785335540771484,0.7122834324836731,1.0482664643234865
30,11.170729637145996,1.1753950119018555,0.7128158807754517,1.049124566905349
30,11.20118236541748,1.1722521781921387,0.713360071182251,1.050041355592314
30,11.231636047363281,1.1691057682037354,0.7139155268669128,1.0510890856359951
30,11.262088775634766,1.1659564971923828,0.714481770992279,1.0521928025982712
30,11.292549133300781,1.162804126739502,0.7150578498840332,1.0533722990024763
30,11.32300853729248,1.1596499681472778,0.7156428694725037,1.0546038427750895
30,11.353493690490723,1.156491756439209,0.7162361741065979,1.055876291330837
30,11.384042739868164,1.1533259153366089,0.7168373465538025,1.0572261403468823
30,11.414591789245605,1.1501595973968506,0.7174443602561951,1.0585954127639434
30,11.445280075073242,1.1469789743423462,0.7180591225624084,1.0599903119854304
30,11.475969314575195,1.1437994241714478,0.7186781764030457,1.0614649497091966
30,11.506906509399414,1.1405956745147705,0.7193055748939514,1.0629718941433683
30,11.543127059936523,1.1368480920791626,0.7200420498847961,1.064725379454915
30,11.57934856414795,1.1331042051315308,0.7207793593406677,1.065648960776645
30,11.644977569580078,1.1263339519500732,0.7221108675003052,1.0682223752880367
30,11.71060848236084,1.119587779045105,0.7234376668930054,1.0706572845496993
30,11.782061576843262,1.1122827529907227,0.7248661518096924,1.0719096742990157
30,11.911205291748047,1.0992414951324463,0.7273613214492798,1.073141096599909
30,12.040375709533691,1.086443305015564,0.7297545671463013,1.0727287740559142
30,12.161652565002441,1.0747041702270508,0.7319154739379883,1.0710466794350002
30,12.283297538757324,1.0633132457733154,0.7339491844177246,1.0658642726078829
30,12.404991149902344,1.052423357963562,0.7357721328735352,1.0585843454076067
30,12.526917457580566,1.0422999858856201,0.7371771335601807,1.0486652164897208
30,12.609383583068848,1.036002516746521,0.7378184199333191,1.0396151704485281
31,0.5894017815589905,-1.0331236124038696,2.0106592178344727,1.003668042962939
31,0.7045482993125916,-1.0331614017486572,2.016753911972046,1.0067629995465757
31,0.823113203048706,-1.0332034826278687,2.024017333984375,1.0114831590424587
31,0.9255979657173157,-1.033241868019104,2.030809164047241,1.0159717293747572
31,1.0462526082992554,-1.0332902669906616,2.0386710166931152,1.0214305810533892
31,1.1669504642486572,-1.0333449840545654,2.045830011367798,1.0268179068997685
31,1.2887463569641113,-1.0334112644195557,2.051664352416992,1.0320994361366878
31,1.4110215902328491,-1.0334995985031128,2.0551767349243164,1.037242057648932
31,1.5333439111709595,-1.033617377281189,2.0558383464813232,1.0412167518470685
31,1.6557494401931763,-1.0337777137756348,2.0529496669769287,1.0451396458949698
31,1.77804434299469,-1.0339866876602173,2.0464882850646973,1.0463120649263309
31,1.8656784296035767,-1.0341695547103882,2.0396511554718018,1.0472308336432439
31,1.9875514507293701,-1.0344690084457397,2.0275630950927734,1.0454552972210718
31,2.1091322898864746,-1.0348190069198608,2.0128180980682373,1.0425558963306303
31,2.230463981628418,-1.0352123975753784,1.9961388111114502,1.0381754317388854
31,2.3515641689300537,-1.0356446504592896,1.9778517484664917,1.032108113779708
31,2.4724719524383545,-1.036109209060669,1.9583338499069214,1.0255557507199835
31,2.5931918621063232,-1.0366019010543823,1.9376857280731201,1.0176333185431194
31,2.713711977005005,-1.03711998462677,1.9159023761749268,1.008702450460754
31,2.833991289138794,-1.0376615524291992,1.8928276300430298,0.9988257263643912
31,2.953964948654175,-1.0382275581359863,1.8682169914245605,0.9854001627767127
31,3.073533058166504,-1.0388206243515015,1.8417069911956787,0.9703220702752318
31,3.1925649642944336,-1.0394543409347534,1.812889814376831,0.9510471278208456
31,3.310899019241333,-1.0401346683502197,1.7813326120376587,0.9275807555976476
31,3.4283785820007324,-1.040909767150879,1.7467354536056519,0.8995560004717129
31,3.5314011573791504,-1.0417156219482422,1.7134007215499878,0.8672517167445282
31,3.6468844413757324,-1.0428962707519531,1.6726456880569458,0.8268344296827198
31,3.7614216804504395,-1.0446698665618896,1.6293118000030518,0.7725817232118188
31,3.8754584789276123,-1.0474493503570557,1.5847829580307007,0.7186932335696761
31,3.9902689456939697,-1.0519946813583374,1.543114423751831,0.6566509072049963
31,4.041659355163574,-1.0547754764556885,1.5266693830490112,0.6321724172019376
31,4.115408420562744,-1.0595766305923462,1.5069301128387451,0.6057728558876292
31,4.23457670211792,-1.0697836875915527,1.4883888959884644,0.5661480624350373
31,4.354803085327148,-1.083588719367981,1.4882630109786987,0.5536435489758457
31,4.470117092132568,-1.100080132484436,1.5057780742645264,0.5619163591629627
31,4.576475143432617,-1.1170780658721924,1.5346640348434448,0.5903145182077012
31,4.644285202026367,-1.128125548362732,1.5578242540359497,0.619615688532259
31,4.739916801452637,-1.14259934425354,1.59345281124115,0.6675014472440102
31,4.794081211090088,-1.1500731706619263,1.6144192218780518,0.6970619404745644
31,4.882457256317139,-1.1607654094696045,1.6481146812438965,0.7440956759769579
31,4.971383094787598,-1.1699014902114868,1.6808055639266968,0.7879812601161836
31,5.0439324378967285,-1.1763598918914795,1.706176996231079,0.818878181349993
31,5.1268696784973145,-1.1829094886779785,1.7334622144699097,0.848735033965223
31,5.209613800048828,-1.1888432502746582,1.7589064836502075,0.8737518724772276
31,5.292690277099609,-1.1944388151168823,1.782763957977295,0.894430865906112
31,5.376209735870361,-1.1998655796051025,1.8050645589828491,0.9108510068211563
31,5.460103988647461,-1.205271601676941,1.8258562088012695,0.9236627293323072
31,5.544322490692139,-1.2108125686645508,1.8452569246292114,0.9333698897890874
31,5.6287970542907715,-1.2166240215301514,1.8634265661239624,0.9406191008981625
31,5.714010715484619,-1.2228758335113525,1.8805724382400513,0.9452339032209228
31,5.801815032958984,-1.2298721075057983,1.8970898389816284,0.9476008967042857
31,5.8897552490234375,-1.2375987768173218,1.9125250577926636,0.9476464094580787
31,5.981368064880371,-1.2466048002243042,1.9274518489837646,0.9463901187972076
31,6.076406955718994,-1.2572314739227295,1.941666603088379,0.9442255624542435
31,6.156692028045654,-1.2674353122711182,1.95261549949646,0.94243549537422
31,6.254513740539551,-1.2816964387893677,1.9645637273788452,0.9411668113828311
31,6.354187965393066,-1.2986226081848145,1.9750903844833374,0.9422120872554298
31,6.453547954559326,-1.3181812763214111,1.9838746786117554,0.9482715656720717
31,6.504383087158203,-1.329306721687317,1.9876774549484253,0.9534394941805981
31,6.5598859786987305,-1.342315912246704,1.9913082122802734,0.961372522284154
31,6.585572242736816,-1.3486279249191284,1.992804765701294,0.9657604534111112
31,6.6111955642700195,-1.3551065921783447,1.9941871166229248,0.970616268088315
31,6.636458396911621,-1.3616749048233032,1.9954402446746826,0.9758399331236393
31,6.661684036254883,-1.3684026002883911,1.9965896606445312,0.9814715209867206
31,6.68698263168335,-1.375309705734253,1.997646450996399,0.9875774852344433
31,6.712124347686768,-1.3823260068893433,1.9986053705215454,0.9940568229080473
31,6.737265110015869,-1.3894853591918945,1.9994778633117676,1.0010104835204225
31,6.762404918670654,-1.396776795387268,2.000272512435913,1.0083841705471872
31,6.787539005279541,-1.4041882753372192,2.000998020172119,1.0161402490184417
31,6.812526226043701,-1.411668300628662,2.001657485961914,1.0241453286638744
31,6.8375043869018555,-1.4192447662353516,2.0022668838500977,1.032333902242972
31,6.862472057342529,-1.426903486251831,2.002837896347046,1.040634954971102
31,6.887292861938477,-1.4345901012420654,2.003378391265869,1.0487399569538394
31,6.912118434906006,-1.4423359632492065,2.003903865814209,1.0567547334733676
31,6.936932563781738,-1.4501208066940308,2.004425525665283,1.0646398476802161
31,6.961611270904541,-1.4578919410705566,2.004950761795044,1.0721093298026814
31,6.986294269561768,-1.4656826257705688,2.0054924488067627,1.0794725215886782
31,7.010980129241943,-1.4734805822372437,2.006058692932129,1.0866551044745416
31,7.035665512084961,-1.4812757968902588,2.006657123565674,1.0936732825197437
31,7.060211658477783,-1.4890189170837402,2.0072925090789795,1.1005257610812575
31,7.084754467010498,-1.49674391746521,2.0079736709594727,1.1071934390897917
31,7.109291076660156,-1.5044423341751099,2.0087053775787354,1.1137165949201624
31,7.133681774139404,-1.5120675563812256,2.009491443634033,1.120027360117887
31,7.158061981201172,-1.5196555852890015,2.0103399753570557,1.1261144433322021
31,7.182429313659668,-1.527199149131775,2.0112528800964355,1.132002200076276
31,7.206644058227539,-1.534653902053833,2.0122313499450684,1.1376537816676728
31,7.23084020614624,-1.5420582294464111,2.01328444480896,1.1430615133835418
31,7.255014419555664,-1.5494067668914795,2.014411449432373,1.1482498442141416
31,7.279162883758545,-1.5566976070404053,2.015615701675415,1.153208458757511
31,7.303149223327637,-1.5638903379440308,2.0168960094451904,1.157894599564696
31,7.327104568481445,-1.5710232257843018,2.018256902694702,1.1623744567863028
31,7.351025104522705,-1.5780956745147705,2.01969575881958,1.1666547075263152
31,7.374755382537842,-1.585065484046936,2.021211862564087,1.1707063358015182
31,7.398423194885254,-1.591973066329956,2.0228116512298584,1.1743091142164934
31,7.422686576843262,-1.599011778831482,2.024533748626709,1.1780058045727881
31,7.446808815002441,-1.6059741973876953,2.0263354778289795,1.181351189404044
31,7.470332622528076,-1.6127368211746216,2.0281822681427,1.1843421292539464
31,7.493801116943359,-1.6194661855697632,2.030111074447632,1.1871553647521889
31,7.5172200202941895,-1.6261767148971558,2.0321171283721924,1.1895642266541426
31,7.541226387023926,-1.6330642700195312,2.0342609882354736,1.191629609802766
31,7.564850330352783,-1.6398729085922241,2.0364608764648438,1.1933129383702554
31,7.5880632400512695,-1.6466244459152222,2.0387041568756104,1.1944601542243742
31,7.610791206359863,-1.653333306312561,2.0409677028656006,1.1944810752608344
31,7.633041858673096,-1.6600199937820435,2.043210506439209,1.1924489336734367
31,7.655903339385986,-1.6670271158218384,2.045456886291504,1.186381421082874
31,7.678710460662842,-1.674127221107483,2.047527313232422,1.1744683487664804
31,7.701521396636963,-1.6811624765396118,2.049325466156006,1.160466148426147
31,7.72429895401001,-1.6877869367599487,2.050828695297241,1.1482706957812556
31,7.747241973876953,-1.6936944723129272,2.052156448364258,1.1422102777021141
31,7.770370960235596,-1.698617935180664,2.053506374359131,1.1456208802041796
31,7.793632507324219,-1.7025362253189087,2.055082321166992,1.1597983514926122
31,7.816812515258789,-1.7056957483291626,2.0569915771484375,1.1776330488145945
31,7.8399658203125,-1.7084678411483765,2.0592377185821533,1.1929221409309578
31,7.8630571365356445,-1.711129903793335,2.061744451522827,1.203792125940038
31,7.886075019836426,-1.713840365409851,2.0644164085388184,1.2107373753318733
31,7.90903377532959,-1.7166659832000732,2.06717586517334,1.2148812901558077
31,7.9319233894348145,-1.7196141481399536,2.0699639320373535,1.217167361057602
31,7.954748630523682,-1.7226648330688477,2.0727427005767822,1.2182562714078928
31,7.97751522064209,-1.7257851362228394,2.075488567352295,1.2185306273936578
31,8.000126838684082,-1.7289236783981323,2.0781774520874023,1.2182434157891953
31,8.022692680358887,-1.7320563793182373,2.0808169841766357,1.2177751404745603
31,8.045214653015137,-1.7351505756378174,2.083406686782837,1.2172700252147803
31,8.067697525024414,-1.7381782531738281,2.0859482288360596,1.21678205872475
31,8.090147018432617,-1.7411152124404907,2.0884454250335693,1.2164131435444168
31,8.11251163482666,-1.7439335584640503,2.0908963680267334,1.2162648874345185
31,8.134846687316895,-1.74662446975708,2.093313455581665,1.2163883420261512
31,8.15715217590332,-1.7491775751113892,2.095702886581421,1.216785527785431
31,8.179426193237305,-1.7515872716903687,2.0980703830718994,1.2173502414050792
31,8.201581001281738,-1.753842830657959,2.1004106998443604,1.218044174583588
31,8.22370433807373,-1.7559576034545898,2.102733850479126,1.2188067232062798
31,8.245793342590332,-1.7579374313354492,2.1050384044647217,1.219534668809123
31,8.267849922180176,-1.7597906589508057,2.1073191165924072,1.220131135345787
31,8.289871215820312,-1.761526346206665,2.109569549560547,1.2205177074785314
31,8.311859130859375,-1.7631539106369019,2.111781120300293,1.2206412478136643
31,8.33381175994873,-1.7646815776824951,2.113945484161377,1.220474527861075
31,8.355730056762695,-1.7661160230636597,2.116054058074951,1.2199873509502188
31,8.377620697021484,-1.7674612998962402,2.1180992126464844,1.2191998005129423
31,8.39952278137207,-1.7687212228775024,2.1200780868530273,1.2181260545221348
31,8.421388626098633,-1.7698923349380493,2.1219804286956787,1.216831222839896
31,8.443218231201172,-1.7709721326828003,2.1238019466400146,1.215361486580335
31,8.465011596679688,-1.7719570398330688,2.125540018081665,1.213764150456927
31,8.486767768859863,-1.7728428840637207,2.127192974090576,1.2120814550327186
31,8.5084867477417,-1.773625373840332,2.128761053085327,1.2103481403357972
31,8.530168533325195,-1.7743005752563477,2.1302452087402344,1.2085909312667895
31,8.551811218261719,-1.7748661041259766,2.1316473484039307,1.2068264581029193
31,8.573424339294434,-1.775320291519165,2.132969617843628,1.2050409683765524
31,8.595036506652832,-1.7756633758544922,2.1342153549194336,1.2032426511910976
31,8.616653442382812,-1.7758963108062744,2.1353864669799805,1.2014211491882394
31,8.638276100158691,-1.7760217189788818,2.1364829540252686,1.1995564080156762
31,8.659902572631836,-1.7760440111160278,2.137505292892456,1.1976262604410612
31,8.681532859802246,-1.77596914768219,2.1384520530700684,1.195609239431338
31,8.703165054321289,-1.7758042812347412,2.139322280883789,1.1934853736883233
31,8.724800109863281,-1.7755578756332397,2.140113592147827,1.1912359760898863
31,8.746437072753906,-1.7752386331558228,2.1408236026763916,1.1888198597437665
31,8.768074989318848,-1.7748558521270752,2.1414496898651123,1.1862576403996463
31,8.789713859558105,-1.774418592453003,2.1419894695281982,1.18354681761374
31,8.811354637145996,-1.77393639087677,2.1424403190612793,1.1807096321198578
31,8.832995414733887,-1.7734178304672241,2.1428005695343018,1.1777605167254437
31,8.85463809967041,-1.7728708982467651,2.143068790435791,1.1747175594380614
31,8.876280784606934,-1.772303581237793,2.1432442665100098,1.1716012998552898
31,8.89792251586914,-1.7717229127883911,2.1433265209198,1.1684287508717186
31,8.919565200805664,-1.7711353302001953,2.1433165073394775,1.1652348603551825
31,8.941207885742188,-1.7705466747283936,2.1432151794433594,1.1620489493462984
31,8.962849617004395,-1.7699624300003052,2.143024444580078,1.1588945468049614
31,8.984490394592285,-1.7693870067596436,2.1427462100982666,1.1557926452508935
31,9.006131172180176,-1.7688242197036743,2.1423826217651367,1.1527622371529884
31,9.027770042419434,-1.7682771682739258,2.1419365406036377,1.1498196440775894
31,9.049407958984375,-1.7677479982376099,2.1414101123809814,1.1469813559497515
31,9.071043968200684,-1.7672380208969116,2.14080548286438,1.1442696878331675
31,9.09267807006836,-1.7667479515075684,2.140125036239624,1.1416773704865333
31,9.114311218261719,-1.7662779092788696,2.139370918273926,1.1392040703542927
31,9.135940551757812,-1.7658270597457886,2.1385445594787598,1.1368506346827594
31,9.15756893157959,-1.7653942108154297,2.137648344039917,1.134613617521096
31,9.179193496704102,-1.7649778127670288,2.136683225631714,1.1324873245824192
31,9.20081615447998,-1.7645756006240845,2.1356513500213623,1.130464189398684
31,9.222434997558594,-1.7641855478286743,2.134553909301758,1.128545367428958
31,9.244051933288574,-1.7638052701950073,2.133392333984375,1.1267116827993637
31,9.265664100646973,-1.7634321451187134,2.1321682929992676,1.1249500158960404
31,9.287273406982422,-1.7630637884140015,2.130882740020752,1.1232506424279636
31,9.308879852294922,-1.762697696685791,2.1295371055603027,1.121604361563033
31,9.33048152923584,-1.7623316049575806,2.1281330585479736,1.120002250081548
31,9.352079391479492,-1.761963129043579,2.126671314239502,1.118436151399906
31,9.373673439025879,-1.7615904808044434,2.1251535415649414,1.1168997702795733
31,9.395263671875,-1.761211633682251,2.1235809326171875,1.1153851351242283
31,9.416849136352539,-1.7608249187469482,2.1219542026519775,1.1138841040322882
31,9.438431739807129,-1.760428786277771,2.120274782180786,1.1123917073926386
31,9.46000862121582,-1.7600218057632446,2.118543863296509,1.110903581699097
31,9.481582641601562,-1.7596029043197632,2.1167619228363037,1.1094155212679009
31,9.503150939941406,-1.7591711282730103,2.1149306297302246,1.1079242783041483
31,9.524715423583984,-1.758725643157959,2.1130504608154297,1.1064275879510554
31,9.546274185180664,-1.7582656145095825,2.1111223697662354,1.1049197702024067
31,9.567830085754395,-1.7577908039093018,2.109147310256958,1.103400862037729
31,9.589380264282227,-1.757300853729248,2.107125997543335,1.1018699805759948
31,9.610926628112793,-1.7567954063415527,2.1050591468811035,1.1003260132110992
31,9.632467269897461,-1.7562744617462158,2.10294771194458,1.0987688917984633
31,9.654004096984863,-1.7557380199432373,2.100792407989502,1.0971983033905464
31,9.675535202026367,-1.7551862001419067,2.0985937118530273,1.0956146435298004
31,9.697062492370605,-1.7546191215515137,2.0963528156280518,1.0940154735860705
31,9.718584060668945,-1.7540370225906372,2.0940699577331543,1.092403789842669
31,9.74010181427002,-1.7534401416778564,2.0917463302612305,1.0907800698680352
31,9.761613845825195,-1.7528287172317505,2.0893824100494385,1.0891457160327356
31,9.783122062683105,-1.7522029876708984,2.086979389190674,1.0875035218327023
31,9.804624557495117,-1.7515631914138794,2.0845377445220947,1.0858496639391393
31,9.826123237609863,-1.7509095668792725,2.0820584297180176,1.0841836515776793
31,9.847617149353027,-1.7502422332763672,2.079542398452759,1.0825022650040719
31,9.869105339050293,-1.7495611906051636,2.0769898891448975,1.0807978431239416
31,9.890589714050293,-1.748866319656372,2.074402093887329,1.0790733697437225
31,9.912069320678711,-1.7481577396392822,2.071779489517212,1.0773315816405555
31,9.933544158935547,-1.747435450553894,2.069122791290283,1.075571062516607
31,9.9550142288208,-1.7466992139816284,2.0664327144622803,1.0737907347940594
31,9.976479530334473,-1.7459490299224854,2.0637099742889404,1.0719919083685108
31,9.997941017150879,-1.7451846599578857,2.060955047607422,1.0701690191666
31,10.019397735595703,-1.7444061040878296,2.05816912651062,1.0683171533122802
31,10.040848731994629,-1.7436128854751587,2.0553524494171143,1.0664373194800485
31,10.062296867370605,-1.7428048849105835,2.0525057315826416,1.0645277759238951
31,10.083739280700684,-1.7419817447662354,2.0496294498443604,1.0625869888591655
31,10.105177879333496,-1.7411431074142456,2.0467240810394287,1.0606130559258258
31,10.126611709594727,-1.7402886152267456,2.043790578842163,1.0586040604488756
31,10.148048400878906,-1.7394174337387085,2.040827989578247,1.0565490740854497
31,10.169480323791504,-1.7385293245315552,2.0378379821777344,1.0544387341901629
31,10.190978050231934,-1.7376210689544678,2.034811496734619,1.0522635192689807
31,10.212791442871094,-1.7366807460784912,2.031712532043457,1.0500032109951325
31,10.235495567321777,-1.7356815338134766,2.0284578800201416,1.0476078811677925
31,10.259889602661133,-1.7345839738845825,2.0249288082122803,1.0449882212395978
31,10.284278869628906,-1.7334612607955933,2.0213682651519775,1.0423151016303736
31,10.310871124267578,-1.732207179069519,2.0174503326416016,1.0393689108337054
31,10.339415550231934,-1.7308251857757568,2.01320481300354,1.036098776058259
31,10.367951393127441,-1.7294052839279175,2.008920192718506,1.0327306546708346
31,10.397637367248535,-1.7278858423233032,2.0044214725494385,1.0291576694163245
31,10.427314758300781,-1.7263219356536865,1.9998835325241089,1.0253863267911827
31,10.45742416381836,-1.7246875762939453,1.9952396154403687,1.0214912347212235
31,10.48762321472168,-1.7229975461959839,1.9905434846878052,1.0173796247113407
31,10.517813682556152,-1.7212550640106201,1.9858124256134033,1.0131471014620737
31,10.548006057739258,-1.7194578647613525,1.9810484647750854,1.0088380338839926
31,10.578190803527832,-1.7176049947738647,1.9762561321258545,1.0043340869231943
31,10.608367919921875,-1.7156946659088135,1.9714387655258179,0.9997774917016787
31,10.638537406921387,-1.7137260437011719,1.9666012525558472,0.9950856897479746
31,10.668700218200684,-1.7116981744766235,1.9617470502853394,0.9903039253441994
31,10.698858261108398,-1.7096110582351685,1.9568827152252197,0.9854754733069895
31,10.729010581970215,-1.7074648141860962,1.9520131349563599,0.9805311946051917
31,10.759159088134766,-1.705259919166565,1.9471443891525269,0.9755758534126763
31,10.789304733276367,-1.7029979228973389,1.9422836303710938,0.9705834959112839
31,10.819448471069336,-1.7006796598434448,1.9374361038208008,0.9655705608325701
31,10.849591255187988,-1.6983071565628052,1.9326101541519165,0.9605384485851421
31,10.87973403930664,-1.6958814859390259,1.927811622619629,0.9554132776959182
31,10.90987777709961,-1.6934034824371338,1.9230467081069946,0.9502703800913802
31,10.940024375915527,-1.6908754110336304,1.9183228015899658,0.9450790711952641
31,10.970172882080078,-1.6882984638214111,1.9136453866958618,0.9398579689107269
31,11.000327110290527,-1.6856759786605835,1.9090237617492676,0.9346396270711235
31,11.030487060546875,-1.683010220527649,1.9044651985168457,0.9293879124706487
31,11.060653686523438,-1.6803038120269775,1.8999769687652588,0.924140152163807
31,11.090828895568848,-1.6775609254837036,1.8955682516098022,0.9188911276907464
31,11.121013641357422,-1.6747839450836182,1.8912456035614014,0.91365911357135
31,11.151208877563477,-1.671978235244751,1.8870196342468262,0.9084462690049195
31,11.181417465209961,-1.6691484451293945,1.8828991651535034,0.9032980788827155
31,11.211639404296875,-1.6662989854812622,1.878891944885254,0.8981929036344242
31,11.241877555847168,-1.6634362936019897,1.8750078678131104,0.8931495709861161
31,11.272130966186523,-1.66056489944458,1.8712540864944458,0.8881998640177774
31,11.302409172058105,-1.6576913595199585,1.8676393032073975,0.8833044031112763
31,11.332730293273926,-1.6548210382461548,1.8641698360443115,0.8785621773504335
31,11.363069534301758,-1.6519627571105957,1.8608566522598267,0.8739266243112735
31,11.393492698669434,-1.6491199731826782,1.8577018976211548,0.8693954428186979
31,11.42393684387207,-1.6463066339492798,1.8547195196151733,0.8650681319744971
31,11.454541206359863,-1.643520712852478,1.851904273033142,0.8608197763187575
31,11.485414505004883,-1.640763521194458,1.8492556810379028,0.8567035233074539
31,11.51630973815918,-1.6380641460418701,1.8467999696731567,0.8527599010717298
31,11.55250358581543,-1.634975552558899,1.8441563844680786,0.8483697637191756
31,11.588723182678223,-1.6319730281829834,1.841761589050293,0.8446269306431793
31,11.654403686523438,-1.6267781257629395,1.838025689125061,0.8381070158386281
31,11.720151901245117,-1.6219366788864136,1.8350788354873657,0.832753744658098
31,11.791794776916504,-1.6171077489852905,1.8327624797821045,0.8278485191269334
31,11.921396255493164,-1.6096947193145752,1.8308287858963013,0.8211732519778102
31,12.051103591918945,-1.6041667461395264,1.8317066431045532,0.8170242438849031
31,12.172834396362305,-1.600943922996521,1.8349372148513794,0.8145718160394246
31,12.294867515563965,-1.599713683128357,1.840254545211792,0.8142588512927099
31,12.35336685180664,-1.5998435020446777,1.8434892892837524,0.8144489879527702
32,0.015058604069054127,-0.57300865650177,0.5679022073745728,1.001462091121076
32,0.11781346797943115,-0.5730158090591431,0.5691635012626648,1.003362798816197
32,0.22056277096271515,-0.5730241537094116,0.570810079574585,1.006207891352226
32,0.32992395758628845,-0.573036789894104,0.5732510685920715,1.009069816895484
32,0.4439871907234192,-0.5730562210083008,0.5767740607261658,1.01061785898056
32,0.5580054521560669,-0.5730807781219482,0.5815250873565674,1.0087490083352602
32,0.6754665374755859,-0.5731046199798584,0.5881388187408447,1.004685264365719
32,0.7953461408615112,-0.5731200575828552,0.5968719720840454,0.9934395506838901
32,0.8770487308502197,-0.5731233358383179,0.6040589809417725,0.9848942962519981
32,0.9979526400566101,-0.5731256604194641,0.6161201596260071,0.968266006774042
32,1.0677220821380615,-0.5731275677680969,0.6237876415252686,0.9594542153598306
32,1.1890766620635986,-0.5731492042541504,0.6372455358505249,0.9460033627351403
32,1.2660436630249023,-0.5731773376464844,0.6455738544464111,0.9390886942553569
32,1.3878623247146606,-0.5732567310333252,0.6567507982254028,0.9312406964618901
32,1.4687199592590332,-0.5733358860015869,0.6623902916908264,0.9272263728506761
32,1.5910471677780151,-0.5735092163085938,0.6669474244117737,0.925639836722927
32,1.7134578227996826,-0.5737554430961609,0.6662585139274597,0.9298113869596795
32,1.835762619972229,-0.5740817785263062,0.6606625914573669,0.9394906863871748
32,1.9435553550720215,-0.5744379758834839,0.6525024175643921,0.9550343093101048
32,2.065467357635498,-0.5749178528785706,0.6411297917366028,0.9748669468733948
32,2.187293767929077,-0.5754467248916626,0.6288564801216125,0.998622201888275
32,2.3090803623199463,-0.5759990811347961,0.6166234016418457,1.0262516918880062
32,2.430945873260498,-0.5765469074249268,0.6052043437957764,1.0582857702264266
32,2.552935838699341,-0.5771083235740662,0.5952199697494507,1.0958688080685322
32,2.6750869750976562,-0.5777268409729004,0.5874607563018799,1.136048097533281
32,2.797396183013916,-0.578449010848999,0.5829076170921326,1.1797483854776651
32,2.9197847843170166,-0.5792945027351379,0.5815916061401367,1.230329826009214
32,3.0421783924102783,-0.5802708864212036,0.5823075175285339,1.2866846882130067
32,3.0995616912841797,-0.5807732343673706,0.5826130509376526,1.3163847144726335
32,3.221904993057251,-0.5819326043128967,0.5793680548667908,1.3779462354702865
32,3.2521345615386963,-0.5822376608848572,0.5778104662895203,1.3920090791795579
32,3.3736064434051514,-0.5833921432495117,0.5634015798568726,1.4436230367213547
32,3.492734670639038,-0.5844451189041138,0.5355384945869446,1.4863699277752018
32,3.60922908782959,-0.585594892501831,0.49831029772758484,1.5367615005143749
32,3.7246997356414795,-0.586986780166626,0.4580157697200775,1.6100275678782876
32,3.8428797721862793,-0.5883338451385498,0.42666029930114746,1.733745912278317
32,3.896460771560669,-0.5887767672538757,0.4165305197238922,1.7934273533216298
32,4.0202202796936035,-0.5884578824043274,0.4052712023258209,1.9364588913463505
32,4.09411096572876,-0.5873733758926392,0.40498897433280945,1.9888721973952164
32,4.21803092956543,-0.5842501521110535,0.41208913922309875,2.0504554154190204
32,4.250191688537598,-0.5832170248031616,0.4153193533420563,2.0665368191736357
32,4.372927665710449,-0.579485297203064,0.4282902181148529,2.0731546229178117
32,4.495826244354248,-0.5767415761947632,0.4398511052131653,2.0652799206632015
32,4.591525077819824,-0.5759734511375427,0.4449315369129181,2.029553182275848
32,4.655817985534668,-0.5762542486190796,0.4462120234966278,1.9925981103262065
32,4.760447025299072,-0.5785273909568787,0.4460856318473816,1.920564625716463
32,4.864975929260254,-0.5833808779716492,0.4469534456729889,1.8452114571504437
32,4.897759437561035,-0.5854830145835876,0.448334664106369,1.8217543109642955
32,4.9933013916015625,-0.5927696228027344,0.4579491913318634,1.752471128288412
32,5.046361923217773,-0.5973350405693054,0.4672817587852478,1.7067691454005205
32,5.139962673187256,-0.6049907803535461,0.4898727536201477,1.6205973495855763
32,5.234118938446045,-0.6114809513092041,0.5173885822296143,1.5172499987589376
32,5.286391735076904,-0.6144453287124634,0.5335056185722351,1.462953874648886
32,5.38237190246582,-0.6188342571258545,0.5619761943817139,1.3697314683355981
32,5.480597496032715,-0.6223663687705994,0.5880059003829956,1.2899904781910125
32,5.579960346221924,-0.6254245042800903,0.6101541519165039,1.2285711950859322
32,5.654303073883057,-0.6276122331619263,0.6239908337593079,1.1930892946996152
32,5.7563347816467285,-0.6306905150413513,0.6398933529853821,1.1543329093156791
32,5.858557224273682,-0.6339985728263855,0.6528429388999939,1.122983212894045
32,5.960245609283447,-0.6376292109489441,0.6632785201072693,1.0969997631464248
32,6.0621113777160645,-0.6416993737220764,0.6716171503067017,1.0740498553341309
32,6.16277551651001,-0.646217405796051,0.6779791116714478,1.0538443492378566
32,6.261771202087402,-0.6511906385421753,0.6825380921363831,1.0360377232672517
32,6.360898494720459,-0.6567394733428955,0.6854922771453857,1.0200223057399074
32,6.458123207092285,-0.6627848744392395,0.6868515610694885,1.0061152842532777
32,6.554380416870117,-0.6694397926330566,0.6866809725761414,0.9947198324891128
32,6.65023136138916,-0.676749050617218,0.6850693225860596,0.9876728238553643
32,6.745975971221924,-0.6848526000976562,0.6818151473999023,0.9798290432634135
32,6.769598007202148,-0.6869794726371765,0.6807529330253601,0.9781525916525031
32,6.792983531951904,-0.6891371607780457,0.6796017289161682,0.9766241887090183
32,6.816219806671143,-0.6913334131240845,0.6783604621887207,0.9752273411399056
32,6.839474678039551,-0.6935838460922241,0.6770228147506714,0.9739493686454369
32,6.862513542175293,-0.6958662867546082,0.6756039261817932,0.9728575518473453
32,6.885541915893555,-0.6982014179229736,0.6740927696228027,0.9719072803893168
32,6.90852165222168,-0.7005863785743713,0.6724932789802551,0.9711104818996573
32,6.931577205657959,-0.7030349969863892,0.6707972288131714,0.9704553461944739
32,6.954579830169678,-0.705534815788269,0.6690143346786499,0.9699597396053578
32,6.977531909942627,-0.708087146282196,0.6671451926231384,0.9696101559722824
32,7.000559329986572,-0.7107065320014954,0.6651807427406311,0.9694041101483237
32,7.023454666137695,-0.7133706212043762,0.6631385684013367,0.969355270059636
32,7.04623556137085,-0.7160816788673401,0.6610181331634521,0.9694480647405324
32,7.069044589996338,-0.7188571095466614,0.6588074564933777,0.9696750846766925
32,7.0918097496032715,-0.7216895222663879,0.6565127372741699,0.9700636396478166
32,7.114574432373047,-0.7245848178863525,0.6541301012039185,0.9705662254483104
32,7.137296199798584,-0.7275383472442627,0.6516644358634949,0.9711967160737272
32,7.160088062286377,-0.7305657267570496,0.6491029262542725,0.9719632233232373
32,7.182835578918457,-0.7336532473564148,0.6464579701423645,0.9728543636837605
32,7.205540657043457,-0.7368019223213196,0.6437297463417053,0.9738742205365098
32,7.2282257080078125,-0.7400158047676086,0.6409157514572144,0.9750093896704434
32,7.2508673667907715,-0.7432926297187805,0.6380188465118408,0.976298263321677
32,7.273464679718018,-0.746633768081665,0.6350383162498474,0.9777620840925183
32,7.296227931976318,-0.7500708699226379,0.6319469213485718,0.9792635728071079
32,7.319839000701904,-0.7537099719047546,0.6286485195159912,0.9809968790739757
32,7.3436808586120605,-0.757461428642273,0.6252207159996033,0.9829650480121076
32,7.366908073425293,-0.7611891031265259,0.6217861771583557,0.9850450104892029
32,7.389636993408203,-0.7649024128913879,0.6183351278305054,0.9872538743183034
32,7.412178039550781,-0.7686441540718079,0.614823579788208,0.989680680043186
32,7.434596538543701,-0.7724171280860901,0.6112430691719055,0.9924174592406402
32,7.456901550292969,-0.7762123346328735,0.6075947284698486,0.9954627368485001
32,7.479162216186523,-0.7800273299217224,0.603872537612915,0.9988238700416437
32,7.50137186050415,-0.7838446497917175,0.600088357925415,1.0025343851842041
32,7.523538589477539,-0.7876454591751099,0.5962618589401245,1.0065952897667791
32,7.5456743240356445,-0.79140704870224,0.5924282073974609,1.010951049560473
32,7.5678253173828125,-0.7951122522354126,0.588627815246582,1.015508760122506
32,7.589972019195557,-0.7987319231033325,0.5849231481552124,1.0202905373626938
32,7.612130641937256,-0.8022423386573792,0.58138108253479,1.0252659110294726
32,7.634335517883301,-0.805626392364502,0.5780648589134216,1.030300773177611
32,7.6565680503845215,-0.8088666796684265,0.5750342607498169,1.035168455687068
32,7.678831100463867,-0.8119637370109558,0.5723087191581726,1.0395224013079274
32,7.701119899749756,-0.8149327635765076,0.5698707699775696,1.0430555276245623
32,7.723447799682617,-0.8177993297576904,0.5676806569099426,1.0457107088874866
32,7.745788097381592,-0.8205857872962952,0.5656968951225281,1.0477441187760639
32,7.768149375915527,-0.8233150243759155,0.563878059387207,1.049306938372044
32,7.790526390075684,-0.8260020613670349,0.5621901154518127,1.0505562023913684
32,7.812914848327637,-0.8286559581756592,0.5606068968772888,1.0516341164792
32,7.835312843322754,-0.8312804698944092,0.5591114163398743,1.0526616466152507
32,7.857719421386719,-0.833875834941864,0.5576938390731812,1.0537051738957393
32,7.880133628845215,-0.8364401459693909,0.55635005235672,1.0548020438154386
32,7.902556896209717,-0.8389701843261719,0.5550801157951355,1.0559661329533439
32,7.92498779296875,-0.8414619565010071,0.5538865327835083,1.05719468045543
32,7.947427749633789,-0.8439117074012756,0.5527731776237488,1.0584663235345848
32,7.969876766204834,-0.8463159799575806,0.5517442226409912,1.0597409097787187
32,7.992334842681885,-0.8486717343330383,0.5508037209510803,1.060981959380487
32,8.014801979064941,-0.8509765267372131,0.5499550104141235,1.0621482653926084
32,8.037277221679688,-0.8532283902168274,0.5492003560066223,1.063202413462137
32,8.059761047363281,-0.8554262518882751,0.5485414266586304,1.0641156365242428
32,8.082253456115723,-0.8575694561004639,0.5479792356491089,1.0648594798993503
32,8.104752540588379,-0.8596576452255249,0.5475143790245056,1.0654103801396184
32,8.12725830078125,-0.8616912364959717,0.5471470355987549,1.0657336020706647
32,8.149770736694336,-0.8636705875396729,0.546877384185791,1.0658308953614488
32,8.17228889465332,-0.8655961155891418,0.5467053651809692,1.0656920655902828
32,8.194811820983887,-0.8674683570861816,0.5466311573982239,1.0653431998914173
32,8.217338562011719,-0.8692876100540161,0.5466551780700684,1.0647941477970082
32,8.239870071411133,-0.8710543513298035,0.5467779040336609,1.064056951339109
32,8.262404441833496,-0.8727685809135437,0.5470003485679626,1.063144882120735
32,8.284941673278809,-0.8744302988052368,0.5473236441612244,1.0620715126032885
32,8.30748176574707,-0.8760393857955933,0.5477491021156311,1.0608473314972349
32,8.330022811889648,-0.8775952458381653,0.5482780337333679,1.059485860904565
32,8.352564811706543,-0.8790973424911499,0.5489121675491333,1.0579999996708962
32,8.375106811523438,-0.880544900894165,0.5496529936790466,1.0563900343064732
32,8.397648811340332,-0.8819369673728943,0.5505021810531616,1.0546648802707237
32,8.42018985748291,-0.8832724094390869,0.5514611005783081,1.0528353672389377
32,8.442728996276855,-0.8845503926277161,0.5525312423706055,1.0508676330791404
32,8.465258598327637,-0.8857696652412415,0.5537132024765015,1.0488076652502585
32,8.487752914428711,-0.8869274258613586,0.5550057888031006,1.0466582526957011
32,8.51020622253418,-0.8880223631858826,0.5564085841178894,1.0444199953508049
32,8.532608985900879,-0.8890528082847595,0.5579201579093933,1.0420965829371844
32,8.554960250854492,-0.8900178074836731,0.5595390200614929,1.0396954442329285
32,8.577220916748047,-0.8909145593643188,0.5612600445747375,1.0372136121522877
32,8.599404335021973,-0.8917429447174072,0.5630815625190735,1.0346533939177565
32,8.621582984924316,-0.8925046324729919,0.565006673336029,1.031964096224849
32,8.643606185913086,-0.8931941986083984,0.5670191049575806,1.029181258316806
32,8.665544509887695,-0.8938135504722595,0.5691202878952026,1.0263255903975415
32,8.687393188476562,-0.8943619728088379,0.571304976940155,1.0233993112434023
32,8.709150314331055,-0.8948389887809753,0.5735675096511841,1.0204049183667578
32,8.730831146240234,-0.8952445983886719,0.5759038925170898,1.0173439574196275
32,8.752479553222656,-0.895578920841217,0.5783131718635559,1.0142151541725868
32,8.774091720581055,-0.8958414196968079,0.5807891488075256,1.0110208704470414
32,8.795706748962402,-0.8960320353507996,0.5833308696746826,1.0076966021168043
32,8.817276954650879,-0.8961498737335205,0.5859265327453613,1.004328118313392
32,8.838798522949219,-0.8961948752403259,0.5885689854621887,1.000927894802099
32,8.860268592834473,-0.8961670994758606,0.591251015663147,0.9975096970172074
32,8.881684303283691,-0.8960667848587036,0.5939652323722839,0.994088599994687
32,8.903043746948242,-0.8958944082260132,0.5967041850090027,0.9906802495350573
32,8.924345016479492,-0.8956508040428162,0.5994604825973511,0.9873009125700091
32,8.945587158203125,-0.8953367471694946,0.6022267937660217,0.9839663559559807
32,8.966768264770508,-0.8949534893035889,0.6049959063529968,0.9806191695601795
32,8.987998962402344,-0.8944997191429138,0.6077750325202942,0.9773282186320734
32,9.00924015045166,-0.893976628780365,0.6105523705482483,0.9741166306621996
32,9.03049373626709,-0.8933851718902588,0.61332106590271,0.9710038983187665
32,9.051774978637695,-0.8927257657051086,0.6160760521888733,0.9680019114933769
32,9.07306957244873,-0.8920000195503235,0.618808925151825,0.965121194468973
32,9.094380378723145,-0.8912091255187988,0.6215134859085083,0.9623719384082299
32,9.115706443786621,-0.8903543949127197,0.6241835355758667,0.9597629725449724
32,9.137049674987793,-0.8894373178482056,0.6268134713172913,0.9573017759023552
32,9.158411026000977,-0.8884594440460205,0.6293978691101074,0.9549944661417508
32,9.179789543151855,-0.8874224424362183,0.6319318413734436,0.9528523257195607
32,9.201200485229492,-0.8863272666931152,0.6344124674797058,0.9508868899323775
32,9.22262954711914,-0.8851763010025024,0.6368341445922852,0.94908889221386
32,9.244077682495117,-0.8839713335037231,0.6391933560371399,0.9474600881863086
32,9.265542030334473,-0.8827142715454102,0.6414873003959656,0.9460017399368589
32,9.28702449798584,-0.8814067244529724,0.6437135338783264,0.9447141304477731
32,9.308524131774902,-0.8800507187843323,0.6458701491355896,0.9436061253647288
32,9.330050468444824,-0.8786472678184509,0.647956907749176,0.942678325117135
32,9.351591110229492,-0.8771988749504089,0.649971604347229,0.9419169900946642
32,9.37314510345459,-0.8757073283195496,0.6519139409065247,0.9413193443117998
32,9.3947114944458,-0.8741744160652161,0.6537837386131287,0.9408809160256636
32,9.416245460510254,-0.87260502576828,0.6555779576301575,0.9405979053813254
32,9.437790870666504,-0.8709978461265564,0.657301127910614,0.9404656413102987
32,9.459346771240234,-0.8693543672561646,0.6589542031288147,0.9404870386318009
32,9.480916023254395,-0.8676756620407104,0.6605387330055237,0.9406515698248791
32,9.502492904663086,-0.8659636974334717,0.6620556116104126,0.9409480545234877
32,9.52407455444336,-0.8642199635505676,0.6635063886642456,0.9413701250162868
32,9.545660018920898,-0.8624457120895386,0.6648927927017212,0.9419110756477421
32,9.567248344421387,-0.8606422543525696,0.6662166118621826,0.9425639419330215
32,9.588837623596191,-0.8588107824325562,0.6674796938896179,0.9433218790527813
32,9.610428810119629,-0.8569524884223938,0.6686841249465942,0.9441778886315746
32,9.632018089294434,-0.8550683856010437,0.6698317527770996,0.9451250704769146
32,9.653607368469238,-0.8531596660614014,0.6709246039390564,0.9461567551983593
32,9.675192832946777,-0.8512272238731384,0.6719646453857422,0.9472659848929949
32,9.696776390075684,-0.8492719531059265,0.6729539036750793,0.948444213673455
32,9.718340873718262,-0.8472962975502014,0.6738937497138977,0.9496823670808764
32,9.73990249633789,-0.8452995419502258,0.6747868657112122,0.9509773073454636
32,9.76146125793457,-0.8432824611663818,0.675635039806366,0.9523221577298319
32,9.7830171585083,-0.8412456512451172,0.6764401197433472,0.9537103256068165
32,9.804569244384766,-0.8391897678375244,0.6772037148475647,0.9551354363059844
32,9.826117515563965,-0.837115466594696,0.677927553653717,0.9565915709607191
32,9.847661018371582,-0.8350231647491455,0.6786133646965027,0.9580748451067468
32,9.8692045211792,-0.8329130411148071,0.6792627573013306,0.9595754821011429
32,9.890745162963867,-0.8307856321334839,0.6798772811889648,0.9610904904994784
32,9.91228199005127,-0.8286415934562683,0.6804584264755249,0.9626166578071248
32,9.933816909790039,-0.8264808058738708,0.6810079216957092,0.9641498565743971
32,9.955351829528809,-0.8243036866188049,0.6815271973609924,0.9656835656885401
32,9.976885795593262,-0.8221107125282288,0.6820179224014282,0.9672119031047238
32,9.998417854309082,-0.8199021816253662,0.6824817657470703,0.9687348309891237
32,10.019949913024902,-0.8176783919334412,0.6829201579093933,0.9702481082367552
32,10.04148006439209,-0.8154396414756775,0.6833345890045166,0.9717502834811499
32,10.063010215759277,-0.81318598985672,0.6837267875671387,0.9732391532843747
32,10.084538459777832,-0.810917854309082,0.6840982437133789,0.9747126231984974
32,10.106064796447754,-0.8086352944374084,0.6844504475593567,0.97616913397528
32,10.127591133117676,-0.8063386082649231,0.6847850680351257,0.97760760316847
32,10.14912223815918,-0.8040271997451782,0.6851036548614502,0.9790279362237403
32,10.170653343200684,-0.8017020225524902,0.6854075193405151,0.9804319822719763
32,10.192252159118652,-0.7993556261062622,0.6856991052627563,0.9818263323655917
32,10.21417236328125,-0.7969605922698975,0.6859829425811768,0.9832164730435478
32,10.236991882324219,-0.7944530248641968,0.6862671971321106,0.9846363626456789
32,10.261512756347656,-0.7917424440383911,0.686562180519104,0.9861191565549091
32,10.286033630371094,-0.7890159487724304,0.6868482232093811,0.9875439374977548
32,10.312773704528809,-0.7860246300697327,0.6871527433395386,0.9890743096175202
32,10.341482162475586,-0.7827928066253662,0.6874745488166809,0.9906676232194035
32,10.370187759399414,-0.7795401215553284,0.6877935528755188,0.9922284388626388
32,10.400054931640625,-0.7761335372924805,0.6881272196769714,0.9938403330141352
32,10.429920196533203,-0.7727048993110657,0.6884663105010986,0.9953978172172199
32,10.460226058959961,-0.7692034244537354,0.6888201236724854,0.9969701819293005
32,10.49062728881836,-0.765668511390686,0.6891902089118958,0.9985234100321908
32,10.521025657653809,-0.7621119022369385,0.6895787715911865,1.0000557533191317
32,10.551431655883789,-0.7585328817367554,0.6899915337562561,1.0015867362858786
32,10.58183479309082,-0.7549331784248352,0.6904324889183044,1.003077706076368
32,10.612235069274902,-0.7513130903244019,0.6909055113792419,1.0045690624003547
32,10.642632484436035,-0.7476736307144165,0.6914157271385193,1.006049596153816
32,10.673026084899902,-0.744015634059906,0.6919663548469543,1.0075186638850548
32,10.703417778015137,-0.7403398752212524,0.6925618648529053,1.0089935154960084
32,10.733806610107422,-0.7366471886634827,0.6932063698768616,1.0104561937222072
32,10.764191627502441,-0.732938289642334,0.6939029097557068,1.0119207906301122
32,10.794573783874512,-0.7292142510414124,0.6946558952331543,1.0133854536920337
32,10.824952125549316,-0.7254757881164551,0.695468008518219,1.014835327478472
32,10.855327606201172,-0.7217242121696472,0.6963428258895874,1.0162847204724212
32,10.885699272155762,-0.7179610133171082,0.6972835063934326,1.0177142637750332
32,10.916067123413086,-0.7141869068145752,0.6982924342155457,1.019135911919897
32,10.946432113647461,-0.7104032039642334,0.6993727087974548,1.0205541808621037
32,10.97679328918457,-0.7066109776496887,0.7005262970924377,1.0219346286068942
32,11.007150650024414,-0.7028114199638367,0.7017554044723511,1.0233137124700857
32,11.037503242492676,-0.6990057826042175,0.7030618190765381,1.0246536043039407
32,11.067852973937988,-0.6951954364776611,0.7044464349746704,1.0259588120924734
32,11.098197937011719,-0.6913819909095764,0.7059102654457092,1.0272533142136668
32,11.128538131713867,-0.6875664591789246,0.7074536681175232,1.028466060506785
32,11.15887451171875,-0.6837501525878906,0.7090767025947571,1.029663523732818
32,11.189207077026367,-0.6799342632293701,0.7107787132263184,1.030794077746369
32,11.219535827636719,-0.676119863986969,0.712558925151825,1.0318517599499655
32,11.249860763549805,-0.6723083257675171,0.7144154906272888,1.0328827009318646
32,11.280182838439941,-0.6685011982917786,0.7163459062576294,1.0336762994554136
32,11.310508728027344,-0.6646985411643982,0.7183484435081482,1.034386920751123
32,11.34085464477539,-0.6608995199203491,0.7204204201698303,1.034977844548444
32,11.371197700500488,-0.6571083068847656,0.722557544708252,1.0354150348197506
32,11.401601791381836,-0.6533182859420776,0.7247594594955444,1.035790525588382
32,11.43214225769043,-0.6495216488838196,0.7270275354385376,1.0359085343400352
32,11.46268081665039,-0.6457374095916748,0.7293472290039062,1.035928771462779
32,11.493465423583984,-0.6419370174407959,0.7317304015159607,1.0357799298700854
32,11.524248123168945,-0.6381523013114929,0.734153687953949,1.0352972495759825
32,11.560287475585938,-0.6337426900863647,0.7370303273200989,1.034473027729729
32,11.625587463378906,-0.6258165836334229,0.7423076629638672,1.0322050885575174
32,11.690895080566406,-0.6179820895195007,0.7476358413696289,1.028884318412037
32,11.761999130249023,-0.6095742583274841,0.7534390687942505,1.0245354879107154
32,11.890576362609863,-0.5947955250740051,0.7637004256248474,1.0137618835599354
33,1.7306030988693237,-0.4697851240634918,2.3998236656188965,1.0348378188243046
33,1.852799415588379,-0.46985626220703125,2.391683578491211,1.034865866300933
33,1.9748072624206543,-0.4699494242668152,2.381026268005371,1.0317877647412221
33,2.063613176345825,-0.47003114223480225,2.3718745708465576,1.0294964987591244
33,2.1852869987487793,-0.47016000747680664,2.357898712158203,1.0240316288575209
33,2.2762184143066406,-0.47026851773262024,2.3465235233306885,1.0196459040031782
33,2.3976306915283203,-0.4704276919364929,2.3304316997528076,1.0124861290818803
33,2.518923282623291,-0.47060254216194153,2.3134591579437256,1.0045076353952724
33,2.6401143074035645,-0.4707925319671631,2.2957775592803955,0.9958632786563546
33,2.76120662689209,-0.47099822759628296,2.2774312496185303,0.9854477357288143
33,2.8822011947631836,-0.47122037410736084,2.2584517002105713,0.9741042169188835
33,3.0030970573425293,-0.4714607298374176,2.23885440826416,0.9606350909589213
33,3.1238863468170166,-0.47172120213508606,2.218609094619751,0.9449099123670416
33,3.2445690631866455,-0.4720054566860199,2.1977391242980957,0.9272080863474906
33,3.3651528358459473,-0.4723186492919922,2.176304578781128,0.9044616750799289
33,3.485654354095459,-0.4726681411266327,2.1544129848480225,0.8787905324239035
33,3.606147527694702,-0.47306811809539795,2.1324758529663086,0.8479938506117398
33,3.72668719291687,-0.4735339283943176,2.1107990741729736,0.8141443421127573
33,3.8474526405334473,-0.4740871489048004,2.0905420780181885,0.7780660106352855
33,3.9686450958251953,-0.4747469127178192,2.073058605194092,0.7470863752030498
33,4.090178489685059,-0.4755305051803589,2.060088634490967,0.7213580233076266
33,4.211110591888428,-0.47644704580307007,2.053270101547241,0.7070891163594167
33,4.332232475280762,-0.4775058627128601,2.0532262325286865,0.7065885605005382
33,4.4499335289001465,-0.47866442799568176,2.059648275375366,0.7151920883697926
33,4.560922622680664,-0.4798542857170105,2.07071852684021,0.7335596635557994
33,4.6714582443237305,-0.4811137914657593,2.0856688022613525,0.7557839576280024
33,4.773241996765137,-0.48231959342956543,2.101895332336426,0.7781077247416358
33,4.867006778717041,-0.4834587872028351,2.118237257003784,0.7989560462173397
33,4.96062707901001,-0.48461756110191345,2.1353914737701416,0.8181619888553893
33,5.049063682556152,-0.485729455947876,2.1520094871520996,0.8340645040562376
33,5.135071754455566,-0.4868270456790924,2.168370246887207,0.8472110604245858
33,5.22029972076416,-0.48793044686317444,2.184629201889038,0.8577781420705688
33,5.305378437042236,-0.4890483021736145,2.2008402347564697,0.8658112972428311
33,5.391481399536133,-0.49019721150398254,2.2171823978424072,0.8711874591043219
33,5.477602005004883,-0.49136173725128174,2.2334299087524414,0.8733920153607468
33,5.56734037399292,-0.49258285760879517,2.2502400875091553,0.8728964236671534
33,5.660903453826904,-0.4938449263572693,2.2676711082458496,0.8697230482768498
33,5.758012771606445,-0.49510815739631653,2.2857367992401123,0.8632739187938446
33,5.858139991760254,-0.49630385637283325,2.304471254348755,0.8509249296776705
33,5.958209991455078,-0.4973037540912628,2.3235208988189697,0.8314641020858291
33,6.0448527336120605,-0.49789851903915405,2.3405590057373047,0.8088727269818047
33,6.1485514640808105,-0.4980109930038452,2.3622825145721436,0.7739225727065813
33,6.251608371734619,-0.49667268991470337,2.3868017196655273,0.7172052975500652
33,6.298064231872559,-0.4952835142612457,2.399479866027832,0.6891834604464083
33,6.399106502532959,-0.49022287130355835,2.436258316040039,0.6152761134502442
33,6.489863872528076,-0.4852476716041565,2.4931652545928955,0.6057216111740704
33,6.525710105895996,-0.48495131731033325,2.5276501178741455,0.6461219765111099
33,6.536873817443848,-0.4848403036594391,2.5393869876861572,0.6635910273666623
33,6.546388149261475,-0.4851103127002716,2.550816535949707,0.6844211758844658
33,6.551087856292725,-0.4850398898124695,2.5560691356658936,0.6910213504540156
33,6.555984020233154,-0.484963983297348,2.561535596847534,0.702902157635847
33,6.576844692230225,-0.48526495695114136,2.5861246585845947,0.7617674528175912
33,6.606248378753662,-0.4864071011543274,2.6218762397766113,0.8333634629054272
33,6.635451793670654,-0.48753517866134644,2.6561996936798096,0.9043980158207815
33,6.6577935218811035,-0.4876924455165863,2.680799961090088,0.9582563069961502
33,6.677371978759766,-0.48727455735206604,2.7010250091552734,1.0009691034199941
33,6.717158794403076,-0.48622947931289673,2.7379252910614014,1.0829446545446773
33,6.729462623596191,-0.48576298356056213,2.748258590698242,1.1003587890123356
33,6.77564811706543,-0.483948677778244,2.782925605773926,1.1768323775092395
33,6.7983527183532715,-0.4830920398235321,2.7978410720825195,1.205616294081995
33,6.82124137878418,-0.4822954833507538,2.811617851257324,1.2317360770289134
33,6.84515380859375,-0.48152080178260803,2.8247745037078857,1.2528597679753668
33,6.869562149047852,-0.4807879328727722,2.8369877338409424,1.2741358283613797
33,6.894415855407715,-0.48013442754745483,2.848226308822632,1.2914560331917755
33,6.919580459594727,-0.47955232858657837,2.858458995819092,1.3074568165906315
33,6.945026874542236,-0.47904402017593384,2.8677098751068115,1.3200402516598662
33,6.970822334289551,-0.47863277792930603,2.8760411739349365,1.3310938106110868
33,6.996856689453125,-0.4782891571521759,2.8834333419799805,1.3404668606842514
33,7.023166179656982,-0.4780426323413849,2.8899309635162354,1.346844712075576
33,7.049679756164551,-0.4779008626937866,2.8955435752868652,1.3513762673654908
33,7.0762619972229,-0.4778483808040619,2.9002737998962402,1.354441392457228
33,7.102827072143555,-0.47787559032440186,2.9041459560394287,1.356034331520516
33,7.1295318603515625,-0.4779965281486511,2.907219409942627,1.3554870022552836
33,7.15620756149292,-0.47822076082229614,2.9095089435577393,1.3536035973439229
33,7.182826042175293,-0.4785415232181549,2.9110500812530518,1.3504562115862115
33,7.209362030029297,-0.478954017162323,2.911879539489746,1.3461216071445046
33,7.235794544219971,-0.4794546067714691,2.9120335578918457,1.3406805165347229
33,7.262105464935303,-0.48004069924354553,2.911547899246216,1.3342198754030459
33,7.288280010223389,-0.48070988059043884,2.910456895828247,1.3268317121335838
33,7.314305782318115,-0.48145952820777893,2.9087953567504883,1.3186116554314968
33,7.340173244476318,-0.48228687047958374,2.906595230102539,1.3095787474776934
33,7.365988254547119,-0.4831928610801697,2.9038734436035156,1.2998562520980645
33,7.391629695892334,-0.48417022824287415,2.900667667388916,1.2896214515509474
33,7.417093753814697,-0.48521459102630615,2.897005081176758,1.2789440692322134
33,7.44237756729126,-0.4863210916519165,2.8929104804992676,1.2678852947497044
33,7.467479705810547,-0.4874849021434784,2.8884077072143555,1.256376495782532
33,7.492210388183594,-0.4886975884437561,2.8835527896881104,1.2443347005201872
33,7.516760349273682,-0.4899645447731018,2.87833309173584,1.2318048305278315
33,7.541131496429443,-0.4912815988063812,2.872772216796875,1.2187311459589292
33,7.565329074859619,-0.492645800113678,2.8668932914733887,1.2050746593510488
33,7.589358806610107,-0.49405547976493835,2.8607215881347656,1.1908081925517726
33,7.613227844238281,-0.49551162123680115,2.854282855987549,1.1755381708125008
33,7.636833667755127,-0.49701622128486633,2.8476309776306152,1.1591506738140824
33,7.660292148590088,-0.49857816100120544,2.840764284133911,1.1423453900228215
33,7.683908939361572,-0.5002191066741943,2.833617925643921,1.1248100869771147
33,7.707587718963623,-0.5019360780715942,2.8262481689453125,1.1065977456817149
33,7.730750560760498,-0.5036936402320862,2.818864583969116,1.087450604264806
33,7.753467559814453,-0.505500316619873,2.8114802837371826,1.0682659180337515
33,7.776398658752441,-0.5074084997177124,2.8039088249206543,1.0488642551575682
33,7.799239635467529,-0.5093981027603149,2.796278715133667,1.0291272857216196
33,7.822001934051514,-0.5114833116531372,2.78861141204834,1.0088217196013183
33,7.844529151916504,-0.5136774778366089,2.7809643745422363,0.9887643151574761
33,7.866973876953125,-0.5160427093505859,2.773244857788086,0.9690927206148149
33,7.8893232345581055,-0.5186600089073181,2.7653331756591797,0.9506038448852409
33,7.911438941955566,-0.5216558575630188,2.75701904296875,0.9337714489641343
33,7.932761192321777,-0.525165319442749,2.748098611831665,0.9222044754177134
33,7.953615665435791,-0.5294736623764038,2.7378900051116943,0.9187469669457543
33,7.973806858062744,-0.5346448421478271,2.725949287414551,0.9210934131496564
33,7.992821216583252,-0.5401893258094788,2.7127034664154053,0.92261412764729
33,8.01119613647461,-0.5456588864326477,2.69860577583313,0.915717874814863
33,8.029282569885254,-0.5506487488746643,2.684213399887085,0.8965825214263822
33,8.047662734985352,-0.5548924803733826,2.6697821617126465,0.8684334390731661
33,8.066569328308105,-0.5581174492835999,2.655757427215576,0.839596495994619
33,8.085947036743164,-0.5604492425918579,2.642260789871216,0.8146279474715336
33,8.105449676513672,-0.562251091003418,2.629159927368164,0.796145193658767
33,8.124958992004395,-0.563905656337738,2.6160480976104736,0.7824559477012616
33,8.14412784576416,-0.5656661987304688,2.6027324199676514,0.7718789300773158
33,8.162942886352539,-0.5676499009132385,2.5889925956726074,0.7629359990299658
33,8.181255340576172,-0.5698250532150269,2.5748536586761475,0.7546886653539724
33,8.199169158935547,-0.5720937252044678,2.5602614879608154,0.7455290602112493
33,8.216647148132324,-0.5743113160133362,2.5453174114227295,0.7356152101286285
33,8.234021186828613,-0.5763818025588989,2.5298118591308594,0.723941864710262
33,8.250948905944824,-0.5781521201133728,2.5141208171844482,0.7117292824102117
33,8.267534255981445,-0.5795650482177734,2.498222589492798,0.6990578737275468
33,8.28388786315918,-0.5805891156196594,2.4820570945739746,0.6864434507629105
33,8.299927711486816,-0.5812002420425415,2.4657347202301025,0.6741759162259793
33,8.315713882446289,-0.5814066529273987,2.4491946697235107,0.6624132865274105
33,8.33118724822998,-0.5812174081802368,2.4324893951416016,0.6514986825481383
33,8.346318244934082,-0.5806500911712646,2.415637254714966,0.6411528728268248
33,8.361143112182617,-0.5797138810157776,2.3985729217529297,0.6314066675709009
33,8.375615119934082,-0.5784109830856323,2.3813412189483643,0.6222378846686542
33,8.389711380004883,-0.576738715171814,2.36397647857666,0.6133212975376394
33,8.403678894042969,-0.5746486186981201,2.346163511276245,0.6048809920090522
33,8.417257308959961,-0.5721540451049805,2.3282556533813477,0.5964561941396644
33,8.430301666259766,-0.569275975227356,2.3105032444000244,0.5883548989570653
33,8.443063735961914,-0.5659577250480652,2.2926228046417236,0.580467843155872
33,8.455499649047852,-0.5622020363807678,2.274735689163208,0.5727161274482674
33,8.467625617980957,-0.5580010414123535,2.256873369216919,0.5651835371104831
33,8.479515075683594,-0.5533224940299988,2.238970994949341,0.5577027361015781
33,8.491118431091309,-0.5481813549995422,2.2211499214172363,0.5504320712180588
33,8.502513885498047,-0.5425422787666321,2.2033512592315674,0.5432327167425014
33,8.513666152954102,-0.5364204049110413,2.1856682300567627,0.5362539950682722
33,8.524662017822266,-0.5297662019729614,2.1680099964141846,0.5295105394895857
33,8.535466194152832,-0.522599458694458,2.1504783630371094,0.523000381493187
33,8.546088218688965,-0.5149171948432922,2.13310170173645,0.5166377530278676
33,8.556535720825195,-0.5067188143730164,2.1159064769744873,0.5105848412016182
33,8.566863059997559,-0.4979639947414398,2.0988473892211914,0.5048257131993128
33,8.577153205871582,-0.48857545852661133,2.0818004608154297,0.4991761097426047
33,8.587201118469238,-0.47874706983566284,2.0651493072509766,0.4938978691717111
33,8.597066879272461,-0.46843886375427246,2.048818349838257,0.4888729373836773
33,8.60678768157959,-0.45763349533081055,2.0327789783477783,0.48408522489115885
33,8.616355895996094,-0.4463464617729187,2.017050266265869,0.4795561547350269
33,8.625782012939453,-0.434587687253952,2.001648426055908,0.47515963606792255
33,8.635053634643555,-0.42238229513168335,1.9865963459014893,0.47099422238303923
33,8.6442289352417,-0.4096703827381134,1.9718209505081177,0.46691252651836374
33,8.653276443481445,-0.3964969217777252,1.9573743343353271,0.4629039147876245
33,8.662139892578125,-0.38296496868133545,1.9433625936508179,0.4590082303771902
33,8.670876502990723,-0.3690008819103241,1.9296989440917969,0.4550462085659055
33,8.679429054260254,-0.3547157645225525,1.9164857864379883,0.45120682102798093
33,8.687856674194336,-0.3400237560272217,1.9036356210708618,0.4471891458234101
33,8.696101188659668,-0.32504841685295105,1.8912533521652222,0.44332754945164987
33,8.704222679138184,-0.3096922039985657,1.8792543411254883,0.4391316320399226
33,8.712203979492188,-0.2940034568309784,1.8676801919937134,0.4350694484083381
33,8.72000789642334,-0.2780795693397522,1.8566014766693115,0.4307784959946286
33,8.727694511413574,-0.26180973649024963,1.8459410667419434,0.4264938931083109
33,8.735209465026855,-0.24533496797084808,1.8357957601547241,0.42212951652986236
33,8.742598533630371,-0.22857867181301117,1.8261194229125977,0.4176352925615906
33,8.749878883361816,-0.21151600778102875,1.8169071674346924,0.4132162606314669
33,8.756998062133789,-0.19429506361484528,1.8082444667816162,0.4086073796378956
33,8.76400375366211,-0.17683349549770355,1.800092339515686,0.40403460685671383
33,8.770912170410156,-0.15910539031028748,1.7924489974975586,0.399530905997989
33,8.777687072753906,-0.14123322069644928,1.7853739261627197,0.394962533918665
33,8.784355163574219,-0.12317121773958206,1.7788516283035278,0.3903650790080612
33,8.790908813476562,-0.1049729734659195,1.7729058265686035,0.38586449213387963
33,8.797379493713379,-0.0865718349814415,1.7675200700759888,0.3815036564377716
33,8.803753852844238,-0.06803975254297256,1.762722373008728,0.37718045069413575
33,8.810028076171875,-0.04941646382212639,1.758522868156433,0.3727115438466174
33,8.81621265411377,-0.030701439827680588,1.7549229860305786,0.36840506710282717
33,8.822325706481934,-0.011858648620545864,1.7519176006317139,0.36409868888923863
33,8.828398704528809,0.007200230844318867,1.7494964599609375,0.35984293645249205
33,8.83441162109375,0.0263421218842268,1.747694730758667,0.355748342184006
33,8.840327262878418,0.04542328044772148,1.7465189695358276,0.351551455822939
33,8.846176147460938,0.06453192979097366,1.7459553480148315,0.34740178153505735
33,8.851990699768066,0.0837216004729271,1.746006727218628,0.3432533526844112
33,8.857769966125488,0.10295635461807251,1.746678113937378,0.33904949171345145
33,8.863524436950684,0.12222903221845627,1.7479732036590576,0.33481148418901235
33,8.869242668151855,0.14146091043949127,1.7498886585235596,0.33049913405659825
33,8.874945640563965,0.16067714989185333,1.7524282932281494,0.32614531858091733
33,8.880646705627441,0.1798650622367859,1.755592703819275,0.32178666624643
33,8.886354446411133,0.1989957094192505,1.7593793869018555,0.3173696347085053
33,8.892065048217773,0.2179955244064331,1.7637735605239868,0.3129052265115942
33,8.897805213928223,0.23689953982830048,1.7687827348709106,0.3084492227397144
33,8.903590202331543,0.25568124651908875,1.7743992805480957,0.30367186256883394
33,8.90943431854248,0.27431586384773254,1.7806134223937988,0.29889400672748845
33,8.915336608886719,0.29273054003715515,1.7873977422714233,0.29403172848918724
33,8.921333312988281,0.31096121668815613,1.7947605848312378,0.2893048874826501
33,8.927444458007812,0.3289874494075775,1.802687168121338,0.2843664452904847
33,8.933691024780273,0.34678226709365845,1.8111571073532104,0.27929355562281827
33,8.940075874328613,0.36428070068359375,1.8201322555541992,0.27426353373427437
33,8.946640968322754,0.38151609897613525,1.8296144008636475,0.26929126282094185
33,8.953417778015137,0.39846837520599365,1.8395750522613525,0.26411238066919823
33,8.960409164428711,0.41507381200790405,1.8499623537063599,0.2590133511778911
33,8.96766471862793,0.43137040734291077,1.8607795238494873,0.25387890036132127
33,8.975221633911133,0.4473356604576111,1.8719815015792847,0.24879385809801882
33,8.983086585998535,0.46291908621788025,1.8835142850875854,0.2438275533574104
33,8.991315841674805,0.4781453311443329,1.895361304283142,0.23878542716607412
33,8.999956130981445,0.4930112957954407,1.9074816703796387,0.23401316129305277
33,9.009010314941406,0.5074642896652222,1.919808268547058,0.2292582685171249
33,9.018550872802734,0.5215277671813965,1.932303547859192,0.22488734915814876
33,9.02857494354248,0.5351619124412537,1.9449050426483154,0.2206877513662056
33,9.039159774780273,0.5483915209770203,1.9575718641281128,0.21688651593883113
33,9.050291061401367,0.5611754655838013,1.9702268838882446,0.21342994938366858
33,9.062033653259277,0.5735399723052979,1.9828342199325562,0.21038681087290123
33,9.074370384216309,0.585453450679779,1.9953200817108154,0.20788860879750848
33,9.087343215942383,0.5969386100769043,2.0076427459716797,0.20572431196619564
33,9.100913047790527,0.6079677939414978,2.0197436809539795,0.2042119405625926
33,9.115114212036133,0.6185699105262756,2.0315911769866943,0.20315995603503575
33,9.1298828125,0.6287216544151306,2.0431430339813232,0.2026259461257903
33,9.145237922668457,0.6384537220001221,2.0543768405914307,0.20265051238193343
33,9.161152839660645,0.6477788686752319,2.065274715423584,0.2029278179657441
33,9.177553176879883,0.6566869616508484,2.075795888900757,0.20373837112067697
33,9.194453239440918,0.6652141809463501,2.0859408378601074,0.20483418143303442
33,9.211722373962402,0.6733350157737732,2.0956625938415527,0.20605745762665237
33,9.22938060760498,0.6810950636863708,2.1050000190734863,0.20771997114318916
33,9.24742603302002,0.6885186433792114,2.113959550857544,0.20954363802301898
33,9.265814781188965,0.6956173181533813,2.122544765472412,0.21140263872510967
33,9.284503936767578,0.7024033665657043,2.1307692527770996,0.21345877150624062
33,9.303449630737305,0.7088803648948669,2.1386289596557617,0.21575511026426122
33,9.322649002075195,0.7150700092315674,2.146144151687622,0.21798696458344946
33,9.34208869934082,0.720987856388092,2.153334617614746,0.22022528379661405
33,9.3617582321167,0.7266477942466736,2.1602237224578857,0.2225543757504984
33,9.381614685058594,0.7320486903190613,2.166811943054199,0.22506531460703652
33,9.401657104492188,0.7372025847434998,2.1731128692626953,0.2274980261958253
33,9.421867370605469,0.742117166519165,2.179142713546753,0.22988758294595077
33,9.442208290100098,0.7467952370643616,2.184913396835327,0.23224482657397377
33,9.462663650512695,0.7512422204017639,2.1904406547546387,0.23463838053907757
33,9.48322868347168,0.7554633617401123,2.1957337856292725,0.23714509519427848
33,9.50389289855957,0.7594633102416992,2.2008039951324463,0.23960014198521276
33,9.52464771270752,0.7632471323013306,2.2056667804718018,0.24200586096780016
33,9.54548454284668,0.7668198943138123,2.210336446762085,0.24436872788024275
33,9.566394805908203,0.7701861262321472,2.2148265838623047,0.24669005898466398
33,9.587372779846191,0.7733495831489563,2.2191474437713623,0.24895332837627684
33,9.60841178894043,0.7763136625289917,2.2233083248138428,0.25127740647525143
33,9.629507064819336,0.7790811657905579,2.227320432662964,0.2536765247514367
33,9.650651931762695,0.7816556692123413,2.2311952114105225,0.25604045469423375
33,9.671841621398926,0.7840408086776733,2.2349441051483154,0.2583796972186632
33,9.693071365356445,0.7862401604652405,2.2385778427124023,0.2606953106954043
33,9.714337348937988,0.7882571816444397,2.242105484008789,0.26298563226728344
33,9.735635757446289,0.7900949120521545,2.245534896850586,0.2652586993410084
33,9.756961822509766,0.7917566895484924,2.248875617980957,0.26752260326447586
33,9.778313636779785,0.7932461500167847,2.2521369457244873,0.26978123809736343
33,9.799687385559082,0.7945670485496521,2.25532865524292,0.2720390359629808
33,9.82107925415039,0.7957232594490051,2.25846004486084,0.27430650673178364
33,9.842486381530762,0.7967187166213989,2.2615394592285156,0.2765789983047432
33,9.863906860351562,0.7975575923919678,2.264575958251953,0.27885931663989566
33,9.885336875915527,0.7982439398765564,2.2675769329071045,0.28115026844021235
33,9.90677547454834,0.7987816333770752,2.2705490589141846,0.28345453489555733
33,9.928220748901367,0.7991753220558167,2.273500442504883,0.28577373656202065
33,9.94966983795166,0.7994295954704285,2.2764384746551514,0.2881100307168847
33,9.97111988067627,0.7995495200157166,2.2793707847595215,0.2904706849738074
33,9.992570877075195,0.7995399832725525,2.282304525375366,0.2928493381290033
33,10.014020919799805,0.7994063496589661,2.2852466106414795,0.29524642017668007
33,10.035467147827148,0.7991540431976318,2.288203239440918,0.2976623274495844
33,10.05690860748291,0.7987885475158691,2.29118013381958,0.30010014962932474
33,10.07834529876709,0.7983149290084839,2.2941815853118896,0.30256217651089795
33,10.099775314331055,0.7977390289306641,2.2972123622894287,0.30504465829627114
33,10.121196746826172,0.7970667481422424,2.3002772331237793,0.30755407456825024
33,10.142610549926758,0.7963042259216309,2.303380250930786,0.3100871773383456
33,10.164021492004395,0.7954573035240173,2.3065261840820312,0.31265335962045854
33,10.185493469238281,0.7945290207862854,2.3097269535064697,0.3152662806253423
33,10.207274436950684,0.7935124039649963,2.313023805618286,0.31795172069842764
33,10.229937553405762,0.7923811674118042,2.316509962081909,0.3207742840204548
33,10.252589225769043,0.7911819815635681,2.320051431655884,0.32360014239306883
33,10.2769193649292,0.7898251414299011,2.3239214420318604,0.3266253103503898
33,10.303437232971191,0.7882748246192932,2.3282206058502197,0.32990967972680024
33,10.329937934875488,0.7866593599319458,2.332604169845581,0.33322240673120396
33,10.358369827270508,0.7848619818687439,2.337406873703003,0.3367847146187748
33,10.387933731079102,0.7829325795173645,2.342512369155884,0.3405644146682983
33,10.417474746704102,0.7809491157531738,2.3477261066436768,0.3444110525519891
33,10.447431564331055,0.7788912653923035,2.3531289100646973,0.3483441313252897
33,10.477364540100098,0.7767962217330933,2.358644962310791,0.35237529947241036
33,10.50737190246582,0.7746654152870178,2.364293098449707,0.35644952254347034
33,10.537365913391113,0.7725124955177307,2.3700547218322754,0.36071266837462374
33,10.567338943481445,0.7703415155410767,2.3759231567382812,0.3650211018750574
33,10.597289085388184,0.7681596875190735,2.38189959526062,0.36935119967624336
33,10.627217292785645,0.7659713625907898,2.3879830837249756,0.373747192622659
33,10.657123565673828,0.7637800574302673,2.394172191619873,0.37818024516372595
33,10.687007904052734,0.7615872621536255,2.400463819503784,0.3826674074962098
33,10.716872215270996,0.7593947052955627,2.406856060028076,0.38716337733452966
33,10.74671459197998,0.7572070360183716,2.4133472442626953,0.3916554678120041
33,10.77653694152832,0.755025327205658,2.419933319091797,0.3962254540548074
33,10.806340217590332,0.7528494000434875,2.4266068935394287,0.40080632497547625
33,10.836125373840332,0.7506836652755737,2.4333643913269043,0.405427202717715
33,10.865893363952637,0.7485294938087463,2.440199375152588,0.41012638666944445
33,10.895646095275879,0.7463885545730591,2.4471023082733154,0.4149521722570985
33,10.925385475158691,0.7442585229873657,2.4540677070617676,0.4199043084163694
33,10.955111503601074,0.7421405911445618,2.4610936641693115,0.42488794273636793
33,10.984824180603027,0.740031898021698,2.4681811332702637,0.4300442332596232
33,11.014522552490234,0.7379234433174133,2.4753258228302,0.4352969697346866
33,11.044206619262695,0.7358072996139526,2.4825308322906494,0.4406122211860044
33,11.073874473571777,0.7336754202842712,2.489794969558716,0.4459669849717414
33,11.10352611541748,0.7315142154693604,2.4971160888671875,0.4514144905165872
33,11.133162498474121,0.7293102145195007,2.504488945007324,0.45685139405109565
33,11.162781715393066,0.7270539402961731,2.511909246444702,0.46227508387607813
33,11.192387580871582,0.7247360348701477,2.5193681716918945,0.4677079061955532
33,11.221982955932617,0.7223422527313232,2.526848554611206,0.47312792886566635
33,11.251570701599121,0.7198644876480103,2.534334421157837,0.4785442532942978
33,11.281160354614258,0.7172930836677551,2.5418124198913574,0.4839227599072416
33,11.310749053955078,0.7146158218383789,2.549259901046753,0.48928816197771513
33,11.340363502502441,0.7118186950683594,2.556662082672119,0.494610431935074
33,11.36998176574707,0.7088930010795593,2.5639984607696533,0.49987303464012994
33,11.399669647216797,0.705824613571167,2.5712666511535645,0.5050279937980021
33,11.429368019104004,0.7026197910308838,2.578437328338623,0.5098777297212411
33,11.459211349487305,0.699262261390686,2.5855343341827393,0.5146312681801753
33,11.489311218261719,0.6957443952560425,2.5925629138946533,0.5192449662510379
33,11.519430160522461,0.6921147108078003,2.599453926086426,0.5236107285150721
33,11.554720878601074,0.687749981880188,2.6073334217071533,0.528567483873668
33,11.618749618530273,0.6796692609786987,2.621117115020752,0.5365432347637845
33,11.682863235473633,0.6714007258415222,2.6343860626220703,0.5442792637404683
33,11.75271987915039,0.6622864603996277,2.6484720706939697,0.5523574097496985
33,11.822629928588867,0.6531692147254944,2.6622841358184814,0.5606265930053036
33,11.86021900177002,0.648334801197052,2.6697499752044678,0.56504245580645
34,0.6103371977806091,0.3593679666519165,0.46522942185401917,1.0107553312878004
34,0.7305586338043213,0.3594211935997009,0.47175130248069763,1.0006236233845303
34,0.8515812158584595,0.3595050275325775,0.4796774983406067,0.9871463833211458
34,0.9725104570388794,0.3596247136592865,0.4889204502105713,0.9637865421576897
34,1.0939186811447144,0.35978254675865173,0.4994085133075714,0.939068119329511
34,1.21558678150177,0.3599546551704407,0.5103791952133179,0.9123394575452677
34,1.3006244897842407,0.3600779175758362,0.5179482102394104,0.8975125903876506
34,1.4225680828094482,0.36024385690689087,0.5269883871078491,0.8799371343119804
34,1.5065604448318481,0.3603536784648895,0.5315894484519958,0.8752031768189762
34,1.6288293600082397,0.3605135977268219,0.5346951484680176,0.872910348253558
34,1.7511329650878906,0.36067765951156616,0.5335313081741333,0.8844894075120772
34,1.8733468055725098,0.3608548641204834,0.5284881591796875,0.9009685651401709
34,1.995439887046814,0.3610600531101227,0.5209989547729492,0.9268668791031077
34,2.0642077922821045,0.36119315028190613,0.5160606503486633,0.9422798835613161
34,2.1862125396728516,0.36147263646125793,0.5072361826896667,0.9741746415006124
34,2.2727012634277344,0.36170458793640137,0.501239001750946,0.9988825025304713
34,2.3947904109954834,0.36205193400382996,0.49368050694465637,1.0402877463063833
34,2.5169517993927,0.3624149262905121,0.48740583658218384,1.0843042547407846
34,2.639185905456543,0.3628012239933014,0.48275598883628845,1.130040660512414
34,2.761479139328003,0.36326363682746887,0.4801689684391022,1.1646798657049025
34,2.8837995529174805,0.36384880542755127,0.48017796874046326,1.1967977747429235
34,3.0060994625091553,0.36443495750427246,0.48244190216064453,1.226429285226145
34,3.128373384475708,0.36480748653411865,0.4858863353729248,1.2586533932114181
34,3.2506866455078125,0.3644962012767792,0.4873242676258087,1.290769589529653
34,3.3729541301727295,0.3631378412246704,0.4844343960285187,1.3170447694869467
34,3.4949071407318115,0.36079642176628113,0.47536224126815796,1.3472853745664588
34,3.6163930892944336,0.3581729829311371,0.46136683225631714,1.3927212543972116
34,3.658291816711426,0.357370525598526,0.4556330442428589,1.4135436499269463
34,3.7796077728271484,0.3560686409473419,0.44013214111328125,1.5124174656563723
34,3.837847948074341,0.35598236322402954,0.4337150752544403,1.5644596664073018
34,3.899252414703369,0.3562425673007965,0.42803359031677246,1.6332953170157414
34,4.023420810699463,0.3575536608695984,0.4217115044593811,1.7755699731384225
34,4.1228742599487305,0.35866689682006836,0.4210204482078552,1.8584803365937395
34,4.246949672698975,0.3594032824039459,0.42595329880714417,1.9529767981184973
34,4.370736598968506,0.3586668074131012,0.4358290731906891,1.986956641339097
34,4.432301998138428,0.35756802558898926,0.4422127902507782,2.0103623169240277
34,4.502388000488281,0.35561424493789673,0.45003741979599,2.0031721877148847
34,4.614989280700684,0.3506052494049072,0.4624972641468048,1.9942320812584022
34,4.719250202178955,0.344195693731308,0.4741456210613251,1.9637990519066786
34,4.8233256340026855,0.336559534072876,0.48666757345199585,1.9239367130529996
34,4.9227375984191895,0.32887160778045654,0.5016202330589294,1.8740870923216562
34,5.01864767074585,0.3216979205608368,0.5207833647727966,1.8154637036859178
34,5.113440036773682,0.31542477011680603,0.5451240539550781,1.7298460036651169
34,5.148975849151611,0.3133903741836548,0.5556929707527161,1.6982706343383054
34,5.242926597595215,0.3090709447860718,0.5856633186340332,1.5859110873311393
34,5.291511058807373,0.30752426385879517,0.601975679397583,1.5263622419637655
34,5.386704444885254,0.3056398928165436,0.6329975128173828,1.416943572477356
34,5.483651161193848,0.30497100949287415,0.6616952419281006,1.3338036971744678
34,5.562092304229736,0.3051122725009918,0.6817971467971802,1.2823222184134981
34,5.661222457885742,0.30591124296188354,0.7033318281173706,1.2315441692532174
34,5.760742664337158,0.30727308988571167,0.7212481498718262,1.1922548519609297
34,5.861372470855713,0.3091385066509247,0.7363251447677612,1.160029205994776
34,5.961636543273926,0.3114352822303772,0.7489050626754761,1.1320387344978238
34,6.05516242980957,0.3139555752277374,0.7587991952896118,1.1087284416266838
34,6.152784824371338,0.3169776499271393,0.7674192786216736,1.0866723386849908
34,6.248385906219482,0.32033753395080566,0.774262547492981,1.0668835300137678
34,6.342100620269775,0.32403498888015747,0.7794735431671143,1.0490175370020172
34,6.435867786407471,0.3281594216823578,0.7832085490226746,1.0322122056017076
34,6.527919769287109,0.3326493203639984,0.7854151725769043,1.0169390590765688
34,6.618849754333496,0.33754006028175354,0.7861155867576599,1.0034250835735707
34,6.711602687835693,0.34302860498428345,0.7851588726043701,0.9912899096736291
34,6.762360095977783,0.34626975655555725,0.7838456630706787,0.9834386902220152
34,6.7851152420043945,0.34778282046318054,0.7830677032470703,0.9800831363568702
34,6.807670593261719,0.34931957721710205,0.7821784019470215,0.9768776428485544
34,6.830218315124512,0.35089245438575745,0.781169593334198,0.9737277959540291
34,6.852687358856201,0.3524957299232483,0.7800435423851013,0.9706365968613134
34,6.875107288360596,0.35413119196891785,0.7787978053092957,0.9676006358555834
34,6.8974995613098145,0.3558003902435303,0.7774297595024109,0.9646149404597034
34,6.919872760772705,0.35750439763069153,0.7759373188018799,0.9616729362995208
34,6.942227363586426,0.35924407839775085,0.7743184566497803,0.9587712096099357
34,6.964600563049316,0.3610232472419739,0.7725686430931091,0.955902596315866
34,6.986922740936279,0.3628374934196472,0.7706911563873291,0.953060227692618
34,7.009241580963135,0.36469176411628723,0.7686800956726074,0.9502482585042883
34,7.0315446853637695,0.3665860891342163,0.7665345668792725,0.9474520774057782
34,7.053816318511963,0.36852017045021057,0.7642540335655212,0.9446681344660705
34,7.076054096221924,0.37049469351768494,0.7618366479873657,0.9418880051739511
34,7.098252773284912,0.3725098669528961,0.7592810392379761,0.9391076434781723
34,7.1204447746276855,0.37456896901130676,0.7565816044807434,0.9363115052028754
34,7.142600059509277,0.376669317483902,0.7537396550178528,0.9334917535141274
34,7.164704322814941,0.37880903482437134,0.7507551908493042,0.9306308932682018
34,7.186763286590576,0.38098764419555664,0.7476258873939514,0.927706109599824
34,7.208770751953125,0.3832032084465027,0.7443504333496094,0.9246875582462842
34,7.230751991271973,0.3854559063911438,0.7409237623214722,0.9215481491087025
34,7.253040313720703,0.38777756690979004,0.73729008436203,0.9182581293014878
34,7.275723457336426,0.39017531275749207,0.7334276437759399,0.9147453488333571
34,7.298254489898682,0.39258837699890137,0.729424238204956,0.9110859998701578
34,7.320634365081787,0.3950135409832001,0.7252814769744873,0.9073046426132653
34,7.342861175537109,0.3974505364894867,0.7209992408752441,0.903433662878369
34,7.364947319030762,0.399905264377594,0.7165712714195251,0.8995601347968148
34,7.386940956115723,0.4023953378200531,0.7119778394699097,0.8957758356145243
34,7.408884525299072,0.40494924783706665,0.7071914076805115,0.8922262187786492
34,7.430768013000488,0.40760260820388794,0.7021886110305786,0.8890756012549833
34,7.452572822570801,0.4104047119617462,0.6969448924064636,0.8863904508638023
34,7.474285125732422,0.4134167432785034,0.691443145275116,0.8842831732985622
34,7.495894432067871,0.4167013466358185,0.6856954097747803,0.882609111501986
34,7.517406940460205,0.4202840328216553,0.6797653436660767,0.8814272047077829
34,7.5388617515563965,0.4241287112236023,0.6737897396087646,0.8808521999690188
34,7.560331344604492,0.4281291961669922,0.6679733395576477,0.8811076661971139
34,7.5819196701049805,0.4321059286594391,0.6625980734825134,0.8835396318859193
34,7.603698253631592,0.4358716607093811,0.6578797101974487,0.8900858505948464
34,7.625661849975586,0.4393213391304016,0.6538228392601013,0.8983861925411519
34,7.647745609283447,0.442489892244339,0.650208592414856,0.9060915519592768
34,7.669882774353027,0.4454838037490845,0.6467801332473755,0.9128821886500084
34,7.692044734954834,0.44836950302124023,0.6434150338172913,0.9193189194720617
34,7.714221000671387,0.4511716365814209,0.6400754451751709,0.9257092578383539
34,7.7364091873168945,0.4538995623588562,0.6367514133453369,0.9319071633854079
34,7.758607387542725,0.45655810832977295,0.6334404945373535,0.937680583569623
34,7.780816078186035,0.4591490626335144,0.6301464438438416,0.943012876564996
34,7.803037166595459,0.4616706371307373,0.6268793344497681,0.9479514532630228
34,7.825272083282471,0.46411827206611633,0.623653769493103,0.9525996327415976
34,7.847524166107178,0.4664866030216217,0.6204847693443298,0.956995403647498
34,7.8697943687438965,0.4687705934047699,0.6173855662345886,0.9611554133328895
34,7.89208459854126,0.47096651792526245,0.6143659353256226,0.9650857389844126
34,7.914395332336426,0.4730726480484009,0.6114314794540405,0.9687841833670052
34,7.936724662780762,0.4750889241695404,0.608584463596344,0.9722457469020315
34,7.959073543548584,0.4770168662071228,0.605823814868927,0.9754730523393782
34,7.981439113616943,0.47885921597480774,0.6031462550163269,0.978441728948661
34,8.003820419311523,0.48061996698379517,0.6005467772483826,0.9811570112370743
34,8.026216506958008,0.4823036789894104,0.5980197191238403,0.9836020759284234
34,8.048624992370605,0.4839150905609131,0.5955594182014465,0.9858287334029505
34,8.071044921875,0.4854586720466614,0.5931606292724609,0.987853907079555
34,8.093475341796875,0.4869386553764343,0.5908188819885254,0.9896942787471452
34,8.115915298461914,0.48835864663124084,0.5885308384895325,0.9913652850852053
34,8.1383638381958,0.489721417427063,0.586294412612915,0.9928808715599063
34,8.160820007324219,0.4910289943218231,0.5841084122657776,0.9942531767669709
34,8.1832857131958,0.4922827482223511,0.5819727778434753,0.9954925951459407
34,8.205758094787598,0.493483304977417,0.5798881649971008,0.996607750205891
34,8.22823715209961,0.49463072419166565,0.5778559446334839,0.9976057210157822
34,8.250724792480469,0.4957246780395508,0.575877845287323,0.9984803700565317
34,8.27322006225586,0.4967644214630127,0.5739558935165405,0.9992482401235699
34,8.295722007751465,0.497749000787735,0.5720922946929932,0.9999152123380142
34,8.318231582641602,0.49867722392082214,0.5702892541885376,1.0004850509737901
34,8.34074878692627,0.4995478689670563,0.5685490965843201,1.0009616182982537
34,8.363272666931152,0.5003596544265747,0.5668739676475525,1.0013468585044165
34,8.38580322265625,0.5011112689971924,0.565265953540802,1.001644508809543
34,8.408341407775879,0.5018014311790466,0.5637270212173462,1.001860584936601
34,8.430885314941406,0.5024292469024658,0.5622588396072388,1.0019986441495161
34,8.453435897827148,0.5029935836791992,0.5608630180358887,1.0020621087894295
34,8.475993156433105,0.5034935474395752,0.5595411062240601,1.002048362697757
34,8.498555183410645,0.5039284229278564,0.5582942366600037,1.0019600291911006
34,8.52112102508545,0.5042974352836609,0.5571237206459045,1.0018027288745281
34,8.543662071228027,0.5045996904373169,0.5560318231582642,1.0015755440883198
34,8.566154479980469,0.5048345923423767,0.5550202131271362,1.001277262834955
34,8.588574409484863,0.505001962184906,0.5540899038314819,1.000905799599406
34,8.610918045043945,0.5051020979881287,0.5532408952713013,1.000458189372011
34,8.633182525634766,0.5051355361938477,0.5524729490280151,0.9999308075984784
34,8.655364990234375,0.5051027536392212,0.5517854690551758,0.9993205673826614
34,8.677417755126953,0.5050048232078552,0.551179051399231,0.9986257530963303
34,8.699357032775879,0.5048427581787109,0.5506523251533508,0.9978398792015588
34,8.72119140625,0.5046175122261047,0.5502042770385742,0.9969624730109784
34,8.742918968200684,0.5043301582336426,0.5498340129852295,0.9959920758010216
34,8.764537811279297,0.5039820075035095,0.5495408773422241,0.9949240916644023
34,8.786155700683594,0.5035719871520996,0.5493231415748596,0.993760715825222
34,8.807683944702148,0.5031027793884277,0.5491816997528076,0.9925102750802026
34,8.829157829284668,0.5025745630264282,0.5491160154342651,0.9911767025958735
34,8.850580215454102,0.501988410949707,0.5491260290145874,0.9897648937068904
34,8.87194538116455,0.5013454556465149,0.5492116808891296,0.9882825140568781
34,8.893251419067383,0.5006470084190369,0.5493729114532471,0.9867386217656171
34,8.914494514465332,0.499894380569458,0.5496094226837158,0.985140773741234
34,8.935717582702637,0.49908730387687683,0.5499219298362732,0.9834825529855392
34,8.956916809082031,0.4982267916202545,0.5503103733062744,0.9817736737472267
34,8.978049278259277,0.4973159730434418,0.5507739186286926,0.9800371563560356
34,8.99911880493164,0.49635612964630127,0.5513120889663696,0.9782805897924596
34,9.0201997756958,0.49534517526626587,0.5519267320632935,0.9765066471990635
34,9.041289329528809,0.4942843019962311,0.5526177883148193,0.9747245456141654
34,9.062386512756348,0.4931747615337372,0.5533852577209473,0.9729421375935016
34,9.083633422851562,0.4920099377632141,0.5542346239089966,0.9711523943848741
34,9.105243682861328,0.4907776117324829,0.5551770329475403,0.9693327298090944
34,9.126884460449219,0.48949673771858215,0.5562001466751099,0.9675297446249719
34,9.148551940917969,0.4881691634654999,0.557302713394165,0.9657616616495355
34,9.170248031616211,0.48679640889167786,0.5584839582443237,0.9640221979564265
34,9.19200325012207,0.48537781834602356,0.559745192527771,0.9623173896504487
34,9.213783264160156,0.48391714692115784,0.5610834360122681,0.9606537309242342
34,9.235587120056152,0.48241615295410156,0.5624973177909851,0.9590245968132485
34,9.256978988647461,0.4809073507785797,0.5639554262161255,0.9574729839324833
34,9.278337478637695,0.47936704754829407,0.5654789209365845,0.9559682218676582
34,9.299510955810547,0.4778083562850952,0.5670543313026428,0.9545298338614221
34,9.320699691772461,0.47621870040893555,0.5686938762664795,0.9531461051677484
34,9.341900825500488,0.47459980845451355,0.5703957080841064,0.9518172749470495
34,9.363164901733398,0.47294968366622925,0.5721620917320251,0.9505378805851106
34,9.384440422058105,0.4712740182876587,0.5739870071411133,0.9493213360856624
34,9.40572738647461,0.46957460045814514,0.5758683085441589,0.9481691011972728
34,9.427024841308594,0.467853307723999,0.5778036713600159,0.9470891710814576
34,9.448348045349121,0.4661106765270233,0.5797922611236572,0.9460744519657333
34,9.469681739807129,0.46434998512268066,0.5818300843238831,0.9451249269687929
34,9.491022109985352,0.4625730514526367,0.5839148163795471,0.9442396821036678
34,9.512372016906738,0.4607818126678467,0.5860438346862793,0.9434175301623862
34,9.53372859954834,0.4589780867099762,0.588214635848999,0.9426568291610052
34,9.555091857910156,0.4571637809276581,0.590424656867981,0.941955685170701
34,9.576460838317871,0.45534077286720276,0.5926713347434998,0.9413120432680914
34,9.597835540771484,0.45351091027259827,0.5949519872665405,0.9407236027069595
34,9.619215965270996,0.45167598128318787,0.5972640514373779,0.9401879279908172
34,9.640602111816406,0.449837863445282,0.5996050238609314,0.9397016484883852
34,9.662014961242676,0.4479964077472687,0.6019747853279114,0.9392529077485541
34,9.683429718017578,0.4461556375026703,0.6043681502342224,0.9388505817777085
34,9.70484733581543,0.4443172812461853,0.6067825555801392,0.9384928339186422
34,9.726266860961914,0.44248294830322266,0.6092155575752258,0.9381779242198443
34,9.747688293457031,0.44065433740615845,0.6116647124290466,0.9379038473432857
34,9.769110679626465,0.4388328790664673,0.6141275763511658,0.9376045405348968
34,9.790543556213379,0.4370191991329193,0.6166027784347534,0.9373169938040768
34,9.811976432800293,0.43521544337272644,0.6190869808197021,0.9370575753705664
34,9.833409309387207,0.43342286348342896,0.6215782165527344,0.9368269896398931
34,9.854842185974121,0.43164268136024475,0.624074399471283,0.9366259901314093
34,9.876276016235352,0.4298759996891022,0.6265736818313599,0.9364552228871738
34,9.897713661193848,0.4281236231327057,0.6290748119354248,0.9363147278242381
34,9.91915225982666,0.4263867735862732,0.6315757036209106,0.93620455189253
34,9.940589904785156,0.4246666729450226,0.6340744495391846,0.9361222372693704
34,9.962028503417969,0.4229641258716583,0.6365697979927063,0.9360615278023898
34,9.983469009399414,0.4212798476219177,0.639060378074646,0.9360300462014306
34,10.004912376403809,0.4196145832538605,0.6415448784828186,0.9359542288294593
34,10.026357650756836,0.4179686903953552,0.6440222263336182,0.9358627894362277
34,10.047805786132812,0.4163426160812378,0.6464914083480835,0.9357993791381688
34,10.069255828857422,0.414736807346344,0.648951530456543,0.9357648007341918
34,10.09070873260498,0.41315165162086487,0.6514018774032593,0.9357606120792832
34,10.112165451049805,0.41158732771873474,0.6538417935371399,0.9357881771324055
34,10.133623123168945,0.4100440740585327,0.6562706828117371,0.9358494824954386
34,10.155092239379883,0.4085213840007782,0.6586889624595642,0.9359470683979731
34,10.17663288116455,0.40701502561569214,0.6611031293869019,0.9360846387457615
34,10.198498725891113,0.4055079221725464,0.6635406017303467,0.9362686669544734
34,10.220366477966309,0.40402260422706604,0.6659649610519409,0.9364540212124083
34,10.243136405944824,0.40249893069267273,0.668474555015564,0.9366249912806069
34,10.267610549926758,0.4008866250514984,0.6711554527282715,0.9368614858740488
34,10.294305801391602,0.39915719628334045,0.6740601658821106,0.9371818764287899
34,10.321005821228027,0.39745768904685974,0.67694491147995,0.9375674383718501
34,10.349677085876465,0.39566534757614136,0.6800197958946228,0.9380545502048167
34,10.378352165222168,0.3939056694507599,0.6830716729164124,0.9386375925841541
34,10.408196449279785,0.392108291387558,0.6862229108810425,0.9393252870466329
34,10.43848705291748,0.39031776785850525,0.6893957257270813,0.9401240688099073
34,10.468782424926758,0.3885597288608551,0.6925434470176697,0.9409085321861308
34,10.499180793762207,0.38682612776756287,0.6956769824028015,0.9417549648124218
34,10.529582977294922,0.3851209282875061,0.6987868547439575,0.9427162347694928
34,10.559999465942383,0.383441686630249,0.7018750309944153,0.943762256586788
34,10.590418815612793,0.38178637623786926,0.7049418687820435,0.9449079121411388
34,10.620841979980469,0.38015350699424744,0.7079883217811584,0.9461538611198838
34,10.651267051696777,0.37854042649269104,0.7110159993171692,0.947481097878673
34,10.681695938110352,0.3769451081752777,0.7140262722969055,0.9489188526079289
34,10.712126731872559,0.3753657341003418,0.7170202732086182,0.9503497985516157
34,10.742560386657715,0.37379947304725647,0.7199995517730713,0.9518136475694734
34,10.772994995117188,0.37224525213241577,0.7229650020599365,0.9533566938501691
34,10.803431510925293,0.3707009553909302,0.7259182929992676,0.9549675889693053
34,10.833869934082031,0.3691648840904236,0.7288609743118286,0.9566550972757835
34,10.864309310913086,0.3676357865333557,0.7317941784858704,0.9584058343835445
34,10.894749641418457,0.3661118447780609,0.7347198724746704,0.9602209117901536
34,10.925190925598145,0.3645921051502228,0.7376391887664795,0.9620974558779245
34,10.955632209777832,0.36307501792907715,0.7405538558959961,0.9640092672815995
34,10.986074447631836,0.361558735370636,0.7434654831886292,0.9658748561449654
34,11.01651668548584,0.360042005777359,0.7463752627372742,0.9677849028973192
34,11.046958923339844,0.3585231602191925,0.7492852210998535,0.9697424731192745
34,11.077401161193848,0.3570011258125305,0.7521970272064209,0.9717211596607135
34,11.107842445373535,0.3554746210575104,0.7551127076148987,0.9737413135353312
34,11.138282775878906,0.3539426326751709,0.7580347657203674,0.9757815910734408
34,11.168721199035645,0.3524046540260315,0.7609650492668152,0.9778493883166702
34,11.199159622192383,0.350860059261322,0.7639065980911255,0.979960287365112
34,11.229596138000488,0.3493088483810425,0.7668610215187073,0.9819921630155868
34,11.260032653808594,0.34775081276893616,0.7698301076889038,0.9840052634195268
34,11.290475845336914,0.34618592262268066,0.7728155851364136,0.986048218450662
34,11.320916175842285,0.3446149230003357,0.7758170962333679,0.9881132068549999
34,11.35137939453125,0.34303686022758484,0.7788371443748474,0.9902200305327499
34,11.381906509399414,0.341450035572052,0.7818785905838013,0.9923205476855249
34,11.412430763244629,0.3398582935333252,0.784933865070343,0.994430780521907
34,11.443094253540039,0.33825498819351196,0.7880147099494934,0.9965321536356985
34,11.473755836486816,0.33664798736572266,0.7911052703857422,0.9985649862856755
34,11.50466537475586,0.3350248336791992,0.7942270636558533,1.0005171068618068
34,11.540853500366211,0.33312273025512695,0.7978840470314026,1.0025392666194335
34,11.577041625976562,0.3312223553657532,0.801537275314331,1.0040502724879152
34,11.642616271972656,0.3277999460697174,0.8081195950508118,1.006743085168548
34,11.708199501037598,0.3244130313396454,0.8146268725395203,1.0086734880004062
34,11.779613494873047,0.3207871913909912,0.8215674757957458,1.0092553688812085
34,11.908738136291504,0.3145376145839691,0.8335420489311218,1.008302308366824
34,12.037957191467285,0.3087513744831085,0.8446934223175049,1.0046294732988945
34,12.159309387207031,0.3039623200893402,0.8542428016662598,0.9987706862360474
34,12.281118392944336,0.30004701018333435,0.862621545791626,0.9889750655202784
34,12.361679077148438,0.2980484068393707,0.8673582673072815,0.9823083903906964
34,12.403498649597168,0.29723140597343445,0.8694741725921631,0.9778893844369388
35,1.6891156435012817,0.3729172646999359,2.328622579574585,1.0370734680716442
35,1.8113688230514526,0.37308865785598755,2.321392297744751,1.037222098974293
35,1.9334211349487305,0.3732742369174957,2.3113133907318115,1.0353996490714834
35,2.0552642345428467,0.37347400188446045,2.298917293548584,1.0327130125436643
35,2.176906108856201,0.3736879527568817,2.284669876098633,1.0273586666059606
35,2.2710518836975098,0.37386354804039,2.2726144790649414,1.0230169351885492
35,2.3924057483673096,0.37410369515419006,2.256088972091675,1.0159415001591958
35,2.513629198074341,0.374360054731369,2.238630771636963,1.0081000978153436
35,2.6347391605377197,0.3746362030506134,2.2204039096832275,0.9996039428660235
35,2.7557356357574463,0.3749362528324127,2.20143723487854,0.9894479610453454
35,2.876615047454834,0.37526679039001465,2.1817405223846436,0.9784353068177263
35,2.9973692893981934,0.3756400942802429,2.1612894535064697,0.9651437023606538
35,3.11798357963562,0.37606796622276306,2.1400299072265625,0.9494193920311551
35,3.238443613052368,0.3765774965286255,2.1179165840148926,0.9314844491456872
35,3.358731269836426,0.37720468640327454,2.0948848724365234,0.9079639033235594
35,3.4788365364074707,0.3780079185962677,2.0709261894226074,0.8812171288170483
35,3.5988147258758545,0.3790907561779022,2.0463497638702393,0.8486995474851163
35,3.718719244003296,0.3805546164512634,2.0214345455169678,0.8136867666134552
35,3.8387370109558105,0.38255953788757324,1.9972116947174072,0.7762029499875458
35,3.9591000080108643,0.38524365425109863,1.9748562574386597,0.7411349320662621
35,4.053614616394043,0.3879110813140869,1.959829330444336,0.7140068064903496
35,4.173818588256836,0.39199912548065186,1.9454585313796997,0.6903182394451143
35,4.259659290313721,0.39536774158477783,1.93925940990448,0.6768899243019283
35,4.377406597137451,0.4004053771495819,1.9371520280838013,0.6735122660411603
35,4.495028018951416,0.40572020411491394,1.9427661895751953,0.6823868781593124
35,4.605823993682861,0.41073161363601685,1.9546068906784058,0.7009139085543814
35,4.715974807739258,0.4155696928501129,1.9715192317962646,0.7307083297188
35,4.817229270935059,0.4198080003261566,1.9903358221054077,0.7609783119454006
35,4.910432815551758,0.42352014780044556,2.0092978477478027,0.7895471163041116
35,4.998415946960449,0.4268932044506073,2.027899742126465,0.8153693298813974
35,5.083984375,0.43010571599006653,2.046175956726074,0.837609917310162
35,5.169561386108398,0.4333178400993347,2.0644097328186035,0.856819014820389
35,5.25441312789917,0.43656083941459656,2.0822722911834717,0.8730951259645866
35,5.339174747467041,0.43991532921791077,2.099783182144165,0.8866760491116406
35,5.425601005554199,0.4435123801231384,2.117250919342041,0.897914901136311
35,5.515881061553955,0.44752687215805054,2.135084867477417,0.9071526023858183
35,5.609933376312256,0.4520685076713562,2.1532301902770996,0.9141806713536362
35,5.703256130218506,0.45701539516448975,2.170816421508789,0.9195316321583895
35,5.7999958992004395,0.4627040922641754,2.1886210441589355,0.923605171639942
35,5.899693012237549,0.46927621960639954,2.206573009490967,0.926503432957527
35,6.001776218414307,0.47688373923301697,2.2246429920196533,0.9281627415190419
35,6.103813648223877,0.4855042099952698,2.242513656616211,0.9290987596122487
35,6.207452774047852,0.4954463243484497,2.2606201171875,0.930097820912432
35,6.311841011047363,0.5068236589431763,2.2789928913116455,0.9316008215731725
35,6.41606330871582,0.51966792345047,2.2976789474487305,0.9342127728065718
35,6.519927978515625,0.5339417457580566,2.316816806793213,0.9387156378380751
35,6.622435092926025,0.5493831634521484,2.336392641067505,0.9450188037452507
35,6.724782466888428,0.5659911632537842,2.356879472732544,0.9529943991274504
35,6.778304100036621,0.5750480890274048,2.368009090423584,0.9578251730661378
35,6.80359411239624,0.5793896317481995,2.3733696937561035,0.960102283379995
35,6.8289408683776855,0.5837725400924683,2.3788089752197266,0.9624327271601186
35,6.853975772857666,0.5881271362304688,2.384248733520508,0.9647733537094416
35,6.878780841827393,0.5924611687660217,2.3897061347961426,0.9671158672786864
35,6.903407096862793,0.5967770218849182,2.395190954208374,0.969426927481913
35,6.927981853485107,0.6010909080505371,2.400728464126587,0.971705337273354
35,6.952671051025391,0.6054261922836304,2.4063568115234375,0.9739867368199573
35,6.977221965789795,0.609732449054718,2.412018299102783,0.9762117942368966
35,7.001491546630859,0.6139786839485168,2.417677879333496,0.9783028861579023
35,7.025875091552734,0.618228554725647,2.4234228134155273,0.9802766192659028
35,7.0500407218933105,0.6224190592765808,2.429173469543457,0.9821238330309472
35,7.07405948638916,0.6265577673912048,2.4349446296691895,0.9838437611140954
35,7.0982208251953125,0.6306897401809692,2.4408044815063477,0.9853968467038146
35,7.122347354888916,0.6347808837890625,2.446707248687744,0.9867479464076354
35,7.146331310272217,0.6388089656829834,2.4526233673095703,0.987892840501175
35,7.17017126083374,0.6427710056304932,2.458549737930298,0.988807026529016
35,7.193981647491455,0.6466848850250244,2.464509963989258,0.9894152873483163
35,7.217649936676025,0.6505312919616699,2.4704716205596924,0.9897773612404374
35,7.2413530349731445,0.6543360352516174,2.476477861404419,0.9899124809789372
35,7.2650556564331055,0.6580913662910461,2.482517719268799,0.9896918818132175
35,7.2887444496154785,0.6617968082427979,2.4885833263397217,0.9891244120827662
35,7.3123016357421875,0.6654340028762817,2.4946415424346924,0.9882251926437225
35,7.335731029510498,0.6690043210983276,2.500690460205078,0.9869697582992895
35,7.359162330627441,0.6725314855575562,2.5067601203918457,0.9852982824402823
35,7.382473468780518,0.6759999394416809,2.5128157138824463,0.9832704372671068
35,7.405857563018799,0.6794384121894836,2.5189075469970703,0.9808641805770874
35,7.429131984710693,0.682823121547699,2.5249853134155273,0.9780018041791754
35,7.452432155609131,0.6861801147460938,2.5310819149017334,0.9746185488971396
35,7.475733757019043,0.6895101070404053,2.537188768386841,0.97075925248073
35,7.498934268951416,0.6928043961524963,2.5432777404785156,0.9664088100156252
35,7.52217435836792,0.6960925459861755,2.549382448196411,0.9615242338075418
35,7.545322418212891,0.6993641257286072,2.5554659366607666,0.9561645130922225
35,7.568384170532227,0.7026277780532837,2.5615272521972656,0.95028426264774
35,7.591683864593506,0.705939531326294,2.56764817237854,0.9437374784726467
35,7.614903926849365,0.7092679738998413,2.5737409591674805,0.9366575526638984
35,7.638047695159912,0.712628185749054,2.5798025131225586,0.9291549188916275
35,7.661367416381836,0.7160733342170715,2.58589243888855,0.9210678879758201
35,7.684464454650879,0.7195618152618408,2.591900110244751,0.9123570066437672
35,7.707637786865234,0.7231472730636597,2.5978951454162598,0.9031204985102903
35,7.730416297912598,0.7267520427703857,2.603743553161621,0.8926713425307599
35,7.7537665367126465,0.7304967045783997,2.6096739768981934,0.8808318532368931
35,7.77707576751709,0.7342200875282288,2.6155049800872803,0.8674007877697291
35,7.8003692626953125,0.7378172278404236,2.6212127208709717,0.851957581608503
35,7.82381534576416,0.7411398887634277,2.626795530319214,0.8332238976845555
35,7.847322463989258,0.7439420223236084,2.632183313369751,0.8108981658489006
35,7.870910167694092,0.7460145950317383,2.6373329162597656,0.7853881536744007
35,7.891381740570068,0.7471505999565125,2.641556978225708,0.7627758142413461
35,7.911508083343506,0.7478302717208862,2.6454830169677734,0.7428862840572126
35,7.933183193206787,0.7483227252960205,2.6494486331939697,0.7225554876212527
35,7.956836700439453,0.7488904595375061,2.6534390449523926,0.7014676408124805
35,7.980643272399902,0.7497390508651733,2.657050609588623,0.6811553680028191
35,8.005033493041992,0.7509869933128357,2.660290241241455,0.6612370382205289
35,8.029662132263184,0.7526070475578308,2.663053274154663,0.6407744938639498
35,8.054265975952148,0.75450599193573,2.6652817726135254,0.6198779827325878
35,8.078838348388672,0.7566017508506775,2.6669557094573975,0.5986550435151499
35,8.103370666503906,0.7588385343551636,2.6680500507354736,0.5773087773163295
35,8.127851486206055,0.7611947655677795,2.6685361862182617,0.5561265055842038
35,8.152202606201172,0.7636654376983643,2.6683897972106934,0.5355195872892942
35,8.176464080810547,0.7662705779075623,2.667592763900757,0.515719485556905
35,8.200775146484375,0.7690470218658447,2.666126251220703,0.4968920810236711
35,8.225050926208496,0.7720070481300354,2.6639864444732666,0.4790349797695243
35,8.249168395996094,0.7751525044441223,2.661186933517456,0.46225494564580577
35,8.273195266723633,0.7785035967826843,2.6577367782592773,0.44656900997005516
35,8.296952247619629,0.7820388674736023,2.6536924839019775,0.4322238514448738
35,8.320499420166016,0.7857632040977478,2.6490862369537354,0.41911195484916863
35,8.343830108642578,0.7896665930747986,2.6439640522003174,0.40692726923601086
35,8.36660099029541,0.793677031993866,2.638448715209961,0.3960349099678363
35,8.389419555664062,0.7978809475898743,2.6324667930603027,0.3860993867942404
35,8.41231918334961,0.8022758364677429,2.626049757003784,0.3773298671087075
35,8.434718132019043,0.8067333102226257,2.619422435760498,0.36926148015536603
35,8.456927299499512,0.8112962245941162,2.612546682357788,0.36204259667398214
35,8.479098320007324,0.8159756064414978,2.6054370403289795,0.3557596811969862
35,8.50112247467041,0.820729672908783,2.5981786251068115,0.3501147364654983
35,8.523014068603516,0.825542151927948,2.5908069610595703,0.3451245609174811
35,8.544560432434082,0.8303452134132385,2.5834460258483887,0.3410077848578468
35,8.565971374511719,0.8351628184318542,2.5760817527770996,0.33751595861305483
35,8.587325096130371,0.8399976491928101,2.5687148571014404,0.3344849690761748
35,8.608634948730469,0.844838559627533,2.5613691806793213,0.3319630796984473
35,8.62981128692627,0.8496508598327637,2.5541157722473145,0.33003010351684137
35,8.650973320007324,0.8544484376907349,2.546952724456787,0.3284283464035492
35,8.672182083129883,0.8592367768287659,2.539893865585327,0.3270735562546404
35,8.693340301513672,0.8639910221099854,2.5329949855804443,0.32616458382107616
35,8.714506149291992,0.8687208294868469,2.526247978210449,0.32549390368007675
35,8.73564338684082,0.8734114170074463,2.5196664333343506,0.32504648546609316
35,8.756793975830078,0.8780651092529297,2.5132431983947754,0.325008258142691
35,8.7779541015625,0.8826748728752136,2.5069937705993652,0.3252208051394406
35,8.7991304397583,0.8872382640838623,2.500912666320801,0.32560417787412255
35,8.820283889770508,0.8917439579963684,2.4950051307678223,0.3262212559638877
35,8.841414451599121,0.89618980884552,2.4892690181732178,0.32707506272358305
35,8.86255931854248,0.900581955909729,2.4836864471435547,0.32805944707368273
35,8.883744239807129,0.9049228429794312,2.47825026512146,0.32922868973508385
35,8.904939651489258,0.9092047810554504,2.472963809967041,0.33060128941703015
35,8.92611312866211,0.9134208559989929,2.467827320098877,0.3321041032533375
35,8.947295188903809,0.9175752997398376,2.4628231525421143,0.33369883393225674
35,8.968451499938965,0.9216594099998474,2.4579484462738037,0.3353659744106718
35,8.989611625671387,0.9256775379180908,2.4531869888305664,0.3371778381755991
35,9.010766983032227,0.9296269416809082,2.448537826538086,0.339138348551272
35,9.0319242477417,0.9335063695907593,2.4439923763275146,0.3411433114656762
35,9.053081512451172,0.9373129606246948,2.4395413398742676,0.343182717441537
35,9.074237823486328,0.9410439133644104,2.4351754188537598,0.3452606429192557
35,9.095379829406738,0.944694995880127,2.4308881759643555,0.3474136152830134
35,9.1165189743042,0.9482660889625549,2.426668167114258,0.34957192249644525
35,9.137656211853027,0.9517539739608765,2.422508478164673,0.35176625360978975
35,9.158788681030273,0.9551551938056946,2.4184072017669678,0.353990582361647
35,9.179916381835938,0.9584664106369019,2.4143571853637695,0.35620017035178664
35,9.201038360595703,0.9616847634315491,2.4103517532348633,0.3584465149351991
35,9.222177505493164,0.9648111462593079,2.406378984451294,0.3606781957149071
35,9.243311882019043,0.96783846616745,2.4024367332458496,0.362876402621629
35,9.264439582824707,0.9707634449005127,2.39851975440979,0.36503484192568486
35,9.285563468933105,0.9735831022262573,2.3946216106414795,0.367148185599794
35,9.30669116973877,0.9762952327728271,2.3907365798950195,0.36924497343953944
35,9.32783317565918,0.9788975715637207,2.3868625164031982,0.371365987828261
35,9.348989486694336,0.9813874363899231,2.3829948902130127,0.37344751273485843
35,9.370160102844238,0.9837610721588135,2.379129648208618,0.3754845399729994
35,9.391343116760254,0.9860150814056396,2.3752639293670654,0.3774625724703554
35,9.412537574768066,0.9881460070610046,2.371394157409668,0.3793790815438339
35,9.433744430541992,0.990150511264801,2.3675179481506348,0.3812319031600369
35,9.454960823059082,0.9920253753662109,2.3636324405670166,0.3830353887966222
35,9.476186752319336,0.9937680959701538,2.3597357273101807,0.3848025382647352
35,9.497420310974121,0.9953756928443909,2.355825662612915,0.3865117970837623
35,9.518661499023438,0.9968456029891968,2.3519015312194824,0.388157114901422
35,9.539908409118652,0.9981752634048462,2.3479621410369873,0.38973361009742225
35,9.561161994934082,0.9993621110916138,2.3440072536468506,0.3912409996998813
35,9.582420349121094,1.0004040002822876,2.3400368690490723,0.3926912277315665
35,9.603681564331055,1.001299500465393,2.336052179336548,0.3941336124309071
35,9.624946594238281,1.0020469427108765,2.3320538997650146,0.39550566777007956
35,9.64621353149414,1.0026447772979736,2.3280420303344727,0.3968200761713981
35,9.667482376098633,1.00309157371521,2.3240180015563965,0.39806394572955384
35,9.688751220703125,1.0033860206604004,2.3199822902679443,0.39923779741570214
35,9.710020065307617,1.0035271644592285,2.315936326980591,0.400342144697335
35,9.731287956237793,1.0035138130187988,2.3118817806243896,0.4014123412393136
35,9.75255298614502,1.0033454895019531,2.3078198432922363,0.402425397966585
35,9.773816108703613,1.003021478652954,2.303752899169922,0.4033757009837091
35,9.795075416564941,1.002541422843933,2.2996826171875,0.40426865142816976
35,9.816329956054688,1.0019053220748901,2.29561185836792,0.4050966020005019
35,9.837579727172852,1.001112937927246,2.2915430068969727,0.4058607354621941
35,9.858824729919434,1.00016450881958,2.2874789237976074,0.40658981725436844
35,9.8800630569458,0.999060869216919,2.2834231853485107,0.4073108439480168
35,9.90129566192627,0.9978032112121582,2.2793805599212646,0.4079864367251327
35,9.922521591186523,0.9963926672935486,2.2753548622131348,0.40861982248129913
35,9.943741798400879,0.9948304295539856,2.2713496685028076,0.40920915413151077
35,9.964954376220703,0.9931180477142334,2.2673685550689697,0.4097526929031203
35,9.986159324645996,0.9912572503089905,2.263415813446045,0.4102698653186767
35,10.007356643676758,0.9892497062683105,2.2594950199127197,0.41077134832041234
35,10.028547286987305,0.9870976805686951,2.255610466003418,0.41123451294144897
35,10.04973030090332,0.9848036170005798,2.2517659664154053,0.41166294461628455
35,10.070905685424805,0.982370138168335,2.2479658126831055,0.4120679482497163
35,10.092072486877441,0.9798003435134888,2.2442145347595215,0.41244309543316
35,10.11323356628418,0.9770974516868591,2.24051570892334,0.4127921705308096
35,10.134387016296387,0.9742652177810669,2.2368743419647217,0.41319027732805924
35,10.15554141998291,0.9713089466094971,2.2332983016967773,0.41369371231656443
35,10.17676067352295,0.9682247042655945,2.2297842502593994,0.4142042805619285
35,10.19829273223877,0.9649780988693237,2.2262978553771973,0.41474625435281437
35,10.219820976257324,0.9616195559501648,2.2228968143463135,0.4152988361620062
35,10.242230415344238,0.9580102562904358,2.2194511890411377,0.41586639850745477
35,10.266310691833496,0.9540114402770996,2.2158620357513428,0.416464991110197
35,10.292572021484375,0.9495178461074829,2.212088108062744,0.4171807501313917
35,10.318835258483887,0.9449000358581543,2.2084755897521973,0.41815979913925877
35,10.347036361694336,0.9398202300071716,2.2047908306121826,0.4192476169342412
35,10.375242233276367,0.9346249103546143,2.2013142108917236,0.4204267757632021
35,10.404600143432617,0.9291098713874817,2.1979265213012695,0.42171144647243236
35,10.434403419494629,0.9234151840209961,2.1947388648986816,0.423244003105564
35,10.464219093322754,0.9176437854766846,2.191822052001953,0.4251384098169643
35,10.494147300720215,0.9117976427078247,2.189181327819824,0.4271672571653346
35,10.524092674255371,0.905909538269043,2.1868326663970947,0.4293516514814005
35,10.554064750671387,0.8999947905540466,2.1847825050354004,0.43164715407751514
35,10.58405590057373,0.8940785527229309,2.183044195175171,0.43447216197574257
35,10.614067077636719,0.8881808519363403,2.181626558303833,0.43742387796253185
35,10.644099235534668,0.882319986820221,2.1805336475372314,0.44051117710284887
35,10.674151420593262,0.8765092492103577,2.1797664165496826,0.44374924774468655
35,10.7042236328125,0.8707669377326965,2.179328680038452,0.4473721598645786
35,10.734315872192383,0.8651145696640015,2.179224967956543,0.4512310360131242
35,10.764426231384277,0.8595632314682007,2.179452419281006,0.4552112044081779
35,10.79455280303955,0.8541275262832642,2.180009365081787,0.4593133426058164
35,10.824694633483887,0.8488168120384216,2.1808910369873047,0.46361257094079145
35,10.854848861694336,0.8436459898948669,2.1820943355560303,0.46822292816274075
35,10.885014533996582,0.8386263251304626,2.183614492416382,0.4729389938287196
35,10.915188789367676,0.8337632417678833,2.185443162918091,0.4777357413245099
35,10.945369720458984,0.8290653824806213,2.187574625015259,0.4826070538756999
35,10.975554466247559,0.8245365023612976,2.190000295639038,0.48757661797499063
35,11.00574016571045,0.820182204246521,2.1927101612091064,0.4927734117055303
35,11.035924911499023,0.8160063624382019,2.195695161819458,0.4980063938629915
35,11.066107749938965,0.8120089769363403,2.198944091796875,0.5032543338054422
35,11.096284866333008,0.8081932067871094,2.2024483680725098,0.5085083323051821
35,11.12645435333252,0.804558277130127,2.2061967849731445,0.5137633362020431
35,11.156615257263184,0.8011046051979065,2.210179328918457,0.5190044626082561
35,11.186767578125,0.7978323698043823,2.2143843173980713,0.524282927237172
35,11.21690845489502,0.7947375178337097,2.218796968460083,0.5295890287207773
35,11.247038841247559,0.7918179631233215,2.223405122756958,0.5348603264289554
35,11.277156829833984,0.7890704274177551,2.2281970977783203,0.5401049681290878
35,11.307270050048828,0.786491870880127,2.2331626415252686,0.5453078087100742
35,11.337394714355469,0.7840785980224609,2.238293409347534,0.550481536327911
35,11.36750602722168,0.7818273901939392,2.2435739040374756,0.5556784358173357
35,11.39766788482666,0.7797276973724365,2.2490031719207764,0.5608840391121436
35,11.427817344665527,0.7777793407440186,2.2545595169067383,0.5659919561202142
35,11.458091735839844,0.7759699821472168,2.2602577209472656,0.5711246149548399
35,11.488600730895996,0.7742907404899597,2.2661051750183105,0.5764387890342261
35,11.519099235534668,0.7727446556091309,2.2720389366149902,0.5818188530291585
35,11.55479907989502,0.7710819244384766,2.2790653705596924,0.5880646420292396
35,11.619470596313477,0.7683852910995483,2.2919204235076904,0.5989745232214942
35,11.684121131896973,0.7660303115844727,2.3049495220184326,0.610036758243244
35,11.75446891784668,0.7637202739715576,2.3193492889404297,0.6219187993202818
35,11.82478141784668,0.7615292072296143,2.3339321613311768,0.632978693499277
35,11.895027160644531,0.7593629956245422,2.348836660385132,0.6437769717403184
35,12.003520965576172,0.7557951211929321,2.3724472522735596,0.6592139002179789
35,12.12228775024414,0.7514786124229431,2.399195909500122,0.675025860468979
35,12.22822380065918,0.7472665309906006,2.4235808849334717,0.6873168493079047
35,12.34719467163086,0.7420591115951538,2.450808525085449,0.7012816377544943
35,12.466279983520508,0.7362937331199646,2.4774184226989746,0.7127429734093912
35,12.585734367370605,0.7300123572349548,2.503105640411377,0.7242793841755218
35,12.705466270446777,0.7232143878936768,2.527759075164795,0.7345719531777427
35,12.825392723083496,0.7158695459365845,2.5512759685516357,0.7447186975604392
35,12.945565223693848,0.707805871963501,2.5734264850616455,0.7552831359452088
35,13.065967559814453,0.6989215016365051,2.593956470489502,0.7651724018384582
35,13.186613082885742,0.6891248822212219,2.6125986576080322,0.77539192827383
35,13.307503700256348,0.6783897876739502,2.6289870738983154,0.7854895048141054
35,13.407791137695312,0.6688244938850403,2.6407039165496826,0.793757633470843
36,1.2252066135406494,0.16617225110530853,1.7150169610977173,1.032700201200659
36,1.2738815546035767,0.1662101298570633,1.7181323766708374,1.035134581156539
36,1.3960671424865723,0.1663082391023636,1.723970890045166,1.0412732036124277
36,1.4633445739746094,0.16636399924755096,1.7259302139282227,1.0446079513066022
36,1.585781455039978,0.1664663553237915,1.7264683246612549,1.0493071285602167
36,1.7081652879714966,0.16656847298145294,1.7228249311447144,1.053296039891547
36,1.8303738832473755,0.16666699945926666,1.714924693107605,1.0564765789333055
36,1.952268362045288,0.16675958037376404,1.7031071186065674,1.056868578087206
36,2.073803424835205,0.16684308648109436,1.6879982948303223,1.0567406082050481
36,2.195005416870117,0.16691401600837708,1.670400619506836,1.0542229482706098
36,2.315899133682251,0.16696886718273163,1.650793433189392,1.051136528563929
36,2.4365408420562744,0.16700223088264465,1.6296883821487427,1.0476614596575835
36,2.55692720413208,0.16700737178325653,1.6071720123291016,1.0436368089746948
36,2.677037477493286,0.1669747680425644,1.5832278728485107,1.040066657781061
36,2.796776533126831,0.1668890416622162,1.5574947595596313,1.0362862468876406
36,2.916031837463379,0.1667311191558838,1.5296107530593872,1.032552798777115
36,3.0345921516418457,0.16646042466163635,1.498908519744873,1.0311150469915102
36,3.152207612991333,0.1660289466381073,1.4647773504257202,1.027593941919184
36,3.26849365234375,0.16536377370357513,1.4263678789138794,1.0289379117146917
36,3.3831536769866943,0.16440211236476898,1.3833568096160889,1.0312017816874302
36,3.4958860874176025,0.16303779184818268,1.33552885055542,1.0392689760520886
36,3.607165813446045,0.16124269366264343,1.2844122648239136,1.0607662661866049
36,3.7175674438476562,0.15887577831745148,1.2314424514770508,1.0871680875179064
36,3.8287813663482666,0.1562456637620926,1.1802668571472168,1.131847207555989
36,3.8830246925354004,0.15490055084228516,1.1566494703292847,1.1522731531289012
36,3.9969348907470703,0.1530335694551468,1.112399697303772,1.1972238070499963
36,4.113171577453613,0.15251770615577698,1.074629306793213,1.2360764243713922
36,4.230002403259277,0.15375827252864838,1.0426585674285889,1.262117595527858
36,4.272477626800537,0.1546081006526947,1.0324145555496216,1.2630656902006627
36,4.388538360595703,0.15724503993988037,1.0121465921401978,1.2541066260693494
36,4.506063938140869,0.1607520431280136,1.0068871974945068,1.250794166378134
36,4.615548610687256,0.1653261035680771,1.0265250205993652,1.2352760199129624
36,4.709927558898926,0.17098981142044067,1.0670055150985718,1.2037228654799712
36,4.793769359588623,0.17763742804527283,1.126369595527649,1.1285939993468865
36,4.834197521209717,0.18135826289653778,1.1618714332580566,1.0894452684601734
36,4.902618408203125,0.18788635730743408,1.2277129888534546,1.0256317826073642
36,4.93772029876709,0.1911143660545349,1.2614694833755493,0.9970362232622177
36,5.0053558349609375,0.19658491015434265,1.3207995891571045,0.9702436473029571
36,5.0769829750061035,0.20122288167476654,1.374048113822937,0.9613499408061735
36,5.1519083976745605,0.20498251914978027,1.420116662979126,0.9648997768993309
36,5.224068641662598,0.207877978682518,1.4572116136550903,0.9737168454399184
36,5.306020259857178,0.21066993474960327,1.4931915998458862,0.9836135847423386
36,5.391960620880127,0.21331800520420074,1.5257140398025513,0.9877861316175784
36,5.479201316833496,0.21593058109283447,1.5545798540115356,0.9905427615434441
36,5.567234992980957,0.2186415195465088,1.5803346633911133,0.9920849869313703
36,5.65596866607666,0.22157204151153564,1.6035428047180176,0.9913121218152918
36,5.748503684997559,0.2249489575624466,1.6253817081451416,0.9883419694168464
36,5.843655586242676,0.22887346148490906,1.6457598209381104,0.9823994700421305
36,5.939139366149902,0.23338492214679718,1.6643904447555542,0.9746255622318585
36,6.034880638122559,0.2386324107646942,1.6814392805099487,0.9657131797491413
36,6.139636039733887,0.2454247623682022,1.6983449459075928,0.9544962629879287
36,6.24563455581665,0.2537000775337219,1.7136744260787964,0.9412424820610246
36,6.352489948272705,0.2637909948825836,1.7273553609848022,0.9265509101412848
36,6.459744930267334,0.27607959508895874,1.7393219470977783,0.9114991574672712
36,6.566378116607666,0.29086834192276,1.749513030052185,0.896933572234046
36,6.671894073486328,0.30867287516593933,1.7579429149627686,0.8832578203739699
36,6.726444721221924,0.31922367215156555,1.761661171913147,0.876514752309344
36,6.780812740325928,0.33081233501434326,1.7649366855621338,0.8695110536859197
36,6.806864261627197,0.3367670178413391,1.766357421875,0.8668425246981035
36,6.832510471343994,0.34289488196372986,1.7676632404327393,0.8643725587017906
36,6.8579535484313965,0.349248468875885,1.7688703536987305,0.8621774889419878
36,6.8831892013549805,0.35582083463668823,1.7699867486953735,0.8602668490627862
36,6.908319473266602,0.3626442551612854,1.771020770072937,0.8585561066414322
36,6.9331135749816895,0.3696581721305847,1.771971583366394,0.8570911427871996
36,6.957832336425781,0.37693992257118225,1.7728567123413086,0.8558234529199512
36,6.982295989990234,0.3844378590583801,1.7736749649047852,0.8547673827359981
36,7.006584644317627,0.3921716511249542,1.774437427520752,0.8539499852360256
36,7.030783176422119,0.40016961097717285,1.775156021118164,0.8533844363574906
36,7.054869651794434,0.408425509929657,1.775836706161499,0.8528582282199071
36,7.078724384307861,0.41689532995224,1.7764837741851807,0.8525485180947818
36,7.102484226226807,0.4256272614002228,1.777111530303955,0.8523869135586226
36,7.1261491775512695,0.43461835384368896,1.7777279615402222,0.8521740870704511
36,7.149730205535889,0.4438675343990326,1.7783427238464355,0.8522383572486427
36,7.172783374786377,0.4531937837600708,1.7789559364318848,0.8524586608105662
36,7.1953606605529785,0.4626013934612274,1.7795768976211548,0.8526283764462543
36,7.217851638793945,0.4722400903701782,1.7802284955978394,0.8532721621936741
36,7.239939212799072,0.48196306824684143,1.780914545059204,0.853822204567547
36,7.262034893035889,0.4919346272945404,1.7816599607467651,0.8544596633189243
36,7.283944606781006,0.5020633339881897,1.782476782798767,0.8555425202632525
36,7.305722713470459,0.5123620629310608,1.7833837270736694,0.8563959882529077
36,7.327281951904297,0.5227764248847961,1.7843962907791138,0.8581792252910587
36,7.3486247062683105,0.5332932472229004,1.785535454750061,0.8598979789192545
36,7.369892597198486,0.5439656972885132,1.7868311405181885,0.8621786606901319
36,7.391077041625977,0.5547786951065063,1.7883113622665405,0.8653771222768123
36,7.412200450897217,0.5657271146774292,1.7900071144104004,0.8695855163901242
36,7.43312931060791,0.5767267346382141,1.7919409275054932,0.8762476580132413
36,7.4540181159973145,0.5878346562385559,1.7941559553146362,0.8841870325743075
36,7.4747443199157715,0.5989441871643066,1.7966609001159668,0.8960246092603442
36,7.495427131652832,0.6100611686706543,1.799471378326416,0.9103561550931305
36,7.516146659851074,0.6211528182029724,1.8025810718536377,0.9310768515521669
36,7.536803722381592,0.6320633292198181,1.8059333562850952,0.9607329174297017
36,7.557632923126221,0.6427513957023621,1.8094558715820312,1.0000884487838835
36,7.578624248504639,0.652941107749939,1.812869668006897,1.0438232918850283
36,7.600132942199707,0.6624167561531067,1.8156867027282715,1.0758444075041826
36,7.62220573425293,0.6708016991615295,1.8172903060913086,1.082846337132379
36,7.644713878631592,0.6778521537780762,1.8172285556793213,1.0603310710165368
36,7.6675920486450195,0.6836390495300293,1.815385103225708,1.0098928392310103
36,7.690475940704346,0.6883722543716431,1.8120372295379639,0.9415193330319367
36,7.707655429840088,0.6914788484573364,1.8088266849517822,0.8858580631297092
36,7.730347156524658,0.6952565908432007,1.8040822744369507,0.8156864691221467
36,7.7529778480529785,0.6988075375556946,1.799128532409668,0.7567066239969322
36,7.775593280792236,0.7021948099136353,1.7942066192626953,0.7056154447432749
36,7.798413276672363,0.7054485082626343,1.7894426584243774,0.6601968857810464
36,7.821274757385254,0.7085381150245667,1.7850035429000854,0.620220962956304
36,7.844314098358154,0.71146559715271,1.7809526920318604,0.583559776268722
36,7.867299556732178,0.7141807079315186,1.7773832082748413,0.5506797531028855
36,7.890373706817627,0.7166907787322998,1.7742815017700195,0.5207708193667112
36,7.913499355316162,0.7189931273460388,1.771637201309204,0.49390150511431763
36,7.936703205108643,0.7211108207702637,1.7694073915481567,0.4698862348413616
36,7.959929943084717,0.7230725884437561,1.7675487995147705,0.44846670232271846
36,7.9831671714782715,0.7249239683151245,1.7660081386566162,0.42950962173400326
36,8.006404876708984,0.7267197370529175,1.764732837677002,0.41282554576280056
36,8.029743194580078,0.7285231351852417,1.7636669874191284,0.39826208804021335
36,8.053060531616211,0.7303701043128967,1.7627638578414917,0.38558955045841453
36,8.07618522644043,0.7322816252708435,1.7619792222976685,0.3747492661023626
36,8.09949016571045,0.7343113422393799,1.7612507343292236,0.36550223690765493
36,8.122757911682129,0.7364533543586731,1.7605408430099487,0.3576380160333992
36,8.145984649658203,0.7387093901634216,1.759807825088501,0.3510621771188575
36,8.16916561126709,0.7410741448402405,1.7590138912200928,0.34563496506651337
36,8.192298889160156,0.7435378432273865,1.7581253051757812,0.34123305666513365
36,8.215380668640137,0.7460888028144836,1.7571125030517578,0.3377477861294963
36,8.238405227661133,0.7487145066261292,1.7559500932693481,0.33508331530020297
36,8.261370658874512,0.7514044046401978,1.7546175718307495,0.33317590655153195
36,8.284335136413574,0.754161536693573,1.7530957460403442,0.33195634282052083
36,8.307226181030273,0.7569690942764282,1.7513751983642578,0.33134717278952963
36,8.330038070678711,0.7598188519477844,1.749445915222168,0.33128568994259844
36,8.352766036987305,0.7627038955688477,1.7473000288009644,0.3317160384713
36,8.375404357910156,0.7656166553497314,1.7449321746826172,0.3326155717247319
36,8.397882461547852,0.7685385346412659,1.7423477172851562,0.33389414240869886
36,8.420259475708008,0.7714661955833435,1.7395401000976562,0.3355031213193535
36,8.442532539367676,0.7743865251541138,1.7365115880966187,0.3373948891250733
36,8.464700698852539,0.7772878408432007,1.7332677841186523,0.3395454013154975
36,8.486812591552734,0.780167281627655,1.7298097610473633,0.34195649499877595
36,8.50881576538086,0.7830005884170532,1.7261524200439453,0.3446149018149052
36,8.53062915802002,0.7857617735862732,1.7223190069198608,0.34739699626449794
36,8.55233383178711,0.788446307182312,1.7183057069778442,0.350257300992579
36,8.573930740356445,0.7910400629043579,1.7141218185424805,0.3531615720368043
36,8.59542179107666,0.7935294508934021,1.7097761631011963,0.35607847731174486
36,8.616812705993652,0.7959020137786865,1.705277681350708,0.3589872878654297
36,8.6381196975708,0.7981448173522949,1.7006341218948364,0.36204840584846326
36,8.659379005432129,0.8002471923828125,1.6958491802215576,0.36504644259832525
36,8.680652618408203,0.8022058606147766,1.6909207105636597,0.36797630954358246
36,8.701883316040039,0.8040057420730591,1.6858723163604736,0.37080306045195593
36,8.72304916381836,0.8056342601776123,1.680719017982483,0.3736085306421628
36,8.744180679321289,0.8070808053016663,1.6754679679870605,0.37640250318339086
36,8.765279769897461,0.8083359003067017,1.6701289415359497,0.3790419212880425
36,8.786346435546875,0.8093916773796082,1.6647099256515503,0.38151674730216534
36,8.80738353729248,0.8102405071258545,1.659219741821289,0.38394702339947984
36,8.828380584716797,0.8108730912208557,1.6536779403686523,0.386315910346127
36,8.849352836608887,0.8112841248512268,1.6480895280838013,0.3884949772965945
36,8.8703031539917,0.8114686012268066,1.6424614191055298,0.3904821141350762
36,8.891231536865234,0.8114215135574341,1.636805534362793,0.39249371873482336
36,8.912144660949707,0.8111384510993958,1.6311360597610474,0.39434511334351996
36,8.933028221130371,0.8106167912483215,1.6254631280899048,0.39600429598836506
36,8.953895568847656,0.8098541498184204,1.6197909116744995,0.3975550731383198
36,8.974750518798828,0.808849573135376,1.6141350269317627,0.39907976165134806
36,8.995591163635254,0.8076026439666748,1.6085054874420166,0.4004147005938166
36,9.016417503356934,0.8061130046844482,1.6029081344604492,0.40156600753292737
36,9.037229537963867,0.8043815493583679,1.5973536968231201,0.4027275517575213
36,9.058034896850586,0.8024114966392517,1.591857671737671,0.4037727784890427
36,9.078827857971191,0.8002042174339294,1.5864278078079224,0.4046548888299438
36,9.099611282348633,0.7977631688117981,1.5810734033584595,0.40541373645901485
36,9.120365142822266,0.7950995564460754,1.5758190155029297,0.4062555608123499
36,9.14111614227295,0.7922163605690002,1.570672631263733,0.4069705953928305
36,9.161864280700684,0.789116621017456,1.5656418800354004,0.4075699376448235
36,9.182611465454102,0.7858036160469055,1.560734748840332,0.4080648202400547
36,9.203359603881836,0.7822844982147217,1.555964708328247,0.4086751488264209
36,9.224113464355469,0.7785676121711731,1.5513466596603394,0.40923472188135285
36,9.244871139526367,0.7746581435203552,1.546889066696167,0.40973655864243974
36,9.265620231628418,0.7705692052841187,1.542609691619873,0.4102717434580884
36,9.286380767822266,0.7663068771362305,1.5385171175003052,0.4107579373406754
36,9.307616233825684,0.7617827653884888,1.5345385074615479,0.4112904690760097
36,9.328864097595215,0.7571025490760803,1.530776858329773,0.41176263229765486
36,9.349960327148438,0.752311646938324,1.5272653102874756,0.412216837155815
36,9.371062278747559,0.7473850846290588,1.5239837169647217,0.41283560665640134
36,9.392067909240723,0.742365300655365,1.5209622383117676,0.4135096730001776
36,9.413070678710938,0.737240731716156,1.5181907415390015,0.4142077542052094
36,9.433995246887207,0.7320385575294495,1.5156810283660889,0.41491926104434135
36,9.454886436462402,0.7267583012580872,1.513429045677185,0.41570511390942066
36,9.475781440734863,0.7214056253433228,1.5114374160766602,0.41668739886529077
36,9.496675491333008,0.7160010933876038,1.509716510772705,0.4178035835589112
36,9.517578125,0.7105500102043152,1.5082650184631348,0.4189523917496385
36,9.538487434387207,0.705059289932251,1.5070816278457642,0.4201286485433325
36,9.559401512145996,0.6995355486869812,1.5061641931533813,0.42135657388161346
36,9.580320358276367,0.6939944624900818,1.505516767501831,0.4228787451803142
36,9.601244926452637,0.6884480714797974,1.5051401853561401,0.424436514727766
36,9.622172355651855,0.6829015016555786,1.5050296783447266,0.4260396898072147
36,9.64310073852539,0.6773591041564941,1.5051804780960083,0.42767870160954546
36,9.664029121398926,0.6718275547027588,1.5055891275405884,0.429532413015814
36,9.684957504272461,0.6663222908973694,1.5062559843063354,0.43155648492135074
36,9.705883979797363,0.660847544670105,1.5071752071380615,0.4336144533387569
36,9.726806640625,0.6554053425788879,1.5083400011062622,0.43570596855108945
36,9.747724533081055,0.6499976515769958,1.5097434520721436,0.43783383831458156
36,9.768635749816895,0.6446334719657898,1.5113816261291504,0.4403264182116156
36,9.789541244506836,0.6393213272094727,1.5132501125335693,0.4428504317453334
36,9.81043815612793,0.6340612769126892,1.5153409242630005,0.4454215613294895
36,9.831327438354492,0.6288565397262573,1.5176477432250977,0.44811038757313887
36,9.852206230163574,0.6237092614173889,1.520163893699646,0.45092262991920773
36,9.873075485229492,0.6186286807060242,1.5228841304779053,0.45401601787394336
36,9.89393424987793,0.6136175394058228,1.5258020162582397,0.4571489045757509
36,9.914782524108887,0.6086746454238892,1.5289098024368286,0.4603236878916169
36,9.935619354248047,0.603798508644104,1.5322004556655884,0.463542377854076
36,9.956441879272461,0.5989882349967957,1.5356669425964355,0.46686869514170254
36,9.977252006530762,0.594249963760376,1.5393034219741821,0.4704705791739637
36,9.998050689697266,0.5895882844924927,1.5431039333343506,0.4742619035751873
36,10.018836975097656,0.5850065350532532,1.5470629930496216,0.47813258540014164
36,10.039610862731934,0.5805028676986694,1.551174283027649,0.48205384109704785
36,10.060372352600098,0.5760754346847534,1.5554314851760864,0.4860275364226866
36,10.081120491027832,0.5717251896858215,1.559828281402588,0.4902405599093563
36,10.10185718536377,0.5674567818641663,1.5643587112426758,0.49456231909284587
36,10.12258243560791,0.5632719993591309,1.5690172910690308,0.49911973821533784
36,10.14329719543457,0.559174656867981,1.5737992525100708,0.5037591773655379
36,10.164007186889648,0.5551616549491882,1.5787004232406616,0.5084709233256983
36,10.184775352478027,0.551220178604126,1.5837303400039673,0.5132782553189617
36,10.205842018127441,0.5473067164421082,1.588944435119629,0.5183629499749934
36,10.227764129638672,0.543332576751709,1.594482183456421,0.5239492270076432
36,10.249679565429688,0.5394646525382996,1.6001265048980713,0.5295220956672383
36,10.273221969604492,0.5354235768318176,1.60630464553833,0.5354938112646432
36,10.298887252807617,0.5311498641967773,1.6131688356399536,0.5419478841839537
36,10.324542045593262,0.5270140171051025,1.6201575994491577,0.5485595185326892
36,10.35207462310791,0.5227330923080444,1.6277910470962524,0.5558155778968932
36,10.380715370178223,0.5184529423713684,1.6358652114868164,0.5633756170146837
36,10.409346580505371,0.514345645904541,1.6440637111663818,0.5710393398764889
36,10.438392639160156,0.510356605052948,1.6525013446807861,0.5788639046965505
36,10.467430114746094,0.506540834903717,1.6610493659973145,0.5865912444208945
36,10.496553421020508,0.502883791923523,1.6697287559509277,0.5943457079817661
36,10.52566909790039,0.4993959367275238,1.678503394126892,0.6019935967854403
36,10.554787635803223,0.4960728585720062,1.6873667240142822,0.6095338847202723
36,10.583900451660156,0.4929124712944031,1.6963086128234863,0.6169004294922451
36,10.613008499145508,0.4899093508720398,1.7053214311599731,0.6240731475307393
36,10.642110824584961,0.4870608150959015,1.7144012451171875,0.6309966335879053
36,10.671207427978516,0.4843598008155823,1.7235420942306519,0.6376649605323835
36,10.700300216674805,0.48180389404296875,1.732738971710205,0.6440943654798168
36,10.729388236999512,0.4793887138366699,1.7419884204864502,0.6501567027477783
36,10.758472442626953,0.4771088659763336,1.7512848377227783,0.6559513736611937
36,10.787551879882812,0.47496217489242554,1.760624885559082,0.6614041046702045
36,10.816629409790039,0.47294285893440247,1.7700036764144897,0.666473343240921
36,10.845704078674316,0.47104766964912415,1.7794157266616821,0.6712190174202268
36,10.874775886535645,0.46927231550216675,1.7888587713241577,0.6755789883771609
36,10.903844833374023,0.4676138162612915,1.7983300685882568,0.6796088435746903
36,10.932912826538086,0.46606871485710144,1.8078269958496094,0.6832433060244604
36,10.9619779586792,0.464633971452713,1.817347764968872,0.6865668367202092
36,10.99104118347168,0.4633072018623352,1.826889991760254,0.6895127571730781
36,11.020103454589844,0.46208441257476807,1.8364512920379639,0.6921255371497546
36,11.049162864685059,0.4609653651714325,1.8460313081741333,0.6944416005988318
36,11.078221321105957,0.45994582772254944,1.8556270599365234,0.6963638832063387
36,11.107277870178223,0.45902466773986816,1.8652377128601074,0.698067055015307
36,11.136332511901855,0.4582001566886902,1.8748619556427002,0.6994048150856835
36,11.165386199951172,0.4574689269065857,1.8844976425170898,0.7005083372463669
36,11.194438934326172,0.4568311274051666,1.894145131111145,0.7013716436080268
36,11.223490715026855,0.4562828242778778,1.9038010835647583,0.7019490016724969
36,11.252542495727539,0.45582327246665955,1.9134654998779297,0.7023794579715618
36,11.281600952148438,0.4554504454135895,1.9231386184692383,0.7025396143467248
36,11.31065845489502,0.4551612436771393,1.9328150749206543,0.7025659549332943
36,11.339740753173828,0.45495474338531494,1.9425019025802612,0.7024321753501257
36,11.368823051452637,0.45482707023620605,1.9521872997283936,0.7021540397282002
36,11.397970199584961,0.45477616786956787,1.9618889093399048,0.7018052559202552
36,11.427119255065918,0.45479992032051086,1.971582055091858,0.7012700602997237
36,11.456406593322754,0.4548947513103485,1.9813041687011719,0.7007116613204656
36,11.485939025878906,0.4550592303276062,1.9910824298858643,0.700199949928968
36,11.515481948852539,0.4552863836288452,2.0008294582366943,0.6996972183091308
36,11.550084114074707,0.45562130212783813,2.012193441390991,0.6992123477294887
36,11.584707260131836,0.45601752400398254,2.0234925746917725,0.6986016170385466
36,11.647493362426758,0.45687830448150635,2.0437939167022705,0.6979919506578441
36,11.71036148071289,0.4578743278980255,2.063832998275757,0.6982558753776463
36,11.778901100158691,0.45905181765556335,2.085334539413452,0.6993610760271279
36,11.902946472167969,0.46106719970703125,2.123609781265259,0.7029428714584256
36,12.027070999145508,0.4628535211086273,2.1616389751434326,0.706371846481222
36,12.143482208251953,0.46398890018463135,2.197511911392212,0.7097646520038454
36,12.259817123413086,0.4644400179386139,2.233647108078003,0.7088335824902537
36,12.376145362854004,0.46401247382164,2.269801378250122,0.7086052334114106
36,12.493155479431152,0.4624388515949249,2.3055055141448975,0.7070479971226595
36,12.580039024353027,0.4604821503162384,2.3313517570495605,0.706506961626665
36,12.593746185302734,0.46010875701904297,2.335357904434204,0.7063572672173222
37,0.3492209315299988,1.2067375183105469,2.4203221797943115,1.0009627636282337
37,0.46003708243370056,1.2067726850509644,2.423048257827759,1.001790283776238
37,0.5708245038986206,1.2068231105804443,2.4267635345458984,1.00372052454879
37,0.6815762519836426,1.2068957090377808,2.431424140930176,1.0061807971876169
37,0.8002293109893799,1.2069998979568481,2.4370713233947754,1.0100133104289941
37,0.9188658595085144,1.207131266593933,2.4430572986602783,1.0139559332478691
37,1.039635181427002,1.207288384437561,2.448896646499634,1.0180541328773007
37,1.1604365110397339,1.2074698209762573,2.4540207386016846,1.0220843075051755
37,1.2823103666305542,1.207680106163025,2.4579010009765625,1.025971546256589
37,1.4046218395233154,1.2079262733459473,2.4597887992858887,1.0294117777481542
37,1.526945948600769,1.2082127332687378,2.4592761993408203,1.0318055840418079
37,1.6493401527404785,1.2085469961166382,2.455899477005005,1.033967588057986
37,1.771623134613037,1.2089323997497559,2.4496843814849854,1.0334710075031897
37,1.8689061403274536,1.209277868270874,2.4427475929260254,1.0329727443451835
37,1.9909031391143799,1.2097605466842651,2.431976318359375,1.0298693242660864
37,2.0759968757629395,1.2101300954818726,2.423217535018921,1.027339100358968
37,2.1976888179779053,1.2107040882110596,2.409411668777466,1.0219111153272344
37,2.319230318069458,1.2113306522369385,2.394338369369507,1.0155934177048067
37,2.4406588077545166,1.212009310722351,2.3783814907073975,1.0085432714697662
37,2.5619876384735107,1.2127423286437988,2.3616862297058105,1.000187510002611
37,2.683232069015503,1.21353280544281,2.344390869140625,0.9912732740508615
37,2.8044004440307617,1.2143874168395996,2.326573610305786,0.9812249895722743
37,2.9254934787750244,1.2153109312057495,2.308253288269043,0.969843341272722
37,3.046515464782715,1.2163115739822388,2.289475202560425,0.9574941084300477
37,3.1674699783325195,1.2173959016799927,2.270270347595215,0.9422988103608828
37,3.288362741470337,1.2185709476470947,2.250684976577759,0.9256573741164706
37,3.409219980239868,1.2198463678359985,2.2308895587921143,0.9063240179949648
37,3.5300562381744385,1.2212274074554443,2.2109715938568115,0.8842459794751801
37,3.650933265686035,1.2227301597595215,2.191312551498413,0.8598197249417174
37,3.771909236907959,1.224377155303955,2.172416925430298,0.8335164810744654
37,3.8930959701538086,1.2261985540390015,2.15494441986084,0.8071714003575888
37,4.014396667480469,1.2282439470291138,2.1400227546691895,0.7827340561539936
37,4.117157459259033,1.2301795482635498,2.129990816116333,0.7665730667233485
37,4.238020896911621,1.2327508926391602,2.1223015785217285,0.7518979502631167
37,4.35908842086792,1.2356804609298706,2.1196024417877197,0.7492750344029374
37,4.476904392242432,1.2388964891433716,2.122105360031128,0.7537703425855895
37,4.58819580078125,1.2422590255737305,2.1288578510284424,0.7660407783131675
37,4.699192047119141,1.245908498764038,2.139333724975586,0.7850480018246365
37,4.784024715423584,1.2488816976547241,2.1494181156158447,0.8012530376547312
37,4.878273963928223,1.2523629665374756,2.1622676849365234,0.8210603948027416
37,4.972333908081055,1.256020188331604,2.176396608352661,0.841337476925588
37,5.061131954193115,1.2596416473388672,2.1905460357666016,0.8598203149386873
37,5.147451877593994,1.2633243799209595,2.204744577407837,0.8767538713299187
37,5.232956409454346,1.267138123512268,2.219019889831543,0.8923052195107964
37,5.318292617797852,1.271120309829712,2.2333133220672607,0.9065229882624117
37,5.403615951538086,1.2752912044525146,2.2475438117980957,0.9194751920166264
37,5.488948345184326,1.2796655893325806,2.261660575866699,0.9310467917167872
37,5.5742950439453125,1.2842586040496826,2.27561616897583,0.9413469323358854
37,5.659661293029785,1.2890877723693848,2.2893741130828857,0.9505852252501734
37,5.745054721832275,1.2941758632659912,2.302901029586792,0.958899067340358
37,5.83156156539917,1.2996175289154053,2.316337823867798,0.9665083467630704
37,5.92096471786499,1.3055732250213623,2.3299241065979004,0.9736269228256009
37,6.013678550720215,1.312138319015503,2.3436856269836426,0.980312778552196
37,6.10640811920166,1.3191300630569458,2.3571245670318604,0.9863720943525885
37,6.201959609985352,1.326807975769043,2.370652198791504,0.992105636041406
37,6.300149440765381,1.335228443145752,2.3842475414276123,0.9974245034264055
37,6.400424003601074,1.3444116115570068,2.3978512287139893,1.002311019881224
37,6.501638889312744,1.3543113470077515,2.41129732131958,1.0068770235648816
37,6.553995609283447,1.3596796989440918,2.418114185333252,1.0091951506128094
37,6.580050945281982,1.362412929534912,2.421466827392578,1.0102168086498775
37,6.606104850769043,1.3651889562606812,2.4247937202453613,1.011162093155328
37,6.632059574127197,1.3679977655410767,2.428084135055542,1.0120843501862604
37,6.65794038772583,1.370842456817627,2.431342363357544,1.012962643606454
37,6.6838531494140625,1.3737343549728394,2.4345827102661133,1.0138083854772446
37,6.7097907066345215,1.3766733407974243,2.437805414199829,1.0146190590175923
37,6.73561429977417,1.3796437978744507,2.4409940242767334,1.0153900182135995
37,6.761468410491943,1.3826624155044556,2.4441680908203125,1.016127718482748
37,6.787346839904785,1.3857290744781494,2.4473273754119873,1.0168336075159137
37,6.813243389129639,1.388843059539795,2.450472831726074,1.0175110146728203
37,6.839150905609131,1.392004370689392,2.453604221343994,1.0181643246525662
37,6.865062713623047,1.3952127695083618,2.4567222595214844,1.0188014659483329
37,6.891016483306885,1.398473858833313,2.4598324298858643,1.019425184549875
37,6.916985034942627,1.4017854928970337,2.4629323482513428,1.0200318740281047
37,6.942831516265869,1.4051313400268555,2.4660072326660156,1.0206177203503264
37,6.968684196472168,1.4085288047790527,2.4690730571746826,1.0211848206315721
37,6.99453592300415,1.4119786024093628,2.472130537033081,1.0217321670406514
37,7.020381450653076,1.4154813289642334,2.475179672241211,1.022258969945709
37,7.046214580535889,1.4190375804901123,2.4782209396362305,1.0227655952000774
37,7.0720672607421875,1.422653317451477,2.4812586307525635,1.0232577299656271
37,7.097897052764893,1.4263242483139038,2.4842886924743652,1.023728770115525
37,7.123581886291504,1.4300339221954346,2.487298011779785,1.0241767920071803
37,7.149236679077148,1.4338003396987915,2.4903008937835693,1.0246064091919527
37,7.174857139587402,1.4376243352890015,2.493297815322876,1.0250183801624109
37,7.200438499450684,1.44150710105896,2.496288776397705,1.025413846060811
37,7.2259745597839355,1.445449709892273,2.4992740154266357,1.0257937275271773
37,7.251461029052734,1.449453592300415,2.502253770828247,1.0261667633539995
37,7.276931285858154,1.4535257816314697,2.505232572555542,1.0265243163708349
37,7.302234172821045,1.4576443433761597,2.5081939697265625,1.0268685940053717
37,7.32747745513916,1.4618287086486816,2.51115083694458,1.0272038458604438
37,7.352657318115234,1.4660804271697998,2.514104127883911,1.0275322994219307
37,7.3777689933776855,1.470401644706726,2.5170533657073975,1.0278557027127642
37,7.40280818939209,1.4747949838638306,2.5199995040893555,1.02817910703191
37,7.428332805633545,1.4793615341186523,2.5230085849761963,1.028514150764195
37,7.453401565551758,1.4839386940002441,2.525970458984375,1.0288365436181757
37,7.477761268615723,1.4884804487228394,2.528855800628662,1.0291611418310365
37,7.502723693847656,1.4932342767715454,2.531820774078369,1.0295071348649603
37,7.527413845062256,1.498039960861206,2.534762144088745,1.029883618409666
37,7.552017688751221,1.5029361248016357,2.537702798843384,1.030257647286751
37,7.5770087242126465,1.508021354675293,2.540699005126953,1.030680211004446
37,7.600526809692383,1.5129225254058838,2.5435285568237305,1.031054650066071
37,7.624210834503174,1.5179758071899414,2.546387195587158,1.0315067385000696
37,7.6479105949401855,1.5231547355651855,2.5492560863494873,1.0319868911388934
37,7.672280311584473,1.5286164283752441,2.552215099334717,1.0325442406142409
37,7.696439743041992,1.5341776609420776,2.5551555156707764,1.03315001834994
37,7.720515727996826,1.5398749113082886,2.5580902099609375,1.0337472984344185
37,7.744504928588867,1.5457111597061157,2.561014175415039,1.034187763274372
37,7.768404960632324,1.5516828298568726,2.563920259475708,1.0342311866733014
37,7.79209041595459,1.5577412843704224,2.5667827129364014,1.033613239729662
37,7.8156938552856445,1.5638978481292725,2.569607973098755,1.032080159013097
37,7.839219093322754,1.5701309442520142,2.5723867416381836,1.0293782238616225
37,7.862670421600342,1.5764175653457642,2.57511043548584,1.0248623835541126
37,7.885898590087891,1.582682490348816,2.577753782272339,1.018611483038032
37,7.909067153930664,1.5889397859573364,2.580336809158325,1.0095278189325596
37,7.93218469619751,1.5951459407806396,2.5828704833984375,0.9971770805233654
37,7.9552764892578125,1.6011918783187866,2.585362434387207,0.984740173423168
37,7.978253364562988,1.6068819761276245,2.5877833366394043,0.9778287815486048
37,8.00125503540039,1.612136960029602,2.5901193618774414,0.9755718146256764
37,8.024290084838867,1.616947889328003,2.5923521518707275,0.9777842557035962
37,8.047298431396484,1.6213772296905518,2.594465494155884,0.9846693818962371
37,8.070286750793457,1.6255621910095215,2.596457004547119,0.995280278709581
37,8.093108177185059,1.6296215057373047,2.598316192626953,1.0077509634722215
37,8.115874290466309,1.6336852312088013,2.6000614166259766,1.018363320726719
37,8.139120101928711,1.6379058361053467,2.60174298286438,1.026689717285532
37,8.162269592285156,1.6421818733215332,2.6033220291137695,1.0326199435176373
37,8.18532943725586,1.6464760303497314,2.6048057079315186,1.036830555387939
37,8.208303451538086,1.6507470607757568,2.6062021255493164,1.0400930191681594
37,8.231033325195312,1.6549394130706787,2.607508897781372,1.0429769875046049
37,8.253684997558594,1.6590697765350342,2.6087398529052734,1.0454579983402057
37,8.27625846862793,1.6631308794021606,2.6098954677581787,1.0476765146782194
37,8.298726081848145,1.6671147346496582,2.610975742340088,1.0497053785171515
37,8.320859909057617,1.6709805727005005,2.6119701862335205,1.051582059206497
37,8.342937469482422,1.6747788190841675,2.6128923892974854,1.0533651132209547
37,8.364959716796875,1.6785106658935547,2.6137428283691406,1.0551595452473215
37,8.386809349060059,1.6821593046188354,2.614518165588379,1.0568503021603335
37,8.408601760864258,1.6857458353042603,2.6152236461639404,1.0584550135805206
37,8.430304527282715,1.6892669200897217,2.6158595085144043,1.0599692324243943
37,8.451949119567871,1.6927293539047241,2.616427421569824,1.0613979860142848
37,8.473532676696777,1.6961346864700317,2.6169283390045166,1.0627434557136946
37,8.495125770568848,1.6994950771331787,2.6173646450042725,1.0640157644601997
37,8.516657829284668,1.702800989151001,2.6177356243133545,1.065194378859032
37,8.538064002990723,1.7060437202453613,2.6180419921875,1.0662953511711697
37,8.559475898742676,1.709243655204773,2.618286371231079,1.0673375521856256
37,8.580894470214844,1.7124006748199463,2.618469715118408,1.0683286124459355
37,8.602319717407227,1.7155150175094604,2.6185920238494873,1.0692758107831684
37,8.623751640319824,1.7185863256454468,2.618654251098633,1.0701852156711105
37,8.64518928527832,1.7216143608093262,2.618657112121582,1.0710642791141496
37,8.666632652282715,1.724599003791809,2.618600845336914,1.0719203066196
37,8.688082695007324,1.727540135383606,2.6184864044189453,1.072715288398971
37,8.709537506103516,1.7304377555847168,2.618313789367676,1.0734901331419142
37,8.730998039245605,1.7332916259765625,2.618083953857422,1.0742559419427489
37,8.752463340759277,1.7361018657684326,2.617797613143921,1.0750164653664522
37,8.773934364318848,1.7388681173324585,2.617455005645752,1.0757759486224898
37,8.795409202575684,1.7415906190872192,2.6170570850372314,1.0765389024812329
37,8.816888809204102,1.7442692518234253,2.6166045665740967,1.0773053348514088
37,8.838372230529785,1.746903896331787,2.616097927093506,1.0780768485876793
37,8.85986042022705,1.7494946718215942,2.6155381202697754,1.0788546436440063
37,8.881351470947266,1.7520414590835571,2.6149253845214844,1.0795985276347124
37,8.902847290039062,1.7545443773269653,2.614260673522949,1.080345268590768
37,8.924345970153809,1.7570035457611084,2.613544464111328,1.0811018794081015
37,8.945847511291504,1.7594186067581177,2.6127777099609375,1.081871409300324
37,8.967352867126465,1.7617896795272827,2.6119608879089355,1.0826502499521113
37,8.988860130310059,1.764116644859314,2.6110947132110596,1.083438355687908
37,9.010371208190918,1.7663992643356323,2.610180139541626,1.0842355849871534
37,9.03188419342041,1.7686376571655273,2.609217405319214,1.085041572759865
37,9.053400039672852,1.7708314657211304,2.6082077026367188,1.085856087997045
37,9.074917793273926,1.7729806900024414,2.607151508331299,1.0866785489571806
37,9.096437454223633,1.7750849723815918,2.6060492992401123,1.0875108868900363
37,9.117959022521973,1.777144432067871,2.6049017906188965,1.0883053906198106
37,9.139482498168945,1.7791588306427002,2.6037096977233887,1.0891063765086009
37,9.16100788116455,1.7811278104782104,2.602473497390747,1.0899130974553723
37,9.182535171508789,1.7830512523651123,2.601194143295288,1.0907246979856087
37,9.204063415527344,1.7849289178848267,2.599871873855591,1.0915404559323985
37,9.225593566894531,1.7867605686187744,2.5985074043273926,1.092359187976155
37,9.247124671936035,1.7885459661483765,2.5971016883850098,1.0931828851293988
37,9.268656730651855,1.7902848720550537,2.5956549644470215,1.0940079336090365
37,9.290189743041992,1.7919769287109375,2.594167947769165,1.0948325857553427
37,9.311723709106445,1.7936220169067383,2.5926413536071777,1.0956555917336641
37,9.333258628845215,1.7952197790145874,2.5910756587982178,1.0964759474627082
37,9.3547945022583,1.7967698574066162,2.5894715785980225,1.09729600949597
37,9.376330375671387,1.7982720136642456,2.587829828262329,1.0981185940766305
37,9.397866249084473,1.7997260093688965,2.586150646209717,1.09893623041667
37,9.419403076171875,1.8011316061019897,2.584434986114502,1.0997187355125073
37,9.440939903259277,1.8024884462356567,2.5826830863952637,1.1004858939784885
37,9.46247673034668,1.8037962913513184,2.5808956623077393,1.1012434739324717
37,9.484014511108398,1.8050549030303955,2.579073190689087,1.1019899372244093
37,9.5055513381958,1.8062639236450195,2.577216148376465,1.1027242276576152
37,9.527087211608887,1.8074232339859009,2.5753250122070312,1.103445054419623
37,9.548624038696289,1.8085325956344604,2.5734004974365234,1.1041513558481837
37,9.570159912109375,1.8095917701721191,2.5714428424835205,1.1048418437076528
37,9.591695785522461,1.8106003999710083,2.5694527626037598,1.105514767713013
37,9.613229751586914,1.811558485031128,2.5674307346343994,1.106168961034915
37,9.634763717651367,1.8124656677246094,2.5653772354125977,1.1068031299342804
37,9.656296730041504,1.813321828842163,2.563292980194092,1.10742679402797
37,9.677828788757324,1.8141268491744995,2.561178207397461,1.1080306216745395
37,9.699359893798828,1.81488037109375,2.5590336322784424,1.1086109849807209
37,9.720890045166016,1.815582513809204,2.5568597316741943,1.109166110382249
37,9.74241828918457,1.8162329196929932,2.554656744003296,1.109695616299699
37,9.763945579528809,1.8168317079544067,2.5524256229400635,1.1101984060315924
37,9.785470962524414,1.8173787593841553,2.550166368484497,1.1106734976453314
37,9.806994438171387,1.8178739547729492,2.547879457473755,1.1111202653678893
37,9.828516960144043,1.8183172941207886,2.545565605163574,1.111537723108296
37,9.850037574768066,1.8187086582183838,2.5432252883911133,1.111925114145445
37,9.87155532836914,1.8190481662750244,2.540858745574951,1.1122795978355673
37,9.893071174621582,1.819335699081421,2.538466453552246,1.1126106770175141
37,9.91458511352539,1.8195714950561523,2.5360491275787354,1.1129139156794428
37,9.936097145080566,1.8197554349899292,2.533607006072998,1.1131837944850453
37,9.957606315612793,1.8198877573013306,2.5311410427093506,1.1134197371111105
37,9.979113578796387,1.8199684619903564,2.528650999069214,1.1136215149727546
37,10.000617980957031,1.8199976682662964,2.5261380672454834,1.1137884259315805
37,10.02211856842041,1.8199756145477295,2.52360200881958,1.1139177128562774
37,10.043617248535156,1.8199025392532349,2.521043539047241,1.1140106503160132
37,10.06511402130127,1.8197784423828125,2.518463134765625,1.1140674235995718
37,10.086606979370117,1.8196038007736206,2.5158610343933105,1.1140879578910892
37,10.108097076416016,1.8193787336349487,2.513237953186035,1.1140806391647775
37,10.129583358764648,1.8191035985946655,2.510594606399536,1.1140408204400138
37,10.151074409484863,1.81877863407135,2.507930040359497,1.1139641275428351
37,10.172632217407227,1.8184027671813965,2.505237340927124,1.1138474829731002
37,10.194186210632324,1.8179774284362793,2.5025253295898438,1.1136918883766682
37,10.216058731079102,1.8174954652786255,2.499753475189209,1.1134945378589136
37,10.238825798034668,1.8169405460357666,2.496847629547119,1.1132486973414342
37,10.263288497924805,1.8162851333618164,2.4937031269073486,1.1129404310372786
37,10.28774642944336,1.8155696392059326,2.490536689758301,1.1125736979777232
37,10.314416885375977,1.8147224187850952,2.4870593547821045,1.1121457701612638
37,10.343045234680176,1.8137367963790894,2.4832992553710938,1.1116280969570653
37,10.37166690826416,1.8126733303070068,2.479512929916382,1.1110453365089326
37,10.401444435119629,1.8114855289459229,2.4755454063415527,1.110394628374861
37,10.431654930114746,1.8101966381072998,2.471492052078247,1.1096457152977854
37,10.461858749389648,1.8088245391845703,2.467411518096924,1.1088473922098976
37,10.492154121398926,1.8073666095733643,2.463292360305786,1.1079905038746136
37,10.522441864013672,1.8058282136917114,2.459148645401001,1.1070694649468855
37,10.552732467651367,1.804211139678955,2.4549803733825684,1.1061060370436322
37,10.583015441894531,1.8025178909301758,2.4507899284362793,1.1050561174805043
37,10.61329174041748,1.8007498979568481,2.44657826423645,1.1039582101169767
37,10.643560409545898,1.7989097833633423,2.4423465728759766,1.1027725581537076
37,10.673821449279785,1.7969990968704224,2.438095808029175,1.1014941106216671
37,10.704076766967773,1.795020580291748,2.4338269233703613,1.1001875178093639
37,10.734325408935547,1.7929767370224,2.42954158782959,1.0987966443754242
37,10.764566421508789,1.7908693552017212,2.4252402782440186,1.0973567125119859
37,10.79480266571045,1.7887016534805298,2.420924425125122,1.0958667615243132
37,10.825031280517578,1.786475419998169,2.4165947437286377,1.094293998233701
37,10.855254173278809,1.7841933965682983,2.4122519493103027,1.0927003384682965
37,10.88547134399414,1.7818589210510254,2.40789794921875,1.0910307017391545
37,10.915682792663574,1.7794740200042725,2.4035329818725586,1.0893107195233231
37,10.945890426635742,1.7770421504974365,2.399158000946045,1.087546689943727
37,10.976091384887695,1.774565577507019,2.3947737216949463,1.0856795131823147
37,11.006288528442383,1.7720470428466797,2.390380382537842,1.0837240260093806
37,11.036480903625488,1.7694900035858154,2.385978937149048,1.0817016283875702
37,11.066669464111328,1.7668970823287964,2.3815701007843018,1.0796277828019942
37,11.096854209899902,1.764271855354309,2.3771541118621826,1.077515255301761
37,11.127035140991211,1.761616587638855,2.3727309703826904,1.0753079288489518
37,11.157212257385254,1.758934497833252,2.3683013916015625,1.073075969195947
37,11.187387466430664,1.7562285661697388,2.3638646602630615,1.070770870000124
37,11.217559814453125,1.7535014152526855,2.359421730041504,1.068422917324384
37,11.247730255126953,1.7507562637329102,2.3549718856811523,1.066041325767042
37,11.277898788452148,1.7479956150054932,2.350515365600586,1.0634946490745485
37,11.308073043823242,1.7452213764190674,2.3460500240325928,1.0608986412446668
37,11.338269233703613,1.7424349784851074,2.3415732383728027,1.0582168520916555
37,11.368463516235352,1.7396403551101685,2.337088108062744,1.055474487701578
37,11.398720741271973,1.7368351221084595,2.3325846195220947,1.0526939180273824
37,11.428977012634277,1.7340278625488281,2.3280718326568604,1.049797124006301
37,11.459368705749512,1.7312086820602417,2.323528289794922,1.04684205636289
37,11.490006446838379,1.72837233543396,2.318936824798584,1.043729421555235
37,11.52064323425293,1.7255433797836304,2.314333438873291,1.0405095463330196
37,11.556510925292969,1.7222404479980469,2.308927297592163,1.0364351708545616
37,11.621493339538574,1.716286540031433,2.2990870475769043,1.0288803016225678
37,11.686471939086914,1.710388422012329,2.2891857624053955,1.0213048227807757
37,11.757206916809082,1.7040482759475708,2.278336763381958,1.0124377039046244
37,11.885046005249023,1.692778468132019,2.258681058883667,0.994613522084367
37,12.012917518615723,1.6817543506622314,2.23909330368042,0.9777510460432433
37,12.132987976074219,1.6716744899749756,2.2211718559265137,0.9628150017404141
37,12.237472534179688,1.6631468534469604,2.20625638961792,0.95096558937318
38,0.723703145980835,-0.901350200176239,1.6544725894927979,1.007074634342685
38,0.8421528935432434,-0.9013877511024475,1.6634149551391602,1.0124993064116594
38,0.9605364203453064,-0.9014236330986023,1.6732020378112793,1.0189127577536001
38,1.081031322479248,-0.9014595150947571,1.6832201480865479,1.0254354556065604
38,1.2026207447052002,-0.9015004634857178,1.6924062967300415,1.0318130647725197
38,1.3243200778961182,-0.9015514850616455,1.6999740600585938,1.0379676521197672
38,1.4465523958206177,-0.9016247391700745,1.704735279083252,1.044438667837019
38,1.5688683986663818,-0.9017308354377747,1.705942988395691,1.0491507445076533
38,1.6912691593170166,-0.901881217956543,1.7029268741607666,1.0536854918227614
38,1.813513159751892,-0.9020847678184509,1.6956007480621338,1.0568671147383617
38,1.916628360748291,-0.902300238609314,1.6861698627471924,1.0579976748587268
38,2.0382606983184814,-0.9026051759719849,1.6718730926513672,1.0586240390083252
38,2.159524440765381,-0.9029589295387268,1.654712438583374,1.0565937088146768
38,2.280465602874756,-0.903353214263916,1.6354070901870728,1.0543082104928443
38,2.4011313915252686,-0.9037770628929138,1.614445447921753,1.051009864707991
38,2.521533966064453,-0.904222846031189,1.5920213460922241,1.047681895255026
38,2.6416540145874023,-0.9046787619590759,1.568129539489746,1.0448661468831992
38,2.761415481567383,-0.9051339626312256,1.5425050258636475,1.0414818720023442
38,2.8807084560394287,-0.9055721759796143,1.514782428741455,1.0396544751111503
38,2.9993269443511963,-0.9059607982635498,1.4843087196350098,1.0386218318657372
38,3.1170337200164795,-0.9062609076499939,1.4504910707473755,1.037869540580851
38,3.233417510986328,-0.9064048528671265,1.4123722314834595,1.043659761740701
38,3.3481760025024414,-0.9063342809677124,1.3696163892745972,1.0484007196897942
38,3.460890531539917,-0.9059816598892212,1.3217332363128662,1.0666317299390238
38,3.5719716548919678,-0.9053220748901367,1.2701606750488281,1.0868615571173195
38,3.6818788051605225,-0.9042379260063171,1.2161331176757812,1.1222776732035957
38,3.7924182415008545,-0.9025620222091675,1.1634782552719116,1.1603229476228858
38,3.846688747406006,-0.901454508304596,1.1388717889785767,1.1844625880513076
38,3.9125049114227295,-0.8998233675956726,1.1113495826721191,1.2086557687928359
38,4.028021335601807,-0.8961955904960632,1.0716527700424194,1.2575669859774812
38,4.1154022216796875,-0.8930385112762451,1.0483933687210083,1.290251961525848
38,4.195626258850098,-0.8904252052307129,1.0318610668182373,1.3130653578598925
38,4.261186122894287,-0.8886650204658508,1.02146577835083,1.323463722424986
38,4.378456115722656,-0.8876910209655762,1.0096924304962158,1.316184481968662
38,4.435850143432617,-0.888393759727478,1.0071974992752075,1.3092959823933092
38,4.547085762023926,-0.8923792243003845,1.0127614736557007,1.2802308217470504
38,4.655888080596924,-0.9005081653594971,1.035266399383545,1.2249455493842931
38,4.750058174133301,-0.9120125770568848,1.075119137763977,1.157046231268943
38,4.805448055267334,-0.9211032390594482,1.109578251838684,1.1034508523411672
38,4.878551483154297,-0.9352094531059265,1.168785810470581,1.0450294164227105
38,4.907923221588135,-0.9411686062812805,1.1957391500473022,1.0219560118297772
38,4.973529815673828,-0.953445553779602,1.2560979127883911,0.9834781684906201
38,4.9965949058532715,-0.9572643041610718,1.27644681930542,0.9800506588777615
38,5.064739227294922,-0.9668359756469727,1.3305408954620361,0.9643284224486796
38,5.106132507324219,-0.9715890288352966,1.3591290712356567,0.967843348985852
38,5.180511951446533,-0.9786179661750793,1.403207778930664,0.9755387226302609
38,5.258191108703613,-0.9845219850540161,1.4413819313049316,0.9833715861809926
38,5.338010787963867,-0.9897037744522095,1.4745864868164062,0.9930817470222018
38,5.419378280639648,-0.9945053458213806,1.5039000511169434,0.9990113720866478
38,5.502439498901367,-0.9991954565048218,1.5301634073257446,1.002000236963441
38,5.587791919708252,-1.0039901733398438,1.554033637046814,1.002974452071434
38,5.672224044799805,-1.0088543891906738,1.5750455856323242,1.0023475511922386
38,5.75865364074707,-1.0141059160232544,1.5942833423614502,0.9998049865770922
38,5.848286151885986,-1.0199941396713257,1.6121346950531006,0.995443402955074
38,5.942142486572266,-1.0268030166625977,1.628758192062378,0.9893832221656103
38,6.040000915527344,-1.03480064868927,1.6439292430877686,0.9819193670478363
38,6.141103744506836,-1.0442800521850586,1.6572613716125488,0.9735920488289727
38,6.243458271026611,-1.05543851852417,1.6682243347167969,0.9658567068910905
38,6.345979690551758,-1.0684810876846313,1.6765038967132568,0.9603621502372295
38,6.450348854064941,-1.083959698677063,1.6820470094680786,0.9591705196496477
38,6.5536088943481445,-1.1017018556594849,1.6846916675567627,0.9633403992708985
38,6.610960006713867,-1.11272132396698,1.6848219633102417,0.9698051065249557
38,6.637938976287842,-1.1181752681732178,1.6845684051513672,0.973510244768548
38,6.664748191833496,-1.1237611770629883,1.684128999710083,0.9776347622319254
38,6.691491603851318,-1.1295037269592285,1.6835026741027832,0.9822288188655497
38,6.718075275421143,-1.1353756189346313,1.6827027797698975,0.9872568002994907
38,6.7442522048950195,-1.1413140296936035,1.6817514896392822,0.9926964728760117
38,6.7699456214904785,-1.1472911834716797,1.6806689500808716,0.9984670917849466
38,6.795614242553711,-1.1534028053283691,1.6794532537460327,1.004590019402811
38,6.821197509765625,-1.1596298217773438,1.67811918258667,1.0110432289638123
38,6.846749305725098,-1.1659812927246094,1.6766778230667114,1.017762252059136
38,6.872262954711914,-1.1724505424499512,1.6751455068588257,1.0246437255625973
38,6.897735118865967,-1.1790294647216797,1.6735390424728394,1.03145720271991
38,6.923128604888916,-1.1856999397277832,1.6718783378601074,1.0380946153776103
38,6.94849157333374,-1.1924660205841064,1.6701767444610596,1.04461804404051
38,6.973842620849609,-1.1993250846862793,1.6684473752975464,1.0510330174254505
38,6.999178886413574,-1.2062702178955078,1.666704535484314,1.0572685314349093
38,7.024444580078125,-1.2132835388183594,1.6649668216705322,1.063423283548425
38,7.049690246582031,-1.2203750610351562,1.6632426977157593,1.069509163896372
38,7.0749125480651855,-1.2275395393371582,1.661543369293213,1.0754864170935405
38,7.1000590324401855,-1.2347627878189087,1.6598870754241943,1.0812620448752561
38,7.125176906585693,-1.2420566082000732,1.6582825183868408,1.0868728491757762
38,7.150242805480957,-1.2494096755981445,1.6567400693893433,1.0922907656884042
38,7.1752729415893555,-1.2568262815475464,1.6552702188491821,1.097307490143161
38,7.200219631195068,-1.264294147491455,1.6538891792297363,1.1019716552265917
38,7.225125789642334,-1.2718209028244019,1.652599573135376,1.1062729133470546
38,7.249988079071045,-1.2794016599655151,1.6514071226119995,1.1100115657227272
38,7.274758815765381,-1.2870277166366577,1.650328278541565,1.1130926346226273
38,7.299479961395264,-1.294708251953125,1.6493641138076782,1.1155526918674992
38,7.324149131774902,-1.3024377822875977,1.648514986038208,1.117205024832387
38,7.348715782165527,-1.3102086782455444,1.6477959156036377,1.1177574516314446
38,7.373222351074219,-1.3180358409881592,1.6472103595733643,1.1172849939920748
38,7.397664546966553,-1.3259168863296509,1.6467596292495728,1.1156141750828101
38,7.421989440917969,-1.3338478803634644,1.6464614868164062,1.1122668054410831
38,7.446237087249756,-1.341854214668274,1.6463335752487183,1.1074616463045026
38,7.470399379730225,-1.3499428033828735,1.6463960409164429,1.1010776660784085
38,7.494462490081787,-1.3581395149230957,1.646697759628296,1.092376840686227
38,7.518369674682617,-1.3664889335632324,1.6473170518875122,1.087165321184425
38,7.542920112609863,-1.3753595352172852,1.648349642753601,1.0855988635052731
38,7.56725549697876,-1.38448965549469,1.6496250629425049,1.0780279377608777
38,7.590728759765625,-1.3934208154678345,1.6506317853927612,1.0526038821909653
38,7.614231586456299,-1.4021340608596802,1.6508787870407104,1.0206034020138304
38,7.637881755828857,-1.410425066947937,1.6503067016601562,1.006515859600431
38,7.661497116088867,-1.4182583093643188,1.649709939956665,1.0232591825368604
38,7.685110569000244,-1.4259639978408813,1.6502318382263184,1.0586462955466496
38,7.708524227142334,-1.4336286783218384,1.6523147821426392,1.092583871985866
38,7.729319095611572,-1.4404006004333496,1.6551916599273682,1.11283018613273
38,7.749397277832031,-1.4468499422073364,1.6585240364074707,1.1261818358714049
38,7.772511959075928,-1.4541399478912354,1.6626527309417725,1.133559855672877
38,7.795528888702393,-1.4612677097320557,1.6668875217437744,1.1370728502228777
38,7.818525314331055,-1.4682763814926147,1.6711820363998413,1.1384618469308658
38,7.84148645401001,-1.475172519683838,1.6755142211914062,1.1384699352322618
38,7.864346981048584,-1.481933355331421,1.6798698902130127,1.1366069634036917
38,7.887172222137451,-1.4885705709457397,1.6842669248580933,1.133928165556494
38,7.9099602699279785,-1.4950752258300781,1.6887136697769165,1.1306801895646188
38,7.93272066116333,-1.5014359951019287,1.6932231187820435,1.1269669141899972
38,7.955376148223877,-1.5076167583465576,1.6977957487106323,1.122660254617177
38,7.977992057800293,-1.513623595237732,1.7024575471878052,1.1184921479519145
38,8.000565528869629,-1.519445538520813,1.7072194814682007,1.1146152707882562
38,8.023094177246094,-1.525071620941162,1.7120890617370605,1.1111350613207858
38,8.045522689819336,-1.5304734706878662,1.7170543670654297,1.1074990417605253
38,8.06790828704834,-1.5356568098068237,1.7221237421035767,1.104222845143707
38,8.090250968933105,-1.5406163930892944,1.7272891998291016,1.1012474655066702
38,8.112549781799316,-1.5453490018844604,1.7325385808944702,1.098485909693748
38,8.134808540344238,-1.549851655960083,1.737854242324829,1.0959174891008876
38,8.157035827636719,-1.5541191101074219,1.7432130575180054,1.0929453351215384
38,8.179169654846191,-1.5581377744674683,1.7485744953155518,1.0899132867634844
38,8.201220512390137,-1.5619111061096191,1.7539173364639282,1.0867907197999003
38,8.223259925842285,-1.5654524564743042,1.7592358589172363,1.0835479754791872
38,8.245291709899902,-1.5687603950500488,1.7645066976547241,1.0803700165531596
38,8.267322540283203,-1.5718333721160889,1.7697083950042725,1.0771228718891088
38,8.289351463317871,-1.5746703147888184,1.77482271194458,1.0738293459664219
38,8.311378479003906,-1.5772697925567627,1.7798328399658203,1.0703698624254665
38,8.333353042602539,-1.579625129699707,1.7847124338150024,1.0670220969782027
38,8.355327606201172,-1.5817421674728394,1.7894610166549683,1.064064514611517
38,8.377305030822754,-1.5836195945739746,1.7940677404403687,1.0614440142347863
38,8.39927864074707,-1.5852584838867188,1.7985262870788574,1.0591862458523746
38,8.421247482299805,-1.5866612195968628,1.8028318881988525,1.0573310299297427
38,8.443258285522461,-1.5878345966339111,1.8069889545440674,1.0558812511029037
38,8.465258598327637,-1.588780164718628,1.810983657836914,1.0548320625748797
38,8.4872465133667,-1.5895034074783325,1.8148128986358643,1.054303512135471
38,8.509220123291016,-1.5900102853775024,1.8184734582901,1.0541909130135343
38,8.53117561340332,-1.5903079509735107,1.8219642639160156,1.0543833292823963
38,8.553110122680664,-1.5904040336608887,1.8252851963043213,1.0548354449261554
38,8.575020790100098,-1.5903067588806152,1.8284366130828857,1.055496505915212
38,8.596905708312988,-1.590024709701538,1.8314189910888672,1.0563143033427382
38,8.61876106262207,-1.589566707611084,1.8342325687408447,1.0572367956662705
38,8.640586853027344,-1.5889414548873901,1.8368782997131348,1.058214894691695
38,8.662381172180176,-1.5881582498550415,1.839356780052185,1.059205564512434
38,8.68414306640625,-1.5872260332107544,1.8416682481765747,1.060251121854165
38,8.705869674682617,-1.586154580116272,1.843813180923462,1.0612157133135238
38,8.727560997009277,-1.5849536657333374,1.8457927703857422,1.0620730508685692
38,8.749216079711914,-1.5836336612701416,1.847607970237732,1.062783561206616
38,8.770875930786133,-1.5822021961212158,1.849263310432434,1.063325891190075
38,8.792499542236328,-1.5806726217269897,1.8507564067840576,1.0637035527762058
38,8.814085006713867,-1.5790566205978394,1.8520891666412354,1.0639124631998733
38,8.83564281463623,-1.577365756034851,1.8532640933990479,1.063953715028801
38,8.857198715209961,-1.5756101608276367,1.8542838096618652,1.0638304959827476
38,8.878755569458008,-1.57380211353302,1.8551502227783203,1.0635257187679474
38,8.900315284729004,-1.571954607963562,1.855864405632019,1.0630507390750388
38,8.92187786102295,-1.570080280303955,1.8564287424087524,1.0623737727927114
38,8.943442344665527,-1.5681918859481812,1.8568453788757324,1.0615533082401707
38,8.965007781982422,-1.5663013458251953,1.8571171760559082,1.06060871511003
38,8.986577033996582,-1.5644203424453735,1.85724675655365,1.0595566035240422
38,9.008147239685059,-1.5625592470169067,1.8572373390197754,1.0584152221244452
38,9.029719352722168,-1.5607272386550903,1.8570917844772339,1.0572044326538927
38,9.05129337310791,-1.5589320659637451,1.8568134307861328,1.0559448268437948
38,9.072869300842285,-1.5571801662445068,1.8564057350158691,1.054643458926668
38,9.094446182250977,-1.555476427078247,1.8558722734451294,1.0533354232287275
38,9.116024017333984,-1.5538243055343628,1.8552167415618896,1.0520487933675757
38,9.137601852416992,-1.552225947380066,1.8544434309005737,1.050797539338453
38,9.159178733825684,-1.550681710243225,1.853556513786316,1.0495921798973702
38,9.180754661560059,-1.5491911172866821,1.8525606393814087,1.0484318884535888
38,9.202329635620117,-1.5477522611618042,1.8514599800109863,1.0473230863998892
38,9.223902702331543,-1.546362042427063,1.8502593040466309,1.0462717136847608
38,9.245471954345703,-1.5450170040130615,1.8489632606506348,1.0452740835197065
38,9.26703929901123,-1.543712854385376,1.8475762605667114,1.0443267297199066
38,9.288601875305176,-1.5424449443817139,1.8461029529571533,1.0434212086742485
38,9.310161590576172,-1.541208267211914,1.8445475101470947,1.0425492527708218
38,9.331716537475586,-1.5399976968765259,1.8429139852523804,1.0417018759323482
38,9.353266716003418,-1.5388081073760986,1.8412063121795654,1.0408701504618554
38,9.374812126159668,-1.5376344919204712,1.839428186416626,1.0400449446340576
38,9.396352767944336,-1.5364720821380615,1.8375829458236694,1.0392107590079567
38,9.417887687683105,-1.5353165864944458,1.8356738090515137,1.0383665439320036
38,9.439417839050293,-1.5341635942459106,1.8337037563323975,1.037506975146227
38,9.460942268371582,-1.5330089330673218,1.83167564868927,1.0366272637915293
38,9.482460975646973,-1.5318490266799927,1.829591989517212,1.0357236462305306
38,9.503973960876465,-1.5306804180145264,1.8274551630020142,1.0347932055959908
38,9.525482177734375,-1.5295002460479736,1.8252673149108887,1.0338337090722185
38,9.54698371887207,-1.5283055305480957,1.823030710220337,1.0328350022920347
38,9.568479537963867,-1.5270938873291016,1.8207472562789917,1.0318030113606929
38,9.58996868133545,-1.5258631706237793,1.8184186220169067,1.0307385903030515
38,9.61145305633545,-1.524611234664917,1.8160467147827148,1.0296379428937659
38,9.632930755615234,-1.5233361721038818,1.8136332035064697,1.028494012504411
38,9.654402732849121,-1.5220366716384888,1.8111793994903564,1.0273150439140175
38,9.67586898803711,-1.5207111835479736,1.8086868524551392,1.0261031588586544
38,9.697328567504883,-1.5193583965301514,1.806157112121582,1.0248528303144837
38,9.718781471252441,-1.5179773569107056,1.8035913705825806,1.0235690881896415
38,9.740229606628418,-1.5165671110153198,1.8009907007217407,1.02225478854211
38,9.76167106628418,-1.5151267051696777,1.7983566522598267,1.0209106553904888
38,9.783105850219727,-1.5136553049087524,1.7956900596618652,1.0195374322052735
38,9.804535865783691,-1.5121525526046753,1.792992115020752,1.0181358878761604
38,9.825958251953125,-1.5106174945831299,1.7902638912200928,1.0167067992863519
38,9.847375869750977,-1.509049892425537,1.7875062227249146,1.0152403555353255
38,9.868786811828613,-1.5074492692947388,1.7847203016281128,1.0137454825954175
38,9.890192031860352,-1.5058151483535767,1.7819069623947144,1.012225086033817
38,9.911590576171875,-1.5041472911834717,1.7790669202804565,1.0106801432222858
38,9.932982444763184,-1.5024453401565552,1.7762011289596558,1.0091109871971895
38,9.95436954498291,-1.5007089376449585,1.7733105421066284,1.007518290075874
38,9.975749969482422,-1.498937726020813,1.7703956365585327,1.0058917619597612
38,9.997123718261719,-1.4971312284469604,1.767457365989685,1.0042292691673225
38,10.018491744995117,-1.4952892065048218,1.7644964456558228,1.0025415703284024
38,10.0398530960083,-1.4934115409851074,1.761513590812683,1.0008266161239192
38,10.061208724975586,-1.4914979934692383,1.7585097551345825,0.9990894261204031
38,10.082558631896973,-1.4895483255386353,1.7554855346679688,0.9973298032086623
38,10.103901863098145,-1.4875624179840088,1.7524420022964478,0.9955470525769526
38,10.125239372253418,-1.4855397939682007,1.7493799924850464,0.9937399135574334
38,10.146577835083008,-1.4834797382354736,1.746299386024475,0.9918961892212753
38,10.167909622192383,-1.4813822507858276,1.7432020902633667,0.9900167259225995
38,10.189305305480957,-1.4792401790618896,1.7400789260864258,0.9880917840301747
38,10.211013793945312,-1.4770270586013794,1.736893892288208,0.9860844330512847
38,10.233607292175293,-1.4746809005737305,1.73356294631958,0.983959659868464
38,10.257881164550781,-1.4721109867095947,1.7299675941467285,0.9816148119413136
38,10.282147407531738,-1.4694902896881104,1.7263578176498413,0.9792410155216867
38,10.308605194091797,-1.4665735960006714,1.7224065065383911,0.9766456788150006
38,10.337000846862793,-1.4633736610412598,1.7181501388549805,0.9737764054196508
38,10.365386962890625,-1.4601017236709595,1.7138816118240356,0.9708577147804744
38,10.394914627075195,-1.4566192626953125,1.7094306945800781,0.96775021359358
38,10.424430847167969,-1.453056812286377,1.7049736976623535,0.9645350891908896
38,10.454375267028809,-1.449358344078064,1.700448751449585,0.9612549098994428
38,10.484407424926758,-1.4455629587173462,1.6959125995635986,0.9578419293493958
38,10.514429092407227,-1.44168221950531,1.6913845539093018,0.9544086353334316
38,10.544451713562012,-1.4377158880233765,1.6868700981140137,0.9509295968948462
38,10.574467658996582,-1.4336661100387573,1.6823757886886597,0.9474016139576886
38,10.604475021362305,-1.429534673690796,1.6779083013534546,0.9438821438592735
38,10.634476661682129,-1.425323247909546,1.6734745502471924,0.9403035507488839
38,10.664472579956055,-1.4210325479507446,1.6690797805786133,0.936687789543697
38,10.694464683532715,-1.4166646003723145,1.6647323369979858,0.9330371511838201
38,10.72445297241211,-1.412221074104309,1.660438060760498,0.929305552778411
38,10.754439353942871,-1.4077045917510986,1.6562044620513916,0.9255719573857508
38,10.784424781799316,-1.4031182527542114,1.6520395278930664,0.9217828607969462
38,10.814410209655762,-1.398464322090149,1.6479496955871582,0.9179815341942773
38,10.84439754486084,-1.3937476873397827,1.643945336341858,0.914162317206026
38,10.874387741088867,-1.3889715671539307,1.6400336027145386,0.910317202944285
38,10.904380798339844,-1.3841413259506226,1.6362234354019165,0.9064657255620698
38,10.934381484985352,-1.3792630434036255,1.6325243711471558,0.902602328099126
38,10.964388847351074,-1.3743411302566528,1.628943681716919,0.8987533052380535
38,10.994405746459961,-1.369383454322815,1.6254920959472656,0.8949226799150688
38,11.024433135986328,-1.3643958568572998,1.6221776008605957,0.891116318161857
38,11.054472923278809,-1.3593857288360596,1.619009256362915,0.8873343184750784
38,11.084525108337402,-1.3543612957000732,1.6159957647323608,0.8835930976001938
38,11.114592552185059,-1.3493291139602661,1.6131445169448853,0.8798904337351587
38,11.144676208496094,-1.344300389289856,1.6104657649993896,0.8762457024190534
38,11.174777030944824,-1.3392826318740845,1.6079663038253784,0.8726775370473254
38,11.204896926879883,-1.3342853784561157,1.6056536436080933,0.8691525444358977
38,11.235037803649902,-1.3293181657791138,1.6035348176956177,0.8657187092315946
38,11.26519775390625,-1.3243893384933472,1.6016154289245605,0.8623553243024213
38,11.29538631439209,-1.3195092678070068,1.5999019145965576,0.8590818867970587
38,11.32559585571289,-1.3146882057189941,1.5983989238739014,0.855925220330455
38,11.355850219726562,-1.3099324703216553,1.5971100330352783,0.8528216621724741
38,11.386190414428711,-1.3052467107772827,1.5960372686386108,0.849827551269388
38,11.41655158996582,-1.3006497621536255,1.5951851606369019,0.8469239982868426
38,11.44707202911377,-1.2961336374282837,1.5945512056350708,0.8441155260617361
38,11.477611541748047,-1.2917289733886719,1.5941393375396729,0.8414244114972268
38,11.50841999053955,-1.2874107360839844,1.5939466953277588,0.8387877814902838
38,11.544509887695312,-1.2825064659118652,1.5939857959747314,0.8359153456560557
38,11.580621719360352,-1.2777745723724365,1.5943059921264648,0.8333273691677602
38,11.646097183227539,-1.2696189880371094,1.5954924821853638,0.828812799347953
38,11.711624145507812,-1.2620482444763184,1.5974546670913696,0.8247147182730464
38,11.78300666809082,-1.25449538230896,1.60041344165802,0.8206282920522163
38,11.91209888458252,-1.2427157163619995,1.6076116561889648,0.814177036308084
38,12.041269302368164,-1.2334630489349365,1.6168317794799805,0.8081047083134796
38,12.162516593933105,-1.2272311449050903,1.626797080039978,0.8028237865893382
38,12.280145645141602,-1.2234922647476196,1.6372497081756592,0.7979542871556855
39,0.14902527630329132,1.5985416173934937,2.563469886779785,1.0001518243286105
39,0.19059766829013824,1.5985475778579712,2.5638203620910645,1.0002874492721119
39,0.29715868830680847,1.5985684394836426,2.5651543140411377,1.0006810607210295
39,0.40370818972587585,1.5985990762710571,2.5672059059143066,1.0014248723398547
39,0.5145162343978882,1.5986448526382446,2.5702483654022217,1.0026742556521004
39,0.6297518014907837,1.5987166166305542,2.5743329524993896,1.0049486499640838
39,0.7449573874473572,1.5988167524337769,2.579195737838745,1.0080377616985623
39,0.8636226654052734,1.5989511013031006,2.5845816135406494,1.0115662546665847
39,0.9844112396240234,1.5991168022155762,2.590008497238159,1.015268675478944
39,1.1052194833755493,1.5993093252182007,2.594975471496582,1.018907352778236
39,1.2270923852920532,1.5995358228683472,2.5988917350769043,1.022578065320255
39,1.3490039110183716,1.59980046749115,2.6012790203094482,1.025554597269264
39,1.471329689025879,1.600114107131958,2.6015241146087646,1.028287201498316
39,1.593749761581421,1.600484848022461,2.599254846572876,1.0296516792812778
39,1.7160909175872803,1.6009178161621094,2.5943102836608887,1.0299235136600007
39,1.8383266925811768,1.6014188528060913,2.5867934226989746,1.0293294316440813
39,1.9604005813598633,1.6019885540008545,2.5769834518432617,1.0262268866853541
39,2.082310914993286,1.6026275157928467,2.5652740001678467,1.0224582380747325
39,2.2040791511535645,1.6033332347869873,2.55216383934021,1.0169801882087046
39,2.325721025466919,1.60410475730896,2.537930727005005,1.0105918311204518
39,2.4472713470458984,1.6049413681030273,2.5229382514953613,1.0036429783917424
39,2.568744421005249,1.6058456897735596,2.5073354244232178,0.9954647859682358
39,2.690155506134033,1.6068211793899536,2.491259813308716,0.9867942918094026
39,2.8115172386169434,1.607874870300293,2.4748237133026123,0.9771884496629196
39,2.9328365325927734,1.6090120077133179,2.4580814838409424,0.9664600868388564
39,3.0541269779205322,1.6102409362792969,2.441136598587036,0.9549799279489929
39,3.175398826599121,1.6115686893463135,2.4240663051605225,0.9415577353897573
39,3.296661853790283,1.6130023002624512,2.4069433212280273,0.9270628049513148
39,3.4179446697235107,1.6145509481430054,2.3899693489074707,0.910982926740951
39,3.5392706394195557,1.6162227392196655,2.373321294784546,0.8936354092284701
39,3.660689115524292,1.618030071258545,2.3573760986328125,0.8754372413608987
39,3.7822325229644775,1.6199896335601807,2.3426010608673096,0.8572971851376968
39,3.8767287731170654,1.6216267347335815,2.332209587097168,0.84334264731051
39,3.998408079147339,1.623904824256897,2.320810079574585,0.8274363446393721
39,4.120301723480225,1.626397728919983,2.312072992324829,0.8151180890676348
39,4.241289138793945,1.629109501838684,2.3066587448120117,0.8062601559773422
39,4.3623762130737305,1.632077693939209,2.304780960083008,0.8052099910690418
39,4.480212688446045,1.6352221965789795,2.3065013885498047,0.8083001039271287
39,4.591616153717041,1.638433814048767,2.3112266063690186,0.8159203682369444
39,4.70286226272583,1.6418731212615967,2.318713426589966,0.8281315102395819
39,4.805485248565674,1.6452540159225464,2.327756881713867,0.8415771088396968
39,4.900102615356445,1.648552417755127,2.337594747543335,0.8554891859888116
39,4.989437580108643,1.6518313884735107,2.347935676574707,0.8693982855049321
39,5.078672885894775,1.6552716493606567,2.3590590953826904,0.8834528320067315
39,5.16541862487793,1.6587785482406616,2.3704209327697754,0.8968279167740617
39,5.251333713531494,1.6624153852462769,2.3820314407348633,0.9095623816359064
39,5.337058067321777,1.6662129163742065,2.393836498260498,0.9216109265362824
39,5.4227447509765625,1.6701849699020386,2.4057528972625732,0.932911827432363
39,5.50841760635376,1.6743402481079102,2.4177052974700928,0.9434367557945675
39,5.594085216522217,1.6786881685256958,2.4296300411224365,0.9531634840708866
39,5.679752826690674,1.6832386255264282,2.441476345062256,0.9621602177164286
39,5.765425205230713,1.688002347946167,2.4532036781311035,0.970679017421669
39,5.851105690002441,1.6929935216903687,2.464771032333374,0.9786945669183673
39,5.936793804168701,1.698228359222412,2.476144790649414,0.9862495347006981
39,6.022481918334961,1.7037229537963867,2.487302303314209,0.9933718275173321
39,6.108148574829102,1.709492564201355,2.4982316493988037,1.0000896083629938
39,6.19390344619751,1.7155601978302002,2.5089454650878906,1.0064557868051038
39,6.279662609100342,1.7219349145889282,2.5194404125213623,1.0123249283236677
39,6.366211891174316,1.728696584701538,2.529813051223755,1.0178712811538353
39,6.452762126922607,1.7358072996139526,2.5399415493011475,1.0230889058021508
39,6.502563953399658,1.74005925655365,2.545630931854248,1.0264598660084103
39,6.525228023529053,1.7420345544815063,2.548184633255005,1.0277455776426154
39,6.54782772064209,1.744030237197876,2.5507099628448486,1.029001090229706
39,6.570504665374756,1.7460588216781616,2.55322265625,1.0302401449311944
39,6.593249320983887,1.7481203079223633,2.555722236633301,1.031463145593376
39,6.616077423095703,1.7502167224884033,2.5582101345062256,1.0326710872012097
39,6.638744831085205,1.7523258924484253,2.5606606006622314,1.0338513775536577
39,6.661498069763184,1.7544710636138916,2.563100576400757,1.03502090153727
39,6.684332847595215,1.756652593612671,2.5655298233032227,1.0361806280274781
39,6.707244873046875,1.7588709592819214,2.567948341369629,1.0373316929245255
39,6.730112075805664,1.7611147165298462,2.5703437328338623,1.038469890897721
39,6.753052234649658,1.76339590549469,2.5727286338806152,1.0396017426872497
39,6.776059627532959,1.7657148838043213,2.575103282928467,1.0407276790616182
39,6.799129486083984,1.7680717706680298,2.577467679977417,1.041847893255547
39,6.822256565093994,1.7704665660858154,2.5798215866088867,1.042962458669669
39,6.845435619354248,1.7728992700576782,2.582165479660034,1.0440713328196378
39,6.868661403656006,1.7753698825836182,2.5844991207122803,1.0451738934310064
39,6.8916916847229,1.7778524160385132,2.586799144744873,1.0462561329091227
39,6.914761066436768,1.7803717851638794,2.589089870452881,1.0473316549404377
39,6.937864780426025,1.782927393913269,2.591371536254883,1.0483989035416479
39,6.960966110229492,1.785515308380127,2.5936410427093506,1.0494641734311407
39,6.984057903289795,1.7881348133087158,2.595898389816284,1.0505345088337188
39,7.007175922393799,1.790790319442749,2.5981476306915283,1.051619108733982
39,7.030314922332764,1.7934823036193848,2.600388765335083,1.05272276468112
39,7.053471565246582,1.7962112426757812,2.6026217937469482,1.0538477448446673
39,7.0766448974609375,1.7989778518676758,2.6048474311828613,1.0549957931171994
39,7.099830150604248,1.801782488822937,2.6070656776428223,1.0561651006914519
39,7.122798442840576,1.8045976161956787,2.609254837036133,1.0573468096342584
39,7.145772933959961,1.8074506521224976,2.6114370822906494,1.0585573936483392
39,7.168748378753662,1.810341715812683,2.613612413406372,1.0598001040717209
39,7.191720962524414,1.8132708072662354,2.6157805919647217,1.0610791076866932
39,7.214686870574951,1.8162380456924438,2.6179416179656982,1.0624023632273125
39,7.237606525421143,1.8192387819290161,2.6200921535491943,1.0637711771385077
39,7.260520935058594,1.8222789764404297,2.622236490249634,1.0651946131402592
39,7.283421516418457,1.825358271598816,2.6243741512298584,1.06668292985085
39,7.306094646453857,1.828447699546814,2.6264851093292236,1.0681975624651794
39,7.328944683074951,1.8316024541854858,2.628607749938965,1.0697970901213232
39,7.35169792175293,1.834786057472229,2.630716562271118,1.071479503852333
39,7.374206066131592,1.8379778861999512,2.632798194885254,1.0732430781146332
39,7.396562576293945,1.8411905765533447,2.634861469268799,1.0750794192672035
39,7.419129371643066,1.8444762229919434,2.636939764022827,1.0770283260700948
39,7.441669940948486,1.8478014469146729,2.6390111446380615,1.0791015974564153
39,7.4641804695129395,1.8511658906936646,2.641075372695923,1.081284486544532
39,7.486627101898193,1.8545633554458618,2.6431288719177246,1.0835575735101375
39,7.508579730987549,1.8579286336898804,2.645132541656494,1.0860028033348235
39,7.530824661254883,1.8613805770874023,2.647157907485962,1.0885470840045866
39,7.55306339263916,1.864872932434082,2.649177074432373,1.091307927423796
39,7.575068950653076,1.8683687448501587,2.6511690616607666,1.094206378778978
39,7.597236633300781,1.8719292879104614,2.6531689167022705,1.0973289587752966
39,7.619380950927734,1.8755236864089966,2.6551589965820312,1.1006561188583968
39,7.641308307647705,1.8791178464889526,2.657121181488037,1.1041309190886033
39,7.66321325302124,1.8827406167984009,2.659072160720825,1.1078255736451725
39,7.685093879699707,1.8863884210586548,2.6610100269317627,1.111747550324634
39,7.706949234008789,1.890056848526001,2.662933111190796,1.115900380929052
39,7.7287774085998535,1.8937405347824097,2.664839506149292,1.1202820710570378
39,7.750577926635742,1.8974330425262451,2.6667263507843018,1.1248942376483815
39,7.772328853607178,1.9011231660842896,2.668588876724243,1.1297028309050705
39,7.793872833251953,1.9047764539718628,2.6704108715057373,1.1345741170850674
39,7.81539249420166,1.9084151983261108,2.6722049713134766,1.1395303371027716
39,7.836888790130615,1.9120289087295532,2.6739661693573,1.1444685765082072
39,7.858360290527344,1.9156080484390259,2.6756911277770996,1.1492317800182528
39,7.87980842590332,1.919144630432129,2.6773765087127686,1.1536215952507711
39,7.901230812072754,1.922635555267334,2.6790220737457275,1.1574332372037122
39,7.922625541687012,1.9260835647583008,2.680631399154663,1.1604163017332825
39,7.943949222564697,1.9294878244400024,2.682206869125366,1.1626509977197061
39,7.965278148651123,1.9328655004501343,2.6837592124938965,1.1644111438171405
39,7.986612796783447,1.93621826171875,2.6852915287017822,1.1658793975870134
39,8.007952690124512,1.939547061920166,2.6868038177490234,1.167197436672512
39,8.029296875,1.9428528547286987,2.68829607963562,1.168471924153863
39,8.050646781921387,1.9461371898651123,2.6897671222686768,1.1697802518810865
39,8.072000503540039,1.949400782585144,2.691215991973877,1.1711770378063264
39,8.09335994720459,1.9526432752609253,2.692640781402588,1.172658025274817
39,8.114724159240723,1.95586359500885,2.694040060043335,1.1742254709208442
39,8.136093139648438,1.9590601921081543,2.6954121589660645,1.1758661636595709
39,8.15746784210205,1.9622315168380737,2.6967556476593018,1.1775557901767078
39,8.178848266601562,1.9653757810592651,2.6980700492858887,1.1792648722107524
39,8.200235366821289,1.968491792678833,2.6993539333343506,1.1809600803138827
39,8.221628189086914,1.9715781211853027,2.7006068229675293,1.1825846611637594
39,8.243027687072754,1.974633812904358,2.7018284797668457,1.1841303047909262
39,8.264432907104492,1.9776581525802612,2.7030181884765625,1.1855166125553813
39,8.285843849182129,1.9806506633758545,2.7041754722595215,1.186793567809769
39,8.30726146697998,1.983610987663269,2.7052998542785645,1.1879734758765732
39,8.328685760498047,1.9865391254425049,2.7063910961151123,1.1890625201895868
39,8.350115776062012,1.9894354343414307,2.707448959350586,1.1900703946680482
39,8.371551513671875,1.9923001527786255,2.708472490310669,1.1909879046871485
39,8.392992973327637,1.9951337575912476,2.7094619274139404,1.19185257044985
39,8.414440155029297,1.9979366064071655,2.710416793823242,1.1926762154974486
39,8.435893058776855,2.000709056854248,2.711336374282837,1.1934471822660229
39,8.457350730895996,2.003450870513916,2.7122204303741455,1.1941325205719167
39,8.478814125061035,2.006162643432617,2.7130682468414307,1.1947993480593122
39,8.500282287597656,2.0088436603546143,2.7138795852661133,1.1954527288368282
39,8.521756172180176,2.0114941596984863,2.714653968811035,1.1960871858400461
39,8.543234825134277,2.014113664627075,2.715391159057617,1.1967139282878
39,8.564719200134277,2.0167019367218018,2.716090679168701,1.197334645842
39,8.58620834350586,2.0192582607269287,2.716752290725708,1.1979494401279727
39,8.607702255249023,2.021782398223877,2.7173752784729004,1.1985580495451706
39,8.62920093536377,2.024273633956909,2.7179596424102783,1.1991600812709917
39,8.650705337524414,2.0267322063446045,2.7185051441192627,1.1997030759362919
39,8.672213554382324,2.0291571617126465,2.719010829925537,1.2002111665473352
39,8.693726539611816,2.031548261642456,2.7194769382476807,1.2007106415351585
39,8.71524429321289,2.033905506134033,2.719902753829956,1.2012029253956624
39,8.736766815185547,2.036228656768799,2.7202885150909424,1.2016884886380783
39,8.758293151855469,2.038517475128174,2.7206339836120605,1.2021671764618826
39,8.779824256896973,2.040771961212158,2.7209386825561523,1.2026394953743922
39,8.801359176635742,2.0429916381835938,2.721202850341797,1.2031057790563267
39,8.822897911071777,2.0451769828796387,2.721426010131836,1.2035636610385654
39,8.844440460205078,2.0473272800445557,2.7216084003448486,1.2040151625014528
39,8.865986824035645,2.049443244934082,2.721750020980835,1.2044629387793804
39,8.887537002563477,2.0515241622924805,2.7218503952026367,1.2048637575629084
39,8.909090995788574,2.05357027053833,2.721909523010254,1.2052468037131474
39,8.930647850036621,2.055581569671631,2.7219274044036865,1.205628235520991
39,8.952208518981934,2.057558059692383,2.7219038009643555,1.2060081673691176
39,8.973772048950195,2.059499502182007,2.72183895111084,1.2063860680491019
39,8.995338439941406,2.061405897140503,2.7217328548431396,1.2067617630855145
39,9.01690673828125,2.063277244567871,2.721585512161255,1.2071369998906298
39,9.03847885131836,2.0651133060455322,2.7213969230651855,1.2075115192655663
39,9.060053825378418,2.0669140815734863,2.72116756439209,1.2078852934318485
39,9.08163070678711,2.0686795711517334,2.7208971977233887,1.208258180879924
39,9.103209495544434,2.0704097747802734,2.720585823059082,1.2086297947266313
39,9.124791145324707,2.0721046924591064,2.720233917236328,1.2089999741891988
39,9.146374702453613,2.073763847351074,2.719841480255127,1.2093673798717184
39,9.167959213256836,2.075387477874756,2.7194085121154785,1.2097226420563287
39,9.189546585083008,2.0769753456115723,2.718935489654541,1.2100445971046794
39,9.211135864257812,2.0785276889801025,2.7184219360351562,1.2103647579644614
39,9.232726097106934,2.0800442695617676,2.7178685665130615,1.2106828191261048
39,9.254317283630371,2.0815250873565674,2.717275381088257,1.2109979981399668
39,9.275910377502441,2.082969903945923,2.7166426181793213,1.2113099870486668
39,9.297505378723145,2.084378719329834,2.715970754623413,1.2116172815857957
39,9.319100379943848,2.085751533508301,2.715259552001953,1.2119196265312364
39,9.340696334838867,2.087088108062744,2.714509963989258,1.2122169242818648
39,9.36229419708252,2.088388681411743,2.713721752166748,1.2125084042984469
39,9.383892059326172,2.0896530151367188,2.712895393371582,1.2127929497869243
39,9.405489921569824,2.090880870819092,2.712031364440918,1.2130700019564717
39,9.427088737487793,2.0920724868774414,2.711129665374756,1.2133386429973816
39,9.448688507080078,2.0932273864746094,2.710191011428833,1.2135976316810573
39,9.470288276672363,2.094345808029175,2.7092154026031494,1.2138455153287673
39,9.491888046264648,2.0954277515411377,2.7082033157348633,1.2140824547412319
39,9.513487815856934,2.096472978591919,2.707155227661133,1.2143076500097814
39,9.535087585449219,2.0974817276000977,2.706071376800537,1.214520178797159
39,9.556687355041504,2.0984535217285156,2.7049520015716553,1.2147194729598267
39,9.578286170959473,2.099388599395752,2.7037975788116455,1.214904369159317
39,9.599885940551758,2.1002869606018066,2.702608585357666,1.2150675185576028
39,9.621484756469727,2.1011483669281006,2.701385259628296,1.2151987269144116
39,9.643083572387695,2.101973056793213,2.7001278400421143,1.215314158640495
39,9.664680480957031,2.1027607917785645,2.6988368034362793,1.2154127573591547
39,9.686278343200684,2.1035118103027344,2.697512626647949,1.2154938229405068
39,9.707874298095703,2.1042258739471436,2.696155548095703,1.2155566506424025
39,9.729469299316406,2.104903221130371,2.694766044616699,1.2156004177066817
39,9.75106430053711,2.105543851852417,2.693344831466675,1.2156244166736794
39,9.77265739440918,2.106147527694702,2.69189190864563,1.2156255724220422
39,9.794249534606934,2.1067144870758057,2.690408229827881,1.2156041053309745
39,9.815840721130371,2.1072447299957275,2.6888935565948486,1.215560552497373
39,9.837430000305176,2.107738494873047,2.6873488426208496,1.215494268338213
39,9.85901927947998,2.1081957817077637,2.685774326324463,1.2154042243857663
39,9.880605697631836,2.108616352081299,2.684170722961426,1.2152899253052487
39,9.902191162109375,2.1090006828308105,2.6825380325317383,1.215150753437554
39,9.923775672912598,2.109348773956299,2.680877208709717,1.2149845175908391
39,9.945358276367188,2.1096606254577637,2.6791884899139404,1.2147890434678175
39,9.966938972473145,2.109936475753784,2.6774723529815674,1.2145666723887163
39,9.988518714904785,2.1101765632629395,2.675729274749756,1.2143168948614709
39,10.010095596313477,2.1103808879852295,2.673959732055664,1.2140391898592466
39,10.031670570373535,2.1105496883392334,2.6721644401550293,1.2137330318137973
39,10.053244590759277,2.1106832027435303,2.6703433990478516,1.21339801079352
39,10.07481575012207,2.110781669616699,2.6684975624084473,1.2130334456492122
39,10.096385955810547,2.1108453273773193,2.6666271686553955,1.2126339138994209
39,10.117953300476074,2.1108741760253906,2.6647326946258545,1.2122036746503513
39,10.139518737792969,2.1108686923980713,2.6628150939941406,1.2117419579482316
39,10.161088943481445,2.1108291149139404,2.6608738899230957,1.2112467095550115
39,10.182727813720703,2.110755443572998,2.6589035987854004,1.2107145345895274
39,10.204687118530273,2.1106460094451904,2.65688157081604,1.2101386634482838
39,10.227545738220215,2.1104953289031982,2.654752731323242,1.2094989227807917
39,10.250402450561523,2.1103079319000244,2.6526007652282715,1.2088207371416169
39,10.27496337890625,2.1100664138793945,2.6502628326416016,1.2080637209328664
39,10.301746368408203,2.1097567081451416,2.6476850509643555,1.2072026768440316
39,10.328526496887207,2.1093997955322266,2.645078420639038,1.2062794388348088
39,10.35727596282959,2.1089649200439453,2.642249345779419,1.2052588127858221
39,10.387187004089355,2.1084563732147217,2.639272928237915,1.2041178413917772
39,10.417094230651855,2.107891321182251,2.6362648010253906,1.2029175969255543
39,10.447440147399902,2.1072616577148438,2.633180618286133,1.2016544219176883
39,10.477782249450684,2.1065757274627686,2.630066394805908,1.200292053449915
39,10.508218765258789,2.105832815170288,2.626912832260132,1.198890277751825
39,10.53866195678711,2.1050357818603516,2.6237306594848633,1.1974115747230916
39,10.569099426269531,2.1041860580444336,2.6205220222473145,1.1958690529594085
39,10.599534034729004,2.103285312652588,2.617288827896118,1.194291468362635
39,10.629963874816895,2.102334976196289,2.614032030105591,1.1926115844581646
39,10.66038990020752,2.10133695602417,2.610753297805786,1.1908994257001366
39,10.690813064575195,2.100292682647705,2.607454538345337,1.1891229201926448
39,10.721231460571289,2.0992038249969482,2.6041364669799805,1.187263799973429
39,10.751646995544434,2.098072052001953,2.6008009910583496,1.1853684768637727
39,10.782058715820312,2.0968997478485107,2.59744930267334,1.183382591997516
39,10.812468528747559,2.0956878662109375,2.5940825939178467,1.1813634540497795
39,10.842873573303223,2.0944390296936035,2.590702772140503,1.1792928645278014
39,10.873276710510254,2.0931546688079834,2.587311029434204,1.1771571155381075
39,10.903676986694336,2.091837167739868,2.583908796310425,1.1749959118367546
39,10.934075355529785,2.0904886722564697,2.5804977416992188,1.1727629570160472
39,10.964471817016602,2.0891106128692627,2.5770788192749023,1.1704972274689829
39,10.994865417480469,2.0877058506011963,2.5736539363861084,1.168194438792754
39,11.02525806427002,2.086275815963745,2.570223569869995,1.1658333568398114
39,11.055648803710938,2.0848228931427,2.566789388656616,1.1634522656436368
39,11.086037635803223,2.0833492279052734,2.5633528232574463,1.1610193559957986
39,11.116426467895508,2.0818567276000977,2.5599145889282227,1.15855802878703
39,11.14681339263916,2.080348014831543,2.556476354598999,1.1560723167259426
39,11.177200317382812,2.078824520111084,2.5530388355255127,1.1535392267396751
39,11.207587242126465,2.077288866043091,2.54960298538208,1.1509917636302867
39,11.237975120544434,2.0757429599761963,2.5461697578430176,1.1484093015002812
39,11.268362998962402,2.074188709259033,2.5427398681640625,1.1457893669678993
39,11.298759460449219,2.0726277828216553,2.539313316345215,1.143142570720585
39,11.329155921936035,2.0710625648498535,2.5358920097351074,1.1404659824401675
39,11.359578132629395,2.0694937705993652,2.53247332572937,1.137775460131072
39,11.39006519317627,2.0679216384887695,2.5290539264678955,1.1350520949180296
39,11.420553207397461,2.0663506984710693,2.525641441345215,1.132328090411695
39,11.451181411743164,2.06477689743042,2.522221088409424,1.1295911598775725
39,11.482060432434082,2.063196897506714,2.5187816619873047,1.12672779725125
39,11.512940406799316,2.0616259574890137,2.5153510570526123,1.1238498530857866
39,11.549095153808594,2.059798002243042,2.5113439559936523,1.120455151651798
39,11.585251808166504,2.057982921600342,2.507344961166382,1.117105606662986
39,11.65076732635498,2.054734468460083,2.5001180171966553,1.1111109624845663
39,11.716287612915039,2.051547050476074,2.492915391921997,1.1050731689379045
39,11.787623405456543,2.048154354095459,2.4850964546203613,1.0985428455516477
39,11.91655158996582,2.0422308444976807,2.4710025787353516,1.086692126941856
39,12.040640830993652,2.036803960800171,2.4574790000915527,1.075292939535135
40,1.0799784660339355,-0.18148702383041382,2.384582757949829,1.019843178067716
40,1.201809287071228,-0.18145164847373962,2.389647960662842,1.0241230476316217
40,1.3236912488937378,-0.18141494691371918,2.3932509422302246,1.027951851662913
40,1.446009874343872,-0.1813797503709793,2.394606351852417,1.031767699250199
40,1.5683281421661377,-0.18134884536266327,2.3933141231536865,1.033793792137091
40,1.6906942129135132,-0.18132510781288147,2.3890280723571777,1.035308606571242
40,1.8129491806030273,-0.18131080269813538,2.3818225860595703,1.0352305209829558
40,1.9350124597549438,-0.18130667507648468,2.3718719482421875,1.0331725133422274
40,2.056877851486206,-0.18131259083747864,2.3596935272216797,1.030264029884684
40,2.1785545349121094,-0.18132728338241577,2.3457424640655518,1.0248019330868547
40,2.3000640869140625,-0.18134966492652893,2.3304030895233154,1.0187411373796065
40,2.421442985534668,-0.18137794733047485,2.314061164855957,1.0116346741888018
40,2.542703151702881,-0.18141120672225952,2.2968575954437256,1.0033594067573162
40,2.663860559463501,-0.18144765496253967,2.278946876525879,0.9945109280354639
40,2.784918785095215,-0.18148492276668549,2.260376453399658,0.9839230607799869
40,2.9058752059936523,-0.18152089416980743,2.2411539554595947,0.972017750164613
40,3.0267269611358643,-0.18155093491077423,2.2212839126586914,0.9586118224552511
40,3.147465229034424,-0.1815711408853531,2.200735330581665,0.9419812898668389
40,3.2680864334106445,-0.18157348036766052,2.179511308670044,0.9233234436194231
40,3.3886070251464844,-0.18154336512088776,2.157722234725952,0.8997251810958067
40,3.5090394020080566,-0.18146491050720215,2.1354503631591797,0.8723273861089843
40,3.629451274871826,-0.18130449950695038,2.1130685806274414,0.8401683109383739
40,3.734863758087158,-0.1810697466135025,2.093759536743164,0.8095388715453713
40,3.8555638790130615,-0.18064193427562714,2.0731163024902344,0.7728537219840979
40,3.9765119552612305,-0.17999671399593353,2.055475950241089,0.7412912617281199
40,4.054200172424316,-0.17944562435150146,2.0465240478515625,0.7220413995922181
40,4.174985408782959,-0.1783834546804428,2.0374836921691895,0.7058452324006144
40,4.296083927154541,-0.17708970606327057,2.035269021987915,0.6994585029818587
40,4.413868427276611,-0.1757294088602066,2.039813756942749,0.7052181871330552
40,4.531274795532227,-0.17436857521533966,2.0503435134887695,0.7225299107820129
40,4.624390602111816,-0.1733579784631729,2.0622169971466064,0.7398285352142523
40,4.7262654304504395,-0.17235295474529266,2.0778706073760986,0.7630192828687649
40,4.827816963195801,-0.1714581847190857,2.0955142974853516,0.7867782518495344
40,4.9214043617248535,-0.17070919275283813,2.1128664016723633,0.8078659085376375
40,5.009788990020752,-0.1700385957956314,2.1297850608825684,0.8260861377177909
40,5.095742702484131,-0.16938968002796173,2.146451473236084,0.8414539702365572
40,5.181681156158447,-0.16871508955955505,2.163196325302124,0.8541282510763188
40,5.266852378845215,-0.1679919809103012,2.1797711849212646,0.8642244592450504
40,5.3519606590271,-0.16718024015426636,2.1962575912475586,0.8717648782108167
40,5.439408302307129,-0.1662045419216156,2.213085412979126,0.8770490353719218
40,5.530383586883545,-0.16496652364730835,2.230438709259033,0.8801248724806611
40,5.624581813812256,-0.1633642166852951,2.2482502460479736,0.8801168476294402
40,5.718791961669922,-0.16134341061115265,2.265958786010742,0.8774242442753984
40,5.812991142272949,-0.158776193857193,2.2836527824401855,0.8726331967326642
40,5.912590503692627,-0.15522967278957367,2.302497625350952,0.865290794367038
40,6.013693332672119,-0.15036606788635254,2.322024345397949,0.8540412016895387
40,6.102868556976318,-0.14465147256851196,2.3398475646972656,0.8417027129710243
40,6.184238433837891,-0.13779029250144958,2.3569555282592773,0.8308545160572081
40,6.284900188446045,-0.12619519233703613,2.3799941539764404,0.8182727425970081
40,6.329606533050537,-0.11972460150718689,2.3911261558532715,0.8153242966393924
40,6.369590759277344,-0.11298289149999619,2.4017856121063232,0.8158223862834124
40,6.467346668243408,-0.09256178885698318,2.4309027194976807,0.8294765980735268
40,6.560056686401367,-0.0691022202372551,2.4639732837677,0.871255430849875
40,6.650710105895996,-0.044316619634628296,2.5014965534210205,0.9393567555674882
40,6.692535400390625,-0.03349883854389191,2.520341634750366,0.9719428544974698
40,6.722965240478516,-0.02601727284491062,2.5343027114868164,1.0017464128496758
40,6.788715362548828,-0.01176647562533617,2.5646512508392334,1.0653345138360728
40,6.840342044830322,-0.003023109631612897,2.588174343109131,1.11422469075026
40,6.862693786621094,-3.6952318623661995e-05,2.5981850624084473,1.1353229414453325
40,6.884950637817383,0.0024212475400418043,2.6079986095428467,1.1543301637386223
40,6.907347202301025,0.004364639054983854,2.6176838874816895,1.1732722650671876
40,6.92972993850708,0.0057731373235583305,2.627114772796631,1.1913561438845026
40,6.9521708488464355,0.006637792568653822,2.636298179626465,1.2083279254949677
40,6.974578380584717,0.0069587514735758305,2.6451454162597656,1.2251203185964097
40,6.997105598449707,0.006742240861058235,2.6536865234375,1.2391144886894396
40,7.0197224617004395,0.00597977451980114,2.6618893146514893,1.2526142045156028
40,7.042301177978516,0.0046910811215639114,2.6696584224700928,1.265379356786093
40,7.064963340759277,0.002864889334887266,2.6770293712615967,1.2759423444808597
40,7.087557315826416,0.0005207051290199161,2.6839354038238525,1.285159430970787
40,7.110226631164551,-0.0023333008866757154,2.690387487411499,1.2934836213124088
40,7.132948398590088,-0.005704765673726797,2.696368932723999,1.2993583420564616
40,7.1555585861206055,-0.009568518027663231,2.7018330097198486,1.304451067930333
40,7.17804479598999,-0.013893431052565575,2.706761598587036,1.3088372492134335
40,7.200395107269287,-0.018649335950613022,2.711141347885132,1.311963278868349
40,7.222901344299316,-0.023905092850327492,2.7150299549102783,1.3128535349277455
40,7.245330333709717,-0.02960878424346447,2.7183799743652344,1.3127246335488525
40,7.267542839050293,-0.03570609912276268,2.7211573123931885,1.3118341162952076
40,7.289474010467529,-0.042151451110839844,2.7233598232269287,1.3103819209863916
40,7.311190128326416,-0.04893934726715088,2.725005865097046,1.3083448021793462
40,7.332822799682617,-0.05609474703669548,2.726104974746704,1.3050442068808004
40,7.354268550872803,-0.06356839090585709,2.7266480922698975,1.301399441219265
40,7.3754706382751465,-0.07132889330387115,2.7266414165496826,1.2973245247311993
40,7.396595478057861,-0.0794328823685646,2.726086139678955,1.292707017922272
40,7.417510986328125,-0.08780797570943832,2.724980115890503,1.2878595272243065
40,7.438275337219238,-0.09646304696798325,2.7233195304870605,1.282975820305776
40,7.458779811859131,-0.10533548146486282,2.7211124897003174,1.2779377108434407
40,7.4791717529296875,-0.11446075141429901,2.7183406352996826,1.2725763387802256
40,7.499388694763184,-0.12380269914865494,2.715005874633789,1.2673934252084988
40,7.5194220542907715,-0.13333062827587128,2.711106538772583,1.26156965462371
40,7.539276599884033,-0.1430114060640335,2.7066385746002197,1.2558499068827476
40,7.558937072753906,-0.15280722081661224,2.7015998363494873,1.250089976795092
40,7.5784125328063965,-0.16267602145671844,2.6959903240203857,1.243524604818258
40,7.597709655761719,-0.17257750034332275,2.689805507659912,1.2368342051521015
40,7.616822719573975,-0.182463601231575,2.683044672012329,1.2281367818760283
40,7.635776996612549,-0.1923229694366455,2.6756844520568848,1.217084000890319
40,7.654534339904785,-0.20209631323814392,2.6677229404449463,1.204584830383548
40,7.673089027404785,-0.21174031496047974,2.65915846824646,1.1900855445537966
40,7.691431045532227,-0.22122448682785034,2.649974822998047,1.1723120864825525
40,7.7095255851745605,-0.23052909970283508,2.6401383876800537,1.150802828965339
40,7.727347373962402,-0.23963463306427002,2.629639148712158,1.1275364501239882
40,7.7448506355285645,-0.2485286295413971,2.6184468269348145,1.1002546500262005
40,7.761966228485107,-0.2572167217731476,2.6065175533294678,1.0715470116730612
40,7.778620719909668,-0.2657165825366974,2.593825101852417,1.0408863048363781
40,7.794679164886475,-0.27407583594322205,2.5802993774414062,1.0113510777789727
40,7.8099684715271,-0.2823978662490845,2.565889835357666,0.9854096715132286
40,7.824235916137695,-0.29081228375434875,2.5505199432373047,0.968551903628409
40,7.8372087478637695,-0.29946017265319824,2.534166097640991,0.9623298712692865
40,7.84855842590332,-0.3084350824356079,2.5168139934539795,0.9703247942774762
40,7.858085632324219,-0.31769463419914246,2.4985404014587402,0.9885479399240366
40,7.865761756896973,-0.32706862688064575,2.4794700145721436,1.0099029612263333
40,7.871657371520996,-0.33634036779403687,2.4597268104553223,1.0321758118388504
40,7.875907897949219,-0.34533244371414185,2.4394381046295166,1.0533295248962429
40,7.878664970397949,-0.3538779020309448,2.4187026023864746,1.0656577118143835
40,7.880061626434326,-0.3617975413799286,2.397585391998291,1.0697110079221448
40,7.880161285400391,-0.36899274587631226,2.3761651515960693,1.0702302746902579
40,7.879007339477539,-0.3753818869590759,2.3545212745666504,1.0680520288056627
40,7.876621246337891,-0.3809111714363098,2.3327417373657227,1.064998035509472
40,7.873027324676514,-0.38557150959968567,2.310925006866455,1.0625674344761409
40,7.868247985839844,-0.38938894867897034,2.2891716957092285,1.061695468592981
40,7.862311363220215,-0.3924417495727539,2.267583131790161,1.0662524537453504
40,7.855241775512695,-0.394842267036438,2.2462542057037354,1.0750112780866752
40,7.8470659255981445,-0.39664381742477417,2.225264549255371,1.0864509986715243
40,7.837813377380371,-0.39788052439689636,2.2046847343444824,1.100192732120359
40,7.827517986297607,-0.398625910282135,2.184582233428955,1.1223619376600236
40,7.816196441650391,-0.39892998337745667,2.165027379989624,1.147366063314499
40,7.803844928741455,-0.3987935483455658,2.146104574203491,1.1786821185147518
40,7.7904462814331055,-0.3982396423816681,2.1279163360595703,1.218643993378806
40,7.775976657867432,-0.3972369134426117,2.1105895042419434,1.2678684904890518
40,7.760485649108887,-0.3957905173301697,2.0942018032073975,1.3356700114227928
40,7.743868827819824,-0.3939381539821625,2.079005241394043,1.4297903181143738
40,7.731205940246582,-0.39250144362449646,2.069277286529541,1.5210273126286873
40,7.714527606964111,-0.3910010755062103,2.059579372406006,1.7114284702453166
40,7.698163986206055,-0.39008599519729614,2.053098201751709,1.956558066120694
40,7.676459789276123,-0.3895343244075775,2.0468356609344482,2.1288353419090105
40,7.654635429382324,-0.38928377628326416,2.040971517562866,2.1037405460476384
40,7.633210182189941,-0.38878971338272095,2.0338265895843506,1.9823390829094283
40,7.61345911026001,-0.3877149820327759,2.023824453353882,1.7794122347500843
40,7.596363544464111,-0.3864000141620636,2.0092098712921143,1.6192664689711933
40,7.582975387573242,-0.3855830132961273,1.9910603761672974,1.5018215217998219
40,7.57512903213501,-0.38544702529907227,1.9766167402267456,1.432184473446752
40,7.5655107498168945,-0.3855712115764618,1.9561676979064941,1.3265114731665248
40,7.556166172027588,-0.3858719766139984,1.935591220855713,1.2163585516039348
40,7.546414852142334,-0.38618212938308716,1.915205717086792,1.1162224768021838
40,7.535909175872803,-0.38639092445373535,1.8951982259750366,1.0311708741898529
40,7.524503707885742,-0.38644033670425415,1.8756893873214722,0.9555185538309237
40,7.512007713317871,-0.386415958404541,1.8568615913391113,0.8884455017738139
40,7.498289585113525,-0.3865165412425995,1.8389068841934204,0.8224567526426694
40,7.483307361602783,-0.38708043098449707,1.8220027685165405,0.7636314152152314
40,7.467114448547363,-0.38856741786003113,1.8063182830810547,0.7082280906183591
40,7.449938774108887,-0.391541451215744,1.7919484376907349,0.6605240060488737
40,7.432187557220459,-0.3965327739715576,1.7788947820663452,0.6212519944068362
40,7.414382457733154,-0.4038931429386139,1.7670986652374268,0.5873251449996155
40,7.396974563598633,-0.41392284631729126,1.7563652992248535,0.5599991617029896
40,7.3805623054504395,-0.42662280797958374,1.7466168403625488,0.5400874583880804
40,7.36564826965332,-0.44190725684165955,1.7379047870635986,0.5248446649080982
40,7.352625846862793,-0.4595481753349304,1.7302857637405396,0.5187720759621454
40,7.34177303314209,-0.47922614216804504,1.7239253520965576,0.5199098725735032
40,7.333180904388428,-0.5006538033485413,1.718836784362793,0.5280745880431964
40,7.326911449432373,-0.5232921242713928,1.7150955200195312,0.5418553586539115
40,7.322875499725342,-0.5466111302375793,1.7126743793487549,0.5593197067252312
40,7.320870399475098,-0.5704337954521179,1.7114641666412354,0.5788803058847086
40,7.320720195770264,-0.5945203900337219,1.7113676071166992,0.5992974291051705
40,7.322250843048096,-0.6186912655830383,1.7122923135757446,0.6198162847237174
40,7.3252949714660645,-0.642814576625824,1.7141611576080322,0.6400941830367567
40,7.32969331741333,-0.666793704032898,1.7169147729873657,0.6595352925210609
40,7.335303783416748,-0.6904465556144714,1.7204407453536987,0.6761999269930237
40,7.342030048370361,-0.7138407826423645,1.724694013595581,0.6921341135995214
40,7.349763870239258,-0.7369490265846252,1.7296446561813354,0.7061693178728351
40,7.358391761779785,-0.7596390843391418,1.735192894935608,0.71788179275258
40,7.367839813232422,-0.7819963693618774,1.7413495779037476,0.7289927970008577
40,7.3780012130737305,-0.8039241433143616,1.7480379343032837,0.7369905476746791
40,7.388849258422852,-0.825514018535614,1.755269169807434,0.7443293676153824
40,7.400270462036133,-0.8466770648956299,1.7629826068878174,0.749091914425029
40,7.412163734436035,-0.8673934936523438,1.771179437637329,0.7523750234713806
40,7.424505710601807,-0.8877058625221252,1.7798542976379395,0.7555782451457373
40,7.43725061416626,-0.9076786041259766,1.7890608310699463,0.7573473348347008
40,7.450314044952393,-0.9272448420524597,1.7987895011901855,0.760464130552995
40,7.463629245758057,-0.9463887214660645,1.8090590238571167,0.7638125851841966
40,7.477138519287109,-0.9650763273239136,1.8199001550674438,0.7675709745789111
40,7.490848064422607,-0.98330157995224,1.831335186958313,0.7740216895901886
40,7.504734039306641,-1.001022219657898,1.843360424041748,0.7827332674677622
40,7.518857479095459,-1.0182647705078125,1.8559978008270264,0.7914077167998641
40,7.533154487609863,-1.034893274307251,1.869125247001648,0.8015770099103915
40,7.547701835632324,-1.0509330034255981,1.8826982975006104,0.8126619931967426
40,7.562925815582275,-1.0667258501052856,1.8969335556030273,0.8222791589233165
40,7.578525543212891,-1.0818897485733032,1.9114434719085693,0.8276306592217044
40,7.592845916748047,-1.094878911972046,1.9244649410247803,0.8291127326171265
40,7.609045028686523,-1.108496069908142,1.9386969804763794,0.8250000247258727
40,7.625942230224609,-1.1215003728866577,1.952811598777771,0.8104180870051352
40,7.6435065269470215,-1.1337707042694092,1.9666374921798706,0.7890577671871509
40,7.6618523597717285,-1.1452529430389404,1.9800536632537842,0.7655056961983123
40,7.680934429168701,-1.1558276414871216,1.9929823875427246,0.7404841418104459
40,7.700499057769775,-1.1653095483779907,2.0052733421325684,0.7195023493829142
40,7.721373081207275,-1.1740806102752686,2.017643451690674,0.7055490001324183
40,7.7422919273376465,-1.1816173791885376,2.029576301574707,0.7008202407062359
40,7.763127326965332,-1.1879886388778687,2.0412490367889404,0.7046490402056425
40,7.784676551818848,-1.1935149431228638,2.053260326385498,0.7145038666592148
40,7.8063645362854,-1.1980688571929932,2.065293073654175,0.7254421674143526
40,7.828219890594482,-1.2016797065734863,2.077253580093384,0.7348015621434427
40,7.850284099578857,-1.2043824195861816,2.088963747024536,0.7411551770429451
40,7.872549533843994,-1.2062156200408936,2.100219488143921,0.7450780401447522
40,7.8950371742248535,-1.2072230577468872,2.110858678817749,0.7466398469511102
40,7.91778039932251,-1.2074501514434814,2.120737314224243,0.7470149987709692
40,7.940803050994873,-1.206939697265625,2.1297366619110107,0.7466272267895869
40,7.964079856872559,-1.205734372138977,2.137756109237671,0.7464151455558155
40,7.987518787384033,-1.2038917541503906,2.144693613052368,0.7469183817076291
40,8.011123657226562,-1.2014663219451904,2.1505329608917236,0.7484363912061972
40,8.034836769104004,-1.1985162496566772,2.155256748199463,0.7514643447674205
40,8.058525085449219,-1.1951065063476562,2.158820152282715,0.7558392363180039
40,8.082304954528809,-1.1912930011749268,2.161329746246338,0.7611492858788234
40,8.106032371520996,-1.187140941619873,2.162816047668457,0.7673377862772188
40,8.12966537475586,-1.1827017068862915,2.1633472442626953,0.7740476249825079
40,8.15317153930664,-1.1780225038528442,2.1630022525787354,0.7808899853637559
40,8.17652702331543,-1.1731443405151367,2.161860227584839,0.7875973638080283
40,8.199695587158203,-1.168111801147461,2.159991979598999,0.7939059684054485
40,8.222685813903809,-1.162950038909912,2.1574666500091553,0.7991682903552961
40,8.246253967285156,-1.1575042009353638,2.154240608215332,0.8033654367644777
40,8.269676208496094,-1.1519520282745361,2.150432586669922,0.8064124132804161
40,8.292898178100586,-1.1463217735290527,2.1460931301116943,0.8082461528001923
40,8.315162658691406,-1.1408216953277588,2.14143443107605,0.8085152715243205
40,8.337234497070312,-1.135279655456543,2.1363637447357178,0.8077681330371161
40,8.359116554260254,-1.1297050714492798,2.130920886993408,0.8061930425845779
40,8.380814552307129,-1.1241058111190796,2.125147819519043,0.8039953469381851
40,8.402313232421875,-1.1184993982315063,2.1191015243530273,0.801376938232922
40,8.423651695251465,-1.1128867864608765,2.1128318309783936,0.7980429088951687
40,8.444894790649414,-1.10725998878479,2.10638165473938,0.7944841477955387
40,8.466009140014648,-1.1016334295272827,2.099818229675293,0.790845294085373
40,8.487030982971191,-1.0960029363632202,2.0931878089904785,0.7871818991891091
40,8.507955551147461,-1.090377688407898,2.0865542888641357,0.7831515743850392
40,8.528881072998047,-1.0847363471984863,2.0799384117126465,0.7792337848685157
40,8.549774169921875,-1.0790884494781494,2.0733895301818848,0.7755561704655555
40,8.57064437866211,-1.0734320878982544,2.0669360160827637,0.7721312344134647
40,8.591325759887695,-1.0678175687789917,2.060664176940918,0.7686809775168856
40,8.612007141113281,-1.0621962547302246,2.0545384883880615,0.7656854918873524
40,8.632698059082031,-1.0565650463104248,2.0485661029815674,0.7631882657334474
40,8.653403282165527,-1.0509225130081177,2.0427515506744385,0.7611771357201904
40,8.67422866821289,-1.0452440977096558,2.037076711654663,0.7593828136713371
40,8.695027351379395,-1.0395747423171997,2.0315866470336914,0.7581720231556033
40,8.715831756591797,-1.0339068174362183,2.026263952255249,0.7575248696662474
40,8.736639022827148,-1.0282429456710815,2.0210981369018555,0.757406686356517
40,8.757448196411133,-1.0225880146026611,2.0160796642303467,0.757508582890526
40,8.778226852416992,-1.0169583559036255,2.011207342147827,0.758005709473435
40,8.799007415771484,-1.011349081993103,2.0064549446105957,0.7588844530393173
40,8.819786071777344,-1.0057640075683594,2.0018036365509033,0.7600794575572452
40,8.840561866760254,-1.0002076625823975,1.9972343444824219,0.7614402890374473
40,8.861331939697266,-0.9946866631507874,1.9927343130111694,0.7627842689074656
40,8.882067680358887,-0.98921138048172,1.9882913827896118,0.7642472136246028
40,8.902796745300293,-0.9837756752967834,1.9838812351226807,0.7657730019796894
40,8.923517227172852,-0.9783805012702942,1.9794875383377075,0.7673054308245203
40,8.944226264953613,-0.9730260968208313,1.9750970602035522,0.7686187503954398
40,8.964900970458984,-0.9677177667617798,1.970707893371582,0.7697126668572372
40,8.985562324523926,-0.9624457955360413,1.966303825378418,0.7706794308763273
40,9.006210327148438,-0.9572063088417053,1.961876392364502,0.7714861259303507
40,9.026843070983887,-0.9519945979118347,1.957418441772461,0.7721052285881937
40,9.047459602355957,-0.9468055963516235,1.952927827835083,0.7722731212942617
40,9.06804084777832,-0.9416366219520569,1.9484080076217651,0.7721856547525346
40,9.088604927062988,-0.9364761710166931,1.9438523054122925,0.77188878905178
40,9.109151840209961,-0.931317150592804,1.93925940990448,0.7713802783941468
40,9.129680633544922,-0.9261524677276611,1.9346293210983276,0.7706211755570658
40,9.150191307067871,-0.920974612236023,1.9299652576446533,0.7694783131384734
40,9.170670509338379,-0.915779709815979,1.9252738952636719,0.7681424987747709
40,9.191131591796875,-0.9105568528175354,1.920553207397461,0.766650050367266
40,9.211576461791992,-0.9052993059158325,1.9158055782318115,0.7650117675863704
40,9.232003211975098,-0.9000007510185242,1.9110339879989624,0.7631845371441169
40,9.25241470336914,-0.8946549296379089,1.9062440395355225,0.7610978536365449
40,9.27280044555664,-0.8892590999603271,1.901442527770996,0.7588945237747006
40,9.293170928955078,-0.8838050365447998,1.8966301679611206,0.7566247087753035
40,9.313528060913086,-0.8782875537872314,1.8918100595474243,0.7542988862649446
40,9.333871841430664,-0.8727020621299744,1.8869863748550415,0.751845015787847
40,9.35420036315918,-0.8670459985733032,1.8821665048599243,0.7492849463456737
40,9.374519348144531,-0.8613141179084778,1.8773531913757324,0.7467067162304324
40,9.394819259643555,-0.8555058240890503,1.8725523948669434,0.7441012366017646
40,9.4150972366333,-0.8496190309524536,1.8677687644958496,0.7414928712731497
40,9.435357093811035,-0.843650221824646,1.863006830215454,0.7387955636150357
40,9.455597877502441,-0.8375983238220215,1.8582727909088135,0.7360850632233772
40,9.475821495056152,-0.8314615488052368,1.853570580482483,0.7333982865126788
40,9.496026992797852,-0.8252383470535278,1.8489042520523071,0.7307271260280384
40,9.516213417053223,-0.8189274072647095,1.8442786931991577,0.7280245395501905
40,9.536383628845215,-0.8125276565551758,1.839699387550354,0.72535126542679
40,9.556536674499512,-0.8060389757156372,1.8351706266403198,0.7226696893467054
40,9.576672554016113,-0.7994616627693176,1.8306968212127686,0.7200231489182156
40,9.596793174743652,-0.7927954792976379,1.82628333568573,0.7173690752014863
40,9.616898536682129,-0.786040723323822,1.8219351768493652,0.7147558117678074
40,9.636988639831543,-0.7791975140571594,1.81765615940094,0.7121835376482278
40,9.657063484191895,-0.772266149520874,1.8134504556655884,0.7096218411134826
40,9.677125930786133,-0.7652491927146912,1.8093242645263672,0.7070567399561561
40,9.697175025939941,-0.7581480145454407,1.805282473564148,0.7045318333587027
40,9.717212677001953,-0.750963568687439,1.801328182220459,0.7020450664638356
40,9.737238883972168,-0.743697464466095,1.7974663972854614,0.6995826320308798
40,9.757254600524902,-0.736352264881134,1.7937027215957642,0.6971571824343051
40,9.777260780334473,-0.7289295196533203,1.7900406122207642,0.6947676973302946
40,9.797257423400879,-0.7214319109916687,1.7864841222763062,0.6923720223744043
40,9.817248344421387,-0.7138639092445374,1.7830394506454468,0.6900090316062685
40,9.83723258972168,-0.7062281966209412,1.779710292816162,0.6876792498576292
40,9.857211112976074,-0.6985270380973816,1.7764999866485596,0.6853816945463637
40,9.877184867858887,-0.6907650232315063,1.773413896560669,0.6831248085466175
40,9.897156715393066,-0.6829458475112915,1.7704561948776245,0.6808921714661719
40,9.917125701904297,-0.6750724911689758,1.7676299810409546,0.6786810214090083
40,9.937093734741211,-0.6671497225761414,1.7649399042129517,0.6765205584036097
40,9.957063674926758,-0.6591835618019104,1.7623906135559082,0.6743562467312502
40,9.977035522460938,-0.6511780023574829,1.759985089302063,0.6722133916000641
40,9.997011184692383,-0.6431385278701782,1.7577275037765503,0.6701240349941143
40,10.01699161529541,-0.6350712776184082,1.7556220293045044,0.6680592714638475
40,10.036978721618652,-0.6269806027412415,1.7536715269088745,0.6660126477981725
40,10.056973457336426,-0.6188720464706421,1.751879096031189,0.6640253171655774
40,10.076977729797363,-0.6107531189918518,1.7502490282058716,0.6620698398477047
40,10.096992492675781,-0.6026285886764526,1.7487835884094238,0.6601288096621933
40,10.117019653320312,-0.5945043563842773,1.7474851608276367,0.6582489837158926
40,10.137059211730957,-0.5863887667655945,1.7463573217391968,0.6564102390917077
40,10.157120704650879,-0.5782843828201294,1.7454016208648682,0.6545900783006704
40,10.177263259887695,-0.5701738595962524,1.7446178197860718,0.6528298149457844
40,10.197724342346191,-0.5619723796844482,1.7440049648284912,0.6510981249110792
40,10.218205451965332,-0.5538070797920227,1.7435768842697144,0.6493939600573307
40,10.239547729492188,-0.5453516840934753,1.743328332901001,0.6476986287954866
40,10.262511253356934,-0.5363267064094543,1.7432866096496582,0.6459548313071998
40,10.285500526428223,-0.5273727774620056,1.7434781789779663,0.6442457142270153
40,10.310606002807617,-0.517697811126709,1.7439531087875366,0.642503706281078
40,10.337597846984863,-0.5074304342269897,1.744773507118225,0.6407082724771912
40,10.364629745483398,-0.49729758501052856,1.745915174484253,0.6389941733538591
40,10.392801284790039,-0.4869142472743988,1.7474461793899536,0.6373534436415834
40,10.421015739440918,-0.4767073392868042,1.7493268251419067,0.6357686792711693
40,10.446917533874512,-0.4675186276435852,1.751358151435852,0.6344539314601436
41,0.01744992658495903,0.7565353512763977,0.6376209855079651,1.000815169077262
41,0.12020701915025711,0.7565426826477051,0.6386865377426147,1.00203962657167
41,0.22295984625816345,0.7565558552742004,0.6400954127311707,1.0042908496796297
41,0.32570144534111023,0.756579577922821,0.6421655416488647,1.0067623630445968
41,0.43976810574531555,0.7566177845001221,0.6455690860748291,1.0087336072792856
41,0.5518649220466614,0.7566660046577454,0.6503256559371948,1.007946973310567
41,0.6680818200111389,0.7567243576049805,0.6571971774101257,1.0055930672712527
41,0.7871735095977783,0.756801426410675,0.6664589047431946,0.9964291696494887
41,0.8692892789840698,0.7568703889846802,0.6742379665374756,0.9902219211961042
41,0.9898208975791931,0.7570112347602844,0.6871062517166138,0.9785184323515235
41,1.0687127113342285,0.7571331858634949,0.6962814331054688,0.9721172278046115
41,1.1899387836456299,0.7573691606521606,0.7102809548377991,0.9647492644210656
41,1.268091082572937,0.7575510144233704,0.7189096808433533,0.9611076440508001
41,1.3899012804031372,0.7578777074813843,0.7301710247993469,0.9568209426062015
41,1.4727895259857178,0.7581287622451782,0.7358970046043396,0.95471803278316
41,1.5951271057128906,0.758539080619812,0.7401281595230103,0.9535690979198514
41,1.7175475358963013,0.7589982151985168,0.7388724088668823,0.9566759875963613
41,1.8398030996322632,0.7595044374465942,0.7323263883590698,0.9634774527948833
41,1.961775302886963,0.7600612044334412,0.72166907787323,0.9775414867083816
41,2.0765397548675537,0.7606353759765625,0.7092882394790649,0.9928912691430843
41,2.198164701461792,0.7612801194190979,0.6951624751091003,1.0128174378436763
41,2.319763660430908,0.7619434595108032,0.6808165311813354,1.0363157446776612
41,2.4414119720458984,0.762573778629303,0.6668920516967773,1.0631405465895414
41,2.5631651878356934,0.7631704807281494,0.6539236903190613,1.0973066163391563
41,2.672675609588623,0.7636885046958923,0.6435782313346863,1.1321495352002622
41,2.7947638034820557,0.764345645904541,0.6343052983283997,1.181753408121466
41,2.8770029544830322,0.764864444732666,0.6294885277748108,1.2192167259776612
41,2.999251365661621,0.7658454775810242,0.6234690546989441,1.2865529068237957
41,3.1214945316314697,0.7670963406562805,0.617448627948761,1.3539713291597082
41,3.243455171585083,0.7686537504196167,0.6072823405265808,1.4195435364907092
41,3.336374044418335,0.7700584530830383,0.5950931906700134,1.4493935678865943
41,3.4561991691589355,0.7721500992774963,0.5703871250152588,1.4830650074861216
41,3.573871374130249,0.7744442820549011,0.5368514657020569,1.48358619627152
41,3.6893680095672607,0.7764829993247986,0.4966335892677307,1.501290808791205
41,3.805248975753784,0.7778415083885193,0.4575382173061371,1.5399250982472572
41,3.865177869796753,0.7782447934150696,0.4395322799682617,1.575033036859647
41,3.986485004425049,0.7788161039352417,0.41245684027671814,1.6909732454954338
41,4.069813251495361,0.7791447043418884,0.4007871747016907,1.7656930233770318
41,4.193564414978027,0.7797619104385376,0.390598326921463,1.8340719883515484
41,4.24846076965332,0.7801055312156677,0.3881820738315582,1.8547579830086325
41,4.321009635925293,0.7806017994880676,0.3863232135772705,1.8607036041262708
41,4.444478511810303,0.7813666462898254,0.3856270909309387,1.8781422441773907
41,4.567931175231934,0.7818856835365295,0.3878145217895508,1.884002326196577
41,4.6846723556518555,0.7822253704071045,0.39317789673805237,1.8827908551157668
41,4.794788360595703,0.782497227191925,0.4026503264904022,1.8715449022832984
41,4.893640995025635,0.7826846241950989,0.41609424352645874,1.8496037925026556
41,4.991689682006836,0.7828159928321838,0.43451008200645447,1.7875748123248945
41,5.037938594818115,0.7828632593154907,0.44494736194610596,1.7511258001677268
41,5.068876266479492,0.7829031944274902,0.45233798027038574,1.7118887358575756
41,5.099654674530029,0.782947301864624,0.4600849449634552,1.6893724072567822
41,5.133237838745117,0.7830022573471069,0.46899905800819397,1.6533001769422369
41,5.22625207901001,0.7833011746406555,0.4948108196258545,1.5452310393281314
41,5.319119453430176,0.7839030623435974,0.5211440920829773,1.4434490393260715
41,5.41229772567749,0.7849380970001221,0.5463334918022156,1.353860948520904
41,5.482861042022705,0.7860644459724426,0.5636969804763794,1.2931951974398876
41,5.582743167877197,0.7881830930709839,0.5852952599525452,1.229475692571559
41,5.683444499969482,0.7909500598907471,0.6035557985305786,1.1810862377431346
41,5.767549991607666,0.7937394380569458,0.6164243221282959,1.1493803195715822
41,5.845049858093262,0.7966885566711426,0.6267102956771851,1.1242218599967397
41,5.947964668273926,0.8011853098869324,0.6383578777313232,1.0967452147906853
41,6.051052570343018,0.8063844442367554,0.6480202674865723,1.0736782157784663
41,6.153605937957764,0.8122783899307251,0.6558857560157776,1.05336997191359
41,6.255147457122803,0.8188462853431702,0.6621285676956177,1.0353261068343933
41,6.355203628540039,0.826058566570282,0.6668947339057922,1.0191913100086087
41,6.454172611236572,0.8339442014694214,0.6703245043754578,1.0049474745948552
41,6.551627159118652,0.8424776792526245,0.672487735748291,0.9931134144272292
41,6.6483941078186035,0.8517717719078064,0.6733618378639221,0.9840104561214245
41,6.698307514190674,0.8569071292877197,0.6732574701309204,0.9781270495079175
41,6.723214626312256,0.8595574498176575,0.6730591654777527,0.9754740168978441
41,6.747666835784912,0.8622172474861145,0.6727710366249084,0.9730071218335874
41,6.771904945373535,0.8649111986160278,0.6723941564559937,0.9706768802372353
41,6.796246528625488,0.8676736354827881,0.6719251275062561,0.9684198191233236
41,6.8201985359191895,0.870449423789978,0.6713730096817017,0.9662678103859894
41,6.84412956237793,0.8732805848121643,0.6707314848899841,0.9642150651031858
41,6.868063926696777,0.8761710524559021,0.6699992418289185,0.9622808973250949
41,6.892044544219971,0.8791272640228271,0.6691734790802002,0.9604536691318623
41,6.915966033935547,0.8821373581886292,0.6682565808296204,0.9587429820501813
41,6.939828872680664,0.8852024078369141,0.6672474145889282,0.9571721828162743
41,6.9638590812683105,0.8883525729179382,0.6661350131034851,0.9557279757155402
41,6.9876837730407715,0.8915401697158813,0.6649348735809326,0.9544354946873898
41,7.011315822601318,0.8947671055793762,0.6636458039283752,0.9532938499070994
41,7.035013198852539,0.8980690836906433,0.6622527837753296,0.9523150707627476
41,7.058699131011963,0.901437520980835,0.6607562899589539,0.9515509111100764
41,7.0824174880981445,0.9048801064491272,0.6591501235961914,0.9509629005814059
41,7.106073379516602,0.9083842039108276,0.6574381589889526,0.9506213786143494
41,7.129664897918701,0.9119511842727661,0.6556170582771301,0.9505432261813788
41,7.153192043304443,0.9155824184417725,0.6536833047866821,0.9507852754839872
41,7.176652431488037,0.9192812442779541,0.651628315448761,0.9515030284181446
41,7.20064115524292,0.9231417179107666,0.6493971943855286,0.9524650254549185
41,7.224606037139893,0.9270744919776917,0.6470383405685425,0.9540304239569989
41,7.248274803161621,0.9310336709022522,0.6445740461349487,0.9560583566334206
41,7.27183723449707,0.9350449442863464,0.6419856548309326,0.9586592395499159
41,7.2952880859375,0.9390991926193237,0.6392771005630493,0.9618825048384718
41,7.318625450134277,0.9431846141815186,0.6364560127258301,0.96580308998876
41,7.341942310333252,0.9473064541816711,0.6335211992263794,0.9707514668759217
41,7.365146160125732,0.9514375925064087,0.6304980516433716,0.9768823657264056
41,7.388311862945557,0.9555811882019043,0.6273954510688782,0.9843845649488977
41,7.411366939544678,0.9597107768058777,0.6242528557777405,0.9932963700419394
41,7.434320449829102,0.9638017416000366,0.6211202144622803,1.0033160892651105
41,7.457184314727783,0.9678172469139099,0.6180691719055176,1.0135463578883688
41,7.480083465576172,0.9717390537261963,0.6151612401008606,1.021625506268136
41,7.502918243408203,0.9755194187164307,0.6124750375747681,1.0260749790175518
41,7.525773048400879,0.979161262512207,0.6100324988365173,1.0269670614131652
41,7.548556804656982,0.982663631439209,0.6078221797943115,1.0249501456317258
41,7.571256637573242,0.9860509634017944,0.6057866215705872,1.0212154219956617
41,7.593926906585693,0.9893578290939331,0.6038564443588257,1.0172671529397048
41,7.616609573364258,0.992610514163971,0.6019835472106934,1.0137570691980906
41,7.639252185821533,0.9958165884017944,0.6001476049423218,1.0108387325871522
41,7.661854267120361,0.9989863634109497,0.5983375906944275,1.0086325823344706
41,7.684417247772217,1.0021255016326904,0.5965510010719299,1.0071207346628712
41,7.70698356628418,1.0052412748336792,0.5947874188423157,1.0062635470085468
41,7.7295050621032715,1.0083259344100952,0.5930560827255249,1.005981338074184
41,7.75199556350708,1.0113786458969116,0.591362476348877,1.006164612217581
41,7.774459362030029,1.014395833015442,0.589712917804718,1.0067257698831238
41,7.79693078994751,1.0173779726028442,0.5881102085113525,1.007535514668347
41,7.819380283355713,1.0203163623809814,0.5865601897239685,1.0084910008191443
41,7.841812610626221,1.0232080221176147,0.5850642919540405,1.0095249578616887
41,7.864232063293457,1.0260505676269531,0.583621621131897,1.0105795710398107
41,7.8866682052612305,1.0288456678390503,0.5822277069091797,1.0116215319820603
41,7.909096717834473,1.0315889120101929,0.580880343914032,1.012649161012121
41,7.931520462036133,1.0342803001403809,0.5795746445655823,1.0136541943590662
41,7.953939437866211,1.0369194746017456,0.578305721282959,1.0146360627663067
41,7.976359844207764,1.0395073890686035,0.5770685076713562,1.0155989948012254
41,7.998786926269531,1.0420445203781128,0.5758585333824158,1.016548022266575
41,8.021220207214355,1.0445306301116943,0.5746723413467407,1.0174875186613264
41,8.043660163879395,1.0469655990600586,0.5735070705413818,1.0184189549334963
41,8.066104888916016,1.0493489503860474,0.5723607540130615,1.0193417455168823
41,8.088557243347168,1.0516799688339233,0.57123202085495,1.0202471045228974
41,8.111016273498535,1.0539578199386597,0.5701199173927307,1.0211356006277514
41,8.133481979370117,1.05618155002594,0.5690242052078247,1.0220032856084524
41,8.155953407287598,1.058349847793579,0.567945122718811,1.0228428280547828
41,8.178431510925293,1.0604617595672607,0.566882848739624,1.023646624654291
41,8.200916290283203,1.062516212463379,0.5658378005027771,1.024403697282358
41,8.223406791687012,1.0645121335983276,0.5648107528686523,1.0250958021982988
41,8.245894432067871,1.0664479732513428,0.5638025403022766,1.0257244774356946
41,8.268383026123047,1.0683228969573975,0.5628138184547424,1.026290571396046
41,8.290868759155273,1.070136308670044,0.5618453621864319,1.0267914411521366
41,8.313349723815918,1.0718871355056763,0.560897946357727,1.0272261636124331
41,8.335823059082031,1.0735746622085571,0.5599724650382996,1.0275953207958768
41,8.358283996582031,1.0751982927322388,0.5590699315071106,1.0279006265115338
41,8.380722045898438,1.0767567157745361,0.5581914186477661,1.0281425734030127
41,8.4031400680542,1.0782499313354492,0.5573375821113586,1.028329561824714
41,8.425567626953125,1.0796798467636108,0.5565082430839539,1.0284674395675668
41,8.44797134399414,1.0810437202453613,0.5557054877281189,1.0285580364858151
41,8.470378875732422,1.0823431015014648,0.5549291372299194,1.0286091281430134
41,8.492758750915527,1.08357572555542,0.5541809797286987,1.0286271037638115
41,8.515104293823242,1.0847413539886475,0.5534618496894836,1.0286155197486697
41,8.537412643432617,1.0858397483825684,0.5527722835540771,1.0285763278960962
41,8.55967903137207,1.086870551109314,0.5521126985549927,1.0285108085783012
41,8.58189868927002,1.0878338813781738,0.5514833927154541,1.0284157872096105
41,8.603971481323242,1.0887255668640137,0.5508872270584106,1.028290393322664
41,8.626015663146973,1.0895507335662842,0.5503207445144653,1.0281344009503233
41,8.648178100585938,1.0903146266937256,0.5497803688049316,1.027942300896623
41,8.670331954956055,1.0910121202468872,0.5492695569992065,1.0277076235704152
41,8.692474365234375,1.0916428565979004,0.5487883687019348,1.027427737177993
41,8.714599609375,1.0922068357467651,0.5483370423316956,1.0270994367590984
41,8.736703872680664,1.0927038192749023,0.5479158163070679,1.0267206439532361
41,8.758782386779785,1.0931340456008911,0.5475248694419861,1.0262902007967505
41,8.780830383300781,1.093497633934021,0.5471645593643188,1.0258083539170106
41,8.80284595489502,1.093794822692871,0.5468354225158691,1.0252768834037977
41,8.824823379516602,1.0940260887145996,0.5465378165245056,1.02469899454121
41,8.846759796142578,1.0941916704177856,0.5462724566459656,1.024079560548428
41,8.86865234375,1.094292402267456,0.5460399389266968,1.02342416646624
41,8.890498161315918,1.094328761100769,0.5458409786224365,1.0227395888279802
41,8.912293434143066,1.0943015813827515,0.5456761717796326,1.0220328384755781
41,8.934037208557129,1.094211459159851,0.545546293258667,1.0213115106351431
41,8.95574951171875,1.0940592288970947,0.545451819896698,1.0205818864022749
41,8.9774751663208,1.0938448905944824,0.5453933477401733,1.0198492209948913
41,8.999214172363281,1.0935689210891724,0.5453716516494751,1.019119314677272
41,9.020978927612305,1.093231439590454,0.5453875660896301,1.0183983096236597
41,9.042755126953125,1.0928330421447754,0.5454416275024414,1.017691317530402
41,9.064541816711426,1.092374324798584,0.5455343127250671,1.0170026764849855
41,9.086339950561523,1.0918558835983276,0.5456661581993103,1.016335593195874
41,9.108148574829102,1.0912784337997437,0.5458373427391052,1.0156932207838132
41,9.12996768951416,1.0906424522399902,0.5460481643676758,1.0150783134467827
41,9.151796340942383,1.0899488925933838,0.5462986826896667,1.0144940035610877
41,9.173644065856934,1.0891982316970825,0.5465891361236572,1.0139442774091965
41,9.195500373840332,1.088391661643982,0.5469193458557129,1.0134300387954447
41,9.217362403869629,1.0875303745269775,0.547289252281189,1.0129538525703858
41,9.23923110961914,1.0866153240203857,0.5476985573768616,1.012517891596217
41,9.26110553741455,1.0856475830078125,0.5481471419334412,1.0121241816006794
41,9.282983779907227,1.0846285820007324,0.5486345887184143,1.011775753796163
41,9.30487060546875,1.0835590362548828,0.5491605401039124,1.011417643016456
41,9.326714515686035,1.0824429988861084,0.5497231483459473,1.0111007742879452
41,9.348560333251953,1.0812796354293823,0.5503228902816772,1.0108307558455005
41,9.370406150817871,1.0800703763961792,0.5509591698646545,1.0106089516176129
41,9.392251968383789,1.078816533088684,0.5516311526298523,1.0104361143613907
41,9.414094924926758,1.0775196552276611,0.5523380637168884,1.010312878766298
41,9.435934066772461,1.0761810541152954,0.5530790090560913,1.0102412023496028
41,9.45776653289795,1.0748026371002197,0.5538527965545654,1.0102192716615337
41,9.479557991027832,1.073387861251831,0.5546572208404541,1.0102421255178011
41,9.5013427734375,1.071936011314392,0.5554921627044678,1.0103103556141053
41,9.523119926452637,1.0704485177993774,0.5563563704490662,1.0104213677860339
41,9.544888496398926,1.0689268112182617,0.5572483539581299,1.0105717461687798
41,9.566645622253418,1.0673723220825195,0.55816650390625,1.0107573772872447
41,9.58839225769043,1.0657864809036255,0.5591092109680176,1.0109734750404962
41,9.610125541687012,1.0641705989837646,0.5600747466087341,1.0112151566823944
41,9.63184642791748,1.062525987625122,0.5610612630844116,1.0114767662742843
41,9.653553009033203,1.0608538389205933,0.5620668530464172,1.0117528167275875
41,9.675244331359863,1.0591555833816528,0.5630897283554077,1.0120379961434274
41,9.696920394897461,1.0574322938919067,0.5641278624534607,1.0123264732246904
41,9.718581199645996,1.0556851625442505,0.5651793479919434,1.0126130759699614
41,9.740224838256836,1.0539153814315796,0.5662422776222229,1.0128927022317658
41,9.76185131072998,1.0521239042282104,0.567314624786377,1.0131605664213257
41,9.783461570739746,1.0503120422363281,0.5683945417404175,1.013412186366093
41,9.805054664611816,1.04848051071167,0.5694801807403564,1.0136396096890918
41,9.826628684997559,1.0466307401657104,0.5705696940422058,1.0138426253216226
41,9.848187446594238,1.044763207435608,0.5716614127159119,1.0140145833195036
41,9.869744300842285,1.0428775548934937,0.5727543234825134,1.014157364736638
41,9.891292572021484,1.0409754514694214,0.5738464593887329,1.0142665838718183
41,9.912830352783203,1.0390576124191284,0.5749362111091614,1.0143418301494544
41,9.934367179870605,1.0371239185333252,0.5760225653648376,1.0143819001698935
41,9.955902099609375,1.0351752042770386,0.5771040320396423,1.0143850354982382
41,9.977437019348145,1.0332119464874268,0.5781794786453247,1.0143495289620965
41,9.998970985412598,1.0312349796295166,0.5792475342750549,1.0142719819782504
41,10.020503997802734,1.0292446613311768,0.5803072452545166,1.0141478342329897
41,10.042036056518555,1.027241587638855,0.5813575387001038,1.0139822349349568
41,10.063567161560059,1.0252262353897095,0.5823975801467896,1.013775069947113
41,10.085098266601562,1.0231990814208984,0.5834265351295471,1.013522021951864
41,10.10662841796875,1.0211608409881592,0.5844436883926392,1.0132273962008076
41,10.128158569335938,1.0191117525100708,0.5854485630989075,1.0128920618852089
41,10.14969539642334,1.0170515775680542,0.5864409804344177,1.0125154299238845
41,10.171231269836426,1.0149812698364258,0.5874200463294983,1.0120888197610398
41,10.192837715148926,1.0128945112228394,0.5883887410163879,1.0116181827638695
41,10.214765548706055,1.0107669830322266,0.5893575549125671,1.0111012040360925
41,10.237594604492188,1.0085421800613403,0.590350866317749,1.0105134325252056
41,10.262127876281738,1.0061403512954712,0.591401219367981,1.0098157739209088
41,10.286660194396973,1.0037277936935425,0.5924344062805176,1.0090777269488955
41,10.313416481018066,1.001084804534912,0.5935423970222473,1.0082576530903251
41,10.342143058776855,0.9982341527938843,0.5947115421295166,1.0073397647192672
41,10.370868682861328,0.9953705668449402,0.5958606600761414,1.006398011715348
41,10.40075969696045,0.9923776388168335,0.5970371961593628,1.005414270258168
41,10.431092262268066,0.9893270134925842,0.5982133150100708,1.0044060057764619
41,10.46142578125,0.9862635135650635,0.5993735790252686,1.0034190347436125
41,10.491856575012207,0.9831775426864624,0.6005249619483948,1.0024540669098891
41,10.522286415100098,0.9800796508789062,0.601665735244751,1.0015436756833178
41,10.552725791931152,0.9769695401191711,0.6027995944023132,1.0006716139918828
41,10.58316421508789,0.9738488793373108,0.603928804397583,0.9998903226680625
41,10.613600730895996,0.9707186222076416,0.6050556302070618,0.9991710085895674
41,10.644037246704102,0.9675796627998352,0.6061829924583435,0.9985267663126447
41,10.67447280883789,0.9644325375556946,0.6073125600814819,0.9979884836815485
41,10.704907417297363,0.9612777829170227,0.6084466576576233,0.9975100621402728
41,10.73534107208252,0.9581161141395569,0.6095871329307556,0.9971422374997304
41,10.76577377319336,0.9549479484558105,0.6107354760169983,0.9968500624172018
41,10.796205520629883,0.9517738819122314,0.6118935346603394,0.9966314151229052
41,10.82663631439209,0.9485943913459778,0.6130624413490295,0.9965208998634622
41,10.85706615447998,0.9454101920127869,0.614243745803833,0.996471240088067
41,10.887494087219238,0.9422218799591064,0.6154386401176453,0.9964911697237813
41,10.917922019958496,0.9390296339988708,0.6166479587554932,0.996540050437976
41,10.948348045349121,0.9358339905738831,0.6178728342056274,0.9966506800054737
41,10.978774070739746,0.9326353073120117,0.6191139817237854,0.9968627663780262
41,11.009199142456055,0.9294340014457703,0.6203721761703491,0.997131335200294
41,11.039623260498047,0.9262307286262512,0.6216481328010559,0.9974820704160741
41,11.070046424865723,0.9230258464813232,0.6229421496391296,0.9979107994622736
41,11.100468635559082,0.9198203086853027,0.6242544651031494,0.9983971790359711
41,11.130888938903809,0.9166145324707031,0.62558513879776,0.9989826745448723
41,11.161309242248535,0.9134088754653931,0.6269339919090271,0.9996249653937216
41,11.191729545593262,0.9102035760879517,0.6283003687858582,1.0003400528947721
41,11.222148895263672,0.906998872756958,0.6296836137771606,1.0011234215820655
41,11.252569198608398,0.903794527053833,0.6310825347900391,1.0019564910807008
41,11.282997131347656,0.9005898833274841,0.6324959397315979,1.0028418829213623
41,11.313424110412598,0.8973857164382935,0.6339220404624939,1.0037517608965913
41,11.34387493133545,0.8941794633865356,0.6353598833084106,1.004685012691882
41,11.3743257522583,0.8909736275672913,0.6368069648742676,1.0056073166794546
41,11.404841423034668,0.887761116027832,0.6382643580436707,1.0065374669724412
41,11.43549633026123,0.8845342397689819,0.6397346258163452,1.0074166769205692
41,11.466150283813477,0.8813075423240662,0.6412102580070496,1.0081940841324866
41,11.497053146362305,0.878055214881897,0.6427018642425537,1.0089445553476677
41,11.527956008911133,0.8748037219047546,0.6441953778266907,1.009466873310392
41,11.564132690429688,0.8710001707077026,0.6459414958953857,1.0098066738068285
41,11.629685401916504,0.8641240000724792,0.6490955352783203,1.01003668923251
41,11.69524097442627,0.8572731614112854,0.652235746383667,1.0099678375837144
41,11.766592025756836,0.8498814105987549,0.6556102633476257,1.0096176187771184
41,11.837957382202148,0.8425853848457336,0.6589171886444092,1.006771451509774
41,11.882866859436035,0.8380612730979919,0.6609408855438232,1.0054652219394793
