id,x,y,z,speed
0,0.6470336318016052,-0.3330442011356354,3.7079312801361084,1.0004340915547585
0,0.762349009513855,-0.3330524265766144,3.708186388015747,1.0006015176923673
0,0.8811394572257996,-0.33306172490119934,3.7084908485412598,1.000788641156059
0,1.0020508766174316,-0.3330720067024231,3.7088449001312256,1.0010106204174398
0,1.1229621171951294,-0.3330831229686737,3.7092440128326416,1.0012555551030042
0,1.2448983192443848,-0.33309534192085266,3.7096943855285645,1.0015184501068957
0,1.3668344020843506,-0.3331088125705719,3.7101950645446777,1.001816327317
0,1.4891612529754639,-0.3331238627433777,3.710749864578247,1.0021280563786281
0,1.611603856086731,-0.33314090967178345,3.71136212348938,1.0024641023411223
0,1.7340461015701294,-0.33316025137901306,3.712033987045288,1.0028249457294385
0,1.8565137386322021,-0.33318236470222473,3.712771415710449,1.0031994454209499
0,1.978985071182251,-0.33320754766464233,3.713581085205078,1.0036131198200993
0,2.1014559268951416,-0.33323609828948975,3.7144689559936523,1.004049059150884
0,2.223926544189453,-0.33326834440231323,3.715446949005127,1.0045157717465836
0,2.3463962078094482,-0.3333044946193695,3.7165238857269287,1.005038987004988
0,2.468864917755127,-0.3333447575569153,3.7177133560180664,1.0055932118789335
0,2.591332197189331,-0.33338937163352966,3.7190306186676025,1.006231160647727
0,2.7137980461120605,-0.333438515663147,3.720487594604492,1.0069391572140771
0,2.836261749267578,-0.3334924578666687,3.722102642059326,1.0077124400309292
0,2.9587230682373047,-0.3335513770580292,3.723886489868164,1.0086383954856808
0,3.081181764602661,-0.33361560106277466,3.7258520126342773,1.0096379784964284
0,3.2036373615264893,-0.33368542790412903,3.728005886077881,1.010791860090751
0,3.326089382171631,-0.33376115560531616,3.730349063873291,1.0120824805760587
0,3.448537826538086,-0.33384326100349426,3.732875108718872,1.013458373504891
0,3.5709826946258545,-0.3339320719242096,3.735567331314087,1.0150178621748387
0,3.6934242248535156,-0.334028035402298,3.7384040355682373,1.0166127930677975
0,3.815843343734741,-0.3341314494609833,3.741342782974243,1.0182630511866024
0,3.938261032104492,-0.3342425227165222,3.7443535327911377,1.019859725104798
0,4.060458660125732,-0.33436113595962524,3.747378349304199,1.0214134194734144
0,4.181564807891846,-0.3344861567020416,3.750351905822754,1.022742905400639
0,4.302672386169434,-0.3346184492111206,3.7532665729522705,1.0239133602949415
0,4.420535564422607,-0.3347538709640503,3.756006956100464,1.0248762217843377
0,4.5384016036987305,-0.3348957300186157,3.7586309909820557,1.0254858849897965
0,4.649929523468018,-0.33503565192222595,3.760985851287842,1.0258614973292548
0,4.752986431121826,-0.3351697623729706,3.7630412578582764,1.0259749619214598
0,4.856046199798584,-0.335308313369751,3.7649786472320557,1.0257289612555696
0,4.951216697692871,-0.3354400098323822,3.7666656970977783,1.0252704077855261
0,5.041195392608643,-0.33556753396987915,3.7681808471679688,1.0246235650386437
0,5.1287407875061035,-0.3356941044330597,3.7695937156677246,1.023807036526703
0,5.2155022621154785,-0.3358215391635895,3.770951747894287,1.0228385381712894
0,5.3021087646484375,-0.33595019578933716,3.7722859382629395,1.0217392986272373
0,5.388700485229492,-0.33607974648475647,3.7736213207244873,1.020527363986485
0,5.475292205810547,-0.3362095355987549,3.77498197555542,1.0192611346684861
0,5.561883449554443,-0.3363388180732727,3.7763941287994385,1.017985281970041
0,5.648472785949707,-0.33646655082702637,3.7778854370117188,1.0167445224384943
0,5.735060214996338,-0.33659154176712036,3.779482364654541,1.0155867686307363
0,5.8216447830200195,-0.33671215176582336,3.7812108993530273,1.0145629898303299
0,5.908222198486328,-0.33682647347450256,3.783093214035034,1.0137252382695987
0,5.994784355163574,-0.3369331955909729,3.7851479053497314,1.013140211432818
0,6.08134126663208,-0.3370334208011627,3.7873878479003906,1.012867474613639
0,6.167943000793457,-0.3371320068836212,3.789820432662964,1.0129078259816697
0,6.255325794219971,-0.33724021911621094,3.792464017868042,1.0132534912309703
0,6.344232082366943,-0.33737912774086,3.7953267097473145,1.013856682478852
0,6.436390399932861,-0.3375934958457947,3.798431873321533,1.014663254873594
0,6.487595558166504,-0.33776140213012695,3.8002028465270996,1.0151221360848948
0,6.5113444328308105,-0.33785468339920044,3.8010334968566895,1.0153474161030758
0,6.535092353820801,-0.33795833587646484,3.8018698692321777,1.0155627152685278
0,6.5588202476501465,-0.33807262778282166,3.802711009979248,1.015774218170938
0,6.582436561584473,-0.3381972908973694,3.803553819656372,1.0159807682320683
0,6.606115818023682,-0.33833348751068115,3.8044040203094482,1.0161821630521999
0,6.629979610443115,-0.3384822905063629,3.8052661418914795,1.0163778516573883
0,6.653931140899658,-0.3386436104774475,3.8061363697052,1.01656542217416
0,6.6779680252075195,-0.3388177752494812,3.8070144653320312,1.016742843052595
0,6.702085971832275,-0.3390052020549774,3.8079001903533936,1.01690773665237
0,6.726203441619873,-0.3392055630683899,3.808790445327759,1.0170560134095978
0,6.750397205352783,-0.3394199311733246,3.809687614440918,1.0171875304538416
0,6.774661064147949,-0.33964863419532776,3.810591459274292,1.0173000588167878
0,6.798990249633789,-0.33989211916923523,3.8115017414093018,1.017391615344814
0,6.823379039764404,-0.3401508033275604,3.812417984008789,1.0174604620430663
0,6.847822189331055,-0.340425044298172,3.813339948654175,1.0175048679457104
0,6.872314453125,-0.3407151997089386,3.81426739692688,1.0175231078368623
0,6.896850109100342,-0.34102165699005127,3.815199851989746,1.017514057966695
0,6.921427249908447,-0.3413447141647339,3.8161370754241943,1.0174765995113566
0,6.946043491363525,-0.3416847288608551,3.817079544067383,1.0174100954783765
0,6.970694065093994,-0.34204187989234924,3.818026542663574,1.0173155322664111
0,6.995155334472656,-0.3424130082130432,3.818969964981079,1.0171930917283512
0,7.019643306732178,-0.3428013324737549,3.819917917251587,1.0170401528387791
0,7.044130802154541,-0.3432065546512604,3.8208696842193604,1.0168574941365753
0,7.068639278411865,-0.3436291515827179,3.821826457977295,1.0166465098413198
0,7.093164443969727,-0.3440690338611603,3.8227884769439697,1.0164082273947674
0,7.117701053619385,-0.34452617168426514,3.8237555027008057,1.0161434349668175
0,7.142244338989258,-0.34500038623809814,3.82472825050354,1.0158533982012465
0,7.166789531707764,-0.3454914689064026,3.825706720352173,1.015539502273385
0,7.1913323402404785,-0.34599921107292175,3.8266916275024414,1.0152031367702437
0,7.21586799621582,-0.34652331471443176,3.827683448791504,1.0148459336138818
0,7.240392208099365,-0.3470633924007416,3.8286824226379395,1.014469649785679
0,7.264900207519531,-0.34761911630630493,3.8296892642974854,1.0140760484331788
0,7.289388656616211,-0.348190039396286,3.830704689025879,1.0136671336521539
0,7.313852787017822,-0.3487757444381714,3.8317296504974365,1.0132418468154205
0,7.3382887840271,-0.34937578439712524,3.8327648639678955,1.01280970188475
0,7.3631591796875,-0.35000118613243103,3.8338310718536377,1.0123630797949548
0,7.387762069702148,-0.35063424706459045,3.834899663925171,1.0119000294623397
0,7.411824703216553,-0.3512672483921051,3.8359603881835938,1.0114469003955127
0,7.436599254608154,-0.3519323170185089,3.837069272994995,1.0109855643142602
0,7.460990905761719,-0.3526002764701843,3.838179349899292,1.010520994674147
0,7.485339641571045,-0.3532797396183014,3.8393077850341797,1.0100636217212164
0,7.509642124176025,-0.3539701998233795,3.840456247329712,1.0096142503392633
0,7.533722877502441,-0.3546661138534546,3.8416175842285156,1.0091815901105976
0,7.557754993438721,-0.35537195205688477,3.842802047729492,1.0087666436634326
0,7.582517623901367,-0.35611093044281006,3.8440515995025635,1.0083516827260126
0,7.606392860412598,-0.35683465003967285,3.8452870845794678,1.0079905173790904
0,7.630214691162109,-0.3575672507286072,3.8465516567230225,1.0076714438661547
0,7.653979778289795,-0.3583083748817444,3.8478477001190186,1.0073941329236593
0,7.6776862144470215,-0.35905778408050537,3.849177360534668,1.007169429083021
0,7.70133113861084,-0.3598152697086334,3.85054349899292,1.0070070273608793
0,7.725074291229248,-0.3605857491493225,3.8519577980041504,1.0069222217347427
0,7.749083518981934,-0.36137473583221436,3.853433609008789,1.0069241052165205
0,7.7725677490234375,-0.36215639114379883,3.854926347732544,1.0070320118796585
0,7.795980930328369,-0.36294546723365784,3.856466054916382,1.0072689955658913
0,7.819321155548096,-0.36374202370643616,3.858055353164673,1.0076597579994482
0,7.842007637023926,-0.36452633142471313,3.8596572875976562,1.0082174432822908
0,7.86530065536499,-0.36534184217453003,3.861361026763916,1.008999554419236
0,7.888524532318115,-0.3661658763885498,3.8631229400634766,1.0100372324336202
0,7.911677360534668,-0.3669988214969635,3.864945650100708,1.0113534497551946
0,7.934609413146973,-0.36783528327941895,3.866816997528076,1.0129754315110466
0,7.957474708557129,-0.3686807453632355,3.868748426437378,1.0149922714753046
0,7.980273246765137,-0.36953505873680115,3.870737314224243,1.0175029636787367
0,8.003003120422363,-0.3703983724117279,3.872779369354248,1.0206860371912938
0,8.025665283203125,-0.3712729215621948,3.8748717308044434,1.0248853332280377
0,8.048257827758789,-0.3721669316291809,3.877016544342041,1.0307895988471332
0,8.070778846740723,-0.3730992376804352,3.8792192935943604,1.039588319735274
0,8.09322738647461,-0.37409430742263794,3.8814613819122314,1.0522139166387798
0,8.115612983703613,-0.3751569092273712,3.8836629390716553,1.0679141196713764
0,8.137929916381836,-0.3762587308883667,3.8856852054595947,1.0840050362089313
0,8.160208702087402,-0.37735623121261597,3.887378692626953,1.0972872085479202
0,8.182156562805176,-0.3783915340900421,3.8886144161224365,1.104872192323034
0,8.204316139221191,-0.37935206294059753,3.889397144317627,1.1040019601082693
0,8.22642707824707,-0.3802115023136139,3.889821767807007,1.0943606477538246
0,8.248542785644531,-0.3809899389743805,3.8900768756866455,1.0797203176861674
0,8.27047061920166,-0.38171520829200745,3.8903310298919678,1.065052749132548
0,8.292336463928223,-0.3824208378791809,3.8906819820404053,1.0531211675378243
0,8.314140319824219,-0.38312235474586487,3.8911454677581787,1.0449129971627007
0,8.335882186889648,-0.38382482528686523,3.8916845321655273,1.0398290944565092
0,8.357563972473145,-0.3845299482345581,3.8922576904296875,1.0367272383824602
0,8.379202842712402,-0.38523992896080017,3.892840623855591,1.0347014323658044
0,8.400834083557129,-0.38595786690711975,3.8934216499328613,1.033290480853429
0,8.422465324401855,-0.3866848647594452,3.8939931392669678,1.0323307828074215
0,8.444096565246582,-0.38741984963417053,3.894548177719116,1.0316097858398268
0,8.465727806091309,-0.38815999031066895,3.8950793743133545,1.0309691905460847
0,8.487360000610352,-0.3889015316963196,3.895580530166626,1.030296392826853
0,8.508993148803711,-0.38964080810546875,3.8960464000701904,1.0295035126406613
0,8.530627250671387,-0.3903745114803314,3.8964734077453613,1.0285224012698415
0,8.552262306213379,-0.3910999894142151,3.8968610763549805,1.0273010477423445
0,8.573897361755371,-0.39181530475616455,3.8972108364105225,1.0257838522103075
0,8.595534324645996,-0.39251962304115295,3.897526979446411,1.0239434677974133
0,8.617172241210938,-0.3932129442691803,3.8978159427642822,1.0218571602646644
0,8.638810157775879,-0.39389631152153015,3.898085355758667,1.019596354326305
0,8.660449028015137,-0.3945715129375458,3.8983447551727295,1.01724620288633
0,8.682087898254395,-0.39524078369140625,3.89860200881958,1.0148911824668037
0,8.703725814819336,-0.3959064185619354,3.8988633155822754,1.0126042151736132
0,8.725364685058594,-0.39657044410705566,3.8991317749023438,1.010435376537774
0,8.747003555297852,-0.397234171628952,3.8994076251983643,1.0084177726724994
0,8.76864242553711,-0.39789828658103943,3.8996894359588623,1.0065049953492775
0,8.79028034210205,-0.39856261014938354,3.8999733924865723,1.0046525206331078
0,8.811919212341309,-0.39922651648521423,3.900256633758545,1.0028185222289343
0,8.833558082580566,-0.39988914132118225,3.900536298751831,1.0009676289634273
0,8.855196952819824,-0.4005494713783264,3.900810480117798,0.9990721817277365
0,8.876835823059082,-0.4012065529823303,3.901078462600708,0.9971122329191625
0,8.89847469329834,-0.4018596410751343,3.9013407230377197,0.9950680108395086
0,8.920113563537598,-0.4025082588195801,3.9015984535217285,0.9929352712158339
0,8.941753387451172,-0.4031522870063782,3.9018537998199463,0.9907301690517438
0,8.963393211364746,-0.40379178524017334,3.902109146118164,0.9884646028401808
0,8.98503303527832,-0.4044272303581238,3.902367353439331,0.9861513571281824
0,9.006672859191895,-0.405059278011322,3.9026312828063965,0.9838012130788328
0,9.028312683105469,-0.4056885838508606,3.902902364730835,0.9814209631729258
0,9.049952507019043,-0.4063158631324768,3.9031822681427,0.9790108589071783
0,9.071592330932617,-0.4069414734840393,3.903470754623413,0.9765507010672246
0,9.093231201171875,-0.4075656533241272,3.9037671089172363,0.9740348502130864
0,9.11487102508545,-0.4081883132457733,3.9040701389312744,0.9714465558227777
0,9.136510848999023,-0.40880921483039856,3.9043784141540527,0.9687691968053217
0,9.158149719238281,-0.4094278812408447,3.9046905040740967,0.9659873511809015
0,9.179789543151855,-0.4100438058376312,3.9050052165985107,0.963087174384113
0,9.20142936706543,-0.41065648198127747,3.9053215980529785,0.9600578250843835
0,9.223069190979004,-0.4112655222415924,3.905639886856079,0.9568736519957101
0,9.244709014892578,-0.4118705987930298,3.9059596061706543,0.9535314772908252
0,9.266348838806152,-0.4124715328216553,3.9062812328338623,0.9500401534974401
0,9.287988662719727,-0.4130682647228241,3.9066052436828613,0.9463957544704007
0,9.3096284866333,-0.41366079449653625,3.9069316387176514,0.9425938165105205
0,9.331268310546875,-0.4142492115497589,3.9072604179382324,0.9386295012996975
0,9.352909088134766,-0.4148336946964264,3.9075913429260254,0.9344970391325443
0,9.37454891204834,-0.41541439294815063,3.907923460006714,0.9301860248613115
0,9.39618968963623,-0.41599148511886597,3.9082555770874023,0.9256671542838344
0,9.417829513549805,-0.4165652096271515,3.9085869789123535,0.9209720733814807
0,9.439470291137695,-0.41713589429855347,3.9089159965515137,0.9161038952868757
0,9.461111068725586,-0.4177039563655853,3.9092416763305664,0.9110689963304068
0,9.482751846313477,-0.418270081281662,3.9095633029937744,0.9058763895939231
0,9.504392623901367,-0.4188350439071655,3.9098801612854004,0.9005378092406875
0,9.526033401489258,-0.4193999767303467,3.9101920127868652,0.8950670223620978
0,9.547675132751465,-0.4199662506580353,3.910499095916748,0.8894672985286917
0,9.569315910339355,-0.4205354154109955,3.910801410675049,0.8837677655501672
0,9.590956687927246,-0.42110928893089294,3.911100149154663,0.8779910751460118
0,9.612597465515137,-0.4216899573802948,3.911395788192749,0.8721524171062239
0,9.634238243103027,-0.4222797155380249,3.911689519882202,0.8662668649628796
0,9.655878067016602,-0.42288103699684143,3.911982297897339,0.860348756395434
0,9.677518844604492,-0.42349645495414734,3.912275791168213,0.8544111720518431
0,9.69915771484375,-0.42412886023521423,3.912571430206299,0.8484669862651949
0,9.720796585083008,-0.42478108406066895,3.9128711223602295,0.8425315688015041
0,9.74243450164795,-0.42545613646507263,3.9131765365600586,0.8366232382386954
0,9.764071464538574,-0.4261570870876312,3.913490056991577,0.8307478447096976
0,9.785706520080566,-0.42688727378845215,3.913814067840576,0.8249108634273868
0,9.807341575622559,-0.42764991521835327,3.914151191711426,0.8191203668820753
0,9.828974723815918,-0.42844825983047485,3.914503574371338,0.8133835277523415
0,9.850605964660645,-0.42928546667099,3.91487455368042,0.80770651526245
0,9.872235298156738,-0.43016481399536133,3.915266752243042,0.8021024851271131
0,9.893861770629883,-0.43108949065208435,3.9156835079193115,0.7965748014886243
0,9.915485382080078,-0.4320625960826874,3.916128158569336,0.7911288664172828
0,9.93710708618164,-0.43308717012405396,3.9166038036346436,0.7857714105196697
0,9.958724975585938,-0.43416598439216614,3.917114019393921,0.7805097264768086
0,9.980339050292969,-0.4353017807006836,3.9176623821258545,0.7753518076945046
0,10.001948356628418,-0.43649694323539734,3.9182522296905518,0.7703061388050103
0,10.023552894592285,-0.43775373697280884,3.918886661529541,0.7653868733417577
0,10.04515266418457,-0.4390740990638733,3.9195690155029297,0.7606033729664143
0,10.066746711730957,-0.4404596984386444,3.920302391052246,0.7559492093028963
0,10.088334083557129,-0.4419117271900177,3.9210901260375977,0.7514304896828247
0,10.109914779663086,-0.4434308409690857,3.921934127807617,0.7470606759439838
0,10.131487846374512,-0.4450169503688812,3.922835350036621,0.7428459285059069
0,10.153060913085938,-0.44667112827301025,3.9237937927246094,0.7387774253410637
0,10.174696922302246,-0.44840046763420105,3.9248130321502686,0.7348287703663833
0,10.19632339477539,-0.4502023756504059,3.925891399383545,0.7310432909805176
0,10.218262672424316,-0.45210811495780945,3.927048444747925,0.7274337648774853
0,10.24109172821045,-0.4541771411895752,3.9283227920532227,0.7239138038969264
0,10.265612602233887,-0.45649972558021545,3.9297752380371094,0.7203897969368487
0,10.292337417602539,-0.4591519236564636,3.931462049484253,0.7169894100408001
0,10.319042205810547,-0.4619302749633789,3.933260440826416,0.7138925562867104
0,10.347689628601074,-0.4650565981864929,3.9353232383728027,0.7109151582636697
0,10.376309394836426,-0.4683329463005066,3.937527894973755,0.7083983429388822
0,10.406059265136719,-0.47190362215042114,3.9399797916412354,0.706114964712014
0,10.436213493347168,-0.4756970703601837,3.9426403045654297,0.704323939417047
0,10.466330528259277,-0.47966066002845764,3.945476531982422,0.7030589228591758
0,10.496505737304688,-0.4838058054447174,3.948504686355591,0.7022280020682209
0,10.526638984680176,-0.48811614513397217,3.951716184616089,0.7020341903816671
0,10.556737899780273,-0.4925882816314697,3.955113410949707,0.7022471975139372
0,10.5867919921875,-0.497213751077652,3.9586949348449707,0.7030636554474902
0,10.616802215576172,-0.501985490322113,3.9624571800231934,0.7044250687799222
0,10.646766662597656,-0.506891667842865,3.966395139694214,0.7062787900323084
0,10.676688194274902,-0.5119233131408691,3.9705018997192383,0.7087801815630517
0,10.706567764282227,-0.517069399356842,3.9747698307037354,0.7116482758696537
0,10.736408233642578,-0.5223162174224854,3.9791903495788574,0.7150900967511924
0,10.76621150970459,-0.5276526212692261,3.9837520122528076,0.7190245984007194
0,10.795981407165527,-0.5330600738525391,3.988441228866577,0.7233884679615598
0,10.825723648071289,-0.5385259985923767,3.9932444095611572,0.7282948718245428
0,10.855440139770508,-0.544035792350769,3.9981470108032227,0.7334615041061265
0,10.885138511657715,-0.5495721697807312,4.0031328201293945,0.7391078831624541
0,10.914822578430176,-0.555121898651123,4.008185386657715,0.7451507723389684
0,10.944500923156738,-0.5606637001037598,4.013285160064697,0.7514775382727487
0,10.974177360534668,-0.5661855340003967,4.018414497375488,0.7581614105563904
0,11.00385856628418,-0.5716699957847595,4.023555278778076,0.764974066919626
0,11.033552169799805,-0.5770994424819946,4.028685569763184,0.7721687235397953
0,11.063262939453125,-0.5824602842330933,4.033786296844482,0.7795615879655013
0,11.092999458312988,-0.587734043598175,4.038833141326904,0.7871120760563535
0,11.122763633728027,-0.5929128527641296,4.043811321258545,0.794811545171034
0,11.15256118774414,-0.5979822278022766,4.048699855804443,0.8025128205801765
0,11.18239688873291,-0.6029312014579773,4.053481578826904,0.8104404049277094
0,11.212272644042969,-0.6077504754066467,4.058141708374023,0.8183932141121564
0,11.242194175720215,-0.6124267578125,4.062661170959473,0.8263750458476646
0,11.272161483764648,-0.6169552803039551,4.067030906677246,0.8343715301118068
0,11.302184104919434,-0.6213244795799255,4.071235656738281,0.8422531718618729
0,11.332279205322266,-0.6255286931991577,4.075263977050781,0.8501940138842287
0,11.362422943115234,-0.6295576691627502,4.079102516174316,0.8580959478372537
0,11.392681121826172,-0.6334091424942017,4.0827436447143555,0.8659556694978265
0,11.42298698425293,-0.6370722055435181,4.0861735343933105,0.8737170907371125
0,11.453478813171387,-0.6405547261238098,4.089394569396973,0.8813609880778828
0,11.48426628112793,-0.6438570022583008,4.092405319213867,0.8890553101757778
0,11.515097618103027,-0.6469451785087585,4.0951738357543945,0.8966361920810878
0,11.551247596740723,-0.6502924561500549,4.098101615905762,0.905436695921933
0,11.58745002746582,-0.6533459424972534,4.1006693840026855,0.9137779540635077
0,11.653155326843262,-0.658149003982544,4.104486465454102,0.9283702518140786
0,11.718977928161621,-0.662021815776825,4.107180118560791,0.9423975861385258
0,11.784883499145508,-0.6649839878082275,4.10878324508667,0.9549547353080647
0,11.914667129516602,-0.6682937741279602,4.108977317810059,0.9770427941665907
0,12.044447898864746,-0.6686400175094604,4.105520725250244,0.9956437886343101
0,12.166089057922363,-0.6666457653045654,4.099264621734619,1.0111119710146206
0,12.287875175476074,-0.6627660393714905,4.090500831604004,1.0233275619158015
0,12.40942096710205,-0.6572762131690979,4.079536437988281,1.0340782553782115
0,12.530919075012207,-0.650593638420105,4.066761016845703,1.0437774663487964
0,12.619757652282715,-0.6450848579406738,4.056382179260254,1.0492728594968277
1,1.7769564390182495,0.7134480476379395,2.2997939586639404,1.0074614654164
1,1.8994078636169434,0.7138803005218506,2.3018829822540283,1.0082211556326446
1,2.0218608379364014,0.7143518328666687,2.304105520248413,1.00897584278178
1,2.14431095123291,0.7148641347885132,2.3064675331115723,1.0097068402334262
1,2.266758441925049,0.7154195308685303,2.308979034423828,1.0104231305156024
1,2.389202117919922,0.7160197496414185,2.3116567134857178,1.0110944160675097
1,2.511641502380371,0.7166661024093628,2.31451416015625,1.0117321464598525
1,2.63407564163208,0.717360258102417,2.3175792694091797,1.0123374908731693
1,2.7565035820007324,0.7181033492088318,2.320876359939575,1.0128850158528224
1,2.8789234161376953,0.7188969850540161,2.3244380950927734,1.013415692897713
1,3.0013339519500732,0.7197430729866028,2.328307867050171,1.0139166335340581
1,3.123732566833496,0.7206432223320007,2.332517147064209,1.01444510294062
1,3.246116876602173,0.7216004729270935,2.3371169567108154,1.0149981075941699
1,3.3684840202331543,0.7226191163063049,2.34213924407959,1.0157124816820846
1,3.4908313751220703,0.7237046360969543,2.3476109504699707,1.0165636837589285
1,3.6131575107574463,0.7248707413673401,2.3535268306732178,1.0176527851849173
1,3.735462188720703,0.7261283993721008,2.3598504066467285,1.0191023044516938
1,3.85772967338562,0.7274978160858154,2.3664753437042236,1.0207222157841873
1,3.9797680377960205,0.7289830446243286,2.3732492923736572,1.0225460839031302
1,4.101803302764893,0.7305908799171448,2.3800570964813232,1.0243057310163053
1,4.222753047943115,0.7323063611984253,2.3866684436798096,1.0259681459694834
1,4.343714237213135,0.7341501116752625,2.393038511276245,1.0273776750216943
1,4.461449146270752,0.7360812425613403,2.398867607116699,1.0285741908715151
1,4.572870254516602,0.7380537986755371,2.4039206504821777,1.029316633680242
1,4.684311389923096,0.7401854395866394,2.408433675765991,1.0295729900811996
1,4.787304878234863,0.7423227429389954,2.412013292312622,1.0294058454467674
1,4.882427215576172,0.7444615364074707,2.4147491455078125,1.0287747629476591
1,4.977560043334961,0.7467804551124573,2.4168922901153564,1.0274523920898395
1,5.067508697509766,0.7491596937179565,2.418348550796509,1.0256923333900323
1,5.155025005340576,0.7516683340072632,2.4192326068878174,1.023489468479483
1,5.241754531860352,0.7543621063232422,2.419607162475586,1.0208330383340314
1,5.328321933746338,0.7572774291038513,2.4195117950439453,1.0177174853928557
1,5.414865016937256,0.7604410648345947,2.4189858436584473,1.014142987719677
1,5.5021820068359375,0.7639128565788269,2.41806697845459,1.0100846820998948
1,5.59262228012085,0.7678353786468506,2.416764974594116,1.0054786210643776
1,5.683041572570801,0.7721229195594788,2.415170431137085,1.0006098166634527
1,5.7771735191345215,0.7770187854766846,2.413264513015747,0.9952789862699145
1,5.874800205230713,0.7826154828071594,2.4110898971557617,0.989479853034856
1,5.975546836853027,0.7890051603317261,2.4087045192718506,0.9832315653293612
1,6.078894138336182,0.7962729930877686,2.40619158744812,0.9765918902559457
1,6.182184219360352,0.8043187856674194,2.403701066970825,0.9698359993653067
1,6.287418842315674,0.8133770823478699,2.4012882709503174,0.9628428527784755
1,6.393850803375244,0.8234677314758301,2.3990962505340576,0.9557446314084561
1,6.5006842613220215,0.8345571756362915,2.3972713947296143,0.948643261850545
1,6.6064910888671875,0.8465154767036438,2.395979166030884,0.9417459364297944
1,6.712186336517334,0.8594723343849182,2.395359992980957,0.9327628173353015
1,6.739187240600586,0.8629533052444458,2.395329236984253,0.9305258425390042
1,6.765920162200928,0.8664719462394714,2.3953566551208496,0.9282737416263158
1,6.792494773864746,0.8700420260429382,2.3954427242279053,0.9259849246782875
1,6.818964004516602,0.8736704587936401,2.3955888748168945,0.9236547729154466
1,6.8453521728515625,0.8773611783981323,2.39579701423645,0.921254569162226
1,6.871786594390869,0.8811315894126892,2.3960695266723633,0.9189067038968786
1,6.898390293121338,0.8850002288818359,2.396409034729004,0.9164062696567806
1,6.92463493347168,0.8888927102088928,2.39681339263916,0.9138648298327487
1,6.950814247131348,0.8928515315055847,2.397287607192993,0.9112858565859528
1,6.976881980895996,0.8968697786331177,2.397831916809082,0.9086838962059087
1,7.002861499786377,0.9009513854980469,2.3984477519989014,0.9060404138200766
1,7.028834819793701,0.9051102995872498,2.399139881134033,0.9033488303249182
1,7.054716110229492,0.9093337655067444,2.3999080657958984,0.9006187802971898
1,7.080501079559326,0.9136219620704651,2.4007530212402344,0.8978550597842407
1,7.106186389923096,0.9179749488830566,2.4016759395599365,0.895059698155855
1,7.13185453414917,0.9224080443382263,2.4026808738708496,0.8922256661320834
1,7.157418727874756,0.926907479763031,2.4037656784057617,0.8893764277761295
1,7.182979583740234,0.9314920902252197,2.4049367904663086,0.8865075958178082
1,7.208435535430908,0.936145007610321,2.406191110610962,0.8836315820397364
1,7.233784198760986,0.9408668279647827,2.407528877258301,0.8807524901533225
1,7.259117126464844,0.9456765055656433,2.4089558124542236,0.877867092076497
1,7.2843403816223145,0.9505575895309448,2.4104676246643066,0.8749963754891104
1,7.3095622062683105,0.9555326700210571,2.4120726585388184,0.8721412843247793
1,7.334673881530762,0.9605818390846252,2.4137661457061768,0.8693167409677194
1,7.35967493057251,0.9657061100006104,2.415548086166382,0.8665321719276575
1,7.38456392288208,0.9709065556526184,2.417418956756592,0.8637974973256828
1,7.4093403816223145,0.9761841893196106,2.4193787574768066,0.8611230126263588
1,7.434115886688232,0.9815640449523926,2.4214375019073486,0.85850594705985
1,7.4587788581848145,0.9870238304138184,2.423586368560791,0.855963223063355
1,7.483330249786377,0.9925651550292969,2.425823926925659,0.8534778143373671
1,7.5078606605529785,0.9982118010520935,2.428156852722168,0.8510452878826305
1,7.532277584075928,1.0039441585540771,2.430574655532837,0.8487674451512353
1,7.557269096374512,1.009926199913025,2.4331445693969727,0.8465403685810505
1,7.582181453704834,1.0160090923309326,2.4357993602752686,0.8443411765375359
1,7.606224060058594,1.0220003128051758,2.4384477138519287,0.8423904984030876
1,7.630488872528076,1.0281710624694824,2.4412033557891846,0.8404955923780204
1,7.654767990112305,1.0344756841659546,2.44404935836792,0.8389034460493952
1,7.678908824920654,1.0408655405044556,2.4469709396362305,0.8374075518828386
1,7.702877521514893,1.0473068952560425,2.4499728679656982,0.835670560746448
1,7.726873397827148,1.0537974834442139,2.453080892562866,0.8333150283831365
1,7.750661849975586,1.0601900815963745,2.45625901222229,0.8300936446890315
1,7.773952484130859,1.0663057565689087,2.4594671726226807,0.8259999282229088
1,7.797293663024902,1.072152018547058,2.4628095626831055,0.8203426697535151
1,7.820923805236816,1.0775833129882812,2.4663963317871094,0.8127692105979042
1,7.8456010818481445,1.0826159715652466,2.470390558242798,0.8040506672306299
1,7.870283603668213,1.0870789289474487,2.474571943283081,0.7960771282291126
1,7.894939422607422,1.091226577758789,2.478799819946289,0.7898229951310635
1,7.919545650482178,1.0952849388122559,2.4829723834991455,0.7849647380894025
1,7.944095134735107,1.0993678569793701,2.487048864364624,0.7808220169304272
1,7.968576431274414,1.1034908294677734,2.491029977798462,0.7772177434314532
1,7.993032455444336,1.1076253652572632,2.4949545860290527,0.7740700997996756
1,8.017419815063477,1.1117119789123535,2.498859167098999,0.7711991566636957
1,8.041741371154785,1.1157019138336182,2.502779245376587,0.7684696428668941
1,8.065996170043945,1.1195528507232666,2.5067403316497803,0.7657801653619858
1,8.090173721313477,1.1232341527938843,2.5107529163360596,0.7631161704020251
1,8.11428451538086,1.1267290115356445,2.5148239135742188,0.7604622734461749
1,8.138352394104004,1.130030632019043,2.518955945968628,0.7578296670411215
1,8.16235065460205,1.13313627243042,2.5231382846832275,0.7553400403627635
1,8.18627643585205,1.136054277420044,2.527360200881958,0.7530241971202106
1,8.210127830505371,1.138797402381897,2.5316104888916016,0.7507919397113397
1,8.23387336730957,1.1413768529891968,2.5358715057373047,0.7487711856492375
1,8.257539749145508,1.1438095569610596,2.540138006210327,0.7469611571391549
1,8.2811279296875,1.1461063623428345,2.544400215148926,0.745328254651328
1,8.304637908935547,1.148275375366211,2.548650026321411,0.7438930613475282
1,8.328084945678711,1.1503236293792725,2.5528831481933594,0.7425101228214193
1,8.351509094238281,1.1522549390792847,2.557101249694824,0.7410075975702622
1,8.374871253967285,1.1540663242340088,2.5612919330596924,0.7395580442440227
1,8.398173332214355,1.1557590961456299,2.565448522567749,0.7381322109554562
1,8.421416282653809,1.1573340892791748,2.5695650577545166,0.7366911285825093
1,8.444528579711914,1.1587889194488525,2.5736212730407715,0.7352175669354334
1,8.467583656311035,1.1601310968399048,2.577622652053833,0.7337047928839168
1,8.490582466125488,1.1613649129867554,2.581561803817749,0.7320526292446453
1,8.513556480407715,1.1624975204467773,2.585435628890991,0.7303203888639065
1,8.53647518157959,1.163533329963684,2.5892300605773926,0.7285297840087291
1,8.559269905090332,1.1644762754440308,2.5929253101348877,0.7266781796264347
1,8.582012176513672,1.1653363704681396,2.596524715423584,0.7247654512178943
1,8.604703903198242,1.1661205291748047,2.60002064704895,0.7227857103939004
1,8.627345085144043,1.1668353080749512,2.603404998779297,0.7207337221425522
1,8.649937629699707,1.1674875020980835,2.606670618057251,0.7186052168162387
1,8.67248249053955,1.1680837869644165,2.6098101139068604,0.7163364939238385
1,8.694994926452637,1.168631911277771,2.6128182411193848,0.7139441032145137
1,8.717395782470703,1.1691365242004395,2.615678548812866,0.7114901326565223
1,8.739749908447266,1.1696057319641113,2.6183931827545166,0.7089758392865302
1,8.762060165405273,1.1700459718704224,2.620957136154175,0.7064074607604182
1,8.78432559967041,1.1704633235931396,2.6233646869659424,0.7037932186215868
1,8.806548118591309,1.1708641052246094,2.625610828399658,0.701142473900643
1,8.828725814819336,1.1712547540664673,2.6276912689208984,0.698465696890546
1,8.850860595703125,1.171641230583191,2.62960147857666,0.695774011173259
1,8.872952461242676,1.1720298528671265,2.6313374042510986,0.6930789112370535
1,8.895001411437988,1.1724265813827515,2.6328957080841064,0.6903930688464561
1,8.917007446289062,1.172837257385254,2.634272575378418,0.6877230664932777
1,8.938974380493164,1.1732677221298218,2.635465145111084,0.6850786305061841
1,8.960896492004395,1.1737232208251953,2.6364705562591553,0.6824828587109828
1,8.982769012451172,1.1742087602615356,2.637286424636841,0.6799338983325851
1,9.004597663879395,1.174729347229004,2.6379106044769287,0.6774411560140595
1,9.026382446289062,1.1752896308898926,2.6383414268493652,0.6750094466669153
1,9.048091888427734,1.1758930683135986,2.6385767459869385,0.6726617905305673
1,9.069802284240723,1.1765457391738892,2.6386163234710693,0.6703990729077304
1,9.091465950012207,1.177249789237976,2.638458490371704,0.6682276100960559
1,9.113102912902832,1.178009033203125,2.6381022930145264,0.6661404499322079
1,9.13473129272461,1.1788274049758911,2.6375460624694824,0.6641409666885565
1,9.156350135803223,1.1797075271606445,2.6367886066436768,0.6622365196934074
1,9.177959442138672,1.1806516647338867,2.635828733444214,0.6604310225926949
1,9.199555397033691,1.181661605834961,2.634666681289673,0.6587293882331022
1,9.221135139465332,1.1827387809753418,2.6333017349243164,0.6571433429918118
1,9.242698669433594,1.1838842630386353,2.631734848022461,0.6556592070514704
1,9.264243125915527,1.18509840965271,2.6299660205841064,0.6542765909166829
1,9.285765647888184,1.1863816976547241,2.6279966831207275,0.6529947624757122
1,9.307265281677246,1.1877336502075195,2.6258280277252197,0.6518121656436583
1,9.328739166259766,1.1891539096832275,2.6234614849090576,0.6507267132037662
1,9.350186347961426,1.1906414031982422,2.620899200439453,0.6497359430815484
1,9.371603965759277,1.192194938659668,2.618143081665039,0.6488406072505762
1,9.39299201965332,1.1938129663467407,2.6151955127716064,0.6480298040020569
1,9.414347648620605,1.1954939365386963,2.6120588779449463,0.6472802428573725
1,9.435670852661133,1.19723641872406,2.608736753463745,0.6466091356857242
1,9.45695972442627,1.1990379095077515,2.605232000350952,0.6460142478966409
1,9.478214263916016,1.2008960247039795,2.601547956466675,0.6454893328500508
1,9.499431610107422,1.202807903289795,2.597688674926758,0.6450290558741593
1,9.520612716674805,1.2047706842422485,2.593658447265625,0.6446254187629662
1,9.541757583618164,1.2067815065383911,2.589460849761963,0.6442775489463769
1,9.562864303588867,1.2088377475738525,2.585099935531616,0.6439777928516167
1,9.58393383026123,1.2109363079071045,2.580580711364746,0.6437328078161249
1,9.604965209960938,1.2130742073059082,2.575906753540039,0.6435396042510598
1,9.625959396362305,1.2152483463287354,2.571082353591919,0.6433954766461354
1,9.646915435791016,1.2174553871154785,2.5661120414733887,0.6432845960348719
1,9.667834281921387,1.2196924686431885,2.560999631881714,0.6432172192199428
1,9.688716888427734,1.2219572067260742,2.5557503700256348,0.6431949131752713
1,9.709562301635742,1.2242463827133179,2.550368547439575,0.643214642737431
1,9.730372428894043,1.2265568971633911,2.5448591709136963,0.6432649720754906
1,9.751148223876953,1.2288856506347656,2.539228677749634,0.6433523421594667
1,9.771889686584473,1.2312302589416504,2.533482551574707,0.6434816015651722
1,9.79259967803955,1.2335879802703857,2.527625560760498,0.6436448868862487
1,9.813277244567871,1.2359565496444702,2.5216622352600098,0.6438477461260562
1,9.833924293518066,1.2383332252502441,2.515596866607666,0.644089639787685
1,9.85454273223877,1.2407160997390747,2.509434700012207,0.644402754902331
1,9.87513256072998,1.243102788925171,2.503180980682373,0.6447614886794857
1,9.895695686340332,1.2454915046691895,2.496839761734009,0.6451386278651883
1,9.916232109069824,1.247879981994629,2.490415334701538,0.6455575880309916
1,9.936744689941406,1.250266432762146,2.483912229537964,0.646061551963695
1,9.957235336303711,1.2526487112045288,2.4773385524749756,0.6466026652221977
1,9.977705955505371,1.255025029182434,2.4706993103027344,0.6471925236651992
1,9.998156547546387,1.257393479347229,2.463999032974243,0.647830244257707
1,10.018589973449707,1.2597522735595703,2.457242965698242,0.6485517540572214
1,10.039008140563965,1.2620996236801147,2.450434923171997,0.6493271008126213
1,10.059412002563477,1.2644338607788086,2.4435794353485107,0.650156781347049
1,10.079801559448242,1.2667531967163086,2.436680555343628,0.6510695654415327
1,10.100181579589844,1.2690553665161133,2.4297428131103516,0.6520687085211799
1,10.120551109313965,1.2713384628295898,2.4227705001831055,0.6531051613047018
1,10.140912055969238,1.273600459098816,2.415766477584839,0.6541975713136681
1,10.161273002624512,1.2758395671844482,2.4087328910827637,0.6553976706638757
1,10.181696891784668,1.2780593633651733,2.4016568660736084,0.656659311050731
1,10.202423095703125,1.2802824974060059,2.3944592475891113,0.6580000123120467
1,10.2239990234375,1.2825623750686646,2.386953353881836,0.6594662952390282
1,10.245576858520508,1.2848024368286133,2.3794384002685547,0.6610360158212499
1,10.268768310546875,1.2871613502502441,2.371356964111328,0.6628071645589975
1,10.294068336486816,1.2896711826324463,2.362541675567627,0.6648109005548962
1,10.319376945495605,1.2921074628829956,2.353728771209717,0.6669424262782733
1,10.346561431884766,1.2946317195892334,2.3442771434783936,0.6693095028753521
1,10.373759269714355,1.2970514297485352,2.3348388671875,0.6717356303559671
1,10.402080535888672,1.2994440793991089,2.325040340423584,0.674380198988664
1,10.430843353271484,1.3017266988754272,2.3151280879974365,0.6770065346858577
1,10.459633827209473,1.3038477897644043,2.30525803565979,0.6797335490087854
1,10.488548278808594,1.3057931661605835,2.2954065799713135,0.6824183679071573
1,10.517494201660156,1.3075417280197144,2.285609483718872,0.6850693541364383
1,10.546483039855957,1.3090713024139404,2.2758736610412598,0.6877056824063074
1,10.575507164001465,1.3103655576705933,2.266206979751587,0.6901747693398708
1,10.604565620422363,1.311405897140503,2.2566165924072266,0.6926218089713421
1,10.633661270141602,1.312172293663025,2.2471115589141846,0.6948698618338827
1,10.662792205810547,1.3126511573791504,2.237697124481201,0.6969827830913402
1,10.691959381103516,1.3128222227096558,2.2283833026885986,0.6989442842685526
1,10.721160888671875,1.3126745223999023,2.219177722930908,0.700677319649964
1,10.750395774841309,1.3121907711029053,2.210088014602661,0.7022507157852589
1,10.77966022491455,1.3113601207733154,2.201124429702759,0.7035667636318804
1,10.808954238891602,1.310172200202942,2.1922945976257324,0.7046733753197177
1,10.838273048400879,1.3086156845092773,2.1836066246032715,0.7055541791242523
1,10.867613792419434,1.3066864013671875,2.1750707626342773,0.7062053430712923
1,10.896973609924316,1.3043757677078247,2.166693925857544,0.7066116441069191
1,10.926346778869629,1.3016812801361084,2.1584835052490234,0.7068017867267038
1,10.955731391906738,1.2986009120941162,2.150449275970459,0.7067464820950325
1,10.985123634338379,1.2951345443725586,2.142601490020752,0.7064386638350529
1,11.014518737792969,1.2912834882736206,2.1349472999572754,0.7059259717694362
1,11.043912887573242,1.2870521545410156,2.1274945735931396,0.705202478430471
1,11.073302268981934,1.2824441194534302,2.1202476024627686,0.7042941165163196
1,11.102682113647461,1.2774641513824463,2.1132099628448486,0.70317616611307
1,11.132048606872559,1.2721219062805176,2.1063883304595947,0.7019056603505055
1,11.161399841308594,1.2664263248443604,2.09979248046875,0.7004379896408368
1,11.19073486328125,1.2603883743286133,2.0934243202209473,0.6988205550391938
1,11.220046997070312,1.254015326499939,2.0872862339019775,0.6970736765535028
1,11.249337196350098,1.2473225593566895,2.0813798904418945,0.6951716786571244
1,11.278604507446289,1.2403242588043213,2.075713872909546,0.6931953491022799
1,11.307851791381836,1.2330307960510254,2.0702877044677734,0.6910783881901806
1,11.337096214294434,1.225452184677124,2.065096616744995,0.6888749233171552
1,11.366312980651855,1.2176083326339722,2.060150146484375,0.6866113549073549
1,11.395566940307617,1.2095041275024414,2.0554418563842773,0.6842648433889531
1,11.42479419708252,1.201168179512024,2.0509793758392334,0.6818222920468301
1,11.454130172729492,1.1925803422927856,2.0467443466186523,0.6793384544820348
1,11.483682632446289,1.183729648590088,2.042729139328003,0.6769116044822615
1,11.513214111328125,1.1746997833251953,2.0389652252197266,0.6744633290821834
1,11.547768592834473,1.1639364957809448,2.034878969192505,0.6717216374786619
1,11.582307815551758,1.152997612953186,2.031147003173828,0.6687718086250737
1,11.616840362548828,1.141928791999817,2.027750015258789,0.6659894579761138
1,11.679409980773926,1.121625542640686,2.022477865219116,0.6611479286924522
1,11.747556686401367,1.0993257761001587,2.0180158615112305,0.6561012899771307
1,11.870983123779297,1.0593411922454834,2.013361692428589,0.6498521765033672
1,11.982375144958496,1.0243794918060303,2.01281476020813,0.6479515483017773
1,12.09920597076416,0.9900460243225098,2.0159761905670166,0.6498760478012382
1,12.21661376953125,0.9582571983337402,2.022545576095581,0.6558521405334411
1,12.334590911865234,0.9294809699058533,2.0320992469787598,0.6703153199303215
1,12.453420639038086,0.9038674831390381,2.0441386699676514,0.6884858298911278
1,12.572860717773438,0.8811019062995911,2.057705879211426,0.7078229739598346
1,12.692742347717285,0.8607062697410583,2.071906566619873,0.7259696147198015
1,12.812942504882812,0.842227041721344,2.0860447883605957,0.7434267264809138
1,12.933470726013184,0.8252632021903992,2.099543809890747,0.7599966138051367
1,13.0542631149292,0.8095016479492188,2.1121151447296143,0.7738551897657558
1,13.175292015075684,0.7947158217430115,2.1236276626586914,0.787293465209249
1,13.296509742736816,0.7807424664497375,2.134098529815674,0.7993276997665837
1,13.417891502380371,0.767464816570282,2.143526077270508,0.8109545502994403
1,13.539386749267578,0.7548079490661621,2.1519570350646973,0.8223568579419296
1,13.554914474487305,0.7532327771186829,2.1529605388641357,0.8237688397880442
2,0.8004205226898193,0.7879878282546997,2.537086009979248,1.001541603570311
2,0.9192046523094177,0.7881776094436646,2.537954568862915,1.0019946464802716
2,1.0401109457015991,0.7883989810943604,2.5389509201049805,1.0024924004993174
2,1.1610161066055298,0.7886494398117065,2.5400593280792236,1.0030497615768126
2,1.2829461097717285,0.7889323830604553,2.541289806365967,1.0036320656477844
2,1.4052664041519165,0.7892482280731201,2.5426371097564697,1.004253360565377
2,1.5275852680206299,0.7895973324775696,2.544097661972046,1.004896823037698
2,1.6500186920166016,0.78998202085495,2.5456738471984863,1.005553362469947
2,1.7724761962890625,0.7904039621353149,2.5473668575286865,1.006228008200319
2,1.8949320316314697,0.7908649444580078,2.549179792404175,1.0069024247583984
2,2.0173895359039307,0.7913674712181091,2.5511200428009033,1.0075765336292706
2,2.1398448944091797,0.7919130325317383,2.5531938076019287,1.0082381322651555
2,2.2622978687286377,0.7925037741661072,2.5554139614105225,1.0088921586095199
2,2.3847475051879883,0.7931413650512695,2.5577971935272217,1.0095194812430486
2,2.5071933269500732,0.7938271164894104,2.5603585243225098,1.0101317191299442
2,2.629634380340576,0.7945627570152283,2.5631263256073,1.0107276737504
2,2.7520697116851807,0.7953495979309082,2.566122531890869,1.0113067733941334
2,2.874497890472412,0.7961893081665039,2.5693790912628174,1.0118887268132575
2,2.996917724609375,0.7970842123031616,2.5729339122772217,1.0124865583075724
2,3.1193270683288574,0.7980360984802246,2.5768134593963623,1.0131441558691758
2,3.2417237758636475,0.799048662185669,2.5810577869415283,1.013853159565759
2,3.3641059398651123,0.8001265525817871,2.5856854915618896,1.014755233081094
2,3.4864718914031982,0.8012757301330566,2.590711832046509,1.0157841650003763
2,3.608820915222168,0.8025090098381042,2.5961148738861084,1.0170574373747356
2,3.731153726577759,0.8038356304168701,2.601855993270874,1.0185988381708302
2,3.8534538745880127,0.8052715063095093,2.607832431793213,1.0202801631005396
2,3.975527763366699,0.8068194389343262,2.613919496536255,1.022090781317291
2,4.097599506378174,0.8084861636161804,2.6200168132781982,1.0238454907602859
2,4.218585014343262,0.8102584481239319,2.6259286403656006,1.02550088091654
2,4.339578628540039,0.8121570348739624,2.631622791290283,1.0269272663196412
2,4.45734167098999,0.8141390085220337,2.636836528778076,1.0281620967097462
2,4.568784236907959,0.8161543011665344,2.6413733959198,1.0289639406837143
2,4.680241584777832,0.8183210492134094,2.645451784133911,1.0293725646327874
2,4.783244609832764,0.8204800486564636,2.6487302780151367,1.0294059754802647
2,4.878371715545654,0.8226262331008911,2.6512904167175293,1.029004317348913
2,4.973506450653076,0.8249366283416748,2.6533701419830322,1.028051361041685
2,5.063454627990723,0.8272892236709595,2.654879093170166,1.0267274851229855
2,5.150970458984375,0.8297508358955383,2.6559245586395264,1.0250364399600034
2,5.237700462341309,0.8323729634284973,2.656566858291626,1.022976785145977
2,5.324270725250244,0.8351869583129883,2.6568448543548584,1.0205550080728338
2,5.410820484161377,0.838212788105011,2.656795024871826,1.0177858731277443
2,5.497415542602539,0.841471254825592,2.656461000442505,1.0146688873699115
2,5.5839996337890625,0.8449795842170715,2.6558902263641357,1.011208976098929
2,5.672214031219482,0.8488313555717468,2.655120372772217,1.0075017950972558
2,5.764085292816162,0.8531617522239685,2.6541800498962402,1.0034978190783572
2,5.857896327972412,0.8579450249671936,2.6531403064727783,0.9992794828387626
2,5.955387115478516,0.8633328676223755,2.652043342590332,0.9947651180781723
2,6.056232452392578,0.8693864941596985,2.6509652137756348,0.9899519833702836
2,6.157047271728516,0.8759557604789734,2.6500179767608643,0.9850710743540689
2,6.261318206787109,0.8833192586898804,2.6492562294006348,0.9799722043487257
2,6.367616176605225,0.8914351463317871,2.6488072872161865,0.9747902920163469
2,6.47521448135376,0.9002731442451477,2.6487889289855957,0.9695396968479663
2,6.5813889503479,0.9096065163612366,2.6493117809295654,0.9640992021081144
2,6.6409502029418945,0.915111780166626,2.649887800216675,0.9606408922986648
2,6.6692328453063965,0.9177936911582947,2.650242328643799,0.9590116204143381
2,6.696995258331299,0.9204704761505127,2.650646686553955,0.9573918586104191
2,6.724493503570557,0.9231663942337036,2.6511054039001465,0.9557350057426516
2,6.751862049102783,0.9258941411972046,2.651621103286743,0.9540501486385295
2,6.77915620803833,0.928658664226532,2.652195930480957,0.9523336234749868
2,6.8064446449279785,0.9314669370651245,2.6528332233428955,0.950569827808789
2,6.833698749542236,0.9343159198760986,2.653534173965454,0.9487641186045108
2,6.860929012298584,0.9372068047523499,2.654301404953003,0.9469162187508442
2,6.888131618499756,0.94013911485672,2.655136823654175,0.9450153846711422
2,6.9153008460998535,0.9431127905845642,2.6560425758361816,0.9430562483416968
2,6.942429542541504,0.9461275935173035,2.6570210456848145,0.9410435651903095
2,6.969510555267334,0.9491834044456482,2.658073902130127,0.9389826010631298
2,6.996538162231445,0.9522800445556641,2.6592025756835938,0.936880772431043
2,7.023613929748535,0.9554297924041748,2.6604132652282715,0.9347263016166989
2,7.050633430480957,0.9586217403411865,2.661703109741211,0.9325252924388905
2,7.0775909423828125,0.9618561863899231,2.663073778152466,0.9302804224236491
2,7.104481220245361,0.965133786201477,2.6645259857177734,0.9279943182641663
2,7.13129997253418,0.9684552550315857,2.66606068611145,0.9256697839644041
2,7.158042907714844,0.9718214869499207,2.6676788330078125,0.9233098679462998
2,7.184706211090088,0.9752337336540222,2.6693813800811768,0.9209189391247724
2,7.211343288421631,0.9787003993988037,2.671172857284546,0.9185039928807819
2,7.2378973960876465,0.9822157025337219,2.673051118850708,0.9160666724488974
2,7.2643656730651855,0.9857813715934753,2.6750168800354004,0.9136124830971806
2,7.290744781494141,0.9893991947174072,2.677070379257202,0.9111454128719779
2,7.317116737365723,0.9930833578109741,2.6792190074920654,0.9086577682785814
2,7.343396186828613,0.9968249201774597,2.6814560890197754,0.9061737283162171
2,7.369580268859863,1.0006262063980103,2.683781385421753,0.9037028870849624
2,7.395729064941406,1.0044982433319092,2.686201333999634,0.9012507777852665
2,7.421781063079834,1.0084346532821655,2.6887094974517822,0.8988280187108706
2,7.447732925415039,1.012438178062439,2.691304922103882,0.8964445434642284
2,7.473583698272705,1.0165115594863892,2.693986177444458,0.8941101125744948
2,7.499331474304199,1.0206578969955444,2.696751117706299,0.8918260554662564
2,7.525056838989258,1.0248948335647583,2.699605941772461,0.8895606213724511
2,7.550676345825195,1.0292123556137085,2.702537775039673,0.8874598594079476
2,7.576844215393066,1.033725619316101,2.705618381500244,0.8853651814618199
2,7.602552890777588,1.0382702350616455,2.708728790283203,0.8832580722208606
2,7.627967357635498,1.0428743362426758,2.711879253387451,0.8814027823091081
2,7.653275489807129,1.0475736856460571,2.7150864601135254,0.8796681753358148
2,7.678482532501221,1.052374005317688,2.718353033065796,0.8781176126104807
2,7.7037529945373535,1.0573163032531738,2.721717119216919,0.8768263225901973
2,7.728917598724365,1.0623483657836914,2.725167989730835,0.8754606636696812
2,7.753984451293945,1.0674207210540771,2.7287044525146484,0.8734951857431033
2,7.778898239135742,1.072426676750183,2.732288122177124,0.8705439469817714
2,7.803768157958984,1.0772228240966797,2.735898017883301,0.8657340576207098
2,7.828714847564697,1.0815154314041138,2.739544153213501,0.857297847978106
2,7.853714466094971,1.0849437713623047,2.743246078491211,0.8469402869199357
2,7.87921142578125,1.0875787734985352,2.7470712661743164,0.8379245017839815
2,7.904616832733154,1.0898288488388062,2.750884532928467,0.8323852843570547
2,7.929873466491699,1.0922255516052246,2.75461745262146,0.8292238488644282
2,7.955024242401123,1.0949933528900146,2.758225440979004,0.8269526664817451
2,7.980114936828613,1.0980910062789917,2.761695384979248,0.8251504378789128
2,8.00511360168457,1.1013332605361938,2.765054702758789,0.8233690805946348
2,8.03101921081543,1.1047102212905884,2.768477201461792,0.8211443276384806
2,8.056888580322266,1.108015537261963,2.771865129470825,0.8189042022854879
2,8.081703186035156,1.111077070236206,2.7751004695892334,0.8167587578843877
2,8.106443405151367,1.1139883995056152,2.778317928314209,0.8145385841366066
2,8.131109237670898,1.1167311668395996,2.7815191745758057,0.8123636398083784
2,8.155725479125977,1.1193056106567383,2.7847061157226562,0.8102607615232349
2,8.18016529083252,1.1217033863067627,2.7878594398498535,0.8082429539822468
2,8.204604148864746,1.1239632368087769,2.790996789932251,0.8065140636631487
2,8.228958129882812,1.1260972023010254,2.7941017150878906,0.8049384766561362
2,8.253203392028809,1.1281243562698364,2.7971653938293457,0.8035869276807857
2,8.277259826660156,1.1300578117370605,2.800172805786133,0.8024709027913373
2,8.301236152648926,1.1319204568862915,2.803133964538574,0.8015418082088472
2,8.3251371383667,1.1337209939956665,2.806046724319458,0.8007551772254682
2,8.348974227905273,1.1354637145996094,2.808910608291626,0.8000499720928445
2,8.372735977172852,1.137148380279541,2.811722993850708,0.799420603777156
2,8.396336555480957,1.138767957687378,2.8144726753234863,0.798834744640543
2,8.419862747192383,1.1403268575668335,2.817168712615967,0.7982673317023313
2,8.443313598632812,1.1418238878250122,2.819810152053833,0.7977040383757232
2,8.466691017150879,1.1432583332061768,2.8223955631256104,0.7971361622751079
2,8.48999309539795,1.1446306705474854,2.824922800064087,0.7965595756636613
2,8.513221740722656,1.1459424495697021,2.827390432357788,0.7959691153953363
2,8.536295890808105,1.1471920013427734,2.8297882080078125,0.7953710296726405
2,8.559297561645508,1.1483871936798096,2.832122564315796,0.7947641493781785
2,8.582228660583496,1.1495319604873657,2.8343911170959473,0.794147214197649
2,8.605087280273438,1.1506298780441284,2.836592435836792,0.793475283172931
2,8.627832412719727,1.1516828536987305,2.8387198448181152,0.7927753023384181
2,8.650505065917969,1.1526967287063599,2.84077525138855,0.79204799586978
2,8.673108100891113,1.1536756753921509,2.842756748199463,0.7912846422374565
2,8.69564151763916,1.1546233892440796,2.8446617126464844,0.7904855115150871
2,8.718106269836426,1.155543327331543,2.8464879989624023,0.789618267350119
2,8.740431785583496,1.1564359664916992,2.8482279777526855,0.7887128571466648
2,8.762757301330566,1.157310128211975,2.8498904705047607,0.7877389352970299
2,8.785017013549805,1.1581659317016602,2.851468086242676,0.7866916739538559
2,8.807210922241211,1.1590068340301514,2.8529586791992188,0.7855933805853993
2,8.829395294189453,1.1598376035690308,2.8543639183044434,0.784411158948246
2,8.851465225219727,1.160657286643982,2.8556742668151855,0.7831716227481024
2,8.873473167419434,1.1614710092544556,2.8568918704986572,0.781871273182179
2,8.895419120788574,1.1622816324234009,2.8580141067504883,0.7805134667338792
2,8.917304992675781,1.1630921363830566,2.859039545059204,0.7791027651791979
2,8.939130783081055,1.1639057397842407,2.8599658012390137,0.7776438917376669
2,8.960897445678711,1.164725422859192,2.8607914447784424,0.7761420291384871
2,8.982606887817383,1.1655542850494385,2.8615143299102783,0.774603146841877
2,9.00426197052002,1.1663953065872192,2.862133026123047,0.7730308244067056
2,9.02589225769043,1.1672526597976685,2.8626461029052734,0.7714202503975981
2,9.047521591186523,1.1681302785873413,2.863051652908325,0.7697666546384603
2,9.069151878356934,1.1690313816070557,2.863347053527832,0.7680808212965891
2,9.090781211853027,1.169958472251892,2.863529682159424,0.7663689466535483
2,9.112410545349121,1.1709147691726685,2.8635966777801514,0.7646344365934359
2,9.134038925170898,1.1719027757644653,2.8635456562042236,0.7628809380941096
2,9.155664443969727,1.1729252338409424,2.8633737564086914,0.7611122636159747
2,9.177287101745605,1.1739842891693115,2.8630785942077637,0.7593324894473267
2,9.198905944824219,1.1750825643539429,2.8626577854156494,0.7575435875606409
2,9.220519065856934,1.1762219667434692,2.8621087074279785,0.7557386332063311
2,9.242127418518066,1.1774046421051025,2.86142897605896,0.7539363930615105
2,9.263728141784668,1.178632378578186,2.8606162071228027,0.7521404654073295
2,9.285320281982422,1.1799067258834839,2.859668493270874,0.7503541020191158
2,9.306902885437012,1.1812291145324707,2.858584403991699,0.7485798963036566
2,9.328475952148438,1.1826006174087524,2.8573617935180664,0.7468199252981216
2,9.35003662109375,1.1840221881866455,2.855999708175659,0.7450759114511665
2,9.37158489227295,1.1854946613311768,2.854496717453003,0.7433447104458567
2,9.393118858337402,1.1870183944702148,2.8528521060943604,0.7416291572729151
2,9.414637565612793,1.1885937452316284,2.851064920425415,0.7399289831424329
2,9.436141014099121,1.190220832824707,2.849134683609009,0.7382430110985815
2,9.457626342773438,1.1918995380401611,2.8470613956451416,0.7365700178278531
2,9.479094505310059,1.1936293840408325,2.8448450565338135,0.7349082569291456
2,9.500541687011719,1.195409893989563,2.8424856662750244,0.7332559136983027
2,9.52196979522705,1.1972403526306152,2.839984178543091,0.7316024838124339
2,9.543375968933105,1.1991198062896729,2.83734130859375,0.7299256443641056
2,9.564760208129883,1.2010475397109985,2.83455753326416,0.7282445612007578
2,9.586121559143066,1.2030220031738281,2.831634759902954,0.7265588863126118
2,9.60745906829834,1.2050422430038452,2.8285744190216064,0.7248742831235083
2,9.628772735595703,1.2071064710617065,2.825378894805908,0.7231893101180663
2,9.65006160736084,1.209213376045227,2.822049856185913,0.7215027662944142
2,9.67132568359375,1.2113615274429321,2.818589210510254,0.7197974459817182
2,9.692564010620117,1.2135493755340576,2.815000057220459,0.7180861616172737
2,9.713777542114258,1.2157753705978394,2.811284303665161,0.7163554612615652
2,9.734964370727539,1.2180382013320923,2.807445526123047,0.7146226615565462
2,9.756125450134277,1.2203363180160522,2.8034861087799072,0.7128875729300796
2,9.777260780334473,1.2226684093475342,2.7994096279144287,0.7111503833342885
2,9.798369407653809,1.2250330448150635,2.7952189445495605,0.7094030922052434
2,9.819453239440918,1.227428674697876,2.7909183502197266,0.7076257834105001
2,9.840511322021484,1.229853868484497,2.7865118980407715,0.7058519232015784
2,9.86154556274414,1.2323075532913208,2.7820043563842773,0.7040867127031311
2,9.882554054260254,1.2347888946533203,2.7773990631103516,0.7023324078000364
2,9.903539657592773,1.2372967004776,2.772700309753418,0.700591587695346
2,9.924501419067383,1.2398306131362915,2.7679123878479004,0.6988647893874746
2,9.945441246032715,1.2423899173736572,2.7630388736724854,0.6971496093500322
2,9.966358184814453,1.2449743747711182,2.758085012435913,0.695473801338288
2,9.98725414276123,1.2475837469100952,2.753054618835449,0.6938318421245441
2,10.008129119873047,1.2502177953720093,2.747952461242676,0.6922266048266105
2,10.028985023498535,1.2528764009475708,2.742784023284912,0.690650984247251
2,10.049822807312012,1.2555593252182007,2.7375550270080566,0.6891400905477048
2,10.070643424987793,1.258266806602478,2.7322704792022705,0.6876947861795886
2,10.091447830200195,1.2609992027282715,2.7269346714019775,0.6863174256625953
2,10.112236976623535,1.2637568712234497,2.7215518951416016,0.6850131492450471
2,10.133010864257812,1.266540288925171,2.7161264419555664,0.6837858644341728
2,10.153778076171875,1.2693510055541992,2.710660696029663,0.6826765991059195
2,10.174600601196289,1.2721976041793823,2.7051429748535156,0.6816571204315434
2,10.19541072845459,1.2750717401504517,2.699594497680664,0.6807184890906158
2,10.216521263122559,1.2780166864395142,2.6939377784729004,0.6798698337410687
2,10.23848819732666,1.2811124324798584,2.6880271434783936,0.6791499149451216
2,10.262085914611816,1.2844728231430054,2.6816565990448,0.6785992191471623
2,10.285675048828125,1.287866473197937,2.6752703189849854,0.678256559063407
2,10.311393737792969,1.2916046380996704,2.6682915687561035,0.6780874930624505
2,10.338997840881348,1.2956589460372925,2.6607890129089355,0.678214508875067
2,10.366593360900879,1.299750566482544,2.653278350830078,0.6786298213760844
2,10.395304679870605,1.3040424585342407,2.6454644203186035,0.6792951274797164
2,10.424013137817383,1.3083609342575073,2.637657403945923,0.6802628038980011
2,10.45314884185791,1.3127602338790894,2.6297459602355957,0.6815512059368821
2,10.482381820678711,1.3171772956848145,2.621821403503418,0.6831084300613351
2,10.511619567871094,1.3215850591659546,2.6139075756073,0.6848928599848321
2,10.540874481201172,1.3259631395339966,2.6060030460357666,0.6869605503883528
2,10.570140838623047,1.3302913904190063,2.598113775253296,0.6891609873851586
2,10.599422454833984,1.3345445394515991,2.590240478515625,0.6914839388096833
2,10.628722190856934,1.338698387145996,2.5823793411254883,0.6940020750297008
2,10.658041000366211,1.3427276611328125,2.5745272636413574,0.6965696499793333
2,10.687381744384766,1.346603274345398,2.566678524017334,0.699131466566141
2,10.716744422912598,1.350304126739502,2.5588300228118896,0.7017349053333116
2,10.746133804321289,1.3537973165512085,2.5509836673736572,0.7042241189578494
2,10.775550842285156,1.3570622205734253,2.543140172958374,0.7065755132377154
2,10.804993629455566,1.3600741624832153,2.535297393798828,0.7088660761094892
2,10.834465026855469,1.362806797027588,2.5274550914764404,0.7110108992544705
2,10.863962173461914,1.3652431964874268,2.5196142196655273,0.7129606459086235
2,10.89348316192627,1.3673592805862427,2.5117745399475098,0.7147308359491575
2,10.923028945922852,1.369140625,2.5039408206939697,0.7163366551678795
2,10.952596664428711,1.3705685138702393,2.4961156845092773,0.7176754278518723
2,10.982182502746582,1.3716291189193726,2.48830246925354,0.7187784606329936
2,11.011784553527832,1.3723119497299194,2.480508327484131,0.7197069983283599
2,11.041399002075195,1.3726048469543457,2.472738742828369,0.7203473166089163
2,11.071022987365723,1.3725030422210693,2.464998960494995,0.7207232969523891
2,11.100652694702148,1.371998906135559,2.457296371459961,0.7209234718631591
2,11.13028335571289,1.3710905313491821,2.449639081954956,0.720911925511029
2,11.159912109375,1.3697763681411743,2.442032814025879,0.7206005175273692
2,11.189537048339844,1.3680572509765625,2.4344847202301025,0.720155212507926
2,11.219151496887207,1.3659363985061646,2.4270036220550537,0.7195288358615789
2,11.24875545501709,1.3634179830551147,2.41959547996521,0.7186313127922618
2,11.278343200683594,1.3605079650878906,2.412266731262207,0.7176673218736221
2,11.3079195022583,1.3572132587432861,2.4050238132476807,0.716539997299965
2,11.337499618530273,1.3535419702529907,2.3978688716888428,0.7152744364979717
2,11.36705493927002,1.3495036363601685,2.390813112258911,0.7138571295159192
2,11.396649360656738,1.345104455947876,2.3838517665863037,0.7123438606076054
2,11.42621898651123,1.3403661251068115,2.377009391784668,0.7107581994349652
2,11.455897331237793,1.3352797031402588,2.3702590465545654,0.7090133048608978
2,11.485791206359863,1.329838752746582,2.3635847568511963,0.7073415897872505
2,11.51565933227539,1.3240981101989746,2.3570470809936523,0.7056700033163499
2,11.550599098205566,1.3170264959335327,2.3495795726776123,0.7036647147971579
2,11.585514068603516,1.3096123933792114,2.342329740524292,0.7016606250637484
2,11.648720741271973,1.2954190969467163,2.329744577407837,0.6981197441830936
2,11.711881637573242,1.2803846597671509,2.3179290294647217,0.6952077318907558
2,11.775020599365234,1.2646589279174805,2.3069260120391846,0.6924206703122766
2,11.843374252319336,1.2470977306365967,2.2959859371185303,0.6905554221346719
2,11.967796325683594,1.2142417430877686,2.278812885284424,0.688015850889566
2,12.084834098815918,1.1830666065216064,2.2658047676086426,0.6867511852541908
2,12.179770469665527,1.1579632759094238,2.257298707962036,0.6871282398661027
2,12.281634330749512,1.1317102909088135,2.250175714492798,0.6907901666968654
2,12.379973411560059,1.1074213981628418,2.2453689575195312,0.696733965338385
2,12.49908447265625,1.0796951055526733,2.241919994354248,0.7062263487246857
2,12.61865520477295,1.0538291931152344,2.240593194961548,0.7179374998297123
2,12.62796401977539,1.0519039630889893,2.2405636310577393,0.7189254615173385
3,0.025141606107354164,0.5459880232810974,1.1380844116210938,1.0001403589128208
3,0.12904605269432068,0.5460056662559509,1.1384624242782593,1.0004926280483093
3,0.23294946551322937,0.5460332036018372,1.1390539407730103,1.0013591462283493
3,0.339515745639801,0.5460770130157471,1.1399840116500854,1.0025279354922105
3,0.4503611922264099,0.5461400747299194,1.1412692070007324,1.0041162568170492
3,0.5612043142318726,0.5462213158607483,1.1428507566452026,1.0058985828370939
3,0.6764979362487793,0.5463249683380127,1.1447662115097046,1.0078420915288628
3,0.7952644228935242,0.5464520454406738,1.146984338760376,1.0099590852253035
3,0.9140267968177795,0.5465995669364929,1.1494156122207642,1.012030433346018
3,1.0349079370498657,0.5467719435691833,1.1520618200302124,1.0140909863366372
3,1.1557857990264893,0.546967089176178,1.1548537015914917,1.0159111389996227
3,1.277686595916748,0.547187328338623,1.157786250114441,1.0176091981067938
3,1.3999762535095215,0.5474322438240051,1.1608407497406006,1.018996183809047
3,1.5222628116607666,0.5477015972137451,1.1640106439590454,1.0202066712649127
3,1.6446619033813477,0.547996997833252,1.1673182249069214,1.0212977380940664
3,1.7670567035675049,0.5483195781707764,1.1707731485366821,1.0223450474634321
3,1.8894728422164917,0.5486712455749512,1.1743884086608887,1.02341144383659
3,2.011887788772583,0.5490539073944092,1.1781750917434692,1.0245214586274567
3,2.1342968940734863,0.5494686961174011,1.1821357011795044,1.0257204575889436
3,2.2567009925842285,0.5499173402786255,1.1862682104110718,1.0269580800217013
3,2.379099130630493,0.5504027009010315,1.190566062927246,1.0282458992137717
3,2.5014913082122803,0.5509272217750549,1.1950246095657349,1.0294765763350402
3,2.6238770484924316,0.551494300365448,1.1996490955352783,1.0306323984221955
3,2.746255874633789,0.5521049499511719,1.204450011253357,1.0316229204189182
3,2.868626594543457,0.5527597665786743,1.2094480991363525,1.0325232977174523
3,2.9909870624542236,0.5534576177597046,1.2146809101104736,1.0332080648311033
3,3.113335609436035,0.5541971325874329,1.2201839685440063,1.0337384018315792
3,3.2356677055358887,0.5549734830856323,1.226035714149475,1.034127400304174
3,3.357977867126465,0.5557811856269836,1.232325553894043,1.0342751293642418
3,3.480257749557495,0.5566135048866272,1.2391775846481323,1.0344205567445193
3,3.6024928092956543,0.5574807524681091,1.246777892112732,1.0347088191738292
3,3.7246737480163574,0.5584040284156799,1.2551987171173096,1.03554903672519
3,3.846775531768799,0.5594480037689209,1.264426589012146,1.0367748999839959
3,3.968832015991211,0.5606246590614319,1.2742208242416382,1.037998925390474
3,4.090646266937256,0.5619354844093323,1.2842742204666138,1.0390109643052416
3,4.211376667022705,0.5633330941200256,1.2941559553146362,1.0395380323830798
3,4.33212947845459,0.564824104309082,1.303750991821289,1.039731079454407
3,4.4496870040893555,0.5663802027702332,1.3125308752059937,1.0397393401819823
3,4.560974597930908,0.5679767727851868,1.3200531005859375,1.0389954681560658
3,4.6723222732543945,0.5697191953659058,1.3265771865844727,1.0375877712677195
3,4.775269985198975,0.5714896321296692,1.3314331769943237,1.0356850603203138
3,4.8703813552856445,0.5732876658439636,1.3347139358520508,1.0330491924036478
3,4.965525150299072,0.575267493724823,1.3366795778274536,1.0295906134048523
3,5.055490970611572,0.5773327350616455,1.3372087478637695,1.0256926940756628
3,5.143391132354736,0.579558253288269,1.3364187479019165,1.0213447987782274
3,5.232350826263428,0.5820443034172058,1.3343042135238647,1.0165024163825362
3,5.323970317840576,0.584877610206604,1.3307883739471436,1.0111639751587995
3,5.418282985687256,0.5881167650222778,1.3258286714553833,1.0053937901576182
3,5.512507915496826,0.591716468334198,1.3196101188659668,0.9994245053766939
3,5.609164714813232,0.5958276391029358,1.312026023864746,0.9933383270490366
3,5.707916736602783,0.6005131602287292,1.3031299114227295,0.9873029436363635
3,5.808366775512695,0.6058345437049866,1.2929843664169312,0.9814983229640742
3,5.9100799560546875,0.611850917339325,1.2816425561904907,0.9761081845838896
3,6.012601852416992,0.6186173558235168,1.269134759902954,0.9713149995168839
3,6.115476131439209,0.6261823177337646,1.255470633506775,0.9673426402335823
3,6.2188639640808105,0.6346370577812195,1.2405678033828735,0.9644730020483592
3,6.32181453704834,0.6439814567565918,1.2244521379470825,0.9628244128541129
3,6.423903465270996,0.6542396545410156,1.2070679664611816,0.9627379124816745
3,6.525475025177002,0.6654918193817139,1.1882179975509644,0.9644356206493507
3,6.623004913330078,0.6773443818092346,1.1684304475784302,0.9684927899094927
3,6.669116497039795,0.6833125948905945,1.1584182977676392,0.9714171628031805
3,6.696878910064697,0.687020480632782,1.1521636247634888,0.9735191560602566
3,6.721949577331543,0.6904466152191162,1.1463634967803955,0.9756993367597695
3,6.746767997741699,0.6939150094985962,1.1404776573181152,0.978086817977761
3,6.771352767944336,0.6974263191223145,1.1345093250274658,0.9806761962430828
3,6.795852184295654,0.701000988483429,1.1284282207489014,0.9834571241326321
3,6.820810317993164,0.7047194838523865,1.122100591659546,0.9864981634490868
3,6.845727920532227,0.7085077166557312,1.1156551837921143,0.9897621610027952
3,6.8701887130737305,0.712303102016449,1.1092054843902588,0.9931909234083249
3,6.894650459289551,0.7161744236946106,1.1026419401168823,0.996833789114042
3,6.919024467468262,0.7201063632965088,1.0959960222244263,1.0006734302866902
3,6.943307399749756,0.724096417427063,1.0892786979675293,1.0046983501082807
3,6.967484951019287,0.7281392812728882,1.0825074911117554,1.0088584793865814
3,6.991614818572998,0.7322413921356201,1.0756802558898926,1.013125340389643
3,7.0156025886535645,0.7363826036453247,1.0688387155532837,1.0174515475816799
3,7.039449214935303,0.7405586838722229,1.0620005130767822,1.0217928732661974
3,7.063147068023682,0.7447636723518372,1.0551872253417969,1.0261050934550167
3,7.086710453033447,0.7489967942237854,1.04841148853302,1.0303756061311165
3,7.110141754150391,0.7532567977905273,1.0416864156723022,1.0345577620688737
3,7.133997917175293,0.7576460838317871,1.0348637104034424,1.0387552793716466
3,7.157766342163086,0.7620725035667419,1.0281038284301758,1.042876733005615
3,7.181457996368408,0.7665398120880127,1.0214165449142456,1.0469252449476514
3,7.205073356628418,0.7710506319999695,1.0148135423660278,1.0508844211896722
3,7.228611946105957,0.7756093740463257,1.0083073377609253,1.0547294138700494
3,7.252168655395508,0.780239462852478,1.0018856525421143,1.0584069443646897
3,7.2756547927856445,0.7849310636520386,0.9955883622169495,1.061920565300275
3,7.299154281616211,0.7897101640701294,0.9894090294837952,1.0651602298598433
3,7.3225860595703125,0.7945709824562073,0.9833891987800598,1.0681005551523248
3,7.345951080322266,0.7995265126228333,0.9775512218475342,1.0706509444080057
3,7.369241714477539,0.8045946359634399,0.9719228744506836,1.0725521659913213
3,7.392576694488525,0.8098459243774414,0.9665076732635498,1.0736816215214817
3,7.415832042694092,0.8153582811355591,0.9613932967185974,1.0797475590656265
3,7.438990592956543,0.8212612867355347,0.9566828012466431,1.0936129195286886
3,7.4620256423950195,0.8275652527809143,0.9523115158081055,1.1025676364139352
3,7.4850754737854,0.8339235782623291,0.9478598237037659,1.0910214014519586
3,7.508115768432617,0.839512050151825,0.9428310990333557,1.073322373115324
3,7.5312042236328125,0.8435940146446228,0.9370009303092957,1.082762778958784
3,7.554377555847168,0.8461214900016785,0.9306355118751526,1.109931685909285
3,7.577630519866943,0.8477393388748169,0.9242555499076843,1.123620460040309
3,7.600849628448486,0.8492224216461182,0.9182487726211548,1.1222805645067597
3,7.624085903167725,0.8509951829910278,0.9126931428909302,1.1208953521525706
3,7.6474432945251465,0.8530735969543457,0.9075484275817871,1.1247176838933275
3,7.670795917510986,0.8553385138511658,0.9027721881866455,1.1298858334337585
3,7.693812847137451,0.857687771320343,0.8983678221702576,1.13452764379837
3,7.716820240020752,0.8601219058036804,0.8942320942878723,1.139022802792145
3,7.740392208099365,0.8626831769943237,0.8902502655982971,1.1434633837385286
3,7.763705730438232,0.8652645349502563,0.8865557312965393,1.147664097222622
3,7.786900997161865,0.8678639531135559,0.8831153512001038,1.1516480016444144
3,7.810043811798096,0.8704731464385986,0.8799113035202026,1.1554508126972765
3,7.83313512802124,0.8730789422988892,0.8769365549087524,1.1590792126937712
3,7.85617733001709,0.8756705522537231,0.8741836547851562,1.1625445617076193
3,7.879245758056641,0.8782479166984558,0.8716373443603516,1.1658651662538069
3,7.902344226837158,0.8808046579360962,0.869290292263031,1.1690329183102086
3,7.925426959991455,0.8833310008049011,0.8671388030052185,1.1720454007247936
3,7.948341369628906,0.8858077526092529,0.8651859164237976,1.1748896675712612
3,7.971273422241211,0.8882540464401245,0.8634044528007507,1.1775626551482627
3,7.994162082672119,0.8906640410423279,0.861788272857666,1.1800557603112953
3,8.017010688781738,0.8930397033691406,0.8603258728981018,1.1823596886976768
3,8.03982162475586,0.8953841328620911,0.8590055704116821,1.1844711453164534
3,8.06259822845459,0.8977009057998657,0.8578163981437683,1.1863730558191077
3,8.085342407226562,0.8999942541122437,0.8567477464675903,1.1880557333785493
3,8.108214378356934,0.9022839665412903,0.8557835817337036,1.1895334765258927
3,8.130975723266602,0.9045497179031372,0.8549260497093201,1.1907860177123548
3,8.153726577758789,0.9068050980567932,0.8541631698608398,1.191808375579815
3,8.176446914672852,0.9090514183044434,0.8534886837005615,1.19260902344218
3,8.199145317077637,0.911292314529419,0.852896511554718,1.1931817813489747
3,8.221845626831055,0.9135324358940125,0.8523809313774109,1.1935380160106699
3,8.244566917419434,0.9157755374908447,0.8519372940063477,1.1936967707879242
3,8.26726245880127,0.9180184602737427,0.8515627384185791,1.19366844738208
3,8.289933204650879,0.9202624559402466,0.8512537479400635,1.1934662212952394
3,8.312582969665527,0.9225084781646729,0.8510071635246277,1.1931054287071827
3,8.335247039794922,0.9247603416442871,0.8508199453353882,1.1926016578271934
3,8.357935905456543,0.9270192384719849,0.8506894707679749,1.1919536135841757
3,8.380694389343262,0.9292891621589661,0.8506138920783997,1.191192314063686
3,8.403403282165527,0.9315574169158936,0.8505929112434387,1.1903352003206757
3,8.426095008850098,0.9338256120681763,0.8506267666816711,1.1893820655034268
3,8.44876766204834,0.9360917806625366,0.8507168889045715,1.1883234416790522
3,8.471423149108887,0.9383536577224731,0.8508647084236145,1.1871531416271555
3,8.49403190612793,0.940605640411377,0.8510711789131165,1.1858830198252888
3,8.516739845275879,0.9428586363792419,0.8513389825820923,1.1844948450805515
3,8.539427757263184,0.9450968503952026,0.8516692519187927,1.182978035103584
3,8.562092781066895,0.9473159909248352,0.8520645499229431,1.1813092077166505
3,8.584734916687012,0.9495117664337158,0.8525276184082031,1.1794658566892804
3,8.607351303100586,0.9516797065734863,0.8530607223510742,1.1773712605174358
3,8.630005836486816,0.95382159948349,0.8536661863327026,1.1750234815662106
3,8.652715682983398,0.9559352397918701,0.8543457388877869,1.1724384784749686
3,8.675390243530273,0.9580087065696716,0.8550965189933777,1.1697254213881667
3,8.698026657104492,0.960038959980011,0.8559182286262512,1.1668958851134321
3,8.720623016357422,0.9620230197906494,0.8568117022514343,1.1638650113184288
3,8.743176460266113,0.9639592170715332,0.8577803373336792,1.160528439422651
3,8.765684127807617,0.9658477306365967,0.8588294386863708,1.1568688902722228
3,8.788143157958984,0.96769118309021,0.8599646687507629,1.1529531249986733
3,8.810550689697266,0.9694949984550476,0.8611912131309509,1.1488497935447393
3,8.832901954650879,0.9712672829627991,0.8625129461288452,1.1445811241733688
3,8.855195045471191,0.9730179309844971,0.8639340400695801,1.1401564180211314
3,8.877402305603027,0.9747568368911743,0.8654577732086182,1.1356339953432502
3,8.89958381652832,0.9765024185180664,0.8670930862426758,1.1310171854838258
3,8.921801567077637,0.978274405002594,0.8688482642173767,1.1264858672389242
3,8.943986892700195,0.9800822734832764,0.870722234249115,1.1221121431891627
3,8.966137886047363,0.9819376468658447,0.8727214336395264,1.1178122724760091
3,8.988251686096191,0.983845055103302,0.8748608231544495,1.1133857195922825
3,9.01030445098877,0.9858018755912781,0.8771578073501587,1.108741524336714
3,9.032315254211426,0.9878081679344177,0.8796267509460449,1.1042010182761162
3,9.054340362548828,0.9898682832717896,0.8822701573371887,1.099959810122723
3,9.07632064819336,0.9919741153717041,0.8850647211074829,1.0959499251302258
3,9.098258018493652,0.9941197633743286,0.8879929780960083,1.092114328253439
3,9.120132446289062,0.9962939620018005,0.8910402655601501,1.0885986081401626
3,9.141966819763184,0.9984886050224304,0.8942025899887085,1.0856286719616475
3,9.163763046264648,1.0006957054138184,0.8974745273590088,1.083501675885263
3,9.18557071685791,1.0029147863388062,0.9008527398109436,1.0824799127286706
3,9.207342147827148,1.005137324333191,0.9043115973472595,1.0828351414076343
3,9.2290620803833,1.007358193397522,0.9078207015991211,1.0846364425796895
3,9.250757217407227,1.0095758438110352,0.9113491177558899,1.0875625126817072
3,9.27243423461914,1.0117847919464111,0.9148584604263306,1.0913761581140897
3,9.294099807739258,1.013978123664856,0.9183099865913391,1.095830305968959
3,9.315762519836426,1.0161473751068115,0.9216647148132324,1.1006771568755351
3,9.337427139282227,1.018282175064087,0.9248871207237244,1.105585908097354
3,9.359106063842773,1.0203698873519897,0.9279475808143616,1.110312657638977
3,9.380794525146484,1.0223972797393799,0.9308189749717712,1.1147108706437234
3,9.402494430541992,1.024351954460144,0.9334821701049805,1.118615939409383
3,9.424205780029297,1.026220679283142,0.935923159122467,1.121837704259613
3,9.445953369140625,1.0279920101165771,0.9381358027458191,1.1243126246261912
3,9.4677095413208,1.0296509265899658,0.9401140809059143,1.1260034890878714
3,9.489472389221191,1.0311853885650635,0.9418593049049377,1.1268756487409402
3,9.511240005493164,1.032584547996521,0.9433765411376953,1.1269203949779791
3,9.533008575439453,1.0338383913040161,0.9446736574172974,1.1261517181118368
3,9.554776191711426,1.0349379777908325,0.94576096534729,1.1246021209454604
3,9.576539039611816,1.0358757972717285,0.9466504454612732,1.1223194976958313
3,9.598296165466309,1.0366460084915161,0.947355329990387,1.119363451177204
3,9.620043754577637,1.0372437238693237,0.9478896260261536,1.1158015663586798
3,9.641780853271484,1.037665605545044,0.9482674598693848,1.1117059639380922
3,9.663503646850586,1.0379096269607544,0.948503315448761,1.1071502561511954
3,9.685212135314941,1.0379749536514282,0.9486113786697388,1.1022058224158935
3,9.706903457641602,1.037861704826355,0.9486055970191956,1.0969409243766126
3,9.728577613830566,1.0375711917877197,0.9484995007514954,1.0914203787301198
3,9.75023365020752,1.037105679512024,0.9483062624931335,1.085705572997409
3,9.771878242492676,1.0364677906036377,0.9480380415916443,1.079821417306262
3,9.793517112731934,1.0356603860855103,0.9477065205574036,1.073853917924317
3,9.815142631530762,1.0346872806549072,0.9473226070404053,1.0678433434017816
3,9.836759567260742,1.0335527658462524,0.946897566318512,1.0618231886325276
3,9.858366966247559,1.0322613716125488,0.9464410543441772,1.0558249161982745
3,9.879963874816895,1.0308184623718262,0.9459628462791443,1.0498753783426649
3,9.90155029296875,1.0292290449142456,0.9454717040061951,1.043998221168812
3,9.923126220703125,1.0274988412857056,0.9449759125709534,1.038231922666866
3,9.944690704345703,1.025633454322815,0.94448322057724,1.0325970932826962
3,9.966243743896484,1.0236384868621826,0.9440006613731384,1.0270872468655234
3,9.987785339355469,1.0215198993682861,0.9435355067253113,1.0217190333285893
3,10.009315490722656,1.019283652305603,0.9430937170982361,1.0165052034733064
3,10.030834197998047,1.0169355869293213,0.9426806569099426,1.0114523118467704
3,10.052342414855957,1.0144810676574707,0.9423009753227234,1.0065650305061151
3,10.073838233947754,1.0119260549545288,0.9419589638710022,1.0018608124204278
3,10.095324516296387,1.0092756748199463,0.9416581392288208,0.9973549293707425
3,10.116799354553223,1.0065351724624634,0.9414016008377075,0.9930158180246235
3,10.138263702392578,1.0037099123001099,0.941192090511322,0.9888382165728561
3,10.159725189208984,1.0008039474487305,0.9410317540168762,0.9848124614130401
3,10.181245803833008,0.9978131651878357,0.9409226775169373,0.9809329573776816
3,10.203078269958496,0.9947061538696289,0.9408674836158752,0.9771431414346563
3,10.225797653198242,0.991400420665741,0.9408705830574036,0.9734015126223252
3,10.248506546020508,0.9880272746086121,0.9409359693527222,0.9698485276593691
3,10.272900581359863,0.984333336353302,0.9410757422447205,0.9661642495301751
3,10.299493789672852,0.9802306890487671,0.9413095116615295,0.9623493406526029
3,10.326075553894043,0.9760563969612122,0.9416281580924988,0.9587466219343032
3,10.354601860046387,0.9715034365653992,0.9420645236968994,0.9550054876597592
3,10.384273529052734,0.9666963219642639,0.9426230788230896,0.951388462884203
3,10.413931846618652,0.9618249535560608,0.9432876110076904,0.9478756743667415
3,10.444018363952637,0.9568241834640503,0.9440681338310242,0.9444436735767049
3,10.474092483520508,0.9517713189125061,0.9449542760848999,0.9411755678156956
3,10.504254341125488,0.9466572999954224,0.9459472894668579,0.938009675117391
3,10.534417152404785,0.9415045976638794,0.9470435976982117,0.935010944586758
3,10.564569473266602,0.9363200068473816,0.9482406973838806,0.932070463637754
3,10.594714164733887,0.9311095476150513,0.9495342373847961,0.929196057678651
3,10.624850273132324,0.9258774518966675,0.9509214758872986,0.9263867184153327
3,10.654979705810547,0.9206297397613525,0.9523994326591492,0.9236930219603711
3,10.685102462768555,0.9153720736503601,0.9539654850959778,0.9210603665024267
3,10.71522045135498,0.9101085066795349,0.9556168913841248,0.9184532572997227
3,10.745332717895508,0.9048431515693665,0.9573488235473633,0.9158759548699565
3,10.77544116973877,0.8995794653892517,0.9591582417488098,0.9133218733604611
3,10.805546760559082,0.8943225145339966,0.961042582988739,0.910905472832644
3,10.835649490356445,0.8890767097473145,0.9629985094070435,0.9085038833325784
3,10.86574935913086,0.8838450908660889,0.9650230407714844,0.9061287080798729
3,10.895848274230957,0.8786315321922302,0.9671109914779663,0.9037884270784619
3,10.925947189331055,0.8734394907951355,0.9692593216896057,0.901502538327325
3,10.956046104431152,0.8682735562324524,0.9714654088020325,0.8993576454286726
3,10.986145973205566,0.8631370663642883,0.9737253785133362,0.8972421571934553
3,11.016247749328613,0.8580326437950134,0.9760362505912781,0.8951757059479223
3,11.046351432800293,0.8529627919197083,0.9783931374549866,0.8931665995244701
3,11.076457977294922,0.8479303121566772,0.9807929992675781,0.8912662021101886
3,11.106568336486816,0.842939555644989,0.9832336902618408,0.8895300800585118
3,11.136683464050293,0.8379936218261719,0.985711395740509,0.8878653337864582
3,11.166802406311035,0.8330948352813721,0.9882233142852783,0.8862896536839021
3,11.196928024291992,0.8282456398010254,0.9907650947570801,0.8848099230013748
3,11.227060317993164,0.823449432849884,0.9933337569236755,0.8834848229039703
3,11.257200241088867,0.8187107443809509,0.9959275722503662,0.8823759243648323
3,11.287355422973633,0.814031720161438,0.9985442161560059,0.8813908283133879
3,11.317519187927246,0.8094161748886108,1.001180648803711,0.8805368510869707
3,11.347716331481934,0.8048631548881531,1.0038357973098755,0.8798124697582619
3,11.377922058105469,0.8003791570663452,1.0065054893493652,0.879259048740076
3,11.408202171325684,0.7959588170051575,1.0091938972473145,0.8789851825717481
3,11.438631057739258,0.7915971279144287,1.0119065046310425,0.8788830560291075
3,11.469070434570312,0.7873181104660034,1.0146288871765137,0.8789664357036905
3,11.49976921081543,0.7830950021743774,1.0173778533935547,0.8792213708872666
3,11.53048038482666,0.7789651155471802,1.02013099193573,0.8798423027756123
3,11.566451072692871,0.77425217628479,1.0233632326126099,0.8810754643633825
3,11.631669044494629,0.7660739421844482,1.0292562246322632,0.8836080932325501
3,11.696943283081055,0.7583749294281006,1.0351735353469849,0.8868958623882301
3,11.768068313598633,0.7505863308906555,1.0416500568389893,0.8913333433264439
3,11.839258193969727,0.7434468865394592,1.0481501817703247,0.8965069653038512
3,11.968066215515137,0.7323735952377319,1.0600593090057373,0.9056688437864129
4,0.7726199626922607,-0.5097880959510803,2.2325122356414795,1.0018676962927389
4,0.8914028406143188,-0.5098366141319275,2.233550548553467,1.0024105630475988
4,1.0123075246810913,-0.5098920464515686,2.234741449356079,1.0030204166463097
4,1.1332108974456787,-0.5099536180496216,2.2360646724700928,1.00366980102771
4,1.2551385164260864,-0.5100223422050476,2.2375288009643555,1.004344942764718
4,1.3774561882019043,-0.5100985765457153,2.2391269207000732,1.0050577921573844
4,1.4997719526290894,-0.5101827383041382,2.2408523559570312,1.0057781332392677
4,1.6222020387649536,-0.5102760195732117,2.242706537246704,1.0065102553140648
4,1.744629979133606,-0.5103789567947388,2.244687795639038,1.0072430231827971
4,1.867081642150879,-0.5104925632476807,2.2467987537384033,1.0079723640012992
4,1.9895350933074951,-0.5106175541877747,2.2490432262420654,1.0086837301423859
4,2.111985921859741,-0.5107543468475342,2.2514257431030273,1.009370892838724
4,2.234434127807617,-0.510903537273407,2.253957509994507,1.0100346354868113
4,2.3568787574768066,-0.5110656023025513,2.2566494941711426,1.010634971043634
4,2.4793195724487305,-0.5112408995628357,2.2595179080963135,1.0112033594937369
4,2.601755380630493,-0.5114299058914185,2.2625882625579834,1.0117016711622178
4,2.7241854667663574,-0.5116331577301025,2.2658803462982178,1.0121387007766887
4,2.8466081619262695,-0.5118512511253357,2.269432306289673,1.0125375545301147
4,2.969021797180176,-0.5120847225189209,2.2732794284820557,1.01285040410621
4,3.0914247035980225,-0.5123342871665955,2.2774596214294434,1.013159016311088
4,3.213813543319702,-0.5126006603240967,2.2820260524749756,1.01346254180678
4,3.336186408996582,-0.5128844380378723,2.28700852394104,1.0138413009733476
4,3.4585392475128174,-0.5131868720054626,2.292452335357666,1.014280437532527
4,3.5808706283569336,-0.5135105848312378,2.298360824584961,1.0149633817101436
4,3.7031795978546143,-0.5138583779335022,2.3047192096710205,1.0158469844243367
4,3.8254499435424805,-0.5142365097999573,2.3114213943481445,1.0169756986517648
4,3.947706937789917,-0.5146464109420776,2.318362236022949,1.0181145859946765
4,4.0697407722473145,-0.5150871872901917,2.325360059738159,1.0191855621049242
4,4.190688610076904,-0.5155515074729919,2.33221435546875,1.0199348588806099
4,4.311646938323975,-0.5160418748855591,2.338878631591797,1.020408275545296
4,4.429379940032959,-0.5165460109710693,2.345032215118408,1.0206597961245523
4,4.547135829925537,-0.5170797109603882,2.350738048553467,1.0200350550251627
4,4.658581733703613,-0.517615556716919,2.355600595474243,1.0188535083842527
4,4.76158332824707,-0.5181409120559692,2.359518051147461,1.0171165158317024
4,4.85671854019165,-0.5186541080474854,2.3625760078430176,1.0143300543973732
4,4.951870441436768,-0.5191959142684937,2.3650429248809814,1.010620732113669
4,5.041843414306641,-0.5197350382804871,2.366800546646118,1.0060806857256805
4,5.129390716552734,-0.5202823877334595,2.367976665496826,1.0005855505831538
4,5.216158390045166,-0.5208405256271362,2.368649482727051,0.994020748809127
4,5.3027729988098145,-0.5213993191719055,2.3688769340515137,0.9862488547977978
4,5.390038967132568,-0.521946132183075,2.368703842163086,0.9765105525543392
4,5.477303504943848,-0.5224580764770508,2.368170738220215,0.9647243420486041
4,5.567727088928223,-0.5229294896125793,2.367283821105957,0.9500621580405949
4,5.661834716796875,-0.5233167409896851,2.3660643100738525,0.9316431982966931
4,5.7559404373168945,-0.5235313773155212,2.3646373748779297,0.9094911442601614
4,5.85659122467041,-0.5234351754188538,2.363046646118164,0.8789893007306652
4,5.957242012023926,-0.5227723121643066,2.36161208152771,0.8387358031130545
4,6.021325588226318,-0.5218866467475891,2.3609273433685303,0.8089540102575257
4,6.1263556480407715,-0.519014835357666,2.3608429431915283,0.7478565856127816
4,6.190515995025635,-0.5158359408378601,2.3618123531341553,0.6939066192172237
4,6.295176029205322,-0.5058321356773376,2.3669495582580566,0.5910193038903462
4,6.384211540222168,-0.4931983947753906,2.382342576980591,0.4786057196349608
4,6.401506423950195,-0.4901230037212372,2.3875234127044678,0.46574603076934296
4,6.431988716125488,-0.4846131503582001,2.39970326423645,0.4389819645832274
4,6.460692882537842,-0.48203015327453613,2.418407440185547,0.44123155853338464
4,6.499536514282227,-0.4824230670928955,2.457096815109253,0.5110882200778265
4,6.510308265686035,-0.4828621447086334,2.470198392868042,0.5415367456824436
4,6.527643203735352,-0.4834641218185425,2.492185354232788,0.5844638570574926
4,6.537692070007324,-0.48436468839645386,2.5064172744750977,0.6165779790077979
4,6.544096946716309,-0.48443707823753357,2.5144526958465576,0.6325406648806615
4,6.550128936767578,-0.48461219668388367,2.522020101547241,0.6524860492035125
4,6.586042404174805,-0.48677289485931396,2.5659263134002686,0.7790171639765554
4,6.606390476226807,-0.4877038598060608,2.588569164276123,0.8336451342512572
4,6.625652313232422,-0.4883689880371094,2.608445167541504,0.8829633614298202
4,6.652873992919922,-0.4882517158985138,2.6336405277252197,0.9605246832476736
4,6.660050392150879,-0.48795783519744873,2.639603614807129,0.9861868663853122
4,6.67612886428833,-0.48721158504486084,2.6524808406829834,1.0158199210276446
4,6.723050117492676,-0.4842641353607178,2.6836998462677,1.1115780310854535
4,6.752025127410889,-0.4822355806827545,2.6993021965026855,1.1660559234435086
4,6.7765302658081055,-0.48066848516464233,2.7107601165771484,1.1976386746982026
4,6.8015875816345215,-0.47918859124183655,2.7209668159484863,1.2265877653205022
4,6.826654434204102,-0.4779171645641327,2.729830265045166,1.2473769782832156
4,6.8522186279296875,-0.4768640398979187,2.7375872135162354,1.2674726900201567
4,6.877963066101074,-0.47598156332969666,2.7441909313201904,1.285061108453359
4,6.904647350311279,-0.4753296673297882,2.7498674392700195,1.2975999771936846
4,6.931399345397949,-0.4749792814254761,2.7544403076171875,1.307275162411382
4,6.957761287689209,-0.47490134835243225,2.757917881011963,1.314450947623476
4,6.98408842086792,-0.47507309913635254,2.760427474975586,1.319599393213733
4,7.010900974273682,-0.4754958152770996,2.7620468139648438,1.322789020831854
4,7.037600040435791,-0.47616055607795715,2.7627735137939453,1.3240467722430882
4,7.064157485961914,-0.4770635664463043,2.7626535892486572,1.323536632478307
4,7.090051174163818,-0.47817423939704895,2.7617580890655518,1.3215293413081413
4,7.115768909454346,-0.4794991612434387,2.7601335048675537,1.3182575711549251
4,7.1412882804870605,-0.4810260832309723,2.7578186988830566,1.3138711527146507
4,7.166724681854248,-0.4827509820461273,2.7548232078552246,1.3082732547197136
4,7.191928863525391,-0.48464950919151306,2.751190662384033,1.3021135354357942
4,7.2168707847595215,-0.4867021441459656,2.7469587326049805,1.2954335743362344
4,7.241559982299805,-0.48889055848121643,2.742152214050293,1.288295863795626
4,7.265987396240234,-0.4911956191062927,2.7367947101593018,1.2807522445170343
4,7.290146350860596,-0.4936071038246155,2.730907917022705,1.2722447429528685
4,7.313856601715088,-0.4961163103580475,2.7245562076568604,1.2633265589112581
4,7.337284564971924,-0.4987185597419739,2.717717170715332,1.254170763494196
4,7.36054801940918,-0.5014060735702515,2.7103686332702637,1.2448136275915256
4,7.383670330047607,-0.5041688084602356,2.7025129795074463,1.2347500474163038
4,7.406328201293945,-0.5069761872291565,2.694267749786377,1.2243286656527308
4,7.428691864013672,-0.5098288059234619,2.68558931350708,1.2139148498531165
4,7.4507622718811035,-0.5127071738243103,2.67648983001709,1.2031932362951032
4,7.472370624542236,-0.5155917406082153,2.667046308517456,1.1917912431976254
4,7.4937744140625,-0.5185031294822693,2.657155990600586,1.1804250881719733
4,7.5148797035217285,-0.5214121341705322,2.646868944168091,1.1686095056704084
4,7.535525321960449,-0.524296760559082,2.6362669467926025,1.1564859761877586
4,7.555876731872559,-0.5271645784378052,2.625282049179077,1.1445177351187101
4,7.576083660125732,-0.530029833316803,2.613832950592041,1.131224844516941
4,7.5959086418151855,-0.5328512787818909,2.60205340385437,1.1181389749755006
4,7.615437030792236,-0.5356273055076599,2.589907169342041,1.1043636567164838
4,7.6345391273498535,-0.5383301377296448,2.577486753463745,1.0905121993480054
4,7.653449535369873,-0.5409774780273438,2.564664602279663,1.075972074826839
4,7.671990871429443,-0.5435234308242798,2.5515825748443604,1.0611356750183
4,7.690194606781006,-0.5459473133087158,2.5382628440856934,1.0465055142856257
4,7.7080512046813965,-0.5482325553894043,2.5246975421905518,1.0327831244206032
4,7.725596904754639,-0.5504169464111328,2.5107171535491943,1.021922620899652
4,7.742656707763672,-0.5525587201118469,2.496152400970459,1.016596533899369
4,7.7588419914245605,-0.5547707080841064,2.4807589054107666,1.0208005942429073
4,7.773505210876465,-0.5572810173034668,2.4639627933502197,1.0523622729705697
4,7.785775184631348,-0.5602622032165527,2.4454052448272705,1.11847950124914
4,7.795028209686279,-0.5636920928955078,2.425264358520508,1.2126945226328116
4,7.801510334014893,-0.5672629475593567,2.4040796756744385,1.3059522838662945
4,7.805875301361084,-0.5706380605697632,2.382323741912842,1.3685483972188501
4,7.808955192565918,-0.5734438896179199,2.360278844833374,1.3751365222432455
4,7.811336040496826,-0.5753710865974426,2.3380587100982666,1.3411435961978786
4,7.813522815704346,-0.576180100440979,2.315678119659424,1.2656991674844642
4,7.816033363342285,-0.5756605863571167,2.2933244705200195,1.1611673353433019
4,7.8193254470825195,-0.5736392736434937,2.2712090015411377,1.0415657476624076
4,7.823627948760986,-0.5699750781059265,2.2495646476745605,0.9245893314451719
4,7.828688621520996,-0.5647682547569275,2.228405475616455,0.8438886422194938
4,7.833765506744385,-0.5585019588470459,2.2075095176696777,0.7863484852484965
4,7.838598251342773,-0.551436185836792,2.186856508255005,0.7420500746215062
4,7.843183517456055,-0.5437977313995361,2.1663739681243896,0.7114464508719411
4,7.847578048706055,-0.5358696579933167,2.1460025310516357,0.6984973977024299
4,7.851809024810791,-0.5279409885406494,2.125596284866333,0.7002277743512504
4,7.855822563171387,-0.5202311873435974,2.1050634384155273,0.7142123302231196
4,7.859439373016357,-0.5128374695777893,2.084341526031494,0.7373265654954574
4,7.8625288009643555,-0.5057362914085388,2.0634331703186035,0.7666527603626858
4,7.864996910095215,-0.4988303780555725,2.042377233505249,0.7969214920315032
4,7.866751194000244,-0.4919781982898712,2.0212326049804688,0.8234242580923605
4,7.867763519287109,-0.48502469062805176,2.000072717666626,0.846318182624501
4,7.8680267333984375,-0.47785404324531555,1.9789624214172363,0.8648559271504944
4,7.867546558380127,-0.4703696370124817,1.9579657316207886,0.8769394294243471
4,7.866322040557861,-0.46248629689216614,1.9371459484100342,0.8824039474903973
4,7.864386558532715,-0.45417550206184387,1.916547417640686,0.8825440074269354
4,7.861761093139648,-0.4454384446144104,1.8962033987045288,0.8783051168945267
4,7.858426094055176,-0.43629592657089233,1.876143217086792,0.8710978672773367
4,7.854381561279297,-0.4268164336681366,1.8563721179962158,0.8637102167202747
4,7.849607467651367,-0.41708269715309143,1.836889386177063,0.8547001912223406
4,7.844067096710205,-0.4071654975414276,1.8177040815353394,0.84579990255838
4,7.837762355804443,-0.39712685346603394,1.7988206148147583,0.8373824370492067
4,7.8306732177734375,-0.38702842593193054,1.780249834060669,0.8285073871394891
4,7.8228044509887695,-0.3769177794456482,1.7620021104812622,0.8212730341516774
4,7.814169406890869,-0.3668351471424103,1.744088888168335,0.8130879873110749
4,7.804771900177002,-0.35680174827575684,1.7265353202819824,0.805114595672275
4,7.794638156890869,-0.3468327820301056,1.7093583345413208,0.7975428532502216
4,7.783780097961426,-0.33695003390312195,1.6925791501998901,0.7891452199641997
4,7.772216796875,-0.3271564841270447,1.676223874092102,0.7809983468735876
4,7.759970188140869,-0.31746426224708557,1.6603115797042847,0.772191668478133
4,7.747049808502197,-0.3078807592391968,1.6448734998703003,0.7631005956110974
4,7.7334771156311035,-0.2984115779399872,1.6299327611923218,0.7539804997016073
4,7.719261169433594,-0.289063423871994,1.6155223846435547,0.7437758007356058
4,7.704415798187256,-0.27984946966171265,1.6016719341278076,0.7332960779740186
4,7.688957691192627,-0.27077430486679077,1.5884122848510742,0.7220697745811093
4,7.672902584075928,-0.26187703013420105,1.5757534503936768,0.7097153424160051
4,7.656273365020752,-0.25319966673851013,1.5636965036392212,0.6963290173002651
4,7.639101505279541,-0.24483077228069305,1.5521959066390991,0.6813901734027213
4,7.621417045593262,-0.23692558705806732,1.5411511659622192,0.664644013530434
4,7.603263854980469,-0.22965919971466064,1.5304336547851562,0.6462426803221086
4,7.586987018585205,-0.22401447594165802,1.521142840385437,0.6297408954829664
4,7.568155765533447,-0.21872147917747498,1.510446310043335,0.6111095757176795
4,7.549191951751709,-0.21488074958324432,1.4993727207183838,0.5954312107396563
4,7.530346870422363,-0.21262980997562408,1.4876799583435059,0.583490328456852
4,7.511881351470947,-0.2118404656648636,1.4752165079116821,0.5740184783828656
4,7.493965148925781,-0.21216589212417603,1.461953043937683,0.5626894560573019
4,7.4766764640808105,-0.21332159638404846,1.4479228258132935,0.5464677058105017
4,7.460025310516357,-0.21507032215595245,1.4332003593444824,0.5257692426180776
4,7.44404411315918,-0.2173944115638733,1.4178297519683838,0.499442114726765
4,7.428854465484619,-0.2204098403453827,1.401792287826538,0.47102876808208194
4,7.414694309234619,-0.22431127727031708,1.3850233554840088,0.44222858877410853
4,7.401941776275635,-0.22927582263946533,1.3674315214157104,0.41473237573522276
4,7.391153812408447,-0.23545247316360474,1.3489373922348022,0.39217212569707927
4,7.382894515991211,-0.24281488358974457,1.329599380493164,0.37729392813804424
4,7.377679824829102,-0.2512013912200928,1.3096323013305664,0.3715657973791382
4,7.375804901123047,-0.26033878326416016,1.2894045114517212,0.375211818854559
4,7.377182483673096,-0.2698979675769806,1.269327998161316,0.3874922349061859
4,7.380878925323486,-0.27858152985572815,1.251738429069519,0.40357571277252147
4,7.38740348815918,-0.2882271409034729,1.232736349105835,0.425428894966986
4,7.395987033843994,-0.29773011803627014,1.2144922018051147,0.44933769830815196
4,7.406224727630615,-0.3070603609085083,1.1970258951187134,0.473914969650275
4,7.417852401733398,-0.316189706325531,1.1803392171859741,0.49868279436267715
4,7.430590629577637,-0.32514938712120056,1.1643860340118408,0.5226617843921874
4,7.444270133972168,-0.33393895626068115,1.149132490158081,0.546460229829049
4,7.458741664886475,-0.3425721228122711,1.1345328092575073,0.5696066805286493
4,7.473872184753418,-0.351050466299057,1.120522141456604,0.5917546057051275
4,7.489575386047363,-0.35935157537460327,1.1070454120635986,0.6140787308191696
4,7.505776405334473,-0.36746490001678467,1.094051480293274,0.6349562502731554
4,7.522410869598389,-0.3753521740436554,1.081472635269165,0.6551581920233474
4,7.539452075958252,-0.38299646973609924,1.0692946910858154,0.6733436375957468
4,7.55687952041626,-0.39037778973579407,1.0575079917907715,0.6894341103397793
4,7.574686050415039,-0.39749905467033386,1.0461345911026,0.7040626629663557
4,7.592868804931641,-0.4043809175491333,1.0352177619934082,0.7158053800565524
4,7.611426830291748,-0.41104501485824585,1.0248106718063354,0.7262264413222191
4,7.630345344543457,-0.41753271222114563,1.0149551630020142,0.7349013795973972
4,7.649598598480225,-0.423895925283432,1.0056830644607544,0.7426022899166399
4,7.66915225982666,-0.43018046021461487,0.9970065951347351,0.7505406958898904
4,7.688968658447266,-0.4364321529865265,0.9889209270477295,0.7578157274222037
4,7.7089996337890625,-0.4427042007446289,0.9814004898071289,0.764970552508972
4,7.7292022705078125,-0.449035108089447,0.9744065403938293,0.7727433886640505
4,7.749541282653809,-0.45544755458831787,0.9678971171379089,0.7814640348685372
4,7.769988059997559,-0.46195119619369507,0.9618321061134338,0.7901255180992194
4,7.790517807006836,-0.46855613589286804,0.9561699628829956,0.7985855186083933
4,7.81111478805542,-0.4752541482448578,0.950873613357544,0.8073388451157499
4,7.831772327423096,-0.4820256233215332,0.9459157586097717,0.8164810455524131
4,7.852485656738281,-0.48885008692741394,0.9412729740142822,0.8253524815372856
4,7.8732500076293945,-0.4957144558429718,0.9369252920150757,0.8338305235913632
4,7.894061088562012,-0.5026080012321472,0.9328586459159851,0.8418770550298265
4,7.914918899536133,-0.5095189213752747,0.9290684461593628,0.8491839533346593
4,7.93582010269165,-0.5164408087730408,0.9255480766296387,0.8561141692482805
4,7.956761360168457,-0.5233698487281799,0.9222904443740845,0.8626835011440264
4,7.977740287780762,-0.5303017497062683,0.91929030418396,0.8691920695571601
4,7.998760223388672,-0.5372313857078552,0.9165431261062622,0.8754270681041003
4,8.019826889038086,-0.5441630482673645,0.9140428304672241,0.8812921304325072
4,8.040953636169434,-0.5511033535003662,0.9117839336395264,0.8868401116083613
4,8.062189102172852,-0.5580653548240662,0.9097592234611511,0.8922900441643394
4,8.083449363708496,-0.5650201439857483,0.9079743027687073,0.8973363420428421
4,8.104740142822266,-0.5719718337059021,0.9064250588417053,0.9019496534011636
4,8.126056671142578,-0.5789182782173157,0.9051087498664856,0.9062390756200549
4,8.147446632385254,-0.585870087146759,0.9040198922157288,0.9101669989208443
4,8.16884708404541,-0.5928056836128235,0.903160035610199,0.9136014582787949
4,8.1902494430542,-0.5997226238250732,0.9025270938873291,0.9165347778528131
4,8.211649894714355,-0.6066159009933472,0.902118980884552,0.9191714165069923
4,8.233086585998535,-0.6134937405586243,0.9019340872764587,0.9213548383066108
4,8.254505157470703,-0.6203383207321167,0.9019714593887329,0.9230524373849405
4,8.27561092376709,-0.6270560622215271,0.9022234082221985,0.9242496513530398
4,8.29725170135498,-0.633914589881897,0.9026986956596375,0.92509928560441
4,8.318896293640137,-0.6407438516616821,0.9033915400505066,0.9254634257982163
4,8.340513229370117,-0.647534966468811,0.9043003916740417,0.9253590581436092
4,8.362102508544922,-0.6542876362800598,0.9054235816001892,0.9248845688993903
4,8.383683204650879,-0.6610037684440613,0.9067595601081848,0.9240275404472003
4,8.405241012573242,-0.667677640914917,0.9083086252212524,0.9227646068143835
4,8.426773071289062,-0.6743084788322449,0.9100739359855652,0.9211305897550651
4,8.44827938079834,-0.6808900237083435,0.9120568037033081,0.9191528838332989
4,8.469916343688965,-0.6874603629112244,0.9142738580703735,0.9168978742314217
4,8.491530418395996,-0.6939708590507507,0.9167172908782959,0.9144314743734389
4,8.513117790222168,-0.7004189491271973,0.9193923473358154,0.9118032267469519
4,8.534575462341309,-0.7067699432373047,0.9222872257232666,0.9091222634228332
4,8.555988311767578,-0.7130447626113892,0.9254138469696045,0.9063791355815135
4,8.577384948730469,-0.71924889087677,0.928780198097229,0.9035943966748625
4,8.598731994628906,-0.7253662347793579,0.932382345199585,0.9007111036989386
4,8.620158195495605,-0.731419026851654,0.9362376928329468,0.8977398017780782
4,8.641529083251953,-0.7373622059822083,0.9403234124183655,0.8947613067912079
4,8.662840843200684,-0.7431914806365967,0.9446401596069336,0.8917849986276954
4,8.684089660644531,-0.7489045262336731,0.9491881132125854,0.8888036394161947
4,8.705269813537598,-0.7545003294944763,0.95396488904953,0.8857248435384496
4,8.726456642150879,-0.7599914073944092,0.9589802622795105,0.8824756264441137
4,8.747568130493164,-0.7653532028198242,0.9642125368118286,0.8792094015480352
4,8.768600463867188,-0.7705851197242737,0.969659149646759,0.87595408875101
4,8.789548873901367,-0.7756868004798889,0.9753180146217346,0.8727260595613916
4,8.810468673706055,-0.7806698679924011,0.9812007546424866,0.8693736028549544
4,8.8313627243042,-0.7855283617973328,0.9873021245002747,0.8660395753086023
4,8.852193832397461,-0.7902572154998779,0.9936112761497498,0.8628291472051336
4,8.872963905334473,-0.7948631048202515,1.0001286268234253,0.8597750671765945
4,8.893669128417969,-0.7993524670600891,1.0068515539169312,0.8568563684014289
4,8.914374351501465,-0.8037387728691101,1.0137920379638672,0.8539604430774526
4,8.93506908416748,-0.8080267906188965,1.0209428071975708,0.8513130504663439
4,8.955669403076172,-0.8122121691703796,1.0282714366912842,0.848962944403368
4,8.9761962890625,-0.8163120746612549,1.0357776880264282,0.8468426888598732
4,8.996707916259766,-0.8203408122062683,1.043466567993164,0.8449110508951615
4,9.017148971557617,-0.8242998719215393,1.051306962966919,0.8432236092798486
4,9.037519454956055,-0.8282032608985901,1.0592868328094482,0.8416695360549411
4,9.057873725891113,-0.8320679664611816,1.0674097537994385,0.8402275191054561
4,9.078190803527832,-0.8358854651451111,1.0756431818008423,0.83889691401929
4,9.098450660705566,-0.8396603465080261,1.0839638710021973,0.8376289011950262
4,9.118659019470215,-0.8433995246887207,1.0923582315444946,0.8363824604687888
4,9.138862609863281,-0.8470984697341919,1.1008191108703613,0.83514276005415
4,9.159034729003906,-0.8507413268089294,1.1093121767044067,0.8338043392870993
4,9.179219245910645,-0.8543307781219482,1.117840051651001,0.8322787478157856
4,9.199385643005371,-0.8578490614891052,1.1263699531555176,0.8307534441485163
4,9.219575881958008,-0.8612743020057678,1.1348888874053955,0.8291870093705355
4,9.23974323272705,-0.8645848631858826,1.1433610916137695,0.8274848418142939
4,9.259918212890625,-0.8677734136581421,1.151786208152771,0.8256407160424392
4,9.280115127563477,-0.8708159923553467,1.1601446866989136,0.824051089107286
4,9.300359725952148,-0.8736904859542847,1.1684236526489258,0.8223530614745471
4,9.320638656616211,-0.8763801455497742,1.176605224609375,0.8205459403368383
4,9.34097957611084,-0.8788711428642273,1.1846868991851807,0.8188665367509944
4,9.361377716064453,-0.881135106086731,1.1926383972167969,0.8174819426799607
4,9.38182544708252,-0.8831560611724854,1.2004441022872925,0.8161147417421182
4,9.402322769165039,-0.8849230408668518,1.2080957889556885,0.8147908570654794
4,9.422871589660645,-0.8864234685897827,1.2155823707580566,0.8139154001473651
4,9.443474769592285,-0.8876416683197021,1.2228848934173584,0.8133242733830124
4,9.464128494262695,-0.88857102394104,1.229996681213379,0.8128778440440029
4,9.484829902648926,-0.8892069458961487,1.2369133234024048,0.8126053386584252
4,9.505575180053711,-0.8895444273948669,1.2436270713806152,0.8129391132660113
4,9.526355743408203,-0.8895796537399292,1.2501243352890015,0.813603015444863
4,9.547197341918945,-0.889313280582428,1.2564141750335693,0.8145128396468261
4,9.568069458007812,-0.8887477517127991,1.262488603591919,0.8156821043239089
4,9.588963508605957,-0.8878868818283081,1.2683470249176025,0.8173780159725932
4,9.609864234924316,-0.8867367506027222,1.2739816904067993,0.8194984738449091
4,9.630786895751953,-0.8853036165237427,1.2794021368026733,0.8218788152692048
4,9.651731491088867,-0.8835948705673218,1.2846145629882812,0.8245319594230054
4,9.672700881958008,-0.881618082523346,1.2896267175674438,0.8274554734225431
4,9.693690299987793,-0.8793830275535583,1.2944415807724,0.8309126457568293
4,9.714695930480957,-0.8769005537033081,1.299062728881836,0.8346114082415101
4,9.735712051391602,-0.8741815090179443,1.3034981489181519,0.8385308526658862
4,9.756733894348145,-0.8712375164031982,1.3077560663223267,0.8426782696138515
4,9.777759552001953,-0.868080198764801,1.3118454217910767,0.8469929870640711
4,9.798783302307129,-0.8647210597991943,1.3157752752304077,0.851488471333456
4,9.819805145263672,-0.8611733317375183,1.3195524215698242,0.8562260682033844
4,9.840821266174316,-0.8574491739273071,1.323185682296753,0.8610418818366157
4,9.86182975769043,-0.8535600900650024,1.3266844749450684,0.8659156680636304
4,9.882830619812012,-0.8495172262191772,1.3300583362579346,0.8708341490225804
4,9.903820991516113,-0.8453323245048523,1.3333170413970947,0.8758213342245581
4,9.92480182647705,-0.8410167098045349,1.3364700078964233,0.8808020599261991
4,9.945772171020508,-0.8365804553031921,1.3395256996154785,0.8857445368357981
4,9.966731071472168,-0.8320347666740417,1.3424923419952393,0.8906418140454905
4,9.987679481506348,-0.8273910284042358,1.3453776836395264,0.8954541918889488
4,10.00861930847168,-0.8226590752601624,1.3481898307800293,0.9001855012565746
4,10.029548645019531,-0.8178492188453674,1.3509373664855957,0.9048169399428226
4,10.050470352172852,-0.8129703402519226,1.353627324104309,0.9093091479564253
4,10.07138442993164,-0.8080306649208069,1.3562664985656738,0.9136167752022063
4,10.082561492919922,-0.8053675293922424,1.3576587438583374,0.915842462524235
5,0.8986621499061584,-1.4693315029144287,1.8868848085403442,1.0037902373770065
5,1.0195631980895996,-1.4695838689804077,1.8883843421936035,1.004676595064176
5,1.1404621601104736,-1.4698671102523804,1.8900350332260132,1.0055967281602354
5,1.2623848915100098,-1.4701850414276123,1.891844391822815,1.0065371596729928
5,1.3846967220306396,-1.4705387353897095,1.8938010931015015,1.007493154110255
5,1.507006287574768,-1.4709289073944092,1.8958958387374878,1.0084495572009269
5,1.6294292211532593,-1.4713594913482666,1.8981287479400635,1.0094080187281018
5,1.7518494129180908,-1.4718323945999146,1.9004971981048584,1.010368753825927
5,1.8742927312850952,-1.4723509550094604,1.9030019044876099,1.0113279649356668
5,1.9967368841171265,-1.472918152809143,1.9056448936462402,1.0122827914388826
5,2.1191775798797607,-1.4735360145568848,1.9084287881851196,1.0132214436228388
5,2.2416152954101562,-1.4742075204849243,1.9113608598709106,1.0141470351188275
5,2.364048480987549,-1.474934697151184,1.9144502878189087,1.015013465780324
5,2.4864771366119385,-1.475719690322876,1.917709469795227,1.015844685909339
5,2.6089000701904297,-1.4765647649765015,1.9211617708206177,1.0166066944412027
5,2.731316328048706,-1.4774717092514038,1.92482590675354,1.017287610907599
5,2.853724241256714,-1.4784430265426636,1.9287395477294922,1.0179240133126939
5,2.9761221408843994,-1.4794809818267822,1.9329427480697632,1.018440674517698
5,3.0985076427459717,-1.480587363243103,1.937476396560669,1.0189360907473215
5,3.220877170562744,-1.481764793395996,1.9424092769622803,1.0194063455283722
5,3.343226909637451,-1.4830158948898315,1.9477872848510742,1.0199374589376642
5,3.4655520915985107,-1.484344720840454,1.953681230545044,1.020539886326936
5,3.587848424911499,-1.4857654571533203,1.9601294994354248,1.0214296033550019
5,3.7101125717163086,-1.487291693687439,1.9671361446380615,1.0227016584056816
5,3.832327365875244,-1.488954782485962,1.9746121168136597,1.024357162535038
5,3.954519033432007,-1.4907668828964233,1.9824246168136597,1.0264256761495523
5,4.076480388641357,-1.4927343130111694,1.9903596639633179,1.028524776732676
5,4.197354793548584,-1.4948359727859497,1.9981423616409302,1.0305049926035637
5,4.318240165710449,-1.4970905780792236,2.00569748878479,1.0322799908093492
5,4.43590784072876,-1.4994467496871948,2.012629508972168,1.0338827191605133
5,4.547272205352783,-1.5018470287322998,2.018655776977539,1.0348405258028517
5,4.658666133880615,-1.5044416189193726,2.0240085124969482,1.0354357533393201
5,4.761625289916992,-1.5070487260818481,2.028195381164551,1.03557208137916
5,4.856723785400391,-1.5096676349639893,2.0313045978546143,1.0348980791565068
5,4.951838970184326,-1.5125236511230469,2.033592939376831,1.0336415898727696
5,5.041771411895752,-1.5154805183410645,2.0349280834198,1.031838560613148
5,5.129270076751709,-1.518631100654602,2.035421848297119,1.0294778972909777
5,5.215973854064941,-1.5220555067062378,2.035118579864502,1.0265404066526818
5,5.302501678466797,-1.5258125066757202,2.0340380668640137,1.0230033938053535
5,5.3889851570129395,-1.5299532413482666,2.0321996212005615,1.0188105151515325
5,5.475427627563477,-1.5345336198806763,2.029622793197632,1.0141674710459252
5,5.561817169189453,-1.5396194458007812,2.0263209342956543,1.0091330085973955
5,5.648139476776123,-1.545292854309082,2.0223007202148438,1.0038014119380996
5,5.734378814697266,-1.5516403913497925,2.017564058303833,0.9983333563940089
5,5.820514678955078,-1.5587550401687622,2.012110948562622,0.9929082049009949
5,5.906522750854492,-1.5667349100112915,2.0059378147125244,0.9877801166372308
5,5.992398262023926,-1.575693130493164,1.9990332126617432,0.9832274344148523
5,6.078091144561768,-1.585731863975525,1.9913873672485352,0.979752100260616
5,6.164315700531006,-1.597044587135315,1.982912540435791,0.977749279524174
5,6.251900672912598,-1.6098687648773193,1.9734840393066406,0.9777313929372684
5,6.341169357299805,-1.624340534210205,1.9630281925201416,0.9802193365020663
5,6.432681560516357,-1.6406161785125732,1.951433539390564,0.9855342923570709
5,6.476722717285156,-1.6489453315734863,1.9455431699752808,0.988879594125087
5,6.502206325531006,-1.6539074182510376,1.9420422315597534,0.9910873066968617
5,6.525230407714844,-1.6584757566452026,1.9388235807418823,0.9932240697958306
5,6.548187732696533,-1.6631091833114624,1.9355624914169312,0.995457943751631
5,6.571134090423584,-1.667816162109375,1.9322513341903687,0.9977888034903403
5,6.5941033363342285,-1.6726001501083374,1.9288861751556396,1.00021128153645
5,6.617114543914795,-1.677461862564087,1.9254648685455322,1.002708595807969
5,6.6399006843566895,-1.68234121799469,1.9220274686813354,1.0052386647384262
5,6.662735462188721,-1.687292218208313,1.9185343980789185,1.0078268577297356
5,6.685617923736572,-1.6923108100891113,1.9149870872497559,1.0104593240742987
5,6.708531379699707,-1.6973892450332642,1.911389946937561,1.013117290313966
5,6.7314863204956055,-1.7025258541107178,1.9077427387237549,1.0157775975793912
5,6.754278659820557,-1.7076716423034668,1.9040786027908325,1.0184078128099572
5,6.777106761932373,-1.7128671407699585,1.9003673791885376,1.0210242189296606
5,6.799966335296631,-1.7181075811386108,1.896611213684082,1.0236092593722799
5,6.822855472564697,-1.7233880758285522,1.892812728881836,1.0261444270329967
5,6.845768928527832,-1.7287042140960693,1.8889741897583008,1.0286252585879176
5,6.868461608886719,-1.7339953184127808,1.8851393461227417,1.0310013196294356
5,6.89117956161499,-1.7393145561218262,1.8812696933746338,1.0332702632953212
5,6.9139204025268555,-1.7446564435958862,1.8773696422576904,1.0354105956338258
5,6.936682224273682,-1.7500160932540894,1.8734440803527832,1.0374060294477359
5,6.959272861480713,-1.7553434371948242,1.869531512260437,1.039220179336502
5,6.981884956359863,-1.7606793642044067,1.8656045198440552,1.0408721078673033
5,7.004965305328369,-1.7661253213882446,1.8615925312042236,1.042406939055884
5,7.028165817260742,-1.7715965509414673,1.8575613498687744,1.043784680876091
5,7.051294326782227,-1.7770462036132812,1.8535478115081787,1.045013308722495
5,7.073657989501953,-1.7823114395141602,1.849674105644226,1.0460584261175125
5,7.096024036407471,-1.7875713109970093,1.8458093404769897,1.0469495099403086
5,7.118412971496582,-1.7928295135498047,1.8419525623321533,1.047722770466083
5,7.140806198120117,-1.7980799674987793,1.8381099700927734,1.0483931711671504
5,7.1632161140441895,-1.8033239841461182,1.8342827558517456,1.0489657700107997
5,7.185477256774902,-1.80852210521698,1.8305014371871948,1.0494410754549703
5,7.207756042480469,-1.813711166381836,1.8267405033111572,1.0498299870770043
5,7.2300496101379395,-1.8188890218734741,1.8230032920837402,1.050140157930523
5,7.252356052398682,-1.8240535259246826,1.8192927837371826,1.0503803264314984
5,7.274672031402588,-1.82920241355896,1.8156126737594604,1.0505587492380786
5,7.296836853027344,-1.8342970609664917,1.8119925260543823,1.0507005173858424
5,7.319005012512207,-1.8393710851669312,1.808410406112671,1.0507987044207725
5,7.3411784172058105,-1.8444232940673828,1.8048691749572754,1.0508608377716693
5,7.363363742828369,-1.8494529724121094,1.8013709783554077,1.050896723556809
5,7.385553359985352,-1.8544564247131348,1.79792058467865,1.0509072718850951
5,7.407594680786133,-1.859397292137146,1.794545292854309,1.0509002501761604
5,7.429638385772705,-1.864307165145874,1.7912250757217407,1.0508870155142525
5,7.45168399810791,-1.8691829442977905,1.7879644632339478,1.0508839777147418
5,7.474089622497559,-1.8741002082824707,1.784714698791504,1.0508883556194808
5,7.496367931365967,-1.8789483308792114,1.7815525531768799,1.0508810447168473
5,7.518343448638916,-1.8836867809295654,1.7785059213638306,1.0508672901065874
5,7.540163516998291,-1.8883452415466309,1.7755560874938965,1.050852362504162
5,7.561833381652832,-1.8929216861724854,1.7727047204971313,1.0508442535167684
5,7.583799839019775,-1.8975062370300293,1.7698960304260254,1.0508300150120808
5,7.605788230895996,-1.9020359516143799,1.7671693563461304,1.0508064984894843
5,7.627643585205078,-1.9064745903015137,1.764547348022461,1.050764682167898
5,7.649505138397217,-1.9108452796936035,1.7620155811309814,1.0507512313669953
5,7.671374320983887,-1.9151418209075928,1.7595760822296143,1.050723412562994
5,7.693249702453613,-1.9193575382232666,1.7572308778762817,1.0506753070578907
5,7.7151312828063965,-1.9234851598739624,1.7549816370010376,1.050597520072069
5,7.7370171546936035,-1.9275171756744385,1.7528303861618042,1.0504407349262208
5,7.758777618408203,-1.9314230680465698,1.7507922649383545,1.0501914100825698
5,7.780543804168701,-1.9352200031280518,1.7488563060760498,1.0498486650507477
5,7.802313804626465,-1.938900351524353,1.7470247745513916,1.0493791281078737
5,7.8241119384765625,-1.942461609840393,1.745298147201538,1.0487550613656254
5,7.845913887023926,-1.9458937644958496,1.74368155002594,1.0479749884758651
5,7.867718696594238,-1.9491922855377197,1.7421776056289673,1.0470295763883744
5,7.889524459838867,-1.9523531198501587,1.7407901287078857,1.0458667877229064
5,7.911211967468262,-1.9553582668304443,1.7395294904708862,1.0445322280900289
5,7.932898044586182,-1.9582239389419556,1.7383909225463867,1.0430567805119415
5,7.954579830169678,-1.960950255393982,1.7373772859573364,1.0414445019417267
5,7.976255416870117,-1.9635385274887085,1.7364907264709473,1.0397212673620342
5,7.9980597496032715,-1.9660062789916992,1.7357289791107178,1.0378853108403499
5,8.019883155822754,-1.9683425426483154,1.7350986003875732,1.0360066170447002
5,8.041736602783203,-1.9705513715744019,1.7346011400222778,1.034128143260331
5,8.063607215881348,-1.9726349115371704,1.7342381477355957,1.0322880257525022
5,8.085481643676758,-1.974595069885254,1.7340104579925537,1.0305143037879447
5,8.107314109802246,-1.9764310121536255,1.7339190244674683,1.0288004450817665
5,8.129009246826172,-1.9781385660171509,1.7339636087417603,1.0272027704185809
5,8.150691032409668,-1.9797314405441284,1.734142780303955,1.025737805934621
5,8.172357559204102,-1.9812119007110596,1.7344564199447632,1.0244292908679966
5,8.194028854370117,-1.9825836420059204,1.734904408454895,1.0232817971475574
5,8.215682983398438,-1.9838474988937378,1.7354856729507446,1.0222985520506658
5,8.237321853637695,-1.9850056171417236,1.7361996173858643,1.0214810289398792
5,8.258946418762207,-1.9860605001449585,1.7370452880859375,1.0208291759473858
5,8.280559539794922,-1.9870145320892334,1.7380218505859375,1.0203422197139034
5,8.302165031433105,-1.9878703355789185,1.7391284704208374,1.0200189261262904
5,8.323766708374023,-1.988630771636963,1.740363597869873,1.019871605378687
5,8.345364570617676,-1.9892984628677368,1.7417258024215698,1.019917081953201
5,8.366955757141113,-1.989876627922058,1.7432129383087158,1.0201248751672072
5,8.388541221618652,-1.9903682470321655,1.74482262134552,1.0204943280151442
5,8.410118103027344,-1.9907772541046143,1.7465519905090332,1.0210248780726605
5,8.43168830871582,-1.9911069869995117,1.748397946357727,1.0217166059897953
5,8.453248023986816,-1.991361379623413,1.750356912612915,1.0225693354776664
5,8.474799156188965,-1.991544246673584,1.7524250745773315,1.0235849370309256
5,8.496339797973633,-1.99165940284729,1.7545982599258423,1.0247861113881072
5,8.517870903015137,-1.9917110204696655,1.7568719387054443,1.0261505774668422
5,8.53939151763916,-1.9917025566101074,1.7592414617538452,1.027677125254901
5,8.560901641845703,-1.9916383028030396,1.7617015838623047,1.0293647571141369
5,8.582402229309082,-1.991521954536438,1.7642472982406616,1.031211590875598
5,8.60389232635498,-1.9913569688796997,1.7668731212615967,1.0332385929676613
5,8.625372886657715,-1.9911472797393799,1.7695729732513428,1.0354271138437279
5,8.646843910217285,-1.9908961057662964,1.7723414897918701,1.037787474352684
5,8.668306350708008,-1.9906069040298462,1.7751727104187012,1.0402922365223926
5,8.6897611618042,-1.9902828931808472,1.778061032295227,1.0429327293241666
5,8.71120834350586,-1.9899274110794067,1.7810002565383911,1.0457020528475822
5,8.732648849487305,-1.9895434379577637,1.7839845418930054,1.0485932201635184
5,8.754083633422852,-1.9891339540481567,1.7870079278945923,1.0515986129519788
5,8.7755126953125,-1.9887019395828247,1.7900644540786743,1.0547111406489973
5,8.796937942504883,-1.9882501363754272,1.793148159980774,1.0579572237680976
5,8.818360328674316,-1.987781286239624,1.796252965927124,1.0612903026247311
5,8.839778900146484,-1.9872978925704956,1.7993731498718262,1.064698554508447
5,8.861196517944336,-1.986802577972412,1.8025028705596924,1.0681742027327163
5,8.882613182067871,-1.986297607421875,1.8056364059448242,1.0717091119272426
5,8.904029846191406,-1.9857854843139648,1.8087680339813232,1.0752956710741233
5,8.925448417663574,-1.985267996788025,1.8118925094604492,1.0789265688650103
5,8.946867942810059,-1.9847474098205566,1.8150043487548828,1.0826027895984383
5,8.968289375305176,-1.9842253923416138,1.8180984258651733,1.0863111576383924
5,8.989714622497559,-1.9837034940719604,1.8211699724197388,1.0900363903636452
5,9.011143684387207,-1.9831833839416504,1.824213981628418,1.093771574746939
5,9.032577514648438,-1.9826661348342896,1.8272260427474976,1.0975097471445165
5,9.054017066955566,-1.982153058052063,1.8302019834518433,1.1012436336521179
5,9.075461387634277,-1.9816447496414185,1.8331376314163208,1.10496641476008
5,9.096912384033203,-1.9811421632766724,1.8360295295715332,1.108668071200874
5,9.118370056152344,-1.980645775794983,1.838874101638794,1.1123397204569
5,9.139833450317383,-1.9801560640335083,1.8416681289672852,1.1159698926846862
5,9.161304473876953,-1.9796736240386963,1.8444087505340576,1.119550922666987
5,9.182783126831055,-1.9791985750198364,1.8470933437347412,1.1230775914881115
5,9.204268455505371,-1.9787311553955078,1.8497192859649658,1.126542763733775
5,9.225762367248535,-1.9782713651657104,1.852284550666809,1.1299391846323763
5,9.247262954711914,-1.9778193235397339,1.8547872304916382,1.133248747483059
5,9.268771171569824,-1.9773750305175781,1.8572256565093994,1.1364697941725954
5,9.29028606414795,-1.9769384860992432,1.8595985174179077,1.1395995614425962
5,9.311809539794922,-1.9765095710754395,1.861904501914978,1.1426327560815386
5,9.33333969116211,-1.9760881662368774,1.864142656326294,1.1455645698437047
5,9.354877471923828,-1.9756743907928467,1.8663121461868286,1.1483846161979874
5,9.376422882080078,-1.9752683639526367,1.868412733078003,1.1510911338228587
5,9.397974014282227,-1.974869966506958,1.8704439401626587,1.1536703144607214
5,9.41953182220459,-1.974478840827942,1.872405767440796,1.1561199078227253
5,9.441096305847168,-1.974095106124878,1.8742984533309937,1.1584509271670629
5,9.462666511535645,-1.973718285560608,1.8761218786239624,1.1606614934370296
5,9.48424243927002,-1.9733483791351318,1.877876877784729,1.162750502994429
5,9.505824089050293,-1.972984790802002,1.8795639276504517,1.164716600446464
5,9.527411460876465,-1.9726275205612183,1.8811838626861572,1.1665589942551975
5,9.549003601074219,-1.9722760915756226,1.882737636566162,1.1682699322959995
5,9.570600509643555,-1.9719301462173462,1.8842264413833618,1.1698390393731475
5,9.592201232910156,-1.97158944606781,1.8856515884399414,1.1712839184695125
5,9.613805770874023,-1.971253752708435,1.8870142698287964,1.1726059547264431
5,9.635415077209473,-1.9709227085113525,1.8883161544799805,1.1738069115798886
5,9.657027244567871,-1.9705963134765625,1.8895585536956787,1.1748891666742831
5,9.678643226623535,-1.9702743291854858,1.8907431364059448,1.1758536404261417
5,9.700262069702148,-1.9699567556381226,1.891871452331543,1.1767057465227466
5,9.721883773803711,-1.969643473625183,1.8929450511932373,1.177432187957303
5,9.743508338928223,-1.969334602355957,1.8939653635025024,1.1780575831219875
5,9.765134811401367,-1.9690300226211548,1.8949339389801025,1.17858926926483
5,9.786764144897461,-1.9687296152114868,1.8958520889282227,1.1790329957725711
5,9.808395385742188,-1.9684333801269531,1.896721363067627,1.1793943144045493
5,9.830028533935547,-1.968140959739685,1.8975428342819214,1.1796781084166685
5,9.851663589477539,-1.967852234840393,1.8983180522918701,1.1798897739435164
5,9.873299598693848,-1.9675668478012085,1.8990482091903687,1.1800264701878274
5,9.894937515258789,-1.9672846794128418,1.8997344970703125,1.180093279277334
5,9.916576385498047,-1.9670050144195557,1.9003783464431763,1.1801003636574647
5,9.938217163085938,-1.9667274951934814,1.900980830192566,1.1800502113274884
5,9.959858894348145,-1.966451644897461,1.9015432596206665,1.179944954358987
5,9.981501579284668,-1.966176986694336,1.9020670652389526,1.1797864762160082
5,10.003144264221191,-1.9659030437469482,1.9025532007217407,1.1795766572538418
5,10.024788856506348,-1.9656293392181396,1.9030030965805054,1.1793169169216278
5,10.046433448791504,-1.965355396270752,1.9034178256988525,1.1790009862507782
5,10.068078994750977,-1.965080738067627,1.9037984609603882,1.1786413310194832
5,10.089725494384766,-1.964805245399475,1.9041460752487183,1.1782404752638247
5,10.111371994018555,-1.9645284414291382,1.9044616222381592,1.1778007322662596
5,10.133018493652344,-1.9642499685287476,1.9047458171844482,1.177324206475059
5,10.15467357635498,-1.9639694690704346,1.9049997329711914,1.1768121914029237
5,10.176398277282715,-1.9636858701705933,1.905224323272705,1.176263958448921
5,10.198448181152344,-1.9633954763412476,1.9054220914840698,1.1756669373560458
5,10.220498085021973,-1.9631019830703735,1.9055899381637573,1.1750360963349835
5,10.243453025817871,-1.962792992591858,1.9057337045669556,1.1743541006751965
5,10.268123626708984,-1.9624563455581665,1.9058541059494019,1.173600038260859
5,10.29503059387207,-1.9620832204818726,1.9059463739395142,1.1727358402402626
5,10.32193660736084,-1.9617031812667847,1.9059988260269165,1.1718384093781171
5,10.350824356079102,-1.9612866640090942,1.9060120582580566,1.1708518410112825
5,10.379712104797363,-1.9608606100082397,1.9059813022613525,1.169791031281535
5,10.409771919250488,-1.9604061841964722,1.9059033393859863,1.1686614247836222
5,10.440277099609375,-1.9599323272705078,1.905776858329773,1.1674576096267237
5,10.470782279968262,-1.9594449996948242,1.9056028127670288,1.1661979998771221
5,10.501385688781738,-1.9589412212371826,1.9053810834884644,1.1649053398758955
5,10.531998634338379,-1.9584217071533203,1.9051120281219482,1.1635348687975526
5,10.562610626220703,-1.957885503768921,1.90479576587677,1.162133598583689
5,10.593222618103027,-1.957331657409668,1.9044324159622192,1.1606872054616872
5,10.623832702636719,-1.9567590951919556,1.9040216207504272,1.1591836993799827
5,10.654441833496094,-1.9561668634414673,1.9035630226135254,1.1576553079882759
5,10.685050010681152,-1.9555538892745972,1.9030561447143555,1.1560694922285004
5,10.715657234191895,-1.9549192190170288,1.9025005102157593,1.1544542850258157
5,10.74626350402832,-1.9542616605758667,1.9018954038619995,1.1528114909295084
5,10.776866912841797,-1.9535802602767944,1.9012399911880493,1.151126144957326
5,10.807469367980957,-1.9528740644454956,1.900533676147461,1.1494276979963276
5,10.838069915771484,-1.9521417617797852,1.8997751474380493,1.147702350471193
5,10.868668556213379,-1.9513826370239258,1.8989638090133667,1.1459642310681584
5,10.899264335632324,-1.9505952596664429,1.8980984687805176,1.1442201853728302
5,10.929858207702637,-1.94977867603302,1.8971781730651855,1.1424615725916598
5,10.96044921875,-1.9489314556121826,1.8962016105651855,1.1406915530586328
5,10.99103832244873,-1.948052167892456,1.895167589187622,1.1389277762300403
5,11.021623611450195,-1.9471397399902344,1.8940752744674683,1.1371805517651667
5,11.052206039428711,-1.9461923837661743,1.8929234743118286,1.1354477584106757
5,11.082784652709961,-1.9452085494995117,1.8917112350463867,1.133747982787
5,11.113360404968262,-1.9441866874694824,1.8904378414154053,1.1320748134947953
5,11.14393138885498,-1.943124771118164,1.8891026973724365,1.1304301817180773
5,11.174497604370117,-1.9420210123062134,1.8877053260803223,1.128830569246831
5,11.205060005187988,-1.940873146057129,1.8862454891204834,1.1272605412580825
5,11.23561954498291,-1.93967866897583,1.8847233057022095,1.1257451645729681
5,11.26617431640625,-1.9384355545043945,1.8831391334533691,1.124269344142973
5,11.296730995178223,-1.9371405839920044,1.8814935684204102,1.122829857347184
5,11.327281951904297,-1.935791254043579,1.8797880411148071,1.121447737103039
5,11.3578519821167,-1.934383749961853,1.8780227899551392,1.1200907723854485
5,11.388481140136719,-1.9329123497009277,1.8761976957321167,1.118765966318694
5,11.41910457611084,-1.9313775300979614,1.8743187189102173,1.1174730750545285
5,11.449860572814941,-1.9297685623168945,1.872380256652832,1.116197385627726
5,11.480608940124512,-1.9280887842178345,1.8703936338424683,1.1149183428572116
5,11.511601448059082,-1.92631995677948,1.868345022201538,1.1136066902227193
5,11.547876358032227,-1.9241492748260498,1.8658961057662964,1.1118992473042624
5,11.613576889038086,-1.9199328422546387,1.8613611459732056,1.108270384970352
5,11.679247856140137,-1.9153406620025635,1.8567513227462769,1.1047477721260255
5,11.750709533691406,-1.9098974466323853,1.851744532585144,1.1004733768270378
5,11.822141647338867,-1.9039783477783203,1.8468763828277588,1.0933673681108025
5,11.951188087463379,-1.8922146558761597,1.8388291597366333,1.0815040326208665
5,12.080208778381348,-1.8794045448303223,1.8320680856704712,1.0659931193450973
5,12.171539306640625,-1.8699097633361816,1.8282661437988281,1.0538774498354884
5,12.29297924041748,-1.8571985960006714,1.8246315717697144,1.034241441351839
5,12.414484024047852,-1.8447332382202148,1.8227208852767944,1.0120515956637783
5,12.53628158569336,-1.8331608772277832,1.8225208520889282,0.9877439523763158
5,12.658193588256836,-1.8229749202728271,1.8239566087722778,0.9611653751941582
5,12.780309677124023,-1.8147153854370117,1.826890468597412,0.9341569625379998
5,12.801989555358887,-1.8134874105453491,1.827569603919983,0.929063505965326
6,0.24662832915782928,0.4131862223148346,0.50115567445755,1.0137300193754388
6,0.36810755729675293,0.41321930289268494,0.5045135617256165,1.0200362686922617
6,0.48760470747947693,0.413266658782959,0.5081877112388611,1.02535583011523
6,0.607934296131134,0.41332903504371643,0.5122688412666321,1.0307777376193523
6,0.7282508611679077,0.4134061932563782,0.5167169570922852,1.036627060329511
6,0.849442720413208,0.4135010838508606,0.5214053392410278,1.042775990300145
6,0.9706331491470337,0.4136129915714264,0.5261297821998596,1.0484144320147548
6,1.0924066305160522,0.4137422442436218,0.5307414531707764,1.0530888349860061
6,1.2144904136657715,0.41389018297195435,0.5351040959358215,1.056055951742296
6,1.3365836143493652,0.4140584468841553,0.5391978025436401,1.0567794256952496
6,1.4588016271591187,0.41425222158432007,0.5430923700332642,1.0565708472686757
6,1.5811256170272827,0.4144677519798279,0.5469353199005127,1.0550038407127713
6,1.7034471035003662,0.41470226645469666,0.5508518218994141,1.0535885491886103
6,1.825775146484375,0.4149579703807831,0.5549917817115784,1.052340068309522
6,1.948093056678772,0.41523411870002747,0.5594199299812317,1.052080175425857
6,2.070399761199951,0.4155285060405731,0.5642036199569702,1.0522805818433185
6,2.192694902420044,0.4158433675765991,0.5692732930183411,1.0534344818616423
6,2.3149802684783936,0.41618087887763977,0.5745767951011658,1.0544745122932908
6,2.43725848197937,0.41654732823371887,0.5800406336784363,1.0554585877422362
6,2.5595290660858154,0.4169459342956543,0.5856694579124451,1.056016561429144
6,2.681791067123413,0.4173804223537445,0.5914801359176636,1.0565817327356286
6,2.804046869277954,0.4178530275821686,0.5974147915840149,1.0570759588939396
6,2.926298141479492,0.4183628261089325,0.6034398078918457,1.0568422188775228
6,3.0485470294952393,0.4189026355743408,0.6095098853111267,1.056292891103663
6,3.170788526535034,0.4194648563861847,0.6157290935516357,1.0545699314903325
6,3.293015480041504,0.42004287242889404,0.6222215294837952,1.0530502633795265
6,3.415217161178589,0.4206436574459076,0.6291731595993042,1.0517694012801668
6,3.5373871326446533,0.4212718605995178,0.6366592049598694,1.0500798093356845
6,3.6595189571380615,0.4219352602958679,0.6447390913963318,1.0476658240584371
6,3.781636953353882,0.4226257801055908,0.6533767580986023,1.0417151452643383
6,3.903717279434204,0.42333897948265076,0.6625292301177979,1.0347846305396937
6,4.025562763214111,0.4240740239620209,0.6719618439674377,1.0265768154551058
6,4.147402763366699,0.42484918236732483,0.681466817855835,1.0172571404264792
6,4.2681965827941895,0.4256862998008728,0.6905744671821594,1.008097753750044
6,4.385831832885742,0.4266090989112854,0.6987359523773193,0.998418949270888
6,4.503531455993652,0.4276699423789978,0.7058857679367065,0.988366252515447
6,4.614993095397949,0.42884624004364014,0.7112976312637329,0.9783043357933562
6,4.71809196472168,0.43011993169784546,0.7148340344429016,0.9682020532725392
6,4.821231842041016,0.4316098392009735,0.7167028188705444,0.9576716141003818
6,4.919178485870361,0.43326690793037415,0.7167336344718933,0.9474212723518364
6,5.015666961669922,0.4351622760295868,0.7150323390960693,0.9374032490535757
6,5.1123528480529785,0.43734991550445557,0.7116345167160034,0.928249586489637
6,5.208963871002197,0.4398455321788788,0.7066709995269775,0.9201974640753436
6,5.307064533233643,0.4427117109298706,0.7002568244934082,0.9133391307469687
6,5.406985282897949,0.4459802210330963,0.6926068663597107,0.9079722953527832
6,5.508398056030273,0.44964173436164856,0.6840137243270874,0.9044390200974877
6,5.61074161529541,0.45365962386131287,0.6747716665267944,0.9029555439838141
6,5.713106632232666,0.4579860270023346,0.6651641726493835,0.9020226355645363
6,5.81579065322876,0.46263396739959717,0.6552931070327759,0.9033569616913941
6,5.918164253234863,0.46759432554244995,0.645281195640564,0.9069175143454713
6,6.01962947845459,0.4728597104549408,0.6352270245552063,0.9125577098942271
6,6.119653701782227,0.47841066122055054,0.6251915097236633,0.9205830498807038
6,6.219642162322998,0.4843282699584961,0.6150054335594177,0.9309124874572161
6,6.317747592926025,0.49049532413482666,0.6047952175140381,0.9433190186787559
6,6.413960933685303,0.4968831539154053,0.5945019721984863,0.9577417886763633
6,6.507096290588379,0.5033802390098572,0.5842298269271851,0.9727588810285758
6,6.598402500152588,0.5100297331809998,0.5737959742546082,0.990533261919459
6,6.694729328155518,0.5173197984695435,0.5622316002845764,1.0127405609510163
6,6.790937423706055,0.5248627066612244,0.5498708486557007,1.0425958974279408
6,6.813447952270508,0.5266640782356262,0.5468420386314392,1.0489465312072253
6,6.835815906524658,0.5284671783447266,0.543781042098999,1.055363646228765
6,6.85806941986084,0.5302740931510925,0.5406857132911682,1.0618638196902976
6,6.880249977111816,0.5320883393287659,0.537551999092102,1.0684291244921333
6,6.902383804321289,0.5339123606681824,0.534378170967102,1.0750544226396854
6,6.9244890213012695,0.5357478857040405,0.5311632752418518,1.0817492789415177
6,6.946568965911865,0.5375955700874329,0.5279088616371155,1.0884968439557245
6,6.9686279296875,0.5394558310508728,0.524616539478302,1.0952734104287056
6,6.990663051605225,0.5413288474082947,0.5212889909744263,1.101941129716955
6,7.012691974639893,0.5432162284851074,0.5179259777069092,1.1086643172152817
6,7.034693717956543,0.5451161861419678,0.5145330429077148,1.115426416302179
6,7.0566887855529785,0.5470303297042847,0.5111097097396851,1.1222475500772724
6,7.078667163848877,0.5489577651023865,0.5076594352722168,1.1291364788007634
6,7.100646495819092,0.550899863243103,0.5041816234588623,1.1361065439762998
6,7.122655868530273,0.5528590083122253,0.5006728172302246,1.143191206150614
6,7.1446332931518555,0.5548298358917236,0.4971437454223633,1.1504040339646329
6,7.166631698608398,0.5568172931671143,0.4935861825942993,1.157759799651571
6,7.188624858856201,0.5588192939758301,0.490004301071167,1.1653101124465166
6,7.210605144500732,0.5608355402946472,0.4863990843296051,1.1728508537472926
6,7.232574939727783,0.5628663897514343,0.48277005553245544,1.1806631854395004
6,7.2545342445373535,0.564910888671875,0.4791179895401001,1.1888284165214824
6,7.276479721069336,0.5669669508934021,0.47544559836387634,1.197427262351218
6,7.2984113693237305,0.5690305829048157,0.47175902128219604,1.2065319568504214
6,7.320328235626221,0.571095883846283,0.4680693745613098,1.2162079237868069
6,7.34222936630249,0.573155403137207,0.4643927812576294,1.226563243531439
6,7.3640594482421875,0.5751960277557373,0.46075811982154846,1.237784968348812
6,7.386332988739014,0.5772575736045837,0.45710495114326477,1.250386177070541
6,7.408623218536377,0.5792916417121887,0.45353788137435913,1.2637263274188646
6,7.431404113769531,0.5813313722610474,0.45002275705337524,1.2781726523076504
6,7.454127311706543,0.583313524723053,0.44670405983924866,1.2924564257266935
6,7.476804733276367,0.5852240324020386,0.4436433017253876,1.304602357094252
6,7.499445915222168,0.5870510339736938,0.44088268280029297,1.3128401452164582
6,7.5220489501953125,0.588789701461792,0.4384174346923828,1.3165620604271764
6,7.544515132904053,0.590438187122345,0.43620502948760986,1.3168139069215348
6,7.566788196563721,0.5920048952102661,0.43418145179748535,1.3154820181184537
6,7.589075088500977,0.5935170650482178,0.43227419257164,1.3141836677105334
6,7.611320972442627,0.5949820280075073,0.4304516315460205,1.3137983021386213
6,7.633518218994141,0.5964077711105347,0.428693026304245,1.3144126552531492
6,7.655706405639648,0.5978026986122131,0.4269850254058838,1.3159187976316058
6,7.6778998374938965,0.599169909954071,0.42532554268836975,1.3181518335976914
6,7.700098991394043,0.6005091667175293,0.4237184226512909,1.3209449329965
6,7.722303867340088,0.6018187999725342,0.42216962575912476,1.3241578031742447
6,7.7445149421691895,0.6030963063240051,0.42068567872047424,1.3276894551398406
6,7.766732692718506,0.6043387055397034,0.4192729592323303,1.3314725530801665
6,7.788957595825195,0.6055431962013245,0.4179368019104004,1.3354778705181007
6,7.8111891746521,0.6067068576812744,0.4166814982891083,1.3396670774836155
6,7.833427429199219,0.6078274250030518,0.4155096411705017,1.344037355871279
6,7.8556718826293945,0.6089028716087341,0.4144219160079956,1.3485864742983904
6,7.877923011779785,0.6099318265914917,0.4134165048599243,1.3533045980797407
6,7.900179386138916,0.6109135746955872,0.412489116191864,1.3581699959255715
6,7.922440528869629,0.6118481755256653,0.41163280606269836,1.3631466694992114
6,7.944706439971924,0.6127362847328186,0.41083836555480957,1.3681851047066063
6,7.966975212097168,0.6135793924331665,0.4100940525531769,1.3732256102043514
6,7.989246845245361,0.6143797039985657,0.40938663482666016,1.3781759672083251
6,8.011520385742188,0.6151400208473206,0.4087011218070984,1.3829463610365786
6,8.033796310424805,0.6158636212348938,0.40802106261253357,1.387387693915149
6,8.056072235107422,0.6165543794631958,0.407328337430954,1.3912756270522524
6,8.078347206115723,0.617216169834137,0.4066053032875061,1.3943732468373027
6,8.100622177124023,0.6178526878356934,0.4058382511138916,1.3965156385022526
6,8.122895240783691,0.6184671521186829,0.40501853823661804,1.3976566795724987
6,8.145167350769043,0.619062602519989,0.4041430950164795,1.397867018083875
6,8.167437553405762,0.6196418404579163,0.4032133221626282,1.3972952354178743
6,8.189705848693848,0.6202074289321899,0.40223366022109985,1.396097662208956
6,8.2119722366333,0.6207619905471802,0.40121036767959595,1.3945671117827425
6,8.234237670898438,0.6213077306747437,0.4001500606536865,1.392911532782643
6,8.256501197814941,0.6218466758728027,0.39905864000320435,1.3912712969467627
6,8.278764724731445,0.6223806738853455,0.39794012904167175,1.389719433452726
6,8.301026344299316,0.6229111552238464,0.39679619669914246,1.3882628796273928
6,8.323287010192871,0.6234395503997803,0.39562681317329407,1.3868599572360165
6,8.345545768737793,0.6239668130874634,0.39443090558052063,1.3854396750490277
6,8.367803573608398,0.6244939565658569,0.39320695400238037,1.3839146336987058
6,8.390059471130371,0.6250215172767639,0.39195409417152405,1.3821577722728102
6,8.412313461303711,0.6255499124526978,0.390672892332077,1.3800491014125609
6,8.434566497802734,0.6260794997215271,0.38936683535575867,1.3775589185347297
6,8.456818580627441,0.6266105771064758,0.38804322481155396,1.3747717669085757
6,8.479069709777832,0.6271432638168335,0.38671380281448364,1.3718906580695671
6,8.501320838928223,0.6276767253875732,0.38539084792137146,1.3691614722930667
6,8.523573875427246,0.6282084584236145,0.38408365845680237,1.3667869297759145
6,8.545827865600586,0.6287338137626648,0.3827952742576599,1.3648653766166856
6,8.568082809448242,0.6292467713356018,0.3815214931964874,1.3633762701836114
6,8.590338706970215,0.629741907119751,0.3802529573440552,1.3622153237668353
6,8.612594604492188,0.6302152872085571,0.3789781332015991,1.361280464246058
6,8.634849548339844,0.6306654214859009,0.37768372893333435,1.3605503312420335
6,8.657103538513184,0.6310937404632568,0.37635329365730286,1.3600379832700922
6,8.679353713989258,0.6315045952796936,0.3749634623527527,1.359782650532794
6,8.701587677001953,0.6319045424461365,0.3734853267669678,1.359934411432806
6,8.723714828491211,0.6323012709617615,0.37188926339149475,1.360817024074148
6,8.745686531066895,0.6327050924301147,0.3701406717300415,1.3629728950968378
6,8.767498970031738,0.6331278681755066,0.3682061731815338,1.367153565031001
6,8.78920841217041,0.6335819959640503,0.3660595417022705,1.3740826058807118
6,8.810754776000977,0.6340774297714233,0.3637104034423828,1.3847661303952452
6,8.83227825164795,0.6346282958984375,0.3611829876899719,1.3994201025101967
6,8.853652000427246,0.6352331042289734,0.3585815727710724,1.4150724397051255
6,8.874893188476562,0.6358766555786133,0.3560313582420349,1.4272859911731346
6,8.896018981933594,0.6365307569503784,0.35365980863571167,1.4331264507065178
6,8.917043685913086,0.6371625661849976,0.3515791594982147,1.4319291396710727
6,8.937976837158203,0.6377389430999756,0.34989601373672485,1.4254306981766522
6,8.958820343017578,0.6382317543029785,0.3487141728401184,1.417772802879461
6,8.979567527770996,0.6386330127716064,0.34810706973075867,1.4132155250062646
6,9.000216484069824,0.6389606595039368,0.34808334708213806,1.4133473746926557
6,9.020770072937012,0.639244019985199,0.3485729992389679,1.416757980420961
6,9.04123306274414,0.6395002007484436,0.3494440019130707,1.4206977865530495
6,9.061665534973145,0.6397270560264587,0.35053542256355286,1.4229211041148633
6,9.082075119018555,0.6399193406105042,0.3517010807991028,1.4230362864214374
6,9.102470397949219,0.6400740146636963,0.3528565764427185,1.4214166339842607
6,9.122855186462402,0.6401808857917786,0.35398390889167786,1.4180328653638068
6,9.143231391906738,0.640224814414978,0.3550994098186493,1.413224690012754
6,9.16359806060791,0.6401926279067993,0.35620540380477905,1.4076248319045144
6,9.183963775634766,0.6400733590126038,0.3572806417942047,1.401697507012142
6,9.204333305358887,0.6398561596870422,0.35832300782203674,1.3958121458085546
6,9.22470474243164,0.6395437717437744,0.3593725264072418,1.3902954775875362
6,9.245079040527344,0.639155924320221,0.3604891300201416,1.384920646049422
6,9.26545238494873,0.6387078762054443,0.36174100637435913,1.3789485249929865
6,9.285821914672852,0.6382002830505371,0.36320367455482483,1.3719803856260908
6,9.306182861328125,0.6376226544380188,0.3649401068687439,1.3646073423080258
6,9.326542854309082,0.6369590759277344,0.36700335144996643,1.358247847892577
6,9.346880912780762,0.6361994743347168,0.36942729353904724,1.3536946782845802
6,9.367186546325684,0.6353424787521362,0.3722327649593353,1.351154434848763
6,9.387455940246582,0.6343933343887329,0.3754129409790039,1.3494763030262542
6,9.407697677612305,0.6333683133125305,0.37889528274536133,1.34631729688668
6,9.427935600280762,0.6323059797286987,0.3825427293777466,1.3410222130198843
6,9.448225975036621,0.6312592625617981,0.3862214684486389,1.3343795514640302
6,9.4685640335083,0.6302810311317444,0.38982445001602173,1.3261586704227697
6,9.489006042480469,0.6294242739677429,0.3932710587978363,1.3164231054995779
6,9.509525299072266,0.6287485361099243,0.39648035168647766,1.3065673794501438
6,9.530126571655273,0.6283038258552551,0.3994024395942688,1.2971262888285633
6,9.55080795288086,0.6281251907348633,0.40200918912887573,1.2884428529859047
6,9.571563720703125,0.6282268762588501,0.40429091453552246,1.280673397826422
6,9.592385292053223,0.6286016702651978,0.4062517583370209,1.2738174908214712
6,9.613264083862305,0.6292250156402588,0.40790650248527527,1.2677835162642817
6,9.634194374084473,0.6300604343414307,0.4092787504196167,1.262465917445776
6,9.655210494995117,0.6310667991638184,0.41040125489234924,1.2576887144882376
6,9.676271438598633,0.6321980357170105,0.4113073945045471,1.2533219028991962
6,9.69737720489502,0.6334103941917419,0.41203734278678894,1.2492190501236957
6,9.718527793884277,0.6346636414527893,0.41263481974601746,1.2452580916271205
6,9.739724159240723,0.6359243988990784,0.41314640641212463,1.2414501089154617
6,9.760966300964355,0.6371700167655945,0.4136159420013428,1.2378747396432537
6,9.782255172729492,0.6383872628211975,0.41407886147499084,1.2344649049969103
6,9.803546905517578,0.639564037322998,0.4145612120628357,1.231096899873496
6,9.824885368347168,0.6406943798065186,0.4150858521461487,1.227735888818361
6,9.846272468566895,0.6417706608772278,0.4156712591648102,1.2243812535426808
6,9.867707252502441,0.6427866816520691,0.41633275151252747,1.2210241617538462
6,9.889190673828125,0.6437378525733948,0.4170827567577362,1.2176529118212986
6,9.910721778869629,0.6446211338043213,0.41793009638786316,1.2142558118681752
6,9.932300567626953,0.6454347968101501,0.41888073086738586,1.2108276041639843
6,9.953912734985352,0.6461772918701172,0.4199374318122864,1.2073644219528228
6,9.9755220413208,0.6468474268913269,0.42109978199005127,1.203848661908834
6,9.997126579284668,0.6474459171295166,0.42236727476119995,1.200262478199363
6,10.01872730255127,0.647973895072937,0.42373818159103394,1.1966212576052755
6,10.040323257446289,0.6484327912330627,0.4252098500728607,1.1929299105322018
6,10.06191349029541,0.6488243341445923,0.4267786145210266,1.1891902163406627
6,10.083498001098633,0.6491502523422241,0.42844048142433167,1.1854060190581104
6,10.10507583618164,0.649412214756012,0.4301908314228058,1.1815811393557276
6,10.12664794921875,0.6496120691299438,0.4320248067378998,1.177718067784721
6,10.14822006225586,0.6497514247894287,0.43393778800964355,1.1737942775853565
6,10.16978645324707,0.6498316526412964,0.4359240233898163,1.1697936777684197
6,10.19141674041748,0.6498540639877319,0.4379849433898926,1.1657122347916253
6,10.213363647460938,0.6498187184333801,0.4401403069496155,1.1614936603725499
6,10.236205101013184,0.6497194766998291,0.4424448311328888,1.1565750832861903
6,10.260746955871582,0.6495427489280701,0.44498082995414734,1.151291934813878
6,10.285282135009766,0.6492958068847656,0.44757071137428284,1.1460067191105754
6,10.31203556060791,0.6489496231079102,0.4504466950893402,1.1403439163231608
6,10.340751647949219,0.648492693901062,0.4535829424858093,1.1342498788657693
6,10.369462013244629,0.6479508876800537,0.4567624032497406,1.128172546787696
6,10.399332046508789,0.6473020911216736,0.46010512113571167,1.1219656153696043
6,10.429197311401367,0.6465708017349243,0.46347594261169434,1.1156306426893676
6,10.459500312805176,0.6457479596138,0.4669176936149597,1.1089105500496528
6,10.489897727966309,0.6448414921760559,0.47038304805755615,1.101840757402368
6,10.520293235778809,0.6438575983047485,0.47385647892951965,1.0948388507882807
6,10.550695419311523,0.6428017020225525,0.47733214497566223,1.0879802430496244
6,10.581095695495605,0.6416789293289185,0.48080480098724365,1.0811246700934165
6,10.611495018005371,0.6404938697814941,0.4842704236507416,1.074419342101592
6,10.641892433166504,0.639252245426178,0.4877246916294098,1.067798225310713
6,10.67228889465332,0.6379578709602356,0.49116531014442444,1.0610372369109107
6,10.702686309814453,0.6366127729415894,0.49458882212638855,1.053972319011267
6,10.73308277130127,0.6352214813232422,0.4979933500289917,1.0470181566640215
6,10.763480186462402,0.6337889432907104,0.501377522945404,1.0402151831972302
6,10.793878555297852,0.6323217749595642,0.5047399401664734,1.0335407858111156
6,10.824277877807617,0.6308246850967407,0.5080798268318176,1.0270073393766723
6,10.8546781539917,0.6293037533760071,0.5113961100578308,1.02059712827786
6,10.885080337524414,0.6277649402618408,0.5146880149841309,1.0143242192532633
6,10.915484428405762,0.6262113451957703,0.5179546475410461,1.0076980374489717
6,10.945890426635742,0.6246476769447327,0.5211952924728394,1.0011522376447255
6,10.976299285888672,0.6230790615081787,0.5244091749191284,0.99475271496497
6,11.006711959838867,0.6215113401412964,0.5275955200195312,0.9884768583676452
6,11.037127494812012,0.619950532913208,0.5307534337043762,0.982365136783374
6,11.067545890808105,0.6184011697769165,0.5338820219039917,0.9763930656121925
6,11.097969055175781,0.6168690919876099,0.5369802713394165,0.9705294874318812
6,11.128396034240723,0.6153587102890015,0.5400473475456238,0.9648343288157695
6,11.158827781677246,0.6138736605644226,0.5430822968482971,0.9588415782476147
6,11.189264297485352,0.6124175786972046,0.5460845232009888,0.9530087685166643
6,11.219705581665039,0.6109940409660339,0.5490530133247375,0.947319962482666
6,11.250154495239258,0.6096073389053345,0.5519869923591614,0.9417274161143817
6,11.280614852905273,0.6082601547241211,0.5548861026763916,0.9363017347146978
6,11.311081886291504,0.6069556474685669,0.5577486753463745,0.9309563573837865
6,11.341578483581543,0.6056956052780151,0.5605760812759399,0.9257140630543663
6,11.37208080291748,0.6044827699661255,0.5633648037910461,0.9205596926628699
6,11.402652740478516,0.6033158898353577,0.5661196708679199,0.915335520720942
6,11.433370590209961,0.6021929383277893,0.5688468217849731,0.910079039864375
6,11.464093208312988,0.6011207699775696,0.5715329647064209,0.9048151918557633
6,11.495070457458496,0.6000948548316956,0.5741978287696838,0.899491078604296
6,11.526052474975586,0.5991232991218567,0.5768176913261414,0.8941576211328287
6,11.562326431274414,0.5980499982833862,0.5798233151435852,0.8877564775424075
6,11.628057479858398,0.596262514591217,0.5851103067398071,0.8759424858004786
6,11.693812370300293,0.5947011709213257,0.5901707410812378,0.8648746869283375
6,11.765445709228516,0.5932448506355286,0.5953938364982605,0.849766270058109
6,11.89495849609375,0.5909279584884644,0.6040268540382385,0.8227616221626153
6,12.024551391601562,0.58900386095047,0.6114664673805237,0.7970720305459393
6,12.14637565612793,0.5874447226524353,0.6171466112136841,0.7716082591014182
6,12.215838432312012,0.5866752862930298,0.619699239730835,0.7559648528001536
7,0.7130125761032104,0.8119183778762817,1.3132648468017578,1.006158789299074
7,0.8317837715148926,0.8120958805084229,1.3152265548706055,1.0077999596207816
7,0.9505515098571777,0.812300980091095,1.3173861503601074,1.0094389963725758
7,1.0714385509490967,0.8125386834144592,1.3197569847106934,1.0110777736934031
7,1.1933481693267822,0.8128085732460022,1.3223005533218384,1.012613932354896
7,1.3152546882629395,0.813109278678894,1.3249835968017578,1.0140236569766221
7,1.4375495910644531,0.8134430646896362,1.3278083801269531,1.0153284863411234
7,1.5598411560058594,0.8138101696968079,1.3307698965072632,1.01648167773926
7,1.6822450160980225,0.8142126202583313,1.3338778018951416,1.017609139179447
7,1.804670810699463,0.8146528005599976,1.3371374607086182,1.0187134092065504
7,1.9270923137664795,0.8151323795318604,1.3405526876449585,1.0198415185324903
7,2.0495128631591797,0.8156540989875793,1.3441298007965088,1.0209907114979682
7,2.171928644180298,0.8162201642990112,1.347868800163269,1.0222046611586408
7,2.294339418411255,0.8168329000473022,1.3517694473266602,1.0234162534213815
7,2.4167447090148926,0.8174960613250732,1.355831503868103,1.0246258142016282
7,2.539144277572632,0.8182117342948914,1.3600586652755737,1.0257526656224318
7,2.661536931991577,0.8189828991889954,1.36446213722229,1.0268269175828701
7,2.7839221954345703,0.8198105096817017,1.369064450263977,1.02773980332479
7,2.9062983989715576,0.8206948041915894,1.3738878965377808,1.028547261834834
7,3.028663158416748,0.8216346502304077,1.3789808750152588,1.0292334251460513
7,3.1510140895843506,0.8226278424263,1.3843910694122314,1.0297416606971395
7,3.2733466625213623,0.8236706256866455,1.3901917934417725,1.0301795315080085
7,3.39565372467041,0.8247578144073486,1.396499752998352,1.0304890534418736
7,3.517927885055542,0.8258902430534363,1.4034056663513184,1.0309194774474226
7,3.6401567459106445,0.8270822167396545,1.4110655784606934,1.031464969151157
7,3.7623345851898193,0.8283695578575134,1.4194852113723755,1.0329906709988896
7,3.88443922996521,0.8297962546348572,1.4286209344863892,1.0347457970887393
7,4.006292343139648,0.8313780426979065,1.43815016746521,1.0368309067033872
7,4.128127574920654,0.8331153392791748,1.4478750228881836,1.0385710581093546
7,4.248884201049805,0.8349617123603821,1.457360029220581,1.04013028625716
7,4.366429805755615,0.8368797302246094,1.4662305116653442,1.0412260916345466
7,4.467764854431152,0.8386338353157043,1.473434329032898,1.0420149941639347
7,4.579067230224609,0.8406970500946045,1.4806132316589355,1.0424757190096094
7,4.690423011779785,0.8429269194602966,1.4868460893630981,1.042179518124799
7,4.793370246887207,0.845168948173523,1.4915125370025635,1.0413597960454295
7,4.888474941253662,0.8474233746528625,1.494710087776184,1.039997272865013
7,4.978415489196777,0.8497428894042969,1.4966278076171875,1.037871230538156
7,5.068367958068848,0.8522708415985107,1.4973827600479126,1.0351639951667093
7,5.155881881713867,0.8549553155899048,1.496958613395691,1.031991637769999
7,5.24259090423584,0.8578596115112305,1.495409607887268,1.0283559382296044
7,5.329108715057373,0.8610273003578186,1.4927693605422974,1.024281319996479
7,5.415939807891846,0.864507257938385,1.489066481590271,1.0198052647058509
7,5.504045486450195,0.8683785796165466,1.4843008518218994,1.0149667784343364
7,5.594198226928711,0.8727291822433472,1.4784549474716187,1.0097371916923072
7,5.684267044067383,0.8775064945220947,1.4717168807983398,1.0044011520376872
7,5.776445388793945,0.8828838467597961,1.4639670848846436,0.998927703031144
7,5.870483875274658,0.8889285922050476,1.4552342891693115,0.9934423506015438
7,5.966367721557617,0.8957288861274719,1.4455057382583618,0.988015292248233
7,6.065532684326172,0.9035081267356873,1.4345756769180298,0.9827754495752363
7,6.1664862632751465,0.9122710227966309,1.422522783279419,0.978146393143198
7,6.2667765617370605,0.9218806624412537,1.4095708131790161,0.9742108010467249
7,6.366831302642822,0.9324402213096619,1.3955847024917603,0.9711227893817713
7,6.467029094696045,0.944058358669281,1.3803821802139282,0.9691031607767155
7,6.568436622619629,0.9569525718688965,1.363533854484558,0.9681290817072276
7,6.6067728996276855,0.9621332883834839,1.3567193746566772,0.968052473956449
7,6.633066654205322,0.9657958745956421,1.3518723249435425,0.9681901076128485
7,6.658841133117676,0.9694739580154419,1.346987009048462,0.9684457598670735
7,6.68442964553833,0.9732155203819275,1.3420029878616333,0.9688079505597016
7,6.709887504577637,0.9770296216011047,1.3369102478027344,0.9692793436275996
7,6.735243797302246,0.9809210896492004,1.3317033052444458,0.9698789598055494
7,6.760588645935059,0.984904408454895,1.3263652324676514,0.9706236852806611
7,6.785892486572266,0.9889755845069885,1.3209022283554077,0.9715043229787949
7,6.8111419677734375,0.9931329488754272,1.3153176307678223,0.9725322126218455
7,6.83633279800415,0.99737548828125,1.3096134662628174,0.973755098139317
7,6.8614726066589355,1.00169837474823,1.303795576095581,0.9751800157586038
7,6.8864641189575195,1.0060871839523315,1.2978867292404175,0.9767198731489786
7,6.9114089012146,1.0105581283569336,1.2918671369552612,0.9784423337616609
7,6.9363017082214355,1.015107274055481,1.285744071006775,0.9803444380690652
7,6.961155891418457,1.0197336673736572,1.279521107673645,0.9824440768299518
7,6.985942363739014,1.0244276523590088,1.273215651512146,0.9847366767166827
7,7.010673522949219,1.029186487197876,1.2668359279632568,0.9871707959258362
7,7.0353617668151855,1.034006953239441,1.260392189025879,0.9897347876775983
7,7.059996604919434,1.0388811826705933,1.2539008855819702,0.9924231410289308
7,7.084565162658691,1.0438002347946167,1.247380018234253,0.9952359499693012
7,7.109078884124756,1.0487619638442993,1.2408373355865479,0.998146346646208
7,7.133538246154785,1.0537611246109009,1.2342833280563354,1.0011381590878192
7,7.157968997955322,1.0587984323501587,1.2277213335037231,1.004230468790556
7,7.18237829208374,1.0638697147369385,1.221160888671875,1.007445843724695
7,7.206740379333496,1.0689637660980225,1.2146189212799072,1.010753304583126
7,7.23105525970459,1.0740749835968018,1.2081042528152466,1.0141433681460417
7,7.2553229331970215,1.0791971683502197,1.2016252279281616,1.0175945088572815
7,7.2795634269714355,1.0843281745910645,1.1951861381530762,1.0211416395822914
7,7.303762435913086,1.0894582271575928,1.188799262046814,1.024726464070926
7,7.3279194831848145,1.0945802927017212,1.1824703216552734,1.0283171268102904
7,7.352035045623779,1.0996876955032349,1.176203966140747,1.031871813924332
7,7.376109600067139,1.104773759841919,1.170005440711975,1.0353944230641605
7,7.400169372558594,1.109837293624878,1.1638743877410889,1.0388208737383773
7,7.424191474914551,1.1148674488067627,1.1578196287155151,1.0420720515761885
7,7.44817590713501,1.1198588609695435,1.1518443822860718,1.04509099680106
7,7.472123622894287,1.1248074769973755,1.1459521055221558,1.0478289978499615
7,7.496034622192383,1.1297098398208618,1.1401493549346924,1.0503585958500083
7,7.520516872406006,1.1346863508224487,1.134298324584961,1.052689952077041
7,7.545003414154053,1.1396183967590332,1.1285465955734253,1.054703299327391
7,7.568861961364746,1.1443790197372437,1.1230509281158447,1.0563313573607331
7,7.592690467834473,1.1490871906280518,1.1176851987838745,1.0576856785148554
7,7.616488456726074,1.1537392139434814,1.112460970878601,1.0592190069814156
7,7.641284465789795,1.1585273742675781,1.1071734428405762,1.0606459053691715
7,7.666072845458984,1.163248062133789,1.1020673513412476,1.0619541045908536
7,7.690859317779541,1.167893886566162,1.0971626043319702,1.0632259010853975
7,7.715647220611572,1.1724563837051392,1.092478632926941,1.0645240903289965
7,7.740438938140869,1.1769254207611084,1.088032841682434,1.065914808970762
7,7.765300750732422,1.1813008785247803,1.0838311910629272,1.0674916142088189
7,7.790083408355713,1.1855467557907104,1.0799121856689453,1.0691833553023422
7,7.814868450164795,1.1896697282791138,1.0762699842453003,1.0709994777106857
7,7.839654445648193,1.1936638355255127,1.072908878326416,1.072941598259585
7,7.864437580108643,1.1975258588790894,1.0698292255401611,1.074996992200181
7,7.889214038848877,1.201255202293396,1.0670270919799805,1.077173826350029
7,7.9141106605529785,1.204872488975525,1.0644842386245728,1.0794362430745488
7,7.938992023468018,1.2083643674850464,1.0622024536132812,1.0817082238063098
7,7.964447498321533,1.2118185758590698,1.0601228475570679,1.0840061574774247
7,7.989333152770996,1.215087890625,1.0583295822143555,1.086166954928069
7,8.014187812805176,1.2182579040527344,1.0567606687545776,1.0882090925053078
7,8.039007186889648,1.2213388681411743,1.0554025173187256,1.0900993424596415
7,8.063789367675781,1.2243404388427734,1.0542429685592651,1.0918130544933962
7,8.088530540466309,1.2272714376449585,1.0532703399658203,1.0933327707440796
7,8.113398551940918,1.2301595211029053,1.0524691343307495,1.0946450520305555
7,8.138121604919434,1.2329795360565186,1.0518406629562378,1.0957303005863537
7,8.16271686553955,1.2357394695281982,1.051374077796936,1.096573861084271
7,8.187479972839355,1.238477110862732,1.0510562658309937,1.0971965647350173
7,8.212193489074707,1.2411713600158691,1.0508854389190674,1.0975862945648458
7,8.236855506896973,1.243825078010559,1.050855040550232,1.097747467912895
7,8.261465072631836,1.2464408874511719,1.050958275794983,1.0976870374854066
7,8.286022186279297,1.2490206956863403,1.0511888265609741,1.0974096799033235
7,8.310470581054688,1.251560926437378,1.0515397787094116,1.096925998219702
7,8.334933280944824,1.254076361656189,1.0520076751708984,1.0962368686958277
7,8.359338760375977,1.256561279296875,1.0525861978530884,1.0953438297804134
7,8.383686065673828,1.2590173482894897,1.0532701015472412,1.0942470542506464
7,8.40787124633789,1.261436104774475,1.0540508031845093,1.0929776806862435
7,8.4320707321167,1.2638370990753174,1.054927110671997,1.0915385858514863
7,8.4563570022583,1.2662293910980225,1.055896520614624,1.0899536257582236
7,8.48058032989502,1.2686002254486084,1.0569465160369873,1.088269475216576
7,8.504740715026855,1.270951747894287,1.058067798614502,1.086534205275811
7,8.528837203979492,1.2732865810394287,1.0592502355575562,1.0848313728509031
7,8.552868843078613,1.2756081819534302,1.0604835748672485,1.083196672863392
7,8.57619571685791,1.2778602838516235,1.0617245435714722,1.0819356383014762
7,8.599518775939941,1.2801159620285034,1.0629984140396118,1.081030605050866
7,8.623452186584473,1.2824398279190063,1.0643293857574463,1.0805470700239315
7,8.647361755371094,1.2847737073898315,1.0656781196594238,1.0800653525973312
7,8.671196937561035,1.2871145009994507,1.067047119140625,1.0789428877006864
7,8.694955825805664,1.2894597053527832,1.0684512853622437,1.0768202805208962
7,8.71859359741211,1.291806697845459,1.0699057579040527,1.0738140725438599
7,8.742176055908203,1.2941648960113525,1.0714329481124878,1.0705479412799577
7,8.765704154968262,1.296539068222046,1.073044776916504,1.0674210570840148
7,8.789173126220703,1.2989370822906494,1.0747454166412354,1.064589941107668
7,8.812583923339844,1.3013653755187988,1.0765358209609985,1.0620759147444132
7,8.835972785949707,1.3038357496261597,1.0784196853637695,1.0598074486007598
7,8.859246253967285,1.3063461780548096,1.0803871154785156,1.0577510247132216
7,8.882455825805664,1.3089094161987305,1.0824393033981323,1.0558936707442856
7,8.905597686767578,1.3115317821502686,1.084574580192566,1.0542551253410712
7,8.928672790527344,1.3142184019088745,1.0867913961410522,1.0528696002516447
7,8.951679229736328,1.3169734477996826,1.0890891551971436,1.0517849412866211
7,8.974562644958496,1.3197925090789795,1.0914616584777832,1.0511033266346999
7,8.997376441955566,1.3226819038391113,1.0939133167266846,1.050847829317869
7,9.020118713378906,1.325640320777893,1.0964425802230835,1.0510743285280506
7,9.042811393737793,1.328665852546692,1.09904944896698,1.051822408540751
7,9.06544017791748,1.3317506313323975,1.1017272472381592,1.053146682575764
7,9.087998390197754,1.334886908531189,1.1044678688049316,1.055068817975103
7,9.110485076904297,1.3380674123764038,1.1072639226913452,1.0576529519128193
7,9.132848739624023,1.3412762880325317,1.1100987195968628,1.0608289662796542
7,9.155146598815918,1.344513177871704,1.1129686832427979,1.0645592771803158
7,9.177380561828613,1.3477697372436523,1.1158621311187744,1.068792858904785
7,9.199554443359375,1.351036548614502,1.1187665462493896,1.073443235881183
7,9.221673965454102,1.354302167892456,1.1216685771942139,1.0783976323188513
7,9.243739128112793,1.3575561046600342,1.12455415725708,1.0836160726189874
7,9.265752792358398,1.360789179801941,1.1274101734161377,1.0890105062266133
7,9.287718772888184,1.3639925718307495,1.1302239894866943,1.0944909506554854
7,9.309638977050781,1.3671573400497437,1.1329833269119263,1.0999695580559654
7,9.33151626586914,1.3702753782272339,1.1356770992279053,1.1053627971755124
7,9.353353500366211,1.373338222503662,1.1382951736450195,1.1105321219551294
7,9.37513542175293,1.3763350248336792,1.1408259868621826,1.1153764980967054
7,9.396867752075195,1.3792568445205688,1.1432615518569946,1.1198624954151584
7,9.418563842773438,1.3820990324020386,1.1455967426300049,1.1240096347082418
7,9.440224647521973,1.384856104850769,1.1478263139724731,1.1277860380342029
7,9.461852073669434,1.3875236511230469,1.1499463319778442,1.1311695145573675
7,9.483445167541504,1.3900972604751587,1.1519536972045898,1.1341464427822632
7,9.5050048828125,1.3925738334655762,1.1538461446762085,1.1367111561419643
7,9.526532173156738,1.3949503898620605,1.1556224822998047,1.138863852095685
7,9.548029899597168,1.3972249031066895,1.1572825908660889,1.1405500997554823
7,9.56954574584961,1.3994004726409912,1.1588300466537476,1.1418066326190905
7,9.591053009033203,1.4014720916748047,1.1602628231048584,1.1426156058839636
7,9.612573623657227,1.4034390449523926,1.1615827083587646,1.143032984452871
7,9.634110450744629,1.4053007364273071,1.162791132926941,1.1431008805218306
7,9.655661582946777,1.4070563316345215,1.163889765739441,1.1428362214507857
7,9.677227020263672,1.4087053537368774,1.164880633354187,1.1422572611918584
7,9.698803901672363,1.4102476835250854,1.1657664775848389,1.1413379844829927
7,9.720392227172852,1.4116835594177246,1.1665499210357666,1.1401106240772358
7,9.741991996765137,1.4130133390426636,1.1672344207763672,1.1386463652309318
7,9.763599395751953,1.41423761844635,1.167823314666748,1.1369652820003677
7,9.785215377807617,1.4153571128845215,1.168320655822754,1.1350872359366537
7,9.806838035583496,1.4163727760314941,1.1687307357788086,1.133032091408751
7,9.82846736907959,1.417285442352295,1.1690577268600464,1.1308199404401378
7,9.850101470947266,1.4180964231491089,1.1693061590194702,1.1284703467145083
7,9.871739387512207,1.4188069105148315,1.1694809198379517,1.125983642260076
7,9.893381118774414,1.4194180965423584,1.169586420059204,1.1234098056363186
7,9.91502571105957,1.419931411743164,1.1696276664733887,1.1207678865208894
7,9.93667221069336,1.4203484058380127,1.1696094274520874,1.1180751689736594
7,9.958320617675781,1.4206706285476685,1.1695364713668823,1.1153485016003948
7,9.97996997833252,1.420899748802185,1.169413447380066,1.11260394358947
7,10.001619338989258,1.4210374355316162,1.1692450046539307,1.1098564234751076
7,10.023268699645996,1.4210854768753052,1.16903555393219,1.1071252354663375
7,10.044917106628418,1.4210457801818848,1.1687891483306885,1.1044276177768682
7,10.066566467285156,1.4209200143814087,1.1685099601745605,1.1017708871626566
7,10.088213920593262,1.4207104444503784,1.1682016849517822,1.0991639320392954
7,10.109859466552734,1.4204188585281372,1.1678681373596191,1.0966138953170816
7,10.13150405883789,1.420047640800476,1.1675127744674683,1.0941258225478139
7,10.153154373168945,1.4195983409881592,1.1671385765075684,1.091700584706949
7,10.174872398376465,1.4190714359283447,1.1667476892471313,1.0893312592416868
7,10.196588516235352,1.4184701442718506,1.1663439273834229,1.087045604056828
7,10.218626976013184,1.4177861213684082,1.165924072265625,1.0848105344634615
7,10.24156665802002,1.416998028755188,1.1654791831970215,1.0825759724098647
7,10.266217231750488,1.4160685539245605,1.164995789527893,1.0802562692486568
7,10.293098449707031,1.4149621725082397,1.1644662618637085,1.0779360098216606
7,10.319975852966309,1.4137629270553589,1.1639376878738403,1.0757055111747766
7,10.348828315734863,1.4123772382736206,1.1633763313293457,1.0733936204632577
7,10.377676010131836,1.4108933210372925,1.162825107574463,1.0712882394342207
7,10.407689094543457,1.409249186515808,1.162266731262207,1.0691388896099614
7,10.438141822814941,1.4074811935424805,1.161721110343933,1.0671256057983338
7,10.468588829040527,1.4056159257888794,1.161199927330017,1.0652292666383893
7,10.499131202697754,1.4036521911621094,1.1607064008712769,1.0633826892036746
7,10.529666900634766,1.4015995264053345,1.1602455377578735,1.0617414403947973
7,10.560208320617676,1.3994611501693726,1.1598201990127563,1.0601293134821428
7,10.590744018554688,1.3972423076629639,1.159434199333191,1.0586125192716327
7,10.6212739944458,1.3949456214904785,1.1590896844863892,1.057189995431502
7,10.651799201965332,1.3925756216049194,1.1587891578674316,1.0557958947838595
7,10.682319641113281,1.3901357650756836,1.1585345268249512,1.0545178510607467
7,10.712834358215332,1.3876291513442993,1.1583272218704224,1.0532586480842248
7,10.743345260620117,1.3850598335266113,1.1581690311431885,1.0520420651471427
7,10.773850440979004,1.3824301958084106,1.1580605506896973,1.0508724065113617
7,10.804350852966309,1.3797439336776733,1.1580030918121338,1.0497073308811005
7,10.834846496582031,1.3770040273666382,1.1579970121383667,1.0485782638307877
7,10.865337371826172,1.3742129802703857,1.1580429077148438,1.0474473924163599
7,10.895824432373047,1.3713741302490234,1.1581412553787231,1.046312000047537
7,10.926305770874023,1.3684896230697632,1.1582924127578735,1.0451807770390131
7,10.956783294677734,1.3655619621276855,1.1584957838058472,1.0440401808120399
7,10.98725700378418,1.3625942468643188,1.1587508916854858,1.0428922690122295
7,11.017725944519043,1.3595882654190063,1.1590569019317627,1.0417287737073975
7,11.04819107055664,1.3565467596054077,1.1594125032424927,1.0405538901767462
7,11.078652381896973,1.3534719944000244,1.1598163843154907,1.0393499151581367
7,11.109109878540039,1.3503659963607788,1.1602672338485718,1.0381303116283618
7,11.13956356048584,1.3472312688827515,1.160763144493103,1.036874574788463
7,11.170013427734375,1.3440696001052856,1.1613030433654785,1.0355854774394484
7,11.200460433959961,1.3408832550048828,1.1618841886520386,1.0342811575785276
7,11.23090648651123,1.3376739025115967,1.1625041961669922,1.0329222004102976
7,11.261348724365234,1.3344436883926392,1.163160800933838,1.0315456498397102
7,11.291796684265137,1.3311936855316162,1.1638505458831787,1.0301370254489586
7,11.32224178314209,1.3279261589050293,1.1645710468292236,1.0286849381732837
7,11.35270881652832,1.3246405124664307,1.1653190851211548,1.0272217379522435
7,11.38323974609375,1.3213340044021606,1.166092872619629,1.0257080235636113
7,11.413768768310547,1.318015217781067,1.1668877601623535,1.0241717354397262
7,11.444435119628906,1.3146716356277466,1.1677029132843018,1.0225981930772148
7,11.47510051727295,1.3113207817077637,1.1685309410095215,1.020987838908588
7,11.506013870239258,1.3079386949539185,1.169372797012329,1.0193563674637895
7,11.542206764221191,1.3039759397506714,1.1703616380691528,1.017374488667713
7,11.578399658203125,1.3000115156173706,1.1713478565216064,1.0154940999805473
7,11.643977165222168,1.2928341627120972,1.1731040477752686,1.0118955393274436
7,11.709558486938477,1.2856764793395996,1.1747978925704956,1.0081554890853714
7,11.780961036682129,1.2779265642166138,1.1765201091766357,1.0044499491264969
7,11.910029411315918,1.264111042022705,1.1791143417358398,0.9977344240013446
7,12.039149284362793,1.2506545782089233,1.1808819770812988,0.9912282906800249
7,12.16036319732666,1.2385607957839966,1.181634783744812,0.9865516842112396
7,12.281993865966797,1.2272169589996338,1.1816192865371704,0.9845060732106995
7,12.385262489318848,1.2183754444122314,1.1811012029647827,0.9845715192215504
7,12.507257461547852,1.209152340888977,1.1802356243133545,0.9874756284616973
7,12.610280990600586,1.2025270462036133,1.1794387102127075,0.991751158340369
8,1.4360747337341309,-0.47811996936798096,1.6494358777999878,1.0099550951060698
8,1.5583772659301758,-0.47820615768432617,1.651931643486023,1.0109736291275002
8,1.6807928085327148,-0.4783017039299011,1.6545733213424683,1.0119806228519512
8,1.8032310009002686,-0.47840747237205505,1.6573598384857178,1.0129719930470218
8,1.9256658554077148,-0.4785239100456238,1.6602914333343506,1.013956126152546
8,2.0481011867523193,-0.4786514639854431,1.6633704900741577,1.014934072811171
8,2.170532464981079,-0.4787902235984802,1.6665993928909302,1.0158877973072533
8,2.2929601669311523,-0.47894033789634705,1.6699813604354858,1.0168116063690729
8,2.4153833389282227,-0.47910207509994507,1.6735256910324097,1.017684573317131
8,2.5378012657165527,-0.47927576303482056,1.677241563796997,1.0184602952494148
8,2.6602134704589844,-0.47946202754974365,1.6811482906341553,1.0191799261840941
8,2.7826180458068848,-0.4796615242958069,1.6852730512619019,1.0197372351297591
8,2.9050142765045166,-0.4798748791217804,1.689642310142517,1.0201971133109617
8,3.027399778366089,-0.4801027476787567,1.6943082809448242,1.0205405224414856
8,3.1497714519500732,-0.48034536838531494,1.6993162631988525,1.0207432647876287
8,3.272125720977783,-0.4806029498577118,1.7047350406646729,1.0209036442918549
8,3.3944568634033203,-0.4808753728866577,1.710653305053711,1.02101353711378
8,3.5167593955993652,-0.48116299510002136,1.717132568359375,1.0212415218346074
8,3.639025926589966,-0.48146793246269226,1.7242579460144043,1.0215780365584308
8,3.7612550258636475,-0.48179522156715393,1.731998085975647,1.0226465919901342
8,3.8834288120269775,-0.4821513593196869,1.740275263786316,1.0238580746268737
8,4.005364418029785,-0.48253703117370605,1.7488198280334473,1.0252573665323577
8,4.127292633056641,-0.4829516112804413,1.757473111152649,1.026348557325543
8,4.248141288757324,-0.48338502645492554,1.765892505645752,1.0272556489876632
8,4.3657732009887695,-0.4838290810585022,1.7737566232681274,1.0276715636341744
8,4.470107555389404,-0.48424261808395386,1.7803157567977905,1.0277529510397885
8,4.581479549407959,-0.4847099483013153,1.7866544723510742,1.0272472268588115
8,4.692895412445068,-0.4852086901664734,1.792149305343628,1.0257063067720387
8,4.795889377593994,-0.48570361733436584,1.7962646484375,1.0234878342062348
8,4.891031742095947,-0.4861951172351837,1.7990899085998535,1.020551491193723
8,4.9810051918029785,-0.486694872379303,1.8007925748825073,1.016549728903892
8,5.0709919929504395,-0.4872330129146576,1.8014754056930542,1.0114837703141328
8,5.158546447753906,-0.48779699206352234,1.8011161088943481,1.0054708299224442
8,5.245305061340332,-0.4883965253829956,1.799744963645935,0.9984125038263411
8,5.331885814666748,-0.48903220891952515,1.797352910041809,0.9902196391515605
8,5.418873310089111,-0.4897025525569916,1.793882131576538,0.980781362763148
8,5.5086445808410645,-0.4904229938983917,1.7891274690628052,0.9698547035565108
8,5.602085113525391,-0.49120160937309265,1.7828315496444702,0.9567156307900759
8,5.695413112640381,-0.49200767278671265,1.7750523090362549,0.9421299036995043
8,5.792174339294434,-0.4928729236125946,1.765232801437378,0.925795450792791
8,5.8919758796691895,-0.4937993288040161,1.7529524564743042,0.9081565653401305
8,5.991436958312988,-0.4947625696659088,1.738170862197876,0.8902325274100257
8,6.095150947570801,-0.4958674907684326,1.7195109128952026,0.8716918087884924
8,6.198081970214844,-0.4971408247947693,1.6969507932662964,0.8580877911661686
8,6.3015618324279785,-0.4987889230251312,1.6693532466888428,0.8526754064503135
8,6.361361503601074,-0.500049352645874,1.6508759260177612,0.8522213539544017
8,6.463342189788818,-0.503589928150177,1.6156424283981323,0.8562383056391581
8,6.5187458992004395,-0.5065330862998962,1.5948946475982666,0.8587975533685637
8,6.6163859367370605,-0.5144297480583191,1.55684494972229,0.8644189372854614
8,6.670275688171387,-0.5204063653945923,1.5353155136108398,0.8616300523196205
8,6.723934650421143,-0.5278672575950623,1.5136758089065552,0.8548322659968189
8,6.747744083404541,-0.531775951385498,1.5040491819381714,0.8512339469356612
8,6.771252632141113,-0.5360484719276428,1.4945553541183472,0.8477629274488057
8,6.794626235961914,-0.5407370328903198,1.4851396083831787,0.8429866218717579
8,6.817929267883301,-0.5458800196647644,1.4757853746414185,0.8381669411683486
8,6.841054439544678,-0.5514768958091736,1.4665415287017822,0.8334794451061559
8,6.864068984985352,-0.5575718879699707,1.4573924541473389,0.8287729830650576
8,6.886910438537598,-0.5641679763793945,1.4483726024627686,0.8243145043654589
8,6.909634590148926,-0.5713016986846924,1.4394681453704834,0.8194951317590152
8,6.9321722984313965,-0.579006016254425,1.4307327270507812,0.8153225616038547
8,6.95453405380249,-0.5872671604156494,1.4221733808517456,0.8124870549565837
8,6.976668834686279,-0.5960744023323059,1.413827657699585,0.8106335276014939
8,6.998551845550537,-0.6054376363754272,1.405741572380066,0.8089310849635307
8,7.020351409912109,-0.6154150366783142,1.397874116897583,0.8083996219834952
8,7.041901588439941,-0.6259186267852783,1.3903123140335083,0.8094268895944896
8,7.063276767730713,-0.636966347694397,1.3830649852752686,0.8109628386280681
8,7.084404945373535,-0.6484922766685486,1.3761922121047974,0.8140575932565312
8,7.105381488800049,-0.6604976654052734,1.369683861732483,0.8174237876297896
8,7.126221656799316,-0.6729385852813721,1.3635526895523071,0.8222673183137492
8,7.146851062774658,-0.6857238411903381,1.3578510284423828,0.8272996217473845
8,7.167370319366455,-0.698859691619873,1.3525727987289429,0.8336412008759774
8,7.18771505355835,-0.7122417688369751,1.3477442264556885,0.8397850786161776
8,7.208083629608154,-0.7259384393692017,1.3433246612548828,0.8467845199891876
8,7.228411674499512,-0.739852249622345,1.3393359184265137,0.8534832927600147
8,7.248626232147217,-0.7538747191429138,1.3357951641082764,0.8609784335482428
8,7.268840789794922,-0.7680322527885437,1.332676649093628,0.8682955858472661
8,7.288971900939941,-0.7822127342224121,1.3299962282180786,0.8755505436866206
8,7.3092169761657715,-0.7965081334114075,1.3277182579040527,0.8825807178685299
8,7.329418659210205,-0.8107635378837585,1.325859785079956,0.8890417217840662
8,7.349689483642578,-0.8250137567520142,1.324392318725586,0.8961787274687923
8,7.37004280090332,-0.839228630065918,1.3233054876327515,0.9019526896906375
8,7.3903985023498535,-0.8533124923706055,1.3225879669189453,0.9082656979582059
8,7.410865306854248,-0.867302417755127,1.3222113847732544,0.9136389275569393
8,7.431361675262451,-0.8811072111129761,1.3221631050109863,0.9186370867141683
8,7.452061176300049,-0.8948061466217041,1.322411298751831,0.9230589555058009
8,7.47281551361084,-0.9082690477371216,1.3229416608810425,0.9266861673685381
8,7.493727207183838,-0.9215285778045654,1.3237204551696777,0.9300327669872009
8,7.51472282409668,-0.9345113039016724,1.3247312307357788,0.931996588887267
8,7.535887718200684,-0.9472513198852539,1.3259525299072266,0.9337276228862255
8,7.557134628295898,-0.9596877694129944,1.3273769617080688,0.9338879368272911
8,7.578924179077148,-0.9720703363418579,1.329016923904419,0.9340476299438103
8,7.600430488586426,-0.9839252233505249,1.330816388130188,0.9322288633166764
8,7.622098445892334,-0.995496392250061,1.332796573638916,0.9302076649062083
8,7.643842697143555,-1.00673508644104,1.3349593877792358,0.9270194066470462
8,7.665735721588135,-1.0176711082458496,1.3373087644577026,0.9232404385719516
8,7.6877007484436035,-1.0282659530639648,1.3398561477661133,0.9192314829529563
8,7.709805965423584,-1.0385466814041138,1.3426190614700317,0.9139979892959493
8,7.7323174476623535,-1.0486317873001099,1.345654845237732,0.9097985012159227
8,7.75455904006958,-1.0582290887832642,1.3488949537277222,0.904422036612699
8,7.776586055755615,-1.0673820972442627,1.3523633480072021,0.8994296440282851
8,7.799057960510254,-1.0763795375823975,1.356191873550415,0.895304062693658
8,7.821592330932617,-1.0850744247436523,1.3603379726409912,0.8904179367643975
8,7.84412956237793,-1.0934504270553589,1.3648066520690918,0.886169144914002
8,7.866649627685547,-1.1015090942382812,1.3696058988571167,0.8822672870128989
8,7.889185428619385,-1.1092735528945923,1.374745488166809,0.8777672424396233
8,7.911679744720459,-1.1167339086532593,1.3802120685577393,0.8737034330631955
8,7.934123516082764,-1.1238957643508911,1.3859964609146118,0.869870661538029
8,7.956000328063965,-1.1305932998657227,1.3919498920440674,0.8651822043569244
8,7.97842264175415,-1.137174129486084,1.3983557224273682,0.8604511180234544
8,8.000778198242188,-1.1434518098831177,1.4050419330596924,0.8557529767413978
8,8.023070335388184,-1.1494239568710327,1.411995530128479,0.8510409695154343
8,8.045291900634766,-1.1550854444503784,1.419196367263794,0.8455830493411982
8,8.067466735839844,-1.160444974899292,1.4266390800476074,0.8400839993611307
8,8.089561462402344,-1.1654950380325317,1.4343023300170898,0.8346641212503313
8,8.11158275604248,-1.1702325344085693,1.442172884941101,0.8292925918522099
8,8.13351821899414,-1.1746606826782227,1.4502408504486084,0.8239573913751935
8,8.155364990234375,-1.178780198097229,1.4584927558898926,0.8183094950524034
8,8.17715072631836,-1.1825916767120361,1.466919183731079,0.8127653077551734
8,8.198844909667969,-1.1860957145690918,1.4755029678344727,0.8073423685461603
8,8.220446586608887,-1.1892932653427124,1.484230399131775,0.8021812552612447
8,8.241889953613281,-1.192176342010498,1.4930567741394043,0.7971834804631747
8,8.263238906860352,-1.194760799407959,1.5019996166229248,0.7923251408661443
8,8.284500122070312,-1.1970477104187012,1.5110408067703247,0.7877461261085722
8,8.305671691894531,-1.1990392208099365,1.5201622247695923,0.7832845426928965
8,8.326754570007324,-1.2007408142089844,1.5293511152267456,0.7789622476783905
8,8.347773551940918,-1.2021530866622925,1.5385890007019043,0.7748389343162947
8,8.368721961975098,-1.2032791376113892,1.547856092453003,0.770874983196198
8,8.38961410522461,-1.2041234970092773,1.5571415424346924,0.7672345835647219
8,8.4104642868042,-1.2046865224838257,1.5664210319519043,0.7638356122806803
8,8.431269645690918,-1.2049726247787476,1.5756797790527344,0.7606092990838648
8,8.452038764953613,-1.204984188079834,1.5848963260650635,0.7578012265702113
8,8.472780227661133,-1.2047231197357178,1.5940485000610352,0.7551953929650201
8,8.493496894836426,-1.2041934728622437,1.6031215190887451,0.7528278709173748
8,8.514196395874023,-1.2033971548080444,1.6120911836624146,0.7508785841644967
8,8.534884452819824,-1.2023371458053589,1.6209372282028198,0.7491494386089405
8,8.555563926696777,-1.2010170221328735,1.6296453475952148,0.7477069261602985
8,8.576242446899414,-1.1994394063949585,1.6381915807724,0.7466557668981755
8,8.596909523010254,-1.1976076364517212,1.6465483903884888,0.7457944374403296
8,8.617583274841309,-1.1955236196517944,1.6547082662582397,0.745215071670159
8,8.638270378112793,-1.193190574645996,1.6626501083374023,0.7450924689289653
8,8.658971786499023,-1.190612554550171,1.6703565120697021,0.7452421837152182
8,8.679688453674316,-1.1877927780151367,1.6778159141540527,0.7456707879325949
8,8.700422286987305,-1.1847355365753174,1.6850149631500244,0.7465110208375714
8,8.721175193786621,-1.1814464330673218,1.6919364929199219,0.7476975581499438
8,8.741945266723633,-1.1779299974441528,1.6985714435577393,0.7491714371820837
8,8.762731552124023,-1.1741901636123657,1.704911470413208,0.7509146256758455
8,8.78351879119873,-1.1702326536178589,1.710937738418579,0.7529651525351984
8,8.8043212890625,-1.1660617589950562,1.7166416645050049,0.755351720775963
8,8.825136184692383,-1.1616830825805664,1.722018837928772,0.7580217922875498
8,8.845959663391113,-1.1571022272109985,1.7270660400390625,0.7609694652732917
8,8.866787910461426,-1.1523247957229614,1.7317813634872437,0.7641872650191436
8,8.887618064880371,-1.1473565101623535,1.7361621856689453,0.7676617362915937
8,8.90843391418457,-1.1422077417373657,1.7401976585388184,0.7713914180011594
8,8.929245948791504,-1.1368826627731323,1.7438918352127075,0.7753460560620605
8,8.95004940032959,-1.1313880681991577,1.7472485303878784,0.7795054215346184
8,8.970840454101562,-1.1257307529449463,1.7502732276916504,0.7838474690232251
8,8.991615295410156,-1.1199167966842651,1.7529680728912354,0.7883485182198913
8,9.012360572814941,-1.113955020904541,1.7553333044052124,0.7929815977089616
8,9.033097267150879,-1.1078457832336426,1.7573803663253784,0.7977162647810931
8,9.053807258605957,-1.1016000509262085,1.7591170072555542,0.8025229788000547
8,9.074488639831543,-1.0952246189117432,1.7605514526367188,0.8073822912792754
8,9.09512996673584,-1.088728904724121,1.7616883516311646,0.8122515697408931
8,9.115740776062012,-1.0821166038513184,1.762540578842163,0.8171005269584646
8,9.136319160461426,-1.0753941535949707,1.7631202936172485,0.8219029334424635
8,9.156864166259766,-1.068568229675293,1.7634379863739014,0.8266396658740758
8,9.177370071411133,-1.0616477727890015,1.763504147529602,0.8312756462388129
8,9.197845458984375,-1.0546362400054932,1.7633329629898071,0.8357575203523174
8,9.218287467956543,-1.047539472579956,1.7629384994506836,0.840079674241539
8,9.238693237304688,-1.040366530418396,1.762333631515503,0.8442180948257579
8,9.259071350097656,-1.0331201553344727,1.7615327835083008,0.8481719660300128
8,9.279427528381348,-1.0258030891418457,1.7605502605438232,0.8519344729350516
8,9.299750328063965,-1.018425703048706,1.7594013214111328,0.8554486072012786
8,9.320046424865723,-1.0109918117523193,1.758100152015686,0.8586852855352318
8,9.340311050415039,-1.0035068988800049,1.7566614151000977,0.8617047332695715
8,9.36054801940918,-0.9959729909896851,1.755098819732666,0.8644665634919352
8,9.380760192871094,-0.9883951544761658,1.753426432609558,0.8669762015698671
8,9.400948524475098,-0.9807751774787903,1.7516570091247559,0.8692712207548883
8,9.421113014221191,-0.9731143116950989,1.7498019933700562,0.8712629431494252
8,9.441256523132324,-0.9654152989387512,1.7478744983673096,0.8729551464267162
8,9.461380004882812,-0.9576795101165771,1.7458858489990234,0.8744338669178683
8,9.481484413146973,-0.9499068260192871,1.7438462972640991,0.8756956318805704
8,9.501570701599121,-0.9420983791351318,1.741767406463623,0.8766327887534346
8,9.521639823913574,-0.9342545866966248,1.7396607398986816,0.8772649403629696
8,9.541693687438965,-0.9263766407966614,1.7375363111495972,0.8775170314009578
8,9.561734199523926,-0.9184646010398865,1.7354047298431396,0.8774607962122888
8,9.581761360168457,-0.910518229007721,1.7332773208618164,0.8771747858019576
8,9.601775169372559,-0.9025360941886902,1.731162190437317,0.876679584584065
8,9.621776580810547,-0.8945174217224121,1.7290681600570679,0.8758433247759482
8,9.641766548156738,-0.8864615559577942,1.7270060777664185,0.8747448961547268
8,9.661745071411133,-0.87836754322052,1.7249828577041626,0.8734568474656682
8,9.681713104248047,-0.8702346682548523,1.7230058908462524,0.8719136852945129
8,9.701669692993164,-0.8620626330375671,1.7210845947265625,0.8701480503059245
8,9.7216157913208,-0.8538508415222168,1.7192246913909912,0.8681815173163283
8,9.741552352905273,-0.8455989956855774,1.7174314260482788,0.8659899558946557
8,9.76147747039795,-0.8373071551322937,1.7157129049301147,0.863615719307843
8,9.781393051147461,-0.8289750218391418,1.7140729427337646,0.8610810047635524
8,9.801299095153809,-0.8206023573875427,1.7125155925750732,0.8583634384139857
8,9.82119369506836,-0.812189519405365,1.7110466957092285,0.8554892009133548
8,9.84107780456543,-0.8037360906600952,1.709668755531311,0.8525430482940842
8,9.86095142364502,-0.7952417731285095,1.7083840370178223,0.8495019412908623
8,9.880813598632812,-0.7867069244384766,1.7071970701217651,0.8463934673157474
8,9.900663375854492,-0.7781310081481934,1.706108570098877,0.84326467358593
8,9.920500755310059,-0.7695134878158569,1.7051194906234741,0.8400775678083452
8,9.940324783325195,-0.7608547210693359,1.7042328119277954,0.8368886902556768
8,9.960134506225586,-0.752153754234314,1.703447937965393,0.8337331478849185
8,9.979928970336914,-0.7434096932411194,1.7027645111083984,0.8306020552432376
8,9.999707221984863,-0.734622597694397,1.7021836042404175,0.8275283418482252
8,10.019469261169434,-0.7257907390594482,1.7017031908035278,0.8245297398121264
8,10.039212226867676,-0.7169134020805359,1.7013225555419922,0.8216227215702611
8,10.05893611907959,-0.7079896330833435,1.7010408639907837,0.8188257895106449
8,10.078639030456543,-0.6990177035331726,1.7008551359176636,0.8161493844861166
8,10.098320960998535,-0.689996600151062,1.7007642984390259,0.8136216709720002
8,10.117980003356934,-0.6809252500534058,1.700766682624817,0.8112439913086431
8,10.137613296508789,-0.671801745891571,1.7008593082427979,0.8090313345074875
8,10.15722942352295,-0.6626225709915161,1.7010416984558105,0.8070052090210819
8,10.176881790161133,-0.6533589959144592,1.7013126611709595,0.8051445349778305
8,10.196799278259277,-0.6439002156257629,1.7016757726669312,0.8034897529590532
8,10.21668815612793,-0.6343843340873718,1.7021281719207764,0.8020543756736642
8,10.237360954284668,-0.6244149804115295,1.7026913166046143,0.800763521277898
8,10.259539604187012,-0.6136294007301331,1.7034010887145996,0.7996824100917721
8,10.281679153442383,-0.6027697920799255,1.7042200565338135,0.7988594525007678
8,10.305777549743652,-0.590840220451355,1.7052370309829712,0.7982737549793785
8,10.329827308654785,-0.5788238644599915,1.7063878774642944,0.7980625166726328
8,10.355592727661133,-0.565826952457428,1.7077759504318237,0.7981826146036785
8,10.382343292236328,-0.5522034168243408,1.7093976736068726,0.7987494684075803
8,10.409031867980957,-0.5384840965270996,1.711209774017334,0.799725569498051
8,10.436055183410645,-0.5244722962379456,1.7132582664489746,0.8011070606048963
8,10.463019371032715,-0.5103816390037537,1.7155327796936035,0.8028746924441541
8,10.490015029907227,-0.49617770314216614,1.7180613279342651,0.804903900066383
8,10.516956329345703,-0.4819221496582031,1.7208561897277832,0.8072264402409887
8,10.543855667114258,-0.4676254689693451,1.7239410877227783,0.8097880695377896
8,10.570708274841309,-0.4533119797706604,1.7273368835449219,0.812506854074009
8,10.597517967224121,-0.43900030851364136,1.7310678958892822,0.815405669275039
8,10.624288558959961,-0.4247124493122101,1.7351570129394531,0.8183041635154427
8,10.651021003723145,-0.41047048568725586,1.7396273612976074,0.8213331989194341
8,10.677720069885254,-0.3962976336479187,1.7445021867752075,0.8240514905804551
8,10.704388618469238,-0.3822192847728729,1.7498022317886353,0.826794619948778
8,10.731026649475098,-0.3682592213153839,1.7555485963821411,0.8292967985030689
8,10.757635116577148,-0.35444140434265137,1.7617567777633667,0.8317511862975339
8,10.784213066101074,-0.340789794921875,1.768444538116455,0.8338005016330647
8,10.810760498046875,-0.3273303806781769,1.7756240367889404,0.8355772007922714
8,10.837275505065918,-0.3140868544578552,1.7833080291748047,0.8370694403820138
8,10.863754272460938,-0.301078736782074,1.7915019989013672,0.8382852367149404
8,10.8901948928833,-0.2883315682411194,1.8002139329910278,0.8389884160163458
8,10.916590690612793,-0.2758640944957733,1.8094459772109985,0.839393441371654
8,10.942939758300781,-0.26369374990463257,1.819197654724121,0.8394694192024791
8,10.969236373901367,-0.2518408000469208,1.8294682502746582,0.8389652821574984
8,10.995473861694336,-0.24031828343868256,1.8402513265609741,0.8383723914270735
8,11.021648406982422,-0.2291412353515625,1.851540446281433,0.8369561832653232
8,11.047754287719727,-0.21832077205181122,1.8633264303207397,0.8355701581094805
8,11.073784828186035,-0.20786605775356293,1.8755968809127808,0.8333168769476607
8,11.099736213684082,-0.19778534770011902,1.8883401155471802,0.8311590048018145
8,11.125602722167969,-0.188082754611969,1.901539921760559,0.8280359209352518
8,11.151381492614746,-0.17876304686069489,1.9151811599731445,0.8250569916054523
8,11.177067756652832,-0.169825941324234,1.9292470216751099,0.8211299720160051
8,11.202657699584961,-0.16127228736877441,1.943719506263733,0.8172437892581979
8,11.22815227508545,-0.15309901535511017,1.9585795402526855,0.8126124498567815
8,11.253546714782715,-0.14530321955680847,1.9738107919692993,0.8078710950857024
8,11.278846740722656,-0.13787710666656494,1.989393949508667,0.8025175448509415
8,11.304044723510742,-0.13081827759742737,2.005309820175171,0.7969853864297116
8,11.329160690307617,-0.12411102652549744,2.0215508937835693,0.790911650676436
8,11.35417652130127,-0.11775647848844528,2.0380876064300537,0.7847309998781538
8,11.379145622253418,-0.11172834038734436,2.0549352169036865,0.7779630487136427
8,11.404014587402344,-0.10603352636098862,2.0720436573028564,0.7712205915791173
8,11.428902626037598,-0.1006341204047203,2.0894718170166016,0.763984818350433
8,11.453695297241211,-0.0955461785197258,2.107126235961914,0.7567065958271851
8,11.478601455688477,-0.09071318805217743,2.125129222869873,0.7489429367741811
8,11.503425598144531,-0.08616384863853455,2.143319606781006,0.7413623630545009
8,11.532384872436523,-0.08116940408945084,2.1648364067077637,0.7324580148492144
8,11.561235427856445,-0.07650353759527206,2.1865720748901367,0.7237440816818752
8,11.613245010375977,-0.06872239708900452,2.2264392375946045,0.7082442904160505
8,11.664939880371094,-0.06169944629073143,2.266852855682373,0.6939722782767622
8,11.720895767211914,-0.054739225655794144,2.311370611190796,0.6797188498789765
8,11.776571273803711,-0.0485079251229763,2.35634446144104,0.6670086211986758
8,11.876740455627441,-0.039571862667798996,2.4384515285491943,0.6483312530230622
8,11.976792335510254,-0.03533025085926056,2.5210652351379395,0.6336183435425325
8,12.071051597595215,-0.03801313415169716,2.598153829574585,0.6219900705120096
8,12.144841194152832,-0.04568842798471451,2.6572020053863525,0.614277084737729
8,12.240334510803223,-0.06360606104135513,2.7306246757507324,0.6016904108566103
8,12.336877822875977,-0.09083089232444763,2.799683094024658,0.5868319398516081
8,12.397085189819336,-0.11190393567085266,2.8393633365631104,0.5771762978851024
8,12.496996879577637,-0.15142926573753357,2.897808074951172,0.5595892267280527
9,0.6414505243301392,-0.8887923359870911,1.269213080406189,1.0056233438880138
9,0.687568724155426,-0.8888338208198547,1.2699244022369385,1.0062740544387145
9,0.8063396215438843,-0.8889526128768921,1.2719075679779053,1.0080189492811438
9,0.9251068830490112,-0.8890883326530457,1.274095892906189,1.009747848113608
9,1.045993447303772,-0.8892433643341064,1.2764970064163208,1.011492120402225
9,1.1668767929077148,-0.8894156217575073,1.2790510654449463,1.0130742139287856
9,1.2887829542160034,-0.8896070718765259,1.281760334968567,1.0145695209792764
9,1.411077618598938,-0.889819324016571,1.2846057415008545,1.015882305080961
9,1.5333691835403442,-0.8900532722473145,1.2875792980194092,1.0170545144206722
9,1.6557732820510864,-0.8903122544288635,1.290694236755371,1.0181599588460435
9,1.778199553489685,-0.890597939491272,1.2939560413360596,1.0192244825566825
9,1.9006214141845703,-0.8909118175506592,1.2973705530166626,1.0203013993554169
9,2.023042917251587,-0.8912550806999207,1.3009454011917114,1.0213961473188327
9,2.1454591751098633,-0.8916279077529907,1.304681420326233,1.0225420686262987
9,2.267871141433716,-0.892030656337738,1.3085780143737793,1.0236978430944967
9,2.390277624130249,-0.8924646377563477,1.3126331567764282,1.0248479598688929
9,2.512678623199463,-0.8929310441017151,1.316847562789917,1.0259245595188629
9,2.635073661804199,-0.8934325575828552,1.321231484413147,1.0269301363459618
9,2.7574617862701416,-0.8939706683158875,1.3258000612258911,1.027752284204502
9,2.8798415660858154,-0.8945472240447998,1.3305763006210327,1.028479664895776
9,3.002211332321167,-0.8951631784439087,1.3356033563613892,1.029009412179934
9,3.1245687007904053,-0.8958184719085693,1.3409194946289062,1.029368160072472
9,3.2469091415405273,-0.8965117931365967,1.3466050624847412,1.0296331399252743
9,3.3692269325256348,-0.8972399830818176,1.3527541160583496,1.0296542829426305
9,3.4915144443511963,-0.8980005383491516,1.3594735860824585,1.0297237458389448
9,3.6137590408325195,-0.8987995386123657,1.366928219795227,1.029902739676327
9,3.7359535694122314,-0.8996517658233643,1.3751585483551025,1.0307998025466822
9,3.858074426651001,-0.9005969762802124,1.384137749671936,1.0320302860336716
9,3.9799396991729736,-0.9016403555870056,1.3935836553573608,1.0334319176715785
9,4.084294319152832,-0.9026151895523071,1.4018770456314087,1.0344522472807318
9,4.205056667327881,-0.9038131833076477,1.411391258239746,1.035193532711073
9,4.325839042663574,-0.9050829410552979,1.4206385612487793,1.0356496900260355
9,4.443422794342041,-0.9063981771469116,1.4291037321090698,1.0359293645162493
9,4.554730415344238,-0.9077374339103699,1.4363727569580078,1.0354036650538025
9,4.666094779968262,-0.9091917872428894,1.442682147026062,1.0342343821779225
9,4.769053936004639,-0.9106658697128296,1.4473844766616821,1.0324936212971654
9,4.8641743659973145,-0.912164032459259,1.450562834739685,1.0298462200557539
9,4.959325790405273,-0.9138192534446716,1.4524599313735962,1.0263392545624936
9,5.049298286437988,-0.9155571460723877,1.4529422521591187,1.022269196745954
9,5.136830806732178,-0.9174366593360901,1.4521169662475586,1.0176114119794857
9,5.223551273345947,-0.9195108413696289,1.450010895729065,1.0123470898937965
9,5.310070037841797,-0.9218215942382812,1.4466264247894287,1.006480150178074
9,5.396884441375732,-0.9244202375411987,1.4419506788253784,0.9999919458831181
9,5.483611106872559,-0.927335798740387,1.4360145330429077,0.9930603868093302
9,5.573836326599121,-0.9307528734207153,1.428514003753662,0.9858418911204726
9,5.6663618087768555,-0.9347173571586609,1.4194226264953613,0.9787825180261681
9,5.76092004776001,-0.9393141865730286,1.4086507558822632,0.9722512022324633
9,5.857177734375,-0.9446331858634949,1.3961105346679688,0.966663377801632
9,5.954753398895264,-0.9507678747177124,1.3817200660705566,0.9625167168833882
9,6.0516037940979,-0.9576845765113831,1.3656941652297974,0.9604125624275808
9,6.148089408874512,-0.965472936630249,1.347960352897644,0.9610726382243664
9,6.247363090515137,-0.9745199084281921,1.3278483152389526,0.964606821226636
9,6.346615791320801,-0.9847062826156616,1.3058372735977173,0.9717710050494767
9,6.445769309997559,-0.9960505962371826,1.2820571660995483,0.9828193546272272
9,6.543400764465332,-1.0084234476089478,1.2569938898086548,0.9975354893446394
9,6.597694396972656,-1.0157853364944458,1.2424336671829224,1.0070086572562822
9,6.6231536865234375,-1.019349455833435,1.235466718673706,1.0115990900911054
9,6.648583889007568,-1.0229790210723877,1.2284268140792847,1.0162203131855618
9,6.673553943634033,-1.0266104936599731,1.2214446067810059,1.0208194013752954
9,6.698383331298828,-1.0302859544754028,1.2144436836242676,1.0254247699511565
9,6.7231621742248535,-1.0340163707733154,1.2074100971221924,1.0300638309128118
9,6.7479143142700195,-1.0378038883209229,1.2003480195999146,1.034777481555326
9,6.772634506225586,-1.0416464805603027,1.1932700872421265,1.0395084455080417
9,6.797342300415039,-1.0455454587936401,1.1861809492111206,1.0442759770155734
9,6.822035312652588,-1.0494986772537231,1.1790926456451416,1.0490997121404897
9,6.8466973304748535,-1.0535023212432861,1.1720224618911743,1.0539473052581156
9,6.871341228485107,-1.0575562715530396,1.1649779081344604,1.058828945711353
9,6.895989894866943,-1.0616623163223267,1.1579633951187134,1.063758728909928
9,6.920640468597412,-1.0658178329467773,1.1509919166564941,1.0687778742348721
9,6.945277214050293,-1.0700174570083618,1.144080400466919,1.073842721986975
9,6.969923973083496,-1.0742626190185547,1.1372328996658325,1.0789783304973513
9,6.994571208953857,-1.078548789024353,1.130462408065796,1.0841398510217353
9,7.019200325012207,-1.0828707218170166,1.1237860918045044,1.0893976983865405
9,7.043830394744873,-1.087228775024414,1.1172102689743042,1.0947364914515987
9,7.0684590339660645,-1.091619610786438,1.1107449531555176,1.1001597897523077
9,7.093084335327148,-1.0960396528244019,1.1043998003005981,1.1056698613539826
9,7.117703914642334,-1.1004855632781982,1.0981853008270264,1.1112773837209706
9,7.142312526702881,-1.1049546003341675,1.0921131372451782,1.1168974019963143
9,7.166914939880371,-1.1094456911087036,1.0861890316009521,1.1225839501880461
9,7.191547393798828,-1.1139625310897827,1.0804113149642944,1.1283427784467297
9,7.216172695159912,-1.1184959411621094,1.0747953653335571,1.134163606178683
9,7.2407755851745605,-1.1230416297912598,1.069352626800537,1.1400305354539477
9,7.265367031097412,-1.1275997161865234,1.0640857219696045,1.1458854636360747
9,7.289959907531738,-1.1321725845336914,1.0589956045150757,1.1517336234149784
9,7.314538478851318,-1.136756420135498,1.0540891885757446,1.1576114007197544
9,7.339098930358887,-1.1413494348526,1.0493704080581665,1.1635267160430698
9,7.363638401031494,-1.1459516286849976,1.0448448657989502,1.1694241580268585
9,7.388260841369629,-1.1505807638168335,1.0404963493347168,1.175148120603672
9,7.413464069366455,-1.1553244590759277,1.0362327098846436,1.1807535886617877
9,7.438658714294434,-1.1600700616836548,1.0321613550186157,1.1863368793754907
9,7.463835716247559,-1.164811611175537,1.0282851457595825,1.191798081841317
9,7.489040851593018,-1.1695499420166016,1.024596095085144,1.1971132850646287
9,7.514225006103516,-1.174264907836914,1.021100401878357,1.2022643635089685
9,7.5393853187561035,-1.1789422035217285,1.0177968740463257,1.2071789594241409
9,7.564505100250244,-1.1835622787475586,1.0146889686584473,1.211904535326389
9,7.589597225189209,-1.188108205795288,1.0117772817611694,1.2164527077842948
9,7.614661693572998,-1.1925597190856934,1.0090667009353638,1.220843784210695
9,7.639699935913086,-1.196897029876709,1.0065643787384033,1.2251096187763288
9,7.664711952209473,-1.2011024951934814,1.0042800903320312,1.2292739032251176
9,7.6897759437561035,-1.2051746845245361,1.0022190809249878,1.23336536964791
9,7.7148823738098145,-1.2091009616851807,1.0003961324691772,1.2374669205084718
9,7.739967346191406,-1.2128660678863525,0.9988288283348083,1.241593873039265
9,7.765027046203613,-1.2164703607559204,0.9975267648696899,1.2457361591711453
9,7.79005765914917,-1.2199196815490723,0.9964961409568787,1.249860417262324
9,7.815053939819336,-1.2232240438461304,0.9957387447357178,1.2539132418849774
9,7.840010643005371,-1.2263972759246826,0.9952512979507446,1.2577997382679342
9,7.865005016326904,-1.2294656038284302,0.9950248003005981,1.2614614492930787
9,7.889951705932617,-1.2324340343475342,0.9950500726699829,1.264846583103278
9,7.914845943450928,-1.2353169918060303,0.9953123331069946,1.2678132720357997
9,7.9402079582214355,-1.2381864786148071,0.9958040714263916,1.2704559299241613
9,7.965033054351807,-1.240937352180481,0.9964942932128906,1.2726414984450345
9,7.989798069000244,-1.2436317205429077,0.9973739981651306,1.2743702902370528
9,8.01450252532959,-1.246274471282959,0.9984288811683655,1.275664003143725
9,8.03914737701416,-1.2488679885864258,0.9996469616889954,1.2765390045342244
9,8.06373119354248,-1.2514135837554932,1.0010182857513428,1.2769718710960103
9,8.088340759277344,-1.2539206743240356,1.0025404691696167,1.2769301401228752
9,8.113092422485352,-1.2563998699188232,1.0042171478271484,1.2765114584791293
9,8.137677192687988,-1.2588188648223877,1.006024956703186,1.275771789001985
9,8.162117958068848,-1.2611783742904663,1.007961392402649,1.2747205910380586
9,8.186718940734863,-1.2635071277618408,1.0100488662719727,1.2733713616733953
9,8.211258888244629,-1.265782117843628,1.0122696161270142,1.2717542427847357
9,8.235736846923828,-1.2680026292800903,1.0146234035491943,1.2698818055160146
9,8.260152816772461,-1.2701681852340698,1.0171098709106445,1.2677671115330071
9,8.284505844116211,-1.2722779512405396,1.0197291374206543,1.2654087264872835
9,8.30888557434082,-1.2743393182754517,1.0224931240081787,1.2627228675717301
9,8.333198547363281,-1.276343584060669,1.0253926515579224,1.2597372175587396
9,8.35745906829834,-1.2782918214797974,1.0284299850463867,1.256470717460573
9,8.381649017333984,-1.2801820039749146,1.0316039323806763,1.2529686205758501
9,8.405766487121582,-1.2820132970809937,1.034915566444397,1.2492338349184562
9,8.4298095703125,-1.283785104751587,1.0383657217025757,1.2452762317184831
9,8.453777313232422,-1.2854970693588257,1.0419553518295288,1.2410744371777351
9,8.477734565734863,-1.2871532440185547,1.0456963777542114,1.2366053294651982
9,8.501609802246094,-1.2887481451034546,1.049579381942749,1.2319653037505696
9,8.525400161743164,-1.290282130241394,1.0536048412322998,1.2271841804687256
9,8.549104690551758,-1.2917554378509521,1.0577718019485474,1.2222596160488817
9,8.572772979736328,-1.2931715250015259,1.0620911121368408,1.217134257594055
9,8.596348762512207,-1.2945274114608765,1.066554307937622,1.2118321595044028
9,8.619879722595215,-1.2958272695541382,1.0711729526519775,1.2063710080978152
9,8.643312454223633,-1.2970705032348633,1.0759390592575073,1.2008477727548543
9,8.666642189025879,-1.2982600927352905,1.080854892730713,1.1953166569326765
9,8.68986701965332,-1.2994004487991333,1.0859220027923584,1.1898464685913552
9,8.713001251220703,-1.3004968166351318,1.09114408493042,1.1844448273992563
9,8.736093521118164,-1.301557183265686,1.0965309143066406,1.1791528980402686
9,8.758934020996094,-1.3025768995285034,1.1020280122756958,1.1741231923475144
9,8.781708717346191,-1.3035705089569092,1.1076706647872925,1.169320974847921
9,8.804447174072266,-1.3045437335968018,1.1134564876556396,1.1647644997987805
9,8.82715129852295,-1.3055012226104736,1.1193715333938599,1.1604618755451632
9,8.849842071533203,-1.306448221206665,1.1254023313522339,1.1564702844477492
9,8.8725004196167,-1.307389259338379,1.131518840789795,1.152837079840418
9,8.89513111114502,-1.3083312511444092,1.1376910209655762,1.1496902995488112
9,8.917741775512695,-1.3092842102050781,1.1438828706741333,1.1472137439207502
9,8.940340995788574,-1.3102649450302124,1.1500518321990967,1.1455871142090797
9,8.962943077087402,-1.3112943172454834,1.1561599969863892,1.144496062841803
9,8.98551082611084,-1.3123732805252075,1.1621977090835571,1.1425102317387388
9,9.008045196533203,-1.3134845495224,1.1682391166687012,1.1386178051812668
9,9.030519485473633,-1.3146013021469116,1.174386739730835,1.1334952618421812
9,9.052908897399902,-1.3157012462615967,1.1807115077972412,1.1287244999140276
9,9.0751953125,-1.316778302192688,1.187223196029663,1.1250416225613398
9,9.09738540649414,-1.317844033241272,1.1939119100570679,1.1224175268718704
9,9.119479179382324,-1.3189117908477783,1.200760841369629,1.12092172763414
9,9.141365051269531,-1.3199855089187622,1.2077131271362305,1.120349945293841
9,9.162858009338379,-1.3210597038269043,1.2146797180175781,1.12081204604715
9,9.184260368347168,-1.322150707244873,1.2217297554016113,1.1218969611637282
9,9.205577850341797,-1.323258638381958,1.228840708732605,1.1235118231657122
9,9.22681713104248,-1.3243829011917114,1.2359904050827026,1.125540450824801
9,9.247968673706055,-1.325517177581787,1.2431467771530151,1.1278038851044192
9,9.269049644470215,-1.3266572952270508,1.2502918243408203,1.1302210604155372
9,9.290075302124023,-1.327799916267395,1.2574083805084229,1.132730761718526
9,9.311051368713379,-1.328940510749817,1.2644784450531006,1.1352320936874771
9,9.331957817077637,-1.3300689458847046,1.2714730501174927,1.137611678673388
9,9.352828025817871,-1.3311797380447388,1.2783863544464111,1.1398748895262587
9,9.373724937438965,-1.3322700262069702,1.2852239608764648,1.1419841018453392
9,9.394593238830566,-1.3333300352096558,1.2919548749923706,1.1438796673505454
9,9.4154052734375,-1.3343477249145508,1.2985557317733765,1.1455327509219493
9,9.436198234558105,-1.335316777229309,1.305027961730957,1.1469841818945736
9,9.4569730758667,-1.3362306356430054,1.3113646507263184,1.148230413129263
9,9.477736473083496,-1.3370821475982666,1.3175605535507202,1.1492608614900406
9,9.498509407043457,-1.3378616571426392,1.3236126899719238,1.1500791837438096
9,9.519325256347656,-1.3385632038116455,1.3295249938964844,1.150696126561766
9,9.540184020996094,-1.3391799926757812,1.3352924585342407,1.1511613879499283
9,9.561086654663086,-1.3397053480148315,1.3409109115600586,1.1514903835072505
9,9.582032203674316,-1.3401312828063965,1.3463740348815918,1.1517077198013403
9,9.603020668029785,-1.3404518365859985,1.351677656173706,1.151828942451555
9,9.624051094055176,-1.3406620025634766,1.3568189144134521,1.1518573257002056
9,9.645121574401855,-1.340757966041565,1.3617960214614868,1.151786798155931
9,9.666230201721191,-1.3407361507415771,1.3666070699691772,1.1516794926646845
9,9.687376976013184,-1.3405933380126953,1.3712486028671265,1.1515565284226796
9,9.708559036254883,-1.3403279781341553,1.3757191896438599,1.151412763856659
9,9.729775428771973,-1.3399392366409302,1.380018711090088,1.1512558134488322
9,9.751022338867188,-1.3394272327423096,1.3841476440429688,1.1510912668674826
9,9.772297859191895,-1.3387926816940308,1.3881065845489502,1.1509006730330837
9,9.793601036071777,-1.3380374908447266,1.3918964862823486,1.1507025768288837
9,9.814929008483887,-1.3371646404266357,1.3955175876617432,1.1504969371782046
9,9.836278915405273,-1.3361774682998657,1.3989721536636353,1.150273828430906
9,9.857649803161621,-1.3350800275802612,1.4022629261016846,1.1500253053011418
9,9.87903881072998,-1.3338769674301147,1.405393362045288,1.1497413533871854
9,9.900444984436035,-1.3325730562210083,1.4083670377731323,1.1494105643609414
9,9.921865463256836,-1.3311740159988403,1.4111883640289307,1.148992845163532
9,9.94329833984375,-1.3296855688095093,1.413861632347107,1.1484943073436245
9,9.964743614196777,-1.3281141519546509,1.4163918495178223,1.147879787635109
9,9.986198425292969,-1.326467514038086,1.4187841415405273,1.1471322882309538
9,10.007661819458008,-1.3247525691986084,1.421044111251831,1.1462475781919945
9,10.029133796691895,-1.3229758739471436,1.4231774806976318,1.1451817490895588
9,10.050613403320312,-1.3211442232131958,1.4251902103424072,1.1439614026014115
9,10.072097778320312,-1.319264531135559,1.4270882606506348,1.1425444043255735
9,10.093588829040527,-1.3173433542251587,1.4288774728775024,1.1409498238219993
9,10.11508560180664,-1.3153870105743408,1.4305635690689087,1.1391827656225753
9,10.13658618927002,-1.3134019374847412,1.4321520328521729,1.1372446258876971
9,10.158098220825195,-1.311393141746521,1.4336481094360352,1.13513716926357
9,10.179685592651367,-1.3093595504760742,1.4350602626800537,1.1328577078594142
9,10.201598167419434,-1.3072820901870728,1.4364067316055298,1.130386050617584
9,10.223515510559082,-1.3051950931549072,1.4376702308654785,1.1277210019499102
9,10.246336936950684,-1.303015947341919,1.4389023780822754,1.12482821535499
9,10.270866394042969,-1.3006701469421387,1.4401389360427856,1.121618676579011
9,10.297624588012695,-1.298109531402588,1.441392421722412,1.1179146398903281
9,10.324385643005371,-1.2955482006072998,1.4425535202026367,1.1140933595403453
9,10.35312271118164,-1.2927974462509155,1.4437073469161987,1.1099541424364971
9,10.383028984069824,-1.289933443069458,1.4448134899139404,1.1055346379315696
9,10.412938117980957,-1.2870663404464722,1.44582998752594,1.1011466312096025
9,10.443292617797852,-1.2841496467590332,1.4467768669128418,1.0967191130872698
9,10.473648071289062,-1.2812230587005615,1.4476420879364014,1.0924034368048576
9,10.504103660583496,-1.2782717943191528,1.4484319686889648,1.088167416336114
9,10.53456974029541,-1.2752991914749146,1.4491465091705322,1.0841217217946617
9,10.565034866333008,-1.2723020315170288,1.4497872591018677,1.0802367513273488
9,10.595498085021973,-1.269273281097412,1.4503566026687622,1.0765138866867254
9,10.625958442687988,-1.2662090063095093,1.45085608959198,1.0730399143311897
9,10.656415939331055,-1.2631036043167114,1.4512876272201538,1.0697040377173348
9,10.686869621276855,-1.259951114654541,1.4516538381576538,1.066606701531596
9,10.717318534851074,-1.256748080253601,1.4519566297531128,1.0636970906006804
9,10.747762680053711,-1.2534886598587036,1.4521994590759277,1.060938231871127
9,10.778200149536133,-1.2501689195632935,1.4523850679397583,1.0584464241726785
9,10.80863094329834,-1.2467845678329468,1.4525173902511597,1.056100047647213
9,10.839054107666016,-1.243330955505371,1.4526011943817139,1.0539588108335909
9,10.86946964263916,-1.2398053407669067,1.452640175819397,1.051989585336772
9,10.899874687194824,-1.2362035512924194,1.4526400566101074,1.0501279120404414
9,10.93027114868164,-1.2325226068496704,1.452606201171875,1.048480300866724
9,10.960658073425293,-1.2287596464157104,1.4525442123413086,1.0469116112331753
9,10.991033554077148,-1.2249119281768799,1.4524619579315186,1.0454631224395556
9,11.021398544311523,-1.220978021621704,1.4523656368255615,1.0441436466379521
9,11.051751136779785,-1.2169559001922607,1.4522653818130493,1.0428735957514794
9,11.08209228515625,-1.212844729423523,1.4521692991256714,1.041683335827056
9,11.112421989440918,-1.208644151687622,1.4520856142044067,1.0405074544363455
9,11.142738342285156,-1.2043544054031372,1.452025055885315,1.0393462185209832
9,11.173041343688965,-1.1999762058258057,1.4519953727722168,1.038163144060796
9,11.203333854675293,-1.195510983467102,1.4520080089569092,1.0369847754858212
9,11.233613967895508,-1.1909613609313965,1.4520739316940308,1.035722658551721
9,11.26388168334961,-1.1863294839859009,1.452201247215271,1.034376418551532
9,11.294145584106445,-1.1816182136535645,1.4524012804031372,1.0329291228992583
9,11.324396133422852,-1.1768314838409424,1.452681303024292,1.0313062284774035
9,11.354659080505371,-1.1719698905944824,1.4530519247055054,1.0295912154028748
9,11.38497543334961,-1.1670329570770264,1.453523874282837,1.0276410016424251
9,11.415279388427734,-1.1620351076126099,1.454103708267212,1.0255130636181493
9,11.445710182189941,-1.156960129737854,1.4548028707504272,1.0231886138209072
9,11.476129531860352,-1.1518357992172241,1.4556251764297485,1.0205210674179432
9,11.506784439086914,-1.1466277837753296,1.4565858840942383,1.017665296735368
9,11.542661666870117,-1.1404869556427002,1.4578852653503418,1.0138507145359776
9,11.57852554321289,-1.13430917263031,1.4593777656555176,1.0094122536690364
9,11.643474578857422,-1.1230701208114624,1.4625768661499023,1.0010077093294052
9,11.70838737487793,-1.1118172407150269,1.4664146900177002,0.9912572247428539
9,11.773269653320312,-1.1006215810775757,1.4708794355392456,0.9800797245485027
9,11.90086555480957,-1.0789893865585327,1.4812328815460205,0.9547795871998476
9,12.028388977050781,-1.05781888961792,1.4933148622512817,0.9267023093185485
9,12.147976875305176,-1.0380889177322388,1.5055252313613892,0.8988634859140548
9,12.267497062683105,-1.0181241035461426,1.5180156230926514,0.8667372688648851
9,12.386913299560547,-0.997361421585083,1.5301921367645264,0.83240380442939
9,12.440973281860352,-0.9875100255012512,1.5354647636413574,0.8148131416516275
10,0.9774272441864014,1.2592244148254395,2.229623794555664,1.003083055026444
10,1.0983304977416992,1.2595515251159668,2.230912923812866,1.0037771384677776
10,1.2202579975128174,1.2599223852157593,2.232343912124634,1.004521344269234
10,1.3421839475631714,1.2603355646133423,2.2339043617248535,1.005304162767623
10,1.4644993543624878,1.2607945203781128,2.2355968952178955,1.0061059401525043
10,1.5869288444519043,1.2613009214401245,2.2374181747436523,1.0069405747984561
10,1.7093561887741089,1.2618564367294312,2.239366054534912,1.0077856026058278
10,1.831807017326355,1.2624648809432983,2.2414422035217285,1.0086428890670325
10,1.9542553424835205,1.2631282806396484,2.2436490058898926,1.0095051165713826
10,2.076704740524292,1.2638499736785889,2.2459912300109863,1.0103640505302378
10,2.1991515159606934,1.2646328210830688,2.248478412628174,1.011210581668746
10,2.321594476699829,1.2654789686203003,2.2511186599731445,1.0120349522277035
10,2.44403338432312,1.2663905620574951,2.2539308071136475,1.0128435896026504
10,2.566467046737671,1.2673691511154175,2.2569332122802734,1.0136039921859004
10,2.6888949871063232,1.268416166305542,2.2601492404937744,1.01434604736379
10,2.8113150596618652,1.2695331573486328,2.2636146545410156,1.0150551194065278
10,2.9337265491485596,1.270721197128296,2.2673559188842773,1.015749485050255
10,3.0561270713806152,1.271981954574585,2.271421432495117,1.016444750046067
10,3.178514003753662,1.2733176946640015,2.275853157043457,1.0172016143953497
10,3.30088472366333,1.274731159210205,2.280689001083374,1.0180456668447435
10,3.4232358932495117,1.2762293815612793,2.2859742641448975,1.0190114187216606
10,3.545565128326416,1.2778211832046509,2.291717052459717,1.0203040643544246
10,3.6678709983825684,1.2795225381851196,2.2979135513305664,1.0217909766603916
10,3.7901360988616943,1.2813514471054077,2.3044724464416504,1.0238032533717423
10,3.912383794784546,1.2833195924758911,2.3113086223602295,1.026010159393109
10,4.034404754638672,1.2854291200637817,2.3182263374328613,1.0283902626311172
10,4.156425476074219,1.2876840829849243,2.3251092433929443,1.030758380985904
10,4.277362823486328,1.2900627851486206,2.3317408561706543,1.033048939850204
10,4.395073413848877,1.2925262451171875,2.337860584259033,1.0351335609779704
10,4.5128021240234375,1.2951470613479614,2.343545436859131,1.036951246807422
10,4.624218940734863,1.2977925539016724,2.3483757972717285,1.0384730585816053
10,4.7271904945373535,1.3004002571105957,2.352261781692505,1.039439104103859
10,4.830179214477539,1.3031824827194214,2.3555119037628174,1.0399779136613074
10,4.925295829772949,1.30592942237854,2.357867956161499,1.0400707354633756
10,5.015230178833008,1.3087013959884644,2.359482765197754,1.0397294929610037
10,5.102734565734863,1.3115770816802979,2.3604626655578613,1.0389641048049902
10,5.189452171325684,1.3146154880523682,2.360858201980591,1.0377111259449323
10,5.276163578033447,1.3178555965423584,2.3606948852539062,1.036023635010804
10,5.362708568572998,1.321305751800537,2.3599987030029297,1.0339363690776529
10,5.449224472045898,1.3249869346618652,2.3588061332702637,1.03146600541247
10,5.535721778869629,1.3289157152175903,2.35715913772583,1.028637155077299
10,5.622198581695557,1.333108901977539,2.3551065921783447,1.0254775276114614
10,5.708651542663574,1.3375835418701172,2.352698564529419,1.022013894130713
10,5.7958831787109375,1.3424054384231567,2.349959373474121,1.0182053082422398
10,5.883087158203125,1.3475550413131714,2.346957206726074,1.0141652172198474
10,5.972702503204346,1.3532131910324097,2.343639850616455,1.0098687936278026
10,6.062374591827393,1.3592742681503296,2.340118408203125,1.0054176091124152
10,6.155068397521973,1.3659939765930176,2.3362913131713867,1.0006282687835168
10,6.250123500823975,1.3734016418457031,2.3321969509124756,0.9955202071106013
10,6.3471150398254395,1.3815542459487915,2.3278684616088867,0.9902193660426706
10,6.445416450500488,1.3904492855072021,2.3233680725097656,0.9846665519189648
10,6.543644428253174,1.400075912475586,2.318772315979004,0.9781530833727781
10,6.569167613983154,1.4027125835418701,2.317565679550171,0.9763380580338401
10,6.59468412399292,1.4054107666015625,2.316356897354126,0.9745408704731048
10,6.620089054107666,1.4081600904464722,2.3151519298553467,0.9727177324876171
10,6.645451545715332,1.4109690189361572,2.3139493465423584,0.9708647943865583
10,6.670815467834473,1.4138438701629639,2.3127479553222656,0.9689843104192983
10,6.696200847625732,1.4167885780334473,2.3115479946136475,0.9670571861801097
10,6.721587657928467,1.4198033809661865,2.310352087020874,0.965087408911807
10,6.7469658851623535,1.4228886365890503,2.3091623783111572,0.9630917632610454
10,6.7723846435546875,1.4260520935058594,2.3079779148101807,0.9610709544656437
10,6.797687530517578,1.4292759895324707,2.306807518005371,0.9590136823670209
10,6.823000431060791,1.432578206062317,2.305647373199463,0.9569182998641855
10,6.848324775695801,1.435961127281189,2.3044991493225098,0.9547883540951739
10,6.873661041259766,1.4394272565841675,2.3033647537231445,0.9526260134334104
10,6.899002552032471,1.442978024482727,2.302246332168579,0.9504335075452903
10,6.924332618713379,1.4466133117675781,2.3011462688446045,0.9482130124763365
10,6.949662685394287,1.4503368139266968,2.3000664710998535,0.9459695235883316
10,6.974864959716797,1.4541317224502563,2.29901385307312,0.9437126356499189
10,7.000058650970459,1.4580174684524536,2.297985553741455,0.9414411521969465
10,7.025238037109375,1.4619954824447632,2.296983242034912,0.9391594906005986
10,7.050398349761963,1.4660670757293701,2.2960095405578613,0.9368729390184368
10,7.075484752655029,1.4702255725860596,2.2950680255889893,0.9345908795167429
10,7.1005401611328125,1.4744799137115479,2.294159173965454,0.9323138835913584
10,7.1255598068237305,1.4788316488265991,2.293285369873047,0.9300404128364093
10,7.150435447692871,1.4832632541656494,2.292452096939087,0.927791556815178
10,7.175269603729248,1.4877946376800537,2.291658401489258,0.9255646688367806
10,7.200056552886963,1.492426872253418,2.2909061908721924,0.9233651230664507
10,7.224792003631592,1.497161626815796,2.2901980876922607,0.921195057468302
10,7.249471187591553,1.5020006895065308,2.289536476135254,0.9190400629681204
10,7.273993492126465,1.506926417350769,2.288926124572754,0.9169333216508556
10,7.299361228942871,1.51214599609375,2.288347005844116,0.9149291068314612
10,7.324692249298096,1.5174837112426758,2.28782320022583,0.9128941040520597
10,7.34909200668335,1.5227534770965576,2.2873756885528564,0.9109613562714897
10,7.373417854309082,1.528134822845459,2.2869865894317627,0.9091441922973829
10,7.397575378417969,1.5336089134216309,2.2866599559783936,0.9073197017194028
10,7.421121120452881,1.5390737056732178,2.2864019870758057,0.9057175100180439
10,7.445263862609863,1.544806957244873,2.286198854446411,0.9042257440425427
10,7.469719409942627,1.5507562160491943,2.2860605716705322,0.9025951924148503
10,7.493460655212402,1.5566757917404175,2.2859952449798584,0.901211587066888
10,7.517111301422119,1.56271493434906,2.2859973907470703,0.899895708543695
10,7.540672779083252,1.5688776969909668,2.2860679626464844,0.8986515746406143
10,7.5640387535095215,1.5751417875289917,2.2862071990966797,0.8974210592772569
10,7.587698459625244,1.5816435813903809,2.286419153213501,0.8963428455947082
10,7.611888885498047,1.588456630706787,2.2867074012756348,0.8953552184028019
10,7.635407447814941,1.5952552556991577,2.287059783935547,0.8942893227614467
10,7.6588335037231445,1.602207899093628,2.287482261657715,0.8932256475937405
10,7.682058334350586,1.6092785596847534,2.2879695892333984,0.8920516201857893
10,7.705187797546387,1.616493582725525,2.288519859313965,0.8903575683291939
10,7.728248596191406,1.6238559484481812,2.2891290187835693,0.8877663816780491
10,7.751214504241943,1.6313414573669434,2.289789915084839,0.8839571289738466
10,7.773258209228516,1.6386573314666748,2.2904787063598633,0.8782450117357482
10,7.795960426330566,1.6463114023208618,2.29125714302063,0.8685897709041606
10,7.818574905395508,1.6540488004684448,2.292156457901001,0.8532208368481785
10,7.84101676940918,1.6617333889007568,2.2932565212249756,0.8341731297091285
10,7.8635077476501465,1.6690644025802612,2.2945780754089355,0.8163620148938235
10,7.886175632476807,1.675599217414856,2.296035051345825,0.80526919881811
10,7.908946514129639,1.6810636520385742,2.2975053787231445,0.808197665580956
10,7.931868076324463,1.6855920553207397,2.298935651779175,0.8191433876619169
10,7.9548468589782715,1.6895129680633545,2.3003151416778564,0.8353831255395107
10,7.977807998657227,1.693200707435608,2.301658868789673,0.8514914104266055
10,8.000704765319824,1.696912407875061,2.30300235748291,0.864777640458291
10,8.023514747619629,1.7007653713226318,2.3043880462646484,0.8747746294448957
10,8.046130180358887,1.7047512531280518,2.3058388233184814,0.8818263928693657
10,8.068670272827148,1.708825945854187,2.3073699474334717,0.8862464049500669
10,8.091147422790527,1.7129164934158325,2.3089754581451416,0.8892673220005755
10,8.113571166992188,1.7169690132141113,2.310645341873169,0.8915396981207067
10,8.13594913482666,1.720945954322815,2.312372922897339,0.8933975313546496
10,8.158284187316895,1.7248179912567139,2.314152717590332,0.8950649929443304
10,8.180586814880371,1.7285648584365845,2.3159799575805664,0.8970193124576527
10,8.202754020690918,1.732156753540039,2.3178415298461914,0.899014084966133
10,8.224884986877441,1.7356048822402954,2.3197429180145264,0.901113596349992
10,8.246977806091309,1.7389112710952759,2.321683645248413,0.903367253294671
10,8.269031524658203,1.7420843839645386,2.3236637115478516,0.9058065195613333
10,8.29104232788086,1.7451382875442505,2.325685501098633,0.9084507236727511
10,8.313006401062012,1.7480911016464233,2.3277504444122314,0.9112988675582461
10,8.334921836853027,1.7509616613388062,2.329859733581543,0.914373046776076
10,8.356694221496582,1.7537548542022705,2.332002639770508,0.9176256814057159
10,8.37841510772705,1.7564939260482788,2.3341851234436035,0.9208599189012647
10,8.40008544921875,1.7591837644577026,2.3364028930664062,0.9240190797391733
10,8.421756744384766,1.7618318796157837,2.3386566638946533,0.9270806849364418
10,8.443378448486328,1.7644304037094116,2.3409361839294434,0.9300470376418066
10,8.464941024780273,1.7669756412506104,2.343235969543457,0.9329272027632693
10,8.486454963684082,1.7694660425186157,2.345552921295166,0.9357271821235887
10,8.507920265197754,1.7719000577926636,2.347883939743042,0.9384649164493283
10,8.529340744018555,1.7742767333984375,2.350226879119873,0.9411595215012024
10,8.550739288330078,1.7765986919403076,2.3525824546813965,0.9438722372302494
10,8.572139739990234,1.7788687944412231,2.3549516201019287,0.9466135762331175
10,8.593544006347656,1.7810885906219482,2.357332944869995,0.9493662150902265
10,8.61495304107666,1.783259391784668,2.3597257137298584,0.9521334809187183
10,8.636363983154297,1.785383939743042,2.362128257751465,0.954919600077808
10,8.657779693603516,1.78746497631073,2.364539623260498,0.9577253554472126
10,8.679197311401367,1.7895056009292603,2.3669581413269043,0.9605598159100982
10,8.700618743896484,1.7915089130401611,2.3693814277648926,0.9634083143851152
10,8.72204303741455,1.7934777736663818,2.371807813644409,0.9662670538503663
10,8.743470191955566,1.7954144477844238,2.374234437942505,0.969114325606573
10,8.764899253845215,1.79732084274292,2.3766586780548096,0.9719389827408798
10,8.786332130432129,1.799198031425476,2.379077434539795,0.9747327222797069
10,8.807768821716309,1.8010467290878296,2.3814878463745117,0.977504949126128
10,8.829209327697754,1.8028672933578491,2.38388729095459,0.9802478725925259
10,8.850653648376465,1.8046594858169556,2.386272430419922,0.9829469477054591
10,8.872101783752441,1.8064231872558594,2.388641119003296,0.9855991263679832
10,8.8935546875,1.808158040046692,2.3909912109375,0.9882118752643482
10,8.915011405944824,1.809863567352295,2.3933205604553223,0.9907883434283997
10,8.936473846435547,1.811539888381958,2.395627021789551,0.9933210577060023
10,8.957941055297852,1.8131871223449707,2.397909164428711,0.9958134301744965
10,8.979413032531738,1.8148057460784912,2.40016508102417,0.9982687792381882
10,9.000889778137207,1.8163962364196777,2.402392864227295,1.0006901038548452
10,9.022371292114258,1.8179596662521362,2.4045910835266113,1.0030801346422742
10,9.043858528137207,1.8194968700408936,2.4067578315734863,1.0054396938698522
10,9.065350532531738,1.8210089206695557,2.408891439437866,1.0077689074845242
10,9.086847305297852,1.822497010231018,2.4109902381896973,1.010066852664799
10,9.108349800109863,1.8239619731903076,2.413052558898926,1.0123319275350313
10,9.129857063293457,1.8254046440124512,2.415076494216919,1.0145665556107473
10,9.15137004852295,1.826825499534607,2.417060375213623,1.0167935618466653
10,9.172887802124023,1.828225016593933,2.4190022945404053,1.018974654351156
10,9.194411277770996,1.8296031951904297,2.420900821685791,1.0211063924988057
10,9.21593952178955,1.8309599161148071,2.422755241394043,1.023188040514187
10,9.237473487854004,1.8322949409484863,2.4245638847351074,1.025218556179349
10,9.259012222290039,1.833607792854309,2.426326036453247,1.02719737294259
10,9.280555725097656,1.8348983526229858,2.4280407428741455,1.0291243296699621
10,9.302104949951172,1.836166262626648,2.4297072887420654,1.0310003478444094
10,9.323659896850586,1.8374115228652954,2.4313247203826904,1.032823938999366
10,9.345218658447266,1.8386341333389282,2.4328925609588623,1.0345959964306932
10,9.366783142089844,1.839834213256836,2.4344100952148438,1.0363240834899228
10,9.388351440429688,1.8410123586654663,2.4358763694763184,1.038010973059958
10,9.409924507141113,1.842168927192688,2.437290668487549,1.0396595828972424
10,9.431502342224121,1.8433047533035278,2.438652753829956,1.0412725087090127
10,9.453084945678711,1.8444204330444336,2.4399611949920654,1.0428527494943585
10,9.474671363830566,1.8455170392990112,2.441215991973877,1.044415111695144
10,9.496261596679688,1.846595287322998,2.442415714263916,1.0459446630689924
10,9.51785659790039,1.8476558923721313,2.4435603618621826,1.0474474924775972
10,9.539454460144043,1.848699688911438,2.4446492195129395,1.04892465024447
10,9.561056137084961,1.8497270345687866,2.445681571960449,1.0503768136726885
10,9.582660675048828,1.850738525390625,2.4466569423675537,1.0517984130663602
10,9.604269027709961,1.8517345190048218,2.447575092315674,1.0531931825960035
10,9.625880241394043,1.852715253829956,2.448435068130493,1.0545631774714264
10,9.647494316101074,1.8536807298660278,2.44923734664917,1.0559058073804997
10,9.669111251831055,1.8546313047409058,2.449981451034546,1.0572237501412423
10,9.690730094909668,1.8555669784545898,2.4506676197052,1.0585196052946966
10,9.712352752685547,1.8564878702163696,2.4512953758239746,1.0597945287874897
10,9.733976364135742,1.8573943376541138,2.451864719390869,1.061049900418887
10,9.755602836608887,1.8582864999771118,2.452375888824463,1.0622875136666972
10,9.777230262756348,1.8591647148132324,2.4528286457061768,1.0635097994235727
10,9.798860549926758,1.8600293397903442,2.4532225131988525,1.0647177897212547
10,9.820491790771484,1.8608804941177368,2.4535579681396484,1.0659126796779639
10,9.842123985290527,1.861718773841858,2.4538345336914062,1.0670991852289906
10,9.863758087158203,1.8625444173812866,2.454052448272705,1.0682794648876062
10,9.885393142700195,1.863357663154602,2.4542109966278076,1.0694554968990082
10,9.907028198242188,1.8641587495803833,2.454310417175293,1.0706288914778266
10,9.928664207458496,1.8649479150772095,2.454350471496582,1.0718015126534042
10,9.950301170349121,1.8657251596450806,2.454331398010254,1.0729749682435974
10,9.971938133239746,1.8664906024932861,2.4542527198791504,1.0741507209564516
10,9.993575096130371,1.8672442436218262,2.4541149139404297,1.0753305445082124
10,10.015212059020996,1.8679858446121216,2.4539175033569336,1.0765154116857623
10,10.036849021911621,1.8687152862548828,2.4536609649658203,1.077706175837146
10,10.05848503112793,1.8694323301315308,2.4533450603485107,1.0789038071859058
10,10.080121040344238,1.8701366186141968,2.452970266342163,1.0801090346079218
10,10.10175609588623,1.8708279132843018,2.4525363445281982,1.081322583249737
10,10.123391151428223,1.871505856513977,2.4520440101623535,1.082546096725656
10,10.145024299621582,1.872169852256775,2.45149302482605,1.0837821171023272
10,10.16666316986084,1.8728197813034058,2.450883626937866,1.0850339799706843
10,10.188371658325195,1.8734568357467651,2.450213670730591,1.086307984296544
10,10.210402488708496,1.8740873336791992,2.4494738578796387,1.0876175456266055
10,10.23333740234375,1.8747260570526123,2.4486398696899414,1.088993443019856
10,10.25798225402832,1.8753916025161743,2.4476728439331055,1.0904678749228611
10,10.282624244689941,1.8760347366333008,2.4466331005096436,1.0919420842817327
10,10.309497833251953,1.8767099380493164,2.445418357849121,1.0935584156365223
10,10.338346481323242,1.8774025440216064,2.4440224170684814,1.095319075362059
10,10.367191314697266,1.8780604600906372,2.442532539367676,1.0971046205640742
10,10.397202491760254,1.878705620765686,2.4408843517303467,1.0989831432252528
10,10.42720890045166,1.8793083429336548,2.4391376972198486,1.1009131039609719
10,10.45765495300293,1.8798738718032837,2.4372670650482178,1.1028917989644016
10,10.488195419311523,1.880391240119934,2.435293197631836,1.1049109079690314
10,10.518731117248535,1.880855917930603,2.4332239627838135,1.1069509568215596
10,10.549270629882812,1.8812644481658936,2.4310622215270996,1.1090000077454811
10,10.579804420471191,1.8816132545471191,2.4288110733032227,1.1110740436048359
10,10.610332489013672,1.8818992376327515,2.426473379135132,1.1131454341554006
10,10.640853881835938,1.8821182250976562,2.4240529537200928,1.1152193487037705
10,10.671369552612305,1.8822675943374634,2.4215526580810547,1.1172859088890954
10,10.701879501342773,1.88234281539917,2.418976306915283,1.1193381827516058
10,10.732383728027344,1.8823403120040894,2.416327714920044,1.1213664888132768
10,10.7628812789917,1.882257103919983,2.413609743118286,1.1233700129731605
10,10.793373107910156,1.8820887804031372,2.41082763671875,1.1253428162399157
10,10.823858261108398,1.8818327188491821,2.4079842567443848,1.1272568087930739
10,10.854336738586426,1.8814847469329834,2.4050838947296143,1.1291267738721895
10,10.884809494018555,1.8810415267944336,2.4021308422088623,1.1309125083553873
10,10.915275573730469,1.880500316619873,2.399127960205078,1.132626468157033
10,10.945734977722168,1.8798574209213257,2.396080255508423,1.134268009018462
10,10.976188659667969,1.8791102170944214,2.3929905891418457,1.135784927941829
10,11.006634712219238,1.878255844116211,2.3898630142211914,1.1372297132382407
10,11.03707504272461,1.8772916793823242,2.386702299118042,1.138552606236333
10,11.06750774383545,1.876216173171997,2.3835113048553467,1.1397601303348053
10,11.097933769226074,1.8750265836715698,2.3802947998046875,1.140874976897109
10,11.128352165222168,1.873721718788147,2.3770556449890137,1.1417546022713216
10,11.158763885498047,1.8722999095916748,2.3737967014312744,1.1425374747925108
10,11.189167976379395,1.8707600831985474,2.3705220222473145,1.1431602929167985
10,11.219565391540527,1.8691011667251587,2.367234230041504,1.143630022236527
10,11.249955177307129,1.8673228025436401,2.36393666267395,1.1440053367869685
10,11.280338287353516,1.8654249906539917,2.36063289642334,1.1441673929378784
10,11.310720443725586,1.8634073734283447,2.3573250770568848,1.1442316626284272
10,11.341119766235352,1.8612693548202515,2.3540146350860596,1.1441412991123303
10,11.37151050567627,1.8590129613876343,2.350706100463867,1.1438922646489313
10,11.401957511901855,1.856634259223938,2.347395420074463,1.1435524292830779
10,11.432535171508789,1.854128122329712,2.3440768718719482,1.1429996757341616
10,11.463103294372559,1.8515065908432007,2.3407678604125977,1.1423613398350942
10,11.493912696838379,1.8487497568130493,2.337444543838501,1.141559120228061
10,11.524712562561035,1.8458809852600098,2.3341360092163086,1.1404617986747183
10,11.560760498046875,1.8423815965652466,2.3302814960479736,1.1390441624192025
10,11.62604808807373,1.8357011079788208,2.3233652114868164,1.1358336085046077
10,11.691301345825195,1.8285962343215942,2.3165431022644043,1.1323916682132942
10,11.762303352355957,1.8204230070114136,2.309236526489258,1.1281960272299674
10,11.890538215637207,1.8046772480010986,2.29643177986145,1.1184552648938997
10,12.018693923950195,1.7878758907318115,2.2841789722442627,1.109865023346397
10,12.13890552520752,1.7714897394180298,2.2732138633728027,1.1022938155335231
10,12.259115219116211,1.7547389268875122,2.262782335281372,1.0949704372707827
10,12.379693031311035,1.7378515005111694,2.2528598308563232,1.086859932138838
10,12.500521659851074,1.7210867404937744,2.243468761444092,1.0790257373986394
10,12.621438980102539,1.704653024673462,2.2346506118774414,1.0722862877829131
10,12.742557525634766,1.68877375125885,2.2264230251312256,1.0666099253815118
10,12.863810539245605,1.6736195087432861,2.21882700920105,1.0618813217689806
10,12.900674819946289,1.669187068939209,2.2166483402252197,1.0606342992386404
11,0.4117445647716522,-0.0351933054625988,3.5882256031036377,1.0001943520763061
11,0.5226000547409058,-0.0351720005273819,3.5884127616882324,1.0003055536297374
11,0.6379112005233765,-0.03514401242136955,3.5886542797088623,1.0004485321878633
11,0.7532221674919128,-0.03510991111397743,3.5889432430267334,1.000623477088106
11,0.8720105886459351,-0.03506819158792496,3.5892884731292725,1.0008194736514677
11,0.9929209351539612,-0.035018693655729294,3.5896902084350586,1.0010560977283876
11,1.1138311624526978,-0.03496197611093521,3.5901429653167725,1.0013138119108853
11,1.235766887664795,-0.03489728644490242,3.590653657913208,1.0015937183017019
11,1.3577022552490234,-0.03482497110962868,3.5912203788757324,1.0019068723775335
11,1.480028748512268,-0.034744635224342346,3.5918478965759277,1.0022340536332426
11,1.602470874786377,-0.03465629741549492,3.592538595199585,1.0025879127063484
11,1.7249126434326172,-0.0345599390566349,3.593295097351074,1.0029625854905524
11,1.8473798036575317,-0.03445538505911827,3.5941238403320312,1.0033504026384752
11,1.9698463678359985,-0.03434251621365547,3.5950307846069336,1.0037744989636186
11,2.0923163890838623,-0.034221164882183075,3.5960235595703125,1.0042154698868515
11,2.2147860527038574,-0.03409110754728317,3.597113847732544,1.0046869211203548
11,2.337254524230957,-0.03395216912031174,3.5983104705810547,1.0052031782595061
11,2.459721803665161,-0.033804066479206085,3.5996296405792236,1.0057450774005559
11,2.5821876525878906,-0.033646512776613235,3.6010868549346924,1.0063683437168256
11,2.7046515941619873,-0.033479243516922,3.6026954650878906,1.007047059180001
11,2.827112913131714,-0.03330181911587715,3.604475975036621,1.0077949756889852
11,2.949571371078491,-0.03311387449502945,3.6064398288726807,1.0086753882266586
11,3.0720267295837402,-0.03291487693786621,3.608603000640869,1.0096250240293843
11,3.1944780349731445,-0.03270408511161804,3.6109731197357178,1.010740250998719
11,3.316925287246704,-0.03248089179396629,3.6135528087615967,1.0119782384987965
11,3.4393677711486816,-0.03224412351846695,3.616335868835449,1.0133191911785293
11,3.5618062019348145,-0.03199270740151405,3.619305372238159,1.0148388057026314
11,3.6842403411865234,-0.03172529861330986,3.622436285018921,1.0164052236896128
11,3.8066515922546387,-0.03144003823399544,3.6256823539733887,1.018041051443718
11,3.929060697555542,-0.031135551631450653,3.6290087699890137,1.0196301491783328
11,4.051249980926514,-0.03081016056239605,3.632347583770752,1.0211883243004019
11,4.172347545623779,-0.03046465292572975,3.635629177093506,1.0225000712466228
11,4.293447017669678,-0.030094288289546967,3.6388401985168457,1.0236786657172372
11,4.411303520202637,-0.029707035049796104,3.6418516635894775,1.024621233436543
11,4.529162883758545,-0.02929094433784485,3.644726037979126,1.025233113184996
11,4.640685558319092,-0.028867268934845924,3.647292375564575,1.0256070463554492
11,4.743738174438477,-0.028446394950151443,3.64951753616333,1.0256726826986713
11,4.846794128417969,-0.027994148433208466,3.6515963077545166,1.0253897878559408
11,4.941961765289307,-0.0275452621281147,3.653385877609253,1.0248776013553997
11,5.031938076019287,-0.027090255171060562,3.65497088432312,1.0241579703471353
11,5.119482040405273,-0.02661646157503128,3.6564266681671143,1.0232476589919048
11,5.206241607666016,-0.02611435018479824,3.6578030586242676,1.0221637160747719
11,5.292846202850342,-0.025578446686267853,3.659132480621338,1.0209135453419909
11,5.379451274871826,-0.025005541741847992,3.6604409217834473,1.0195372060153545
11,5.466041564941406,-0.024393389001488686,3.661754846572876,1.0180863712834525
11,5.55263090133667,-0.02373952977359295,3.6631031036376953,1.016603596202774
11,5.639219284057617,-0.023041753098368645,3.664515733718872,1.0151355830980002
11,5.725805282592773,-0.02229798585176468,3.6660220623016357,1.0137323257880435
11,5.812387943267822,-0.021506277844309807,3.667651414871216,1.0124473800805696
11,5.898963928222656,-0.02066493220627308,3.6694302558898926,1.0113408633911667
11,5.985535621643066,-0.019773883745074272,3.6713814735412598,1.0105205155927846
11,6.072510242462158,-0.01883198879659176,3.673532009124756,1.0099923713969257
11,6.160980701446533,-0.017834678292274475,3.675924777984619,1.009774783732156
11,6.251685619354248,-0.01678832620382309,3.678593873977661,1.009876408014178
11,6.344429016113281,-0.01572195440530777,3.681535243988037,1.0102571163832699
11,6.440183639526367,-0.014676985330879688,3.6847758293151855,1.0108774363201074
11,6.490442752838135,-0.014166797511279583,3.686540126800537,1.0111813296174743
11,6.540700912475586,-0.013698563911020756,3.688350200653076,1.0115969294956875
11,6.565837383270264,-0.013482517562806606,3.689272880554199,1.0117598098831388
11,6.59088134765625,-0.013280356302857399,3.6902034282684326,1.0119141183073217
11,6.615914821624756,-0.013092031702399254,3.6911447048187256,1.0120596543961098
11,6.640985012054443,-0.012917826883494854,3.692098379135132,1.0121946567417932
11,6.666111946105957,-0.012758229859173298,3.6930651664733887,1.0123168821710573
11,6.691301345825195,-0.01261383667588234,3.694044828414917,1.0124242017700391
11,6.716550350189209,-0.012485244311392307,3.695037364959717,1.0125143604196816
11,6.741853713989258,-0.012373051606118679,3.69604229927063,1.0125870461088313
11,6.767024517059326,-0.012278462760150433,3.697051763534546,1.0126368186478942
11,6.792194366455078,-0.012201284058392048,3.698071241378784,1.0126624082163822
11,6.817410469055176,-0.012141834944486618,3.6991019248962402,1.0126628375098756
11,6.8426666259765625,-0.012100623920559883,3.700144052505493,1.0126361460973468
11,6.867956638336182,-0.012078147381544113,3.7011966705322266,1.0125802670771313
11,6.893280506134033,-0.012074855156242847,3.7022602558135986,1.012493743095405
11,6.918637275695801,-0.012091158889234066,3.703334331512451,1.012375004568774
11,6.9440202713012695,-0.012127421796321869,3.704418897628784,1.0122228445453962
11,6.969423770904541,-0.01218394748866558,3.7055137157440186,1.0120361804551272
11,6.994843006134033,-0.012260962277650833,3.7066187858581543,1.0118145299408887
11,7.020272254943848,-0.012358611449599266,3.7077338695526123,1.0115570559832283
11,7.045705795288086,-0.012476958334445953,3.7088592052459717,1.0112632893643119
11,7.071139335632324,-0.012615999206900597,3.7099947929382324,1.010932439545727
11,7.096566677093506,-0.012775626964867115,3.7111406326293945,1.0105640447136883
11,7.121984004974365,-0.012955563142895699,3.712297201156616,1.0101597051964801
11,7.147386074066162,-0.01315540075302124,3.7134647369384766,1.009722436788038
11,7.1727681159973145,-0.013374709524214268,3.7146434783935547,1.009253084405274
11,7.198125839233398,-0.01361302100121975,3.715834140777588,1.0087508741196805
11,7.223483085632324,-0.013870126567780972,3.71703839302063,1.0082139098713974
11,7.248811721801758,-0.014145330525934696,3.7182557582855225,1.0076408496907192
11,7.2739763259887695,-0.014435963705182076,3.719480514526367,1.007076424087639
11,7.2999396324157715,-0.014752868562936783,3.7207605838775635,1.0064365997200715
11,7.3256516456604,-0.015083309262990952,3.7220466136932373,1.0057767627487344
11,7.351366996765137,-0.015429272316396236,3.7233519554138184,1.0050875982996466
11,7.377080917358398,-0.015789736062288284,3.7246780395507812,1.0043623608817809
11,7.402804374694824,-0.016163744032382965,3.726026773452759,1.0036149888281707
11,7.428123474121094,-0.016543738543987274,3.72737717628479,1.002865648411476
11,7.452652931213379,-0.016922257840633392,3.7287092208862305,1.0020638802538444
11,7.477626323699951,-0.017316678538918495,3.7300913333892822,1.0012617255426666
11,7.502545356750488,-0.01771792396903038,3.7314980030059814,1.0004274565412388
11,7.527406692504883,-0.018124595284461975,3.7329306602478027,0.9995652274849305
11,7.55220890045166,-0.018535049632191658,3.734391212463379,0.9986901940673713
11,7.576666831970215,-0.018942970782518387,3.7358639240264893,0.9977869393236344
11,7.601034641265869,-0.01935100555419922,3.7373664379119873,0.9968529366753606
11,7.626297950744629,-0.019774045795202255,3.7389633655548096,0.9958641685467192
11,7.651451587677002,-0.02019343711435795,3.740595817565918,0.9948384687998431
11,7.67637300491333,-0.02060525491833687,3.7422585487365723,0.9937937797537539
11,7.701184272766113,-0.02100956067442894,3.743962049484253,0.9926603325322203
11,7.725136756896973,-0.02139250934123993,3.7456579208374023,0.9915936623565211
11,7.749246597290039,-0.021769262850284576,3.7474160194396973,0.9904854153500819
11,7.7732834815979,-0.022134212777018547,3.7492244243621826,0.9893517830572691
11,7.797895431518555,-0.022495167329907417,3.751136541366577,0.9881985038242763
11,7.822179794311523,-0.022836728021502495,3.7530882358551025,0.9869768835696838
11,7.845668792724609,-0.023151319473981857,3.7550430297851562,0.985793759255928
11,7.869284152984619,-0.023449545726180077,3.75708270072937,0.9844727877691448
11,7.893016815185547,-0.02373022399842739,3.759211301803589,0.9832291224249626
11,7.916670322418213,-0.023990219458937645,3.761415719985962,0.9819245782465149
11,7.940242290496826,-0.024229250848293304,3.763700485229492,0.9805631075421807
11,7.963634490966797,-0.024447711184620857,3.7660577297210693,0.9791111206143384
11,7.986944675445557,-0.024649614468216896,3.7684996128082275,0.9775112477531215
11,8.010172843933105,-0.024840185418725014,3.7710297107696533,0.9756936701367829
11,8.033315658569336,-0.025028321892023087,3.7736542224884033,0.9735753009119776
11,8.056244850158691,-0.025228232145309448,3.776362419128418,0.9710194850993779
11,8.079097747802734,-0.02546597458422184,3.7791688442230225,0.9676611085107857
11,8.101875305175781,-0.025779038667678833,3.7820651531219482,0.9626769530829205
11,8.1245756149292,-0.026221496984362602,3.785041332244873,0.9541985929982463
11,8.147198677062988,-0.02685980126261711,3.7880821228027344,0.9394072026902581
11,8.169678688049316,-0.02771523967385292,3.79109263420105,0.9195030022531924
11,8.192123413085938,-0.02870350517332554,3.7938618659973145,0.8998738347061557
11,8.21456527709961,-0.02968226745724678,3.7961056232452393,0.886205185965984
11,8.237010955810547,-0.030570732429623604,3.797651767730713,0.8794967809409432
11,8.25943660736084,-0.031348712742328644,3.7985317707061768,0.87858261982312
11,8.28182315826416,-0.03199600800871849,3.7989277839660645,0.8836727306573603
11,8.304139137268066,-0.032499294728040695,3.7990944385528564,0.8929579361887724
11,8.326400756835938,-0.032886046916246414,3.7992441654205322,0.9026179379631897
11,8.34850025177002,-0.03319893032312393,3.7994821071624756,0.9100794941533757
11,8.370588302612305,-0.03347887471318245,3.799849271774292,0.9144059729134297
11,8.393009185791016,-0.03375726565718651,3.8003480434417725,0.9157768943307136
11,8.41506576538086,-0.03404249623417854,3.8009331226348877,0.9149842545532568
11,8.437122344970703,-0.034349821507930756,3.8015828132629395,0.9130356506889012
11,8.459098815917969,-0.03468448296189308,3.802274465560913,0.910461413556258
11,8.481021881103516,-0.03504786640405655,3.8029870986938477,0.9075449731488393
11,8.502731323242188,-0.03543209284543991,3.8036890029907227,0.904468581550002
11,8.524532318115234,-0.03583348169922829,3.8043627738952637,0.9014117941480528
11,8.546335220336914,-0.03624063357710838,3.8049824237823486,0.8983262951347948
11,8.56809139251709,-0.0366431325674057,3.8055293560028076,0.8953196277464117
11,8.589801788330078,-0.03703209385275841,3.8059957027435303,0.892476690047225
11,8.611470222473145,-0.03739907592535019,3.806382656097412,0.8898618910472432
11,8.63311767578125,-0.03773750364780426,3.80670166015625,0.8875133650184607
11,8.654764175415039,-0.0380428209900856,3.806971549987793,0.8854425787374708
11,8.676411628723145,-0.03831379860639572,3.80721378326416,0.8836278264709735
11,8.698060035705566,-0.038552507758140564,3.807447910308838,0.8820139317832019
11,8.719707489013672,-0.03876272588968277,3.807687997817993,0.8804713004965361
11,8.74135684967041,-0.03894862160086632,3.807941436767578,0.8789086565191299
11,8.763004302978516,-0.03911413252353668,3.808210849761963,0.8772704900726828
11,8.784652709960938,-0.03926243260502815,3.808492660522461,0.8755187577811958
11,8.80630111694336,-0.03939574956893921,3.8087804317474365,0.8736300052019179
11,8.827949523925781,-0.03951512649655342,3.8090667724609375,0.8715927046217882
11,8.84959888458252,-0.03962042182683945,3.8093433380126953,0.8694013069657639
11,8.871247291564941,-0.03971054404973984,3.8096044063568115,0.8670516647161117
11,8.89289665222168,-0.03978366032242775,3.809844970703125,0.8645872757746653
11,8.914546012878418,-0.039837464690208435,3.810063123703003,0.8620335169003281
11,8.936196327209473,-0.039869338274002075,3.8102593421936035,0.8594173007573443
11,8.957845687866211,-0.03987688571214676,3.810436487197876,0.8567637156701523
11,8.979496002197266,-0.03985798731446266,3.810598850250244,0.8540915432278866
11,9.00114631652832,-0.039811018854379654,3.8107516765594482,0.8514093070777373
11,9.022795677185059,-0.03973479941487312,3.810899019241333,0.8487095910616064
11,9.044445991516113,-0.03962855041027069,3.811044216156006,0.845971132762026
11,9.066095352172852,-0.039491746574640274,3.8111884593963623,0.8431739924778645
11,9.08774471282959,-0.03932401165366173,3.811331272125244,0.8403003713180315
11,9.109394073486328,-0.03912496939301491,3.8114705085754395,0.8373364490128105
11,9.131043434143066,-0.038894154131412506,3.8116037845611572,0.8342747536709916
11,9.152691841125488,-0.038630951195955276,3.81172776222229,0.8311142238257534
11,9.17434024810791,-0.03833456709980965,3.8118395805358887,0.8278574142084263
11,9.195988655090332,-0.038004111498594284,3.8119373321533203,0.8245082492235205
11,9.217636108398438,-0.03763861581683159,3.8120195865631104,0.8210896672439435
11,9.239282608032227,-0.03723711520433426,3.8120858669281006,0.8176091145010138
11,9.260929107666016,-0.03679870069026947,3.812135934829712,0.8140711538565802
11,9.282574653625488,-0.036322638392448425,3.8121700286865234,0.8104772977135258
11,9.304219245910645,-0.03580837324261665,3.8121891021728516,0.8068261570557062
11,9.325862884521484,-0.035255610942840576,3.812192916870117,0.8031138959904573
11,9.347505569458008,-0.03466426208615303,3.8121817111968994,0.7993260880407786
11,9.369147300720215,-0.034034475684165955,3.812155246734619,0.7954617337266146
11,9.390787124633789,-0.0333666056394577,3.812112808227539,0.7915205119954201
11,9.412425994873047,-0.03266126289963722,3.812053918838501,0.7875002009705746
11,9.434063911437988,-0.0319192111492157,3.8119781017303467,0.7833994352734656
11,9.455699920654297,-0.03114144690334797,3.811884641647339,0.7792178694385302
11,9.477335929870605,-0.030329054221510887,3.8117740154266357,0.7749553997774442
11,9.498969078063965,-0.02948339283466339,3.811645984649658,0.7706073344140656
11,9.520601272583008,-0.0286058709025383,3.8115015029907227,0.7661686979888459
11,9.542232513427734,-0.027698080986738205,3.8113412857055664,0.761648532673931
11,9.563862800598145,-0.026761801913380623,3.811166763305664,0.7570458536024932
11,9.585490226745605,-0.025799056515097618,3.8109798431396484,0.7523605554301214
11,9.607117652893066,-0.02481193095445633,3.810781717300415,0.747594410215554
11,9.628744125366211,-0.023802824318408966,3.810574769973755,0.7427553171485992
11,9.650369644165039,-0.02277427352964878,3.810361385345459,0.7378338444560149
11,9.671993255615234,-0.02172887697815895,3.8101439476013184,0.7328181377322976
11,9.693617820739746,-0.020669395104050636,3.809924840927124,0.7277229473243123
11,9.715240478515625,-0.019598692655563354,3.809706926345825,0.7225541886013437
11,9.736863136291504,-0.01851995661854744,3.8094935417175293,0.7173167187460749
11,9.758485794067383,-0.017436353489756584,3.8092880249023438,0.7120167652753568
11,9.780108451843262,-0.01635121926665306,3.809094190597534,0.7066616633544917
11,9.80173110961914,-0.01526789739727974,3.808915853500366,0.7012599460057455
11,9.823354721069336,-0.01418989896774292,3.808758020401001,0.695817547202427
11,9.844978332519531,-0.013120625168085098,3.808624744415283,0.6903493219378458
11,9.866602897644043,-0.012063480913639069,3.8085217475891113,0.6848737220224433
11,9.888228416442871,-0.011021984741091728,3.8084542751312256,0.6794064848045444
11,9.909854888916016,-0.009999520145356655,3.8084282875061035,0.6739638333027963
11,9.931482315063477,-0.00899936631321907,3.80845046043396,0.6685626622438311
11,9.953110694885254,-0.008024701848626137,3.8085269927978516,0.6632209136802494
11,9.974740028381348,-0.007078588008880615,3.8086650371551514,0.6579594527487153
11,9.996371269226074,-0.006163845770061016,3.808871269226074,0.6527998193787369
11,10.018001556396484,-0.005283169914036989,3.809152364730835,0.6477423787071162
11,10.039632797241211,-0.004439135547727346,3.8095147609710693,0.6427874866159599
11,10.061264038085938,-0.0036344369873404503,3.809964418411255,0.6379393053489553
11,10.082894325256348,-0.002871684031561017,3.81050705909729,0.6332096046060592
11,10.104523658752441,-0.0021534424740821123,3.811147451400757,0.6286161456076769
11,10.126151084899902,-0.001482222112827003,3.8118908405303955,0.624178527073724
11,10.147783279418945,-0.0008602393209002912,3.8127424716949463,0.6199157034415832
11,10.169411659240723,-0.0002900833496823907,3.8137073516845703,0.615831812212305
11,10.191106796264648,0.0002275249280501157,3.8147943019866943,0.6119289298031332
11,10.213119506835938,0.0006945113418623805,3.8160250186920166,0.6082148900432585
11,10.236029624938965,0.00111587333958596,3.817448854446411,0.6046361005075689
11,10.260641098022461,0.0014935053186491132,3.8191463947296143,0.6011891753019288
11,10.285240173339844,0.0017924238927662373,3.821023464202881,0.598214660569799
11,10.312053680419922,0.0020279488526284695,3.823281764984131,0.595363609680871
11,10.340819358825684,0.002174742752686143,3.8259623050689697,0.5929057446170826
11,10.369559288024902,0.0022122508380562067,3.8289151191711426,0.591014640462419
11,10.399432182312012,0.0021352560725063086,3.832289695739746,0.5895411310542181
11,10.429266929626465,0.0019424469210207462,3.835980176925659,0.5888755898682763
11,10.459501266479492,0.001632006955333054,3.840054988861084,0.588721406670069
11,10.489784240722656,0.0012082254979759455,3.8444840908050537,0.5893303508267413
11,10.520013809204102,0.0006775028887204826,3.8492536544799805,0.5906498388724067
11,10.550196647644043,4.8980469728121534e-05,3.8543660640716553,0.5924877068968148
11,10.580318450927734,-0.000666052452288568,3.8598134517669678,0.5952033070652895
11,10.610377311706543,-0.0014558886177837849,3.865586757659912,0.5984001803797577
11,10.640371322631836,-0.0023087405133992434,3.8716766834259033,0.6022988915643661
11,10.67030143737793,-0.003213964169844985,3.878068685531616,0.6068054179812387
11,10.700167655944824,-0.0041550640016794205,3.8847482204437256,0.6117000591083165
11,10.729971885681152,-0.005117244087159634,3.891695737838745,0.6173120472220402
11,10.759716987609863,-0.006089723668992519,3.898892879486084,0.6233171313137679
11,10.789405822753906,-0.007056588307023048,3.9063174724578857,0.6297851731121095
11,10.819043159484863,-0.008005968295037746,3.913947820663452,0.6366496589706558
11,10.848634719848633,-0.008922849781811237,3.9217593669891357,0.6438521593664519
11,10.878185272216797,-0.009798101149499416,3.9297282695770264,0.6515241674680895
11,10.907700538635254,-0.010619479231536388,3.9378297328948975,0.6593688202704202
11,10.937189102172852,-0.011374293826520443,3.946035623550415,0.6675821671516701
11,10.966657638549805,-0.012058418244123459,3.9543235301971436,0.6760268791469907
11,10.996111869812012,-0.012658706866204739,3.9626624584198,0.6846301436956118
11,11.025561332702637,-0.013169843703508377,3.9710288047790527,0.6935162473464945
11,11.055011749267578,-0.013586475513875484,3.9793951511383057,0.7024990265886175
11,11.08447265625,-0.013900280930101871,3.9877307415008545,0.7116588216432463
11,11.113948822021484,-0.014109240844845772,3.996013879776001,0.7209175551245246
11,11.143449783325195,-0.014208154752850533,4.004210472106934,0.7302609128908801
11,11.172979354858398,-0.014196626842021942,4.01230001449585,0.7396949264926604
11,11.202548027038574,-0.01407142449170351,4.020252227783203,0.7491340648466819
11,11.232159614562988,-0.013833889737725258,4.028042316436768,0.7586300327944904
11,11.261817932128906,-0.013485606759786606,4.035650253295898,0.7681105867044361
11,11.291535377502441,-0.013025611639022827,4.043050289154053,0.7775660932627376
11,11.321306228637695,-0.01245908159762621,4.050227165222168,0.7869684119079214
11,11.351157188415527,-0.011785668320953846,4.0571608543396,0.7963113340747039
11,11.38113021850586,-0.011006643995642662,4.063842296600342,0.8056555254292387
11,11.411162376403809,-0.010126600041985512,4.070241928100586,0.8148289392006609
11,11.441390991210938,-0.009141895920038223,4.076365947723389,0.8239209138874106
11,11.471678733825684,-0.00805967953056097,4.0821757316589355,0.8329912759889951
11,11.502272605895996,-0.006869466044008732,4.08768892288208,0.8420343602723542
11,11.538164138793945,-0.005363654810935259,4.093697547912598,0.8526246723239398
11,11.574129104614258,-0.0037499284371733665,4.099219799041748,0.8628463042516321
11,11.639466285705566,-0.0005781997460871935,4.107920169830322,0.8804497916242695
11,11.704992294311523,0.002877762308344245,4.1149373054504395,0.8974580110936227
11,11.776494026184082,0.006904271896928549,4.120620250701904,0.9151860624385261
11,11.905983924865723,0.014582180418074131,4.125794410705566,0.9439948859327724
11,12.035555839538574,0.02260350063443184,4.124913215637207,0.9681257514689987
11,12.156988143920898,0.03024302050471306,4.119014739990234,0.9874781533535129
11,12.278475761413574,0.03793192282319069,4.108789443969727,1.0021870337469856
11,12.370514869689941,0.043745800852775574,4.098419666290283,1.0124306891651875
12,0.7331962585449219,-0.3539881110191345,3.8367955684661865,1.0005329806135514
12,0.8519911766052246,-0.35400041937828064,3.8370449542999268,1.0007020611465578
12,0.9707860350608826,-0.3540140688419342,3.8373308181762695,1.0009064213483516
12,1.091699481010437,-0.3540292978286743,3.8376598358154297,1.0011276071399815
12,1.2136366367340088,-0.3540462255477905,3.8380327224731445,1.001375186144089
12,1.335573673248291,-0.3540648818016052,3.8384482860565186,1.0016475193658303
12,1.457901120185852,-0.35408568382263184,3.8389110565185547,1.0019337470835517
12,1.5803442001342773,-0.3541090190410614,3.8394229412078857,1.0022535493693165
12,1.702787160873413,-0.3541352152824402,3.839986562728882,1.0025899803750031
12,1.8252555131912231,-0.3541647791862488,3.840607166290283,1.0029483635406709
12,1.947723627090454,-0.35419800877571106,3.8412892818450928,1.003342897066857
12,2.070195436477661,-0.35423535108566284,3.8420398235321045,1.0037564355540582
12,2.192667007446289,-0.354277104139328,3.8428680896759033,1.004219640605411
12,2.315138101577759,-0.35432350635528564,3.8437817096710205,1.0047254110229167
12,2.437608480453491,-0.35437485575675964,3.8447937965393066,1.0052691869723038
12,2.5600779056549072,-0.3544313907623291,3.8459153175354004,1.0059106449337831
12,2.6825461387634277,-0.3544933497905731,3.8471591472625732,1.0066019084170579
12,2.8050127029418945,-0.3545610010623932,3.8485403060913086,1.0073990589244533
12,2.9274775981903076,-0.3546346127986908,3.8500678539276123,1.0083106537983955
12,3.049940586090088,-0.3547145426273346,3.851755142211914,1.0092900450340039
12,3.172400951385498,-0.35480114817619324,3.853607177734375,1.010478833046302
12,3.294858694076538,-0.35489481687545776,3.8556270599365234,1.0117483678485442
12,3.417313814163208,-0.35499611496925354,3.857808828353882,1.0131557446749009
12,3.5397660732269287,-0.3551054298877716,3.860142946243286,1.0146953259679896
12,3.6622157096862793,-0.3552233576774597,3.862607955932617,1.0162922664118172
12,3.7846434116363525,-0.35535040497779846,3.865173101425171,1.017964195297355
12,3.907069444656372,-0.3554869592189789,3.8678109645843506,1.019607036780158
12,4.029275894165039,-0.3556331396102905,3.8704710006713867,1.0212132533315559
12,4.151482105255127,-0.3557894229888916,3.873126983642578,1.0226384112732
12,4.272596836090088,-0.3559544086456299,3.875715494155884,1.02394509351083
12,4.390466690063477,-0.35612472891807556,3.8781609535217285,1.024968396561538
12,4.508338451385498,-0.3563048541545868,3.8805136680603027,1.0257546127091208
12,4.619871139526367,-0.35648444294929504,3.882633686065674,1.0263219704280486
12,4.722931861877441,-0.35665857791900635,3.884492874145508,1.0265340238275442
12,4.825994491577148,-0.35684075951576233,3.8862526416778564,1.0265203597116055
12,4.921167850494385,-0.3570164442062378,3.887791156768799,1.0262964983062015
12,5.011148452758789,-0.35718923807144165,3.889176368713379,1.0258841949783244
12,5.098696231842041,-0.3573637008666992,3.890470027923584,1.0253026085631658
12,5.186244010925293,-0.35754451155662537,3.891723871231079,1.0245436014850233
12,5.273007392883301,-0.3577299118041992,3.8929431438446045,1.0236705140919704
12,5.359615325927734,-0.357921302318573,3.8941550254821777,1.0227044603264368
12,5.446208953857422,-0.3581189513206482,3.8953816890716553,1.0216740760811458
12,5.532802104949951,-0.3583230674266815,3.8966448307037354,1.0206116769366294
12,5.619394302368164,-0.35853371024131775,3.897965908050537,1.01955241724996
12,5.705985069274902,-0.35875099897384644,3.899367094039917,1.0185333183465433
12,5.79257345199585,-0.3589751720428467,3.900869369506836,1.0176034034421826
12,5.879159927368164,-0.3592064380645752,3.902492046356201,1.0168093694552944
12,5.965740203857422,-0.3594453036785126,3.9042513370513916,1.0161775338763435
12,6.052305221557617,-0.35969284176826477,3.906160354614258,1.0157327538928798
12,6.138833522796631,-0.3599521517753601,3.9082248210906982,1.0154888846593668
12,6.225286960601807,-0.3602295517921448,3.9104435443878174,1.01544546366825
12,6.311903476715088,-0.360538512468338,3.9128127098083496,1.0155847959332607
12,6.401382923126221,-0.36091625690460205,3.9153871536254883,1.0158148551448938
12,6.490859031677246,-0.361388623714447,3.918055534362793,1.016059541780496
12,6.513296604156494,-0.3615259528160095,3.918736696243286,1.0161285320209017
12,6.535741329193115,-0.3616715371608734,3.9194231033325195,1.0161954577285766
12,6.558223724365234,-0.36182573437690735,3.9201154708862305,1.0162626779905253
12,6.580775260925293,-0.36198899149894714,3.9208149909973145,1.0163306535261725
12,6.603354454040527,-0.362161248922348,3.921520233154297,1.0163995126549514
12,6.6259331703186035,-0.3623424470424652,3.9222307205200195,1.0164677433162335
12,6.648599624633789,-0.36253345012664795,3.9229485988616943,1.0165350331420138
12,6.671389579772949,-0.3627347946166992,3.923675537109375,1.0166011719980315
12,6.6942644119262695,-0.3629465103149414,3.924410104751587,1.0166650793555219
12,6.717221260070801,-0.36316877603530884,3.92515230178833,1.016725811538007
12,6.740254878997803,-0.3634018301963806,3.9259021282196045,1.0167827872071176
12,6.763360977172852,-0.3636459410190582,3.926659107208252,1.0168347128485316
12,6.786534786224365,-0.36390137672424316,3.9274232387542725,1.0168806546375737
12,6.809708595275879,-0.36416763067245483,3.928192377090454,1.0169185787444521
12,6.832945823669434,-0.36444565653800964,3.9289684295654297,1.016948417076304
12,6.8562421798706055,-0.36473575234413147,3.929751396179199,1.016969119293355
12,6.879592418670654,-0.3650381565093994,3.9305412769317627,1.0169801134890148
12,6.9029927253723145,-0.3653530478477478,3.931337594985962,1.0169804721677491
12,6.926437854766846,-0.3656806945800781,3.932140350341797,1.0169698653957375
12,6.949923992156982,-0.36602121591567993,3.9329497814178467,1.0169477269031901
12,6.973445892333984,-0.36637479066848755,3.933765411376953,1.016913730825445
12,6.997001647949219,-0.3667415678501129,3.934587240219116,1.0168679124448339
12,7.02058744430542,-0.36712169647216797,3.935415744781494,1.0168101892409216
12,7.044199466705322,-0.3675152063369751,3.9362504482269287,1.0167406049944263
12,7.067811012268066,-0.36792176961898804,3.9370908737182617,1.016658844157544
12,7.09144401550293,-0.3683418035507202,3.9379377365112305,1.0165666164035516
12,7.11509370803833,-0.36877530813217163,3.938791275024414,1.0164644431454672
12,7.13875675201416,-0.3692222237586975,3.9396517276763916,1.0163532051041868
12,7.1624274253845215,-0.3696824312210083,3.940519332885742,1.0162341439445184
12,7.186102390289307,-0.37015584111213684,3.9413938522338867,1.0161090467579896
12,7.209555625915527,-0.3706376254558563,3.942267656326294,1.0159796874502056
12,7.233006954193115,-0.3711320757865906,3.9431490898132324,1.0158461022938348
12,7.256452560424805,-0.3716389834880829,3.9440383911132812,1.0157099015715518
12,7.279889106750488,-0.37215808033943176,3.9449360370635986,1.015572317930558
12,7.303312301635742,-0.37268927693367004,3.9458425045013428,1.0154356319162925
12,7.327019691467285,-0.37323909997940063,3.9467697143554688,1.0153018321628895
12,7.350576400756836,-0.3737974762916565,3.947701930999756,1.0151716365270764
12,7.373786449432373,-0.3743594288825989,3.948631763458252,1.0150480305718386
12,7.397467136383057,-0.3749444782733917,3.9495928287506104,1.0149383970498445
12,7.420896053314209,-0.3755347728729248,3.950556516647339,1.0148389266386688
12,7.444299697875977,-0.3761356770992279,3.951533317565918,1.014757579339847
12,7.467675685882568,-0.37674689292907715,3.952523946762085,1.0146977343559802
12,7.491020679473877,-0.37736836075782776,3.953529119491577,1.014660738367248
12,7.5142621994018555,-0.3779979348182678,3.954547166824341,1.0146594742645936
12,7.537471294403076,-0.37863701581954956,3.9555814266204834,1.0146921333619188
12,7.560644149780273,-0.3792854845523834,3.9566330909729004,1.0147646624890716
12,7.5837788581848145,-0.3799431025981903,3.9577033519744873,1.0148832484070234
12,7.60687255859375,-0.3806097209453583,3.9587929248809814,1.0150549611487139
12,7.629922866821289,-0.381285160779953,3.9599030017852783,1.0152872643616682
12,7.652926921844482,-0.38196924328804016,3.9610345363616943,1.0155889057601981
12,7.675882816314697,-0.3826618492603302,3.962188720703125,1.0159678771020044
12,7.698890686035156,-0.3833659887313843,3.963371515274048,1.0164379614228076
12,7.721766471862793,-0.3840760588645935,3.9645745754241943,1.0170043374418098
12,7.7448811531066895,-0.38480356335639954,3.9658186435699463,1.0176786960323925
12,7.767502307891846,-0.38552549481391907,3.967064619064331,1.0184686509420535
12,7.790068626403809,-0.3862554728984833,3.968336343765259,1.0193960852881492
12,7.812201023101807,-0.3869812786579132,3.9696130752563477,1.0204757472615413
12,7.834345817565918,-0.38771724700927734,3.970918893814087,1.0216977717676408
12,7.856754302978516,-0.3884719908237457,3.972269296646118,1.023128416379625
12,7.879112720489502,-0.38923516869544983,3.9736452102661133,1.0247889976002575
12,7.9014692306518555,-0.3900085687637329,3.9750478267669678,1.0266972270369372
12,7.923774242401123,-0.3907904326915741,3.9764721393585205,1.0288684676489286
12,7.946027755737305,-0.3915805220603943,3.977914571762085,1.0313182283705178
12,7.968227863311768,-0.3923782706260681,3.9793694019317627,1.0340474950109189
12,7.99037504196167,-0.393182635307312,3.980828285217285,1.0370318555907816
12,8.012469291687012,-0.3939918875694275,3.9822795391082764,1.040217813102146
12,8.034510612487793,-0.3948036730289459,3.983708381652832,1.0435281504218876
12,8.056500434875488,-0.3956151008605957,3.9850971698760986,1.046869785719864
12,8.078437805175781,-0.39642298221588135,3.9864273071289062,1.0501330008049352
12,8.100324630737305,-0.39722371101379395,3.9876797199249268,1.0531711293315218
12,8.122217178344727,-0.3980158567428589,3.988842010498047,1.0556743763414014
12,8.144059181213379,-0.39879441261291504,3.989901304244995,1.057363355763671
12,8.165849685668945,-0.39955782890319824,3.9908578395843506,1.0581406977599817
12,8.187477111816406,-0.40030238032341003,3.991718053817749,1.0580251370359737
12,8.209100723266602,-0.4010351300239563,3.992506980895996,1.0572465504498982
12,8.230727195739746,-0.40175870060920715,3.99324369430542,1.0561093439158722
12,8.252354621887207,-0.4024753272533417,3.9939424991607666,1.0548915345717391
12,8.273983001708984,-0.40318673849105835,3.9946129322052,1.05376060469718
12,8.295612335205078,-0.40389391779899597,3.995260715484619,1.0527784939529563
12,8.317242622375488,-0.4045974314212799,3.9958877563476562,1.0519206661598453
12,8.338872909545898,-0.4052976071834564,3.996494770050049,1.0511642334164786
12,8.360504150390625,-0.40599489212036133,3.9970812797546387,1.0504896158946686
12,8.382136344909668,-0.4066895842552185,3.9976463317871094,1.0498809378980243
12,8.403769493103027,-0.40738192200660706,3.9981889724731445,1.049322798685842
12,8.425402641296387,-0.4080718755722046,3.9987082481384277,1.0487967183620472
12,8.447036743164062,-0.40875914692878723,3.9992027282714844,1.0482736113177076
12,8.468670845031738,-0.40944331884384155,3.999671697616577,1.0477177312726735
12,8.490306854248047,-0.4101237952709198,4.000114917755127,1.0471006464478534
12,8.511942863464355,-0.41079986095428467,4.0005316734313965,1.0463985138048029
12,8.533578872680664,-0.4114709794521332,4.000923156738281,1.0455947460944497
12,8.555216789245605,-0.4121367633342743,4.001290798187256,1.0446825311830055
12,8.57685375213623,-0.41279712319374084,4.001637935638428,1.0436665364014601
12,8.598492622375488,-0.4134523272514343,4.001966953277588,1.042562071858552
12,8.620131492614746,-0.4141029417514801,4.002283096313477,1.041399749100428
12,8.641769409179688,-0.41474977135658264,4.002588748931885,1.0402057469452557
12,8.663408279418945,-0.4153936803340912,4.0028886795043945,1.0390039468152135
12,8.68504810333252,-0.4160354435443878,4.003185272216797,1.0378157913509296
12,8.706686973571777,-0.4166756570339203,4.003480911254883,1.0366557360948891
12,8.728325843811035,-0.417314738035202,4.003775596618652,1.0355284794451234
12,8.74996566772461,-0.41795283555984497,4.004070281982422,1.0344314402372563
12,8.771604537963867,-0.41858986020088196,4.004363536834717,1.0333556919373577
12,8.793243408203125,-0.41922566294670105,4.004654884338379,1.0322840294002085
12,8.8148832321167,-0.41986003518104553,4.004944324493408,1.0312050217945539
12,8.836522102355957,-0.42049264907836914,4.00523042678833,1.030109978506254
12,8.858161926269531,-0.4211233854293823,4.0055131912231445,1.028992069964863
12,8.879801750183105,-0.42175209522247314,4.005794048309326,1.0278468889382186
12,8.90144157409668,-0.422378808259964,4.006072521209717,1.0266727809307827
12,8.923081398010254,-0.4230036437511444,4.006350517272949,1.0254677368472218
12,8.944721221923828,-0.4236268699169159,4.00662899017334,1.0242372085383644
12,8.966361045837402,-0.4242488145828247,4.0069098472595215,1.0229899462159884
12,8.988000869750977,-0.4248698651790619,4.007194519042969,1.0217316762174276
12,9.00964069366455,-0.42549046874046326,4.0074849128723145,1.0204683487505428
12,9.031280517578125,-0.4261109530925751,4.007781982421875,1.0192027388487874
12,9.0529203414917,-0.426731675863266,4.008086204528809,1.01793562487203
12,9.074559211730957,-0.42735281586647034,4.008398056030273,1.01666499510287
12,9.096198081970215,-0.42797452211380005,4.008718013763428,1.0153829609888292
12,9.117837905883789,-0.4285967946052551,4.009045600891113,1.014084421949002
12,9.139476776123047,-0.4292195737361908,4.00938081741333,1.012762670677324
12,9.161115646362305,-0.42984282970428467,4.009723663330078,1.01141122982157
12,9.182754516601562,-0.43046656250953674,4.010073661804199,1.0100244241609573
12,9.20439338684082,-0.43109071254730225,4.010431289672852,1.0085977095136753
12,9.226031303405762,-0.4317153990268707,4.010797500610352,1.0071276411533943
12,9.24767017364502,-0.43234071135520935,4.011172771453857,1.0056031171379969
12,9.269308090209961,-0.43296682834625244,4.011557102203369,1.004025237444741
12,9.290946006774902,-0.4335939884185791,4.0119524002075195,1.0023947252666374
12,9.312582969665527,-0.4342224597930908,4.012358665466309,1.0007078482271583
12,9.334220886230469,-0.4348524212837219,4.0127763748168945,0.9989603249743083
12,9.355857849121094,-0.4354841411113739,4.013206958770752,0.9971462678307419
12,9.377494812011719,-0.4361177980899811,4.0136494636535645,0.995258797851666
12,9.399130821228027,-0.4367535710334778,4.014104843139648,0.9932843375971862
12,9.420766830444336,-0.4373915195465088,4.014572620391846,0.9912001083081848
12,9.442402839660645,-0.4380318224430084,4.015052318572998,0.9890066047110483
12,9.464037895202637,-0.4386745095252991,4.015544414520264,0.9866593677113598
12,9.485673904418945,-0.4393196403980255,4.016047477722168,0.9841827768471402
12,9.507308006286621,-0.43996739387512207,4.016561985015869,0.9815680970256473
12,9.528943061828613,-0.44061797857284546,4.017087459564209,0.9788076339771277
12,9.550577163696289,-0.44127169251441956,4.0176239013671875,0.9758947296125224
12,9.572210311889648,-0.441928893327713,4.018171310424805,0.9727920944672468
12,9.593844413757324,-0.44258999824523926,4.018729209899902,0.9695187428038946
12,9.615477561950684,-0.44325560331344604,4.019298076629639,0.9660789819545454
12,9.637109756469727,-0.44392630457878113,4.019877910614014,0.962472740063615
12,9.658740997314453,-0.4446028470993042,4.020468235015869,0.9587017743919554
12,9.680373191833496,-0.4452860951423645,4.021068572998047,0.9547695442393198
12,9.702004432678223,-0.44597703218460083,4.021679401397705,0.9506816252676159
12,9.723634719848633,-0.44667676091194153,4.022301197052002,0.9464320806937381
12,9.745265007019043,-0.44738656282424927,4.022933006286621,0.9420275436571893
12,9.76689338684082,-0.4481077492237091,4.023575782775879,0.9375033907736026
12,9.788521766662598,-0.4488418996334076,4.024230003356934,0.9328746602032068
12,9.810149192810059,-0.4495907127857208,4.024896144866943,0.9281562678683887
12,9.831775665283203,-0.45035600662231445,4.025574684143066,0.9233669431027163
12,9.853401184082031,-0.4511396884918213,4.0262675285339355,0.9185238294944659
12,9.875025749206543,-0.4519438147544861,4.026974678039551,0.9136401882520274
12,9.896648406982422,-0.452770471572876,4.027698993682861,0.9087246152022137
12,9.918269157409668,-0.45362183451652527,4.028441429138184,0.9038098367673693
12,9.939888954162598,-0.4545000195503235,4.029204368591309,0.8989110705589779
12,9.961505889892578,-0.45540717244148254,4.029989242553711,0.8940437423087488
12,9.983120918273926,-0.45634540915489197,4.030797958374023,0.8892220453076162
12,10.00473403930664,-0.45731669664382935,4.0316338539123535,0.8844591801467346
12,10.02634334564209,-0.4583229720592499,4.032497882843018,0.8797664938521514
12,10.047950744628906,-0.45936617255210876,4.033392906188965,0.8751547787930638
12,10.069554328918457,-0.4604480266571045,4.0343217849731445,0.8706378301643101
12,10.091155052185059,-0.4615699350833893,4.0352864265441895,0.8662238116472499
12,10.112751007080078,-0.4627327620983124,4.036288261413574,0.8619141305745265
12,10.134343147277832,-0.46393656730651855,4.037326812744141,0.8577039072049586
12,10.155938148498535,-0.4651813507080078,4.0384016036987305,0.8535885882521193
12,10.177599906921387,-0.4664701223373413,4.039515018463135,0.8495635833829338
12,10.199580192565918,-0.4678189158439636,4.040679931640625,0.8455894507077597
12,10.221555709838867,-0.46921029686927795,4.041881084442139,0.8417892909592528
12,10.244428634643555,-0.4707063138484955,4.043173789978027,0.8380536878581181
12,10.269002914428711,-0.47237101197242737,4.044615745544434,0.834266005382063
12,10.295795440673828,-0.47425687313079834,4.046255111694336,0.8304987373872527
12,10.322578430175781,-0.47621819376945496,4.047968864440918,0.8270346052095517
12,10.351322174072266,-0.47841113805770874,4.04989767074585,0.8235751414955453
12,10.380050659179688,-0.4806968867778778,4.051922798156738,0.8205420781616553
12,10.409930229187012,-0.48317649960517883,4.054137706756592,0.8176537572194111
12,10.44023323059082,-0.485801100730896,4.0565032958984375,0.8151188195069103
12,10.470518112182617,-0.4885355532169342,4.058990478515625,0.8130153180506718
12,10.500880241394043,-0.4913907051086426,4.061613082885742,0.8112249835947845
12,10.531229972839355,-0.49435824155807495,4.064365386962891,0.8100240577758012
12,10.561556816101074,-0.4974365532398224,4.0672478675842285,0.809142175717776
12,10.591859817504883,-0.5006243586540222,4.070261478424072,0.8087264535083345
12,10.622138023376465,-0.5039181113243103,4.073403358459473,0.8088874211319214
12,10.65239143371582,-0.5073134303092957,4.076671600341797,0.8093985648368338
12,10.682621002197266,-0.5108051300048828,4.080062389373779,0.8105386415176487
12,10.712825775146484,-0.5143882036209106,4.083571434020996,0.8120631087848061
12,10.74300765991211,-0.5180550813674927,4.087192058563232,0.8140366858858741
12,10.773167610168457,-0.5217995643615723,4.090917587280273,0.8165399819770709
12,10.803305625915527,-0.5256140232086182,4.094740390777588,0.8193177642979955
12,10.833425521850586,-0.5294883847236633,4.098648548126221,0.8227340208976197
12,10.863529205322266,-0.5334140658378601,4.102632522583008,0.8264872388063216
12,10.8936185836792,-0.5373790264129639,4.1066789627075195,0.8306108839422341
12,10.923697471618652,-0.5413748621940613,4.110776901245117,0.8352048620139101
12,10.953768730163574,-0.5453898310661316,4.114912509918213,0.8400180516215561
12,10.98383617401123,-0.5494114756584167,4.119070053100586,0.8452203596929916
12,11.01390266418457,-0.5534299612045288,4.123236179351807,0.8507131571117879
12,11.043973922729492,-0.5574286580085754,4.127389907836914,0.8564665615703846
12,11.074051856994629,-0.5613987445831299,4.13151741027832,0.8625485742946516
12,11.104141235351562,-0.5653280019760132,4.135601043701172,0.8687237646873763
12,11.134245872497559,-0.5692055821418762,4.139622688293457,0.8751623914983125
12,11.16436767578125,-0.5730246901512146,4.143571376800537,0.881598593934863
12,11.194510459899902,-0.5767733454704285,4.1474289894104,0.8881329031930989
12,11.224676132202148,-0.5804435610771179,4.151183605194092,0.8948411823739956
12,11.254867553710938,-0.5840255618095398,4.154820442199707,0.9015290191391784
12,11.28509521484375,-0.5875107049942017,4.158325672149658,0.9083232802059092
12,11.315349578857422,-0.5908925533294678,4.161688804626465,0.91509649240841
12,11.345659255981445,-0.5941635966300964,4.164896488189697,0.921839664575648
12,11.375997543334961,-0.5973160862922668,4.167937278747559,0.9285213333894444
12,11.406431198120117,-0.600348711013794,4.170807361602783,0.9351098443063574
12,11.437034606933594,-0.6032595038414001,4.17349910736084,0.9416834146965755
12,11.467667579650879,-0.606029748916626,4.175992965698242,0.9482062792021831
12,11.498579025268555,-0.6086692810058594,4.178292751312256,0.9547054806458541
12,11.529519081115723,-0.611155092716217,4.180375099182129,0.9612110537760191
12,11.565775871276855,-0.6138702034950256,4.182532787322998,0.9685225196340691
12,11.631549835205078,-0.6182354688644409,4.185649871826172,0.9810282709833685
12,11.697407722473145,-0.6218947768211365,4.187743663787842,0.9928990183993082
12,11.769170761108398,-0.6250698566436768,4.188857555389404,1.0034331369205751
12,11.89894962310791,-0.6287124752998352,4.188053607940674,1.019205613828117
12,12.028707504272461,-0.6299427151679993,4.183767318725586,1.0332164341618846
12,12.15034008026123,-0.629187285900116,4.176822662353516,1.045051848231343
12,12.2717866897583,-0.6268203854560852,4.167394161224365,1.0532936798803365
12,12.368912696838379,-0.6239199042320251,4.158254146575928,1.0600300868279937
12,12.490486145019531,-0.6192988753318787,4.1451520919799805,1.066066775048166
12,12.578808784484863,-0.6153334975242615,4.134577751159668,1.0697305269340984
12,12.700096130371094,-0.6092713475227356,4.1189961433410645,1.0724933499999765
12,12.707402229309082,-0.6088863611221313,4.118021011352539,1.0727267518145787
13,0.9005382657051086,-0.618071436882019,1.1346001625061035,1.012100893889819
13,1.0214204788208008,-0.6181653738021851,1.1372510194778442,1.0141794463054645
13,1.1422994136810303,-0.618269145488739,1.1400489807128906,1.0160299652313767
13,1.2642003297805786,-0.6183836460113525,1.1429845094680786,1.017783702588322
13,1.3864901065826416,-0.6185101270675659,1.14603853225708,1.0191644954596872
13,1.5087770223617554,-0.6186497211456299,1.1492022275924683,1.0203925183868359
13,1.6311765909194946,-0.6188052296638489,1.1524991989135742,1.0214601625463242
13,1.7535722255706787,-0.6189777851104736,1.1559383869171143,1.0224829081705529
13,1.8759891986846924,-0.6191686391830444,1.1595354080200195,1.0235104916757758
13,1.9984050989151,-0.6193780899047852,1.1633009910583496,1.0245861140452335
13,2.1208155155181885,-0.6196059584617615,1.1672391891479492,1.0257343316612422
13,2.243220806121826,-0.6198513507843018,1.171347975730896,1.0269313998124794
13,2.3656206130981445,-0.6201143860816956,1.1756211519241333,1.0281724335450042
13,2.4880144596099854,-0.6203955411911011,1.180052399635315,1.0293660938854687
13,2.6104025840759277,-0.6206968426704407,1.184645652770996,1.0304610936291372
13,2.732783794403076,-0.6210194826126099,1.1894088983535767,1.0314001495832144
13,2.8551576137542725,-0.6213651895523071,1.1943631172180176,1.032246994318952
13,2.9775218963623047,-0.6217342615127563,1.1995400190353394,1.0328310041945603
13,3.0998752117156982,-0.6221266984939575,1.2049740552902222,1.0332696324708446
13,3.22221302986145,-0.6225404739379883,1.2107421159744263,1.033505871560323
13,3.3445308208465576,-0.6229733824729919,1.2169195413589478,1.033490638070134
13,3.466820001602173,-0.6234216690063477,1.2236382961273193,1.03341220824051
13,3.589067220687866,-0.6238887310028076,1.2310771942138672,1.033423987657075
13,3.7112619876861572,-0.6243812441825867,1.2393338680267334,1.03378592196342
13,3.8333792686462402,-0.6249245405197144,1.2483975887298584,1.0345845727044745
13,3.9554495811462402,-0.6255229711532593,1.2580714225769043,1.0353010384258161
13,4.077277660369873,-0.626174807548523,1.2680164575576782,1.0358875086135395
13,4.198021411895752,-0.6268602609634399,1.2778189182281494,1.0359270566750123
13,4.318786144256592,-0.6275811791419983,1.2873470783233643,1.0356294268517099
13,4.436356544494629,-0.6283271908760071,1.2960644960403442,1.0351690079713247
13,4.54765510559082,-0.6290861368179321,1.3035495281219482,1.033650288104019
13,4.659017086029053,-0.6299110054969788,1.3100167512893677,1.0315534723778392
13,4.761980056762695,-0.630749523639679,1.31478750705719,1.02893902157199
13,4.8571085929870605,-0.6316042542457581,1.3179538249969482,1.0253172328079065
13,4.952271938323975,-0.6325525641441345,1.3197441101074219,1.0209277306165305
13,5.0422563552856445,-0.6335536241531372,1.3200206756591797,1.0160230867083362
13,5.13017463684082,-0.6346467733383179,1.3188832998275757,1.0105588393205487
13,5.219147682189941,-0.6358869671821594,1.316286563873291,1.0044538943210817
13,5.31077241897583,-0.637324869632721,1.3121083974838257,0.9977022621855522
13,5.405074596405029,-0.6389989852905273,1.3062535524368286,0.9902617058603913
13,5.499265670776367,-0.6408953666687012,1.298877239227295,0.9826549290982064
13,5.595853805541992,-0.6431050896644592,1.2897722721099854,0.9749990398812277
13,5.694484710693359,-0.645678699016571,1.2788981199264526,0.967654525638266
13,5.794742584228516,-0.6486711502075195,1.2662148475646973,0.9610142025910592
13,5.896168231964111,-0.6521432995796204,1.2516862154006958,0.9554808114346962
13,5.999084949493408,-0.6561920642852783,1.235169768333435,0.9517231713294615
13,6.101672649383545,-0.6608368754386902,1.2168643474578857,0.9502166220397282
13,6.20432710647583,-0.6661950349807739,1.1966279745101929,0.9512571272116211
13,6.306570053100586,-0.6723687648773193,1.1744825839996338,0.9551755838157686
13,6.408735275268555,-0.6794948577880859,1.1503852605819702,0.9622563957214119
13,6.508385181427002,-0.687511146068573,1.1250438690185547,0.9725487444478876
13,6.60490083694458,-0.6964669823646545,1.0988109111785889,0.9860043545023505
13,6.7008819580078125,-0.7066715359687805,1.0711135864257812,1.0028265262223937
13,6.725484848022461,-0.7095038890838623,1.0637701749801636,1.0077369552312418
13,6.749782085418701,-0.7123910784721375,1.0564296245574951,1.012730881284514
13,6.774047374725342,-0.7153645157814026,1.04901921749115,1.0178351828615828
13,6.798146724700928,-0.7184058427810669,1.041592001914978,1.0230210180989656
13,6.822052955627441,-0.7215073704719543,1.034171223640442,1.0282899279346411
13,6.845869064331055,-0.7246789932250977,1.0267399549484253,1.0336710454813836
13,6.8696088790893555,-0.7279199361801147,1.0193064212799072,1.0390922113209822
13,6.893867492675781,-0.7313071489334106,1.011699914932251,1.0447382176239808
13,6.917506217956543,-0.734682023525238,1.004290223121643,1.0504268860756518
13,6.941103935241699,-0.7381225228309631,0.9969083666801453,1.0562351632869795
13,6.964883804321289,-0.7416592836380005,0.9894977807998657,1.0622481118733071
13,6.988883972167969,-0.7452936768531799,0.9820624589920044,1.0683109270521365
13,7.012596607208252,-0.7489446997642517,0.9747728109359741,1.0745158364388498
13,7.0365376472473145,-0.7526879906654358,0.9674810171127319,1.080934163177761
13,7.060499668121338,-0.7564895153045654,0.9602609276771545,1.0875244234413763
13,7.084397792816162,-0.7603345513343811,0.9531508684158325,1.094232055038662
13,7.108242034912109,-0.7642213702201843,0.9461575746536255,1.1011048468510587
13,7.132031440734863,-0.7681460380554199,0.939289927482605,1.1081163580235773
13,7.155844688415527,-0.7721179127693176,0.9325339794158936,1.115225218925071
13,7.179594993591309,-0.7761207222938538,0.9259244799613953,1.1223657527199877
13,7.203385829925537,-0.7801682949066162,0.9194391369819641,1.1295605392278931
13,7.227126598358154,-0.7842416167259216,0.9131082892417908,1.1367889502903676
13,7.250815391540527,-0.7883373498916626,0.9069363474845886,1.1439863628130988
13,7.274443626403809,-0.7924532890319824,0.9009302258491516,1.1510117419319708
13,7.298018932342529,-0.7965898513793945,0.8950902223587036,1.157950789089431
13,7.321541786193848,-0.8007447719573975,0.8894173502922058,1.1647463139696805
13,7.3452019691467285,-0.8049484491348267,0.8838671445846558,1.171438869776972
13,7.36881160736084,-0.8091642260551453,0.8784844875335693,1.1779815063382353
13,7.392362594604492,-0.8133891224861145,0.8732706904411316,1.184229009246656
13,7.415863513946533,-0.8176212310791016,0.868221640586853,1.1902767496026094
13,7.439314365386963,-0.821854293346405,0.8633330464363098,1.1960973343456855
13,7.462717533111572,-0.8260799646377563,0.8586001992225647,1.2016577432281086
13,7.486189365386963,-0.8303070068359375,0.8539960384368896,1.2069516185479807
13,7.50961971282959,-0.8345011472702026,0.8495410084724426,1.2120050047034165
13,7.533012390136719,-0.8386476635932922,0.8452363610267639,1.2167889618495962
13,7.556354522705078,-0.8427286744117737,0.8410927653312683,1.2213568887055584
13,7.579590797424316,-0.8467180728912354,0.8371284008026123,1.2257395509878786
13,7.602869033813477,-0.8506264090538025,0.8333306312561035,1.2300757833189668
13,7.626166820526123,-0.8544374704360962,0.8297191858291626,1.2344230534542877
13,7.649406433105469,-0.8581303954124451,0.8263260126113892,1.2388814472268987
13,7.672592639923096,-0.8617035746574402,0.823169469833374,1.2435269195357257
13,7.695725917816162,-0.8651597499847412,0.8202655911445618,1.2484102682837512
13,7.71880578994751,-0.8685065507888794,0.8176257610321045,1.2535513639252107
13,7.741831302642822,-0.8717547655105591,0.8152551651000977,1.2589605618870932
13,7.764892578125,-0.8749295473098755,0.8131456971168518,1.2645390723281593
13,7.7877373695373535,-0.8780105710029602,0.8113129734992981,1.2701045861252251
13,7.810591220855713,-0.881041944026947,0.8097248673439026,1.2756302267873312
13,7.833379745483398,-0.8840252161026001,0.8083719611167908,1.2809905874784042
13,7.856103420257568,-0.8869699239730835,0.8072360157966614,1.2860903836894002
13,7.878762722015381,-0.8898835778236389,0.8062986135482788,1.2908495693173654
13,7.901361465454102,-0.8927716612815857,0.8055408000946045,1.2951953039268556
13,7.923966884613037,-0.8956460356712341,0.8049446940422058,1.2990859077792754
13,7.946418762207031,-0.8984881043434143,0.8045002222061157,1.3025293591374507
13,7.968883037567139,-0.9013195633888245,0.8041915893554688,1.305558005878309
13,7.9913649559021,-0.904140830039978,0.8040093183517456,1.3081670122273674
13,8.013959884643555,-0.906963586807251,0.8039465546607971,1.3103779677911855
13,8.03650951385498,-0.9097679853439331,0.8039991855621338,1.3122477830454111
13,8.059020042419434,-0.9125543236732483,0.8041627407073975,1.3138049396010802
13,8.081597328186035,-0.9153355956077576,0.8044346570968628,1.3150741987303398
13,8.104043960571289,-0.9180874228477478,0.8048098087310791,1.3160878924416386
13,8.126456260681152,-0.9208219051361084,0.8052869439125061,1.316840822506452
13,8.1488676071167,-0.9235435128211975,0.8058645725250244,1.317364518726936
13,8.171265602111816,-0.9262509942054749,0.8065401315689087,1.3176454332372205
13,8.193699836730957,-0.9289506673812866,0.807312548160553,1.3176837248898805
13,8.216110229492188,-0.9316359162330627,0.8081775307655334,1.317514085884522
13,8.238541603088379,-0.9343124032020569,0.8091342449188232,1.3171378552059867
13,8.260950088500977,-0.9369754791259766,0.8101784586906433,1.31655412275061
13,8.283337593078613,-0.9396258592605591,0.8113077282905579,1.3157593254777846
13,8.305709838867188,-0.942264199256897,0.812519371509552,1.3147488026920624
13,8.3280668258667,-0.9448909759521484,0.8138112425804138,1.3135172039661847
13,8.350410461425781,-0.9475070834159851,0.8151815533638,1.3118870337355553
13,8.3728609085083,-0.950127363204956,0.8166372179985046,1.309986253297488
13,8.395359992980957,-0.9527448415756226,0.8181732296943665,1.3077520403910503
13,8.417854309082031,-0.9553535580635071,0.81978440284729,1.3052745649965174
13,8.4404935836792,-0.9579706192016602,0.8214815855026245,1.3025539017798724
13,8.463016510009766,-0.9605656266212463,0.823245644569397,1.2996600856153562
13,8.485519409179688,-0.9631497263908386,0.8250831961631775,1.2966340336248043
13,8.508002281188965,-0.9657229781150818,0.8269930481910706,1.293500685097714
13,8.530463218688965,-0.9682861566543579,0.8289718627929688,1.290184159647281
13,8.552902221679688,-0.9708399176597595,0.8310149312019348,1.2863743322329353
13,8.575407981872559,-0.973392128944397,0.8331318497657776,1.2815365300862196
13,8.597882270812988,-0.9759263396263123,0.8353267312049866,1.2757711233111704
13,8.62038516998291,-0.9784444570541382,0.8376345038414001,1.2693761655909905
13,8.642845153808594,-0.9809352159500122,0.8400792479515076,1.2628768693976504
13,8.66525650024414,-0.9833945631980896,0.8426821827888489,1.2563422369554385
13,8.687615394592285,-0.9858148694038391,0.8454598784446716,1.249770363753329
13,8.709917068481445,-0.9881846308708191,0.8484286665916443,1.2434895170094582
13,8.732470512390137,-0.9905223250389099,0.8516533374786377,1.2377925822168356
13,8.754773139953613,-0.9927636384963989,0.855079710483551,1.2330267060797504
13,8.776997566223145,-0.9949221611022949,0.8587360978126526,1.229030222878097
13,8.799140930175781,-0.9969956874847412,0.8626184463500977,1.2253740954682686
13,8.821198463439941,-0.9989821314811707,0.8667159676551819,1.22170135201757
13,8.843171119689941,-1.000880479812622,0.8710124492645264,1.2177863609390773
13,8.86512565612793,-1.0026967525482178,0.8755020499229431,1.213553203358548
13,8.887027740478516,-1.0044307708740234,0.8801645040512085,1.209007285318761
13,8.908951759338379,-1.0060888528823853,0.8850149512290955,1.204131963534079
13,8.930797576904297,-1.0076625347137451,0.8900415897369385,1.1988294547459406
13,8.952582359313965,-1.0091588497161865,0.8952538371086121,1.1932515945233664
13,8.97430419921875,-1.0105875730514526,0.900647759437561,1.1876615944716706
13,8.995963096618652,-1.0119580030441284,0.9062147736549377,1.182189185337457
13,9.017618179321289,-1.0132838487625122,0.911961555480957,1.176846633392977
13,9.0391845703125,-1.0145721435546875,0.9178572297096252,1.1718245779027896
13,9.060686111450195,-1.0158387422561646,0.9238985180854797,1.1671573931142498
13,9.082123756408691,-1.017100214958191,0.9300745129585266,1.1628860812772113
13,9.103499412536621,-1.0183751583099365,0.9363731741905212,1.1590228635933397
13,9.124862670898438,-1.0196864604949951,0.9427937865257263,1.155459291417204
13,9.146143913269043,-1.0210500955581665,0.9492978453636169,1.1522970376924944
13,9.167369842529297,-1.0224874019622803,0.9558749794960022,1.1494071143841804
13,9.188544273376465,-1.0240147113800049,0.9625094532966614,1.1466953949731835
13,9.209671020507812,-1.0256462097167969,0.9691885113716125,1.1440022246158748
13,9.230823516845703,-1.02739679813385,0.9759247303009033,1.14113884245416
13,9.251927375793457,-1.0292659997940063,0.9826876521110535,1.1383200689725979
13,9.272955894470215,-1.031252384185791,0.9894683361053467,1.1356861794645075
13,9.293932914733887,-1.0333553552627563,0.9962788224220276,1.1335017753109622
13,9.314858436584473,-1.0355689525604248,1.00312077999115,1.1318674110903602
13,9.335756301879883,-1.037885069847107,1.0099942684173584,1.1307656896444704
13,9.356608390808105,-1.0402928590774536,1.0168834924697876,1.1303367808165012
13,9.37741756439209,-1.042784333229065,1.023776888847351,1.1304352937556972
13,9.398191452026367,-1.045351505279541,1.0306605100631714,1.1308584293980355
13,9.41893482208252,-1.0479817390441895,1.0375182628631592,1.1310857729485952
13,9.439666748046875,-1.0506608486175537,1.0443379878997803,1.1311837929978534
13,9.460395812988281,-1.0533771514892578,1.0511085987091064,1.1309574513544682
13,9.481109619140625,-1.0561161041259766,1.057814121246338,1.130410206556389
13,9.501814842224121,-1.0588626861572266,1.0644456148147583,1.1293636844690307
13,9.522518157958984,-1.0615949630737305,1.07099449634552,1.1278041658287203
13,9.543219566345215,-1.0642967224121094,1.0774550437927246,1.1258367385674295
13,9.563923835754395,-1.066953420639038,1.0838239192962646,1.1234705394960829
13,9.584632873535156,-1.069549798965454,1.0900989770889282,1.1207203190636081
13,9.605344772338867,-1.072064995765686,1.0962740182876587,1.1176026225430518
13,9.626067161560059,-1.0744833946228027,1.1023485660552979,1.1142313434263345
13,9.646800994873047,-1.0767922401428223,1.108322024345398,1.1105038358615342
13,9.667571067810059,-1.0789823532104492,1.1142007112503052,1.1066253966727544
13,9.6883544921875,-1.0810377597808838,1.1199754476547241,1.1027602385946975
13,9.709162712097168,-1.0829460620880127,1.125644326210022,1.0989290813587531
13,9.730010986328125,-1.0847004652023315,1.1312111616134644,1.0951660018348426
13,9.750900268554688,-1.0862936973571777,1.1366746425628662,1.0915169418923047
13,9.771828651428223,-1.0877195596694946,1.1420334577560425,1.0880921190622406
13,9.79279613494873,-1.0889703035354614,1.1472814083099365,1.0849851192848632
13,9.813801765441895,-1.0900421142578125,1.1524161100387573,1.08213848822363
13,9.834843635559082,-1.090933084487915,1.1574361324310303,1.0795784102851411
13,9.85591983795166,-1.0916426181793213,1.1623402833938599,1.0773265586354739
13,9.87702751159668,-1.0921705961227417,1.1671265363693237,1.0754747192718257
13,9.89816665649414,-1.092517375946045,1.1717898845672607,1.0740678288495409
13,9.91933536529541,-1.0926849842071533,1.1763286590576172,1.073021659341199
13,9.940531730651855,-1.0926769971847534,1.1807423830032349,1.0723141201693924
13,9.961752891540527,-1.092497706413269,1.1850303411483765,1.0719383280588102
13,9.982996940612793,-1.0921518802642822,1.1891924142837524,1.0718835928921826
13,10.00426197052002,-1.0916446447372437,1.1932272911071777,1.0722369829769036
13,10.02554702758789,-1.0909817218780518,1.1971333026885986,1.0728926559809406
13,10.046850204467773,-1.0901693105697632,1.200911045074463,1.0738206918664583
13,10.068168640136719,-1.0892142057418823,1.204561710357666,1.0749733928730318
13,10.089502334594727,-1.0881233215332031,1.208086371421814,1.0763199319112362
13,10.11085033416748,-1.086903691291809,1.2114869356155396,1.0778328424253465
13,10.132208824157715,-1.0855627059936523,1.2147648334503174,1.0794855647701807
13,10.153585433959961,-1.0841071605682373,1.2179224491119385,1.0812947302254996
13,10.175042152404785,-1.0825397968292236,1.220969319343567,1.0831914644954976
13,10.196507453918457,-1.0808727741241455,1.2238972187042236,1.0851303084982384
13,10.218301773071289,-1.0790865421295166,1.2267500162124634,1.087083567659999
13,10.240998268127441,-1.0771349668502808,1.229596734046936,1.0890556278358534
13,10.265398979187012,-1.074944019317627,1.2325220108032227,1.091103575255805
13,10.292019844055176,-1.072456955909729,1.2355619668960571,1.0929962234425208
13,10.318649291992188,-1.069880485534668,1.2384527921676636,1.0947146591554933
13,10.347248077392578,-1.0670313835144043,1.2414005994796753,1.0963121978143542
13,10.3758544921875,-1.0641106367111206,1.2441951036453247,1.0973578123292071
13,10.405631065368652,-1.0610111951828003,1.246950626373291,1.0982356333097616
13,10.435855865478516,-1.0578179359436035,1.2495988607406616,1.098488581006196
13,10.466090202331543,-1.054587721824646,1.2521064281463623,1.0983292407200849
13,10.496430397033691,-1.051322102546692,1.2544918060302734,1.0978154744177846
13,10.526778221130371,-1.0480390787124634,1.2567543983459473,1.0966346187407143
13,10.557143211364746,-1.0447452068328857,1.2589040994644165,1.0952608224616516
13,10.587514877319336,-1.0414462089538574,1.260948896408081,1.0934273944349322
13,10.617892265319824,-1.0381453037261963,1.2628957033157349,1.0913434646353102
13,10.648275375366211,-1.0348443984985352,1.2647536993026733,1.0891118573100027
13,10.67866325378418,-1.0315436124801636,1.2665303945541382,1.0865386905793126
13,10.70905590057373,-1.0282423496246338,1.2682331800460815,1.0839511362226326
13,10.73945140838623,-1.0249377489089966,1.2698709964752197,1.0812655134135591
13,10.76984977722168,-1.0216281414031982,1.271450161933899,1.0785870130577622
13,10.800250053405762,-1.0183091163635254,1.272979497909546,1.075943931680517
13,10.830650329589844,-1.0149773359298706,1.274465560913086,1.0733202957083625
13,10.861051559448242,-1.0116292238235474,1.2759149074554443,1.0707678715797744
13,10.891449928283691,-1.0082603693008423,1.277335286140442,1.06827442984817
13,10.92184829711914,-1.0048682689666748,1.2787325382232666,1.0658492920714138
13,10.95224380493164,-1.0014488697052002,1.2801152467727661,1.0634798007594055
13,10.982636451721191,-0.9979996681213379,1.2814913988113403,1.0611887819470747
13,11.013025283813477,-0.9945192933082581,1.2828682661056519,1.0589575150323485
13,11.043410301208496,-0.9910060167312622,1.2842551469802856,1.0567722962153125
13,11.073790550231934,-0.9874595403671265,1.2856577634811401,1.054625717444523
13,11.104166030883789,-0.983879566192627,1.2870838642120361,1.0525033582752874
13,11.13453483581543,-0.9802664518356323,1.2885404825210571,1.0503862807503435
13,11.164898872375488,-0.9766208529472351,1.2900328636169434,1.0482571439289425
13,11.195258140563965,-0.9729434251785278,1.291568398475647,1.0461102750191356
13,11.22560977935791,-0.9692356586456299,1.2931524515151978,1.0438996741264805
13,11.25595760345459,-0.9654992818832397,1.2947911024093628,1.0416469338204184
13,11.286306381225586,-0.9617359042167664,1.2964903116226196,1.0392838952848595
13,11.316648483276367,-0.9579483866691589,1.2982538938522339,1.036826803532441
13,11.34700870513916,-0.9541367888450623,1.30008864402771,1.034284083590762
13,11.377362251281738,-0.9503066539764404,1.3019964694976807,1.0315563713479223
13,11.4077730178833,-0.9464532136917114,1.3039854764938354,1.0287573345149141
13,11.438316345214844,-0.9425709247589111,1.3060643672943115,1.0257787138242844
13,11.468852996826172,-0.9386803507804871,1.3082261085510254,1.0226098997320092
13,11.49963092803955,-0.9347541332244873,1.3104907274246216,1.0192684756280113
13,11.530401229858398,-0.9308264255523682,1.3128412961959839,1.015661326944393
13,11.566418647766113,-0.9262279272079468,1.3157018423080444,1.0111268903829727
13,11.6316556930542,-0.9178990125656128,1.3211658000946045,1.002460909593858
13,11.696866035461426,-0.9096037149429321,1.3269752264022827,0.9929074687130328
13,11.767834663391113,-0.9006360769271851,1.333644986152649,0.9817390072745745
13,11.838785171508789,-0.8917343616485596,1.3405852317810059,0.9695606638012861
13,11.966961860656738,-0.875711977481842,1.3536299467086792,0.9457533965898769
13,12.087170600891113,-0.860388994216919,1.36607027053833,0.9214231328502248
13,12.176539421081543,-0.8486254215240479,1.3752350807189941,0.9026217004784884
13,12.296937942504883,-0.8316647410392761,1.387024998664856,0.875902253063403
13,12.417169570922852,-0.8129759430885315,1.3978615999221802,0.8470722683168699
13,12.537261962890625,-0.7916437983512878,1.4073818922042847,0.817111232733686
13,12.656845092773438,-0.7670972347259521,1.415439486503601,0.7823745598161853
13,12.689309120178223,-0.759753942489624,1.4173775911331177,0.7730562659404783
14,0.8065746426582336,0.24190199375152588,2.223710060119629,1.0020532833346223
14,0.9253571033477783,0.24199602007865906,2.224797248840332,1.0026294115051346
14,1.046261191368103,0.2421061247587204,2.2260379791259766,1.0032501467790953
14,1.1671639680862427,0.2422310709953308,2.227410316467285,1.0039283015595388
14,1.2890909910202026,0.24237242341041565,2.2289252281188965,1.0046264324139356
14,1.4114078283309937,0.24253028631210327,2.230573892593384,1.005352705731615
14,1.5337227582931519,0.24270464479923248,2.232351064682007,1.006092680578248
14,1.6561518907546997,0.24289658665657043,2.234257459640503,1.0068392397126567
14,1.7786047458648682,0.24310694634914398,2.236292839050293,1.007589178268201
14,1.9010553359985352,0.24333664774894714,2.2384583950042725,1.0083310694954242
14,2.0235073566436768,0.24358715116977692,2.2407596111297607,1.0090625900504038
14,2.1459567546844482,0.2438594102859497,2.243201971054077,1.009761627195428
14,2.2684035301208496,0.24415479600429535,2.2457950115203857,1.0104405189316672
14,2.3908462524414062,0.2444744110107422,2.2485551834106445,1.0110618119738581
14,2.5132851600646973,0.24481907486915588,2.251495599746704,1.011637777224136
14,2.635718584060669,0.2451898455619812,2.2546441555023193,1.0121719913274376
14,2.758145570755005,0.2455875128507614,2.2580251693725586,1.0126236223012937
14,2.8805649280548096,0.2460130751132965,2.261671304702759,1.0130459219615602
14,3.00297474861145,0.24646787345409393,2.265627861022949,1.01341188835939
14,3.1253726482391357,0.24695298075675964,2.2699270248413086,1.0137797852718808
14,3.247756004333496,0.24747048318386078,2.274623155593872,1.014155924592761
14,3.370121717453003,0.2480229288339615,2.279751777648926,1.0146508251623012
14,3.492466926574707,0.24861358106136322,2.285344362258911,1.0152616723251344
14,3.6147897243499756,0.24925117194652557,2.291402816772461,1.016072028743713
14,3.7370901107788086,0.24994398653507233,2.29789137840271,1.0172283037000982
14,3.8593525886535645,0.2507087290287018,2.3047056198120117,1.0185349775313297
14,3.9813857078552246,0.251550555229187,2.3116819858551025,1.0199556076567307
14,4.103415489196777,0.2524750828742981,2.318701982498169,1.0212547748785588
14,4.224361419677734,0.2534734904766083,2.3255300521850586,1.0223944448584015
14,4.345319747924805,0.2545601427555084,2.332120895385742,1.0231978417421632
14,4.463054180145264,0.2557150721549988,2.338167667388916,1.0237411221515158
14,4.574476718902588,0.25691595673561096,2.34342098236084,1.0237564400009256
14,4.685922622680664,0.25823867321014404,2.3481240272521973,1.0231200165134735
14,4.788923740386963,0.2595939636230469,2.351862907409668,1.021990232570328
14,4.884056091308594,0.26098114252090454,2.354728937149048,1.020327679426992
14,4.9792022705078125,0.2625215947628021,2.3569846153259277,1.0177303088500558
14,5.06916618347168,0.26414307951927185,2.358531951904297,1.0145876282920105
14,5.156700134277344,0.2658992409706116,2.3594934940338135,1.0108568802798614
14,5.2434492111206055,0.26784104108810425,2.3599395751953125,1.0064575615639761
14,5.330039978027344,0.27001288533210754,2.3599162101745605,1.0013729017355857
14,5.418103218078613,0.2725045084953308,2.359466075897217,0.9955843067268961
14,5.509647846221924,0.27545657753944397,2.3586137294769287,0.9889923098373227
14,5.601173400878906,0.2788469195365906,2.3574345111846924,0.9815834256927782
14,5.696102142333984,0.28291329741477966,2.3559327125549316,0.9732601542124194
14,5.794123649597168,0.287815660238266,2.3541674613952637,0.964119640670258
14,5.894766330718994,0.29373177886009216,2.352229595184326,0.9543606320954453
14,5.9968647956848145,0.30080732703208923,2.350262403488159,0.9441960696106131
14,6.098872184753418,0.3091197609901428,2.348440408706665,0.9343852905478832
14,6.188446998596191,0.3175897002220154,2.3471181392669678,0.9263137395361031
14,6.291666030883789,0.3288336992263794,2.346146821975708,0.9180288362730639
14,6.394698619842529,0.3417111039161682,2.3460073471069336,0.9117324340069006
14,6.497002124786377,0.35611701011657715,2.3469650745391846,0.9074603238525686
14,6.599029064178467,0.3719657361507416,2.349344253540039,0.904866031284776
14,6.701501846313477,0.38902536034584045,2.353543996810913,0.9034317429015908
14,6.803746223449707,0.40678852796554565,2.35986065864563,0.9016082338316621
14,6.828680992126465,0.41117164492607117,2.3617711067199707,0.9011319470788696
14,6.853288173675537,0.41550639271736145,2.363807201385498,0.9006491468280411
14,6.877641677856445,0.4197995364665985,2.365973711013794,0.9000906179422973
14,6.90198278427124,0.42408716678619385,2.3682923316955566,0.8994618957679648
14,6.926288604736328,0.4283585548400879,2.3707642555236816,0.8987978945236325
14,6.950530052185059,0.43260133266448975,2.3733882904052734,0.898057761720842
14,6.974717617034912,0.4368104636669159,2.3761677742004395,0.8971820130374266
14,6.998486518859863,0.44091618061065674,2.3790578842163086,0.8961837961706995
14,7.022242546081543,0.44498294591903687,2.382105827331543,0.8950172122149909
14,7.045823574066162,0.4489775002002716,2.3852901458740234,0.8937167154445509
14,7.069243431091309,0.45289650559425354,2.3886125087738037,0.8923091915577269
14,7.092625617980957,0.45675399899482727,2.392092227935791,0.8907647244513466
14,7.115828037261963,0.4605214297771454,2.395707607269287,0.8890089205277597
14,7.138949871063232,0.46421119570732117,2.3994717597961426,0.8870375012558075
14,7.162056922912598,0.46782976388931274,2.4033937454223633,0.8848437874753037
14,7.18497896194458,0.4713468551635742,2.4074435234069824,0.8824957388656272
14,7.207740306854248,0.4747631549835205,2.411623239517212,0.8800067353727038
14,7.230347633361816,0.47807493805885315,2.415933132171631,0.8773070545913935
14,7.252988338470459,0.48130494356155396,2.420408248901367,0.8743141302705475
14,7.275481700897217,0.48442342877388,2.425011157989502,0.8711545825071231
14,7.2978339195251465,0.48742812871932983,2.4297409057617188,0.8676932979540675
14,7.320167064666748,0.49033161997795105,2.434621810913086,0.8640154572308547
14,7.3423871994018555,0.49311915040016174,2.4396297931671143,0.8599238675206207
14,7.364514350891113,0.4957919716835022,2.444765090942383,0.8555534776906968
14,7.386541843414307,0.4983466565608978,2.4500229358673096,0.8509410756275695
14,7.408475399017334,0.5007815957069397,2.4554009437561035,0.8460585410569704
14,7.430418491363525,0.503102719783783,2.460923194885254,0.8404655390053368
14,7.452363014221191,0.5053070187568665,2.466583013534546,0.8342395982511764
14,7.474219799041748,0.50738525390625,2.4723525047302246,0.8276357431754893
14,7.49600076675415,0.5093411207199097,2.4782278537750244,0.8206487398330274
14,7.517729759216309,0.5111817717552185,2.484206199645996,0.8127700889038411
14,7.539397239685059,0.5129135847091675,2.4902737140655518,0.8044788460911322
14,7.561009883880615,0.5145488977432251,2.4964187145233154,0.7958171705784445
14,7.582576274871826,0.5161049365997314,2.5026235580444336,0.7863100415849233
14,7.604145050048828,0.5176036357879639,2.508878469467163,0.7758202533507172
14,7.625680446624756,0.519069492816925,2.5151467323303223,0.7650958526861756
14,7.647237777709961,0.5205391049385071,2.521423816680908,0.7540653716488775
14,7.668825149536133,0.5220192074775696,2.5277113914489746,0.7418251683106551
14,7.690308094024658,0.523419201374054,2.533978223800659,0.7292923771942492
14,7.711818218231201,0.5245212912559509,2.54022479057312,0.7164691763008312
14,7.733336448669434,0.5248304605484009,2.546367645263672,0.7011796763569359
14,7.754897117614746,0.5234203338623047,2.5524728298187256,0.6828339420670577
14,7.773301124572754,0.5198236107826233,2.5578694343566895,0.6726981624550187
14,7.789150714874268,0.5140764117240906,2.562915325164795,0.6722197814034676
14,7.8080878257751465,0.5039541125297546,2.5694580078125,0.672906176746722
14,7.824082374572754,0.4931030571460724,2.5752477645874023,0.6506621429212539
14,7.838498115539551,0.48262593150138855,2.5802853107452393,0.6187849676070365
14,7.8564019203186035,0.4701765775680542,2.585606098175049,0.5589428502308689
14,7.875295639038086,0.45897558331489563,2.5894827842712402,0.5118624069480504
14,7.887299537658691,0.4529014825820923,2.5909624099731445,0.4908474638238187
14,7.907563209533691,0.44352009892463684,2.592302083969116,0.47843015429907565
14,7.927827835083008,0.4341571629047394,2.5927841663360596,0.4732607235237774
14,7.94621467590332,0.4248203635215759,2.592872381210327,0.47163825103370727
14,7.965507984161377,0.4135230779647827,2.5926661491394043,0.47275990995775646
14,7.983917236328125,0.4008346199989319,2.592045307159424,0.4751605617754262
14,8.001282691955566,0.3867887854576111,2.5908477306365967,0.4777368561125209
14,8.017457008361816,0.37161150574684143,2.5888941287994385,0.4802055700923571
14,8.032447814941406,0.355549156665802,2.58601450920105,0.4809675404991392
14,8.046292304992676,0.33869972825050354,2.5820834636688232,0.4806634642741732
14,8.05900764465332,0.3212622106075287,2.576970338821411,0.4797515155345327
14,8.07046890258789,0.30344510078430176,2.570650100708008,0.4782919693296449
14,8.080636978149414,0.28538453578948975,2.5630831718444824,0.47753054896213987
14,8.089448928833008,0.2671571671962738,2.554243803024292,0.47836369190236805
14,8.096814155578613,0.24894922971725464,2.544180393218994,0.47989107434891715
14,8.102712631225586,0.2307695597410202,2.53287410736084,0.48314986868703613
14,8.107020378112793,0.2128618359565735,2.5204684734344482,0.48822078634806276
14,8.109734535217285,0.19529564678668976,2.5070176124572754,0.494835728597063
14,8.110812187194824,0.17825092375278473,2.4926929473876953,0.5031732250497065
14,8.110272407531738,0.16182993352413177,2.477627992630005,0.513378144709264
14,8.108142852783203,0.14610996842384338,2.4619674682617188,0.5245980930691885
14,8.104476928710938,0.1311488300561905,2.4458541870117188,0.5380691075259177
14,8.099334716796875,0.11698123067617416,2.429429292678833,0.5528480005000459
14,8.092785835266113,0.10361681878566742,2.4128317832946777,0.5689318257991777
14,8.084904670715332,0.0910533145070076,2.3961877822875977,0.5867855065275988
14,8.075784683227539,0.07926595956087112,2.379608631134033,0.6061617287214244
14,8.06547737121582,0.06822482496500015,2.363210678100586,0.6261676761794926
14,8.054075241088867,0.05788698047399521,2.347081422805786,0.6479897060610522
14,8.04163932800293,0.04820912331342697,2.331310749053955,0.6715074068718794
14,8.028231620788574,0.039140839129686356,2.31597900390625,0.6949344986434186
14,8.013910293579102,0.03063242696225643,2.3011577129364014,0.7214253734074882
14,7.998727321624756,0.022633379325270653,2.2869160175323486,0.7482389164484569
14,7.982723236083984,0.015094536356627941,2.273329734802246,0.7770094488067564
14,7.965949058532715,0.007950945757329464,2.2604525089263916,0.8084921624916538
14,7.948423385620117,0.0011645747581496835,2.248375654220581,0.8409374879767187
14,7.930150032043457,-0.005356930661946535,2.237147092819214,0.8789442476975973
14,7.911233425140381,-0.011642240919172764,2.2268917560577393,0.9221169725348864
14,7.891648292541504,-0.017843395471572876,2.217679023742676,0.97575672705668
14,7.871445178985596,-0.024035735055804253,2.209639549255371,1.05016447835662
14,7.850738048553467,-0.03035440668463707,2.202670097351074,1.1509350555986164
14,7.829853057861328,-0.03681155666708946,2.1963844299316406,1.2881196739398808
14,7.807349681854248,-0.04386094585061073,2.1895041465759277,1.4490478312125141
14,7.79071569442749,-0.049120571464300156,2.1839284896850586,1.5660605131909466
14,7.773183345794678,-0.0545990988612175,2.1777639389038086,1.6984911449625604
14,7.750540256500244,-0.061159323900938034,2.169910430908203,1.9744732326813323
14,7.732062816619873,-0.06582818925380707,2.164250135421753,2.432344176488036
14,7.720096111297607,-0.0683869794011116,2.1613128185272217,2.7707719275472567
14,7.7040791511535645,-0.07100146263837814,2.1580328941345215,3.106826384713115
14,7.685007572174072,-0.0726265087723732,2.1548850536346436,3.2942396523051087
14,7.665776252746582,-0.07272741198539734,2.152316093444824,3.2065299341822477
14,7.648360729217529,-0.0721733495593071,2.150426149368286,3.0830510249943783
14,7.623779773712158,-0.07129902392625809,2.1484639644622803,2.875155344311965
14,7.599371910095215,-0.07110805809497833,2.1472508907318115,2.9773890430826326
14,7.575167179107666,-0.07188236713409424,2.146756172180176,3.0696488447315695
14,7.552308559417725,-0.07329259812831879,2.1468918323516846,3.096127845101899
14,7.529808521270752,-0.07514483481645584,2.147557258605957,3.0711840646872868
14,7.507486343383789,-0.07737695425748825,2.1487348079681396,3.0185065386660055
14,7.485340118408203,-0.08003902435302734,2.150419235229492,2.973161497019416
14,7.463348388671875,-0.08319566398859024,2.152590751647949,2.943032882547416
14,7.441508769989014,-0.08688463270664215,2.15521502494812,2.9279563691827817
14,7.419839382171631,-0.09117626398801804,2.158252477645874,2.908346615653452
14,7.39837121963501,-0.09612757712602615,2.1616783142089844,2.895613560187502
14,7.377124786376953,-0.10171138495206833,2.165492534637451,2.8847332540873345
14,7.356095314025879,-0.10786328464746475,2.1696221828460693,2.874684622531357
14,7.335268497467041,-0.1145220398902893,2.173985242843628,2.868036678707636
14,7.314654350280762,-0.12166205793619156,2.178591728210449,2.862757446065196
14,7.294271945953369,-0.1292700171470642,2.183473825454712,2.8557887599616922
14,7.274099826812744,-0.13730256259441376,2.1885428428649902,2.8513997415235544
14,7.254178524017334,-0.14579041302204132,2.1938579082489014,2.8361739202467935
14,7.2345380783081055,-0.1547122746706009,2.1994969844818115,2.8198074076118096
14,7.215145111083984,-0.1639881581068039,2.2054154872894287,2.8058524240049034
14,7.196006774902344,-0.17355993390083313,2.2116808891296387,2.7920997528156715
14,7.1771240234375,-0.18338946998119354,2.2183117866516113,2.7770912263751066
14,7.158502578735352,-0.19347882270812988,2.2252936363220215,2.7465449878226758
14,7.140092849731445,-0.20384839177131653,2.2327075004577637,2.719636209894434
14,7.121791839599609,-0.21455512940883636,2.2405598163604736,2.697423147475727
14,7.103655815124512,-0.22555311024188995,2.248839855194092,2.669161178623264
14,7.085799694061279,-0.23684726655483246,2.25750732421875,2.62846830347951
14,7.068175792694092,-0.2484990954399109,2.2665696144104004,2.6003208459716585
14,7.050805568695068,-0.2605336606502533,2.2759995460510254,2.56312837389275
14,7.033803939819336,-0.27296608686447144,2.2857394218444824,2.5250550859419265
14,7.017137050628662,-0.2858777642250061,2.2957754135131836,2.4954266146029065
14,7.0008649826049805,-0.2992420196533203,2.3060646057128906,2.4601591012427035
14,6.9849982261657715,-0.3131241798400879,2.3165645599365234,2.428935094651908
14,6.969557762145996,-0.3274901211261749,2.327251434326172,2.401601141724326
14,6.954498767852783,-0.34242427349090576,2.3381385803222656,2.3680614866332297
14,6.939956188201904,-0.3577808141708374,2.3491392135620117,2.34192695278916
14,6.9257612228393555,-0.37379190325737,2.3603851795196533,2.303086773369173
14,6.912148475646973,-0.390212744474411,2.3717598915100098,2.2672645014268196
14,6.898895263671875,-0.40739676356315613,2.3834969997406006,2.216907027444821
14,6.886334419250488,-0.4250204265117645,2.395453453063965,2.173991554316808
14,6.874484062194824,-0.4430948495864868,2.407710313796997,2.111352011171222
14,6.863380432128906,-0.4617225229740143,2.42043137550354,2.046289398164901
14,6.853199005126953,-0.48072177171707153,2.4336047172546387,1.9742840393159788
14,6.84401798248291,-0.500099778175354,2.447380304336548,1.905918004500899
14,6.835990905761719,-0.5196971893310547,2.461771011352539,1.8251781559961222
14,6.829251289367676,-0.5394222140312195,2.4768190383911133,1.7497970067790116
14,6.823928356170654,-0.5592885613441467,2.4926133155822754,1.6747150609056896
14,6.820217609405518,-0.5791358351707458,2.509066581726074,1.6011402795629077
14,6.818296909332275,-0.5989633202552795,2.5261809825897217,1.5332856346342019
14,6.818359851837158,-0.6185954213142395,2.5437798500061035,1.471387235280494
14,6.820566177368164,-0.6379295587539673,2.5617198944091797,1.41449661103453
14,6.8250627517700195,-0.6569118499755859,2.5798983573913574,1.368997543630841
14,6.8319549560546875,-0.6753715872764587,2.598153829574585,1.3291522077115507
14,6.841299057006836,-0.6929727792739868,2.6161065101623535,1.2988493089578044
14,6.8530473709106445,-0.7095707058906555,2.6335954666137695,1.273288462665014
14,6.867191791534424,-0.7250382900238037,2.650487184524536,1.2591245115026075
14,6.883596420288086,-0.7392090559005737,2.6666109561920166,1.2506042745045494
14,6.902059078216553,-0.7519623637199402,2.6818175315856934,1.2470063085299066
14,6.922300338745117,-0.7632049918174744,2.695932388305664,1.249008174184908
14,6.944067001342773,-0.7729386687278748,2.708899736404419,1.255743280587902
14,6.9670186042785645,-0.7812052369117737,2.7206430435180664,1.2613501197678267
14,6.991076469421387,-0.7881307005882263,2.7312099933624268,1.2695596187040759
14,7.015951156616211,-0.7937980890274048,2.740569591522217,1.2758692348169995
14,7.041480541229248,-0.7983452081680298,2.7487664222717285,1.2804125666204687
14,7.067441940307617,-0.8018596768379211,2.755801200866699,1.2861925660522182
14,7.0937910079956055,-0.8044657111167908,2.7617247104644775,1.2886644738430888
14,7.120439052581787,-0.8063021302223206,2.7665929794311523,1.287884055263462
14,7.147216320037842,-0.8074541091918945,2.7704384326934814,1.2865285699827465
14,7.174056529998779,-0.8080074191093445,2.7733154296875,1.284035891069323
14,7.200903415679932,-0.8080443143844604,2.7752797603607178,1.2800824957387744
14,7.227713108062744,-0.8076415657997131,2.7763872146606445,1.2745495997444714
14,7.25445032119751,-0.8068690896034241,2.7766928672790527,1.2674787997678412
14,7.281088352203369,-0.8057898879051208,2.776250123977661,1.2590194167743394
14,7.307605743408203,-0.8044592142105103,2.7751100063323975,1.249379460546454
14,7.333986759185791,-0.8029254078865051,2.7733211517333984,1.238789724228408
14,7.360220432281494,-0.8012288808822632,2.7709286212921143,1.2274717895291587
14,7.386297225952148,-0.7994036078453064,2.7679734230041504,1.2155908868719976
14,7.412095546722412,-0.7974898815155029,2.7645132541656494,1.2033336202311131
14,7.437727928161621,-0.7955039739608765,2.760573148727417,1.1908233234036227
14,7.463192462921143,-0.7934643030166626,2.756186008453369,1.1781103864446354
14,7.488574981689453,-0.7913790345191956,2.7513651847839355,1.1652495042219877
14,7.513787746429443,-0.7892692685127258,2.7461533546447754,1.1519907973971713
14,7.538708209991455,-0.7871681451797485,2.7406039237976074,1.1382364357334067
14,7.5634636878967285,-0.7850756049156189,2.7347142696380615,1.1246780338190163
14,7.5880560874938965,-0.7829965949058533,2.728506088256836,1.1112442265440523
14,7.61248779296875,-0.7809348106384277,2.7219977378845215,1.098120759522042
14,7.637192726135254,-0.7788602113723755,2.715085744857788,1.084615648530319
14,7.6613359451293945,-0.7768542170524597,2.7080156803131104,1.0711286852320794
14,7.684869289398193,-0.7749188542366028,2.700831413269043,1.0579763966772755
14,7.7085700035095215,-0.7729891538619995,2.693321466445923,1.0451211063239285
14,7.732137203216553,-0.7711066603660583,2.685593366622925,1.0316062482798476
14,7.755500316619873,-0.7693265676498413,2.6776416301727295,1.0177049015744895
14,7.778684139251709,-0.7677093148231506,2.6693263053894043,1.00379520972622
14,7.80157995223999,-0.7663354277610779,2.6603710651397705,0.9907150863612013
14,7.823793411254883,-0.7653375267982483,2.6502296924591064,0.9818488226966193
14,7.844907760620117,-0.7648464441299438,2.6380515098571777,0.9846641725287326
14,7.864093780517578,-0.7647786140441895,2.6237292289733887,0.9984632530072065
14,7.882551193237305,-0.7647063732147217,2.6074905395507812,1.0041311770552683
14,7.900419235229492,-0.7642343044281006,2.5908045768737793,0.9893086888677142
14,7.9183735847473145,-0.7629173398017883,2.574916362762451,0.9605575561160978
14,7.937107563018799,-0.7604153752326965,2.5603647232055664,0.9297255664923703
14,7.956631660461426,-0.7568193674087524,2.547131299972534,0.907081634729601
14,7.976485252380371,-0.7526038885116577,2.5345842838287354,0.8881305310683726
14,7.995014190673828,-0.748455286026001,2.5229010581970215,0.8716227086107214
14,8.014725685119629,-0.7439919114112854,2.510031223297119,0.8554205528339256
14,8.0341215133667,-0.73964524269104,2.496652364730835,0.8406713406935458
14,8.052979469299316,-0.7355372309684753,2.482720375061035,0.8282519896866373
14,8.071310043334961,-0.7316932678222656,2.468092679977417,0.8186459505539354
14,8.089003562927246,-0.7281027436256409,2.452807903289795,0.8123682278872952
14,8.106103897094727,-0.7246698141098022,2.436880111694336,0.8072078997025408
14,8.122329711914062,-0.7213028073310852,2.420789957046509,0.802383493698925
14,8.138315200805664,-0.7177243232727051,2.40417218208313,0.7958745950270834
14,8.15397834777832,-0.71383136510849,2.387319564819336,0.7878791792512121
14,8.169329643249512,-0.7095228433609009,2.3704545497894287,0.7782186362243372
14,8.1844482421875,-0.7047408819198608,2.353632688522339,0.7670172302948396
14,8.199406623840332,-0.6994650959968567,2.3368537425994873,0.7554293722030488
14,8.214067459106445,-0.6938062310218811,2.3202428817749023,0.743556188216629
14,8.228485107421875,-0.6878228783607483,2.303642749786377,0.7324557230811127
14,8.242630958557129,-0.681609570980072,2.2869274616241455,0.722696940229656
14,8.256423950195312,-0.6752504706382751,2.2700753211975098,0.7143206615775122
14,8.269845008850098,-0.6687771677970886,2.2530033588409424,0.7065193008086682
14,8.282792091369629,-0.6622302532196045,2.235812187194824,0.6996270141548195
14,8.29529857635498,-0.6555668711662292,2.2184596061706543,0.693402648047862
14,8.307413101196289,-0.6487310528755188,2.200897216796875,0.6873718881244398
14,8.319073677062988,-0.6417173743247986,2.1832456588745117,0.6811981370550809
14,8.330366134643555,-0.634451150894165,2.1654019355773926,0.675326591109152
14,8.341259956359863,-0.6269320249557495,2.147426128387451,0.6698082908882592
14,8.35175609588623,-0.6191534996032715,2.129323959350586,0.6643405027711258
14,8.36181926727295,-0.6111375093460083,2.1111485958099365,0.6593437382789799
14,8.371488571166992,-0.6028618216514587,2.0928232669830322,0.6550165301912632
14,8.38071060180664,-0.5943815112113953,2.074428081512451,0.6511582593277048
14,8.389498710632324,-0.5856925249099731,2.055919647216797,0.6478977282564453
14,8.397833824157715,-0.5768301486968994,2.037332773208618,0.6455686139698998
14,8.405735969543457,-0.5677868723869324,2.018608808517456,0.6436953942378613
14,8.413176536560059,-0.5586074590682983,1.999813437461853,0.6425167356391402
14,8.420177459716797,-0.5492921471595764,1.9809176921844482,0.6421726076583998
14,8.426713943481445,-0.5398999452590942,1.962012529373169,0.6423144919316421
14,8.43282699584961,-0.5304014086723328,1.943019151687622,0.6429997669465464
14,8.438533782958984,-0.5208084583282471,1.9239468574523926,0.6441736171508936
14,8.443840026855469,-0.5111480355262756,1.904833436012268,0.6458092080720186
14,8.448761940002441,-0.5014423131942749,1.8857146501541138,0.6478545736979311
14,8.453336715698242,-0.49166974425315857,1.8665437698364258,0.6499445861855391
14,8.45758056640625,-0.4818499982357025,1.8473572731018066,0.6522154213837577
14,8.461526870727539,-0.47196969389915466,1.8281372785568237,0.6546166501271684
14,8.465218544006348,-0.46197617053985596,1.8087884187698364,0.6570171381329131
14,8.468656539916992,-0.45192012190818787,1.789425015449524,0.6591943939393929
14,8.471867561340332,-0.4417969882488251,1.7700575590133667,0.6610136364678323
14,8.474852561950684,-0.4316932260990143,1.750870704650879,0.6625775074463203
14,8.477662086486816,-0.42150944471359253,1.7316982746124268,0.6638374111250995
14,8.480317115783691,-0.41124939918518066,1.7125709056854248,0.6643325857085689
14,8.48283863067627,-0.4008929133415222,1.6934775114059448,0.6644106654139913
14,8.485246658325195,-0.39042919874191284,1.674426794052124,0.6636677182018328
14,8.487550735473633,-0.37989649176597595,1.6555166244506836,0.6625371320850643
14,8.489775657653809,-0.3692361116409302,1.6366668939590454,0.6604478766925456
14,8.491938591003418,-0.3584470748901367,1.6179077625274658,0.6574590108765018
14,8.494053840637207,-0.34750866889953613,1.599227786064148,0.6539661508594001
14,8.496004104614258,-0.337133526802063,1.5818380117416382,0.6499006671644274
15,0.7116706371307373,-0.42399704456329346,0.9897816181182861,1.0119284696699629
15,0.8304517269134521,-0.4240398108959198,0.9924453496932983,1.0146277247202806
15,0.9492282867431641,-0.4240877330303192,0.9953031539916992,1.0171679188512188
15,1.070113182067871,-0.4241413474082947,0.9983508586883545,1.0196183338255473
15,1.1920133829116821,-0.42419958114624023,1.0015207529067993,1.0216624125957023
15,1.31391179561615,-0.42426201701164246,1.0047640800476074,1.0233557921337249
15,1.436195731163025,-0.4243311583995819,1.008090853691101,1.0247390596235149
15,1.5584770441055298,-0.4244084656238556,1.011512041091919,1.0257142863246005
15,1.6808695793151855,-0.4244959354400635,1.0150620937347412,1.026626191823606
15,1.8032829761505127,-0.4245942234992981,1.0187650918960571,1.0274958794151063
15,1.9256912469863892,-0.42470356822013855,1.0226361751556396,1.0284421059980031
15,2.0480973720550537,-0.42482367157936096,1.0266960859298706,1.0294332280154297
15,2.170496940612793,-0.4249534606933594,1.0309433937072754,1.0306433555720256
15,2.292890787124634,-0.42509180307388306,1.0353730916976929,1.0318939895351686
15,2.415278434753418,-0.4252382516860962,1.0399668216705322,1.0332170369796239
15,2.5376601219177246,-0.42539310455322266,1.044718623161316,1.0344646947255807
15,2.6600358486175537,-0.4255577623844147,1.0496271848678589,1.0356453949673485
15,2.782404899597168,-0.4257335066795349,1.0547049045562744,1.0366116695960417
15,2.9047658443450928,-0.425921231508255,1.0599656105041504,1.0374377338736243
15,3.0271174907684326,-0.42612117528915405,1.0654442310333252,1.0380946917042229
15,3.1494572162628174,-0.42633241415023804,1.0711811780929565,1.0384203591467913
15,3.2717814445495605,-0.4265531301498413,1.0772439241409302,1.0386166553766256
15,3.3940818309783936,-0.4267810583114624,1.0837639570236206,1.0385832629393317
15,3.516350507736206,-0.4270155429840088,1.0908544063568115,1.0385623773863464
15,3.6385703086853027,-0.42725858092308044,1.0987383127212524,1.0385666959073971
15,3.7607336044311523,-0.42751479148864746,1.107454538345337,1.0384062066745672
15,3.8828158378601074,-0.4277903139591217,1.1169880628585815,1.0382476171507005
15,4.004642486572266,-0.42808395624160767,1.1269687414169312,1.037917002257731
15,4.12645149230957,-0.4283951222896576,1.1371657848358154,1.0373879989213566
15,4.247186183929443,-0.4287164509296417,1.147089958190918,1.0367373196335683
15,4.364718437194824,-0.42904478311538696,1.156326174736023,1.035193686627293
15,4.482301235198975,-0.4293931722640991,1.1648976802825928,1.0331653317718459
15,4.593624591827393,-0.42974990606307983,1.172032117843628,1.0305356363796885
15,4.705019950866699,-0.430140882730484,1.1779398918151855,1.0265666480404632
15,4.808015823364258,-0.43054255843162537,1.1820000410079956,1.0221364309675578
15,4.903171539306641,-0.4309583008289337,1.184309720993042,1.0172653523418447
15,4.993655681610107,-0.43140295147895813,1.1850539445877075,1.0118690631632667
15,5.084138870239258,-0.4319046139717102,1.1842833757400513,1.0058576341784775
15,5.174488067626953,-0.43247130513191223,1.1819663047790527,0.9995413903865619
15,5.2669596672058105,-0.4331292510032654,1.1780091524124146,0.9928643796399521
15,5.361972332000732,-0.4338989853858948,1.1723277568817139,0.985918585813415
15,5.459390163421631,-0.43480050563812256,1.1648881435394287,0.9788780418078188
15,5.558846473693848,-0.4358549416065216,1.15570867061615,0.9719097313978581
15,5.659468650817871,-0.43708011507987976,1.1448966264724731,0.9652335666141297
15,5.761416912078857,-0.43850839138031006,1.1324650049209595,0.9594168031600555
15,5.864156723022461,-0.44016894698143005,1.1184746026992798,0.9547729381009888
15,5.96714448928833,-0.442095547914505,1.1029653549194336,0.9515882429735999
15,6.069855213165283,-0.444330632686615,1.0859578847885132,0.9501670687993103
15,6.1722869873046875,-0.4469353258609772,1.0673935413360596,0.9507226035732049
15,6.273194789886475,-0.44993945956230164,1.0474923849105835,0.9535437594377434
15,6.372550964355469,-0.45341262221336365,1.0262372493743896,0.958856182438828
15,6.471611499786377,-0.4574829041957855,1.0033442974090576,0.9669104629327155
15,6.569120407104492,-0.4622017741203308,0.9791017174720764,0.9769535005316087
15,6.663502216339111,-0.4675510823726654,0.9540551900863647,0.991654496608777
15,6.756787300109863,-0.47369322180747986,0.92768394947052,1.0096103169563295
15,6.779911994934082,-0.4753499925136566,0.9209063649177551,1.0146950797098773
15,6.803134441375732,-0.4770708978176117,0.9140097498893738,1.0200673849826183
15,6.826099872589111,-0.4788300096988678,0.9071065187454224,1.0256230624962244
15,6.84889554977417,-0.4806326627731323,0.9001816511154175,1.0313404050475388
15,6.871444225311279,-0.4824711084365845,0.8932713866233826,1.0371283943638383
15,6.8939080238342285,-0.4843568801879883,0.8863380551338196,1.0430843197506747
15,6.916301727294922,-0.48628997802734375,0.879387378692627,1.0492193648272254
15,6.938615798950195,-0.48826780915260315,0.8724333643913269,1.0554568264149844
15,6.960961818695068,-0.49029847979545593,0.8654539585113525,1.0617686061448108
15,6.98310661315918,-0.4923593997955322,0.858532190322876,1.0682394446806185
15,7.0051445960998535,-0.49445685744285583,0.8516491651535034,1.074819943535673
15,7.027306079864502,-0.4966101050376892,0.8447440266609192,1.0815773065313632
15,7.049252986907959,-0.4987848401069641,0.8379329442977905,1.0882869298136626
15,7.071135997772217,-0.5009936094284058,0.8311789035797119,1.0951276615434002
15,7.093050956726074,-0.5032438635826111,0.8244621157646179,1.102130843224764
15,7.114978313446045,-0.5055314302444458,0.8177981376647949,1.1092127740772197
15,7.137035369873047,-0.5078675746917725,0.8111611604690552,1.1163071021108864
15,7.158961296081543,-0.5102248191833496,0.8046383857727051,1.123433005166114
15,7.180881977081299,-0.5126158595085144,0.798199474811554,1.130612456438896
15,7.2031168937683105,-0.5150750279426575,0.7917599678039551,1.1379378916914307
15,7.2257890701293945,-0.5176149010658264,0.7852959632873535,1.1452780568673702
15,7.248362064361572,-0.5201777815818787,0.7789676189422607,1.1524159214999328
15,7.270841598510742,-0.5227648615837097,0.7727753520011902,1.1594129664035742
15,7.293344974517822,-0.5253897309303284,0.7666879296302795,1.1662490570329882
15,7.31587553024292,-0.5280520915985107,0.7607051730155945,1.1728669353621393
15,7.338315010070801,-0.5307374000549316,0.7548559308052063,1.178990717342906
15,7.360660076141357,-0.5334451794624329,0.7491357922554016,1.1847419285223566
15,7.3829169273376465,-0.536172091960907,0.7435399889945984,1.190289299155098
15,7.405087947845459,-0.5389121174812317,0.738064706325531,1.1956500056067807
15,7.427177429199219,-0.541656494140625,0.7327056527137756,1.200789195012679
15,7.449287414550781,-0.5444062352180481,0.7274355292320251,1.2056826865710932
15,7.471320152282715,-0.5471368432044983,0.7222763299942017,1.2102278947014753
15,7.493284702301025,-0.5498344898223877,0.7172268033027649,1.2146533608234271
15,7.515190124511719,-0.552483856678009,0.7122910618782043,1.219028783177967
15,7.537191867828369,-0.555088460445404,0.707447350025177,1.2234550121383454
15,7.559158802032471,-0.5576199889183044,0.7027432322502136,1.227982403323459
15,7.58110237121582,-0.5600717663764954,0.6981980800628662,1.232696609756573
15,7.603041172027588,-0.5624434351921082,0.6938323974609375,1.2376164523336768
15,7.62502384185791,-0.5647438764572144,0.6896603107452393,1.2429307043992204
15,7.646983623504639,-0.5669729113578796,0.6857150793075562,1.2486680243706512
15,7.668946743011475,-0.5691438913345337,0.6820057034492493,1.2548260335582557
15,7.690922737121582,-0.5712711811065674,0.678537905216217,1.261347218761012
15,7.712918281555176,-0.5733685493469238,0.6753095388412476,1.2681261826178314
15,7.734936714172363,-0.5754483342170715,0.6723116040229797,1.2750256695673283
15,7.7570905685424805,-0.5775304436683655,0.6695160865783691,1.2819339402226868
15,7.779242515563965,-0.5796084403991699,0.6669225096702576,1.2886251429295348
15,7.8014092445373535,-0.5816876292228699,0.6645070314407349,1.2949127949943013
15,7.823592185974121,-0.5837693810462952,0.6622474789619446,1.300699263151946
15,7.845755577087402,-0.5858497023582458,0.6601266860961914,1.3059398468486922
15,7.867865562438965,-0.5879241824150085,0.6581289172172546,1.3105699496008536
15,7.88998556137085,-0.5899967551231384,0.6562326550483704,1.314699646352789
15,7.912112712860107,-0.5920652747154236,0.6544263958930969,1.3183656775700325
15,7.9342474937438965,-0.5941280722618103,0.6527011394500732,1.3216132939906402
15,7.956388473510742,-0.596184253692627,0.6510504484176636,1.3244890506612976
15,7.978535175323486,-0.5982335209846497,0.6494696140289307,1.3270370492569081
15,8.000686645507812,-0.6002763509750366,0.6479549407958984,1.3292765588470536
15,8.022843360900879,-0.6023131608963013,0.6465033292770386,1.331276708427282
15,8.045004844665527,-0.6043450236320496,0.6451119780540466,1.333051917793077
15,8.067170143127441,-0.6063735485076904,0.6437777876853943,1.334615465415302
15,8.089337348937988,-0.6084006428718567,0.6424969434738159,1.3359818408830784
15,8.1115083694458,-0.610428512096405,0.6412650346755981,1.3371746561615834
15,8.133681297302246,-0.6124597191810608,0.6400761008262634,1.338237837377179
15,8.155855178833008,-0.6144972443580627,0.6389233469963074,1.3392402099502065
15,8.178030014038086,-0.6165439486503601,0.637800931930542,1.3402631085884387
15,8.200204849243164,-0.6186014413833618,0.6367080807685852,1.3413151126501224
15,8.222380638122559,-0.6206703186035156,0.6356489658355713,1.3422333413123162
15,8.24455738067627,-0.6227505803108215,0.634629487991333,1.3428795029634382
15,8.266735076904297,-0.6248424649238586,0.6336538195610046,1.3431862877968361
15,8.28891372680664,-0.6269463300704956,0.6327211856842041,1.3431642034715205
15,8.311092376708984,-0.6290627121925354,0.6318235993385315,1.3428528950789125
15,8.333270072937012,-0.6311922073364258,0.6309487819671631,1.3423338179874156
15,8.355447769165039,-0.633334755897522,0.6300862431526184,1.3417250243183447
15,8.37762451171875,-0.6354894042015076,0.6292275190353394,1.341127108030286
15,8.399799346923828,-0.6376548409461975,0.6283661723136902,1.3405179472439919
15,8.42197322845459,-0.639830470085144,0.6274956464767456,1.3399284257779853
15,8.444145202636719,-0.642017126083374,0.626604437828064,1.3394747821741784
15,8.466314315795898,-0.6442175507545471,0.6256710886955261,1.3392773377929383
15,8.488471031188965,-0.646432638168335,0.6246654391288757,1.3391293911439144
15,8.510590553283691,-0.6486583352088928,0.6235710978507996,1.3383684671543037
15,8.532641410827637,-0.650886595249176,0.6224150657653809,1.336252127203227
15,8.554609298706055,-0.6531086564064026,0.6212562322616577,1.3326635013607067
15,8.576491355895996,-0.6553170084953308,0.6201568245887756,1.3280164900827898
15,8.598285675048828,-0.6575052738189697,0.6191683411598206,1.322511015859763
15,8.620088577270508,-0.6596773862838745,0.6183258295059204,1.3165286600798076
15,8.641800880432129,-0.6618196964263916,0.6176584959030151,1.3105394695583978
15,8.663440704345703,-0.6639317870140076,0.6171761751174927,1.3048696895484577
15,8.685052871704102,-0.666017472743988,0.6168639063835144,1.2994361864399204
15,8.70665454864502,-0.6680799722671509,0.6166899800300598,1.2938278855349337
15,8.72823715209961,-0.6701231598854065,0.6166306734085083,1.287692817132279
15,8.749795913696289,-0.672150731086731,0.6166837811470032,1.281074407765949
15,8.771324157714844,-0.6741645932197571,0.6168639659881592,1.2744019431948699
15,8.792817115783691,-0.6761656403541565,0.6171906590461731,1.2682592647799673
15,8.81419849395752,-0.6781471371650696,0.6176736950874329,1.2630269090362682
15,8.835524559020996,-0.6801115870475769,0.6183116436004639,1.2586642326308943
15,8.856828689575195,-0.6820567846298218,0.6190922260284424,1.254830751495664
15,8.878074645996094,-0.6839720606803894,0.6199946999549866,1.2511648329274623
15,8.899259567260742,-0.6858497858047485,0.6210001111030579,1.2472730903764224
15,8.920382499694824,-0.6876838803291321,0.6220963001251221,1.2428933745328532
15,8.941442489624023,-0.6894691586494446,0.6232807040214539,1.2378745756274887
15,8.962437629699707,-0.6912003755569458,0.6245588064193726,1.2321670603521355
15,8.983383178710938,-0.6928737163543701,0.6259427070617676,1.2258040113197834
15,9.004312515258789,-0.6944862604141235,0.6274494528770447,1.2188422929251932
15,9.025223731994629,-0.6960312128067017,0.6290978193283081,1.2113544562328793
15,9.046116828918457,-0.6974999308586121,0.6309105753898621,1.2033958298137875
15,9.066987991333008,-0.6988809108734131,0.6329145431518555,1.1950969600082653
15,9.087834358215332,-0.700160562992096,0.6351398229598999,1.1866643625039506
15,9.109158515930176,-0.7013482451438904,0.63768470287323,1.1781247675077908
15,9.130467414855957,-0.7024009823799133,0.6405337452888489,1.1701777996813278
15,9.15132999420166,-0.7032972574234009,0.6436470150947571,1.1631099093427777
15,9.172029495239258,-0.7040559649467468,0.6470758318901062,1.1569780418576696
15,9.192670822143555,-0.7046881914138794,0.6508542895317078,1.1518952790139707
15,9.213303565979004,-0.7052086591720581,0.6550044417381287,1.1480785969215859
15,9.233865737915039,-0.7056337594985962,0.6595189571380615,1.145777203955542
15,9.254351615905762,-0.7059861421585083,0.6643927097320557,1.14500649738052
15,9.274758338928223,-0.7062913179397583,0.6696134209632874,1.1458325113422871
15,9.295086860656738,-0.7065778374671936,0.675154447555542,1.1482757317528425
15,9.315343856811523,-0.7068771719932556,0.6809791326522827,1.1524505126964069
15,9.335536003112793,-0.7072231769561768,0.68705153465271,1.1584748936023688
15,9.355728149414062,-0.7076568007469177,0.6933490633964539,1.1660751673827379
15,9.375883102416992,-0.7082119584083557,0.6997906565666199,1.1745759909298494
15,9.396027565002441,-0.7089157700538635,0.706287145614624,1.1833579694096021
15,9.416189193725586,-0.7097902894020081,0.7127485275268555,1.1920338382635294
15,9.43638801574707,-0.7108554244041443,0.7191037535667419,1.2004623867394368
15,9.45663833618164,-0.7121306657791138,0.7252992987632751,1.2083137785802365
15,9.476984977722168,-0.7136359810829163,0.7313084602355957,1.2155290472518085
15,9.497392654418945,-0.7153797149658203,0.7370924949645996,1.2220458020670484
15,9.517858505249023,-0.7173670530319214,0.7426366209983826,1.2277334784052178
15,9.538394927978516,-0.7195995450019836,0.7479403614997864,1.2324330091385254
15,9.558980941772461,-0.7220703959465027,0.7530044317245483,1.2361086093730507
15,9.579610824584961,-0.7247699499130249,0.7578415870666504,1.2384876027135587
15,9.600303649902344,-0.727688193321228,0.7624784111976624,1.2393651273481676
15,9.621047019958496,-0.7308090329170227,0.7669354677200317,1.2390797105389382
15,9.64181137084961,-0.7341115474700928,0.7712327241897583,1.2376647575985307
15,9.66259479522705,-0.737576425075531,0.7753970623016357,1.2351771087782892
15,9.683392524719238,-0.7411830425262451,0.7794556021690369,1.2316466725628832
15,9.704185485839844,-0.7449063658714294,0.7834323048591614,1.227188019542307
15,9.724989891052246,-0.7487266063690186,0.7873566150665283,1.221937944798457
15,9.745804786682129,-0.7526195049285889,0.7912537455558777,1.2156351707913848
15,9.766655921936035,-0.7565636038780212,0.7951524257659912,1.2087184969401585
15,9.787516593933105,-0.7605308294296265,0.799066424369812,1.201537316566476
15,9.808388710021973,-0.7645002603530884,0.8030104041099548,1.1942206190186488
15,9.829276084899902,-0.7684521675109863,0.8069968223571777,1.1868667016222354
15,9.85018253326416,-0.7723686099052429,0.8110367059707642,1.1795466941263604
15,9.871088027954102,-0.7762283086776733,0.8151338696479797,1.17234939871748
15,9.891995429992676,-0.7800130248069763,0.8192949295043945,1.1649397930980456
15,9.912904739379883,-0.7837066650390625,0.8235236406326294,1.157852128937954
15,9.933818817138672,-0.787296712398529,0.8278212547302246,1.151134696485478
15,9.954737663269043,-0.7907726168632507,0.8321868777275085,1.1448268574062317
15,9.975663185119629,-0.7941263318061829,0.8366179466247559,1.138957652215089
15,9.99659538269043,-0.797351062297821,0.8411099910736084,1.133541714254579
15,10.017537117004395,-0.8004396557807922,0.8456559777259827,1.1284266986712421
15,10.038488388061523,-0.8033877611160278,0.8502487540245056,1.1238139787667027
15,10.05945110321045,-0.8061937093734741,0.8548803925514221,1.1196752135774943
15,10.080425262451172,-0.8088569045066833,0.8595418334007263,1.115992908459287
15,10.101412773132324,-0.8113779425621033,0.8642237186431885,1.1127461331874131
15,10.122414588928223,-0.8137564063072205,0.8689150810241699,1.1098289361416294
15,10.1434326171875,-0.8159914612770081,0.8736046552658081,1.1072804299613597
15,10.164474487304688,-0.8180856108665466,0.8782842755317688,1.1050854392618197
15,10.185604095458984,-0.8200463652610779,0.8829574584960938,1.1032207020751377
15,10.207067489624023,-0.8218948245048523,0.8876681327819824,1.1016520411305504
15,10.229435920715332,-0.823670506477356,0.8925266861915588,1.1003133557288025
15,10.251827239990234,-0.8252955675125122,0.8973273634910583,1.0992121299109079
15,10.275918960571289,-0.8268787860870361,0.9024119973182678,1.0983236590873613
15,10.302226066589355,-0.8284204602241516,0.9078570008277893,1.097679023139045
15,10.328566551208496,-0.8297750949859619,0.9131877422332764,1.0972542366699733
15,10.356884956359863,-0.8310272693634033,0.9187711477279663,1.0971571239248097
15,10.386394500732422,-0.8321110606193542,0.924411416053772,1.0972627762437
15,10.415946006774902,-0.832977831363678,0.9298703074455261,1.0976463450019223
15,10.445975303649902,-0.8336448669433594,0.9352133870124817,1.0983347583343814
15,10.476044654846191,-0.8341050744056702,0.9403530955314636,1.0990808876593146
15,10.506250381469727,-0.8343642950057983,0.9452975988388062,1.1000902038444373
15,10.536500930786133,-0.8344281315803528,0.9500276446342468,1.101088556780384
15,10.566784858703613,-0.8343048095703125,0.9545415639877319,1.1021610080231148
15,10.597099304199219,-0.8340057730674744,0.9588407278060913,1.1033338765993346
15,10.627439498901367,-0.833540678024292,0.9629287719726562,1.104293945692798
15,10.657804489135742,-0.8329201936721802,0.9668099284172058,1.1053074460232282
15,10.688191413879395,-0.8321546912193298,0.9704902768135071,1.1060793700270055
15,10.718597412109375,-0.8312543034553528,0.9739763736724854,1.1066636740158373
15,10.74902057647705,-0.830233633518219,0.9772787094116211,1.1071712220057515
15,10.779458045959473,-0.829104483127594,0.9804070591926575,1.1071761732883163
15,10.809908866882324,-0.8278790712356567,0.9833717942237854,1.107061807597082
15,10.84036922454834,-0.8265711069107056,0.9861865043640137,1.1065859121837405
15,10.870840072631836,-0.8251899480819702,0.9888603091239929,1.1057412436573135
15,10.901317596435547,-0.8237480521202087,0.9914078712463379,1.1046888388702554
15,10.931802749633789,-0.8222541809082031,0.9938409328460693,1.103077152978454
15,10.962294578552246,-0.8207162618637085,0.9961705803871155,1.1012974810278995
15,10.992790222167969,-0.8191430568695068,0.9984120726585388,1.0992393070893443
15,11.023290634155273,-0.8175397515296936,1.0005749464035034,1.0968861491038011
15,11.053793907165527,-0.8159124255180359,1.0026732683181763,1.0944148984080175
15,11.084299087524414,-0.8142651319503784,1.0047193765640259,1.0916818905623795
15,11.11480712890625,-0.8126007318496704,1.006722092628479,1.0888554983861891
15,11.145316123962402,-0.8109219074249268,1.0086932182312012,1.0859240833062485
15,11.175825119018555,-0.8092300891876221,1.0106397867202759,1.0828793470152986
15,11.20633602142334,-0.8075265288352966,1.0125699043273926,1.0797975578499313
15,11.236847877502441,-0.8058120012283325,1.0144903659820557,1.0766505449329773
15,11.267359733581543,-0.8040871620178223,1.016405701637268,1.0734477414810164
15,11.297879219055176,-0.8023514747619629,1.0183218717575073,1.0702139891562217
15,11.328397750854492,-0.8006057739257812,1.0202418565750122,1.0669698966106995
15,11.358940124511719,-0.7988491654396057,1.0221703052520752,1.0637213132505539
15,11.389546394348145,-0.79707932472229,1.024112582206726,1.060463996696592
15,11.420150756835938,-0.7953003644943237,1.0260659456253052,1.0572160132189243
15,11.450894355773926,-0.7935041785240173,1.0280404090881348,1.053952851421667
15,11.481636047363281,-0.7916988730430603,1.0300267934799194,1.0506279120857336
15,11.512626647949219,-0.7898697257041931,1.0320407152175903,1.0472567474056138
15,11.548908233642578,-0.7877158522605896,1.0344116687774658,1.043273571921475
15,11.585187911987305,-0.7855510115623474,1.0367928743362427,1.0392719674109394
15,11.650918960571289,-0.7815843820571899,1.0411207675933838,1.032047971515317
15,11.716647148132324,-0.7775546908378601,1.0454347133636475,1.0245125328747429
15,11.788199424743652,-0.7730807662010193,1.0500773191452026,1.0161457885988865
15,11.917506217956543,-0.7646502256393433,1.0581367015838623,1.000496961491573
15,12.0468111038208,-0.7556307911872864,1.0655627250671387,0.9836624407449672
15,12.168123245239258,-0.7463707327842712,1.0716629028320312,0.9672303487282092
15,12.289731979370117,-0.7359392046928406,1.0766770839691162,0.9489493751029535
15,12.37642765045166,-0.7276231050491333,1.0794597864151,0.935507777924795
15,12.498006820678711,-0.7142016291618347,1.0820121765136719,0.9152186598477455
15,12.576104164123535,-0.7043363451957703,1.082744836807251,0.9017722631703287
16,0.7002829909324646,0.5355280041694641,0.42593324184417725,1.0441732332853226
16,0.8246459364891052,0.5356289744377136,0.4313482642173767,1.0515897720089564
16,0.949008047580719,0.535751223564148,0.43678268790245056,1.0582673065044064
16,1.0732617378234863,0.5358951091766357,0.4419298768043518,1.0639879009930886
16,1.195334792137146,0.5360592603683472,0.4465818703174591,1.0663187843326554
16,1.317423701286316,0.5362474322319031,0.4507979154586792,1.0662856356184376
16,1.4396419525146484,0.5364624857902527,0.4546850323677063,1.0644029049089947
16,1.5618654489517212,0.5367045402526855,0.45840564370155334,1.06072978752202
16,1.6841219663619995,0.5369731187820435,0.46217358112335205,1.0570989538748492
16,1.806377649307251,0.5372672080993652,0.4662034511566162,1.0537490823121225
16,1.9286209344863892,0.5375859141349792,0.47059366106987,1.0516601583164562
16,2.050848960876465,0.5379269123077393,0.4754185676574707,1.050384521037579
16,2.1730635166168213,0.5382946729660034,0.48057520389556885,1.0504265953881284
16,2.2952682971954346,0.538693368434906,0.485957533121109,1.0504159552339385
16,2.417465925216675,0.5391250848770142,0.49149346351623535,1.0501928405391359
16,2.539656400680542,0.5395927429199219,0.4971875548362732,1.0494876910963096
16,2.6618361473083496,0.5401015877723694,0.5030993819236755,1.0489390487151362
16,2.784010171890259,0.5406556129455566,0.5091253519058228,1.0485724579150049
16,2.906182050704956,0.5412561297416687,0.5151911377906799,1.0478284029833658
16,3.028355598449707,0.5418958067893982,0.5212184190750122,1.0465819157704281
16,3.150526285171509,0.5425689220428467,0.5273033976554871,1.0438855375918872
16,3.27268385887146,0.5432676076889038,0.5336413979530334,1.041384211491302
16,3.3948190212249756,0.5439960956573486,0.5403935313224792,1.0387542975231157
16,3.5169260501861572,0.5447587966918945,0.5476326942443848,1.0330241031230618
16,3.6390819549560547,0.5455636978149414,0.5553256869316101,1.0269260901997657
16,3.761209487915039,0.5464038848876953,0.563457727432251,1.017959613307413
16,3.883291721343994,0.5472701191902161,0.5720038414001465,1.0086264892062868
16,4.005167484283447,0.5481461882591248,0.5808029770851135,0.9974820302677605
16,4.127035617828369,0.549037516117096,0.5897080898284912,0.9857880682222933
16,4.247949123382568,0.5499621629714966,0.5982333421707153,0.974131621065379
16,4.365858554840088,0.5509588122367859,0.6059103608131409,0.9626497659011676
16,4.483827114105225,0.5521062016487122,0.6125941872596741,0.9516358026922608
16,4.595670700073242,0.5533933043479919,0.6175763010978699,0.9412217660219699
16,4.7075724601745605,0.5549173355102539,0.6209028959274292,0.9308769362171432
16,4.810969829559326,0.5565842390060425,0.6221694350242615,0.9205384310884486
16,4.90816593170166,0.5584362149238586,0.6215676665306091,0.9101305456873473
16,5.003766059875488,0.5605827569961548,0.6192300319671631,0.899391789846274
16,5.099301815032959,0.563097357749939,0.6152226328849792,0.8893315135411108
16,5.195188522338867,0.5660302639007568,0.6096842885017395,0.8802018418591416
16,5.290983200073242,0.569387674331665,0.6029137372970581,0.8723051191641855
16,5.37846040725708,0.5728213787078857,0.5959258675575256,0.8661969516885595
16,5.479808330535889,0.5771996974945068,0.5872140526771545,0.8613276663146275
16,5.581110954284668,0.581952691078186,0.5781753063201904,0.8589038264434782
16,5.683627605438232,0.5871008634567261,0.568977415561676,0.8568713030012246
16,5.786147594451904,0.5925782918930054,0.5599090456962585,0.8576244616842609
16,5.8884687423706055,0.5983845591545105,0.551060140132904,0.8616096774692898
16,5.990001678466797,0.6045266389846802,0.5424834489822388,0.8684585572043982
16,6.091522693634033,0.6110953092575073,0.5340847373008728,0.8779959815984065
16,6.1917219161987305,0.61803138256073,0.5259106159210205,0.8898273293865128
16,6.29016637802124,0.6252908706665039,0.5178931355476379,0.9036125844489711
16,6.386765480041504,0.6328300833702087,0.5099849104881287,0.9193806094943596
16,6.481520175933838,0.6405991315841675,0.5021677613258362,0.9375150565339286
16,6.574795246124268,0.6485653519630432,0.4943665564060211,0.9577226697513721
16,6.668026447296143,0.656790018081665,0.4863085150718689,0.9825089102741037
16,6.740009307861328,0.6632806658744812,0.47969648241996765,1.0052791757662527
16,6.764406681060791,0.6654999852180481,0.47735396027565,1.0130909491865665
16,6.78737211227417,0.6675957441329956,0.4750934839248657,1.020116038256348
16,6.810193061828613,0.6696850657463074,0.4727916419506073,1.0271352493874468
16,6.833007335662842,0.6717810034751892,0.47043296694755554,1.0341865315452587
16,6.855701446533203,0.6738736033439636,0.46802830696105957,1.0413297894865463
16,6.878316402435303,0.6759672164916992,0.4655728042125702,1.0484844196069634
16,6.900978088378906,0.6780738830566406,0.4630528390407562,1.0556691722495335
16,6.923591613769531,0.6801852583885193,0.4604796767234802,1.062852289356817
16,6.946162700653076,0.6823019981384277,0.45785439014434814,1.0700449929192608
16,6.968695163726807,0.6844244599342346,0.455178827047348,1.0772327795554983
16,6.991271018981934,0.6865600943565369,0.4524466097354889,1.084415159971349
16,7.013737201690674,0.688694179058075,0.44967934489250183,1.0916662723480057
16,7.036202430725098,0.6908364295959473,0.44686785340309143,1.0989204245333406
16,7.058662414550781,0.6929857134819031,0.44401633739471436,1.1062476101334757
16,7.081051826477051,0.6951349377632141,0.44113650918006897,1.1135381245417153
16,7.103466987609863,0.6972923278808594,0.4382193386554718,1.1209741849285335
16,7.125856399536133,0.6994518637657166,0.4352741539478302,1.1285162649428133
16,7.148222923278809,0.7016122937202454,0.4323030114173889,1.1362134532842056
16,7.170564651489258,0.7037718892097473,0.42930811643600464,1.144002687426857
16,7.192983627319336,0.7059388756752014,0.4262787103652954,1.1518940190297742
16,7.215376853942871,0.7081011533737183,0.42323213815689087,1.1599066104520048
16,7.23774528503418,0.7102563977241516,0.4201732277870178,1.168028153438395
16,7.260089874267578,0.7124014496803284,0.41710832715034485,1.176271009241226
16,7.282410144805908,0.7145324349403381,0.41404563188552856,1.1846383441650812
16,7.304707050323486,0.7166443467140198,0.41099533438682556,1.1931133818407877
16,7.326981067657471,0.7187310457229614,0.4079696536064148,1.2017976500706211
16,7.349207401275635,0.720782995223999,0.40498653054237366,1.2104061298559439
16,7.3714752197265625,0.722801923751831,0.40204960107803345,1.2181994207940765
16,7.394192218780518,0.7248172163963318,0.3991234004497528,1.2259775223720943
16,7.416827201843262,0.7267724275588989,0.3962988257408142,1.2334154519023428
16,7.4394354820251465,0.7286660671234131,0.39358654618263245,1.2403280572222113
16,7.461978912353516,0.7304915189743042,0.39100363850593567,1.246565141180866
16,7.484457492828369,0.7322487831115723,0.38855522871017456,1.2518746383615567
16,7.506953239440918,0.733947217464447,0.38623160123825073,1.2564409484871555
16,7.529381275177002,0.7355854511260986,0.3840368986129761,1.2604884599284283
16,7.551739692687988,0.7371698021888733,0.3819638192653656,1.2641993743574662
16,7.574028491973877,0.7387059330940247,0.3800048232078552,1.2677003178161739
16,7.59624719619751,0.7401986122131348,0.3781526982784271,1.2710655521831542
16,7.618427753448486,0.7416538596153259,0.3763989806175232,1.2743445620891822
16,7.640617370605469,0.7430780529975891,0.37473616003990173,1.2775735067453924
16,7.662815093994141,0.7444732189178467,0.3731633126735687,1.2807674859981808
16,7.68502140045166,0.7458409070968628,0.3716815710067749,1.2839572622683033
16,7.707234859466553,0.7471821308135986,0.37029385566711426,1.2871704532567196
16,7.729455947875977,0.748497486114502,0.3690044581890106,1.2904439659464375
16,7.751684665679932,0.7497875094413757,0.3678183853626251,1.293826425422009
16,7.773919582366943,0.7510526180267334,0.366740345954895,1.2973726399438472
16,7.796161651611328,0.7522934079170227,0.3657741844654083,1.301139556013009
16,7.818409442901611,0.7535101175308228,0.3649224042892456,1.305177148149504
16,7.840662479400635,0.7547030448913574,0.3641853630542755,1.3095228484219807
16,7.86292028427124,0.7558720111846924,0.36356091499328613,1.3142157137799126
16,7.8851823806762695,0.7570167183876038,0.36304429173469543,1.3192435594855667
16,7.907447814941406,0.758136510848999,0.36262789368629456,1.3245696381076155
16,7.92971658706665,0.7592303156852722,0.36230140924453735,1.3301495299162416
16,7.951988220214844,0.7602971196174622,0.3620513081550598,1.3359196611200284
16,7.974262714385986,0.7613356113433838,0.3618619740009308,1.34179523641333
16,7.996540546417236,0.7623440623283386,0.36171525716781616,1.3476642325157036
16,8.018819808959961,0.7633204460144043,0.36159130930900574,1.3533738002046722
16,8.041101455688477,0.7642618417739868,0.36146852374076843,1.3587105875819006
16,8.063383102416992,0.7651652693748474,0.361325204372406,1.3633057126963728
16,8.085667610168457,0.7660284042358398,0.36114227771759033,1.3667759180922472
16,8.107951164245605,0.7668511271476746,0.3609056770801544,1.3690105138794073
16,8.130237579345703,0.7676354646682739,0.36060842871665955,1.3700408839122185
16,8.1525239944458,0.7683857679367065,0.36025092005729675,1.3700437296661792
16,8.174812316894531,0.7691071629524231,0.3598400950431824,1.369306869334107
16,8.197102546691895,0.7698054909706116,0.35938724875450134,1.3681913800020686
16,8.219392776489258,0.7704872488975525,0.35890433192253113,1.3670634856105315
16,8.241683006286621,0.7711592316627502,0.35839948058128357,1.3661914963882733
16,8.263972282409668,0.7718276381492615,0.3578747510910034,1.3656621223910537
16,8.286260604858398,0.7724977135658264,0.3573274314403534,1.3653634568611388
16,8.308547019958496,0.7731733322143555,0.35675182938575745,1.365111937412387
16,8.330829620361328,0.7738575339317322,0.3561408221721649,1.3647733533473345
16,8.353109359741211,0.7745528221130371,0.35548651218414307,1.3642246168198418
16,8.375385284423828,0.7752608060836792,0.3547813594341278,1.3633480175417403
16,8.397658348083496,0.7759822010993958,0.3540171980857849,1.3620229817326168
16,8.419928550720215,0.7767167091369629,0.35318517684936523,1.3601317350194773
16,8.442193984985352,0.7774638533592224,0.35227617621421814,1.357548684496683
16,8.464456558227539,0.7782230973243713,0.3512795567512512,1.3540906096731447
16,8.486713409423828,0.778994619846344,0.35018253326416016,1.3494222378111187
16,8.508964538574219,0.7797790765762329,0.3489687740802765,1.3429817637606303
16,8.531208038330078,0.7805774211883545,0.34764161705970764,1.3351126736486436
16,8.553447723388672,0.781388521194458,0.3462757468223572,1.32732927851156
16,8.575695037841797,0.7822073101997375,0.3450143337249756,1.3211139650525852
16,8.597953796386719,0.7830260396003723,0.3439994156360626,1.3176857959120611
16,8.62022590637207,0.7838374972343445,0.3433151841163635,1.3177682347157007
16,8.642505645751953,0.7846373915672302,0.34294113516807556,1.3210234268604657
16,8.664788246154785,0.7854233980178833,0.3427891433238983,1.3258560688214962
16,8.687066078186035,0.7861946225166321,0.34277138113975525,1.3310926175328095
16,8.709344863891602,0.7869514226913452,0.3428252339363098,1.336578135941799
16,8.73155403137207,0.7876914143562317,0.34291714429855347,1.3425081343742935
16,8.753661155700684,0.7884138822555542,0.3430366814136505,1.3489074678543087
16,8.775664329528809,0.7891188263893127,0.343188613653183,1.3555117881627525
16,8.797520637512207,0.7898033261299133,0.3433792293071747,1.361837010149356
16,8.819273948669434,0.7904660105705261,0.34360718727111816,1.3679240079888595
16,8.840924263000488,0.7911026477813721,0.3438628315925598,1.373926922749472
16,8.86247444152832,0.7917059063911438,0.3441462814807892,1.3799502668434793
16,8.883923530578613,0.792266309261322,0.34448662400245667,1.3855837663294412
16,8.9052734375,0.7927759885787964,0.34493571519851685,1.390324616501712
16,8.926523208618164,0.7932288646697998,0.34554582834243774,1.3941162985643738
16,8.947673797607422,0.7936244010925293,0.34634894132614136,1.397328225540298
16,8.968724250793457,0.7939664721488953,0.34734535217285156,1.4007094050480067
16,8.98969841003418,0.7942535877227783,0.3485074043273926,1.4046718280219188
16,9.010605812072754,0.7944734692573547,0.3497878909111023,1.4088335368060507
16,9.031249046325684,0.794609546661377,0.35111576318740845,1.4124691874954483
16,9.051822662353516,0.7946550846099854,0.35244396328926086,1.415218637648847
16,9.072382926940918,0.7946043014526367,0.35372623801231384,1.4170556296862735
16,9.092934608459473,0.7944480180740356,0.35494351387023926,1.4179446784735124
16,9.113476753234863,0.7941784262657166,0.3561147451400757,1.4179358884554585
16,9.13400936126709,0.7937953472137451,0.35727620124816895,1.4169495412167405
16,9.154532432556152,0.7933048605918884,0.35845980048179626,1.415147280171608
16,9.175047874450684,0.7927155494689941,0.35968491435050964,1.412846615228142
16,9.195556640625,0.7920369505882263,0.36096814274787903,1.4103037624801253
16,9.216060638427734,0.7912830710411072,0.3623269200325012,1.4077693052944158
16,9.236562728881836,0.7904770970344543,0.36377832293510437,1.405363894772057
16,9.257063865661621,0.7896549105644226,0.36534085869789124,1.402969831486933
16,9.277565956115723,0.7888613343238831,0.3670302927494049,1.4001106253245397
16,9.298069953918457,0.7881457805633545,0.36886003613471985,1.3962338970191979
16,9.31857681274414,0.7875546216964722,0.37084850668907166,1.3911545870869682
16,9.33910083770752,0.787126362323761,0.37303152680397034,1.3854310171909376
16,9.359618186950684,0.7868815064430237,0.375459760427475,1.3798591975355496
16,9.380115509033203,0.7868052124977112,0.3782176673412323,1.3757067485947772
16,9.400571823120117,0.7868520021438599,0.3814026713371277,1.3732631805741675
16,9.420978546142578,0.7869632244110107,0.38502368330955505,1.369525127404964
16,9.441356658935547,0.7870858311653137,0.3889317810535431,1.3614677198637835
16,9.461809158325195,0.7871874570846558,0.39293739199638367,1.3494556122410288
16,9.48230266571045,0.7872624397277832,0.39687103033065796,1.3346537938280276
16,9.502860069274902,0.7873289585113525,0.4006119966506958,1.317729565881692
16,9.523496627807617,0.787427544593811,0.40405839681625366,1.3000489251276708
16,9.544219970703125,0.7876126170158386,0.4071424603462219,1.2829976051138752
16,9.56502628326416,0.7879378795623779,0.409834086894989,1.2677272003367357
16,9.585907936096191,0.7884436249732971,0.412135511636734,1.2548947359314664
16,9.606853485107422,0.7891494631767273,0.41407346725463867,1.2446392377117275
16,9.627851486206055,0.7900535464286804,0.41568735241889954,1.2367289844836067
16,9.648895263671875,0.7911381125450134,0.4170225262641907,1.2307447090029169
16,9.6699800491333,0.792375922203064,0.4181254804134369,1.2262232014718124
16,9.691102027893066,0.793735146522522,0.4190410077571869,1.2227441210291232
16,9.712262153625488,0.7951830625534058,0.4198110103607178,1.2199492493487794
16,9.73345947265625,0.7966876029968262,0.4204747974872589,1.2175107115872503
16,9.754695892333984,0.7982193827629089,0.4210704267024994,1.2152678148259781
16,9.775972366333008,0.7997557520866394,0.42163339257240295,1.2132452363541144
16,9.797290802001953,0.8012825846672058,0.42219167947769165,1.2113384828735931
16,9.818665504455566,0.8027908205986023,0.4227651357650757,1.2094187567488874
16,9.840081214904785,0.8042696118354797,0.4233686327934265,1.207430564109713
16,9.861539840698242,0.8057098388671875,0.4240151345729828,1.2053655970080561
16,9.883040428161621,0.8071035146713257,0.42471569776535034,1.2032186548176151
16,9.904585838317871,0.808444619178772,0.42547905445098877,1.2009851725981688
16,9.92617416381836,0.8097285032272339,0.42631179094314575,1.198673715413416
16,9.947771072387695,0.8109498023986816,0.42721715569496155,1.1962415804030033
16,9.969368934631348,0.8121057748794556,0.4281977713108063,1.193705240204092
16,9.990965843200684,0.8131951093673706,0.4292553663253784,1.1910831686146297
16,10.01256275177002,0.8142171502113342,0.4303904175758362,1.188379515996157
16,10.034157752990723,0.8151717185974121,0.43160244822502136,1.1855989847315482
16,10.055752754211426,0.8160591125488281,0.43289029598236084,1.1827471179961986
16,10.077343940734863,0.8168796896934509,0.434251993894577,1.179829849397158
16,10.098934173583984,0.8176343441009521,0.43568500876426697,1.1768424051463255
16,10.120522499084473,0.8183237910270691,0.4371863901615143,1.173777324702333
16,10.142107009887695,0.8189488649368286,0.4387527406215668,1.1706573939348441
16,10.1636962890625,0.8195105791091919,0.4403808116912842,1.1673921243804166
16,10.185352325439453,0.8200096487998962,0.44207116961479187,1.1637644913376008
16,10.207329750061035,0.8204501867294312,0.443840354681015,1.1600075094812572
16,10.230206489562988,0.8208395838737488,0.4457339942455292,1.1560502368772059
16,10.253080368041992,0.8211601376533508,0.4476744830608368,1.152047349950894
16,10.27765941619873,0.8214302659034729,0.4498058259487152,1.1477883002028137
16,10.304462432861328,0.8216406106948853,0.4521755278110504,1.143204502359416
16,10.331263542175293,0.8217660188674927,0.4545856714248657,1.1385607626607424
16,10.360034942626953,0.8218095898628235,0.4572107195854187,1.1336557791236577
16,10.389970779418945,0.8217594027519226,0.45997434854507446,1.1285292440221453
16,10.419903755187988,0.8216150403022766,0.4627656042575836,1.1234062184656024
16,10.450278282165527,0.8213774561882019,0.465617835521698,1.1181564431114543
16,10.48075008392334,0.8210479021072388,0.4684930741786957,1.1123744717404125
16,10.51121997833252,0.8206299543380737,0.4713764786720276,1.1066975398483114
16,10.54169750213623,0.8201290965080261,0.4742629826068878,1.1010689096185096
16,10.572175025939941,0.8195489645004272,0.4771485924720764,1.0955021903338962
16,10.60265064239502,0.818895161151886,0.48002827167510986,1.090029449667237
16,10.633125305175781,0.8181723952293396,0.48289868235588074,1.0846122736322124
16,10.663599967956543,0.8173846006393433,0.4857572019100189,1.0792913671775646
16,10.694074630737305,0.8165375590324402,0.4886007606983185,1.074049370414257
16,10.724549293518066,0.8156344890594482,0.4914276599884033,1.0686377477989846
16,10.755023956298828,0.8146781921386719,0.49423542618751526,1.063066194087297
16,10.78549861907959,0.8136736750602722,0.497022807598114,1.0576163673298897
16,10.815974235534668,0.8126251697540283,0.49978893995285034,1.052280564683805
16,10.846450805664062,0.8115388751029968,0.5025328993797302,1.0470445133619972
16,10.876927375793457,0.8104190230369568,0.5052540898323059,1.0419516309439592
16,10.907404899597168,0.8092707991600037,0.5079517364501953,1.0369465720583335
16,10.937884330749512,0.8080996870994568,0.5106251835823059,1.032069469539848
16,10.968364715576172,0.806909441947937,0.5132737159729004,1.027305506140903
16,10.998847007751465,0.805705726146698,0.5158964991569519,1.0224773850875586
16,11.02933120727539,0.8044912219047546,0.518492579460144,1.017550013408509
16,11.059818267822266,0.8032700419425964,0.5210611820220947,1.012714052158888
16,11.090306282043457,0.8020477294921875,0.5236014127731323,1.0080130611393252
16,11.120798110961914,0.8008279204368591,0.5261126756668091,1.003448324700412
16,11.151290893554688,0.7996160387992859,0.5285938382148743,0.9989607237943492
16,11.181788444519043,0.798416256904602,0.5310443639755249,0.9946420847568763
16,11.212288856506348,0.797232449054718,0.5334632396697998,0.9904049819685941
16,11.242794036865234,0.7960692644119263,0.5358496904373169,0.9862778144507952
16,11.273303031921387,0.7949298024177551,0.5382027626037598,0.9822853784170414
16,11.303823471069336,0.7938176393508911,0.540522038936615,0.9782886645750231
16,11.334372520446777,0.7927350401878357,0.5428079962730408,0.9742159990279771
16,11.364924430847168,0.7916853427886963,0.5450579524040222,0.970236197762687
16,11.395545959472656,0.7906697392463684,0.5472756028175354,0.9663428970878997
16,11.426172256469727,0.7896928191184998,0.5494557619094849,0.9626226216672406
16,11.456940650939941,0.7887532711029053,0.5516077280044556,0.9589388397630837
16,11.487961769104004,0.7878535985946655,0.5537378191947937,0.9552717324018876
16,11.518986701965332,0.7870041131973267,0.5558276176452637,0.9516836442104218
16,11.555289268493652,0.7860725522041321,0.5582192540168762,0.947337807262551
16,11.621106147766113,0.7845502495765686,0.5624088644981384,0.9385229752675491
16,11.68694019317627,0.7832691669464111,0.5664017200469971,0.9311001858446081
16,11.752791404724121,0.7822487950325012,0.5701777338981628,0.9238726774545278
16,11.882428169250488,0.7808860540390015,0.5769495964050293,0.9049507914468194
16,12.01211929321289,0.7803819179534912,0.5827165246009827,0.8899631109821646
16,12.13400936126709,0.7806814908981323,0.5870394706726074,0.8759819572836204
16,12.255931854248047,0.7817275524139404,0.590126633644104,0.8593355339081056
16,12.378152847290039,0.7835128307342529,0.5917506217956543,0.8413293923701535
16,12.500469207763672,0.7861045002937317,0.5915875434875488,0.8208184928014063
16,12.622742652893066,0.7895968556404114,0.5893691182136536,0.7993541189092498
16,12.673216819763184,0.79134202003479,0.5877658128738403,0.7902845076263801
17,0.8097378015518188,-0.43284010887145996,2.423539400100708,1.0016667989611212
17,0.9285215735435486,-0.4328741729259491,2.4244871139526367,1.0021450436717623
17,1.0494272708892822,-0.432912677526474,2.4255712032318115,1.0026612580540153
17,1.1703318357467651,-0.43295523524284363,2.426774740219116,1.0032364219068484
17,1.2922611236572266,-0.4330024719238281,2.4281070232391357,1.0038316467523982
17,1.4145805835723877,-0.4330548644065857,2.429562568664551,1.0044559109277584
17,1.5368984937667847,-0.4331127405166626,2.4311368465423584,1.0050968000560307
17,1.6593308448791504,-0.43317699432373047,2.4328317642211914,1.005744785490368
17,1.781787395477295,-0.4332481622695923,2.4346485137939453,1.0063966223333913
17,1.9042420387268066,-0.433326780796051,2.436589479446411,1.0070403865644124
17,2.026698589324951,-0.43341344594955444,2.438661813735962,1.0076740841505325
17,2.1491525173187256,-0.4335084855556488,2.4408719539642334,1.0082764163283153
17,2.271604299545288,-0.43361228704452515,2.4432318210601807,1.0088613458769975
17,2.394052505493164,-0.43372511863708496,2.445758819580078,1.0093984755645158
17,2.5164971351623535,-0.43384724855422974,2.448467493057251,1.0098971526088878
17,2.638936758041382,-0.4339790344238281,2.4513862133026123,1.0103646664787143
17,2.7613704204559326,-0.4341208040714264,2.454540252685547,1.010769476760125
17,2.8837969303131104,-0.4342729449272156,2.457960605621338,1.0111576858667175
17,3.0062143802642822,-0.4344359040260315,2.4616894721984863,1.0115155575908987
17,3.1286213397979736,-0.4346100389957428,2.4657552242279053,1.011894973866994
17,3.2510147094726562,-0.4347958266735077,2.470203399658203,1.0122949316224268
17,3.3733928203582764,-0.4349939227104187,2.4750590324401855,1.0128297760206302
17,3.495753049850464,-0.43520504236221313,2.4803414344787598,1.0134720834625937
17,3.6180946826934814,-0.43543121218681335,2.4860377311706543,1.0142822570801036
17,3.7404184341430664,-0.4356740117073059,2.492105484008789,1.0153470398489426
17,3.862708568572998,-0.43593621253967285,2.4984450340270996,1.0164973415805474
17,3.9847724437713623,-0.43621644377708435,2.5049080848693848,1.0175982510347448
17,4.106834888458252,-0.4365140199661255,2.5113959312438965,1.0185243255208996
17,4.227812767028809,-0.43682271242141724,2.517707347869873,1.019248895972138
17,4.348801136016846,-0.4371441900730133,2.523808240890503,1.0195537093965608
17,4.466561794281006,-0.43746888637542725,2.5294291973114014,1.019547734668572
17,4.578005790710449,-0.43778684735298157,2.5343494415283203,1.0189534731957774
17,4.689469337463379,-0.4381147623062134,2.5388059616088867,1.0175406763155808
17,4.792482852935791,-0.4384253919124603,2.5424251556396484,1.015572223312062
17,4.887624740600586,-0.43871647119522095,2.5452942848205566,1.0130005955421186
17,4.9775872230529785,-0.43899208307266235,2.5475661754608154,1.0094902035950954
17,5.067559719085693,-0.43926292657852173,2.5494065284729004,1.0050821250540332
17,5.155105113983154,-0.439513623714447,2.550804376602173,0.9998434099824278
17,5.241870403289795,-0.4397355318069458,2.551853895187378,0.9936834463528138
17,5.328483581542969,-0.43990808725357056,2.5526320934295654,0.986464267385439
17,5.4155144691467285,-0.4400027096271515,2.553215742111206,0.9779458417845358
17,5.505442142486572,-0.4399816691875458,2.553697347640991,0.9676605650251173
17,5.595369338989258,-0.43979325890541077,2.5541584491729736,0.9551226564240011
17,5.689090251922607,-0.43935009837150574,2.5547566413879395,0.9397935557028195
17,5.770586013793945,-0.4386746883392334,2.555539846420288,0.9245491157761784
17,5.871192455291748,-0.4372895061969757,2.5571701526641846,0.9029802023179503
17,5.974524974822998,-0.43491220474243164,2.5601444244384766,0.8759908217075005
17,6.056010723114014,-0.43204304575920105,2.563927412033081,0.8527273262048574
17,6.161190509796143,-0.42630115151405334,2.5718839168548584,0.8235606972178222
17,6.26688814163208,-0.4168311357498169,2.5853734016418457,0.8017905738878934
17,6.359487056732178,-0.40409234166145325,2.6039175987243652,0.8090716967065962
17,6.461157321929932,-0.3851342499256134,2.6330459117889404,0.8573789453648896
17,6.559844017028809,-0.36471036076545715,2.668818235397339,0.9561874256873782
17,6.634955406188965,-0.35005682706832886,2.6960082054138184,1.0411224558368102
17,6.663496494293213,-0.34491977095603943,2.7058231830596924,1.0722031523324627
17,6.691590309143066,-0.34020912647247314,2.71490740776062,1.1034100903220816
17,6.727404594421387,-0.3348248302936554,2.725527048110962,1.140969768606028
17,6.767971992492676,-0.32959094643592834,2.73625111579895,1.1766432537038343
17,6.793827056884766,-0.3268028497695923,2.742351531982422,1.1946759985060618
17,6.8198466300964355,-0.3244236707687378,2.7479004859924316,1.2100857930815663
17,6.845740795135498,-0.32249170541763306,2.752842426300049,1.2236452024884001
17,6.871554851531982,-0.32099321484565735,2.7571959495544434,1.2358817603294987
17,6.897317886352539,-0.3199094235897064,2.7609734535217285,1.246790239676672
17,6.923034191131592,-0.3192232549190521,2.7641844749450684,1.2563132522762759
17,6.948712348937988,-0.3189185559749603,2.7668380737304688,1.2641815545882467
17,6.974442958831787,-0.3189791440963745,2.7689523696899414,1.2705802901122971
17,7.000361919403076,-0.3194045126438141,2.770542621612549,1.2758504218625073
17,7.025927543640137,-0.32017770409584045,2.771580219268799,1.2800932347351133
17,7.051362037658691,-0.3212810158729553,2.7720937728881836,1.2833928097749474
17,7.07664680480957,-0.3226945400238037,2.772095203399658,1.2858098475879889
17,7.101766586303711,-0.32439863681793213,2.7715952396392822,1.2874057709056341
17,7.126706600189209,-0.326373815536499,2.770604372024536,1.2878761699495178
17,7.1517181396484375,-0.3286249041557312,2.7691164016723633,1.287517489594261
17,7.176527976989746,-0.33111342787742615,2.767148017883301,1.2864331902870352
17,7.201126575469971,-0.3338187038898468,2.764709949493408,1.2846721381474857
17,7.225503921508789,-0.3367229104042053,2.7618110179901123,1.2821427928519538
17,7.249473571777344,-0.3397943079471588,2.7584855556488037,1.2787618297374563
17,7.273204803466797,-0.34303930401802063,2.7547221183776855,1.2748087990442667
17,7.296692371368408,-0.3464413285255432,2.7505271434783936,1.270131601081433
17,7.320070266723633,-0.35000529885292053,2.745878219604492,1.2649124000249774
17,7.343324661254883,-0.3537141680717468,2.7407782077789307,1.2589641330938868
17,7.366324424743652,-0.35752928256988525,2.735262155532837,1.252620459507648
17,7.389068126678467,-0.36143773794174194,2.7293357849121094,1.245503274228943
17,7.41136360168457,-0.365409255027771,2.7230544090270996,1.2377663547853945
17,7.4334001541137695,-0.3694611191749573,2.7163760662078857,1.229683616825966
17,7.455286979675293,-0.3735963702201843,2.7092702388763428,1.221168938748467
17,7.476912975311279,-0.3777776062488556,2.701777935028076,1.212013262692008
17,7.49822998046875,-0.3819970190525055,2.6939198970794678,1.201960285021553
17,7.519288539886475,-0.38625261187553406,2.6856820583343506,1.191832087340526
17,7.54009485244751,-0.3905252516269684,2.677070140838623,1.1816202860588618
17,7.56065034866333,-0.39480626583099365,2.6680824756622314,1.1702687150719149
17,7.580844402313232,-0.3990689218044281,2.658761978149414,1.158818202736593
17,7.6007890701293945,-0.4033145308494568,2.649071455001831,1.1472077177259161
17,7.620619297027588,-0.4075614809989929,2.6389410495758057,1.1343919377036067
17,7.6400861740112305,-0.41174745559692383,2.6284875869750977,1.121731591655285
17,7.6592488288879395,-0.415862113237381,2.617689609527588,1.108472156269756
17,7.678133964538574,-0.41989678144454956,2.606518268585205,1.094390877955001
17,7.696802139282227,-0.42383936047554016,2.5949349403381348,1.0805420310275053
17,7.715240955352783,-0.42766106128692627,2.582934856414795,1.0659979021984838
17,7.733369827270508,-0.43134769797325134,2.5705268383026123,1.0523546092707574
17,7.751166820526123,-0.4349321722984314,2.557620048522949,1.0396815146710554
17,7.768491744995117,-0.4385107755661011,2.544053316116333,1.0310481640987739
17,7.785052299499512,-0.4422694146633148,2.5295865535736084,1.0299298688046497
17,7.8003082275390625,-0.44649139046669006,2.513902187347412,1.0504018568456417
17,7.813336372375488,-0.4515083134174347,2.496884822845459,1.0994439507991627
17,7.823866367340088,-0.4575008749961853,2.4781928062438965,1.1795174895871738
17,7.831724166870117,-0.4641020894050598,2.4584062099456787,1.2692776242186108
17,7.837404251098633,-0.47083210945129395,2.437924385070801,1.3358546794599537
17,7.841682434082031,-0.47710341215133667,2.416959762573242,1.358988827367234
17,7.845046043395996,-0.4825199544429779,2.3955800533294678,1.3442000149465387
17,7.84792947769165,-0.48664945363998413,2.373854875564575,1.2907767418967058
17,7.850744247436523,-0.48905500769615173,2.3518738746643066,1.2053247249787704
17,7.85384464263916,-0.48938682675361633,2.3298051357269287,1.102752084042068
17,7.857364177703857,-0.4876609742641449,2.3078620433807373,1.0153664785634327
17,7.861027240753174,-0.48433375358581543,2.2861247062683105,0.9485716728765348
17,7.864450931549072,-0.4798261523246765,2.2645602226257324,0.9013972371272749
17,7.8672332763671875,-0.47450196743011475,2.243089437484741,0.8672402236848668
17,7.869045734405518,-0.46862778067588806,2.221658706665039,0.8406462954375463
17,7.86970329284668,-0.46238115429878235,2.2002673149108887,0.8185824248786461
17,7.869176387786865,-0.4558643698692322,2.178952932357788,0.7985851261255398
17,7.86757230758667,-0.4491293132305145,2.15775990486145,0.7793016419539688
17,7.865085601806641,-0.4422138035297394,2.136709690093994,0.7617204050244407
17,7.861955165863037,-0.4351291358470917,2.1158013343811035,0.7506302892796086
17,7.858439922332764,-0.4278841018676758,2.0950090885162354,0.74694173721448
17,7.85473108291626,-0.4205077886581421,2.074296712875366,0.7514792914266074
17,7.850864410400391,-0.4130171835422516,2.053654432296753,0.7637756708540014
17,7.846807956695557,-0.4053841233253479,2.0331008434295654,0.782599784570056
17,7.842443466186523,-0.3975560665130615,2.0126843452453613,0.8051874841878631
17,7.837588310241699,-0.3894609212875366,1.9924849271774292,0.8259204372542603
17,7.83214807510376,-0.38103604316711426,1.9725713729858398,0.8437862096631752
17,7.826021194458008,-0.3722575902938843,1.9530136585235596,0.8593028613000874
17,7.819096088409424,-0.36311519145965576,1.9338945150375366,0.871483172176827
17,7.8113226890563965,-0.35361847281455994,1.9152809381484985,0.8810575261599545
17,7.802703380584717,-0.3438040018081665,1.8972126245498657,0.886314578039535
17,7.793230056762695,-0.3337365388870239,1.8797204494476318,0.8906956804818885
17,7.782906532287598,-0.3234487771987915,1.8628482818603516,0.8945694709663168
17,7.771749019622803,-0.31301477551460266,1.8466088771820068,0.8960706875871991
17,7.7597832679748535,-0.3024849593639374,1.8310195207595825,0.8978149012618526
17,7.74704647064209,-0.29189062118530273,1.8160991668701172,0.8991311989399984
17,7.7335686683654785,-0.2812955677509308,1.8018441200256348,0.8994949190717858
17,7.719394207000732,-0.27070918679237366,1.7882747650146484,0.9002724947315925
17,7.704557418823242,-0.2601846754550934,1.7753791809082031,0.9004743847920827
17,7.689093112945557,-0.24973943829536438,1.7631745338439941,0.9017857630486221
17,7.673031330108643,-0.239406555891037,1.7516560554504395,0.9023203566529592
17,7.656394004821777,-0.22923144698143005,1.7408405542373657,0.9041119814883221
17,7.639190673828125,-0.21925890445709229,1.7307461500167847,0.9046145334451816
17,7.621405601501465,-0.2095876783132553,1.7213857173919678,0.9048290000299508
17,7.602996349334717,-0.2003815621137619,1.7128098011016846,0.903522771334112
17,7.583907604217529,-0.1918717920780182,1.7050414085388184,0.8979042562472644
17,7.564066410064697,-0.1844220608472824,1.6981236934661865,0.8925032170139677
17,7.543402671813965,-0.17858734726905823,1.6921452283859253,0.889384785177092
17,7.521975994110107,-0.17504408955574036,1.6871565580368042,0.8958997681693721
17,7.500120639801025,-0.17410443723201752,1.6829079389572144,0.9114528768978996
17,7.478239059448242,-0.17534928023815155,1.6788382530212402,0.9153960461068941
17,7.456562042236328,-0.17792947590351105,1.6743096113204956,0.896351748503638
17,7.435166358947754,-0.18097727000713348,1.668833613395691,0.8600551286958336
17,7.4141035079956055,-0.18385648727416992,1.6621202230453491,0.8144358975407568
17,7.393424987792969,-0.1862366795539856,1.654136061668396,0.7672588509442108
17,7.373048305511475,-0.1881919801235199,1.6452988386154175,0.7235198034397298
17,7.352802276611328,-0.1900472342967987,1.6361429691314697,0.6833932163998582
17,7.332508563995361,-0.19226360321044922,1.6271791458129883,0.6461894729688317
17,7.313153266906738,-0.19518406689167023,1.619232177734375,0.6131783136508656
17,7.29266357421875,-0.19949409365653992,1.611576795578003,0.5808211959795642
17,7.2722296714782715,-0.20537099242210388,1.60462486743927,0.5478640859189092
17,7.252132415771484,-0.21303106844425201,1.5982731580734253,0.5151708245968901
17,7.232573509216309,-0.2226659655570984,1.5923793315887451,0.48521892503900865
17,7.213900566101074,-0.23441478610038757,1.5868502855300903,0.4580252688865917
17,7.196475982666016,-0.24843741953372955,1.5816212892532349,0.4358678567131025
17,7.180884838104248,-0.2645971477031708,1.576796531677246,0.4204036655329447
17,7.167332649230957,-0.28289544582366943,1.5723408460617065,0.41421119588598326
17,7.156203269958496,-0.3028786778450012,1.5684398412704468,0.41711249891843405
17,7.147430419921875,-0.3244539797306061,1.5650497674942017,0.4261909675240185
17,7.141071796417236,-0.34694182872772217,1.5622711181640625,0.4414341146704996
17,7.136883735656738,-0.3701024651527405,1.560133457183838,0.4611091606851142
17,7.1346330642700195,-0.39368531107902527,1.5586496591567993,0.48340432312669296
17,7.134103298187256,-0.4175085723400116,1.5578171014785767,0.5071111192543802
17,7.135106563568115,-0.4414411187171936,1.5576293468475342,0.5314717852482916
17,7.137486457824707,-0.4653869569301605,1.558081865310669,0.5560522674120713
17,7.141108989715576,-0.4892730712890625,1.55917489528656,0.5806583828458958
17,7.145897388458252,-0.5133010745048523,1.560925841331482,0.6040163251199587
17,7.151668548583984,-0.5367822647094727,1.563231348991394,0.6256683930427943
17,7.158405303955078,-0.5600648522377014,1.566117286682129,0.6470296837906038
17,7.166036128997803,-0.5831252336502075,1.569586992263794,0.6670023539083597
17,7.174478530883789,-0.6058128476142883,1.5735735893249512,0.6847813436915549
17,7.183708667755127,-0.6282253861427307,1.5780975818634033,0.7028087055653592
17,7.19368314743042,-0.6503408551216125,1.5831422805786133,0.7176096867711044
17,7.204317092895508,-0.6720414161682129,1.5886586904525757,0.7320459574746792
17,7.215564727783203,-0.6933190226554871,1.594629168510437,0.7432576132174584
17,7.227396488189697,-0.7141669392585754,1.6010222434997559,0.7546847056513009
17,7.239828109741211,-0.7346727252006531,1.6078521013259888,0.7632684685493644
17,7.252780437469482,-0.7547411322593689,1.6150656938552856,0.7716387207908258
17,7.266242027282715,-0.7743779420852661,1.622630000114441,0.7777393441831446
17,7.2801594734191895,-0.7935607433319092,1.6305277347564697,0.7822930936803767
17,7.294528961181641,-0.8123055100440979,1.6387335062026978,0.7859327669450091
17,7.309396743774414,-0.8306896686553955,1.6472548246383667,0.7877219289218644
17,7.324679851531982,-0.8486347794532776,1.6560394763946533,0.7894625453367577
17,7.340304374694824,-0.8660693764686584,1.6650182008743286,0.7889085712061005
17,7.356374740600586,-0.8831313848495483,1.674241304397583,0.7873259449411162
17,7.372822284698486,-0.8997575640678406,1.6836539506912231,0.7857835792083298
17,7.389579772949219,-0.9158848524093628,1.6931862831115723,0.7820152692972554
17,7.40669584274292,-0.9315793514251709,1.7028640508651733,0.7785721430470876
17,7.424238204956055,-0.9468895792961121,1.712683916091919,0.7738742949646497
17,7.4420599937438965,-0.9616968631744385,1.7225645780563354,0.7682036671779499
17,7.460231781005859,-0.976054310798645,1.7325141429901123,0.7631455501366087
17,7.47876501083374,-0.9899553060531616,1.7425042390823364,0.7563075831886286
17,7.497574806213379,-1.0033379793167114,1.752489447593689,0.7502175378495363
17,7.51680850982666,-1.0162761211395264,1.7624930143356323,0.7427000319899252
17,7.536324977874756,-1.0286662578582764,1.7724498510360718,0.7355239439082057
17,7.55621337890625,-1.0405269861221313,1.7823466062545776,0.7280097381572963
17,7.5768327713012695,-1.0520482063293457,1.7923691272735596,0.7211499501159734
17,7.597388744354248,-1.0627330541610718,1.8020892143249512,0.713112950506578
17,7.618249893188477,-1.072769045829773,1.8116815090179443,0.7063406396594737
17,7.639385223388672,-1.082123875617981,1.8211617469787598,0.6989691748707411
17,7.660862445831299,-1.0907840728759766,1.830535650253296,0.6920805839293888
17,7.682578086853027,-1.0986992120742798,1.8398375511169434,0.6851559631222642
17,7.704503059387207,-1.1058396100997925,1.8491063117980957,0.6773307876029868
17,7.727052211761475,-1.11231529712677,1.8585598468780518,0.6682994354041841
17,7.749783039093018,-1.1179873943328857,1.868093729019165,0.6572576065339266
17,7.7722249031066895,-1.1227407455444336,1.8775546550750732,0.6437496519148526
17,7.794361114501953,-1.1266095638275146,1.8869324922561646,0.6291284210031965
17,7.817080974578857,-1.1297367811203003,1.8965578079223633,0.6131015687586335
17,7.839851379394531,-1.1319912672042847,1.9061369895935059,0.5965531144621559
17,7.862675189971924,-1.1333482265472412,1.9155852794647217,0.5805405685190997
17,7.885560989379883,-1.133792757987976,1.9248154163360596,0.5656461002337936
17,7.908499717712402,-1.1333106756210327,1.9337263107299805,0.5522555082028269
17,7.931491374969482,-1.1319063901901245,1.9422253370285034,0.54068660548208
17,7.95451545715332,-1.129590630531311,1.950222134590149,0.5309107661092727
17,7.977604866027832,-1.1263604164123535,1.9576518535614014,0.5229037102421777
17,8.000694274902344,-1.122270107269287,1.9644227027893066,0.5167327068502244
17,8.023714065551758,-1.1173683404922485,1.9704375267028809,0.5121550283488094
17,8.046673774719238,-1.1116896867752075,1.9756532907485962,0.5089816623081924
17,8.069540023803711,-1.105281114578247,1.9800266027450562,0.5071589000938984
17,8.09228801727295,-1.0981987714767456,1.9835238456726074,0.5066390728042938
17,8.114837646484375,-1.0905190706253052,1.9860963821411133,0.5073861430138021
17,8.137269973754883,-1.082258701324463,1.9877430200576782,0.5091501483980315
17,8.159478187561035,-1.073494791984558,1.9884676933288574,0.5118774205959125
17,8.181394577026367,-1.064307689666748,1.9882731437683105,0.515750299018305
17,8.203036308288574,-1.0547373294830322,1.9871903657913208,0.5203242233510501
17,8.224385261535645,-1.044832468032837,1.9852664470672607,0.525710502706678
17,8.245384216308594,-1.0346686840057373,1.982542872428894,0.5317439865297411
17,8.266067504882812,-1.0242633819580078,1.979076623916626,0.5380995316713558
17,8.286454200744629,-1.0136432647705078,1.9749119281768799,0.5450281531297352
17,8.306517601013184,-1.002849817276001,1.9701035022735596,0.5519714461571492
17,8.326257705688477,-0.9919138550758362,1.9647083282470703,0.5590598123272358
17,8.345640182495117,-0.9808862209320068,1.9587812423706055,0.5660347390113272
17,8.364709854125977,-0.9697539806365967,1.9523546695709229,0.5728941363853877
17,8.383426666259766,-0.9585599303245544,1.9454765319824219,0.5795980467309472
17,8.401897430419922,-0.9472492933273315,1.9381394386291504,0.5860114972232365
17,8.420026779174805,-0.9359085559844971,1.930417537689209,0.5921746682507423
17,8.437859535217285,-0.9245155453681946,1.9223179817199707,0.5982255381614121
17,8.455355644226074,-0.9131038188934326,1.9138844013214111,0.6039250970988687
17,8.472627639770508,-0.9016212821006775,1.9050954580307007,0.60937349575329
17,8.48962116241455,-0.8901105523109436,1.8960025310516357,0.6145745243023062
17,8.506299018859863,-0.8786029815673828,1.8866493701934814,0.6196682168966773
17,8.522714614868164,-0.8670793771743774,1.8770405054092407,0.6241633931986398
17,8.538893699645996,-0.8555300831794739,1.8671873807907104,0.6287739071356181
17,8.554829597473145,-0.8439599275588989,1.8571100234985352,0.6327755295333364
17,8.570510864257812,-0.8323990702629089,1.846854329109192,0.636595596444984
17,8.58600902557373,-0.8207874894142151,1.8363807201385498,0.6403533642742498
17,8.601268768310547,-0.8091859221458435,1.8257615566253662,0.6433239311036947
17,8.616334915161133,-0.7975589036941528,1.8149765729904175,0.6467440295303257
17,8.631174087524414,-0.78593909740448,1.804073452949524,0.6490377313170907
17,8.645865440368652,-0.7742746472358704,1.7930153608322144,0.6519000266409135
17,8.660344123840332,-0.7626147270202637,1.781865119934082,0.6538199426372229
17,8.674665451049805,-0.7509276866912842,1.770606279373169,0.6560726439790804
17,8.68885326385498,-0.739189624786377,1.7592312097549438,0.6577319231697925
17,8.702859878540039,-0.727452278137207,1.747806191444397,0.6593470083715145
17,8.716728210449219,-0.715676486492157,1.7363084554672241,0.6608700194534795
17,8.730450630187988,-0.7038775682449341,1.7247722148895264,0.6618495150544174
17,8.74405288696289,-0.6920337677001953,1.7131906747817993,0.6631392406315474
17,8.757508277893066,-0.6801738142967224,1.701614499092102,0.663634886784802
17,8.770878791809082,-0.6682454347610474,1.6900068521499634,0.6645064787837525
17,8.784119606018066,-0.6562899947166443,1.6784327030181885,0.6646742449174584
17,8.797281265258789,-0.6442691683769226,1.6668689250946045,0.6650948565044733
17,8.810344696044922,-0.6321972608566284,1.655356764793396,0.664915629176348
17,8.823346138000488,-0.6200487613677979,1.6438850164413452,0.6648153845898243
17,8.836260795593262,-0.6078478097915649,1.6325091123580933,0.6642907168433057
17,8.84914779663086,-0.595548689365387,1.6212018728256226,0.6635588122196447
17,8.862444877624512,-0.5827124118804932,1.6095914840698242,0.6625524060567808
17,8.875656127929688,-0.5698171257972717,1.5981274843215942,0.6609753855872258
17,8.888458251953125,-0.557189404964447,1.5871318578720093,0.6596810637630453
17,8.901251792907715,-0.5444471836090088,1.5762726068496704,0.6573631319367566
17,8.914008140563965,-0.5316187143325806,1.5656006336212158,0.6554962137373823
17,8.92677116394043,-0.5186613202095032,1.5550938844680786,0.6525144182107034
17,8.939516067504883,-0.5056093335151672,1.544800877571106,0.6498264442325206
17,8.952277183532715,-0.4924231767654419,1.5347059965133667,0.6465442408486024
17,8.965035438537598,-0.4791359007358551,1.5248502492904663,0.6430159055553337
17,8.977823257446289,-0.46571049094200134,1.5152205228805542,0.639591706094937
17,8.990618705749512,-0.4521791934967041,1.5058552026748657,0.6352708007020278
17,9.003453254699707,-0.4385131895542145,1.4967427253723145,0.6310688569831134
17,9.016301155090332,-0.424741268157959,1.4879194498062134,0.6267792362176313
17,9.029172897338867,-0.41086554527282715,1.4793882369995117,0.621691223697384
17,9.042092323303223,-0.3968604505062103,1.4711453914642334,0.6172670991518823
17,9.055038452148438,-0.3827546536922455,1.463218092918396,0.6118835779850229
17,9.068050384521484,-0.36851686239242554,1.4555861949920654,0.6065384123952547
17,9.081085205078125,-0.35419657826423645,1.4482895135879517,0.6014913742260296
17,9.094184875488281,-0.3397512137889862,1.4413070678710938,0.5956795211776581
17,9.107328414916992,-0.32521867752075195,1.434658169746399,0.5899473822692615
17,9.120529174804688,-0.31058943271636963,1.4283421039581299,0.58408081625791
17,9.133774757385254,-0.2958833575248718,1.4223716259002686,0.5783601094407019
17,9.147073745727539,-0.2811051607131958,1.416745662689209,0.5718967611633186
17,9.160454750061035,-0.26623252034187317,1.4114536046981812,0.5655416693143728
17,9.173872947692871,-0.2513282001018524,1.4065226316452026,0.5594175184661122
17,9.187381744384766,-0.2363443821668625,1.4019362926483154,0.5531657214526893
17,9.200963020324707,-0.22131671011447906,1.3977035284042358,0.5464078039793114
17,9.214594841003418,-0.20628991723060608,1.3938335180282593,0.539645010885707
17,9.228333473205566,-0.19121462106704712,1.3903121948242188,0.5329676859369981
17,9.242165565490723,-0.17612811923027039,1.3871504068374634,0.526455482698067
17,9.256120681762695,-0.16101491451263428,1.3843443393707275,0.5198223681553614
17,9.270148277282715,-0.14594973623752594,1.381907343864441,0.5133929647896898
17,9.284296035766602,-0.1309090107679367,1.3798314332962036,0.5066408172946865
17,9.298596382141113,-0.1158810704946518,1.3781123161315918,0.49997716082341315
17,9.312997817993164,-0.10095029324293137,1.3767586946487427,0.4935415743082101
17,9.327569007873535,-0.08606866747140884,1.3757630586624146,0.48712900885268223
17,9.342306137084961,-0.0712696835398674,1.3751269578933716,0.4809945144218137
17,9.357171058654785,-0.05662025511264801,1.3748486042022705,0.47502114875801793
17,9.372237205505371,-0.0420713908970356,1.3749244213104248,0.46927574224462015
17,9.387506484985352,-0.02765849232673645,1.3753509521484375,0.46381654755479834
17,9.394830703735352,-0.020864523947238922,1.3756760358810425,0.46130661275484736
18,1.126841425895691,-0.13068214058876038,0.759443998336792,1.0332389638710762
18,1.248766541481018,-0.130662202835083,0.7631779909133911,1.0357855863805543
18,1.3706928491592407,-0.13063934445381165,0.7668750882148743,1.0369743046796622
18,1.4929715394973755,-0.13061469793319702,0.77056884765625,1.0378413040943357
18,1.6153512001037598,-0.13058927655220032,0.7743375897407532,1.0381401981882512
18,1.737727165222168,-0.13056331872940063,0.7782251834869385,1.0384584838790605
18,1.8601199388504028,-0.13053669035434723,0.7822945713996887,1.0388254904869265
18,1.9825085401535034,-0.1305089145898819,0.7865847945213318,1.0395770516010596
18,2.104888439178467,-0.13047952950000763,0.7911182045936584,1.0405804163968697
18,2.2272603511810303,-0.13044774532318115,0.7958763837814331,1.0418808598993097
18,2.3496241569519043,-0.13041257858276367,0.800835371017456,1.043343314902623
18,2.4719812870025635,-0.13037239015102386,0.805958092212677,1.0448033438409854
18,2.594331741333008,-0.13032561540603638,0.8112373948097229,1.0461239916706213
18,2.7166755199432373,-0.13027174770832062,0.8166688084602356,1.0473589232121918
18,2.839012622833252,-0.13021215796470642,0.8222492337226868,1.048519820986309
18,2.9613423347473145,-0.13014857470989227,0.8279860615730286,1.0491799311860555
18,3.0836639404296875,-0.13008305430412292,0.8338964581489563,1.0496165233039747
18,3.205972909927368,-0.1300150454044342,0.8400585055351257,1.0495699557031561
18,3.328272819519043,-0.12994395196437836,0.8465451598167419,1.0495481075754551
18,3.4505460262298584,-0.12986882030963898,0.8535135984420776,1.0495396531456294
18,3.572782516479492,-0.12979190051555634,0.8611003160476685,1.0492914657073626
18,3.6949703693389893,-0.12971419095993042,0.8694321513175964,1.048339755490722
18,3.817084312438965,-0.12962481379508972,0.8785185813903809,1.0462346339493152
18,3.939147710800171,-0.12951520085334778,0.8882637619972229,1.0430921340260042
18,4.0609636306762695,-0.12937307357788086,0.8983447551727295,1.0397741318445473
18,4.181690692901611,-0.1292029321193695,0.9083379507064819,1.0362617603848476
18,4.2728376388549805,-0.12905731797218323,0.915716290473938,1.0335030822751057
18,4.390388011932373,-0.12884843349456787,0.9246829152107239,1.0290551905719967
18,4.507999420166016,-0.12861494719982147,0.9328116178512573,1.0235229770020229
18,4.619358062744141,-0.12836787104606628,0.9393296837806702,1.0175618686221826
18,4.722324371337891,-0.12811465561389923,0.9440302848815918,1.010411891417532
18,4.825351238250732,-0.1278352290391922,0.9471941590309143,1.0026016499952237
18,4.921291828155518,-0.127548947930336,0.9485069513320923,0.9949482583015637
18,5.01515007019043,-0.12724199891090393,0.9481426477432251,0.9873313961919291
18,5.109268665313721,-0.12690480053424835,0.946092426776886,0.9797650542048709
18,5.204437732696533,-0.12653157114982605,0.9423249363899231,0.9722382032623047
18,5.300942897796631,-0.12611761689186096,0.9368669390678406,0.9651518169407461
18,5.399136543273926,-0.1256578415632248,0.9297927618026733,0.9587160925880024
18,5.498729705810547,-0.12515108287334442,0.9212544560432434,0.9532111771600981
18,5.5992112159729,-0.12459929287433624,0.9114435911178589,0.9492064961682741
18,5.699586868286133,-0.12400966137647629,0.9006066918373108,0.9465770170791251
18,5.800296306610107,-0.12338238209486008,0.8888130784034729,0.9453517664116684
18,5.900781154632568,-0.12272636592388153,0.8761858940124512,0.944904136720165
18,5.99955940246582,-0.12206089496612549,0.862960159778595,0.945913675847224
18,6.098225116729736,-0.12138789892196655,0.8489170670509338,0.9487335309085398
18,6.195746421813965,-0.120731420814991,0.8341543674468994,0.9533964634993457
18,6.291215896606445,-0.12011901289224625,0.8187651038169861,0.9599951257611806
18,6.384483337402344,-0.11957473307847977,0.8027468323707581,0.9686500794735379
18,6.475993633270264,-0.11911733448505402,0.7860220670700073,0.9789267928553061
18,6.565314292907715,-0.1187627837061882,0.7687280178070068,0.9908312739678737
18,6.652815818786621,-0.11852245032787323,0.7508307099342346,1.0057580101079047
18,6.742457866668701,-0.11839845031499863,0.7314422130584717,1.0260461538349752
18,6.791366100311279,-0.11837664991617203,0.7204222679138184,1.0383971852823068
18,6.813342094421387,-0.1183791384100914,0.7153750658035278,1.0442032412991447
18,6.835178375244141,-0.11839022487401962,0.7103053331375122,1.0502249241361323
18,6.856934070587158,-0.11841078847646713,0.7052039504051208,1.0564997902951991
18,6.878647804260254,-0.1184416115283966,0.7000672221183777,1.0628584395665106
18,6.900352478027344,-0.11848332732915878,0.6948924660682678,1.0694237157343358
18,6.9220380783081055,-0.11853640526533127,0.6896870136260986,1.076145361466399
18,6.943713188171387,-0.11860119551420212,0.6844540238380432,1.0829914157186527
18,6.9653825759887695,-0.11867791414260864,0.6791982054710388,1.0899220403321441
18,6.987046718597412,-0.1187666803598404,0.6739243268966675,1.0968643495753785
18,7.0087080001831055,-0.11886736005544662,0.6686369776725769,1.1035772094728629
18,7.030366897583008,-0.11897998303174973,0.6633397340774536,1.1101679411534853
18,7.052023887634277,-0.11910497397184372,0.6580352187156677,1.1165483896539603
18,7.073679447174072,-0.1192430704832077,0.6527250409126282,1.1225818416756292
18,7.095333576202393,-0.11939537525177002,0.6474104523658752,1.1282713087987695
18,7.1169867515563965,-0.11956336349248886,0.6420929431915283,1.1335367917722354
18,7.1386399269104,-0.11974858492612839,0.6367746591567993,1.1383151692643954
18,7.1602935791015625,-0.11995299905538559,0.631459653377533,1.142778410327221
18,7.181949138641357,-0.12017930299043655,0.6261526346206665,1.1469012667659555
18,7.203607082366943,-0.12043093144893646,0.6208580136299133,1.1506450815220162
18,7.225268840789795,-0.12071242183446884,0.6155798435211182,1.1539584054441432
18,7.24693489074707,-0.12102901190519333,0.6103212237358093,1.1565821093956932
18,7.268605709075928,-0.12138642370700836,0.6050838232040405,1.1585610401546227
18,7.290280818939209,-0.12179144471883774,0.5998690128326416,1.1599676193046315
18,7.311960220336914,-0.12225198745727539,0.5946772694587708,1.1607585195642272
18,7.333643913269043,-0.12277590483427048,0.5895081758499146,1.1608880214296844
18,7.355330944061279,-0.12337097525596619,0.5843607187271118,1.1603082142792653
18,7.377020359039307,-0.12404363602399826,0.5792344808578491,1.158919128049295
18,7.398712635040283,-0.12479816377162933,0.5741311311721802,1.1567565858470386
18,7.420408725738525,-0.12563732266426086,0.5690568089485168,1.153753302459663
18,7.442111015319824,-0.12656259536743164,0.5640242099761963,1.1501480775214028
18,7.4638237953186035,-0.12757618725299835,0.5590537190437317,1.1461562968855636
18,7.485552787780762,-0.1286826729774475,0.554176390171051,1.1421171528066878
18,7.507306098937988,-0.1298900991678238,0.5494303107261658,1.1385423087528013
18,7.529092311859131,-0.13121072947978973,0.5448605418205261,1.1360578913221728
18,7.55092191696167,-0.13266953825950623,0.5405129194259644,1.1349892457866444
18,7.572807788848877,-0.1343207061290741,0.5364335775375366,1.1361450854387345
18,7.5947675704956055,-0.1362554281949997,0.5326656103134155,1.1416512129444882
18,7.616746425628662,-0.138585165143013,0.5292544364929199,1.1539356986923663
18,7.638788223266602,-0.14141884446144104,0.5262081027030945,1.175541600161687
18,7.660881996154785,-0.144791379570961,0.52350914478302,1.2081329042793636
18,7.683005332946777,-0.14859066903591156,0.5211002826690674,1.2517321164586444
18,7.70512056350708,-0.15256033837795258,0.5188997387886047,1.3016718175164597
18,7.725647926330566,-0.15611615777015686,0.5169647336006165,1.3489005817136173
18,7.747659683227539,-0.15946385264396667,0.5149327516555786,1.392141856766509
18,7.769619941711426,-0.1621490865945816,0.512902557849884,1.4170008670951642
18,7.7916460037231445,-0.16419540345668793,0.5108421444892883,1.4240194308400373
18,7.813635349273682,-0.16571928560733795,0.5087563991546631,1.420133433068591
18,7.835774898529053,-0.16688087582588196,0.5066259503364563,1.4115625321104084
18,7.858055591583252,-0.16779880225658417,0.5044525265693665,1.4027375236154414
18,7.880407810211182,-0.16853344440460205,0.5022498369216919,1.3954123967552143
18,7.902756690979004,-0.16910959780216217,0.5000346302986145,1.3892259591235567
18,7.925093173980713,-0.16954807937145233,0.49781692028045654,1.3832497752556434
18,7.947387218475342,-0.16987264156341553,0.4956079423427582,1.377362556589885
18,7.9696364402771,-0.17010819911956787,0.4934147298336029,1.3720017541363345
18,7.99188756942749,-0.17027653753757477,0.49123650789260864,1.3673877180063212
18,8.014107704162598,-0.1703953891992569,0.4890769422054291,1.3633667457623633
18,8.036311149597168,-0.17048045992851257,0.4869314432144165,1.3597882886930182
18,8.05850887298584,-0.1705464869737625,0.48479196429252625,1.3565082549803664
18,8.080703735351562,-0.17060549557209015,0.48264870047569275,1.353381390118513
18,8.102896690368652,-0.17066746950149536,0.4804912805557251,1.3502646537878062
18,8.125086784362793,-0.17074048519134521,0.4783099293708801,1.3470451050908931
18,8.147274017333984,-0.17083163559436798,0.4760957956314087,1.3436925495041678
18,8.169456481933594,-0.1709480881690979,0.47384124994277954,1.340310360484835
18,8.191634178161621,-0.17109671235084534,0.47153958678245544,1.3371841617180364
18,8.21380615234375,-0.17128318548202515,0.4691842198371887,1.3346002722543495
18,8.235970497131348,-0.17151029407978058,0.4667678475379944,1.332731903585271
18,8.258127212524414,-0.1717769354581833,0.4642808735370636,1.3316852895208917
18,8.280274391174316,-0.1720794439315796,0.46171244978904724,1.3315714054541132
18,8.302409172058105,-0.17241249978542328,0.4590497612953186,1.332369701744761
18,8.324531555175781,-0.17276929318904877,0.4562779664993286,1.3339868472955694
18,8.346635818481445,-0.17314200103282928,0.4533817172050476,1.336265889947671
18,8.36872386932373,-0.17352204024791718,0.4503462314605713,1.339009959922252
18,8.390789985656738,-0.17390067875385284,0.44716039299964905,1.3419582724056232
18,8.412833213806152,-0.17426906526088715,0.4438173472881317,1.3447934410435063
18,8.434845924377441,-0.1746184527873993,0.44031861424446106,1.347450656591685
18,8.456825256347656,-0.17494076490402222,0.43667516112327576,1.3503748179688657
18,8.478767395019531,-0.175230473279953,0.4329027533531189,1.35427165765883
18,8.500672340393066,-0.17548440396785736,0.42900699377059937,1.3601142790134806
18,8.522547721862793,-0.17569807171821594,0.42496949434280396,1.3685173239552753
18,8.54436206817627,-0.17586368322372437,0.4207614064216614,1.3799963021888717
18,8.566072463989258,-0.1759675294160843,0.4163705110549927,1.3938086908940064
18,8.587722778320312,-0.17599715292453766,0.41180944442749023,1.4075625727187742
18,8.609343528747559,-0.17594143748283386,0.4071122407913208,1.4179789101543712
18,8.630960464477539,-0.1757906973361969,0.40232130885124207,1.4240625513890421
18,8.652528762817383,-0.17554110288619995,0.39751702547073364,1.4239072779875146
18,8.674095153808594,-0.17519590258598328,0.39278414845466614,1.4171407212340432
18,8.695637702941895,-0.17475011944770813,0.38819169998168945,1.4071640762668065
18,8.717177391052246,-0.17420269548892975,0.38382235169410706,1.3959255817435423
18,8.738723754882812,-0.17356926202774048,0.37979957461357117,1.38477340024298
18,8.760283470153809,-0.1728782057762146,0.3762246370315552,1.374078099495814
18,8.78184986114502,-0.17216533422470093,0.3731277287006378,1.3638682978143806
18,8.803436279296875,-0.17147067189216614,0.3704949915409088,1.353588935479306
18,8.82503890991211,-0.1708305925130844,0.3683440387248993,1.3428736999541182
18,8.846603393554688,-0.1702701300382614,0.3667333424091339,1.332276217854018
18,8.868155479431152,-0.16978490352630615,0.36569228768348694,1.3202878922363361
18,8.889677047729492,-0.16935080289840698,0.36521482467651367,1.3086809277109892
18,8.911152839660645,-0.168948695063591,0.3652538061141968,1.299915573220549
18,8.93256950378418,-0.1685771942138672,0.36573585867881775,1.2931255718142085
18,8.95391845703125,-0.16824913024902344,0.3665902316570282,1.2876384221862842
18,8.975227355957031,-0.1679832935333252,0.3677561581134796,1.282813006831375
18,8.996569633483887,-0.16780416667461395,0.3691840171813965,1.277697458194371
18,9.017890930175781,-0.16774475574493408,0.37082141637802124,1.272285021368345
18,9.039193153381348,-0.16783656179904938,0.3726157546043396,1.2658568895655087
18,9.060480117797852,-0.16809503734111786,0.3745001554489136,1.2575777380635322
18,9.081750869750977,-0.16851328313350677,0.3763982653617859,1.2469014013056354
18,9.103017807006836,-0.16907213628292084,0.3782550096511841,1.232791558507272
18,9.12428092956543,-0.16974596679210663,0.38007697463035583,1.2150151986858873
18,9.145533561706543,-0.17050211131572723,0.3819441497325897,1.1953314546355869
18,9.166768074035645,-0.1713024079799652,0.3839580714702606,1.1759828887833121
18,9.187978744506836,-0.17209960520267487,0.38619324564933777,1.1589788528657996
18,9.2091646194458,-0.1728445142507553,0.38865652680397034,1.1468795756176025
18,9.230337142944336,-0.17349451780319214,0.3912603259086609,1.1406936039317748
18,9.251510620117188,-0.17401902377605438,0.39389413595199585,1.1394391839941387
18,9.272690773010254,-0.1743767261505127,0.3965162932872772,1.1399166294730032
18,9.293868064880371,-0.17452140152454376,0.39920341968536377,1.1389316295786105
18,9.315018653869629,-0.17443932592868805,0.40211519598960876,1.1361532606572071
18,9.336119651794434,-0.1741694062948227,0.4054165482521057,1.133816025692324
18,9.357139587402344,-0.17377689480781555,0.4092094302177429,1.1330904064090317
18,9.378072738647461,-0.1733398586511612,0.41348186135292053,1.1336091076746788
18,9.39892578125,-0.17294886708259583,0.4181615710258484,1.1346568810678346
18,9.419750213623047,-0.17269426584243774,0.42317256331443787,1.1360694466111012
18,9.440523147583008,-0.17263996601104736,0.42842385172843933,1.1386938458752922
18,9.461261749267578,-0.17282623052597046,0.43382498621940613,1.143130668238798
18,9.482001304626465,-0.17327190935611725,0.4392627775669098,1.1484995293073421
18,9.502763748168945,-0.17397719621658325,0.44461116194725037,1.1536917684750492
18,9.523573875427246,-0.17493599653244019,0.44976386427879333,1.158364039276313
18,9.544445037841797,-0.17614461481571198,0.4546380341053009,1.1623921642972592
18,9.565381050109863,-0.17760750651359558,0.4591728746891022,1.1654108690697744
18,9.586380958557129,-0.17932523787021637,0.46334949135780334,1.1673992569892824
18,9.607434272766113,-0.1812964528799057,0.467184454202652,1.1682737457657923
18,9.628522872924805,-0.18351824581623077,0.4707271158695221,1.1679872251022199
18,9.649630546569824,-0.18598335981369019,0.4740539491176605,1.1665093462181864
18,9.670741081237793,-0.1886746883392334,0.4772571921348572,1.1639123816827888
18,9.691842079162598,-0.19156377017498016,0.4804271161556244,1.160446302165532
18,9.71292495727539,-0.194618359208107,0.48363909125328064,1.1564222199083616
18,9.733985900878906,-0.19780993461608887,0.48695242404937744,1.1520704492723033
18,9.75501823425293,-0.2011156976222992,0.49041667580604553,1.1471178021013886
18,9.776015281677246,-0.2045188546180725,0.4940684735774994,1.142030826731127
18,9.796960830688477,-0.20799823105335236,0.49793389439582825,1.136908036357535
18,9.817867279052734,-0.21153827011585236,0.5020351409912109,1.131824523951709
18,9.83873176574707,-0.21512238681316376,0.5063834190368652,1.1268423161519927
18,9.859553337097168,-0.2187357246875763,0.5109812021255493,1.1220275723793494
18,9.88033676147461,-0.22236602008342743,0.5158243179321289,1.1171774091410656
18,9.901067733764648,-0.22600282728672028,0.5208993554115295,1.1113980684743388
18,9.921746253967285,-0.22963657975196838,0.5261850357055664,1.1060303315925026
18,9.942377090454102,-0.23325882852077484,0.53166264295578,1.100871098031838
18,9.962964057922363,-0.23686285316944122,0.5373138785362244,1.09597452606793
18,9.983511924743652,-0.2404438853263855,0.5431190729141235,1.0904529235219675
18,10.004026412963867,-0.24400092661380768,0.5490577220916748,1.0844665880606446
18,10.024511337280273,-0.24753116071224213,0.5551101565361023,1.078805152707267
18,10.044973373413086,-0.2510312795639038,0.561257541179657,1.0734715495525342
18,10.065420150756836,-0.2544964551925659,0.567477822303772,1.068079084640497
18,10.085856437683105,-0.25792670249938965,0.5737503170967102,1.0620727156511018
18,10.106287956237793,-0.2613210082054138,0.580058753490448,1.056460839636416
18,10.126718521118164,-0.26467767357826233,0.586387574672699,1.0512132207549634
18,10.147161483764648,-0.2679966390132904,0.5927239060401917,1.0455701867883636
18,10.167612075805664,-0.27127736806869507,0.5990509986877441,1.039415084336972
18,10.188143730163574,-0.2745290994644165,0.6053760647773743,1.0336284117684682
18,10.208999633789062,-0.2777855098247528,0.6117578148841858,1.0284650552181396
18,10.230737686157227,-0.281125009059906,0.6183468103408813,1.0228720890526821
18,10.25250244140625,-0.2844114899635315,0.6248692870140076,1.0171282773233064
18,10.275927543640137,-0.28788119554519653,0.6317954659461975,1.0116507086219106
18,10.301519393920898,-0.2915879786014557,0.6392406821250916,1.006356121874535
18,10.32715892791748,-0.29520803689956665,0.6465632319450378,1.0005181957899831
18,10.354742050170898,-0.2989913821220398,0.6542778611183167,0.9949112439445801
18,10.383509635925293,-0.3028053045272827,0.6621330976486206,0.9900140943151492
18,10.412344932556152,-0.3064834475517273,0.6698005795478821,0.9851502271760373
18,10.441679000854492,-0.3100668787956238,0.677382230758667,0.9804668543582981
18,10.471084594726562,-0.31349366903305054,0.6847558617591858,0.9765074990188835
18,10.500657081604004,-0.31676796078681946,0.6919409036636353,0.9728252501748651
18,10.530308723449707,-0.3198714852333069,0.6989134550094604,0.9692147318365645
18,10.560029029846191,-0.3227982819080353,0.7056697607040405,0.9661476098586208
18,10.589813232421875,-0.32554712891578674,0.7122134566307068,0.9636394183907939
18,10.619660377502441,-0.3281165361404419,0.7185436487197876,0.9613067980765797
18,10.649564743041992,-0.3305048644542694,0.7246674299240112,0.9590387364219048
18,10.679523468017578,-0.3327160179615021,0.7305884957313538,0.9572378494824163
18,10.709532737731934,-0.33475539088249207,0.7363117933273315,0.9556667682171393
18,10.739588737487793,-0.33663076162338257,0.741845428943634,0.9541990149881338
18,10.769688606262207,-0.3383440375328064,0.7471936941146851,0.9526689705066479
18,10.799826622009277,-0.33990347385406494,0.7523671388626099,0.9512942088841038
18,10.829999923706055,-0.3413161635398865,0.7573723196983337,0.9501426350142287
18,10.860206604003906,-0.3425893485546112,0.7622165083885193,0.949071393339159
18,10.890440940856934,-0.34373077750205994,0.7669098377227783,0.9479765831795284
18,10.920702934265137,-0.34474271535873413,0.771458089351654,0.9468017769901824
18,10.95098876953125,-0.3456326127052307,0.7758718729019165,0.9456742660010954
18,10.981295585632324,-0.346407413482666,0.7801578044891357,0.9446255003301143
18,11.011622428894043,-0.3470737040042877,0.7843219637870789,0.9435836741558666
18,11.041967391967773,-0.3476405143737793,0.7883729934692383,0.9425513796329645
18,11.072327613830566,-0.34811338782310486,0.7923150658607483,0.9414082026040658
18,11.102701187133789,-0.34849947690963745,0.796156644821167,0.9401754843411345
18,11.133088111877441,-0.3488074541091919,0.7999038696289062,0.9389549428655889
18,11.16348648071289,-0.3490449786186218,0.8035616874694824,0.9377187484693179
18,11.19389533996582,-0.34922274947166443,0.8071377873420715,0.9364673402514201
18,11.224313735961914,-0.34934762120246887,0.8106363415718079,0.9352104693531832
18,11.254741668701172,-0.349428653717041,0.8140642642974854,0.9339231982545693
18,11.285184860229492,-0.3494729995727539,0.8174281120300293,0.9325380339427961
18,11.315634727478027,-0.34948471188545227,0.8207314610481262,0.931100729686908
18,11.346115112304688,-0.3494705855846405,0.8239824771881104,0.9296435506166354
18,11.376601219177246,-0.3494347631931305,0.827180802822113,0.9281901528136496
18,11.407156944274902,-0.34938153624534607,0.8303361535072327,0.9267067166507189
18,11.437857627868652,-0.34931308031082153,0.8334576487541199,0.9252056431054834
18,11.468563079833984,-0.3492319583892822,0.8365314602851868,0.923687194445063
18,11.499523162841797,-0.3491419553756714,0.8395819067955017,0.9221318860540416
18,11.530487060546875,-0.349042147397995,0.8425833582878113,0.9203041029329917
18,11.566744804382324,-0.34890955686569214,0.8460351228713989,0.9180769681566918
18,11.632457733154297,-0.34861519932746887,0.8520970940589905,0.9143894056155878
18,11.69819450378418,-0.34823745489120483,0.8578824996948242,0.9106279119407514
18,11.769787788391113,-0.3476884663105011,0.8638191819190979,0.9062977878255176
18,11.89925479888916,-0.3459731936454773,0.8733599185943604,0.8984202019590096
18,12.02881908416748,-0.3430687189102173,0.8811269402503967,0.8920404288617182
18,12.1504487991333,-0.33887985348701477,0.8864725232124329,0.8864150469883946
18,12.272076606750488,-0.33292660117149353,0.889766275882721,0.8796927419823939
18,12.37193489074707,-0.3264608681201935,0.8908307552337646,0.8736142590192887
18,12.49384593963623,-0.316191166639328,0.8901560306549072,0.8642542373965661
18,12.61544418334961,-0.30300745368003845,0.8873345851898193,0.8540190053457035
18,12.736648559570312,-0.2864111363887787,0.8826214671134949,0.8436671006072032
18,12.857213020324707,-0.2661050260066986,0.8763024806976318,0.8316923111127381
18,12.975896835327148,-0.24199378490447998,0.8688918352127075,0.8202396344851459
18,12.979570388793945,-0.24117974936962128,0.8686488270759583,0.8197581574947536
19,0.09258799254894257,-1.4381572008132935,3.124850273132324,1.000025404354506
19,0.19652234017848969,-1.4381895065307617,3.124936819076538,1.000069911298056
19,0.30309173464775085,-1.4382429122924805,3.125082015991211,1.000145558915087
19,0.4096609950065613,-1.4383186101913452,3.1252899169921875,1.000273466603558
19,0.5205106735229492,-1.4384210109710693,3.1255733966827393,1.000431630947081
19,0.6358183026313782,-1.4385530948638916,3.125938892364502,1.0006363976749415
19,0.751125693321228,-1.4387110471725464,3.126375198364258,1.0008858698739935
19,0.8699119091033936,-1.4389005899429321,3.126896858215332,1.0011657413388002
19,0.9908207654953003,-1.4391217231750488,3.12750244140625,1.0015046384970918
19,1.1117292642593384,-1.4393717050552368,3.128183603286743,1.0018716912807444
19,1.2336630821228027,-1.4396543502807617,3.1289479732513428,1.0022708920162176
19,1.3555963039398193,-1.4399689435958862,3.129791498184204,1.002713214196596
19,1.477920413017273,-1.4403185844421387,3.130718946456909,1.0031732405608305
19,1.6003596782684326,-1.4407051801681519,3.131732225418091,1.0036661067137687
19,1.7227981090545654,-1.4411300420761108,3.132833480834961,1.0041788553853535
19,1.8452614545822144,-1.4415963888168335,3.134028673171997,1.0047055944437666
19,1.9677234888076782,-1.4421058893203735,3.135324716567993,1.005259031889936
19,2.0901882648468018,-1.442660927772522,3.1367297172546387,1.005822577797338
19,2.2126517295837402,-1.4432635307312012,3.138258218765259,1.0064046396196356
19,2.335113286972046,-1.4439153671264648,3.139920234680176,1.0070099135532724
19,2.4575724601745605,-1.4446183443069458,3.1417360305786133,1.0076303066512058
19,2.5800282955169678,-1.4453743696212769,3.1437253952026367,1.0082978956135262
19,2.7024807929992676,-1.4461851119995117,3.1459062099456787,1.0090016566455566
19,2.8249285221099854,-1.4470531940460205,3.1483068466186523,1.0097537208862148
19,2.947371006011963,-1.447980523109436,3.150944948196411,1.0106069442087569
19,3.0698070526123047,-1.4489703178405762,3.1538453102111816,1.0115213071912
19,3.1922357082366943,-1.4500268697738647,3.15702486038208,1.012593062868658
19,3.3146557807922363,-1.4511539936065674,3.160491704940796,1.0137979628898517
19,3.4370667934417725,-1.4523590803146362,3.164245367050171,1.0151238295343168
19,3.5594685077667236,-1.4536489248275757,3.1682660579681396,1.0166900077467227
19,3.681861162185669,-1.4550323486328125,3.1725218296051025,1.018342088562144
19,3.8042266368865967,-1.4565194845199585,3.17694354057312,1.0201383193954727
19,3.926586866378784,-1.4581165313720703,3.1814777851104736,1.0219344464348648
19,4.048725605010986,-1.4598280191421509,3.1860203742980957,1.0237290451445604
19,4.170864582061768,-1.4616621732711792,3.190507411956787,1.0253270926466143
19,4.291914463043213,-1.4636075496673584,3.194829225540161,1.0267888648652945
19,4.409724235534668,-1.4656349420547485,3.1988391876220703,1.028015571967334
19,4.527538776397705,-1.4678062200546265,3.2026102542877197,1.0288903276654358
19,4.639021396636963,-1.4700103998184204,3.2059032917022705,1.0294901296092602
19,4.742038726806641,-1.4721943140029907,3.208674192428589,1.0297115212587877
19,4.845059871673584,-1.474536418914795,3.2111620903015137,1.0295096274704885
19,4.940195083618164,-1.4768580198287964,3.2131943702697754,1.0290037361684337
19,5.030140399932861,-1.4792098999023438,3.2148818969726562,1.0282143345177512
19,5.117651462554932,-1.4816588163375854,3.2163166999816895,1.0271565859740674
19,5.204375267028809,-1.4842557907104492,3.217557191848755,1.0258449765486117
19,5.290940761566162,-1.4870307445526123,3.218642473220825,1.0242682037672703
19,5.377501010894775,-1.4900023937225342,3.21960711479187,1.0224754434528525
19,5.464040756225586,-1.4931843280792236,3.220489263534546,1.0205193419342828
19,5.550571918487549,-1.496591567993164,3.22133469581604,1.0184681777735767
19,5.6370930671691895,-1.5002381801605225,3.222191333770752,1.0164004113387102
19,5.723602771759033,-1.5041413307189941,3.2231099605560303,1.014389002451016
19,5.8100972175598145,-1.5083222389221191,3.22413969039917,1.0125003256198004
19,5.896571159362793,-1.5128053426742554,3.225332260131836,1.0108480373558397
19,5.9830241203308105,-1.517613172531128,3.226733684539795,1.0096355449015928
19,6.069441318511963,-1.522763729095459,3.2283878326416016,1.0089590036057416
19,6.155797481536865,-1.5282678604125977,3.2303314208984375,1.0089496433717906
19,6.242051124572754,-1.5341246128082275,3.2325901985168457,1.0097088410146013
19,6.3282151222229,-1.5403202772140503,3.2351722717285156,1.0113278044477172
19,6.417160987854004,-1.5470433235168457,3.238158702850342,1.014116082894659
19,6.465980529785156,-1.5508564710617065,3.2399213314056396,1.0161840998728566
19,6.489785194396973,-1.552738070487976,3.240802049636841,1.0172990057055284
19,6.511580944061279,-1.5544729232788086,3.2416210174560547,1.018366776500031
19,6.533259868621826,-1.5562090873718262,3.2424476146698,1.0194799898810523
19,6.554880619049072,-1.557950496673584,3.243283271789551,1.0206409125826124
19,6.576502323150635,-1.5597009658813477,3.2441301345825195,1.0218486041072457
19,6.598165512084961,-1.5614631175994873,3.2449891567230225,1.0231064083733077
19,6.619827747344971,-1.5632325410842896,3.2458584308624268,1.0244049191337483
19,6.6415605545043945,-1.565014362335205,3.2467401027679443,1.02573968249791
19,6.663382530212402,-1.5668092966079712,3.247634172439575,1.027107525471617
19,6.685295581817627,-1.568616509437561,3.248540163040161,1.0285038100285508
19,6.707296848297119,-1.5704349279403687,3.2494568824768066,1.0299235582896802
19,6.729381561279297,-1.5722633600234985,3.2503836154937744,1.031361118689689
19,6.751546382904053,-1.5741002559661865,3.25131893157959,1.0328113556897913
19,6.773787021636963,-1.5759446620941162,3.2522616386413574,1.0342701328413817
19,6.795803070068359,-1.5777702331542969,3.2531983852386475,1.0357094754131468
19,6.817891597747803,-1.5796006917953491,3.254140615463257,1.037142564711741
19,6.840047836303711,-1.581434726715088,3.255086898803711,1.0385641890902666
19,6.862267971038818,-1.5832710266113281,3.2560360431671143,1.039968854613786
19,6.884547710418701,-1.5851083993911743,3.2569870948791504,1.0413519340554
19,6.906883239746094,-1.5869454145431519,3.2579386234283447,1.042707188052429
19,6.929337024688721,-1.5887866020202637,3.258892297744751,1.0440283061273108
19,6.9517998695373535,-1.590622067451477,3.259842872619629,1.0453127068426589
19,6.9742631912231445,-1.592450499534607,3.260788679122925,1.046547113807786
19,6.996771335601807,-1.594274878501892,3.261730670928955,1.0477336086768363
19,7.019319534301758,-1.5960942506790161,3.2626683712005615,1.0488687087176074
19,7.041903018951416,-1.5979077816009521,3.2636005878448486,1.0499490808880798
19,7.064518928527832,-1.5997148752212524,3.264526128768921,1.0509717747779843
19,7.087162494659424,-1.6015146970748901,3.265444755554199,1.051935197114373
19,7.109468460083008,-1.603278398513794,3.266341209411621,1.0528233878410926
19,7.131796360015869,-1.605034589767456,3.2672297954559326,1.0536506699869286
19,7.154143333435059,-1.6067830324172974,3.2681097984313965,1.0544162730845823
19,7.176505088806152,-1.6085234880447388,3.2689812183380127,1.0551131937096425
19,7.198868274688721,-1.6102551221847534,3.269843101501465,1.055746765586656
19,7.221242427825928,-1.6119791269302368,3.2706961631774902,1.0563202140166696
19,7.243624210357666,-1.6136956214904785,3.2715401649475098,1.0568355963215625
19,7.266009330749512,-1.6154049634933472,3.2723753452301025,1.0572963758691099
19,7.288394451141357,-1.6171075105667114,3.2732019424438477,1.0577040911177815
19,7.310895919799805,-1.6188130378723145,3.2740249633789062,1.058064930412534
19,7.333355903625488,-1.620510458946228,3.274839162826538,1.0583846361076208
19,7.355677127838135,-1.622193455696106,3.275641918182373,1.0586693551964166
19,7.377884387969971,-1.6238651275634766,3.276435613632202,1.0589281162713093
19,7.400205135345459,-1.6255435943603516,3.2772293090820312,1.0591661165693087
19,7.422328948974609,-1.6272066831588745,3.278012752532959,1.0593977188961934
19,7.4444427490234375,-1.6288691759109497,3.2787938117980957,1.0596400311066911
19,7.466543674468994,-1.6305315494537354,3.2795732021331787,1.0599044823320871
19,7.48862886428833,-1.6321943998336792,3.280350923538208,1.0602018518327452
19,7.510696887969971,-1.6338578462600708,3.281127691268921,1.0605412316798268
19,7.532744884490967,-1.6355218887329102,3.281903028488159,1.0609310157873406
19,7.554769992828369,-1.6371864080429077,3.2826766967773438,1.061377339506162
19,7.57686710357666,-1.6388581991195679,3.283451557159424,1.0618841768525107
19,7.598793029785156,-1.6405186653137207,3.2842180728912354,1.0624674415260031
19,7.620718955993652,-1.642180323600769,3.2849812507629395,1.063120215870776
19,7.642661094665527,-1.643843412399292,3.285740852355957,1.0638458571596958
19,7.664571285247803,-1.6455037593841553,3.2864933013916016,1.0646419308004975
19,7.686448097229004,-1.6471598148345947,3.2872371673583984,1.0655049931584157
19,7.708288669586182,-1.6488102674484253,3.287970542907715,1.066429653579018
19,7.730092525482178,-1.6504532098770142,3.288691282272339,1.0674046242947661
19,7.751733779907227,-1.652077555656433,3.289393663406372,1.0684080790307675
19,7.773349761962891,-1.6536915302276611,3.290079355239868,1.0694379584035028
19,7.794931888580322,-1.6552919149398804,3.2907464504241943,1.070466398139478
19,7.816514492034912,-1.6568788290023804,3.291393280029297,1.071462810934181
19,7.838099002838135,-1.658449411392212,3.292017698287964,1.072396072569987
19,7.85968542098999,-1.6600006818771362,3.2926175594329834,1.0732347912850075
19,7.881274700164795,-1.6615298986434937,3.2931909561157227,1.073951116290555
19,7.902865886688232,-1.6630346775054932,3.2937369346618652,1.0745233177493705
19,7.924459934234619,-1.6645129919052124,3.2942545413970947,1.0749330878289682
19,7.946056365966797,-1.6659637689590454,3.2947440147399902,1.0751584598154997
19,7.967655181884766,-1.6673862934112549,3.29520583152771,1.075240996633756
19,7.989256381988525,-1.6687813997268677,3.295642137527466,1.0752013900855122
19,8.010859489440918,-1.670150637626648,3.296055555343628,1.0750610090263415
19,8.032464981079102,-1.6714961528778076,3.2964491844177246,1.0748420463790063
19,8.054072380065918,-1.6728205680847168,3.296826124191284,1.0745665742987776
19,8.075679779052734,-1.6741257905960083,3.2971882820129395,1.0742515766732008
19,8.0972900390625,-1.6754131317138672,3.2975363731384277,1.0739030437853962
19,8.118901252746582,-1.6766836643218994,3.297870635986328,1.073539504978125
19,8.140512466430664,-1.6779381036758423,3.2981910705566406,1.0731680825865546
19,8.162125587463379,-1.6791772842407227,3.2984979152679443,1.0727877404981394
19,8.18373966217041,-1.680402159690857,3.29879093170166,1.0723965755474134
19,8.205354690551758,-1.6816134452819824,3.2990705966949463,1.0719924945921406
19,8.226970672607422,-1.682811975479126,3.299337387084961,1.0715733071399371
19,8.248587608337402,-1.6839985847473145,3.299591541290283,1.0711353785283473
19,8.270204544067383,-1.6851742267608643,3.2998340129852295,1.0706783146813228
19,8.29182243347168,-1.6863399744033813,3.300065517425537,1.0702069570565742
19,8.313441276550293,-1.6874966621398926,3.3002867698669434,1.0697257529737356
19,8.335060119628906,-1.688645601272583,3.3004987239837646,1.0692402649335886
19,8.356679916381836,-1.68978750705719,3.3007020950317383,1.0687569344759265
19,8.378299713134766,-1.6909235715866089,3.3008975982666016,1.0682826191495705
19,8.399920463562012,-1.6920543909072876,3.3010857105255127,1.067824021151601
19,8.421540260314941,-1.693180799484253,3.30126690864563,1.0673897436436255
19,8.443161964416504,-1.6943033933639526,3.3014416694641113,1.0669811344757802
19,8.46478271484375,-1.6954227685928345,3.301610231399536,1.0665991833293
19,8.486404418945312,-1.696539044380188,3.301772356033325,1.0662425666764621
19,8.508025169372559,-1.6976526975631714,3.301928758621216,1.0659092056956325
19,8.529646873474121,-1.6987639665603638,3.302079439163208,1.0655961479372833
19,8.551268577575684,-1.6998730897903442,3.3022241592407227,1.065299921283521
19,8.572890281677246,-1.7009801864624023,3.302363395690918,1.0650130185608395
19,8.594512939453125,-1.7020857334136963,3.302497148513794,1.0647360875804996
19,8.616134643554688,-1.7031899690628052,3.3026256561279297,1.0644682987379004
19,8.63775634765625,-1.7042933702468872,3.3027493953704834,1.0642092460527348
19,8.659379005432129,-1.7053965330123901,3.302868604660034,1.063960071965324
19,8.681001663208008,-1.7064999341964722,3.302983522415161,1.0637226208415647
19,8.70262336730957,-1.7076042890548706,3.3030946254730225,1.0635000170229694
19,8.72424602508545,-1.7087103128433228,3.3032021522521973,1.0632968487988919
19,8.745867729187012,-1.7098188400268555,3.3033065795898438,1.0631207044239375
19,8.767489433288574,-1.7109304666519165,3.303408145904541,1.0629741498842127
19,8.789111137390137,-1.7120459079742432,3.303506851196289,1.062860316347821
19,8.8107328414917,-1.7131657600402832,3.303602695465088,1.0627813245179494
19,8.832353591918945,-1.7142903804779053,3.3036959171295166,1.0627380758814433
19,8.853975296020508,-1.7154202461242676,3.303785800933838,1.0627299271129744
19,8.875596046447754,-1.7165553569793701,3.303872585296631,1.0627549574855302
19,8.897215843200684,-1.7176960706710815,3.3039560317993164,1.0628136055193131
19,8.918835639953613,-1.7188422679901123,3.3040354251861572,1.0628990450097526
19,8.94045639038086,-1.7199939489364624,3.3041107654571533,1.0630075814696185
19,8.962075233459473,-1.721151351928711,3.3041820526123047,1.0631370139333314
19,8.983695030212402,-1.7223145961761475,3.304248571395874,1.063285658525882
19,9.005313873291016,-1.7234835624694824,3.3043103218078613,1.0634525687302916
19,9.026932716369629,-1.724658489227295,3.3043670654296875,1.063637637965309
19,9.048550605773926,-1.7258397340774536,3.3044188022613525,1.0638373301972797
19,9.070169448852539,-1.7270275354385376,3.3044655323028564,1.064056214391892
19,9.09178638458252,-1.7282218933105469,3.304506778717041,1.0642959424968916
19,9.113404273986816,-1.7294234037399292,3.3045425415039062,1.0645578283872907
19,9.135021209716797,-1.7306321859359741,3.304572582244873,1.064842900115187
19,9.156637191772461,-1.7318483591079712,3.3045969009399414,1.0651516703497612
19,9.178253173828125,-1.7330724000930786,3.304615020751953,1.0654843838244137
19,9.199869155883789,-1.7343041896820068,3.30462646484375,1.065840791473532
19,9.221484184265137,-1.735543966293335,3.304631233215332,1.0662224476857025
19,9.243098258972168,-1.7367916107177734,3.30462908744812,1.066624385695984
19,9.2647123336792,-1.7380471229553223,3.304619073867798,1.067044979859983
19,9.28632640838623,-1.7393105030059814,3.3046011924743652,1.0674824082992467
19,9.307939529418945,-1.740581750869751,3.304575204849243,1.0679352435492488
19,9.32955265045166,-1.7418605089187622,3.3045406341552734,1.0684022056710054
19,9.351164817810059,-1.7431470155715942,3.304497003555298,1.0688822749082116
19,9.372776985168457,-1.744441032409668,3.3044440746307373,1.0693757843052445
19,9.394388198852539,-1.745742678642273,3.3043816089630127,1.069881849955578
19,9.415999412536621,-1.7470518350601196,3.304309368133545,1.0704000300158674
19,9.437609672546387,-1.748368501663208,3.304226875305176,1.0709304687563999
19,9.459218978881836,-1.7496927976608276,3.304133653640747,1.0714732785228465
19,9.480829238891602,-1.751024603843689,3.304029703140259,1.0720191201504095
19,9.502437591552734,-1.7523638010025024,3.3039143085479736,1.0725734326611849
19,9.524045944213867,-1.7537105083465576,3.3037872314453125,1.0731384054763513
19,9.545653343200684,-1.7550643682479858,3.303647994995117,1.0737128293684337
19,9.5672607421875,-1.756425380706787,3.3034958839416504,1.0742950466963073
19,9.588868141174316,-1.7577931880950928,3.303330898284912,1.0748833112467573
19,9.610474586486816,-1.7591675519943237,3.303152084350586,1.075476142150922
19,9.632080078125,-1.7605482339859009,3.3029589653015137,1.0760720796628374
19,9.653684616088867,-1.7619349956512451,3.3027515411376953,1.0766695681056047
19,9.67529010772705,-1.7633273601531982,3.3025286197662354,1.0772674315094863
19,9.696893692016602,-1.7647250890731812,3.302290201187134,1.0778626675571719
19,9.718497276306152,-1.7661279439926147,3.302035331726074,1.0784556299572463
19,9.740100860595703,-1.7675355672836304,3.3017640113830566,1.079045777322068
19,9.761703491210938,-1.7689476013183594,3.3014752864837646,1.0796323160718662
19,9.783305168151855,-1.7703638076782227,3.30116868019104,1.08021504323677
19,9.804906845092773,-1.771783709526062,3.3008434772491455,1.0807932741138402
19,9.826507568359375,-1.773207187652588,3.300499439239502,1.0813664382031751
19,9.848108291625977,-1.7746336460113525,3.300135850906372,1.081931785611604
19,9.869709014892578,-1.7760627269744873,3.2997517585754395,1.0824687797968116
19,9.891307830810547,-1.777494192123413,3.299346446990967,1.0829884309293611
19,9.912906646728516,-1.7789274454116821,3.298919439315796,1.0834962325424216
19,9.934505462646484,-1.7803620100021362,3.2984695434570312,1.083990709080852
19,9.956103324890137,-1.7817972898483276,3.2979962825775146,1.0844702674355229
19,9.977701187133789,-1.7832326889038086,3.2974987030029297,1.0849331922469148
19,9.999297142028809,-1.7846673727035522,3.296976327896118,1.0853767563637153
19,10.020893096923828,-1.7861007452011108,3.2964279651641846,1.0857956259606114
19,10.042489051818848,-1.787531852722168,3.2958531379699707,1.0861926968314628
19,10.06408405303955,-1.7889598608016968,3.2952513694763184,1.0865647141060335
19,10.085679054260254,-1.7903833389282227,3.294621706008911,1.0869056736632152
19,10.10727310180664,-1.7918013334274292,3.2939634323120117,1.0872098666339634
19,10.128867149353027,-1.7932125329971313,3.29327654838562,1.087472974085579
19,10.150466918945312,-1.79461669921875,3.292560577392578,1.0876958854028718
19,10.172137260437012,-1.7960171699523926,3.2918131351470947,1.0878774087977454
19,10.193807601928711,-1.7974086999893188,3.291036605834961,1.0880316209311058
19,10.215800285339355,-1.798811435699463,3.2902190685272217,1.088167198104603
19,10.23869514465332,-1.8002607822418213,3.289336919784546,1.088280572259419
19,10.263299942016602,-1.8018053770065308,3.2883541584014893,1.0883394055522744
19,10.287904739379883,-1.8033361434936523,3.2873361110687256,1.0883725813651568
19,10.314738273620605,-1.8049890995025635,3.286186933517456,1.0884009865589224
19,10.343547821044922,-1.8067431449890137,3.28490948677063,1.088407586034702
19,10.372356414794922,-1.808475136756897,3.283588171005249,1.0883806489569017
19,10.40233325958252,-1.81025230884552,3.282167673110962,1.0883389925044524
19,10.432754516601562,-1.8120276927947998,3.2806806564331055,1.0882350670642909
19,10.463174819946289,-1.813773512840271,3.279149055480957,1.0881015543721293
19,10.493694305419922,-1.8154932260513306,3.2775700092315674,1.0879245552900658
19,10.524212837219238,-1.8171794414520264,3.2759501934051514,1.0876778062628187
19,10.554742813110352,-1.818830966949463,3.274291515350342,1.08739666007233
19,10.585271835327148,-1.8204452991485596,3.272597074508667,1.0870296124344159
19,10.615800857543945,-1.822021245956421,3.270869016647339,1.0866022656420793
19,10.646329879760742,-1.823556661605835,3.269110679626465,1.08611619038181
19,10.676859855651855,-1.8250503540039062,3.267324686050415,1.0855166863876191
19,10.707389831542969,-1.8265007734298706,3.2655138969421387,1.0848088652168844
19,10.737921714782715,-1.8279063701629639,3.263681411743164,1.0839916617079972
19,10.768454551696777,-1.829265832901001,3.2618300914764404,1.08307874550413
19,10.79898738861084,-1.8305778503417969,3.2599644660949707,1.082097224158787
19,10.829523086547852,-1.831841230392456,3.258087635040283,1.08095954999834
19,10.86005973815918,-1.833055019378662,3.2562031745910645,1.079747937643029
19,10.890597343444824,-1.83421790599823,3.2543156147003174,1.0784129035371266
19,10.921136856079102,-1.8353294134140015,3.252427816390991,1.0769433842380443
19,10.951679229736328,-1.8363885879516602,3.250544786453247,1.075390600151603
19,10.982224464416504,-1.8373945951461792,3.2486701011657715,1.0736507353790259
19,11.012771606445312,-1.8383469581604004,3.24680757522583,1.0718095018795648
19,11.04332160949707,-1.8392449617385864,3.244962453842163,1.0698363580806667
19,11.073873519897461,-1.8400884866714478,3.243137836456299,1.0676891088830682
19,11.104429244995117,-1.840876817703247,3.2413382530212402,1.0654441091719502
19,11.134987831115723,-1.841610074043274,3.2395684719085693,1.0630039895480614
19,11.165549278259277,-1.8422878980636597,3.2378320693969727,1.0604286240267782
19,11.196114540100098,-1.8429107666015625,3.236133337020874,1.0577265237487963
19,11.226683616638184,-1.843478798866272,3.234476327896118,1.0548223426820744
19,11.257257461547852,-1.8439927101135254,3.2328641414642334,1.0518157006450322
19,11.287842750549316,-1.8444536924362183,3.2313008308410645,1.0486267957723092
19,11.31843090057373,-1.8448625802993774,3.2297890186309814,1.045294454656949
19,11.349047660827637,-1.8452214002609253,3.2283318042755127,1.0418566840709171
19,11.379667282104492,-1.8455315828323364,3.2269320487976074,1.0381892296557116
19,11.410355567932129,-1.84579598903656,3.2255899906158447,1.0344357819873522
19,11.441187858581543,-1.84601891040802,3.22430682182312,1.0305459670617305
19,11.47202205657959,-1.8462021350860596,3.2230911254882812,1.0264375141373594
19,11.5031099319458,-1.8463517427444458,3.2219371795654297,1.0221797482679107
19,11.539509773254395,-1.8464853763580322,3.2206733226776123,1.016852376584951
19,11.575913429260254,-1.8465808629989624,3.2194995880126953,1.0113928532191299
19,11.641878128051758,-1.846705436706543,3.2176036834716797,1.0014963413036388
19,11.70785140991211,-1.8467992544174194,3.216015338897705,0.9911603095814503
19,11.773831367492676,-1.8469023704528809,3.2147345542907715,0.9805574985852141
19,11.903650283813477,-1.8474340438842773,3.212970018386841,0.9588852474784225
19,12.03347396850586,-1.8486391305923462,3.212224006652832,0.9380113759052522
19,12.07071590423584,-1.8491765260696411,3.2122063636779785,0.9322425178160221
20,0.9396941065788269,1.455425500869751,3.0339527130126953,1.0015793389164578
20,1.060602068901062,1.4557644128799438,3.034656524658203,1.0019766814398523
20,1.1825354099273682,1.4561505317687988,3.0354490280151367,1.002439258855402
20,1.304468035697937,1.4565821886062622,3.036324977874756,1.002928059377769
20,1.4267913103103638,1.4570633172988892,3.0372893810272217,1.0034515123009762
20,1.5491136312484741,1.457594394683838,3.038341522216797,1.004015934237136
20,1.671550989151001,1.4581785202026367,3.039484739303589,1.0045980013673743
20,1.7940130233764648,1.4588181972503662,3.040724039077759,1.0052150365982444
20,1.916473627090454,1.4595152139663696,3.042062997817993,1.0058516951884318
20,2.0389368534088135,1.4602725505828857,3.0435116291046143,1.0065051525495659
20,2.161397933959961,1.4610918760299683,3.045078992843628,1.0071891163081037
20,2.283857583999634,1.461975336074829,3.0467777252197266,1.0078877753071656
20,2.4063143730163574,1.4629247188568115,3.048626184463501,1.0086155677765278
20,2.528768301010132,1.4639414548873901,3.050638198852539,1.0093803821480705
20,2.6512181758880615,1.465027093887329,3.0528390407562256,1.0101684775617572
20,2.773663282394409,1.4661833047866821,3.055250644683838,1.011044312635042
20,2.8961029052734375,1.4674116373062134,3.057894229888916,1.0119758759362558
20,3.01853609085083,1.4687148332595825,3.060798406600952,1.012997803339178
20,3.1409616470336914,1.4700952768325806,3.063977003097534,1.01417680091332
20,3.263378143310547,1.4715570211410522,3.0674493312835693,1.0154475044064137
20,3.385784864425659,1.4731065034866333,3.0712151527404785,1.0169713551791573
20,3.50818133354187,1.474748969078064,3.0752665996551514,1.0186603546748112
20,3.630567789077759,1.4764950275421143,3.0795655250549316,1.0205288139343576
20,3.7529456615448,1.4783505201339722,3.0840630531311035,1.0226313017694348
20,3.8752970695495605,1.480323076248169,3.0886855125427246,1.0247991357131492
20,3.9974262714385986,1.4824129343032837,3.093327522277832,1.027034105897576
20,4.1195549964904785,1.4846265316009521,3.0979278087615967,1.0292167040741536
20,4.240594863891602,1.4869468212127686,3.1023402214050293,1.0313431116472929
20,4.361639976501465,1.4893993139266968,3.1065335273742676,1.033246690354158
20,4.479447364807129,1.491921067237854,3.1103293895721436,1.0349575713349648
20,4.590924263000488,1.4944418668746948,3.113588571548462,1.0363724584886438
20,4.7024078369140625,1.497104287147522,3.1164770126342773,1.0374257480331526
20,4.805427551269531,1.4997031688690186,3.1187689304351807,1.0381483739014408
20,4.9005632400512695,1.5022329092025757,3.120532751083374,1.038545377406659
20,4.990509510040283,1.504749059677124,3.121872901916504,1.0386111040597035
20,5.080456256866455,1.5073941946029663,3.122889518737793,1.0383442296663057
20,5.167969226837158,1.5100984573364258,3.12357234954834,1.0378119781790953
20,5.25469446182251,1.5129121541976929,3.1239633560180664,1.0370252718942188
20,5.34126091003418,1.515859842300415,3.124086856842041,1.0359933652683473
20,5.4278082847595215,1.5189521312713623,3.1239659786224365,1.0347289992012658
20,5.514349460601807,1.522195816040039,3.1236259937286377,1.0332493307636548
20,5.600883483886719,1.5255969762802124,3.123096227645874,1.03157510013933
20,5.687409400939941,1.5291613340377808,3.1224076747894287,1.0297042776070504
20,5.773927688598633,1.5328946113586426,3.1215925216674805,1.0276960343844648
20,5.86043643951416,1.5368021726608276,3.1206836700439453,1.0255765152847667
20,5.946932792663574,1.5408893823623657,3.119715929031372,1.0233667487762235
20,6.033407688140869,1.5451610088348389,3.1187217235565186,1.0210840497300298
20,6.119840621948242,1.5496211051940918,3.1177337169647217,1.018739839888917
20,6.206226825714111,1.5542733669281006,3.116783380508423,1.0163456213010313
20,6.292443752288818,1.5591151714324951,3.11590313911438,1.013997916961126
20,6.3786492347717285,1.5641645193099976,3.1151230335235596,1.0116763844853234
20,6.464843273162842,1.5694265365600586,3.114459991455078,1.0091050748020738
20,6.4889984130859375,1.5709484815597534,3.1143083572387695,1.008394560027314
20,6.5113420486450195,1.5723748207092285,3.11418080329895,1.0077611709723042
20,6.5336833000183105,1.5738197565078735,3.1140666007995605,1.007133418612446
20,6.556067943572998,1.5752869844436646,3.113966226577759,1.0065060862741846
20,6.5782952308654785,1.57676362991333,3.1138813495635986,1.0058862298923217
20,6.600613594055176,1.5782668590545654,3.113811731338501,1.005267614252832
20,6.62293004989624,1.5797909498214722,3.1137588024139404,1.004652873399916
20,6.6453423500061035,1.5813435316085815,3.113723039627075,1.0040400026311098
20,6.667848110198975,1.5829252004623413,3.11370587348938,1.0034298586895187
20,6.690443992614746,1.5845364332199097,3.113708019256592,1.0028234104272626
20,6.713126182556152,1.586177945137024,3.1137309074401855,1.0022220407884654
20,6.735889434814453,1.5878502130508423,3.1137754917144775,1.0016271346253827
20,6.758729457855225,1.5895534753799438,3.113842725753784,1.0010403797239413
20,6.781641960144043,1.5912883281707764,3.113933801651001,1.0004635873615353
20,6.80462121963501,1.593055009841919,3.1140496730804443,0.9998994683955279
20,6.8275980949401855,1.594848871231079,3.1141905784606934,0.9993507826256155
20,6.850637435913086,1.5966756343841553,3.1143581867218018,0.9988179400563765
20,6.873874664306641,1.5985468626022339,3.1145544052124023,0.9983038435200957
20,6.89717435836792,1.6004525423049927,3.114778757095337,0.9978093918415295
20,6.920178413391113,1.6023638248443604,3.1150288581848145,0.9973437347775447
20,6.943227767944336,1.6043087244033813,3.1153080463409424,0.9969049680444189
20,6.966317653656006,1.6062875986099243,3.115617275238037,0.99649539137956
20,6.98931360244751,1.608289361000061,3.115955114364624,0.9961196828693805
20,7.012341499328613,1.610325574874878,3.116323947906494,0.9957791635253815
20,7.035398006439209,1.612396240234375,3.1167242527008057,0.9954775614881128
20,7.058450698852539,1.6144993305206299,3.117156505584717,0.9952221465021166
20,7.081528663635254,1.6166380643844604,3.1176211833953857,0.9950137861466664
20,7.104626178741455,1.6188124418258667,3.118119239807129,0.994856910583687
20,7.127739906311035,1.6210228204727173,3.1186511516571045,0.9947561373573242
20,7.150864124298096,1.6232693195343018,3.1192169189453125,0.9947163223001921
20,7.173995494842529,1.6255521774291992,3.1198174953460693,0.9947417349672358
20,7.196911811828613,1.6278495788574219,3.1204469203948975,0.9948340600558152
20,7.2198286056518555,1.6301828622817993,3.1211109161376953,0.9950015488265548
20,7.242740631103516,1.6325525045394897,3.1218101978302,0.995249749899506
20,7.2658257484436035,1.634977102279663,3.1225502490997314,0.9955854951564715
20,7.288763523101807,1.6374238729476929,3.123321533203125,0.9960159620609385
20,7.311367034912109,1.6398731470108032,3.124117851257324,0.9965509353403306
20,7.334600448608398,1.6424293518066406,3.1249730587005615,0.9971865706726487
20,7.357828140258789,1.6450244188308716,3.1258654594421387,0.9979723997282388
20,7.380551338195801,1.6476027965545654,3.1267759799957275,0.9988730594330623
20,7.403110980987549,1.6502012014389038,3.127716064453125,0.9998922481835918
20,7.425686359405518,1.6528394222259521,3.128692865371704,1.0010484728760514
20,7.448238372802734,1.6555132865905762,3.129704475402832,1.002357972227509
20,7.470765113830566,1.6582221984863281,3.130750894546509,1.0038304477185582
20,7.493264198303223,1.6609653234481812,3.131831407546997,1.005476972642468
20,7.515734672546387,1.6637417078018188,3.1329450607299805,1.0073086599867889
20,7.538174152374268,1.6665500402450562,3.134091377258301,1.009336153487596
20,7.560579776763916,1.6693882942199707,3.1352689266204834,1.0115689094567322
20,7.582948684692383,1.6722543239593506,3.1364760398864746,1.0140148150303887
20,7.605279445648193,1.675145149230957,3.1377110481262207,1.0166774266483154
20,7.6273884773254395,1.678033471107483,3.1389615535736084,1.0195156772892908
20,7.64949369430542,1.6809439659118652,3.1402368545532227,1.0225894520567234
20,7.671457767486572,1.683854103088379,3.141526699066162,1.0258433650410201
20,7.693383693695068,1.6867722272872925,3.1428332328796387,1.0292781766840955
20,7.715269565582275,1.6896922588348389,3.1441526412963867,1.0328470185888812
20,7.737193584442139,1.6926175355911255,3.1454854011535645,1.0365293715060218
20,7.759068012237549,1.6955291032791138,3.1468217372894287,1.0402482982920975
20,7.78085994720459,1.6984143257141113,3.1481544971466064,1.0439159032055394
20,7.802492141723633,1.701255440711975,3.149474859237671,1.0474437730091521
20,7.823988914489746,1.7040492296218872,3.15078067779541,1.0506978151552864
20,7.845490455627441,1.7068085670471191,3.1520776748657227,1.053574931695436
20,7.866973400115967,1.7095271348953247,3.1533634662628174,1.0559828983627484
20,7.888442516326904,1.7122048139572144,3.1546382904052734,1.0579035917163166
20,7.909902095794678,1.7148447036743164,3.1559042930603027,1.0593973582936203
20,7.93135929107666,1.717451810836792,3.1571638584136963,1.0605735417244901
20,7.952818870544434,1.7200303077697754,3.1584184169769287,1.0615595845489878
20,7.974282264709473,1.7225825786590576,3.159667491912842,1.062463567553432
20,7.995748996734619,1.7251087427139282,3.16090989112854,1.0633731025742752
20,8.017219543457031,1.7276076078414917,3.1621439456939697,1.0643458422395973
20,8.038694381713867,1.7300769090652466,3.1633682250976562,1.0654297574646272
20,8.060173034667969,1.7325149774551392,3.164581775665283,1.0666285178964134
20,8.081655502319336,1.734919786453247,3.165785074234009,1.0679095374394652
20,8.103142738342285,1.7372907400131226,3.1669790744781494,1.0692239002879804
20,8.124634742736816,1.7396279573440552,3.168165922164917,1.0705067217831465
20,8.146129608154297,1.7419323921203613,3.1693472862243652,1.0716627419850293
20,8.167628288269043,1.7442058324813843,3.1705241203308105,1.0726630646521391
20,8.189130783081055,1.7464498281478882,3.1716971397399902,1.073512885774661
20,8.2106351852417,1.7486653327941895,3.172865629196167,1.0742241505987953
20,8.232144355773926,1.7508528232574463,3.1740288734436035,1.0747952813883042
20,8.253655433654785,1.753012776374817,3.175187110900879,1.075221988001602
20,8.275169372558594,1.7551460266113281,3.176339864730835,1.0755147775987777
20,8.296687126159668,1.7572537660598755,3.177487373352051,1.0756816826216231
20,8.318206787109375,1.7593376636505127,3.1786303520202637,1.0757938304075623
20,8.339729309082031,1.761399269104004,3.1797685623168945,1.0758946532558158
20,8.36125373840332,1.7634402513504028,3.1809027194976807,1.0760192950267973
20,8.382780075073242,1.7654616832733154,3.182032585144043,1.0761931174913142
20,8.404308319091797,1.767464280128479,3.1831579208374023,1.0764300600939056
20,8.4258394241333,1.7694480419158936,3.1842780113220215,1.076733899714872
20,8.447371482849121,1.7714128494262695,3.185392379760742,1.077103332851926
20,8.46890640258789,1.7733583450317383,3.186499834060669,1.0775225947053857
20,8.490443229675293,1.7752840518951416,3.1875996589660645,1.0779740399362214
20,8.511981964111328,1.7771893739700317,3.1886911392211914,1.078431463519892
20,8.533522605895996,1.77907395362854,3.1897730827331543,1.0789008401501148
20,8.55506706237793,1.780937671661377,3.190845012664795,1.0793687921947939
20,8.57661247253418,1.782780408859253,3.191906452178955,1.0798317453145294
20,8.598160743713379,1.7846025228500366,3.1929566860198975,1.080283751088236
20,8.619711875915527,1.7864042520523071,3.193995475769043,1.0807225886696057
20,8.641263961791992,1.7881861925125122,3.1950225830078125,1.081150934231737
20,8.662818908691406,1.7899491786956787,3.196038007736206,1.08157128542514
20,8.684375762939453,1.791693925857544,3.1970415115356445,1.0819870970557455
20,8.705934524536133,1.7934211492538452,3.198032855987549,1.0824027989979015
20,8.727495193481445,1.795131802558899,3.199012279510498,1.0828228559589643
20,8.74905776977539,1.7968264818191528,3.199979543685913,1.0832521131740291
20,8.770622253417969,1.7985061407089233,3.200934410095215,1.0836957890053842
20,8.792187690734863,1.800171136856079,3.2018768787384033,1.084154713223391
20,8.81375503540039,1.8018220663070679,3.202806234359741,1.084615477140426
20,8.83532428741455,1.8034589290618896,3.2037224769592285,1.0850946450346182
20,8.856895446777344,1.8050823211669922,3.204624891281128,1.0855912162271895
20,8.878467559814453,1.8066922426223755,3.2055132389068604,1.0861037178284574
20,8.900041580200195,1.8082889318466187,3.2063868045806885,1.0866299765487306
20,8.92161750793457,1.8098722696304321,3.207245349884033,1.0871680597335536
20,8.943194389343262,1.8114426136016846,3.208087921142578,1.0877148134522017
20,8.964773178100586,1.8130000829696655,3.2089145183563232,1.0882685591987113
20,8.986353874206543,1.8145447969436646,3.209724187850952,1.088828112894324
20,9.007935523986816,1.8160768747329712,3.210516929626465,1.089392539435584
20,9.029518127441406,1.8175969123840332,3.211292028427124,1.0899615995837895
20,9.051103591918945,1.8191050291061401,3.2120494842529297,1.0905352593232762
20,9.072689056396484,1.8206015825271606,3.2127885818481445,1.091113997506204
20,9.094277381896973,1.822087049484253,3.2135095596313477,1.0916986052434219
20,9.115865707397461,1.8235617876052856,3.2142114639282227,1.092289656836542
20,9.137455940246582,1.825026035308838,3.2148947715759277,1.092887252780872
20,9.15904712677002,1.8264802694320679,3.2155587673187256,1.0934742154012653
20,9.18064022064209,1.8279248476028442,3.216203212738037,1.0940678804907498
20,9.202234268188477,1.829360008239746,3.2168283462524414,1.0946684310400991
20,9.22382926940918,1.8307859897613525,3.217433452606201,1.0952750206390374
20,9.245426177978516,1.8322031497955322,3.2180185317993164,1.0958870529903013
20,9.267023086547852,1.8336118459701538,3.218583106994629,1.0965032944421664
20,9.28862190246582,1.8350121974945068,3.2191274166107178,1.097122843515571
20,9.310221672058105,1.83640456199646,3.219650983810425,1.0977450582771218
20,9.33182144165039,1.8377892971038818,3.220153570175171,1.0983691967897102
20,9.353423118591309,1.8391666412353516,3.220635414123535,1.0989951193040657
20,9.375025749206543,1.8405370712280273,3.2210958003997803,1.0996224480031012
20,9.396628379821777,1.8419008255004883,3.2215349674224854,1.1002510307276578
20,9.418232917785645,1.8432583808898926,3.2219529151916504,1.100881716699734
20,9.439837455749512,1.8446102142333984,3.222349166870117,1.1015149083355518
20,9.461442947387695,1.845956563949585,3.222724199295044,1.1021511096071241
20,9.483049392700195,1.8472981452941895,3.2230772972106934,1.102791158422091
20,9.504655838012695,1.8486350774765015,3.2234091758728027,1.103435280343445
20,9.526263236999512,1.8499679565429688,3.2237191200256348,1.1040840427226402
20,9.547871589660645,1.8512972593307495,3.2240076065063477,1.1047237870954323
20,9.569479942321777,1.8526232242584229,3.2242743968963623,1.105368291637336
20,9.59108829498291,1.853946328163147,3.2245194911956787,1.106018022523107
20,9.61269760131836,1.855266809463501,3.224742889404297,1.1066728288204766
20,9.634306907653809,1.856585144996643,3.224944591522217,1.1073325704923613
20,9.655917167663574,1.857901692390442,3.2251245975494385,1.1079975887195919
20,9.67752742767334,1.8592168092727661,3.225282907485962,1.1086676393702324
20,9.699137687683105,1.8605307340621948,3.225419282913208,1.1093432617120569
20,9.720747947692871,1.8618439435958862,3.225534200668335,1.1100249408559226
20,9.742358207702637,1.8631566762924194,3.2256271839141846,1.11071298040959
20,9.763969421386719,1.8644694089889526,3.225698471069336,1.1114079653501432
20,9.785579681396484,1.865782380104065,3.225748062133789,1.1121107098217617
20,9.807190895080566,1.8670960664749146,3.225775957107544,1.1128218986295788
20,9.828801155090332,1.868410587310791,3.2257819175720215,1.1135420852771827
20,9.850412368774414,1.869726300239563,3.225766181945801,1.114271810879078
20,9.87202262878418,1.8710435628890991,3.225728750228882,1.1150129595957659
20,9.893632888793945,1.872362494468689,3.2256691455841064,1.1157649252432251
20,9.915243148803711,1.8736834526062012,3.225587844848633,1.1165277262165934
20,9.936853408813477,1.8750065565109253,3.2254843711853027,1.1173015266067199
20,9.958462715148926,1.8763318061828613,3.225358724594116,1.1180698447696928
20,9.980072021484375,1.877659559249878,3.225210666656494,1.1188483370045466
20,10.001681327819824,1.8789896965026855,3.2250399589538574,1.1196369575573712
20,10.023289680480957,1.8803223371505737,3.224846839904785,1.1204359641431476
20,10.04489803314209,1.881657600402832,3.22463059425354,1.1212449782201228
20,10.066506385803223,1.8829954862594604,3.224391460418701,1.122063819470136
20,10.088113784790039,1.8843358755111694,3.2241289615631104,1.1228924801995195
20,10.109721183776855,1.885678768157959,3.2238426208496094,1.123731561001178
20,10.131327629089355,1.8870242834091187,3.2235324382781982,1.124581557299019
20,10.15294075012207,1.8883726596832275,3.223198175430298,1.1254446660724648
20,10.174623489379883,1.8897278308868408,3.2228376865386963,1.1263262105169782
20,10.196306228637695,1.8910852670669556,3.222452163696289,1.1272277889337545
20,10.218311309814453,1.8924651145935059,3.222034454345703,1.1281589558937626
20,10.241219520568848,1.8939037322998047,3.2215709686279297,1.1291423962145595
20,10.265838623046875,1.8954517841339111,3.2210402488708496,1.1302133863228252
20,10.29268741607666,1.897141695022583,3.2204222679138184,1.1314003502768866
20,10.319535255432129,1.8988319635391235,3.2197630405426025,1.1326025370628663
20,10.348359107971191,1.90064537525177,3.219008684158325,1.1338956492065357
20,10.377182006835938,1.9024558067321777,3.218204975128174,1.1351673144835819
20,10.407174110412598,1.904334545135498,3.217315196990967,1.1365007417308626
20,10.43760871887207,1.9062336683273315,3.216356039047241,1.1378622784130188
20,10.468042373657227,1.9081236124038696,3.2153398990631104,1.1392463763696743
20,10.498573303222656,1.9100085496902466,3.2142629623413086,1.140650922737732
20,10.52910327911377,1.911880373954773,3.2131285667419434,1.1420979343940019
20,10.559642791748047,1.9137377738952637,3.2119357585906982,1.1435699269689277
20,10.590180397033691,1.9155776500701904,3.2106852531433105,1.1450787083185805
20,10.62071704864502,1.9173983335494995,3.2093772888183594,1.1466247304712616
20,10.651251792907715,1.9191968441009521,3.2080113887786865,1.1481916900897569
20,10.681785583496094,1.9209709167480469,3.206587791442871,1.1498028930867927
20,10.712318420410156,1.9227180480957031,3.205106496810913,1.1514310550724765
20,10.742850303649902,1.924435019493103,3.2035675048828125,1.1530815033092043
20,10.773381233215332,1.9261196851730347,3.2019705772399902,1.1547196336096908
20,10.803910255432129,1.9277690649032593,3.200315475463867,1.1563481615489943
20,10.83443832397461,1.929379940032959,3.1986021995544434,1.1579875908815782
20,10.864965438842773,1.9309499263763428,3.196830987930298,1.1596245784374128
20,10.895490646362305,1.9324750900268555,3.1950018405914307,1.1612580073521643
20,10.926015853881836,1.9339529275894165,3.193114757537842,1.1628745435876693
20,10.956539154052734,1.935380220413208,3.1911704540252686,1.164476829880355
20,10.987061500549316,1.9367533922195435,3.189168691635132,1.166046560226816
20,11.017581939697266,1.9380698204040527,3.18710994720459,1.167578845833913
20,11.048102378845215,1.9393258094787598,3.184994697570801,1.1690832144005192
20,11.078619956970215,1.9405189752578735,3.182823419570923,1.1705170849378692
20,11.109137535095215,1.9416462182998657,3.180596351623535,1.1719137398706172
20,11.139652252197266,1.942704439163208,3.178314208984375,1.173243058306933
20,11.170165061950684,1.9436917304992676,3.1759777069091797,1.1744971462666849
20,11.200676918029785,1.9446051120758057,3.1735873222351074,1.1757065598289629
20,11.231188774108887,1.9454424381256104,3.1711437702178955,1.1767926899818522
20,11.261697769165039,1.9462016820907593,3.1686477661132812,1.1778214510546205
20,11.29221248626709,1.9468809366226196,3.166100025177002,1.178762454604304
20,11.322725296020508,1.9474784135818481,3.163501739501953,1.179585452072552
20,11.353259086608887,1.9479925632476807,3.1608519554138184,1.18034716924875
20,11.383855819702148,1.9484225511550903,3.1581482887268066,1.1809693272135566
20,11.414449691772461,1.9487661123275757,3.1553969383239746,1.1815078385704911
20,11.445178985595703,1.9490231275558472,3.1525864601135254,1.1819518391186992
20,11.475905418395996,1.9491907358169556,3.1497304439544678,1.1822789960497344
20,11.506876945495605,1.9492669105529785,3.146805763244629,1.1825369171408715
20,11.543132781982422,1.9492419958114624,3.143326759338379,1.1825632474659282
20,11.579379081726074,1.949100136756897,3.1397619247436523,1.1824647183153112
20,11.645045280456543,1.948533535003662,3.133225440979004,1.181993424246785
20,11.71069049835205,1.947584867477417,3.1265337467193604,1.180823894835034
20,11.78213119506836,1.9461323022842407,3.119086980819702,1.179172610868531
20,11.911175727844238,1.942486047744751,3.105290412902832,1.1748625470299057
20,12.040142059326172,1.9376051425933838,3.091139793395996,1.169949938966632
20,12.161084175109863,1.9320276975631714,3.0776679515838623,1.164941050315692
20,12.28231430053711,1.9256173372268677,3.0640740394592285,1.1591526873897728
20,12.403507232666016,1.9185224771499634,3.0504894256591797,1.153326267634486
20,12.524872779846191,1.9109370708465576,3.0370047092437744,1.1474968457195327
20,12.64623737335205,1.9029980897903442,3.0237207412719727,1.1419647386860667
20,12.767704010009766,1.894875168800354,3.0107061862945557,1.1367170973591183
20,12.88923454284668,1.8867063522338867,2.998018503189087,1.131977123268431
20,12.919777870178223,1.8846592903137207,2.994887351989746,1.1308250096420032
21,1.2691205739974976,-0.8314242362976074,2.4185919761657715,1.0037955841502793
21,1.3914401531219482,-0.8315955996513367,2.4200279712677,1.0044352549678104
21,1.5137581825256348,-0.8317849636077881,2.4215824604034424,1.0050880953947483
21,1.63619065284729,-0.831994354724884,2.42325758934021,1.0057532874672428
21,1.7586214542388916,-0.8322250247001648,2.425053119659424,1.0064246040962863
21,1.8810760974884033,-0.8324785232543945,2.4269721508026123,1.0070925792299004
21,2.003532648086548,-0.8327564597129822,2.429020881652832,1.0077500524402032
21,2.1259868144989014,-0.8330598473548889,2.4312050342559814,1.0083848638104724
21,2.248438835144043,-0.8333902359008789,2.433537006378174,1.0090055715772792
21,2.370887517929077,-0.8337485194206238,2.436030864715576,1.009572151640387
21,2.4933321475982666,-0.8341357111930847,2.4387028217315674,1.0101138894783308
21,2.615772247314453,-0.8345531225204468,2.4415805339813232,1.010614580651485
21,2.738206386566162,-0.8350016474723816,2.4446845054626465,1.0110697654788592
21,2.860633611679077,-0.8354827761650085,2.4480514526367188,1.0115059025586053
21,2.9830520153045654,-0.8359981179237366,2.4517178535461426,1.0119060389995715
21,3.1054601669311523,-0.8365490436553955,2.4557151794433594,1.0123262781028481
21,3.2278549671173096,-0.8371379971504211,2.460089683532715,1.0127726244766202
21,3.3502345085144043,-0.8377673029899597,2.46486496925354,1.0133371065591266
21,3.4725966453552246,-0.838440477848053,2.4700686931610107,1.013989104196963
21,3.594939708709717,-0.8391653299331665,2.4756898880004883,1.0148651994916618
21,3.717264175415039,-0.8399485349655151,2.4816997051239014,1.015945128541521
21,3.8395538330078125,-0.8408039808273315,2.487994909286499,1.0171862641029903
21,3.9618337154388428,-0.8417358994483948,2.4944660663604736,1.0184297676944876
21,4.083891868591309,-0.8427453637123108,2.5009660720825195,1.0195732118166816
21,4.204863548278809,-0.8438223004341125,2.507307767868042,1.0204636885902747
21,4.3258442878723145,-0.8449777364730835,2.5134592056274414,1.0210222852787652
21,4.443596839904785,-0.8461875915527344,2.5191333293914795,1.0213420022337265
21,4.5550312995910645,-0.8474236130714417,2.5241191387176514,1.0209172535550286
21,4.666484355926514,-0.8487624526023865,2.5286452770233154,1.0199243991017977
21,4.769487380981445,-0.8501092195510864,2.5323314666748047,1.018412195572151
21,4.864618301391602,-0.8514634966850281,2.53525972366333,1.0160614717328769
21,4.959761142730713,-0.852940559387207,2.5376973152160645,1.0128030400466541
21,5.049720764160156,-0.8544683456420898,2.539537191390991,1.0088190378511446
21,5.137251853942871,-0.85609370470047,2.540908098220825,1.0040125083912153
21,5.224000453948975,-0.857853889465332,2.541895866394043,0.9982895139913961
21,5.310593128204346,-0.8597747087478638,2.5425703525543213,0.9915593992322006
21,5.39716911315918,-0.8618828654289246,2.542999505996704,0.9835865423816443
21,5.483739852905273,-0.8642154932022095,2.543247699737549,0.973777620827829
21,5.570305824279785,-0.8668254613876343,2.543388843536377,0.962114778902466
21,5.658070087432861,-0.8698269128799438,2.5435216426849365,0.9481852934903169
21,5.745817184448242,-0.873281717300415,2.5437827110290527,0.9318511516362806
21,5.8407063484191895,-0.8776838183403015,2.54443097114563,0.9110539400101165
21,5.939719200134277,-0.8832868933677673,2.5458943843841553,0.8850079547184809
21,6.038609504699707,-0.8903164267539978,2.5487284660339355,0.8522816745849437
21,6.140263080596924,-0.8997322916984558,2.5540261268615723,0.8148202022665393
21,6.192182540893555,-0.905782163143158,2.5581626892089844,0.7965164898643089
21,6.2967658042907715,-0.9216747879981995,2.5711495876312256,0.7559458284863474
21,6.335197925567627,-0.9291068315505981,2.577885627746582,0.7448224087209262
21,6.436563014984131,-0.9556043148040771,2.60361385345459,0.7433699000528752
21,6.5127105712890625,-0.9816941022872925,2.6310088634490967,0.7871443996985852
21,6.536048412322998,-0.990430474281311,2.640706777572632,0.8036024717153941
21,6.558259010314941,-0.9989610314369202,2.650388479232788,0.8257656979579265
21,6.579421520233154,-1.0071364641189575,2.659910202026367,0.8461603508732262
21,6.592157363891602,-1.0120646953582764,2.665755033493042,0.858615547178323
21,6.623386383056641,-1.024084448814392,2.6803178787231445,0.894503101749856
21,6.647237300872803,-1.0330942869186401,2.691514015197754,0.9212878225290868
21,6.671131134033203,-1.0418734550476074,2.7026827335357666,0.9478997256404437
21,6.695023059844971,-1.0503429174423218,2.7137324810028076,0.9729574981292872
21,6.718853950500488,-1.058463215827942,2.724565267562866,0.9972916613070624
21,6.742844581604004,-1.066247820854187,2.7352285385131836,1.0201812364085743
21,6.767036437988281,-1.0737117528915405,2.7456884384155273,1.0417110266665677
21,6.791444778442383,-1.0808149576187134,2.7559142112731934,1.0620649599556644
21,6.81602668762207,-1.0875414609909058,2.765855312347412,1.0807829808102003
21,6.840847015380859,-1.0938990116119385,2.7755112648010254,1.098278975122517
21,6.865899562835693,-1.0998709201812744,2.7848598957061768,1.1138967247268092
21,6.891177654266357,-1.1054757833480835,2.793881416320801,1.1283806219544668
21,6.91660737991333,-1.1106774806976318,2.8025355339050293,1.141432839625506
21,6.942239284515381,-1.115502953529358,2.8108327388763428,1.1526286509397285
21,6.96805477142334,-1.1199653148651123,2.818763494491577,1.1627848157398157
21,6.9940385818481445,-1.1240577697753906,2.826322555541992,1.171669879842065
21,7.020177841186523,-1.1277968883514404,2.8335037231445312,1.1786930458179616
21,7.046390533447266,-1.1311887502670288,2.8402841091156006,1.1848074638064403
21,7.072725296020508,-1.1342463493347168,2.8466832637786865,1.189914066512167
21,7.099164962768555,-1.136979579925537,2.8527026176452637,1.1935663207565441
21,7.12569522857666,-1.1394157409667969,2.8583455085754395,1.1960406025367374
21,7.152298927307129,-1.1415663957595825,2.863617420196533,1.1977382665353191
21,7.17896032333374,-1.1434422731399536,2.868525266647339,1.1986468208565364
21,7.20566463470459,-1.1450560092926025,2.873076915740967,1.1986662604517793
21,7.2324042320251465,-1.1464314460754395,2.877281427383423,1.1973216740747907
21,7.259161949157715,-1.147587537765503,2.8811471462249756,1.195343208943225
21,7.285925388336182,-1.1485379934310913,2.8846848011016846,1.1927449315711562
21,7.312682628631592,-1.1492974758148193,2.887906074523926,1.1895390415859777
21,7.3394246101379395,-1.1498814821243286,2.8908236026763916,1.1857390461915778
21,7.366140842437744,-1.150305986404419,2.8934504985809326,1.1813461883827006
21,7.3927764892578125,-1.1505889892578125,2.895796775817871,1.1761632125154542
21,7.41937780380249,-1.1507526636123657,2.8978824615478516,1.1703307735585675
21,7.445932865142822,-1.1508129835128784,2.899721622467041,1.1639615610106433
21,7.472434997558594,-1.1507866382598877,2.901331663131714,1.1572108204598979
21,7.4996867179870605,-1.150687336921692,2.9027717113494873,1.1498294302607197
21,7.525522708892822,-1.1505388021469116,2.9039466381073,1.141952122520674
21,7.5509114265441895,-1.1503533124923706,2.9049272537231445,1.133653568067275
21,7.577250003814697,-1.150133728981018,2.9057819843292236,1.1249985571083028
21,7.603521347045898,-1.149897575378418,2.9064817428588867,1.1157154031420748
21,7.629769325256348,-1.1496548652648926,2.9070396423339844,1.1059427960763535
21,7.655947208404541,-1.1494157314300537,2.9074695110321045,1.0957680149013715
21,7.682052135467529,-1.1491889953613281,2.9077858924865723,1.0852797125166662
21,7.708081245422363,-1.1489808559417725,2.908003807067871,1.074485474311767
21,7.73403263092041,-1.1487966775894165,2.9081356525421143,1.0632426359058427
21,7.760593891143799,-1.1486507654190063,2.9081971645355225,1.0518842144834495
21,7.78702974319458,-1.1485928297042847,2.908200979232788,1.039587233529547
21,7.812052249908447,-1.1486902236938477,2.9081294536590576,1.026553210511661
21,7.837071418762207,-1.1489732265472412,2.907871723175049,1.0136186027282479
21,7.855286121368408,-1.1493042707443237,2.907402753829956,1.002523704882213
21,7.874779224395752,-1.1497957706451416,2.9062657356262207,0.9868878421061643
21,7.900375843048096,-1.1506273746490479,2.903181314468384,0.9665512134818659
21,7.925590991973877,-1.1515089273452759,2.898472309112549,0.9528778235991159
21,7.950619220733643,-1.152253270149231,2.8932299613952637,0.9450486116838384
21,7.974267959594727,-1.152625322341919,2.888782501220703,0.9392016974587972
21,7.999422073364258,-1.1524412631988525,2.8852617740631104,0.9358968118021778
21,8.020206451416016,-1.1518815755844116,2.883291244506836,0.9335422386573158
21,8.040032386779785,-1.1511738300323486,2.881899356842041,0.9287485509992829
21,8.06509780883789,-1.150215983390808,2.8804280757904053,0.9197838978067926
21,8.090072631835938,-1.1492911577224731,2.8790276050567627,0.9098493753518883
21,8.114986419677734,-1.148450255393982,2.877551794052124,0.8997790630969676
21,8.139793395996094,-1.1477278470993042,2.875890016555786,0.8898050670926588
21,8.164480209350586,-1.1471498012542725,2.8739194869995117,0.8798405188048214
21,8.189029693603516,-1.1467385292053223,2.8714966773986816,0.8698960629762303
21,8.213419914245605,-1.1464895009994507,2.8685336112976074,0.860343397230834
21,8.23754596710205,-1.1463472843170166,2.8651156425476074,0.8516603165928949
21,8.261541366577148,-1.146224021911621,2.861452102661133,0.8437752278376046
21,8.285444259643555,-1.1460548639297485,2.8577606678009033,0.8363117425998859
21,8.308958053588867,-1.145806908607483,2.854241371154785,0.8291189692149207
21,8.33249282836914,-1.1454598903656006,2.850938081741333,0.822362241237632
21,8.356283187866211,-1.1450169086456299,2.847864866256714,0.8160412417432421
21,8.380016326904297,-1.1445053815841675,2.845043420791626,0.8101202103125169
21,8.403681755065918,-1.1439566612243652,2.8423948287963867,0.8044966250634917
21,8.427268981933594,-1.1434011459350586,2.8398232460021973,0.7990812032098987
21,8.450684547424316,-1.1428688764572144,2.837254285812378,0.7937791586847841
21,8.474008560180664,-1.1423819065093994,2.834620952606201,0.7884624514531681
21,8.497238159179688,-1.141956090927124,2.831895589828491,0.7831387805120039
21,8.520379066467285,-1.1415934562683105,2.829080104827881,0.7778791998104226
21,8.543429374694824,-1.1412845849990845,2.826202630996704,0.7727459323118525
21,8.566396713256836,-1.1410152912139893,2.823301076889038,0.7677871182292639
21,8.589282989501953,-1.140772819519043,2.820410966873169,0.7630356644735333
21,8.61209487915039,-1.1405482292175293,2.817558526992798,0.7585241117907666
21,8.634834289550781,-1.1403366327285767,2.814758539199829,0.7542839778144628
21,8.657501220703125,-1.1401360034942627,2.812013864517212,0.7503331353333524
21,8.680097579956055,-1.139947533607483,2.8093173503875732,0.7466767279540035
21,8.702630043029785,-1.139773964881897,2.8066561222076416,0.7432840535938777
21,8.725091934204102,-1.1396217346191406,2.8040170669555664,0.7400983295611854
21,8.747410774230957,-1.1394987106323242,2.801396131515503,0.7370741966106327
21,8.769658088684082,-1.139412522315979,2.7987759113311768,0.734152675702467
21,8.79183578491211,-1.139370322227478,2.796149969100952,0.7313021877384299
21,8.813943862915039,-1.1393771171569824,2.793515205383301,0.7285078356315616
21,8.835983276367188,-1.139435887336731,2.7908692359924316,0.7257705556216888
21,8.858020782470703,-1.1395474672317505,2.7882022857666016,0.7230991326741935
21,8.880003929138184,-1.1397104263305664,2.785518169403076,0.7205375896029792
21,8.901921272277832,-1.1399222612380981,2.7828149795532227,0.7180879247142071
21,8.923772811889648,-1.1401814222335815,2.780087471008301,0.7157642434970602
21,8.945558547973633,-1.1404868364334106,2.777329206466675,0.7135728461748668
21,8.967279434204102,-1.1408382654190063,2.77453351020813,0.7115121346508966
21,8.988934516906738,-1.1412369012832642,2.7716925144195557,0.7095756609406176
21,9.010525703430176,-1.141684651374817,2.768798351287842,0.7077541312640672
21,9.032051086425781,-1.1421833038330078,2.7658438682556152,0.7060381085487363
21,9.05351448059082,-1.1427348852157593,2.7628211975097656,0.7044406157618504
21,9.074943542480469,-1.143340826034546,2.759718894958496,0.702939980556227
21,9.096357345581055,-1.1440024375915527,2.7565269470214844,0.701520316642277
21,9.117745399475098,-1.1447192430496216,2.753239631652832,0.7001838817281701
21,9.139114379882812,-1.1454904079437256,2.749847650527954,0.6989351510401662
21,9.1604642868042,-1.1463137865066528,2.7463440895080566,0.6977800280263998
21,9.181791305541992,-1.1471866369247437,2.7427215576171875,0.6967246042525134
21,9.203095436096191,-1.148105502128601,2.7389731407165527,0.695787131565314
21,9.224373817443848,-1.1490659713745117,2.7350921630859375,0.6949951382353929
21,9.245624542236328,-1.1500638723373413,2.7310731410980225,0.6943138956824148
21,9.266846656799316,-1.1510947942733765,2.7269093990325928,0.6937187973588491
21,9.288036346435547,-1.152153730392456,2.72259521484375,0.6932276361462709
21,9.309192657470703,-1.1532354354858398,2.718125581741333,0.6928343687953366
21,9.330314636230469,-1.1543331146240234,2.7134969234466553,0.6925512703264459
21,9.351399421691895,-1.1554385423660278,2.708707809448242,0.6923927775467953
21,9.372447967529297,-1.156543254852295,2.7037570476531982,0.6922939159556676
21,9.393457412719727,-1.1576383113861084,2.6986443996429443,0.692241888412379
21,9.414427757263184,-1.1587144136428833,2.6933701038360596,0.6922276138321053
21,9.435359001159668,-1.1597603559494019,2.687936305999756,0.6922631981188943
21,9.456252098083496,-1.1607640981674194,2.6823482513427734,0.6923509709581699
21,9.477107048034668,-1.1617136001586914,2.6766107082366943,0.6924273442775413
21,9.4979248046875,-1.1625967025756836,2.670729398727417,0.6924569571620843
21,9.518706321716309,-1.1634010076522827,2.664710521697998,0.6924221988866468
21,9.539453506469727,-1.1641134023666382,2.6585631370544434,0.6923997732674171
21,9.560169219970703,-1.1647201776504517,2.6522977352142334,0.6923118852570397
21,9.580853462219238,-1.1652100086212158,2.6459221839904785,0.6921622442509829
21,9.601509094238281,-1.1655739545822144,2.6394433975219727,0.6919648191465292
21,9.622136116027832,-1.1658035516738892,2.632871389389038,0.6917782095323416
21,9.642738342285156,-1.1658916473388672,2.626213788986206,0.6915271728543179
21,9.663313865661621,-1.165831446647644,2.6194779872894287,0.6912031901495512
21,9.683865547180176,-1.1656157970428467,2.612671136856079,0.6908192827004555
21,9.704395294189453,-1.165237545967102,2.605804920196533,0.6903861272296716
21,9.72490406036377,-1.1646896600723267,2.5988881587982178,0.6898397887989276
21,9.745392799377441,-1.163965106010437,2.5919289588928223,0.6891452892944578
21,9.765863418579102,-1.1630574464797974,2.5849368572235107,0.688366076697223
21,9.786316871643066,-1.1619601249694824,2.577923536300659,0.6874585162620103
21,9.806755065917969,-1.160666584968567,2.5708980560302734,0.6863931247701999
21,9.827178001403809,-1.1591707468032837,2.563868761062622,0.6851716191528094
21,9.847587585449219,-1.1574668884277344,2.556847095489502,0.6838166994915139
21,9.8679838180542,-1.1555500030517578,2.5498428344726562,0.6822665953956766
21,9.88836669921875,-1.1534143686294556,2.5428640842437744,0.6805275319857992
21,9.908737182617188,-1.1510547399520874,2.535919427871704,0.6786293601314857
21,9.929095268249512,-1.148467779159546,2.529019594192505,0.6765268636016076
21,9.949440002441406,-1.1456485986709595,2.5221731662750244,0.6741954325895322
21,9.969771385192871,-1.1425927877426147,2.5153870582580566,0.6716340663341173
21,9.990087509155273,-1.1392970085144043,2.5086686611175537,0.6689137780262858
21,10.010387420654297,-1.1357589960098267,2.502025604248047,0.6659845339602479
21,10.030669212341309,-1.1319751739501953,2.495462656021118,0.6628414542661681
21,10.05093002319336,-1.1279417276382446,2.488983392715454,0.6594904761287704
21,10.071167945861816,-1.1236575841903687,2.482593059539795,0.6559263267376617
21,10.091379165649414,-1.1191208362579346,2.476295232772827,0.6521002903472274
21,10.111560821533203,-1.1143282651901245,2.4700920581817627,0.6480548862898207
21,10.131707191467285,-1.1092771291732788,2.4639828205108643,0.6437946978377262
21,10.151823043823242,-1.103964924812317,2.457965850830078,0.6393465143212373
21,10.17195987701416,-1.0983728170394897,2.452021837234497,0.634610055105065
21,10.192048072814941,-1.092514157295227,2.446168899536133,0.6295745403951772
21,10.212379455566406,-1.0862915515899658,2.4403181076049805,0.6242229020962714
21,10.233477592468262,-1.0795154571533203,2.4343159198760986,0.6184689656499468
21,10.256065368652344,-1.0718929767608643,2.42795729637146,0.6119720281102422
21,10.278553009033203,-1.0639119148254395,2.421684741973877,0.6051807908096519
21,10.302948951721191,-1.0547910928726196,2.4149246215820312,0.5975308480100463
21,10.327194213867188,-1.0452265739440918,2.408233404159546,0.589516474340099
21,10.353035926818848,-1.034452199935913,2.4011056423187256,0.5807030769586327
21,10.37968635559082,-1.0226624011993408,2.393721103668213,0.5709940186237645
21,10.406057357788086,-1.0102583169937134,2.3863422870635986,0.5611498460005296
21,10.432494163513184,-0.9970183372497559,2.3788223266601562,0.5508335215372544
21,10.458558082580566,-0.983090877532959,2.371241807937622,0.5404489901235303
21,10.484273910522461,-0.9683927297592163,2.3635306358337402,0.5299320197350033
21,10.509506225585938,-0.9529424905776978,2.3556926250457764,0.519703721504011
21,10.534201622009277,-0.9367086887359619,2.3476901054382324,0.5097066698228797
21,10.5582914352417,-0.9196720719337463,2.339515447616577,0.5002239706041259
21,10.581729888916016,-0.9018290042877197,2.3311681747436523,0.4914432253531347
21,10.60447883605957,-0.8831809163093567,2.322674036026001,0.4835295071822025
21,10.626519203186035,-0.8637449741363525,2.314080238342285,0.47626181063892475
21,10.647865295410156,-0.8435556292533875,2.305469512939453,0.4701089134562339
21,10.668560028076172,-0.8226600885391235,2.296954870223999,0.46440716629833456
21,10.688677787780762,-0.8011146783828735,2.2886762619018555,0.45937569341173967
21,10.708306312561035,-0.7789812684059143,2.2807862758636475,0.45483194289654194
21,10.727581977844238,-0.756341814994812,2.273481845855713,0.45038024714394015
21,10.746607780456543,-0.7332648634910583,2.266932964324951,0.4461689891354542
21,10.765503883361816,-0.7098355293273926,2.2613296508789062,0.4419127615921658
21,10.784402847290039,-0.6861616969108582,2.2568838596343994,0.4378009203577393
21,10.803378105163574,-0.6623399257659912,2.253753900527954,0.43386637667630285
21,10.82251262664795,-0.6384963393211365,2.252124547958374,0.43008380204293356
21,10.841851234436035,-0.6147629022598267,2.2521414756774902,0.4267259034151061
21,10.861409187316895,-0.5912774205207825,2.253913640975952,0.4238871542187217
21,10.88119125366211,-0.5681980848312378,2.2575418949127197,0.421668053952033
21,10.901164054870605,-0.5456647872924805,2.26306414604187,0.420117218859306
21,10.921285629272461,-0.5238206386566162,2.2704885005950928,0.41949140747773855
21,10.94150447845459,-0.5027969479560852,2.2797813415527344,0.4196169790261945
21,10.961749076843262,-0.48269063234329224,2.29087495803833,0.42040548399060745
21,10.981961250305176,-0.4635846018791199,2.30366587638855,0.4220430512421232
21,11.002079010009766,-0.44553279876708984,2.3180410861968994,0.4241323368738708
21,11.022053718566895,-0.4285620152950287,2.333859443664551,0.4267982604258803
21,11.041841506958008,-0.4126759469509125,2.3509867191314697,0.42988300565954085
21,11.06141185760498,-0.39786496758461,2.369288682937622,0.4331894157102936
21,11.080750465393066,-0.38409313559532166,2.3886196613311768,0.43670566790008875
21,11.099839210510254,-0.3713262379169464,2.408867359161377,0.4405699652031309
21,11.118681907653809,-0.359513521194458,2.42991042137146,0.44430164751189555
21,11.137283325195312,-0.3486011028289795,2.4516425132751465,0.44822522416962307
21,11.155651092529297,-0.338542640209198,2.473977565765381,0.4521069513824908
21,11.173807144165039,-0.3292778730392456,2.496824026107788,0.45591455352998494
21,11.191766738891602,-0.3207610845565796,2.520113468170166,0.4598030808792574
21,11.209548950195312,-0.3129501938819885,2.543783187866211,0.46352906311953473
21,11.227184295654297,-0.3057974576950073,2.5677707195281982,0.4671857954008802
21,11.244690895080566,-0.2992747128009796,2.592031240463257,0.47091623220914436
21,11.262091636657715,-0.2933553457260132,2.616521120071411,0.4742758953373456
21,11.279425621032715,-0.2880117893218994,2.641200304031372,0.47754256922616534
21,11.29670524597168,-0.28323692083358765,2.6660332679748535,0.4808093357177827
21,11.313955307006836,-0.27902472019195557,2.6909890174865723,0.48368329507279784
21,11.331214904785156,-0.2753712832927704,2.7160556316375732,0.48640973670113785
21,11.348490715026855,-0.272288054227829,2.7411885261535645,0.4889400555715923
21,11.365803718566895,-0.2697869837284088,2.766359806060791,0.4909275325612859
21,11.383213996887207,-0.26788267493247986,2.791595935821533,0.4927299760107484
21,11.40069580078125,-0.2666000723838806,2.816822052001953,0.4943501739819329
21,11.41834545135498,-0.2659619152545929,2.8421268463134766,0.4952912474047596
21,11.436094284057617,-0.2660001516342163,2.8673698902130127,0.49602866062979456
21,11.453947067260742,-0.2667320668697357,2.892529010772705,0.49648586973737274
21,11.472063064575195,-0.2681930363178253,2.917776346206665,0.4963921657939726
21,11.490303039550781,-0.2703917324542999,2.9428811073303223,0.49606924914882594
21,11.508663177490234,-0.2733282744884491,2.9678213596343994,0.49539277388727077
21,11.530320167541504,-0.2776889204978943,2.9967780113220215,0.4938851692697318
21,11.552151679992676,-0.28301870822906494,3.0254392623901367,0.4918434564903444
21,11.574159622192383,-0.2892589867115021,3.0537800788879395,0.4886846674897113
21,11.605916976928711,-0.2996412217617035,3.0936646461486816,0.48405214169196237
21,11.646793365478516,-0.31493520736694336,3.1431589126586914,0.47658148214118995
21,11.688545227050781,-0.3319486975669861,3.19134521484375,0.46821517953554603
21,11.735416412353516,-0.351345956325531,3.2422146797180176,0.4595876298544425
21,11.77003288269043,-0.3646933138370514,3.276360273361206,0.45422816681638767
21,11.809708595275879,-0.37878644466400146,3.3138034343719482,0.4493708888966797
21,11.846632957458496,-0.39004456996917725,3.3458824157714844,0.44739094587698697
21,11.949909210205078,-0.4102015793323517,3.4216842651367188,0.45805029055839463
21,12.022668838500977,-0.4148740768432617,3.464087724685669,0.4772422648311485
21,12.07763385772705,-0.4139244854450226,3.4903829097747803,0.4966511872521595
22,0.17364190518856049,-0.24374200403690338,2.046482563018799,1.0001421030923088
22,0.2802109122276306,-0.24374306201934814,2.0467870235443115,1.000338706079922
22,0.38677939772605896,-0.2437446266412735,2.047234296798706,1.0006349094460187
22,0.49762779474258423,-0.2437465786933899,2.047848701477051,1.001004613483243
22,0.612933337688446,-0.24374856054782867,2.048642873764038,1.0015045243473193
22,0.7282377481460571,-0.24375022947788239,2.0495893955230713,1.0020641467422302
22,0.8470199108123779,-0.2437511831521988,2.0507149696350098,1.0026902949861927
22,0.9658006429672241,-0.2437511831521988,2.0519869327545166,1.0033936194703248
22,1.0867027044296265,-0.24375002086162567,2.0534262657165527,1.0041302671800527
22,1.20862877368927,-0.2437477558851242,2.0550196170806885,1.0049105224094028
22,1.3305530548095703,-0.24374453723430634,2.0567522048950195,1.0057068477403035
22,1.452866792678833,-0.2437407523393631,2.0586259365081787,1.006513664988046
22,1.5752943754196167,-0.24373671412467957,2.060636281967163,1.0073300684647828
22,1.6977198123931885,-0.2437327355146408,2.0627803802490234,1.0081440232783312
22,1.8201686143875122,-0.24372901022434235,2.065059185028076,1.0089553576596109
22,1.9426147937774658,-0.24372555315494537,2.067473888397217,1.0097494185509548
22,2.0650620460510254,-0.24372227489948273,2.070028066635132,1.010530708407734
22,2.187506914138794,-0.2437189519405365,2.0727295875549316,1.011268758750758
22,2.309948205947876,-0.24371540546417236,2.075585126876831,1.0119653127545138
22,2.432385206222534,-0.243711456656456,2.078611373901367,1.0126189239917278
22,2.5548176765441895,-0.24370701611042023,2.0818240642547607,1.0131778187430087
22,2.6772444248199463,-0.24370206892490387,2.0852460861206055,1.013691089565389
22,2.799663782119751,-0.24369661509990692,2.088912010192871,1.0141042995735354
22,2.922075033187866,-0.24369066953659058,2.0928494930267334,1.0144411178989572
22,3.0444753170013428,-0.24368417263031006,2.097109317779541,1.0147272367346034
22,3.1668624877929688,-0.24367690086364746,2.101736068725586,1.0149555673745934
22,3.2892329692840576,-0.2436685711145401,2.1067793369293213,1.0152068622354726
22,3.411583185195923,-0.2436586320400238,2.112297296524048,1.0155073373942503
22,3.533909559249878,-0.2436465322971344,2.118314743041992,1.0159884626715021
22,3.6562094688415527,-0.24363116919994354,2.1248528957366943,1.0165909407559415
22,3.7784647941589355,-0.24360954761505127,2.131833791732788,1.0177056356563365
22,3.9006993770599365,-0.24357880651950836,2.1391689777374268,1.0188614501781637
22,4.022706508636475,-0.2435353398323059,2.146634101867676,1.020073949478724
22,4.144712924957275,-0.24347738921642303,2.1541125774383545,1.0209942161931649
22,4.26563835144043,-0.24340368807315826,2.1613612174987793,1.0217453432776202
22,4.383340358734131,-0.24331197142601013,2.168104887008667,1.0220896677869025
22,4.501066207885742,-0.2431962639093399,2.1744208335876465,1.0219160275205599
22,4.61248779296875,-0.24305686354637146,2.179827928543091,1.0213317349931992
22,4.7154717445373535,-0.24289467930793762,2.184213399887085,1.019707914825181
22,4.818483352661133,-0.2426920086145401,2.187903642654419,1.0173056839459726
22,4.91363000869751,-0.24245773255825043,2.190598249435425,1.0142061553048842
22,5.003602027893066,-0.24218283593654633,2.1924619674682617,1.0103204021947039
22,5.091150760650635,-0.24185168743133545,2.1936118602752686,1.0054117570586323
22,5.178705215454102,-0.24143993854522705,2.1941070556640625,0.9993491933874517
22,5.265475273132324,-0.240925595164299,2.1939709186553955,0.992169744476467
22,5.3521552085876465,-0.24026398360729218,2.193240165710449,0.9837181442910277
22,5.440902233123779,-0.23938028514385223,2.1919057369232178,0.9735977606976397
22,5.532811164855957,-0.23817650973796844,2.189915418624878,0.9614139042510783
22,5.627649784088135,-0.23652170598506927,2.187220573425293,0.9465146413913902
22,5.722456455230713,-0.23430617153644562,2.1838748455047607,0.9285716483149722
22,5.8197922706604,-0.23123420774936676,2.1797525882720947,0.9072776776271243
22,5.9191203117370605,-0.22691962122917175,2.174804449081421,0.8825113443414859
22,6.019839763641357,-0.22076086699962616,2.168943166732788,0.8535931909810008
22,6.120306015014648,-0.2120324671268463,2.1621298789978027,0.8204695948160454
22,6.22214412689209,-0.19931358098983765,2.154042959213257,0.7877939834153618
22,6.323235034942627,-0.18071776628494263,2.144329786300659,0.7589689259389554
22,6.422424793243408,-0.15609736740589142,2.1337437629699707,0.7282987446830759
22,6.456646919250488,-0.14603930711746216,2.1299684047698975,0.7152348388008766
22,6.553110599517822,-0.11686646193265915,2.1216044425964355,0.6436205433350249
22,6.649787902832031,-0.08749715983867645,2.1191649436950684,0.5289656007196829
22,6.6885986328125,-0.07675191760063171,2.122070550918579,0.482460898549563
22,6.706754684448242,-0.0718579962849617,2.124462842941284,0.4584818104418858
22,6.71983528137207,-0.06846244633197784,2.1267950534820557,0.4362031351890998
22,6.731978893280029,-0.06540531665086746,2.1295220851898193,0.40987943204779
22,6.749354362487793,-0.06139316409826279,2.134807586669922,0.3783344624320875
22,6.764065265655518,-0.05840340629220009,2.140878438949585,0.3549157448138825
22,6.7750396728515625,-0.056500766426324844,2.1466925144195557,0.33828442470949677
22,6.805970668792725,-0.05423640087246895,2.1742875576019287,0.322850700698281
22,6.819894790649414,-0.05641423910856247,2.1969292163848877,0.3531265391003557
22,6.829216957092285,-0.0603504553437233,2.2188472747802734,0.39506171676274904
22,6.83614444732666,-0.06523483991622925,2.239572525024414,0.4395400026303563
22,6.8425984382629395,-0.07151637971401215,2.261836051940918,0.4899587422412291
22,6.848687171936035,-0.07867737859487534,2.283872127532959,0.5414789694547877
22,6.854663372039795,-0.08661114424467087,2.305419921875,0.5932085208667646
22,6.8609299659729,-0.0952865332365036,2.326552391052246,0.6448455172792689
22,6.8677077293396,-0.1046765148639679,2.3472161293029785,0.6963293718017239
22,6.8751630783081055,-0.11500430107116699,2.367703676223755,0.7494105558772408
22,6.8832316398620605,-0.12595094740390778,2.3873400688171387,0.8001351162887784
22,6.891964912414551,-0.13755162060260773,2.406161069869995,0.8509357325117837
22,6.901523590087891,-0.1499498337507248,2.4243741035461426,0.9025960564657176
22,6.911823272705078,-0.16301311552524567,2.441696882247925,0.9474967806360487
22,6.922821521759033,-0.176671102643013,2.457993507385254,0.9936025651913827
22,6.934549808502197,-0.19100326299667358,2.473355770111084,1.038913975623034
22,6.946854114532471,-0.20580589771270752,2.487515926361084,1.0768150135177699
22,6.959843158721924,-0.2212497740983963,2.5006396770477295,1.1172573570804056
22,6.973329067230225,-0.23712922632694244,2.5125339031219482,1.1481774439156167
22,6.987381458282471,-0.2535282373428345,2.5232574939727783,1.1817296927212593
22,7.001907825469971,-0.27035418152809143,2.5327436923980713,1.2050198865343447
22,7.016795635223389,-0.28752708435058594,2.540963888168335,1.2274998517611184
22,7.031985759735107,-0.304898738861084,2.5478599071502686,1.2466035502030195
22,7.0474371910095215,-0.3225327432155609,2.553523063659668,1.2577386344442663
22,7.062984466552734,-0.3402273952960968,2.557917833328247,1.266698329106955
22,7.0787835121154785,-0.35814598202705383,2.561107635498047,1.2711055746975586
22,7.094799041748047,-0.3762488067150116,2.563101291656494,1.2729771380036474
22,7.110681533813477,-0.3941497802734375,2.5639286041259766,1.2704114648364195
22,7.126591682434082,-0.4120429754257202,2.563646078109741,1.2637627391664965
22,7.14266300201416,-0.4300457835197449,2.562263250350952,1.2546777901628152
22,7.158807754516602,-0.4480578303337097,2.5598230361938477,1.2415749537754084
22,7.174917221069336,-0.46593421697616577,2.5563645362854004,1.2252721603093026
22,7.190955638885498,-0.48359113931655884,2.551945686340332,1.2076373824060336
22,7.206929683685303,-0.5009998679161072,2.546619415283203,1.1872047818309905
22,7.2229695320129395,-0.5182526707649231,2.5403778553009033,1.16527113271914
22,7.23886775970459,-0.5350843667984009,2.533353567123413,1.140184989229853
22,7.254720211029053,-0.5515488386154175,2.525566816329956,1.1125370780705455
22,7.270580768585205,-0.567672610282898,2.51704740524292,1.0846333667821357
22,7.286343097686768,-0.5833303928375244,2.507911205291748,1.0556561242400277
22,7.302155494689941,-0.5986121296882629,2.4981279373168945,1.0242735427815255
22,7.31790018081665,-0.6133898496627808,2.4878194332122803,0.9937019274228607
22,7.333706855773926,-0.6277808547019958,2.476952075958252,0.962027524996028
22,7.349601745605469,-0.6417510509490967,2.4655425548553467,0.9298717638183327
22,7.365452289581299,-0.6551998853683472,2.4537174701690674,0.8993256293798176
22,7.381320953369141,-0.6681579947471619,2.441471815109253,0.8678903147747578
22,7.3972320556640625,-0.6806420683860779,2.42879581451416,0.8379619588962611
22,7.413163661956787,-0.6926300525665283,2.4157326221466064,0.8084936958401895
22,7.429052352905273,-0.7040875554084778,2.4023375511169434,0.7799982498216432
22,7.445021629333496,-0.7150959372520447,2.3885130882263184,0.7516517404448918
22,7.460923671722412,-0.7255800366401672,2.374376058578491,0.7253317252981613
22,7.476809024810791,-0.7355833053588867,2.3598766326904297,0.6983907006806552
22,7.492642879486084,-0.745121419429779,2.345012664794922,0.6725774262736307
22,7.508319854736328,-0.7541488409042358,2.329852342605591,0.6478331824204834
22,7.524040222167969,-0.7628535032272339,2.314142942428589,0.6222274135865188
22,7.539566993713379,-0.7711412906646729,2.298025608062744,0.597201154137078
22,7.554669380187988,-0.7789668440818787,2.281630754470825,0.5731983722817403
22,7.569438457489014,-0.7864996194839478,2.2647042274475098,0.5479263357396613
22,7.583690166473389,-0.7937709093093872,2.247180461883545,0.5226575604856705
22,7.597148895263672,-0.8008394837379456,2.228996992111206,0.4996674679029531
22,7.60961389541626,-0.8078130483627319,2.2099125385284424,0.4798255982180674
22,7.620718002319336,-0.8146610856056213,2.1899893283843994,0.4711847755508999
22,7.6297807693481445,-0.8210859894752502,2.1688857078552246,0.4820644452889765
22,7.6364922523498535,-0.8265748620033264,2.1468019485473633,0.5278334269221546
22,7.642196178436279,-0.8308347463607788,2.124163866043091,0.5873197955782458
22,7.647736072540283,-0.8336314558982849,2.102776527404785,0.6199477119313476
22,7.654964923858643,-0.835536539554596,2.079838275909424,0.6365509045394854
22,7.661411285400391,-0.8362514972686768,2.0639684200286865,0.6413807878718896
22,7.673849582672119,-0.8363988995552063,2.0434534549713135,0.6044301692981099
22,7.691102027893066,-0.8356097936630249,2.026824712753296,0.5996112344116963
22,7.711984634399414,-0.83411705493927,2.0149967670440674,0.5906322766959522
22,7.734001636505127,-0.8318010568618774,2.0056018829345703,0.5434110124770586
22,7.753443717956543,-0.828733503818512,1.9967639446258545,0.5038628436514128
22,7.7702436447143555,-0.824942409992218,1.9869543313980103,0.4816833055808787
22,7.7885918617248535,-0.8193120360374451,1.9729832410812378,0.4707044519654123
22,7.805173397064209,-0.8126839995384216,1.9570362567901611,0.4731326621553843
22,7.820021152496338,-0.8052588701248169,1.9397903680801392,0.4779178773754053
22,7.8332343101501465,-0.7972402572631836,1.9218497276306152,0.4831957087550825
22,7.84511661529541,-0.7886814475059509,1.903414011001587,0.4881099502365047
22,7.855955600738525,-0.7796242833137512,1.8845871686935425,0.4919873298413644
22,7.8658671379089355,-0.7701212763786316,1.8654758930206299,0.4940595033385892
22,7.874894618988037,-0.7602857947349548,1.8462591171264648,0.4950419471681543
22,7.883088111877441,-0.7502148151397705,1.8270221948623657,0.49530110839547353
22,7.8905487060546875,-0.7398893237113953,1.8076261281967163,0.4944981131322937
22,7.8972625732421875,-0.7294231653213501,1.788166880607605,0.49309554198601957
22,7.903297424316406,-0.7187689542770386,1.768420696258545,0.49090696940137496
22,7.908594608306885,-0.7081139087677002,1.7486205101013184,0.4881104566290304
22,7.9131951332092285,-0.697454571723938,1.7286522388458252,0.48469788696224786
22,7.917079448699951,-0.6869533061981201,1.7087219953536987,0.4801904327543755
22,7.920313358306885,-0.6765521764755249,1.6886237859725952,0.4748582654104877
22,7.922922134399414,-0.6662665009498596,1.6682814359664917,0.4680202840162616
22,7.924914836883545,-0.6562460660934448,1.6478803157806396,0.4602159796897294
22,7.92633056640625,-0.6464887261390686,1.6273062229156494,0.4510259129379152
22,7.9271979331970215,-0.6371036171913147,1.6066676378250122,0.4402042531095587
22,7.927555084228516,-0.6281027793884277,1.5858451128005981,0.42802787050096663
22,7.927432537078857,-0.619560182094574,1.564827799797058,0.4139774144609965
22,7.926874160766602,-0.6116058826446533,1.543720006942749,0.3984156613026266
22,7.925926685333252,-0.6043001413345337,1.5223941802978516,0.38144417820996634
22,7.924643516540527,-0.5977732539176941,1.5008357763290405,0.36273496270886335
22,7.92311429977417,-0.5922170877456665,1.4791481494903564,0.3422837435694288
22,7.921443462371826,-0.5878069996833801,1.4572104215621948,0.32042603951863663
22,7.919788837432861,-0.5848222970962524,1.4350348711013794,0.2973369231146175
22,7.91839075088501,-0.5836377739906311,1.412676453590393,0.2735171257132999
22,7.9176177978515625,-0.5847485065460205,1.390290379524231,0.2500661345302455
22,7.918023109436035,-0.5887594223022461,1.3682397603988647,0.22915581769152507
22,7.92034387588501,-0.5962377190589905,1.347252368927002,0.21427265857926966
22,7.925300121307373,-0.6073285341262817,1.3284481763839722,0.20894737392296464
22,7.933294773101807,-0.6214500665664673,1.3128570318222046,0.21471980565831283
22,7.943977355957031,-0.6373521089553833,1.3010194301605225,0.22901155762825753
22,7.956859111785889,-0.6539660692214966,1.2926075458526611,0.24784801859192312
22,7.971377372741699,-0.6705912947654724,1.287067174911499,0.26825040872995776
22,7.987030506134033,-0.6868032813072205,1.283858299255371,0.28857164646932554
22,8.003607749938965,-0.7024862170219421,1.2825047969818115,0.3078109842092897
22,8.020915031433105,-0.7175536751747131,1.2826608419418335,0.3259544092541742
22,8.038627624511719,-0.731846034526825,1.2840591669082642,0.34243571024981484
22,8.056818962097168,-0.7454929351806641,1.2864941358566284,0.35745861235652504
22,8.075489044189453,-0.7585806250572205,1.2898505926132202,0.37112193053105214
22,8.094502449035645,-0.7710425853729248,1.293992280960083,0.3832550166973719
22,8.113720893859863,-0.7828649878501892,1.2988269329071045,0.39400516547159875
22,8.133196830749512,-0.7940824031829834,1.3042658567428589,0.4037532260650957
22,8.152826309204102,-0.804673433303833,1.3102308511734009,0.41220577812639353
22,8.172652244567871,-0.8146765232086182,1.3166723251342773,0.4195032833733622
22,8.192574501037598,-0.8240832090377808,1.3235398530960083,0.42571596839310044
22,8.212591171264648,-0.8328887820243835,1.3307685852050781,0.4312535867861583
22,8.232749938964844,-0.8411154747009277,1.33832585811615,0.435777592547239
22,8.252964973449707,-0.8487587571144104,1.3461759090423584,0.4394355029889351
22,8.273239135742188,-0.8558107018470764,1.3542635440826416,0.44269113794971277
22,8.293624877929688,-0.8622798919677734,1.3625575304031372,0.4451646631115518
22,8.31404972076416,-0.8681595325469971,1.3710182905197144,0.4470945068355003
22,8.334519386291504,-0.8734434843063354,1.3795981407165527,0.4487342502224881
22,8.355025291442871,-0.8781319856643677,1.3882607221603394,0.4498123707773055
22,8.375617027282715,-0.8822290301322937,1.3969810009002686,0.45073155287530614
22,8.39625358581543,-0.8857156038284302,1.405684232711792,0.45147367999424404
22,8.416924476623535,-0.8885961771011353,1.4143402576446533,0.45185682044529757
22,8.437628746032715,-0.8908717632293701,1.4229096174240112,0.45239044501490067
22,8.458372116088867,-0.8925380706787109,1.4313355684280396,0.45285247299716685
22,8.479146957397461,-0.8935999274253845,1.439584732055664,0.45319131523769607
22,8.499950408935547,-0.8940593004226685,1.447611927986145,0.4539206723396286
22,8.520785331726074,-0.8939175605773926,1.455362319946289,0.45477668156377143
22,8.541657447814941,-0.8931814432144165,1.4628071784973145,0.45574985541300916
22,8.56257438659668,-0.8918567299842834,1.469914197921753,0.45715802737876515
22,8.58353328704834,-0.8899499773979187,1.476632833480835,0.4590125845035307
22,8.604520797729492,-0.8874720931053162,1.4829319715499878,0.46117698066561885
22,8.625490188598633,-0.8844414353370667,1.488776445388794,0.4636947814664563
22,8.64646053314209,-0.8808692097663879,1.494153380393982,0.4667275909024195
22,8.667420387268066,-0.8767746090888977,1.4990357160568237,0.47030302055943063
22,8.688353538513184,-0.8721769452095032,1.503408432006836,0.47440682527404116
22,8.709195137023926,-0.867107629776001,1.5072473287582397,0.4789942092059543
22,8.729979515075684,-0.8615795969963074,1.5105621814727783,0.4839593151957414
22,8.750690460205078,-0.8556174635887146,1.5133570432662964,0.4892687418997441
22,8.77131462097168,-0.8492465615272522,1.5156402587890625,0.49492450228171936
22,8.791792869567871,-0.8425077199935913,1.5174150466918945,0.5011564819575675
22,8.812163352966309,-0.8354116678237915,1.5187009572982788,0.5076013291461577
22,8.832417488098145,-0.8279836773872375,1.5195178985595703,0.5142031740113321
22,8.852547645568848,-0.8202478289604187,1.5198876857757568,0.5211521571370394
22,8.87250804901123,-0.8122459650039673,1.5198336839675903,0.5282820636087415
22,8.892340660095215,-0.8039819598197937,1.5193829536437988,0.5353960338017686
22,8.912033081054688,-0.7954798936843872,1.5185623168945312,0.5426398925381901
22,8.931560516357422,-0.786772608757019,1.5174039602279663,0.5499312684822042
22,8.95096492767334,-0.7778576016426086,1.5159326791763306,0.5570700056295199
22,8.97024917602539,-0.7687487006187439,1.514175295829773,0.5642394604318955
22,8.989383697509766,-0.7594780325889587,1.5121675729751587,0.5712829201138947
22,9.008407592773438,-0.7500383257865906,1.5099289417266846,0.5780981415042361
22,9.027326583862305,-0.7404398322105408,1.5074881315231323,0.5849078377669518
22,9.046111106872559,-0.7307099103927612,1.5048773288726807,0.5914705008035934
22,9.064804077148438,-0.7208375930786133,1.5021119117736816,0.5977597443033645
22,9.083386421203613,-0.7108542919158936,1.4992307424545288,0.6038523479398619
22,9.101896286010742,-0.7007473707199097,1.496248722076416,0.6096739676507283
22,9.120340347290039,-0.6905205845832825,1.4931859970092773,0.6150822436492737
22,9.139165878295898,-0.6799222826957703,1.4899803400039673,0.6204310785950379
22,9.157500267028809,-0.669454038143158,1.48680579662323,0.6255243979311781
22,9.175756454467773,-0.658894419670105,1.483620524406433,0.6303424966487758
22,9.19395923614502,-0.6482384204864502,1.4804338216781616,0.6346409451766238
22,9.212100982666016,-0.6375035047531128,1.4772719144821167,0.6386366605452484
22,9.230216026306152,-0.6266746520996094,1.474144697189331,0.6424225049225437
22,9.248309135437012,-0.6157533526420593,1.4710665941238403,0.6459062699408151
22,9.266364097595215,-0.6047572493553162,1.468060851097107,0.6492100575098669
22,9.284406661987305,-0.5936716794967651,1.4651317596435547,0.652244155770488
22,9.302398681640625,-0.5825295448303223,1.462307333946228,0.6550525903070652
22,9.320470809936523,-0.5712564587593079,1.4595757722854614,0.6573483498812576
22,9.338454246520996,-0.559969425201416,1.4569824934005737,0.6593721281053887
22,9.35657024383545,-0.5485325455665588,1.4545035362243652,0.6612675708689979
22,9.374567031860352,-0.5371110439300537,1.4521890878677368,0.6628409746495532
22,9.39255428314209,-0.5256421566009521,1.4500328302383423,0.6643196829554058
22,9.410568237304688,-0.5141085386276245,1.4480409622192383,0.6655175052888819
22,9.428596496582031,-0.5025244355201721,1.4462268352508545,0.6666533824743658
22,9.446698188781738,-0.49085739254951477,1.4445921182632446,0.6675475234943933
22,9.464746475219727,-0.4791969954967499,1.4431605339050293,0.6683546176628256
22,9.482837677001953,-0.467486709356308,1.4419282674789429,0.6690018484312372
22,9.500964164733887,-0.4557400345802307,1.4409080743789673,0.6695711838434354
22,9.51911735534668,-0.44396817684173584,1.4401047229766846,0.6700173331754224
22,9.537277221679688,-0.432193398475647,1.4395294189453125,0.6703290429499936
22,9.555445671081543,-0.42042237520217896,1.4391849040985107,0.6706274543370794
22,9.573623657226562,-0.4086627662181854,1.4390790462493896,0.6709075806123107
22,9.591812133789062,-0.3969190716743469,1.439213514328003,0.6712441656084106
22,9.61001205444336,-0.385198712348938,1.4395935535430908,0.6715956334954404
22,9.628223419189453,-0.3735068738460541,1.4402202367782593,0.6720490049727723
22,9.64644718170166,-0.36185121536254883,1.4410964250564575,0.6724388346593052
22,9.664684295654297,-0.3502371907234192,1.4422225952148438,0.6729839565618362
22,9.682934761047363,-0.338670551776886,1.443598747253418,0.6735645979743297
22,9.701197624206543,-0.3271571397781372,1.4452240467071533,0.6743331999511281
22,9.719472885131836,-0.3157006800174713,1.4470961093902588,0.6752034993307012
22,9.737761497497559,-0.30430692434310913,1.4492132663726807,0.6762746660396077
22,9.756059646606445,-0.2929781675338745,1.451570749282837,0.6775018271200983
22,9.774369239807129,-0.2817193865776062,1.4541652202606201,0.6789292987323795
22,9.792688369750977,-0.2705312967300415,1.4569910764694214,0.6805720800289969
22,9.811017036437988,-0.2594178318977356,1.4600435495376587,0.6824079848771737
22,9.829351425170898,-0.24837909638881683,1.4633160829544067,0.6844948999247509
22,9.847694396972656,-0.23741766810417175,1.466802716255188,0.6864827452070226
22,9.866044044494629,-0.22653715312480927,1.4704980850219727,0.6884938735132019
22,9.8843994140625,-0.21573801338672638,1.474395513534546,0.6906689806343402
22,9.90276050567627,-0.20502088963985443,1.4784880876541138,0.6931104561760049
22,9.921125411987305,-0.19438326358795166,1.4827691316604614,0.6957693546799499
22,9.939494132995605,-0.18382619321346283,1.487231731414795,0.6986547339189002
22,9.957862854003906,-0.17334714531898499,1.4918698072433472,0.7015374542949369
22,9.976234436035156,-0.1629493534564972,1.4966775178909302,0.7041693682530328
22,9.994607925415039,-0.15263190865516663,1.5016491413116455,0.7071182450125647
22,10.012981414794922,-0.1423921436071396,1.5067791938781738,0.7102304408312932
22,10.031353950500488,-0.13222965598106384,1.512061595916748,0.713601784505939
22,10.049724578857422,-0.12214121222496033,1.5174916982650757,0.7168847956240806
22,10.068095207214355,-0.11213032156229019,1.523065447807312,0.7199273197728534
22,10.086463928222656,-0.10219544172286987,1.5287790298461914,0.7232967977205068
22,10.104828834533691,-0.0923340693116188,1.5346283912658691,0.7267891575393421
22,10.123190879821777,-0.08254634588956833,1.5406092405319214,0.730475026663968
22,10.141550064086914,-0.07283225655555725,1.546720266342163,0.7337503178835144
22,10.159912109375,-0.06319095939397812,1.5529605150222778,0.7371479396291565
22,10.178330421447754,-0.05359392985701561,1.5593469142913818,0.7409223966835186
22,10.19701862335205,-0.043930791318416595,1.565955400466919,0.7448040173386934
22,10.215703964233398,-0.03434979170560837,1.5726898908615112,0.748242551314449
22,10.235153198242188,-0.02446269802749157,1.5798343420028687,0.752177101676787
22,10.256050109863281,-0.01393603254109621,1.587660789489746,0.7563546212782213
22,10.258740425109863,-0.01258841808885336,1.5886794328689575,0.7569277787946002
23,0.4358215034008026,-0.33077743649482727,3.847168207168579,1.000195318450123
23,0.5467283129692078,-0.3307831287384033,3.847311019897461,1.0003032283296331
23,0.6620702743530273,-0.3307900130748749,3.84749436378479,1.000431385659885
23,0.7774121761322021,-0.3307977318763733,3.8477118015289307,1.0005939397356798
23,0.8962162733078003,-0.3308064341545105,3.847970962524414,1.0007747239986884
23,1.0171338319778442,-0.3308160603046417,3.8482718467712402,1.0009828079226242
23,1.1380513906478882,-0.33082643151283264,3.8486111164093018,1.0012166709521078
23,1.2599900960922241,-0.33083784580230713,3.848994493484497,1.0014658220243655
23,1.3823182582855225,-0.3308505117893219,3.8494226932525635,1.0017482216231604
23,1.5046463012695312,-0.33086463809013367,3.8498966693878174,1.0020465684378512
23,1.627089500427246,-0.33088070154190063,3.8504209518432617,1.002364958133584
23,1.7495324611663818,-0.33089902997016907,3.8509979248046875,1.0027145108569322
23,1.872000813484192,-0.3309199810028076,3.8516323566436768,1.0030796745063277
23,1.994472861289978,-0.3309439420700073,3.8523313999176025,1.003482205611022
23,2.1169445514678955,-0.3309711813926697,3.853100061416626,1.0039172891228882
23,2.2394161224365234,-0.33100199699401855,3.8539490699768066,1.0043797134234431
23,2.361886978149414,-0.33103662729263306,3.8548874855041504,1.0049157979600565
23,2.4843571186065674,-0.3310752809047699,3.855926275253296,1.005489781844584
23,2.6068263053894043,-0.3311181664466858,3.8570799827575684,1.006142864587198
23,2.7292940616607666,-0.33116549253463745,3.858358144760132,1.006889499678024
23,2.8517603874206543,-0.331217497587204,3.8597769737243652,1.007690671590803
23,2.974224805831909,-0.3312744200229645,3.8613462448120117,1.0086699498415137
23,3.096687078475952,-0.33133652806282043,3.863075017929077,1.0097304466831585
23,3.219146966934204,-0.3314042389392853,3.86496901512146,1.0109217801614667
23,3.341603994369507,-0.3314777910709381,3.8670270442962646,1.0122751314158562
23,3.4640586376190186,-0.33155763149261475,3.869243621826172,1.0137049204737425
23,3.586510419845581,-0.331644207239151,3.871600389480591,1.0152934383475656
23,3.7089598178863525,-0.33173784613609314,3.874079704284668,1.016923208183827
23,3.831387519836426,-0.33183902502059937,3.8766448497772217,1.0185963169011778
23,3.9538137912750244,-0.3319478929042816,3.8792667388916016,1.0202162199275917
23,4.07602071762085,-0.33206450939178467,3.8819005489349365,1.0217772367782476
23,4.197135925292969,-0.3321879804134369,3.884486675262451,1.0231580251624175
23,4.318252086639404,-0.33231931924819946,3.887021541595459,1.0243453506493536
23,4.436122894287109,-0.332454651594162,3.8894052505493164,1.0253700062165167
23,4.54765510559082,-0.33258959650993347,3.8915677070617676,1.0259847678301164
23,4.659189224243164,-0.3327312171459198,3.893625020980835,1.0264252410119155
23,4.762250900268555,-0.33286815881729126,3.8954250812530518,1.0266304359100291
23,4.857423782348633,-0.3329998552799225,3.897000312805176,1.026523091672005
23,4.952597618103027,-0.333136647939682,3.8984951972961426,1.0262183532437885
23,5.042579174041748,-0.33327072858810425,3.899843454360962,1.0257409667384902
23,5.130126953125,-0.33340561389923096,3.9011056423187256,1.0251104140009326
23,5.216890335083008,-0.3335435390472412,3.902323007583618,1.0243442940413259
23,5.3034987449646,-0.3336854577064514,3.9035212993621826,1.0234618911973816
23,5.390092849731445,-0.3338316082954407,3.9047210216522217,1.022479244658351
23,5.476686477661133,-0.33398208022117615,3.9059417247772217,1.0214422286847016
23,5.56328010559082,-0.334136962890625,3.9072043895721436,1.0203890976433163
23,5.649872303009033,-0.33429646492004395,3.9085311889648438,1.0193554712882815
23,5.7364630699157715,-0.3344608247280121,3.909943103790283,1.0183770241377965
23,5.823051452636719,-0.33463039994239807,3.9114603996276855,1.0174895416686656
23,5.909633636474609,-0.33480578660964966,3.9131011962890625,1.0167271492059413
23,5.996201515197754,-0.3349878489971161,3.9148807525634766,1.016130020724102
23,6.082766532897949,-0.33517879247665405,3.916809320449829,1.015741801415913
23,6.169294834136963,-0.33538275957107544,3.918890953063965,1.015547072301111
23,6.2557477951049805,-0.33560794591903687,3.921121597290039,1.0155360504487125
23,6.342586994171143,-0.33587151765823364,3.9235002994537354,1.0156614289091908
23,6.432342052459717,-0.3362097144126892,3.9260752201080322,1.0158344608648224
23,6.481860160827637,-0.3364408612251282,3.927534341812134,1.015917069404951
23,6.504333972930908,-0.33655795454978943,3.928204298019409,1.015969626647577
23,6.526820182800293,-0.3366830348968506,3.928879976272583,1.0160195301572015
23,6.5493059158325195,-0.33681628108024597,3.929560422897339,1.016069490215513
23,6.571831703186035,-0.3369581401348114,3.9302473068237305,1.0161204497778484
23,6.594356060028076,-0.3371085226535797,3.9309394359588623,1.0161721440141598
23,6.6169562339782715,-0.3372681140899658,3.9316389560699463,1.016224351019487
23,6.639646530151367,-0.3374372720718384,3.9323463439941406,1.0162764693048505
23,6.662472248077393,-0.33761659264564514,3.933063268661499,1.0163281612281996
23,6.685382843017578,-0.33780598640441895,3.933788299560547,1.0163787000597626
23,6.708373546600342,-0.3380056321620941,3.934520959854126,1.0164274974435832
23,6.731440544128418,-0.33821576833724976,3.9352612495422363,1.0164730252550789
23,6.754507541656494,-0.33843597769737244,3.936006784439087,1.0165145448884318
23,6.777646064758301,-0.3386671245098114,3.9367599487304688,1.0165513966561717
23,6.800851345062256,-0.3389095067977905,3.9375205039978027,1.016582526351626
23,6.824120044708252,-0.3391633629798889,3.938288450241089,1.0166071191561026
23,6.847446441650391,-0.33942896127700806,3.939063549041748,1.0166242418385434
23,6.870826244354248,-0.3397064805030823,3.939845561981201,1.0166330817344678
23,6.894254684448242,-0.3399961590766907,3.9406347274780273,1.016632827467886
23,6.917727947235107,-0.34029820561408997,3.9414305686950684,1.016623972775776
23,6.941004753112793,-0.340609610080719,3.942225217819214,1.016605674951669
23,6.96428108215332,-0.3409329354763031,3.9430253505706787,1.0165758411184118
23,6.9875946044921875,-0.341268926858902,3.9438319206237793,1.0165355827991704
23,7.010941028594971,-0.3416176438331604,3.944645404815674,1.0164848141564153
23,7.034317970275879,-0.3419792354106903,3.945465564727783,1.0164238098538463
23,7.057722091674805,-0.34235379099845886,3.9462924003601074,1.016352726061255
23,7.081149101257324,-0.3427412807941437,3.9471263885498047,1.016271959874504
23,7.104593753814697,-0.34314170479774475,3.947967052459717,1.0161820295597979
23,7.128052711486816,-0.3435550332069397,3.948814630508423,1.016083813005838
23,7.151521682739258,-0.34398117661476135,3.949669361114502,1.0159780725456244
23,7.174996376037598,-0.34442007541656494,3.950531482696533,1.0158658111928
23,7.198472499847412,-0.34487155079841614,3.9514012336730957,1.01574815503691
23,7.221946716308594,-0.345335453748703,3.9522786140441895,1.0156264715506549
23,7.2454142570495605,-0.3458116054534912,3.9531643390655518,1.0155020326128104
23,7.268881320953369,-0.3462999761104584,3.9540586471557617,1.0153763589375067
23,7.292338848114014,-0.3468002676963806,3.9549617767333984,1.015250561815447
23,7.315782070159912,-0.34731218218803406,3.9558746814727783,1.0151296640073202
23,7.339513778686523,-0.3478422462940216,3.9568092823028564,1.0150109014130548
23,7.363091468811035,-0.3483806252479553,3.957749128341675,1.0148973873917655
23,7.386317253112793,-0.34892240166664124,3.9586873054504395,1.0147984303183109
23,7.410037994384766,-0.34948691725730896,3.95965838432312,1.0147090251629578
23,7.433487415313721,-0.35005614161491394,3.96063232421875,1.0146353171569689
23,7.456888675689697,-0.3506350517272949,3.9616189002990723,1.014582024241156
23,7.480258941650391,-0.35122373700141907,3.9626197814941406,1.0145522218004894
23,7.503595352172852,-0.35182198882102966,3.9636359214782715,1.0145505251408296
23,7.526827812194824,-0.3524281084537506,3.964665651321411,1.0145836165593136
23,7.550024032592773,-0.3530432879924774,3.965712070465088,1.0146537347142015
23,7.572990894317627,-0.35366204380989075,3.9667677879333496,1.014764540072818
23,7.595918655395508,-0.35428935289382935,3.967841863632202,1.0149236454566612
23,7.618805885314941,-0.3549249768257141,3.96893572807312,1.0151373013577694
23,7.641650199890137,-0.3555687367916107,3.970050096511841,1.0154133224918092
23,7.664449214935303,-0.3562205135822296,3.9711861610412598,1.0157598349239374
23,7.687302112579346,-0.35688304901123047,3.9723496437072754,1.016184821240908
23,7.710153579711914,-0.3575547933578491,3.973539113998413,1.0167116708489041
23,7.732876300811768,-0.35823190212249756,3.9747486114501953,1.0173281896967794
23,7.75581169128418,-0.35892459750175476,3.9759974479675293,1.0180745700496534
23,7.7784552574157715,-0.3596177101135254,3.9772589206695557,1.0189403614006651
23,7.801043510437012,-0.36031830310821533,3.978546142578125,1.0199568986423728
23,7.82318639755249,-0.361014187335968,3.9798364639282227,1.0211157153100934
23,7.845344066619873,-0.36171963810920715,3.98115611076355,1.0224470654012165
23,7.867778301239014,-0.36244308948516846,3.9825198650360107,1.0239910153507215
23,7.890162467956543,-0.36317431926727295,3.98390793800354,1.0257584476741886
23,7.9124956130981445,-0.36391329765319824,3.985318422317505,1.0277696554083273
23,7.934776306152344,-0.3646598756313324,3.986748218536377,1.030044157654964
23,7.957004070281982,-0.36541375517845154,3.9881927967071533,1.0325940415405856
23,7.979178428649902,-0.36617425084114075,3.9896459579467773,1.0354154459807792
23,8.001299858093262,-0.3669401705265045,3.991098165512085,1.0384540477930098
23,8.023265838623047,-0.3677061200141907,3.992530345916748,1.0416466080034137
23,8.045181274414062,-0.3684734106063843,3.993934392929077,1.0449007882331331
23,8.067049026489258,-0.36923936009407043,3.995293378829956,1.0481218201915694
23,8.0888671875,-0.3700008690357208,3.996588945388794,1.0511918551360544
23,8.110637664794922,-0.3707548677921295,3.9978039264678955,1.053944848486435
23,8.132359504699707,-0.3714984059333801,3.99892520904541,1.0561692998789565
23,8.154033660888672,-0.37222933769226074,3.9999465942382812,1.057647637575274
23,8.175671577453613,-0.37294694781303406,4.000872611999512,1.058220452232541
23,8.197295188903809,-0.37365248799324036,4.001716613769531,1.0578165284630585
23,8.218921661376953,-0.37434807419776917,4.002496719360352,1.0568831653625754
23,8.240549087524414,-0.37503573298454285,4.00322961807251,1.0557572049612185
23,8.262178421020508,-0.37571749091148376,4.0039286613464355,1.0546285786278053
23,8.283807754516602,-0.37639468908309937,4.004601001739502,1.0535898359750178
23,8.305438041687012,-0.37706807255744934,4.005251407623291,1.0526709216477308
23,8.327069282531738,-0.37773793935775757,4.005881309509277,1.0518681898616493
23,8.348700523376465,-0.37840449810028076,4.0064897537231445,1.0511658942623696
23,8.370333671569824,-0.3790680468082428,4.007077693939209,1.050541707983592
23,8.391966819763184,-0.3797287344932556,4.00764274597168,1.049972792963956
23,8.413599967956543,-0.38038668036460876,4.008185386657715,1.0494420532981763
23,8.435235023498535,-0.38104185461997986,4.008703231811523,1.0489281685792438
23,8.456870079040527,-0.38169389963150024,4.0091962814331055,1.048406265385366
23,8.478506088256836,-0.3823423385620117,4.009663105010986,1.0478487965708034
23,8.500142097473145,-0.3829866349697113,4.010104179382324,1.0472284142610406
23,8.52177906036377,-0.38362622261047363,4.010519027709961,1.0465021259987393
23,8.543416976928711,-0.3842606544494629,4.010909557342529,1.045669873078919
23,8.565055847167969,-0.3848896622657776,4.011277198791504,1.0447326141959823
23,8.58669376373291,-0.3855132460594177,4.011624813079834,1.0437042354899182
23,8.608333587646484,-0.38613173365592957,4.011956214904785,1.042605196769396
23,8.629973411560059,-0.3867456614971161,4.012274742126465,1.041457252056871
23,8.651612281799316,-0.3873558044433594,4.012584686279297,1.0402791171259975
23,8.673253059387207,-0.38796287775039673,4.012889385223389,1.0390962774502746
23,8.694892883300781,-0.3885674774646759,4.013191223144531,1.0379369466848127
23,8.716532707214355,-0.3891701102256775,4.013492107391357,1.036808670381825
23,8.738173484802246,-0.38977113366127014,4.013792037963867,1.0357111444744953
23,8.75981330871582,-0.390370637178421,4.0140910148620605,1.0346383056141324
23,8.781453132629395,-0.39096856117248535,4.014388561248779,1.0335803951597704
23,8.803093910217285,-0.3915647566318512,4.014684200286865,1.0325261035413542
23,8.824734687805176,-0.39215898513793945,4.014976501464844,1.0314638343446842
23,8.84637451171875,-0.3927510380744934,4.015265941619873,1.0303734279926944
23,8.868016242980957,-0.39334073662757874,4.015552520751953,1.0292576105802203
23,8.889657020568848,-0.39392805099487305,4.015836715698242,1.0281145830563743
23,8.911297798156738,-0.39451292157173157,4.016119003295898,1.0269444327342638
23,8.932938575744629,-0.395095556974411,4.016401290893555,1.0257491098901403
23,8.95457935333252,-0.3956761658191681,4.016684532165527,1.0245327637997135
23,8.976221084594727,-0.3962550163269043,4.016970157623291,1.0233006494399066
23,8.997861862182617,-0.39683252573013306,4.017260551452637,1.0220575701765606
23,9.019502639770508,-0.39740899205207825,4.0175557136535645,1.0208093522436192
23,9.041143417358398,-0.39798474311828613,4.017858028411865,1.0195591062082605
23,9.062784194946289,-0.3985600769519806,4.018167495727539,1.0183057049848354
23,9.08442497253418,-0.3991350829601288,4.018484592437744,1.0170461223713327
23,9.10606575012207,-0.39970988035202026,4.018809795379639,1.0157753548636828
23,9.127705574035645,-0.40028443932533264,4.019142150878906,1.0144881139762663
23,9.149346351623535,-0.40085873007774353,4.019481658935547,1.013176243293403
23,9.17098617553711,-0.40143269300460815,4.019829273223877,1.0118270993823224
23,9.192626953125,-0.4020062983036041,4.02018404006958,1.0104399581628976
23,9.214266777038574,-0.40257957577705383,4.0205464363098145,1.0090113436072776
23,9.235906600952148,-0.4031525254249573,4.0209174156188965,1.0075381322995596
23,9.257546424865723,-0.4037252962589264,4.021297454833984,1.0060176454036405
23,9.27918529510498,-0.40429800748825073,4.0216875076293945,1.0044477446543802
23,9.300825119018555,-0.4048708975315094,4.022088527679443,1.002825740962609
23,9.322463989257812,-0.40544411540031433,4.022500514984131,1.0011374792240342
23,9.34410285949707,-0.40601783990859985,4.022924423217773,0.9993827915199803
23,9.365741729736328,-0.4065922498703003,4.023360729217529,0.9975581317149315
23,9.387380599975586,-0.4071674644947052,4.023809909820557,0.9956559791050772
23,9.409018516540527,-0.4077436327934265,4.024271488189697,0.9936678212573615
23,9.430656433105469,-0.4083207845687866,4.024745464324951,0.9915845271755047
23,9.452293395996094,-0.4088990390300751,4.02523136138916,0.989396952129462
23,9.473930358886719,-0.40947842597961426,4.025729656219482,0.9870868629478562
23,9.49556827545166,-0.41005903482437134,4.02623987197876,0.9846319954911712
23,9.517204284667969,-0.41064098477363586,4.026762008666992,0.9820421645547409
23,9.538840293884277,-0.41122445464134216,4.0272955894470215,0.9793103307697962
23,9.560476303100586,-0.41180968284606934,4.027840614318848,0.9764304604796672
23,9.582111358642578,-0.41239699721336365,4.028397560119629,0.9733978775149499
23,9.603747367858887,-0.41298678517341614,4.028966426849365,0.9702086649586644
23,9.625381469726562,-0.4135794937610626,4.029546737670898,0.9668598978781361
23,9.647016525268555,-0.41417568922042847,4.0301384925842285,0.9633164134564708
23,9.668649673461914,-0.4147760272026062,4.030742168426514,0.9596086842139832
23,9.69028377532959,-0.41538122296333313,4.031357288360596,0.9557442525424985
23,9.711915969848633,-0.4159921407699585,4.031983852386475,0.9517286817121989
23,9.733549118041992,-0.41660982370376587,4.032622337341309,0.947569405410288
23,9.755180358886719,-0.4172353446483612,4.0332722663879395,0.9432754745447919
23,9.776811599731445,-0.4178699851036072,4.033934593200684,0.9388581788933396
23,9.798442840576172,-0.4185152053833008,4.034609317779541,0.9343185473540145
23,9.820072174072266,-0.4191724956035614,4.035297393798828,0.9296731151308517
23,9.84170150756836,-0.41984352469444275,4.035999298095703,0.9249529105945868
23,9.86332893371582,-0.42053014039993286,4.036716461181641,0.9201742460728299
23,9.884955406188965,-0.42123422026634216,4.037450790405273,0.9153539594601842
23,9.906580924987793,-0.4219578206539154,4.03820276260376,0.910508637441724
23,9.928205490112305,-0.42270293831825256,4.038974761962891,0.9056546164344323
23,9.949828147888184,-0.42347168922424316,4.039768695831299,0.9008076288534261
23,9.971447944641113,-0.4242660701274872,4.040586471557617,0.8959437938397969
23,9.993066787719727,-0.4250882565975189,4.0414299964904785,0.8911149399457522
23,10.014683723449707,-0.4259400963783264,4.042301177978516,0.8863598200708588
23,10.036296844482422,-0.42682352662086487,4.043202877044678,0.8816790907178009
23,10.057908058166504,-0.4277403950691223,4.044137477874756,0.8770822223905691
23,10.079516410827637,-0.4286925196647644,4.045106887817383,0.8725793183529482
23,10.101120948791504,-0.4296812117099762,4.046114444732666,0.8681792176916454
23,10.122721672058105,-0.4307071566581726,4.0471601486206055,0.863891561317049
23,10.144318580627441,-0.43177053332328796,4.048244476318359,0.8597026096572099
23,10.165919303894043,-0.4328712821006775,4.049365997314453,0.8556058955055331
23,10.187586784362793,-0.43401220440864563,4.050528049468994,0.8516076450615045
23,10.209573745727539,-0.4352075755596161,4.051743030548096,0.8476917681774037
23,10.232458114624023,-0.4364936351776123,4.053049087524414,0.8437877171059153
23,10.257046699523926,-0.437925785779953,4.054503917694092,0.8399041172718558
23,10.281627655029297,-0.43941208720207214,4.056015491485596,0.8362923633411652
23,10.308429718017578,-0.44109776616096497,4.057734489440918,0.8325856804407931
23,10.337193489074707,-0.4429858326911926,4.059668064117432,0.8290050066117035
23,10.365945816040039,-0.4449572265148163,4.061697006225586,0.8257014323167589
23,10.39585018157959,-0.44710084795951843,4.0639166831970215,0.8225669244006037
23,10.425739288330078,-0.4493405818939209,4.066251754760742,0.819838486932078
23,10.456052780151367,-0.4517148733139038,4.068744659423828,0.8173709746787693
23,10.48644733428955,-0.4542006850242615,4.071374893188477,0.8153901404125212
23,10.516820907592773,-0.4567905068397522,4.074135780334473,0.8138272114659271
23,10.5471830368042,-0.45948511362075806,4.07703161239624,0.812640445713639
23,10.577522277832031,-0.46228206157684326,4.080062389373779,0.8120466027567622
23,10.60783863067627,-0.46517935395240784,4.083227157592773,0.811805506491357
23,10.638131141662598,-0.4681735634803772,4.086524963378906,0.8120976659376888
23,10.668399810791016,-0.47126123309135437,4.0899529457092285,0.8128688740146337
23,10.69864559173584,-0.47443798184394836,4.093507766723633,0.8139461168306055
23,10.728867530822754,-0.47769874334335327,4.097183704376221,0.815721291312489
23,10.759066581726074,-0.4810367524623871,4.100973129272461,0.8178425707531044
23,10.789244651794434,-0.48444390296936035,4.1048688888549805,0.8204714377064112
23,10.819402694702148,-0.4879137873649597,4.108861923217773,0.8235700508641078
23,10.849542617797852,-0.49143680930137634,4.112942218780518,0.8269706010924649
23,10.879667282104492,-0.4950045645236969,4.117097854614258,0.8309502319745644
23,10.909778594970703,-0.4986092448234558,4.121318817138672,0.8351514781897635
23,10.93988037109375,-0.502238929271698,4.125589370727539,0.8398019977152601
23,10.969974517822266,-0.5058844089508057,4.12989616394043,0.8448566680539907
23,11.000065803527832,-0.5095323324203491,4.134222030639648,0.8501072407706949
23,11.030157089233398,-0.5131720304489136,4.138551712036133,0.8558600401824437
23,11.060253143310547,-0.516793429851532,4.142868995666504,0.8616978757018838
23,11.090356826782227,-0.5203838348388672,4.147153854370117,0.8677744271074046
23,11.120471954345703,-0.5239363312721252,4.151393413543701,0.8740728258434585
23,11.150601387023926,-0.5274386405944824,4.1555681228637695,0.8804724707308571
23,11.180749893188477,-0.5308818817138672,4.159661769866943,0.8871472077161986
23,11.210918426513672,-0.5342586636543274,4.163661479949951,0.8938393562745152
23,11.241110801696777,-0.5375587940216064,4.167549133300781,0.900550545343121
23,11.27132797241211,-0.5407769680023193,4.171316623687744,0.9073077872771628
23,11.301579475402832,-0.5439037680625916,4.1749467849731445,0.9140306031247156
23,11.331883430480957,-0.5469338893890381,4.17842960357666,0.9208473611643259
23,11.362215995788574,-0.5498592257499695,4.181750774383545,0.927604520490429
23,11.3926420211792,-0.5526765584945679,4.184901237487793,0.934384810059881
23,11.42309856414795,-0.5553756356239319,4.187867164611816,0.9410923141443155
23,11.453722953796387,-0.557960569858551,4.190647602081299,0.9476836633980615
23,11.484625816345215,-0.5604299902915955,4.1932373046875,0.9542926277276789
23,11.515557289123535,-0.562757670879364,4.1956071853637695,0.9608042819093257
23,11.55180549621582,-0.5653023719787598,4.198094844818115,0.9683335383215838
23,11.58808708190918,-0.5676478743553162,4.200265407562256,0.9752909470601285
23,11.653900146484375,-0.5713867545127869,4.203388690948486,0.9874935329381808
23,11.719788551330566,-0.5744718909263611,4.205449104309082,0.9989055779216907
23,11.791576385498047,-0.5770813822746277,4.20650577545166,1.008847868450093
23,11.921374320983887,-0.5798946619033813,4.205471038818359,1.0249702401531973
23,12.051124572753906,-0.5805173516273499,4.200833320617676,1.0380558674105775
23,12.172728538513184,-0.5793421864509583,4.193451404571533,1.0487422973186562
23,12.294474601745605,-0.5767178535461426,4.183517932891846,1.0565643598263588
23,12.415983200073242,-0.5728247165679932,4.171326160430908,1.063188164007988
23,12.432859420776367,-0.5722049474716187,4.169483184814453,1.0639284747871465
24,0.9424222707748413,0.9759211540222168,2.44120454788208,1.0023137140122584
24,1.063327670097351,0.9761845469474792,2.442291259765625,1.0028672754342238
24,1.1852577924728394,0.9764844179153442,2.4435062408447266,1.0034888065132257
24,1.307186484336853,0.976819634437561,2.4448397159576416,1.0041345785441254
24,1.4295053482055664,0.9771931767463684,2.4462950229644775,1.004810462130722
24,1.551822543144226,0.9776055216789246,2.4478681087493896,1.005516964255899
24,1.674254059791565,0.9780592322349548,2.44956111907959,1.0062339611463909
24,1.7967095375061035,0.978556752204895,2.4513750076293945,1.0069670954971954
24,1.9191629886627197,0.9790998101234436,2.453312635421753,1.0077009688609229
24,2.0416181087493896,0.9796913862228394,2.455380439758301,1.0084352949730793
24,2.1640706062316895,0.9803334474563599,2.4575867652893066,1.009153862932852
24,2.28652024269104,0.9810280799865723,2.459941864013672,1.0098612964389813
24,2.408966541290283,0.9817773699760437,2.4624648094177246,1.0105464226693823
24,2.5314085483551025,0.9825825691223145,2.46517014503479,1.0112060220773904
24,2.6538450717926025,0.9834454655647278,2.468085527420044,1.011853349506369
24,2.776275396347046,0.9843676090240479,2.4712395668029785,1.012472637116647
24,2.898698091506958,0.985350489616394,2.4746594429016113,1.0130967002905154
24,3.021111249923706,0.9863964319229126,2.4783895015716553,1.0137285777998815
24,3.1435132026672363,0.9875074625015259,2.482456684112549,1.01443233094948
24,3.2659010887145996,0.9886870980262756,2.4869024753570557,1.0151932046754668
24,3.388273000717163,0.9899416565895081,2.491753101348877,1.0161372458496802
24,3.510626792907715,0.9912774562835693,2.497018814086914,1.0172738253330609
24,3.6329619884490967,0.9927095770835876,2.502681016921997,1.0186058861519893
24,3.755279541015625,0.9942497611045837,2.5086820125579834,1.0203404885410814
24,3.8775634765625,0.9959125518798828,2.5149285793304443,1.0221916073068849
24,3.9996213912963867,0.9977007508277893,2.5212628841400146,1.0242006918747446
24,4.121677398681641,0.9996199607849121,2.527592897415161,1.026152758467743
24,4.242648601531982,1.001653790473938,2.5337085723876953,1.0280505565046005
24,4.363630294799805,1.0038279294967651,2.539557933807373,1.0296938001497797
24,4.481383323669434,1.0060901641845703,2.544884204864502,1.0311169769720518
24,4.592818260192871,1.0083839893341064,2.549470901489258,1.0322148109247862
24,4.704270362854004,1.0108444690704346,2.553534746170044,1.032798229907142
24,4.807269096374512,1.0132875442504883,2.5567409992218018,1.0329773596500507
24,4.902392864227295,1.015708565711975,2.559174060821533,1.0327505541830295
24,4.992332458496094,1.0181607007980347,2.5609753131866455,1.0320911741993128
24,5.082276344299316,1.020787000656128,2.562277317047119,1.0309253531669793
24,5.1697869300842285,1.023524522781372,2.5630671977996826,1.0293851755722339
24,5.256509780883789,1.0264290571212769,2.5634024143218994,1.0274689290221461
24,5.3430705070495605,1.0295335054397583,2.563319683074951,1.0251832768919389
24,5.42960786819458,1.0328580141067505,2.5628550052642822,1.022544640067155
24,5.5161333084106445,1.0364190340042114,2.5620501041412354,1.0195737623466508
24,5.602950572967529,1.0402486324310303,2.5609471797943115,1.0162731917902144
24,5.6919684410095215,1.044461965560913,2.559563159942627,1.0125768733962728
24,5.780967712402344,1.048984408378601,2.557978391647339,1.0086987836672485
24,5.873638153076172,1.0540448427200317,2.55617094039917,1.004496815372043
24,5.967447280883789,1.0595613718032837,2.5542356967926025,1.0000605454164644
24,6.064603805541992,1.0657258033752441,2.5521745681762695,0.9952677229306366
24,6.164744853973389,1.072597622871399,2.550048589706421,0.9901252773709704
24,6.267375469207764,1.080222249031067,2.5479331016540527,0.9846181433099309
24,6.370289325714111,1.0884897708892822,2.545942544937134,0.9790064925171711
24,6.474891662597656,1.097563624382019,2.5441293716430664,0.9731512873481173
24,6.579304218292236,1.1073520183563232,2.542625665664673,0.9668762408750418
24,6.638383865356445,1.1132409572601318,2.541952610015869,0.9626308075602442
24,6.665599822998047,1.1160470247268677,2.541696548461914,0.9607627703243511
24,6.692637920379639,1.1188956499099731,2.541478395462036,0.958879612684334
24,6.71959924697876,1.1217975616455078,2.5412988662719727,0.9569665130348166
24,6.746518135070801,1.1247574090957642,2.5411593914031982,0.9550218330581411
24,6.773416519165039,1.1277785301208496,2.5410616397857666,0.9530462562600679
24,6.800251007080078,1.1308567523956299,2.5410077571868896,0.9510404942111094
24,6.827085494995117,1.1340006589889526,2.5409998893737793,0.9489984436026455
24,6.8539204597473145,1.137211799621582,2.5410404205322266,0.946919464251273
24,6.880749225616455,1.1404905319213867,2.5411317348480225,0.9448044347365083
24,6.907564163208008,1.143837571144104,2.541276216506958,0.9426548562893294
24,6.934359073638916,1.1472536325454712,2.541476011276245,0.9404730795665134
24,6.961127281188965,1.1507394313812256,2.541733503341675,0.9382624076599965
24,6.987833499908447,1.1542913913726807,2.542050361633301,0.9360296325072384
24,7.014528751373291,1.1579179763793945,2.542429208755493,0.9337699536879951
24,7.041190147399902,1.161617636680603,2.5428717136383057,0.9314903812587585
24,7.067811489105225,1.1653913259506226,2.543379783630371,0.9291946314911901
24,7.094386577606201,1.16923987865448,2.543954849243164,0.9268862562703952
24,7.120911121368408,1.1731643676757812,2.5445988178253174,0.924569098178658
24,7.1473798751831055,1.1771657466888428,2.5453128814697266,0.9222484200075537
24,7.173773765563965,1.181242823600769,2.546098470687866,0.9199297853123156
24,7.200106620788574,1.1853992938995361,2.5469582080841064,0.9176152969097984
24,7.226372718811035,1.189636468887329,2.5478930473327637,0.9153099876744926
24,7.25256872177124,1.1939555406570435,2.5489044189453125,0.9130191243046423
24,7.278690338134766,1.1983579397201538,2.5499937534332275,0.9107428292299
24,7.30473518371582,1.2028450965881348,2.551162004470825,0.9084916385441839
24,7.330688953399658,1.207416296005249,2.552410364151001,0.9062723176078086
24,7.356558322906494,1.2120742797851562,2.5537402629852295,0.9040883526997303
24,7.382339000701904,1.216820240020752,2.555152654647827,0.9019445477348956
24,7.408027648925781,1.2216557264328003,2.556647539138794,0.89984519827847
24,7.433620929718018,1.2265816926956177,2.5582258701324463,0.8977951438188609
24,7.459108829498291,1.231597661972046,2.559887170791626,0.8957801554330737
24,7.484496593475342,1.2367068529129028,2.5616321563720703,0.8938573839242875
24,7.510390281677246,1.242033839225769,2.5635018348693848,0.8919685736916779
24,7.535838603973389,1.2473894357681274,2.565429925918579,0.8900366558629583
24,7.560483932495117,1.2526942491531372,2.567383050918579,0.8883100565000493
24,7.585661888122559,1.2582354545593262,2.5694632530212402,0.8863723429065579
24,7.610665798187256,1.2638636827468872,2.571610689163208,0.8846596593626814
24,7.635571002960205,1.2695951461791992,2.5738255977630615,0.8829292595612623
24,7.660372734069824,1.2754353284835815,2.576108455657959,0.8813103793800443
24,7.685744285583496,1.2815433740615845,2.578523874282837,0.8797449252321039
24,7.710268974304199,1.2875715494155884,2.5809426307678223,0.8779984809828293
24,7.7346930503845215,1.2936649322509766,2.583430290222168,0.8755276111947488
24,7.7584733963012695,1.2996289730072021,2.585914373397827,0.8725802277213587
24,7.783251762390137,1.3058005571365356,2.5885486602783203,0.8683918045440534
24,7.807980060577393,1.311805009841919,2.5912246704101562,0.8628915575921323
24,7.832698345184326,1.3175066709518433,2.5939695835113525,0.8559397164046465
24,7.857423305511475,1.3227814435958862,2.596815586090088,0.8484467450952217
24,7.882145881652832,1.3276371955871582,2.599759101867676,0.8420929440361612
24,7.906778812408447,1.3322224617004395,2.6027438640594482,0.8377376090619857
24,7.931351184844971,1.336707353591919,2.6057279109954834,0.8349168632197695
24,7.955769062042236,1.3411533832550049,2.6086792945861816,0.832913940998872
24,7.98010778427124,1.3455901145935059,2.611600875854492,0.8313486182388755
24,8.004390716552734,1.3500052690505981,2.6144967079162598,0.8301286903623384
24,8.028536796569824,1.3543540239334106,2.617363929748535,0.8290816840035595
24,8.052613258361816,1.358616590499878,2.6202175617218018,0.8282379722750632
24,8.076620101928711,1.3627650737762451,2.6230649948120117,0.8275931922161474
24,8.100560188293457,1.3667802810668945,2.6259124279022217,0.8271478852760763
24,8.124343872070312,1.3706376552581787,2.628755569458008,0.8268605075786538
24,8.148091316223145,1.3743480443954468,2.6316134929656982,0.8266872974401147
24,8.1718111038208,1.3779170513153076,2.634488821029663,0.8266733504562915
24,8.195364952087402,1.3813284635543823,2.637364625930786,0.8267508587463612
24,8.218855857849121,1.3846042156219482,2.640251636505127,0.8269610140389078
24,8.24228286743164,1.3877527713775635,2.6431453227996826,0.8273398994024173
24,8.265568733215332,1.390773892402649,2.646031141281128,0.8279206536728253
24,8.288789749145508,1.3936878442764282,2.6489124298095703,0.8287064164539111
24,8.311943054199219,1.3965038061141968,2.6517841815948486,0.8296866176459313
24,8.335029602050781,1.3992303609848022,2.6546425819396973,0.8308297742176576
24,8.358048439025879,1.401874303817749,2.657484292984009,0.832084490592601
24,8.380934715270996,1.404433250427246,2.6602985858917236,0.8334022582001731
24,8.403753280639648,1.4069188833236694,2.6630918979644775,0.8347403999448214
24,8.426497459411621,1.4093329906463623,2.6658618450164795,0.8360724188632438
24,8.449173927307129,1.4116777181625366,2.668606996536255,0.8373850556512574
24,8.471783638000488,1.4139536619186401,2.671325445175171,0.8386764133416713
24,8.494325637817383,1.4161611795425415,2.6740152835845947,0.8399527994377496
24,8.516801834106445,1.418300747871399,2.6766746044158936,0.8412240502592878
24,8.539212226867676,1.4203733205795288,2.6793010234832764,0.8425004471961628
24,8.56155776977539,1.4223802089691162,2.6818926334381104,0.8437897054599371
24,8.583839416503906,1.4243234395980835,2.684448003768921,0.845097063126372
24,8.606057167053223,1.4262052774429321,2.686964750289917,0.8464230257380462
24,8.628144264221191,1.4280227422714233,2.689434051513672,0.8477557216737555
24,8.650148391723633,1.429783582687378,2.691859722137451,0.8490856527506269
24,8.672176361083984,1.4314996004104614,2.6942520141601562,0.8504160058851755
24,8.694070816040039,1.4331616163253784,2.696592092514038,0.85172455736094
24,8.715903282165527,1.4347790479660034,2.6988861560821533,0.8530014124843879
24,8.737674713134766,1.4363547563552856,2.7011327743530273,0.8542353374045663
24,8.759387016296387,1.4378917217254639,2.7033305168151855,0.8554173103276849
24,8.781039237976074,1.4393924474716187,2.7054779529571533,0.8565405463698529
24,8.802634239196777,1.4408589601516724,2.707573652267456,0.8576013183985898
24,8.824174880981445,1.4422932863235474,2.7096164226531982,0.8585954712066702
24,8.845722198486328,1.4437005519866943,2.7116098403930664,0.8595207901543109
24,8.867244720458984,1.445080041885376,2.7135496139526367,0.8603902671000709
24,8.888771057128906,1.4464343786239624,2.715435743331909,0.8612076633674391
24,8.91030216217041,1.4477648735046387,2.71726655960083,0.8619732309908482
24,8.931840896606445,1.4490724802017212,2.719040632247925,0.862695792679911
24,8.953385353088379,1.4503586292266846,2.7207558155059814,0.8633754475103718
24,8.974935531616211,1.4516243934631348,2.722410202026367,0.8640081358039093
24,8.996491432189941,1.452871322631836,2.7240021228790283,0.8645930901430616
24,9.01805305480957,1.4541009664535522,2.725529670715332,0.8651400566440426
24,9.039620399475098,1.4553152322769165,2.726991891860962,0.8656480574645377
24,9.061192512512207,1.456515908241272,2.728386640548706,0.8661156552340031
24,9.082769393920898,1.457704782485962,2.729712963104248,0.8665412977124003
24,9.104351997375488,1.4588837623596191,2.730969190597534,0.8669236187401145
24,9.125938415527344,1.4600542783737183,2.732154130935669,0.8672615962478398
24,9.147528648376465,1.4612178802490234,2.7332661151885986,0.8675464533622547
24,9.169123649597168,1.4623761177062988,2.7343037128448486,0.8677849485871116
24,9.190722465515137,1.46353018283844,2.7352654933929443,0.8679829165762502
24,9.212324142456055,1.4646811485290527,2.736149787902832,0.8681434907954328
24,9.233929634094238,1.4658302068710327,2.736955165863037,0.8682705525566972
24,9.255537033081055,1.4669784307479858,2.737679958343506,0.8683680946801327
24,9.27714729309082,1.468126893043518,2.7383227348327637,0.8684405031201009
24,9.298760414123535,1.4692766666412354,2.738881826400757,0.8684896344112987
24,9.320375442504883,1.4704291820526123,2.7393558025360107,0.8685187178520857
24,9.341991424560547,1.4715853929519653,2.7397429943084717,0.8685355595579536
24,9.363609313964844,1.472746729850769,2.740042209625244,0.8685426921425282
24,9.38522720336914,1.4739147424697876,2.7402517795562744,0.868541307460302
24,9.406846046447754,1.475090742111206,2.740370512008667,0.8685333152591694
24,9.42846393585205,1.4762762784957886,2.740396499633789,0.8685038402365428
24,9.450080871582031,1.4774727821350098,2.740328311920166,0.8684711727248868
24,9.471697807312012,1.4786816835403442,2.7401647567749023,0.8684313142029128
24,9.49331283569336,1.479904055595398,2.7399044036865234,0.8683894030631927
24,9.514925003051758,1.481141209602356,2.7395458221435547,0.8683460801269138
24,9.536534309387207,1.4823942184448242,2.7390880584716797,0.8683038070659677
24,9.558140754699707,1.4836639165878296,2.738529682159424,0.8682644968383284
24,9.579742431640625,1.4849509000778198,2.7378695011138916,0.8682301459686407
24,9.601340293884277,1.4862561225891113,2.7371068000793457,0.8682028843009738
24,9.622933387756348,1.4875799417495728,2.7362403869628906,0.8681825604357254
24,9.644519805908203,1.4889228343963623,2.73526930809021,0.8681721563358789
24,9.66610050201416,1.4902852773666382,2.7341928482055664,0.8681748979233231
24,9.687675476074219,1.4916675090789795,2.7330105304718018,0.868191890785922
24,9.70924186706543,1.4930698871612549,2.7317216396331787,0.8682239687648756
24,9.73080062866211,1.494492530822754,2.7303261756896973,0.8682715590716156
24,9.752350807189941,1.4959355592727661,2.728823661804199,0.8683346207494582
24,9.77389144897461,1.497399091720581,2.7272140979766846,0.8684112709914317
24,9.795422554016113,1.4988831281661987,2.7254977226257324,0.8684982243864175
24,9.816944122314453,1.5003875494003296,2.723675012588501,0.8685924405012764
24,9.838454246520996,1.501912236213684,2.721745729446411,0.8686825924528698
24,9.859953880310059,1.503456950187683,2.7197108268737793,0.8687844769531099
24,9.881442070007324,1.5050212144851685,2.717571258544922,0.8688982444158281
24,9.902917861938477,1.506604552268982,2.715327739715576,0.8690241490680204
24,9.924381256103516,1.5082063674926758,2.712981700897217,0.8691657734555915
24,9.945832252502441,1.5098258256912231,2.71053409576416,0.869318466642301
24,9.967269897460938,1.5114622116088867,2.707986831665039,0.8694894570087623
24,9.988694190979004,1.5131146907806396,2.70534086227417,0.8696809517823183
24,10.010106086730957,1.5147823095321655,2.7025980949401855,0.8698952612669603
24,10.031503677368164,1.5164642333984375,2.6997604370117188,0.8701349478038426
24,10.052887916564941,1.5181595087051392,2.696829319000244,0.8704025980790842
24,10.074257850646973,1.519867181777954,2.693807363510132,0.8707001968684929
24,10.09561538696289,1.5215861797332764,2.6906960010528564,0.8710287520393061
24,10.116958618164062,1.5233154296875,2.687497615814209,0.871408397136719
24,10.138287544250488,1.52505362033844,2.6842148303985596,0.8718330545114344
24,10.159610748291016,1.526800274848938,2.6808488368988037,0.8722728725400588
24,10.180990219116211,1.5285593271255493,2.67739200592041,0.8727593760271166
24,10.202674865722656,1.5303503274917603,2.67380428314209,0.8733022967136067
24,10.225235939025879,1.5322195291519165,2.669987201690674,0.8739267769691257
24,10.247783660888672,1.5340917110443115,2.6660900115966797,0.8746235048593403
24,10.272000312805176,1.5361051559448242,2.6618170738220215,0.8754755143459497
24,10.298395156860352,1.5383000373840332,2.6570630073547363,0.8765194464324367
24,10.324772834777832,1.5404911041259766,2.652214765548706,0.8776876554116463
24,10.353075981140137,1.542836308479309,2.6469106674194336,0.8790485173859794
24,10.382508277893066,1.545264482498169,2.6412880420684814,0.8806492804768783
24,10.4119234085083,1.5476758480072021,2.635564088821411,0.8824220714373618
24,10.441757202148438,1.5500990152359009,2.629659414291382,0.8843892689901232
24,10.471574783325195,1.5524927377700806,2.6236627101898193,0.8864861441759854
24,10.501476287841797,1.554856777191162,2.6175618171691895,0.8886977406802085
24,10.53137493133545,1.557175636291504,2.611380100250244,0.8911374019618851
24,10.561262130737305,1.5594393014907837,2.6051249504089355,0.8936898317484069
24,10.591140747070312,1.561636209487915,2.5988035202026367,0.8963497651261553
24,10.621010780334473,1.5637580156326294,2.592419385910034,0.8990974758951682
24,10.650875091552734,1.5657917261123657,2.58597993850708,0.9019122247119639
24,10.68073558807373,1.5677257776260376,2.579490900039673,0.9048070600034137
24,10.710593223571777,1.5695494413375854,2.5729565620422363,0.9076844985841171
24,10.740449905395508,1.571249008178711,2.56638240814209,0.9105396318952595
24,10.770305633544922,1.5728152990341187,2.559772253036499,0.9133867449705118
24,10.800162315368652,1.5742332935333252,2.5531327724456787,0.9161724002556237
24,10.8300199508667,1.5754923820495605,2.5464677810668945,0.91881358290532
24,10.859879493713379,1.5765823125839233,2.5397820472717285,0.9213096572819046
24,10.889741897583008,1.5774897336959839,2.5330820083618164,0.9237104896313634
24,10.919607162475586,1.5782066583633423,2.5263710021972656,0.9259234847346925
24,10.949475288391113,1.578721046447754,2.5196540355682373,0.927969091989059
24,10.97934627532959,1.5790249109268188,2.5129342079162598,0.929770960898608
24,11.0092191696167,1.579110026359558,2.5062167644500732,0.9314289995097722
24,11.039093017578125,1.578967809677124,2.499507188796997,0.9328337652846989
24,11.06896686553955,1.578593373298645,2.492807388305664,0.9339845942845817
24,11.098840713500977,1.5779796838760376,2.4861228466033936,0.9349562412056399
24,11.12871265411377,1.5771231651306152,2.4794580936431885,0.935653831549618
24,11.158581733703613,1.5760201215744019,2.4728171825408936,0.9361336007787037
24,11.188447952270508,1.5746676921844482,2.466203451156616,0.9363307308986688
24,11.218307495117188,1.5730648040771484,2.4596216678619385,0.93629150738341
24,11.248163223266602,1.5712109804153442,2.453077554702759,0.9360368033757668
24,11.278011322021484,1.569106936454773,2.4465744495391846,0.935516668514662
24,11.307857513427734,1.5667526721954346,2.4401135444641113,0.9347900421074266
24,11.337718963623047,1.5641498565673828,2.4336957931518555,0.9339125962446221
24,11.367568016052246,1.561302661895752,2.4273300170898438,0.9328493367412009
24,11.397469520568848,1.5582093000411987,2.4210057258605957,0.9316095158980627
24,11.42735767364502,1.554879903793335,2.414738893508911,0.9301746153765812
24,11.457367897033691,1.5513043403625488,2.4085047245025635,0.9286709425999887
24,11.487607955932617,1.5474741458892822,2.402287721633911,0.9269728938266346
24,11.517834663391113,1.5434236526489258,2.3961434364318848,0.9250861510624969
24,11.553205490112305,1.5384167432785034,2.3890440464019775,0.9227498643981635
24,11.588558197021484,1.5331308841705322,2.382056713104248,0.920239061245586
24,11.652576446533203,1.5229573249816895,2.3696842193603516,0.9157259374565803
24,11.716547012329102,1.5120497941970825,2.3576934337615967,0.9114092792471812
24,11.780476570129395,1.5004819631576538,2.3461074829101562,0.9065349200497862
24,11.842744827270508,1.488708257675171,2.3353023529052734,0.9017499221642802
24,11.968481063842773,1.4636598825454712,2.314838171005249,0.8944461174728852
24,12.086493492126465,1.439131259918213,2.297207832336426,0.8881036705476366
24,12.179754257202148,1.4193975925445557,2.284471273422241,0.8833294247326978
24,12.2984037399292,1.3943214416503906,2.269777774810791,0.87872432857382
24,12.4173002243042,1.3695197105407715,2.256699800491333,0.8757926466671041
24,12.536681175231934,1.3453469276428223,2.245198965072632,0.874710728786518
24,12.656416893005371,1.3221895694732666,2.2354278564453125,0.8748904886963026
24,12.776615142822266,1.3003582954406738,2.2273597717285156,0.8771965788015231
24,12.805238723754883,1.295391321182251,2.225672483444214,0.8777929411731712
25,0.8969970345497131,-0.4184194803237915,3.5344045162200928,1.000887537056828
25,1.0179070234298706,-0.41844794154167175,3.5348401069641113,1.0011299475512248
25,1.1388167142868042,-0.4184796214103699,3.535330057144165,1.0014024301709847
25,1.2607520818710327,-0.41851505637168884,3.535881280899048,1.0016923532173219
25,1.3830785751342773,-0.41855451464653015,3.536494016647339,1.0020180746221883
25,1.5054048299789429,-0.41859832406044006,3.5371689796447754,1.002359192142901
25,1.627846598625183,-0.4186471104621887,3.5379111766815186,1.0027195845134982
25,1.7502880096435547,-0.41870129108428955,3.5387232303619385,1.0031065462704893
25,1.872754693031311,-0.4187614917755127,3.539611339569092,1.0035057975736306
25,1.9952248334884644,-0.41882818937301636,3.540583372116089,1.0039333327514508
25,2.117694139480591,-0.4189017713069916,3.5416462421417236,1.0043844022557398
25,2.2401630878448486,-0.41898268461227417,3.5428125858306885,1.0048547450755752
25,2.36263108253479,-0.4190713167190552,3.5440940856933594,1.0053780340547562
25,2.4850974082946777,-0.4191679358482361,3.545504570007324,1.0059300409294696
25,2.6075618267059326,-0.4192729890346527,3.547062873840332,1.0065409636205065
25,2.7300243377685547,-0.41938671469688416,3.5487821102142334,1.0072276905531452
25,2.8524839878082275,-0.41950955986976624,3.5506832599639893,1.0079596564464468
25,2.974940299987793,-0.41964197158813477,3.552781105041504,1.0088438229308165
25,3.097393035888672,-0.41978439688682556,3.5550882816314697,1.0098060448178554
25,3.219841480255127,-0.41993749141693115,3.557615041732788,1.0108901873338885
25,3.34228515625,-0.4201018512248993,3.56036114692688,1.0121388391668606
25,3.464723587036133,-0.4202783405780792,3.563321113586426,1.0134680244061887
25,3.5871574878692627,-0.42046791315078735,3.5664713382720947,1.0149683665360243
25,3.7095870971679688,-0.42067134380340576,3.5697879791259766,1.016517112916336
25,3.831993341445923,-0.42088961601257324,3.573219060897827,1.0181154587745829
25,3.954397439956665,-0.4211232662200928,3.576723337173462,1.0196421155470883
25,4.076581954956055,-0.42137229442596436,3.580237865447998,1.02109877484586
25,4.197675704956055,-0.421634703874588,3.583681344985962,1.02234589619142
25,4.318770885467529,-0.42191269993782043,3.5870485305786133,1.023375382340647
25,4.436623573303223,-0.4221983551979065,3.590204954147339,1.0242315005500795
25,4.548140048980713,-0.4224826991558075,3.593057870864868,1.0246342555754746
25,4.6596598625183105,-0.4227811396121979,3.595759153366089,1.0248206253833139
25,4.7627105712890625,-0.42306995391845703,3.59810733795166,1.0247440094504963
25,4.857873916625977,-0.42334818840026855,3.600147008895874,1.0242920280704462
25,4.95304012298584,-0.4236376881599426,3.6020660400390625,1.0235783834532721
25,5.043015003204346,-0.4239217936992645,3.6037814617156982,1.0226532768009746
25,5.130557060241699,-0.4242075979709625,3.605375051498413,1.0215326265187505
25,5.217315196990967,-0.42449936270713806,3.6069037914276123,1.0202334515819034
25,5.303918361663818,-0.42479825019836426,3.6084060668945312,1.0187794670923007
25,5.390507221221924,-0.4251033663749695,3.6099140644073486,1.0171945841966972
25,5.477095603942871,-0.4254130423069,3.6114611625671387,1.0155453034880284
25,5.5636820793151855,-0.42572471499443054,3.613081932067871,1.0138914013825062
25,5.650267124176025,-0.42603451013565063,3.614813804626465,1.0123003997478768
25,5.7368483543396,-0.42633724212646484,3.6166937351226807,1.0108480507437152
25,5.82342529296875,-0.4266268014907837,3.6187567710876465,1.009609364354727
25,5.910111427307129,-0.4268985986709595,3.621039390563965,1.008654644363796
25,5.997992515563965,-0.427153617143631,3.6236073970794678,1.0080807555250602
25,6.085865497589111,-0.42738959193229675,3.626452922821045,1.0080759111667361
25,6.1761322021484375,-0.42761754989624023,3.6296727657318115,1.0086769528884194
25,6.26914644241333,-0.4278479814529419,3.6332924365997314,1.0099295108765283
25,6.364605903625488,-0.4281020164489746,3.6372787952423096,1.0118260679547557
25,6.460057258605957,-0.428415983915329,3.641460418701172,1.0142868880737392
25,6.503535747528076,-0.42859771847724915,3.643404483795166,1.0155426813590362
25,6.531273365020752,-0.4287339448928833,3.6446495056152344,1.0163257033368658
25,6.556300640106201,-0.4288702607154846,3.6457765102386475,1.0170127882607443
25,6.581295967102051,-0.42901965975761414,3.646904706954956,1.0176858930809942
25,6.606321811676025,-0.4291829466819763,3.6480355262756348,1.0183449379096614
25,6.6313676834106445,-0.4293605387210846,3.649168014526367,1.0189837619990108
25,6.656490325927734,-0.42955338954925537,3.650303363800049,1.0195970692943237
25,6.681694507598877,-0.4297621548175812,3.6514413356781006,1.0201790817556786
25,6.706977844238281,-0.429987370967865,3.652580499649048,1.0207230497524045
25,6.7322611808776855,-0.43022894859313965,3.653716564178467,1.021218754475345
25,6.757617950439453,-0.4304881989955902,3.6548519134521484,1.0216654218324623
25,6.7830424308776855,-0.43076571822166443,3.6559858322143555,1.0220581031069595
25,6.808528423309326,-0.43106213212013245,3.6571171283721924,1.0223921183117193
25,6.834068775177002,-0.4313781261444092,3.6582446098327637,1.0226635299088767
25,6.859658718109131,-0.43171426653862,3.659367799758911,1.0228688985253747
25,6.885293483734131,-0.43207117915153503,3.6604859828948975,1.0230055153465691
25,6.910974025726318,-0.4324495196342468,3.6615989208221436,1.0230712748028856
25,6.936695098876953,-0.4328497648239136,3.6627063751220703,1.023064786675432
25,6.96245002746582,-0.43327242136001587,3.6638078689575195,1.022985249029304
25,6.988232612609863,-0.4337178170681,3.664903402328491,1.022832677071773
25,7.014037609100342,-0.4341862201690674,3.6659932136535645,1.0226077796887907
25,7.039858818054199,-0.4346778988838196,3.6670773029327393,1.0223118343770106
25,7.0656914710998535,-0.43519291281700134,3.668156385421753,1.0219466840264007
25,7.09152889251709,-0.43573132157325745,3.6692306995391846,1.0215159927426767
25,7.117192268371582,-0.43628913164138794,3.6702938079833984,1.0210294147741124
25,7.142853260040283,-0.4368698298931122,3.671353578567505,1.0204818979716002
25,7.168507099151611,-0.4374731481075287,3.6724112033843994,1.019876601977281
25,7.194148540496826,-0.4380987882614136,3.6734676361083984,1.0192166646535485
25,7.219772815704346,-0.4387463629245758,3.6745235919952393,1.0185052096629035
25,7.245375633239746,-0.4394153952598572,3.6755802631378174,1.0177451148591712
25,7.270951747894287,-0.4401053190231323,3.6766390800476074,1.0169394932235416
25,7.296496868133545,-0.4408155381679535,3.677701234817505,1.0160910988642706
25,7.322006702423096,-0.44154539704322815,3.6787679195404053,1.0152025553121378
25,7.347477436065674,-0.4422941505908966,3.679840326309204,1.0142729281177882
25,7.372904300689697,-0.44306114315986633,3.680920362472534,1.0133027425483594
25,7.398894309997559,-0.4438643157482147,3.682035446166992,1.0122996878856427
25,7.424522399902344,-0.4446747601032257,3.6831486225128174,1.0112422284860303
25,7.449432849884033,-0.44548019766807556,3.6842458248138428,1.0101586913537337
25,7.475133895874023,-0.4463282823562622,3.6853957176208496,1.0090473564136888
25,7.500463962554932,-0.4471808671951294,3.686549663543701,1.0078808556951055
25,7.525735378265381,-0.4480476379394531,3.6877245903015137,1.006692631479498
25,7.55094575881958,-0.4489278793334961,3.6889231204986572,1.0054301364813523
25,7.5760931968688965,-0.4498218297958374,3.6901497840881348,1.0041621858277592
25,7.601006507873535,-0.450721800327301,3.691397190093994,1.0029055591282303
25,7.625849723815918,-0.45163318514823914,3.6926772594451904,1.0016030232111166
25,7.650626182556152,-0.45255565643310547,3.6939940452575684,1.0002724328994477
25,7.6753339767456055,-0.45348864793777466,3.6953518390655518,0.9989189348206071
25,7.699969291687012,-0.4544314742088318,3.6967546939849854,0.9975461065969942
25,7.724530220031738,-0.4553835391998291,3.698207139968872,0.996150296893612
25,7.749041557312012,-0.4563453495502472,3.6997156143188477,0.9947321525334044
25,7.773984909057617,-0.4573354721069336,3.7013161182403564,0.9933261474456142
25,7.798242568969727,-0.4583093822002411,3.7029435634613037,0.9918754187611514
25,7.822412014007568,-0.4592905044555664,3.7046420574188232,0.9904373668397604
25,7.845693111419678,-0.4602462947368622,3.7063608169555664,0.9890014127575935
25,7.869874477386475,-0.4612502455711365,3.708235502243042,0.9875861163562438
25,7.893970489501953,-0.4622630178928375,3.71020245552063,0.9861315024866445
25,7.917977809906006,-0.46328628063201904,3.7122690677642822,0.9846559907457683
25,7.941893577575684,-0.46432316303253174,3.7144412994384766,0.9831174977149618
25,7.965587615966797,-0.4653741717338562,3.716714382171631,0.9814981095373451
25,7.989186763763428,-0.4664576053619385,3.7191107273101807,0.9797106350544208
25,8.012685775756836,-0.46759799122810364,3.7216453552246094,0.977535560060503
25,8.03608226776123,-0.46884021162986755,3.7243292331695557,0.9744142706134382
25,8.059372901916504,-0.4702608287334442,3.7271580696105957,0.9689674758149214
25,8.082551002502441,-0.4719793498516083,3.730109453201294,0.9579904061509346
25,8.105607032775879,-0.4741160273551941,3.7331268787384033,0.9369355296416397
25,8.127889633178711,-0.47653019428253174,3.7359323501586914,0.9110306580700016
25,8.150224685668945,-0.47895482182502747,3.738269090652466,0.8917000301816633
25,8.173078536987305,-0.48109808564186096,3.739797592163086,0.8817094678051319
25,8.195825576782227,-0.482726514339447,3.7403111457824707,0.879480876926222
25,8.218533515930176,-0.48383966088294983,3.740011692047119,0.8861787728117402
25,8.241381645202637,-0.4845772385597229,3.739312171936035,0.8991928800944701
25,8.264164924621582,-0.4851315915584564,3.7386083602905273,0.912334143105907
25,8.287003517150879,-0.4856663942337036,3.7381272315979004,0.9227172960241319
25,8.309844970703125,-0.48626208305358887,3.737945795059204,0.9287748376107718
25,8.332597732543945,-0.4869452714920044,3.738032341003418,0.9303625874009357
25,8.35525894165039,-0.4877190887928009,3.7383041381835938,0.9291908119601476
25,8.377828598022461,-0.48858365416526794,3.738692045211792,0.9266415286213319
25,8.399965286254883,-0.4895263612270355,3.739147186279297,0.9235044888247503
25,8.422032356262207,-0.4905557334423065,3.739640951156616,0.9200207893778152
25,8.443973541259766,-0.49165078997612,3.7401340007781982,0.9164798385517958
25,8.465871810913086,-0.4927839934825897,3.7405877113342285,0.9129100647464586
25,8.487728118896484,-0.49392467737197876,3.7409720420837402,0.909295529156213
25,8.509538650512695,-0.49504712224006653,3.7412664890289307,0.9056575960728941
25,8.531299591064453,-0.4961310625076294,3.741462469100952,0.9020969544293919
25,8.553009986877441,-0.4971623718738556,3.741562843322754,0.8987470777512655
25,8.574666976928711,-0.4981333911418915,3.741584062576294,0.8957334857729646
25,8.59632682800293,-0.4990469217300415,3.7415506839752197,0.893159663095146
25,8.617961883544922,-0.4999098777770996,3.7414913177490234,0.8908969615950848
25,8.639596939086914,-0.500737190246582,3.741431951522827,0.8888847771167092
25,8.661231994628906,-0.5015453100204468,3.741391897201538,0.8869798646805032
25,8.682868003845215,-0.5023479461669922,3.7413816452026367,0.8850682241791641
25,8.704504013061523,-0.5031556487083435,3.7414045333862305,0.8830625576541496
25,8.726139068603516,-0.5039753913879395,3.741457223892212,0.8809041094514537
25,8.747773170471191,-0.5048093795776367,3.7415308952331543,0.8785413606349812
25,8.769407272338867,-0.5056559443473816,3.7416138648986816,0.8759899621017297
25,8.791040420532227,-0.5065107345581055,3.741694450378418,0.8732664961293973
25,8.812674522399902,-0.5073681473731995,3.741763114929199,0.8703810756462604
25,8.834307670593262,-0.5082224011421204,3.7418134212493896,0.8673546444089428
25,8.855941772460938,-0.5090686082839966,3.74184250831604,0.864218343729029
25,8.87757682800293,-0.5099031925201416,3.7418508529663086,0.8610108795067222
25,8.899211883544922,-0.5107243061065674,3.741842269897461,0.8577769295301619
25,8.920846939086914,-0.5115318298339844,3.7418229579925537,0.8545632289914343
25,8.942482948303223,-0.5123273134231567,3.7417991161346436,0.8513822033520472
25,8.964119911193848,-0.513113260269165,3.7417774200439453,0.84822880159733
25,8.985755920410156,-0.5138927698135376,3.741762399673462,0.8450833632760026
25,9.007392883300781,-0.5146684050559998,3.741755962371826,0.8419170210436472
25,9.029029846191406,-0.5154422521591187,3.74175763130188,0.838698524610146
25,9.050666809082031,-0.5162152051925659,3.741764545440674,0.835400560583975
25,9.072303771972656,-0.5169875025749207,3.7417726516723633,0.8319914181129636
25,9.093939781188965,-0.5177589058876038,3.7417781352996826,0.8284795944886212
25,9.115577697753906,-0.5185288190841675,3.741777181625366,0.824877541775374
25,9.137214660644531,-0.5192968845367432,3.7417666912078857,0.8211986655759943
25,9.158851623535156,-0.5200629234313965,3.7417454719543457,0.817457657070539
25,9.180488586425781,-0.5208274722099304,3.741712808609009,0.8136675554592497
25,9.202125549316406,-0.5215914845466614,3.7416694164276123,0.8098379902270786
25,9.223762512207031,-0.5223564505577087,3.7416160106658936,0.8059719059928857
25,9.245399475097656,-0.5231241583824158,3.741553544998169,0.8020637846189294
25,9.267036437988281,-0.5238965749740601,3.741482973098755,0.7981093941510096
25,9.288673400878906,-0.5246758460998535,3.7414040565490723,0.7941012382978853
25,9.310309410095215,-0.5254641771316528,3.7413170337677,0.7900434115961922
25,9.331944465637207,-0.5262637138366699,3.741220474243164,0.7859251130239102
25,9.353580474853516,-0.5270766615867615,3.7411139011383057,0.7817329973885602
25,9.375214576721191,-0.5279052257537842,3.740995407104492,0.7774640875607646
25,9.39684772491455,-0.5287519097328186,3.7408642768859863,0.7731041976056525
25,9.41848087310791,-0.5296192765235901,3.7407193183898926,0.7686644567510323
25,9.440113067626953,-0.5305102467536926,3.7405598163604736,0.7641452526783777
25,9.461743354797363,-0.5314279794692993,3.7403855323791504,0.7595464097764342
25,9.483372688293457,-0.5323758721351624,3.7401959896087646,0.7548667892540389
25,9.505000114440918,-0.5333576202392578,3.7399919033050537,0.750106019587857
25,9.52662467956543,-0.5343772172927856,3.7397732734680176,0.7452766623946131
25,9.548248291015625,-0.5354388952255249,3.7395408153533936,0.7403529128319739
25,9.569869995117188,-0.5365468263626099,3.73929500579834,0.7353338329254838
25,9.591487884521484,-0.5377054810523987,3.7390365600585938,0.7302287885389348
25,9.613102912902832,-0.5389196276664734,3.7387664318084717,0.7250396236480073
25,9.634714126586914,-0.5401939153671265,3.738485097885132,0.7197697081515544
25,9.65632152557373,-0.5415332317352295,3.7381937503814697,0.7144239427629331
25,9.677924156188965,-0.5429424047470093,3.737893581390381,0.7090092426917087
25,9.6995210647583,-0.5444262027740479,3.7375855445861816,0.7035327243776509
25,9.721113204956055,-0.5459893941879272,3.737271308898926,0.697995037646397
25,9.742698669433594,-0.5476368069648743,3.736952781677246,0.692419013986175
25,9.764277458190918,-0.54937344789505,3.7366318702697754,0.6868177149608643
25,9.785847663879395,-0.5512043833732605,3.7363109588623047,0.6812305643280125
25,9.80741024017334,-0.5531341433525085,3.7359931468963623,0.6756636165674741
25,9.828962326049805,-0.555167555809021,3.7356808185577393,0.6701209605186067
25,9.850504875183105,-0.5573091506958008,3.735377550125122,0.6646203060842014
25,9.87203598022461,-0.5595632195472717,3.7350869178771973,0.6591785882379668
25,9.8935546875,-0.5619337558746338,3.7348129749298096,0.6538182212306136
25,9.915060043334961,-0.564424455165863,3.7345592975616455,0.6485610978387355
25,9.936551094055176,-0.5670386552810669,3.734330654144287,0.6434253880492993
25,9.958026885986328,-0.5697793960571289,3.734130859375,0.6384193328752522
25,9.979485511779785,-0.5726500153541565,3.7339634895324707,0.6335430169042044
25,10.00092601776123,-0.575654149055481,3.7338314056396484,0.6288087729371789
25,10.022347450256348,-0.5787948369979858,3.733736753463745,0.6242703289731101
25,10.043747901916504,-0.5820754170417786,3.7336814403533936,0.6198983132583636
25,10.065126419067383,-0.5854994058609009,3.7336666584014893,0.615709612423509
25,10.086480140686035,-0.5890700221061707,3.733694314956665,0.6117223244202126
25,10.107809066772461,-0.5927903056144714,3.7337663173675537,0.6079517714312094
25,10.129110336303711,-0.5966627597808838,3.733884334564209,0.604410054973523
25,10.150388717651367,-0.6006911993026733,3.7340502738952637,0.6011174124995774
25,10.171707153320312,-0.6048890948295593,3.734266757965088,0.598136077524952
25,10.192992210388184,-0.6092448830604553,3.7345354557037354,0.5953913412553826
25,10.214560508728027,-0.6138282418251038,3.734863758087158,0.5928741076321491
25,10.236976623535156,-0.6187741160392761,3.735267400741577,0.590555037362992
25,10.26102066040039,-0.6242854595184326,3.7357735633850098,0.5884458031325015
25,10.285016059875488,-0.629995584487915,3.736355781555176,0.5868849108440395
25,10.311131477355957,-0.6364426612854004,3.737078905105591,0.5855500382519704
25,10.339104652404785,-0.6436131000518799,3.737961530685425,0.5846407670037909
25,10.367008209228516,-0.6510345935821533,3.7389538288116455,0.5841898483547915
25,10.395971298217773,-0.6590098738670349,3.7401070594787598,0.5842879113039057
25,10.424860954284668,-0.6672298312187195,3.741381883621216,0.5849420324160544
25,10.45410442352295,-0.6758085489273071,3.74280047416687,0.5859832022992599
25,10.483372688293457,-0.6846327185630798,3.744349956512451,0.5877342521511962
25,10.5125732421875,-0.6936559081077576,3.7460198402404785,0.5898640329980372
25,10.54172134399414,-0.7028577923774719,3.747810125350952,0.5924578734373447
25,10.57081413269043,-0.7122120261192322,3.749711275100708,0.5956100259782172
25,10.599859237670898,-0.7216911911964417,3.7517189979553223,0.5990261022303675
25,10.628864288330078,-0.7312719225883484,3.7538249492645264,0.6030305958571589
25,10.657837867736816,-0.740925669670105,3.7560207843780518,0.6073125513049162
25,10.686790466308594,-0.7506251335144043,3.758297920227051,0.6119352071445124
25,10.715728759765625,-0.7603473663330078,3.760645866394043,0.6169769505124408
25,10.744667053222656,-0.7700590491294861,3.7630555629730225,0.6222191636916046
25,10.77361011505127,-0.7797415256500244,3.7655155658721924,0.6278276396572358
25,10.802570343017578,-0.7893605828285217,3.7680158615112305,0.6336422196307758
25,10.831558227539062,-0.7988902926445007,3.7705442905426025,0.6397109730549868
25,10.860580444335938,-0.8083100914955139,3.7730906009674072,0.6460085935469244
25,10.889647483825684,-0.8175870776176453,3.7756431102752686,0.652464831689949
25,10.918764114379883,-0.8267089128494263,3.778190851211548,0.6590782663323792
25,10.947940826416016,-0.8356447219848633,3.7807223796844482,0.6658359515218493
25,10.977179527282715,-0.8443782329559326,3.7832272052764893,0.6727766081204558
25,11.006486892700195,-0.8528926968574524,3.7856943607330322,0.6797508511208217
25,11.035867691040039,-0.8611647486686707,3.788114547729492,0.6869146995061511
25,11.065322875976562,-0.869184672832489,3.790480375289917,0.6941186712510871
25,11.094855308532715,-0.8769309520721436,3.792781352996826,0.7013587557455035
25,11.124466896057129,-0.8843919634819031,3.795012950897217,0.7087601262658576
25,11.154157638549805,-0.8915528655052185,3.7971689701080322,0.7160944149088145
25,11.183929443359375,-0.8984017968177795,3.799241542816162,0.7235253215682033
25,11.213777542114258,-0.9049323201179504,3.8012280464172363,0.7309490936058834
25,11.243704795837402,-0.911129355430603,3.8031227588653564,0.7383521962063337
25,11.273704528808594,-0.9169900417327881,3.8049235343933105,0.7458044648462767
25,11.303784370422363,-0.9225073456764221,3.8066248893737793,0.7531466836957412
25,11.333955764770508,-0.9276779294013977,3.8082242012023926,0.7605431759284529
25,11.364191055297852,-0.9324947595596313,3.809720754623413,0.767866667497964
25,11.394551277160645,-0.9369616508483887,3.8111133575439453,0.7751443312993844
25,11.424966812133789,-0.9410693049430847,3.812399387359619,0.782361190506427
25,11.455572128295898,-0.9448321461677551,3.8135826587677,0.7894776061338975
25,11.48647403717041,-0.9482520222663879,3.8146655559539795,0.7967791254383181
25,11.51741886138916,-0.9512993097305298,3.815640926361084,0.8039930536986376
25,11.553695678710938,-0.9543910622596741,3.8166284561157227,0.8123139912605488
25,11.619521141052246,-0.9588273167610168,3.8180811405181885,0.8272133186805184
25,11.685439109802246,-0.9617812037467957,3.8190793991088867,0.8414267456542387
25,11.757258415222168,-0.963418185710907,3.819664716720581,0.8564161325758022
25,11.829100608825684,-0.9635160565376282,3.8197786808013916,0.8707872906197296
25,11.958882331848145,-0.9603256583213806,3.8188018798828125,0.8949012983334811
25,12.0805025100708,-0.9538207650184631,3.8165409564971924,0.9150899876642853
25,12.16893482208252,-0.947167158126831,3.8140811920166016,0.9291024430379782
25,12.290488243103027,-0.9358935952186584,3.8096365928649902,0.9460165176650561
25,12.411776542663574,-0.9225123524665833,3.8039512634277344,0.9614656781243263
25,12.533015251159668,-0.9076248407363892,3.7970128059387207,0.975773619209238
25,12.654036521911621,-0.8916406035423279,3.7888312339782715,0.9873404166890384
25,12.774889945983887,-0.8750482797622681,3.77946400642395,0.9986562698018349
25,12.82852840423584,-0.8675876259803772,3.774962902069092,1.0027360418412035
26,1.2634330987930298,-0.6387391686439514,1.0978702306747437,1.0192886585624445
26,1.385721206665039,-0.638872504234314,1.1009998321533203,1.0206716279599721
26,1.5080065727233887,-0.6390196681022644,1.1042301654815674,1.0218826972252446
26,1.6304044723510742,-0.6391837000846863,1.107589602470398,1.022908823257965
26,1.752798318862915,-0.6393657922744751,1.1110899448394775,1.0238898734703985
26,1.8752132654190063,-0.6395673751831055,1.1147494316101074,1.0248791437478073
26,1.9976271390914917,-0.6397885680198669,1.1185810565948486,1.0259296684111672
26,2.120035171508789,-0.64002925157547,1.1225897073745728,1.0270678894477432
26,2.2424378395080566,-0.640288233757019,1.1267726421356201,1.028266720064924
26,2.3648345470428467,-0.6405656337738037,1.1311218738555908,1.029528543128927
26,2.4872257709503174,-0.6408620476722717,1.1356288194656372,1.030744311373807
26,2.6096107959747314,-0.6411797404289246,1.1402956247329712,1.0318609978604971
26,2.7319893836975098,-0.6415199637413025,1.1451293230056763,1.0328420215903684
26,2.854360342025757,-0.6418846249580383,1.1501497030258179,1.0337298933037082
26,2.976722002029419,-0.6422739028930664,1.1553868055343628,1.0343495858314495
26,3.0990729331970215,-0.6426876783370972,1.1608737707138062,1.0348191693575948
26,3.2214086055755615,-0.6431233882904053,1.1666862964630127,1.035073862199611
26,3.343724489212036,-0.6435787081718445,1.172899842262268,1.0350802229434617
26,3.4660117626190186,-0.6440491676330566,1.179648995399475,1.0350186679169049
26,3.588257074356079,-0.644538402557373,1.1871187686920166,1.0350324997252456
26,3.71044921875,-0.6450533270835876,1.1954137086868286,1.035277800781384
26,3.832562208175659,-0.6456208825111389,1.2045314311981201,1.0358327318898244
26,3.9546265602111816,-0.6462461948394775,1.2142797708511353,1.0362908324214903
26,4.076447486877441,-0.6469277143478394,1.2243125438690186,1.0366773471879334
26,4.197183132171631,-0.6476446986198425,1.2342073917388916,1.0365770367616285
26,4.317940711975098,-0.6483990550041199,1.2438263893127441,1.0361107801006286
26,4.435504913330078,-0.6491804122924805,1.2526222467422485,1.035440806835889
26,4.546799182891846,-0.6499758958816528,1.2601679563522339,1.0336586079613757
26,4.634820461273193,-0.650653064250946,1.2654170989990234,1.031966873637242
26,4.737769603729248,-0.651515543460846,1.2704799175262451,1.0291202504470927
26,4.840775012969971,-0.6524695754051208,1.2741825580596924,1.0252085463893967
26,4.935934543609619,-0.6534522175788879,1.276162028312683,1.0208270519685159
26,5.025918006896973,-0.654490053653717,1.2766094207763672,1.0159655274593986
26,5.113559722900391,-0.6556207537651062,1.2756264209747314,1.0106154309548214
26,5.201639652252197,-0.6568949222564697,1.273198127746582,1.004761387852148
26,5.289666175842285,-0.6583250761032104,1.2693411111831665,0.9984590894485466
26,5.3800578117370605,-0.6599780321121216,1.2639284133911133,0.9917681782582131
26,5.473151206970215,-0.6619023680686951,1.2568706274032593,0.9848150553820145
26,5.5687255859375,-0.6641438603401184,1.248119592666626,0.9777789025535646
26,5.668370723724365,-0.6668069958686829,1.2374379634857178,0.9707397436858105
26,5.7696146965026855,-0.6699017286300659,1.2249997854232788,0.9644752886702979
26,5.870640754699707,-0.673433780670166,1.2110035419464111,0.9595988598790478
26,5.972757816314697,-0.6775162816047668,1.1952260732650757,0.9563864992222129
26,6.075470447540283,-0.6822192072868347,1.1776478290557861,0.9552131832090517
26,6.17828893661499,-0.6876164674758911,1.1582717895507812,0.9564422354910177
26,6.280921459197998,-0.693798303604126,1.1371265649795532,0.9604865840155177
26,6.3832621574401855,-0.7008618116378784,1.114237904548645,0.9675945280091394
26,6.483234405517578,-0.7087501287460327,1.0901576280593872,0.9781023814657366
26,6.582736968994141,-0.7177075147628784,1.064552903175354,0.9919795273418452
26,6.67810583114624,-0.7274525761604309,1.0385229587554932,1.0091369290293142
26,6.703498363494873,-0.7302455306053162,1.031349539756775,1.0144039867080596
26,6.728116989135742,-0.7330335378646851,1.0243048667907715,1.0197232441022042
26,6.752499103546143,-0.7358740568161011,1.017246127128601,1.0251889498420916
26,6.776780128479004,-0.738781213760376,1.0101454257965088,1.0307927773251473
26,6.800897598266602,-0.7417444586753845,1.0030333995819092,1.036491423246319
26,6.824898719787598,-0.7447665929794312,0.9959082007408142,1.0423105591696846
26,6.848812580108643,-0.7478477954864502,0.9887753129005432,1.048163318625013
26,6.873004913330078,-0.751030445098877,0.9815420508384705,1.0541893577951016
26,6.896812915802002,-0.7542262673377991,0.9744171500205994,1.060281780581032
26,6.920559406280518,-0.7574730515480042,0.9673177599906921,1.0664657435812763
26,6.944027423858643,-0.7607380151748657,0.9603212475776672,1.0727191771607423
26,6.967816352844238,-0.7641007900238037,0.9532636404037476,1.079102633439141
26,6.991403102874756,-0.7674864530563354,0.9463117122650146,1.0856520423793214
26,7.014997959136963,-0.770923376083374,0.9394134283065796,1.0924008799396183
26,7.03884220123291,-0.7744434475898743,0.9325117468833923,1.0991007941605586
26,7.062620162963867,-0.7779937386512756,0.9257105588912964,1.1059393001383895
26,7.086713790893555,-0.7816300392150879,0.9189108610153198,1.1130237478268967
26,7.110759258270264,-0.7852960228919983,0.9122256636619568,1.120275905888544
26,7.1347551345825195,-0.7889897227287292,0.9056638479232788,1.127568940778023
26,7.158689022064209,-0.7927078008651733,0.8992371559143066,1.134938292029393
26,7.182571887969971,-0.7964490652084351,0.8929486274719238,1.1423548431177102
26,7.206480979919434,-0.8002235889434814,0.8867828845977783,1.149801274326346
26,7.23043155670166,-0.8040316104888916,0.8807405829429626,1.1571428856447943
26,7.254322528839111,-0.8078572154045105,0.8748517036437988,1.1643583693820825
26,7.278162479400635,-0.8117007613182068,0.8691163659095764,1.1715194191789606
26,7.301950931549072,-0.8155603408813477,0.8635365962982178,1.1786166790766466
26,7.325686931610107,-0.8194340467453003,0.8581135272979736,1.1856312658521495
26,7.349370002746582,-0.8233199715614319,0.8528473973274231,1.1924937282900259
26,7.372992038726807,-0.8272162079811096,0.8477398157119751,1.1991041945004324
26,7.396670341491699,-0.8311391472816467,0.8427636623382568,1.205526356806698
26,7.420374393463135,-0.8350788354873657,0.8379238247871399,1.2117602159270908
26,7.444028377532959,-0.8390161395072937,0.8332330584526062,1.2177771762930398
26,7.467633247375488,-0.8429422974586487,0.8286882638931274,1.2235771452287676
26,7.491191864013672,-0.8468456268310547,0.8242880702018738,1.2291633783858655
26,7.514707565307617,-0.8507131338119507,0.8200347423553467,1.2344462877371873
26,7.538128852844238,-0.8545203804969788,0.8159409761428833,1.2394382466355325
26,7.561463356018066,-0.8582521080970764,0.8120085000991821,1.24427547411939
26,7.584729194641113,-0.8618965148925781,0.8082464933395386,1.2490454942474896
26,7.60792875289917,-0.8654410243034363,0.8046704530715942,1.253793272982349
26,7.631170272827148,-0.868892252445221,0.8012818694114685,1.2586509523437368
26,7.6543498039245605,-0.8722283840179443,0.7981147170066833,1.2636592715666504
26,7.677468299865723,-0.875449001789093,0.7951856255531311,1.2688582458286302
26,7.700599193572998,-0.8785679936408997,0.7924980521202087,1.2742841677551018
26,7.723669052124023,-0.8815833330154419,0.7900689244270325,1.2799045877307673
26,7.746521949768066,-0.8844885230064392,0.7879136800765991,1.2856151961822306
26,7.769405364990234,-0.8873288035392761,0.786003589630127,1.2914252864126492
26,7.79221773147583,-0.8901048302650452,0.7843385338783264,1.2971734889738316
26,7.814958572387695,-0.892829418182373,0.7829046249389648,1.3027556813790326
26,7.83762788772583,-0.8955144286155701,0.7816843390464783,1.3080809311957717
26,7.860227584838867,-0.8981688022613525,0.7806597948074341,1.3130750201143466
26,7.882760047912598,-0.9007996320724487,0.7798128724098206,1.3176642895422377
26,7.9052815437316895,-0.9034178256988525,0.7791242003440857,1.321803006611739
26,7.927739143371582,-0.9060196280479431,0.778580904006958,1.3255208452911826
26,7.95020055770874,-0.9086141586303711,0.7781696915626526,1.3287688480796735
26,7.972601890563965,-0.9111942648887634,0.7778815627098083,1.3316232227042588
26,7.9949493408203125,-0.913760244846344,0.7777079939842224,1.334115128107852
26,8.01724910736084,-0.916312038898468,0.7776421904563904,1.336279584842828
26,8.039667129516602,-0.9188681244850159,0.7776799201965332,1.3380883414429694
26,8.062047958374023,-0.9214101433753967,0.7778186202049255,1.339610685850528
26,8.084482192993164,-0.9239479899406433,0.778055727481842,1.340875621983382
26,8.10679817199707,-0.9264616370201111,0.7783868908882141,1.3418806430296433
26,8.129151344299316,-0.928968071937561,0.778811514377594,1.3426401237903716
26,8.151504516601562,-0.9314629435539246,0.7793269753456116,1.3431683134686334
26,8.173845291137695,-0.9339450597763062,0.7799309492111206,1.3434956563053728
26,8.196158409118652,-0.9364124536514282,0.7806206345558167,1.343627199451591
26,8.218451499938965,-0.9388663172721863,0.7813938856124878,1.3435645304393804
26,8.240763664245605,-0.9413109421730042,0.7822492718696594,1.3433098515387951
26,8.26305866241455,-0.9437421560287476,0.7831829190254211,1.3428627555535035
26,8.285338401794434,-0.9461603760719299,0.7841921448707581,1.342220099118328
26,8.30760669708252,-0.9485657811164856,0.7852742671966553,1.3413773609222408
26,8.329867362976074,-0.9509583115577698,0.7864266633987427,1.3403021693002761
26,8.352185249328613,-0.9533449411392212,0.7876496315002441,1.3389658561694155
26,8.374496459960938,-0.9557188153266907,0.7889376878738403,1.3372219790310302
26,8.396916389465332,-0.9580923914909363,0.7902965545654297,1.335186519507036
26,8.419333457946777,-0.9604533910751343,0.791718065738678,1.3328837795182222
26,8.441888809204102,-0.9628159999847412,0.7932107448577881,1.3303019923460297
26,8.464341163635254,-0.9651536345481873,0.7947587966918945,1.3275057079519794
26,8.486780166625977,-0.9674746990203857,0.7963680624961853,1.3245737957576438
26,8.509204864501953,-0.9697781205177307,0.7980374097824097,1.321614669424964
26,8.531615257263184,-0.9720638990402222,0.7997622489929199,1.3186975016793354
26,8.554009437561035,-0.9743333458900452,0.8015317916870117,1.3157403089635427
26,8.576386451721191,-0.9765880703926086,0.803333580493927,1.3122452814443544
26,8.598806381225586,-0.978832483291626,0.8051762580871582,1.3074705411827217
26,8.621286392211914,-0.9810647368431091,0.8070988059043884,1.3015870111761563
26,8.643730163574219,-0.9832776188850403,0.8091396689414978,1.2952667393603505
26,8.666131019592285,-0.9854748249053955,0.8113278150558472,1.2887881286203589
26,8.688483238220215,-0.9876537322998047,0.8136783242225647,1.2821119577525082
26,8.711041450500488,-0.989827573299408,0.8162412047386169,1.2753008712469573
26,8.733590126037598,-0.9919565916061401,0.8190273642539978,1.2689668864186188
26,8.755867004394531,-0.9939977526664734,0.8220306634902954,1.2637962490707975
26,8.778027534484863,-0.9959543943405151,0.8252781629562378,1.2599522601003366
26,8.800180435180664,-0.9978306889533997,0.8287786245346069,1.2568952950998777
26,8.822251319885254,-0.9996204972267151,0.8325037956237793,1.2540260085421975
26,8.844240188598633,-1.0013251304626465,0.8364303112030029,1.2508259976270786
26,8.866209030151367,-1.0029515027999878,0.8405463695526123,1.2471245148102779
26,8.8881254196167,-1.004500389099121,0.8448305130004883,1.242897217799468
26,8.90999698638916,-1.0059727430343628,0.8492762446403503,1.2381763857833514
26,8.931821823120117,-1.0073659420013428,0.8538858294487,1.2328360614837717
26,8.953645706176758,-1.0086816549301147,0.8586771488189697,1.2268304612253351
26,8.97541332244873,-1.0099208354949951,0.8636419177055359,1.2205663461435965
26,8.997123718261719,-1.011090874671936,0.8687771558761597,1.2143228506990489
26,9.018776893615723,-1.012200117111206,0.874077558517456,1.2082533356453575
26,9.04037094116211,-1.0132582187652588,0.8795366287231445,1.2024494925272695
26,9.061905860900879,-1.014277696609497,0.8851464986801147,1.1968997923065106
26,9.083416938781738,-1.0152753591537476,0.8909066915512085,1.1917270969375275
26,9.104869842529297,-1.0162667036056519,0.8967961668968201,1.1869966989791707
26,9.126266479492188,-1.0172719955444336,0.9028006196022034,1.1827376206640359
26,9.147610664367676,-1.0183136463165283,0.9089022874832153,1.1789495917719104
26,9.168906211853027,-1.0194153785705566,0.915080189704895,1.1755177049375802
26,9.190178871154785,-1.0205992460250854,0.9213191866874695,1.1722488474034858
26,9.211410522460938,-1.0218827724456787,0.9275946617126465,1.169112991645345
26,9.232604026794434,-1.0232834815979004,0.9338912963867188,1.1659625282492234
26,9.25376033782959,-1.0248157978057861,0.9401994943618774,1.1626524831862803
26,9.27487850189209,-1.0264880657196045,0.946519136428833,1.159065760495197
26,9.296021461486816,-1.0283045768737793,0.9528796672821045,1.1553705376443397
26,9.317089080810547,-1.030249834060669,0.9592688679695129,1.1524050845623086
26,9.338102340698242,-1.0323171615600586,0.9657081961631775,1.1506602182496006
26,9.359061241149902,-1.0344994068145752,0.9721996188163757,1.1502218909084108
26,9.379968643188477,-1.0367916822433472,0.9787326455116272,1.1508550714058334
26,9.400848388671875,-1.0391888618469238,0.9852935075759888,1.15179372228975
26,9.4216890335083,-1.0416803359985352,0.9918548464775085,1.1531180611090646
26,9.442497253417969,-1.0442593097686768,0.9983963966369629,1.154522661959767
26,9.46328067779541,-1.0469175577163696,1.0048997402191162,1.1557620839183966
26,9.484044075012207,-1.0496443510055542,1.0113492012023926,1.1565680839093389
26,9.504802703857422,-1.0524227619171143,1.017735242843628,1.1565866093734518
26,9.52556324005127,-1.0552369356155396,1.0240496397018433,1.1560707150263834
26,9.546316146850586,-1.0580705404281616,1.0302822589874268,1.155010623165198
26,9.567066192626953,-1.0609080791473389,1.036429524421692,1.1534086158270358
26,9.587815284729004,-1.06373131275177,1.0424892902374268,1.151164461453982
26,9.608566284179688,-1.0665173530578613,1.0484586954116821,1.1484178339283952
26,9.629321098327637,-1.0692508220672607,1.0543385744094849,1.1452779602408465
26,9.6500825881958,-1.0719163417816162,1.0601303577423096,1.1417896060668944
26,9.670876502990723,-1.074502944946289,1.0658420324325562,1.1379746763040746
26,9.691671371459961,-1.0769883394241333,1.0714631080627441,1.1338426402673036
26,9.712480545043945,-1.079359531402588,1.076996088027954,1.1296097683787978
26,9.73331356048584,-1.0816066265106201,1.0824443101882935,1.1253607945195452
26,9.754181861877441,-1.0837211608886719,1.0878106355667114,1.1211460067110064
26,9.775084495544434,-1.0856932401657104,1.093093991279602,1.1170566601228447
26,9.796024322509766,-1.0875121355056763,1.0982897281646729,1.1131572643272039
26,9.816998481750488,-1.0891716480255127,1.1033961772918701,1.1094744642755083
26,9.838006019592285,-1.0906672477722168,1.108412265777588,1.1060414259576823
26,9.859047889709473,-1.0919957160949707,1.1133365631103516,1.1028875005117034
26,9.880121231079102,-1.0931543111801147,1.1181660890579224,1.1001202286678684
26,9.901225090026855,-1.0941400527954102,1.1228952407836914,1.097724349331005
26,9.92236042022705,-1.094953179359436,1.1275219917297363,1.0957017252735153
26,9.943523406982422,-1.095595359802246,1.1320444345474243,1.0940460726779244
26,9.964714050292969,-1.0960687398910522,1.1364606618881226,1.0927443931099692
26,9.985929489135742,-1.0963762998580933,1.1407690048217773,1.0918163178326812
26,10.007168769836426,-1.096521019935608,1.1449652910232544,1.0913332050101188
26,10.028430938720703,-1.0965067148208618,1.1490468978881836,1.09117378409808
26,10.049714088439941,-1.0963385105133057,1.1530131101608276,1.0913251441359944
26,10.07101821899414,-1.0960217714309692,1.1568629741668701,1.0917911905898663
26,10.092339515686035,-1.0955623388290405,1.1605961322784424,1.0925152966223608
26,10.113677024841309,-1.094966173171997,1.1642122268676758,1.0934738084903444
26,10.135030746459961,-1.094239354133606,1.167710542678833,1.0947040017543885
26,10.15640640258789,-1.0933877229690552,1.171091079711914,1.0961282206419594
26,10.177865028381348,-1.0924144983291626,1.1743632555007935,1.0977114098762568
26,10.199655532836914,-1.091312050819397,1.1775628328323364,1.0994540036444196
26,10.221458435058594,-1.0901012420654297,1.1806411743164062,1.10126956330413
26,10.244168281555176,-1.0887335538864136,1.1837197542190552,1.1031744983233882
26,10.268585205078125,-1.0871522426605225,1.1868889331817627,1.105226073910787
26,10.295228004455566,-1.0853090286254883,1.1901867389678955,1.1073364993857362
26,10.321882247924805,-1.0833537578582764,1.1933242082595825,1.1093071463695883
26,10.350510597229004,-1.081146240234375,1.1965216398239136,1.111332580623575
26,10.379149436950684,-1.0788402557373047,1.1995493173599243,1.1129093895044084
26,10.408961296081543,-1.0763509273529053,1.202527642250061,1.1143839622684255
26,10.439225196838379,-1.073748230934143,1.2053806781768799,1.1154127441844635
26,10.469497680664062,-1.071081280708313,1.208070993423462,1.115945701709674
26,10.4998779296875,-1.0683562755584717,1.2106174230575562,1.1162381145376987
26,10.530266761779785,-1.065592646598816,1.2130200862884521,1.1157162379808943
26,10.560673713684082,-1.062799096107483,1.215288519859314,1.1149566210405564
26,10.591087341308594,-1.0599857568740845,1.2174322605133057,1.1136666689777657
26,10.62150764465332,-1.0571579933166504,1.2194589376449585,1.1119420329428378
26,10.651933670043945,-1.054321050643921,1.2213791608810425,1.1100441163476373
26,10.682365417480469,-1.051477313041687,1.223202109336853,1.1076744945714676
26,10.712801933288574,-1.048628568649292,1.2249363660812378,1.1051980464088742
26,10.743242263793945,-1.0457748174667358,1.2265933752059937,1.102548112053384
26,10.773685455322266,-1.0429154634475708,1.2281806468963623,1.099752703766563
26,10.804131507873535,-1.0400484800338745,1.2297078371047974,1.0969446453124436
26,10.834579467773438,-1.0371710062026978,1.2311837673187256,1.0940677215443801
26,10.86502742767334,-1.0342808961868286,1.232614517211914,1.0912210195857628
26,10.895475387573242,-1.031374216079712,1.2340091466903687,1.0883970972415504
26,10.925923347473145,-1.0284485816955566,1.2353737354278564,1.0856160364115215
26,10.95637035369873,-1.025500774383545,1.2367157936096191,1.0828824917472528
26,10.986815452575684,-1.022527813911438,1.2380437850952148,1.0802190990537162
26,11.017257690429688,-1.0195283889770508,1.2393640279769897,1.0776135499896484
26,11.047698020935059,-1.0164999961853027,1.240684986114502,1.075046815843425
26,11.078134536743164,-1.013441562652588,1.2420122623443604,1.0725350943341587
26,11.108567237854004,-1.0103522539138794,1.2433521747589111,1.0700551927505733
26,11.138996124267578,-1.0072320699691772,1.2447116374969482,1.0676108637343404
26,11.16942024230957,-1.0040812492370605,1.2460949420928955,1.0651819362871113
26,11.199840545654297,-1.000900387763977,1.2475087642669678,1.0627628170093293
26,11.230257034301758,-0.9976906180381775,1.248957633972168,1.0603340685601024
26,11.260669708251953,-0.9944534301757812,1.2504466772079468,1.057889514367731
26,11.291085243225098,-0.9911899566650391,1.2519810199737549,1.055398940910225
26,11.321495056152344,-0.9879024028778076,1.2535635232925415,1.0528366851193574
26,11.351924896240234,-0.9845903515815735,1.255199909210205,1.050227997503926
26,11.382414817810059,-0.9812513589859009,1.2568954229354858,1.047480891450576
26,11.412899017333984,-0.9778943657875061,1.258649230003357,1.0446640832247946
26,11.443517684936523,-0.974506676197052,1.2604721784591675,1.0417398776341367
26,11.474130630493164,-0.9711061716079712,1.26235830783844,1.0386451702587225
26,11.504986763000488,-0.9676684141159058,1.2643245458602905,1.035427780206703
26,11.541106224060059,-0.9636330604553223,1.266709566116333,1.03137003632074
26,11.577218055725098,-0.9595847725868225,1.2691830396652222,1.027069676900837
26,11.642631530761719,-0.9522256255149841,1.2738745212554932,1.018969200610765
26,11.708024978637695,-0.9448597431182861,1.2788182497024536,1.0100977523684078
26,11.779197692871094,-0.936856210231781,1.2844500541687012,0.9995111722100699
26,11.907773971557617,-0.9223198294639587,1.2950831651687622,0.97841182058538
26,12.036310195922852,-0.9076498746871948,1.3060238361358643,0.9555532376722393
26,12.156874656677246,-0.8934333920478821,1.3161139488220215,0.9329751072657572
26,12.277710914611816,-0.8782756924629211,1.3256726264953613,0.9075556783927956
26,12.364370346069336,-0.8665671348571777,1.331978440284729,0.8888918257611237
26,12.485125541687012,-0.8484774827957153,1.3396670818328857,0.8597090107270852
26,12.605562210083008,-0.8278582692146301,1.3458157777786255,0.8287998629128551
26,12.725570678710938,-0.8040594458580017,1.350300908088684,0.7959644561451474
26,12.844862937927246,-0.7766802906990051,1.3531113862991333,0.7589997972098774
26,12.963250160217285,-0.7454017400741577,1.3543964624404907,0.7229542501509141
26,13.080716133117676,-0.7107574343681335,1.3544933795928955,0.6865901078258472
26,13.111709594726562,-0.7010585069656372,1.354378581047058,0.6775525274455108
27,1.6369915008544922,-0.003995150327682495,2.3067588806152344,1.0062655237703004
27,1.7594202756881714,-0.0038885059766471386,2.30869197845459,1.006972535486727
27,1.8818727731704712,-0.003772256663069129,2.310753345489502,1.0076743010701992
27,2.0043270587921143,-0.0036457423120737076,2.3129477500915527,1.0083615572293068
27,2.1267788410186768,-0.003508486319333315,2.3152804374694824,1.0090212405944405
27,2.249228000640869,-0.0033596998546272516,2.317762851715088,1.0096637851718981
27,2.371673822402954,-0.0031988476403057575,2.320408344268799,1.0102399472095935
27,2.4941155910491943,-0.00302539742551744,2.3232321739196777,1.010784767974005
27,2.6165523529052734,-0.002838757121935487,2.3262619972229004,1.011276421619728
27,2.738983392715454,-0.0026385278906673193,2.3295178413391113,1.0117038341915543
27,2.8614070415496826,-0.0024240652564913034,2.3330368995666504,1.0121022416621663
27,2.9838216304779053,-0.002194630680605769,2.3368582725524902,1.0124378098358187
27,3.1062252521514893,-0.0019495261367410421,2.341015338897705,1.012780622246899
27,3.2286152839660645,-0.0016874130815267563,2.3455593585968018,1.0131379787657988
27,3.3509888648986816,-0.0014069912722334266,2.3505191802978516,1.0135996035004955
27,3.4733433723449707,-0.001106213079765439,2.355929136276245,1.0141472930142486
27,3.595677375793457,-0.0007805916829966009,2.3617866039276123,1.0149214494550503
27,3.7179901599884033,-0.0004256005631759763,2.368065357208252,1.0159366381281023
27,3.840266466140747,-3.0634539143648e-05,2.3746590614318848,1.0171380478944778
27,3.962531805038452,0.0004091773880645633,2.3814496994018555,1.0183743711406528
27,4.084575176239014,0.000897454097867012,2.3882789611816406,1.019515772956026
27,4.205533027648926,0.0014315795851871371,2.3949453830718994,1.020420486916938
27,4.326501846313477,0.00201939744874835,2.4014127254486084,1.0210271944541327
27,4.444244384765625,0.0026532826013863087,2.4073731899261475,1.0214131802895772
27,4.555673122406006,0.003322157310321927,2.412597179412842,1.0210923326317485
27,4.667123794555664,0.004071368835866451,2.417318105697632,1.020227973314598
27,4.770127773284912,0.004852765239775181,2.4211316108703613,1.0188696880831996
27,4.865262985229492,0.0056678056716918945,2.424121379852295,1.0167336017626083
27,4.960412979125977,0.006590506061911583,2.4265573024749756,1.0137729499649248
27,5.050381660461426,0.007583238184452057,2.428328514099121,1.0101985554307833
27,5.137922763824463,0.008684193715453148,2.429561138153076,1.0059360095996819
27,5.224682331085205,0.009933335706591606,2.4303314685821533,1.0009024262084587
27,5.311314582824707,0.011372750625014305,2.4306933879852295,0.9950481729194552
27,5.399791717529297,0.013092708773911,2.4307072162628174,0.9882793015186438
27,5.488262176513672,0.015126836486160755,2.430428981781006,0.9805255826221636
27,5.579885005950928,0.017641451209783554,2.429900646209717,0.9714981545798895
27,5.6714911460876465,0.0206759013235569,2.429206132888794,0.9615580974844464
27,5.769475936889648,0.024646034464240074,2.4283881187438965,0.9500516389493864
27,5.8696980476379395,0.029678253456950188,2.427617311477661,0.9372963241359415
27,5.96985387802124,0.03591987118124962,2.427086114883423,0.9242223592785371
27,6.07056999206543,0.04375391826033592,2.4270663261413574,0.9116581271902707
27,6.171895980834961,0.05357274040579796,2.4278931617736816,0.9003826290074137
27,6.274880886077881,0.06584307551383972,2.4300382137298584,0.8927102714413414
27,6.37739896774292,0.08058211207389832,2.4339656829833984,0.8918419994343162
27,6.448744773864746,0.09240694344043732,2.4380476474761963,0.8941159711612702
27,6.547304630279541,0.11026237159967422,2.445836305618286,0.908038846510859
27,6.626746654510498,0.12532339990139008,2.454049587249756,0.9219738612712968
27,6.726463794708252,0.14380361139774323,2.4668655395507812,0.9340522462928154
27,6.785078525543213,0.15375740826129913,2.475724458694458,0.9564672457915097
27,6.811798572540283,0.1579858809709549,2.4800829887390137,0.9622336349324178
27,6.83603048324585,0.1616217941045761,2.4842092990875244,0.9671299232946672
27,6.860264301300049,0.16504959762096405,2.4884989261627197,0.97202037062453
27,6.884264945983887,0.1682179719209671,2.4929049015045166,0.9769612038928179
27,6.907912254333496,0.17109565436840057,2.4973952770233154,0.9819345740842901
27,6.931361675262451,0.17368939518928528,2.501986503601074,0.9867644749943917
27,6.954746246337891,0.17599894106388092,2.5066945552825928,0.9912587572908308
27,6.978221416473389,0.1780165433883667,2.5115444660186768,0.99563438178108
27,7.001527786254883,0.17969828844070435,2.516472816467285,0.9998760810707796
27,7.02466344833374,0.1810295134782791,2.5214664936065674,1.0040320388399107
27,7.047622203826904,0.18199849128723145,2.5265140533447266,1.0074874155626585
27,7.070521831512451,0.18259628117084503,2.5316340923309326,1.0105450962342515
27,7.093411445617676,0.18280848860740662,2.53682804107666,1.0133745782183663
27,7.116109848022461,0.18262170255184174,2.5420422554016113,1.0161934828825894
27,7.138612270355225,0.18202844262123108,2.547264337539673,1.0184318814717799
27,7.161046504974365,0.18101371824741364,2.552520990371704,1.0202983446422285
27,7.183274269104004,0.1795755922794342,2.557766914367676,1.0222580838429496
27,7.205291748046875,0.1777130514383316,2.5629851818084717,1.0241669181552269
27,7.227267265319824,0.1754065752029419,2.5682015419006348,1.0257192763678848
27,7.249252796173096,0.17262692749500275,2.573425769805908,1.0268781659811215
27,7.2709059715271,0.16940735280513763,2.5785582065582275,1.0284133214808084
27,7.292416572570801,0.16572538018226624,2.5836234092712402,1.030495382098831
27,7.3138203620910645,0.1615738421678543,2.588609457015991,1.032639028026538
27,7.335143089294434,0.15693135559558868,2.5935165882110596,1.0342301350835352
27,7.356348037719727,0.15180064737796783,2.5983176231384277,1.0365776666062227
27,7.377436637878418,0.146182119846344,2.6029856204986572,1.039752878455159
27,7.398406505584717,0.14007805287837982,2.607483148574829,1.0439393572508548
27,7.41926383972168,0.1334822177886963,2.611793279647827,1.0475886061636042
27,7.439998626708984,0.12639135122299194,2.6158974170684814,1.052277663895646
27,7.460610389709473,0.11882176995277405,2.619758129119873,1.0579361377411298
27,7.481103897094727,0.1107967346906662,2.623331308364868,1.0648945936450545
27,7.501479148864746,0.10234630852937698,2.626584529876709,1.0732994535339855
27,7.521740913391113,0.09350249916315079,2.629481554031372,1.0815442314567238
27,7.541893005371094,0.08429259061813354,2.631979465484619,1.0900974282363405
27,7.561946392059326,0.0747656375169754,2.634040355682373,1.0997388903698766
27,7.581921100616455,0.06498488783836365,2.635615348815918,1.1084525104448155
27,7.601841449737549,0.055021461099386215,2.636652708053589,1.1166956786328035
27,7.62172794342041,0.04494888335466385,2.637103796005249,1.1229701668637617
27,7.641602516174316,0.03484413027763367,2.636916399002075,1.1263266860110872
27,7.6614766120910645,0.024775754660367966,2.6360397338867188,1.1256913609764305
27,7.681352138519287,0.01480249222368002,2.63442325592041,1.119996576028699
27,7.7012200355529785,0.0049758232198655605,2.6320106983184814,1.1087477151058818
27,7.721053600311279,-0.004670412745326757,2.628739833831787,1.0920894863425468
27,7.740808486938477,-0.014123748987913132,2.624560832977295,1.0700929732856013
27,7.760420322418213,-0.023399969562888145,2.619420289993286,1.042149825538061
27,7.779803276062012,-0.03253823146224022,2.613267183303833,1.0117805460050902
27,7.798833847045898,-0.04162853583693504,2.6060378551483154,0.9792789178839383
27,7.8173394203186035,-0.05083490163087845,2.597682237625122,0.9486138484984061
27,7.835105895996094,-0.06037139147520065,2.588175058364868,0.9244607714500152
27,7.851809978485107,-0.07053397595882416,2.5774738788604736,0.9077052173961374
27,7.867001056671143,-0.08167435973882675,2.5655627250671387,0.9049659569657725
27,7.880289554595947,-0.09384829550981522,2.5524559020996094,0.9142184170553358
27,7.89139986038208,-0.10687649995088577,2.538191318511963,0.9318784201786511
27,7.900476932525635,-0.12024020403623581,2.522836446762085,0.9416404266471575
27,7.9077043533325195,-0.13348843157291412,2.5064330101013184,0.949464157776738
27,7.913243770599365,-0.14623798429965973,2.489008665084839,0.9468781977872454
27,7.917281627655029,-0.15809407830238342,2.470571279525757,0.9356617041604492
27,7.919890403747559,-0.1687452793121338,2.4511666297912598,0.9240816234218923
27,7.921095371246338,-0.1780185103416443,2.430934190750122,0.9151412163546292
27,7.9209089279174805,-0.18591365218162537,2.410090208053589,0.9124289213833751
27,7.919320106506348,-0.19256456196308136,2.38887357711792,0.9188879980892922
27,7.916310787200928,-0.19818398356437683,2.3675122261047363,0.9341287880847737
27,7.911876678466797,-0.20299631357192993,2.3462014198303223,0.956232696934084
27,7.906040668487549,-0.20716919004917145,2.325093984603882,0.983931034980707
27,7.89883279800415,-0.21082688868045807,2.304316520690918,1.0179053150051076
27,7.89028263092041,-0.21406516432762146,2.283980131149292,1.0571952669265863
27,7.880438804626465,-0.21687372028827667,2.2641677856445312,1.09947070627828
27,7.869351387023926,-0.21925479173660278,2.2449660301208496,1.147048226439429
27,7.857048034667969,-0.22122128307819366,2.226461172103882,1.2010311019558415
27,7.843550205230713,-0.22274453938007355,2.2087581157684326,1.2641191840009156
27,7.828822612762451,-0.22379346191883087,2.1920199394226074,1.33604755336029
27,7.8128509521484375,-0.22433874011039734,2.1764400005340576,1.4148537675797626
27,7.795639514923096,-0.22436270117759705,2.162231206893921,1.5033085605081375
27,7.777210712432861,-0.22389623522758484,2.149653673171997,1.583622889636725
27,7.757556438446045,-0.2229747772216797,2.1391348838806152,1.6993190032111394
27,7.742483615875244,-0.22208452224731445,2.1329398155212402,1.794371334244031
27,7.721085548400879,-0.22073759138584137,2.1267647743225098,2.0602520932956088
27,7.699127197265625,-0.21943913400173187,2.1229913234710693,2.3938799095991836
27,7.676952362060547,-0.21839436888694763,2.120630979537964,2.6245332058612654
27,7.654749393463135,-0.21777093410491943,2.118382215499878,2.619750558154405
27,7.6326727867126465,-0.21764491498470306,2.1150336265563965,2.4264790302239527
27,7.616246700286865,-0.21793310344219208,2.111384153366089,2.216598745502249
27,7.594934940338135,-0.21883374452590942,2.104807138442993,1.9144110211239753
27,7.57454252243042,-0.22009864449501038,2.0958304405212402,1.5959718855696443
27,7.555484294891357,-0.2209652215242386,2.084275245666504,1.3346327959850675
27,7.538520336151123,-0.22110557556152344,2.069817066192627,1.1257010696762653
27,7.523233413696289,-0.22126638889312744,2.0535888671875,0.980345049972151
27,7.516166687011719,-0.2215479016304016,2.0449061393737793,0.9378717292432049
27,7.50223445892334,-0.2227497100830078,2.0275344848632812,0.8589483686783035
27,7.487969398498535,-0.22462552785873413,2.0105018615722656,0.8265305481298691
27,7.472480297088623,-0.22683057188987732,1.9946272373199463,0.8010200154747061
27,7.458112716674805,-0.2287350445985794,1.9827313423156738,0.7907624033437209
27,7.439320087432861,-0.23106972873210907,1.9710030555725098,0.7981386931303474
27,7.418890476226807,-0.23380477726459503,1.962575912475586,0.8328843289671353
27,7.397429466247559,-0.23729833960533142,1.957757830619812,0.8969952735646125
27,7.375669002532959,-0.24181555211544037,1.9561737775802612,0.9839676977010778
27,7.354086399078369,-0.24733124673366547,1.956928014755249,1.074192571901205
27,7.334669589996338,-0.2530171871185303,1.9589494466781616,1.1516970232435177
27,7.313634872436523,-0.25974494218826294,1.9620147943496704,1.220387769181047
27,7.292795658111572,-0.2668365240097046,1.9655617475509644,1.267312284577756
27,7.272085189819336,-0.2741646468639374,1.9693771600723267,1.3013407310307985
27,7.251455307006836,-0.28165140748023987,1.9733167886734009,1.3216721015307622
27,7.230850696563721,-0.2892855107784271,1.9773074388504028,1.3346860377702965
27,7.210201740264893,-0.2971344292163849,1.981358528137207,1.3444400303460853
27,7.189483642578125,-0.30530089139938354,1.9854867458343506,1.34468055215108
27,7.168807506561279,-0.313871830701828,1.989678144454956,1.342431700769388
27,7.148172855377197,-0.32297587394714355,1.9939841032028198,1.344536181290924
27,7.127736568450928,-0.33271849155426025,1.9984415769577026,1.3425230238202808
27,7.107426643371582,-0.34330838918685913,2.003162145614624,1.3445340818217701
27,7.087574005126953,-0.35461461544036865,2.008155107498169,1.3474687730679265
27,7.0680108070373535,-0.3668408989906311,2.0135741233825684,1.3512496113176395
27,7.048892498016357,-0.37988969683647156,2.019437313079834,1.360373560144495
27,7.03018856048584,-0.3938106298446655,2.0258469581604004,1.3635676345587813
27,7.012197017669678,-0.40830668807029724,2.032729387283325,1.367028009257588
27,6.994645595550537,-0.42352524399757385,2.040205717086792,1.373443274639071
27,6.977741241455078,-0.43922096490859985,2.04817271232605,1.3746076678312593
27,6.961304664611816,-0.45546165108680725,2.056678056716919,1.376115338769731
27,6.945374488830566,-0.4721323251724243,2.0656700134277344,1.3709527010512121
27,6.929908275604248,-0.489213228225708,2.075105905532837,1.3721864919111497
27,6.914944171905518,-0.5066092610359192,2.0849177837371826,1.3620348585814126
27,6.900375843048096,-0.5243965983390808,2.095104694366455,1.3577664635244704
27,6.886315822601318,-0.5424351692199707,2.1055614948272705,1.3489379569271944
27,6.872678279876709,-0.5608404278755188,2.116295337677002,1.3364494398121503
27,6.859426498413086,-0.5796982049942017,2.127329111099243,1.327406599901178
27,6.8467912673950195,-0.5987306833267212,2.1384639739990234,1.3125340176459832
27,6.834573745727539,-0.6183238625526428,2.149871587753296,1.2957182604705157
27,6.82298469543457,-0.638273298740387,2.16139554977417,1.2780275117517785
27,6.812051773071289,-0.6586382389068604,2.1730570793151855,1.2620311274964655
27,6.801883697509766,-0.6793878674507141,2.184796094894409,1.2378196355399131
27,6.792479038238525,-0.7007467746734619,2.196690320968628,1.2132115627190374
27,6.784048557281494,-0.7225210666656494,2.208591938018799,1.1867128411449688
27,6.776691913604736,-0.7446991205215454,2.220459222793579,1.1606990350819681
27,6.770516872406006,-0.7672844529151917,2.232245683670044,1.1338930176768396
27,6.765613555908203,-0.7903189063072205,2.243924379348755,1.1083401775711064
27,6.762114524841309,-0.8137083053588867,2.255387544631958,1.0843246705184075
27,6.760099411010742,-0.8374625444412231,2.266592025756836,1.06331186429797
27,6.759652137756348,-0.8615880012512207,2.2775075435638428,1.0459695698544986
27,6.760852336883545,-0.8859214186668396,2.288038492202759,1.0297789579429415
27,6.763728618621826,-0.910215437412262,2.298079252243042,1.0172799740006722
27,6.768308639526367,-0.9345548748970032,2.3077025413513184,1.010326928941369
27,6.774537563323975,-0.9587395787239075,2.3168697357177734,1.004243295959944
27,6.782400608062744,-0.9826450943946838,2.3255839347839355,1.0025010404319712
27,6.791800498962402,-1.0061659812927246,2.333871603012085,1.0018550385374914
27,6.802926540374756,-1.0297393798828125,2.341909170150757,1.0052005623274038
27,6.815183162689209,-1.0522236824035645,2.3493716716766357,1.0079637082407706
27,6.828678607940674,-1.0740824937820435,2.3564746379852295,1.01305534145255
27,6.843310356140137,-1.0952833890914917,2.3632354736328125,1.018977660967168
27,6.8590192794799805,-1.1158283948898315,2.369701862335205,1.0239287529243288
27,6.875682830810547,-1.135683536529541,2.3758881092071533,1.029959806658563
27,6.893194675445557,-1.1548324823379517,2.3818092346191406,1.0367715801637298
27,6.911521911621094,-1.1733125448226929,2.387502431869507,1.0438859323586303
27,6.930563926696777,-1.1910988092422485,2.3929762840270996,1.0499362716227
27,6.9502272605896,-1.2081868648529053,2.3982415199279785,1.056403044471732
27,6.9704413414001465,-1.2245906591415405,2.40331768989563,1.063089515371795
27,6.991247177124023,-1.2403907775878906,2.408240556716919,1.0679652865576772
27,7.012500286102295,-1.2555253505706787,2.4129979610443115,1.0736672638021159
27,7.034146308898926,-1.270010232925415,2.417607069015503,1.078920818374721
27,7.056181907653809,-1.2838971614837646,2.42207932472229,1.0834693821301773
27,7.078522205352783,-1.2971725463867188,2.426421880722046,1.0884981458922727
27,7.101229190826416,-1.309905767440796,2.4306554794311523,1.0920805771993605
27,7.124172210693359,-1.3220536708831787,2.434774160385132,1.0964179327628913
27,7.147371768951416,-1.333669662475586,2.4387869834899902,1.0993561931550457
27,7.170742034912109,-1.3447405099868774,2.4426960945129395,1.102688771715426
27,7.194314956665039,-1.355320692062378,2.446506977081299,1.1053847986995802
27,7.218005180358887,-1.3653920888900757,2.450223207473755,1.1074000932055186
27,7.241899490356445,-1.3750207424163818,2.4538590908050537,1.1101611963755391
27,7.265862464904785,-1.384177803993225,2.4574031829833984,1.1109062976953277
27,7.289947509765625,-1.3929091691970825,2.4608705043792725,1.1122923458146656
27,7.314134120941162,-1.4012386798858643,2.4642579555511475,1.1137166611062634
27,7.338284015655518,-1.4091399908065796,2.4675557613372803,1.113706729777654
27,7.3625030517578125,-1.416671872138977,2.4707837104797363,1.1138822196320708
27,7.386817455291748,-1.423863172531128,2.473947763442993,1.1141569946998513
27,7.411174774169922,-1.4307154417037964,2.4770467281341553,1.1132024515804475
27,7.436013221740723,-1.4373664855957031,2.480140209197998,1.1122753213828351
27,7.460573196411133,-1.4436320066452026,2.4831349849700928,1.1112274390182122
27,7.484559059143066,-1.4494659900665283,2.486001491546631,1.1101942940792477
27,7.5092692375183105,-1.4552092552185059,2.488898992538452,1.1081230118475722
27,7.533677577972412,-1.460628628730774,2.4917104244232178,1.105600286529539
27,7.559044361114502,-1.466003656387329,2.4945831298828125,1.1023599053456412
27,7.5834503173828125,-1.4709551334381104,2.497305154800415,1.0993827484613066
27,7.6085052490234375,-1.4758309125900269,2.500062942504883,1.0948333378322344
27,7.6327691078186035,-1.4803550243377686,2.502702236175537,1.0896271624720757
27,7.657382488250732,-1.4847619533538818,2.5053532123565674,1.0835503422714987
27,7.681976795196533,-1.4890087842941284,2.507963180541992,1.0760418751836522
27,7.706549644470215,-1.4931422472000122,2.5104496479034424,1.0658597873730429
27,7.727295875549316,-1.4965614080429077,2.512301445007324,1.0531559830000334
27,7.751865386962891,-1.5004665851593018,2.5138602256774902,1.0304126215356368
27,7.776371479034424,-1.5040528774261475,2.5142734050750732,1.0028476020056933
27,7.800875186920166,-1.507130742073059,2.5134246349334717,0.9814265979169946
27,7.825351238250732,-1.5096548795700073,2.5119469165802,0.9734752090663196
27,7.8498077392578125,-1.5117261409759521,2.510800838470459,0.9774401541144498
27,7.874258518218994,-1.513315200805664,2.51059627532959,0.9893063340273935
27,7.898660182952881,-1.5143587589263916,2.51133394241333,1.0022206176411297
27,7.92298698425293,-1.514965295791626,2.512575387954712,1.0095736887519535
27,7.947254180908203,-1.5153193473815918,2.513918876647949,1.0112333774008413
27,7.971453666687012,-1.5155527591705322,2.515174150466919,1.0093958434583683
27,7.995586395263672,-1.5157290697097778,2.5162723064422607,1.0050171280599673
27,8.019651412963867,-1.515877366065979,2.5171728134155273,0.9983028600847338
27,8.043567657470703,-1.5160086154937744,2.5178329944610596,0.9897394703201177
27,8.067411422729492,-1.5161188840866089,2.518212080001831,0.9797838890975893
27,8.091177940368652,-1.5161882638931274,2.518273115158081,0.969094855303241
27,8.114862442016602,-1.5161833763122559,2.5180041790008545,0.9585028907737928
27,8.138467788696289,-1.516061544418335,2.517432928085327,0.9488423575618873
27,8.161993980407715,-1.515779972076416,2.516634941101074,0.9407609589592234
27,8.185441017150879,-1.5153111219406128,2.5157203674316406,0.9345871646205013
27,8.20881175994873,-1.5146512985229492,2.514798402786255,0.9302776755085246
27,8.232108116149902,-1.5138156414031982,2.513949155807495,0.9275254589798172
27,8.255331039428711,-1.512829065322876,2.513216495513916,0.9258761779925447
27,8.278480529785156,-1.511724829673767,2.512610912322998,0.9247283996603236
27,8.301557540893555,-1.510542869567871,2.512115001678467,0.9233980821774515
27,8.324563026428223,-1.5093238353729248,2.511687994003296,0.9214427930732458
27,8.347481727600098,-1.508100152015686,2.5112812519073486,0.9187548890879226
27,8.370342254638672,-1.5068881511688232,2.5108509063720703,0.9153534550519581
27,8.393113136291504,-1.5056986808776855,2.510362148284912,0.9112536065862822
27,8.415863990783691,-1.504530906677246,2.5097849369049072,0.9065822013888825
27,8.438569068908691,-1.503381609916687,2.5091052055358887,0.9016338493097468
27,8.461203575134277,-1.5022422075271606,2.5083253383636475,0.8966649762850124
27,8.483765602111816,-1.5011003017425537,2.5074613094329834,0.8918847967472884
27,8.506258010864258,-1.4999444484710693,2.506538152694702,0.8874421427361179
27,8.5287446975708,-1.498762845993042,2.5055816173553467,0.8834472955280499
27,8.551162719726562,-1.4975547790527344,2.50462007522583,0.8798798125024764
27,8.57351303100586,-1.4963208436965942,2.5036723613739014,0.8767076256981859
27,8.59579849243164,-1.4950647354125977,2.50274920463562,0.8738767787462177
27,8.618019104003906,-1.493793249130249,2.5018551349639893,0.8713187287724381
27,8.640176773071289,-1.4925144910812378,2.5009875297546387,0.8689569232691611
27,8.662272453308105,-1.491236925125122,2.500140428543091,0.8667188078386769
27,8.684306144714355,-1.4899684190750122,2.4993062019348145,0.8645467064151986
27,8.706280708312988,-1.4887151718139648,2.498476505279541,0.8624027660775279
27,8.728195190429688,-1.487481951713562,2.4976449012756348,0.8602688092251796
27,8.750051498413086,-1.486271619796753,2.4968061447143555,0.8581450450832767
27,8.7719087600708,-1.4850826263427734,2.495955467224121,0.8560437090094257
27,8.793708801269531,-1.4839181900024414,2.4950942993164062,0.8539974937254136
27,8.815452575683594,-1.4827769994735718,2.4942240715026855,0.8520374009900421
27,8.837141036987305,-1.4816561937332153,2.493347644805908,0.8501923058022732
27,8.858777046203613,-1.4805526733398438,2.4924678802490234,0.8484847621302738
27,8.880385398864746,-1.4794621467590332,2.491586446762085,0.8469287092729233
27,8.90199089050293,-1.4783813953399658,2.4907047748565674,0.845532636091832
27,8.92359733581543,-1.4773099422454834,2.48982310295105,0.8443124169707157
27,8.945204734802246,-1.4762498140335083,2.4889419078826904,0.8432621238825692
27,8.966812133789062,-1.4752050638198853,2.4880599975585938,0.8423490663846626
27,8.988420486450195,-1.4741812944412231,2.4871749877929688,0.8415829512381553
27,9.010029792785645,-1.4731862545013428,2.4862842559814453,0.8409446350109769
27,9.03164005279541,-1.4722274541854858,2.485384702682495,0.8404296195356635
27,9.053252220153809,-1.4713116884231567,2.484473466873169,0.8400411333202367
27,9.074865341186523,-1.4704442024230957,2.4835474491119385,0.8397813760223816
27,9.096480369567871,-1.4696276187896729,2.4826037883758545,0.8396647264028456
27,9.118096351623535,-1.468861699104309,2.481640338897705,0.8396723343786272
27,9.1397123336792,-1.4681439399719238,2.4806554317474365,0.8398036102734611
27,9.16132926940918,-1.4674698114395142,2.479647397994995,0.8400592683876639
27,9.18294620513916,-1.4668344259262085,2.4786150455474854,0.8404417072650254
27,9.204562187194824,-1.4662328958511353,2.477557420730591,0.8409544291468924
27,9.226178169250488,-1.4656612873077393,2.476472854614258,0.8416015626786012
27,9.247793197631836,-1.4651172161102295,2.4753592014312744,0.8424013565824322
27,9.269407272338867,-1.4645991325378418,2.4742140769958496,0.8433486454951636
27,9.291020393371582,-1.4641066789627075,2.473034381866455,0.844432447494683
27,9.312631607055664,-1.463639497756958,2.4718167781829834,0.8456456564862604
27,9.334240913391113,-1.4631977081298828,2.470557451248169,0.8469774457067941
27,9.35584831237793,-1.4627805948257446,2.469252586364746,0.8484139730189408
27,9.377452850341797,-1.4623870849609375,2.4678990840911865,0.849939116348563
27,9.399054527282715,-1.4620147943496704,2.466493606567383,0.8515374034649701
27,9.420653343200684,-1.4616607427597046,2.465034008026123,0.8531922261605474
27,9.442248344421387,-1.4613209962844849,2.4635183811187744,0.8549021250035316
27,9.463838577270508,-1.4609911441802979,2.4619460105895996,0.8566443026166987
27,9.48542594909668,-1.4606667757034302,2.460315227508545,0.8584132523563005
27,9.507007598876953,-1.4603432416915894,2.458625078201294,0.8602046467465136
27,9.528584480285645,-1.460016131401062,2.4568746089935303,0.8620133067146627
27,9.550156593322754,-1.4596811532974243,2.4550623893737793,0.8638317841398538
27,9.571722984313965,-1.4593346118927002,2.453188180923462,0.8656408879260418
27,9.593283653259277,-1.4589722156524658,2.451251268386841,0.8674196277424017
27,9.614838600158691,-1.4585901498794556,2.449251413345337,0.8691421123717453
27,9.63638687133789,-1.4581841230392456,2.4471895694732666,0.8707789801111733
27,9.657928466796875,-1.4577499628067017,2.445067882537842,0.8723042321837438
27,9.679464340209961,-1.4572832584381104,2.4428884983062744,0.8737001922321198
27,9.700993537902832,-1.4567803144454956,2.44065523147583,0.8749624124174211
27,9.722517013549805,-1.4562374353408813,2.4383704662323,0.8760938118109587
27,9.744033813476562,-1.455651879310608,2.436037540435791,0.877112856687433
27,9.765542984008789,-1.4550206661224365,2.433657646179199,0.8780238229108531
27,9.787047386169434,-1.4543406963348389,2.4312329292297363,0.8788217921313658
27,9.808544158935547,-1.4536093473434448,2.428764820098877,0.8795002147500665
27,9.830034255981445,-1.4528234004974365,2.426255464553833,0.8800524286310188
27,9.851518630981445,-1.451980471611023,2.4237070083618164,0.880472438936328
27,9.872995376586914,-1.4510775804519653,2.42112135887146,0.880740476849767
27,9.894464492797852,-1.4501121044158936,2.4185009002685547,0.8808526454313392
27,9.915926933288574,-1.449081540107727,2.4158475399017334,0.8807972454997959
27,9.937382698059082,-1.4479831457138062,2.413163900375366,0.8805902758842884
27,9.958830833435059,-1.4468148946762085,2.4104528427124023,0.8802218159968981
27,9.98027229309082,-1.4455745220184326,2.407716989517212,0.879680686717063
27,10.00170612335205,-1.444259762763977,2.404958963394165,0.8789605314919846
27,10.023133277893066,-1.4428685903549194,2.4021811485290527,0.8780396907530644
27,10.044551849365234,-1.4413989782333374,2.399386405944824,0.8769124139528649
27,10.065963745117188,-1.4398490190505981,2.3965771198272705,0.8755870997483194
27,10.087367057800293,-1.4382168054580688,2.3937559127807617,0.8740586804972753
27,10.108763694763184,-1.4365003108978271,2.390925407409668,0.8723220356081172
27,10.117067337036133,-1.435810923576355,2.389824867248535,0.8715908974620924
28,1.5714935064315796,-0.9948617815971375,2.2402193546295166,1.006346079547681
28,1.6939221620559692,-0.9951440691947937,2.2421388626098633,1.007102467373257
28,1.816374659538269,-0.9954547882080078,2.2441864013671875,1.007862158299075
28,1.9388247728347778,-0.9957953095436096,2.246363878250122,1.008610539022435
28,2.061276435852051,-0.996167778968811,2.2486765384674072,1.0093501362383275
28,2.183725595474243,-0.996573805809021,2.2511332035064697,1.0100535292585173
28,2.306171417236328,-0.9970146417617798,2.2537426948547363,1.0107265269938153
28,2.4286134243011475,-0.9974919557571411,2.2565231323242188,1.011363962261927
28,2.5510506629943848,-0.9980068206787109,2.259491205215454,1.0119322782038347
28,2.673482656478882,-0.9985607862472534,2.262671709060669,1.01246858904683
28,2.795907497406006,-0.9991555213928223,2.266098737716675,1.0129322073582834
28,2.9183244705200195,-0.9997924566268921,2.2697994709014893,1.0133542913167046
28,3.0407309532165527,-1.0004738569259644,2.27382230758667,1.0137471057573653
28,3.1631245613098145,-1.0012016296386719,2.278205156326294,1.0141403115846268
28,3.2855029106140137,-1.0019783973693848,2.282992124557495,1.0145750715668986
28,3.407862663269043,-1.0028082132339478,2.288226366043091,1.0150990988750956
28,3.5302014350891113,-1.0036962032318115,2.2939231395721436,1.0158182533646893
28,3.6525168418884277,-1.0046535730361938,2.300083637237549,1.0166591625404575
28,3.774791717529297,-1.005695104598999,2.3066327571868896,1.0179525516369938
28,3.8970491886138916,-1.0068342685699463,2.313483953475952,1.0192955920772389
28,4.01908016204834,-1.0080751180648804,2.3204386234283447,1.0207025800456122
28,4.141109943389893,-1.0094201564788818,2.327394962310791,1.021878027835647
28,4.262056827545166,-1.0108542442321777,2.3341269493103027,1.0229029098714577
28,4.3797760009765625,-1.0123579502105713,2.340388774871826,1.023494512561605
28,4.497513771057129,-1.013980507850647,2.3462584018707275,1.0236648212560258
28,4.608940124511719,-1.0156497955322266,2.3513052463531494,1.0234666289836032
28,4.711921215057373,-1.017329216003418,2.355435609817505,1.0222946549342369
28,4.814921855926514,-1.019164800643921,2.358962059020996,1.020476292128829
28,4.910052299499512,-1.021026611328125,2.361607551574707,1.0180208455835338
28,5.000002861022949,-1.0229607820510864,2.363527536392212,1.0148517581049814
28,5.087525367736816,-1.0250310897827148,2.364837408065796,1.0106992831656822
28,5.175049304962158,-1.0273135900497437,2.3656036853790283,1.0055550202298127
28,5.261784553527832,-1.029813289642334,2.3658547401428223,0.9994540963446853
28,5.3483567237854,-1.0325833559036255,2.36564302444458,0.9922176136394095
28,5.434901237487793,-1.0356817245483398,2.3650059700012207,0.9836277526930424
28,5.521426677703857,-1.0391861200332642,2.363970994949341,0.9734500817276169
28,5.6088080406188965,-1.0432446002960205,2.362546682357788,0.9613340017253607
28,5.6991682052612305,-1.048143744468689,2.3607120513916016,0.9466379122892462
28,5.7894673347473145,-1.0539568662643433,2.3585586547851562,0.929130018247803
28,5.880975246429443,-1.0610616207122803,2.3561034202575684,0.908568275865977
28,5.947950839996338,-1.0672754049301147,2.35417103767395,0.8919262786857224
28,6.045630931854248,-1.078414797782898,2.351214647293091,0.8645521648489227
28,6.142862319946289,-1.092917561531067,2.3481998443603516,0.8348990113028092
28,6.204685211181641,-1.1045266389846802,2.3462748527526855,0.8156042174236003
28,6.3046088218688965,-1.1289434432983398,2.34320068359375,0.791634289649717
28,6.403304100036621,-1.162459373474121,2.3400368690490723,0.786559307323007
28,6.497605323791504,-1.2045985460281372,2.336594343185425,0.8129670078649402
28,6.579742431640625,-1.248204231262207,2.333043336868286,0.8571678995380702
28,6.602872371673584,-1.2612634897232056,2.332005500793457,0.8726877134921591
28,6.626484394073486,-1.2747869491577148,2.33095645904541,0.8883345230459293
28,6.649993896484375,-1.2883602380752563,2.329923391342163,0.9042854385017178
28,6.672671794891357,-1.3015137910842896,2.328946113586426,0.9194407196161201
28,6.6952433586120605,-1.3146088123321533,2.3279953002929688,0.9344826746428537
28,6.717850208282471,-1.327668309211731,2.3270676136016846,0.9488102277723909
28,6.740402698516846,-1.3406033515930176,2.326169013977051,0.9629529948552973
28,6.763006687164307,-1.3534349203109741,2.3252995014190674,0.9764825770487192
28,6.7856125831604,-1.3661075830459595,2.324463129043579,0.9892758785112099
28,6.8082733154296875,-1.378614068031311,2.3236582279205322,1.0012269353696337
28,6.8309407234191895,-1.3909156322479248,2.322890520095825,1.012597213547724
28,6.853706359863281,-1.4030370712280273,2.322155714035034,1.0230547000237276
28,6.876484394073486,-1.4149256944656372,2.321460723876953,1.0328314825033011
28,6.899384021759033,-1.4266217947006226,2.3208000659942627,1.041715639654995
28,6.9222917556762695,-1.4380645751953125,2.3201797008514404,1.0499200567324034
28,6.945315361022949,-1.4492994546890259,2.319596767425537,1.057315635788438
28,6.96845006942749,-1.460319995880127,2.319049835205078,1.0640524622418506
28,6.991581439971924,-1.471071481704712,2.318545341491699,1.070039277019193
28,7.014814853668213,-1.4816012382507324,2.3180744647979736,1.0754260038268002
28,7.038031101226807,-1.4918601512908936,2.3176467418670654,1.0800859350421164
28,7.061336994171143,-1.5018970966339111,2.3172526359558105,1.0843371743742174
28,7.084611415863037,-1.5116660594940186,2.3168976306915283,1.0877856398589931
28,7.107962131500244,-1.5212178230285645,2.3165793418884277,1.090900415033972
28,7.131381988525391,-1.5305544137954712,2.3162922859191895,1.0934916210583503
28,7.154748916625977,-1.5396347045898438,2.316044330596924,1.0955180156581967
28,7.178170680999756,-1.548508882522583,2.315829038619995,1.0973960374978917
28,7.201641082763672,-1.5571820735931396,2.3156449794769287,1.0986136147107184
28,7.225036144256592,-1.5656170845031738,2.3154983520507812,1.099517210175641
28,7.248466491699219,-1.5738638639450073,2.315382480621338,1.1003605772726257
28,7.271923542022705,-1.5819288492202759,2.3152973651885986,1.10056520049374
28,7.295285701751709,-1.5897789001464844,2.315248727798462,1.1005511070114415
28,7.318663120269775,-1.5974632501602173,2.315232038497925,1.1005077288915375
28,7.34290075302124,-1.605262041091919,2.3152482509613037,1.1000078840148961
28,7.367006301879883,-1.612858772277832,2.315305233001709,1.0992449011760408
28,7.390677452087402,-1.620179295539856,2.3153975009918213,1.0985346956456203
28,7.414121150970459,-1.6273071765899658,2.3155243396759033,1.0976805125859164
28,7.437005996704102,-1.634158730506897,2.315690517425537,1.096514031298895
28,7.460604190826416,-1.6411309242248535,2.315906286239624,1.095394990430014
28,7.4838409423828125,-1.6479233503341675,2.3161654472351074,1.0944997922226618
28,7.507041931152344,-1.6546555757522583,2.316472291946411,1.0934862396064415
28,7.530084133148193,-1.6613123416900635,2.316835403442383,1.0926031118968274
28,7.552822113037109,-1.6678844690322876,2.3172545433044434,1.0923397915801711
28,7.576080799102783,-1.6746551990509033,2.317749500274658,1.0928687203326979
28,7.5989813804626465,-1.6814192533493042,2.3183131217956543,1.0936188549619905
28,7.621922969818115,-1.6883538961410522,2.3189697265625,1.0969490058504114
28,7.644750118255615,-1.6955349445343018,2.319728374481201,1.106201985932514
28,7.667410850524902,-1.703108549118042,2.320542812347412,1.1218412673622065
28,7.689814567565918,-1.710890531539917,2.321223020553589,1.1374824112130566
28,7.712296485900879,-1.7183425426483154,2.321551561355591,1.1605004921957713
28,7.73510217666626,-1.7245748043060303,2.3214550018310547,1.1929088286861216
28,7.758288860321045,-1.7289366722106934,2.321028470993042,1.1990374066369154
28,7.781559944152832,-1.7315195798873901,2.3204917907714844,1.1849022262752382
28,7.804882526397705,-1.7330865859985352,2.3200817108154297,1.1568650810081715
28,7.828176975250244,-1.7344123125076294,2.3199210166931152,1.130546180470155
28,7.851415157318115,-1.7358872890472412,2.3200104236602783,1.1119182235365679
28,7.874587059020996,-1.7375869750976562,2.320291519165039,1.0995829510852881
28,7.8976898193359375,-1.7394907474517822,2.320695638656616,1.0907917179751092
28,7.920724868774414,-1.741562843322754,2.3211684226989746,1.0842206645621235
28,7.9436936378479,-1.7437618970870972,2.321666955947876,1.0791086009810182
28,7.96660041809082,-1.7460414171218872,2.3221585750579834,1.0749643971497336
28,7.9894490242004395,-1.7483513355255127,2.3226184844970703,1.071539718169226
28,8.012247085571289,-1.75063955783844,2.3230316638946533,1.068589116400205
28,8.034891128540039,-1.7528396844863892,2.3233907222747803,1.065846160744298
28,8.05749797821045,-1.754907250404358,2.323698043823242,1.0633786724715741
28,8.080069541931152,-1.756790280342102,2.3239612579345703,1.0611312676003417
28,8.102607727050781,-1.7584457397460938,2.324195384979248,1.0590396087730873
28,8.12511157989502,-1.7598447799682617,2.3244192600250244,1.0570129890212
28,8.147577285766602,-1.7609765529632568,2.324653148651123,1.054947133994546
28,8.170002937316895,-1.7618482112884521,2.3249149322509766,1.0527418353084863
28,8.1923828125,-1.7624841928482056,2.325218677520752,1.0503194719784463
28,8.214713096618652,-1.7629215717315674,2.3255727291107178,1.047639896225517
28,8.236992835998535,-1.7632038593292236,2.325979471206665,1.044710654942263
28,8.2592191696167,-1.7633745670318604,2.326434850692749,1.0415972072462618
28,8.281393051147461,-1.7634729146957397,2.326930284500122,1.0384205628795342
28,8.303512573242188,-1.763527512550354,2.3274552822113037,1.0353183927652947
28,8.325632095336914,-1.7635560035705566,2.3280012607574463,1.03238422727866
28,8.347698211669922,-1.7635661363601685,2.3285582065582275,1.0296632980944114
28,8.369711875915527,-1.7635583877563477,2.32912015914917,1.0271816024892895
28,8.391674041748047,-1.763527750968933,2.329683780670166,1.0249434663135393
28,8.413582801818848,-1.7634661197662354,2.3302481174468994,1.0229342050318408
28,8.435441017150879,-1.7633650302886963,2.330814838409424,1.0211287111926883
28,8.457245826721191,-1.763216495513916,2.3313870429992676,1.0194991813380383
28,8.47900104522705,-1.7630140781402588,2.331967830657959,1.018021344205873
28,8.500722885131836,-1.7627536058425903,2.3325626850128174,1.0166740634972067
28,8.522398948669434,-1.7624342441558838,2.333174467086792,1.0154493791018087
28,8.544074058532715,-1.7620567083358765,2.333808183670044,1.0143119444033784
28,8.565715789794922,-1.7616257667541504,2.3344645500183105,1.0132469207772519
28,8.587349891662598,-1.761147379875183,2.3351457118988037,1.0122445912686053
28,8.608983039855957,-1.7606295347213745,2.335850954055786,1.0113018441637056
28,8.630614280700684,-1.76008141040802,2.3365790843963623,1.0104221840554657
28,8.652244567871094,-1.7595117092132568,2.337327241897583,1.009614915543883
28,8.673873901367188,-1.7589291334152222,2.3380918502807617,1.0089027402915007
28,8.695502281188965,-1.75834059715271,2.338869333267212,1.0083089646344052
28,8.717130661010742,-1.7577515840530396,2.339656114578247,1.0078241485189765
28,8.73875904083252,-1.7571659088134766,2.340449094772339,1.0074483451713236
28,8.760387420654297,-1.7565858364105225,2.3412458896636963,1.007178656579615
28,8.782015800476074,-1.7560124397277832,2.3420445919036865,1.007010486078727
28,8.803644180297852,-1.7554457187652588,2.3428444862365723,1.0069394822207762
28,8.825272560119629,-1.7548853158950806,2.3436450958251953,1.0069595354103584
28,8.846900939941406,-1.7543303966522217,2.3444461822509766,1.0070753197413003
28,8.8685302734375,-1.7537806034088135,2.345247745513916,1.0072616226556743
28,8.890159606933594,-1.7532356977462769,2.346050262451172,1.007507688302583
28,8.911787986755371,-1.7526956796646118,2.346853256225586,1.007804530177346
28,8.933417320251465,-1.7521611452102661,2.3476569652557373,1.0081434832394376
28,8.955046653747559,-1.7516329288482666,2.3484601974487305,1.0085164608588175
28,8.976675987243652,-1.7511122226715088,2.34926176071167,1.008916568503563
28,8.998306274414062,-1.7506005764007568,2.350059986114502,1.0093398263150992
28,9.019936561584473,-1.7500989437103271,2.3508527278900146,1.0097794570999163
28,9.041566848754883,-1.7496089935302734,2.351637601852417,1.0102172413392414
28,9.063199043273926,-1.7491317987442017,2.3524117469787598,1.0106673017926129
28,9.084831237792969,-1.7486686706542969,2.353172540664673,1.0111353498051332
28,9.106464385986328,-1.748220682144165,2.353916645050049,1.0116247386087418
28,9.128098487854004,-1.7477887868881226,2.354641914367676,1.0121407692540607
28,9.149733543395996,-1.7473735809326172,2.3553459644317627,1.0126866838240376
28,9.171369552612305,-1.746975302696228,2.356027364730835,1.0132570941576389
28,9.193007469177246,-1.7465934753417969,2.356684446334839,1.013838873267369
28,9.214645385742188,-1.7462273836135864,2.357316493988037,1.0144208004915565
28,9.236285209655762,-1.7458758354187012,2.357923746109009,1.014992531741503
28,9.257925033569336,-1.7455379962921143,2.3585057258605957,1.015546102025572
28,9.279565811157227,-1.7452133893966675,2.359062671661377,1.0160773669190195
28,9.301207542419434,-1.7449018955230713,2.3595943450927734,1.016586469361144
28,9.322850227355957,-1.7446038722991943,2.360100269317627,1.0170744449479012
28,9.344493865966797,-1.7443197965621948,2.3605797290802,1.0175495409427944
28,9.366138458251953,-1.74405038356781,2.361032009124756,1.0180195515117594
28,9.38778305053711,-1.7437962293624878,2.3614556789398193,1.0184897888628393
28,9.409428596496582,-1.7435575723648071,2.361849069595337,1.0189643212586508
28,9.431075096130371,-1.743334412574768,2.362210750579834,1.0194449733577908
28,9.452722549438477,-1.7431260347366333,2.362539291381836,1.0199315038007362
28,9.474370956420898,-1.7429308891296387,2.362833023071289,1.0204198774614541
28,9.49601936340332,-1.7427469491958618,2.363090991973877,1.0209018162602048
28,9.517667770385742,-1.7425720691680908,2.3633127212524414,1.0213734983644223
28,9.53931713104248,-1.742403507232666,2.363497495651245,1.0218309872136992
28,9.560966491699219,-1.7422384023666382,2.363645315170288,1.0222722238812958
28,9.582615852355957,-1.7420746088027954,2.3637566566467285,1.0226975567894292
28,9.604266166687012,-1.7419100999832153,2.3638312816619873,1.0231089556190884
28,9.625916481018066,-1.7417430877685547,2.3638694286346436,1.0235102975636596
28,9.647565841674805,-1.741572618484497,2.3638713359832764,1.0239055316774062
28,9.66921615600586,-1.741397738456726,2.3638365268707275,1.0243007920972331
28,9.690865516662598,-1.741218090057373,2.363764524459839,1.024698798897934
28,9.712514877319336,-1.7410330772399902,2.363654375076294,1.0250998941712388
28,9.734164237976074,-1.7408421039581299,2.3635056018829346,1.0255020145563063
28,9.755813598632812,-1.7406446933746338,2.3633170127868652,1.0259005437342876
28,9.777462005615234,-1.740440011024475,2.3630874156951904,1.0262889892222316
28,9.79910945892334,-1.7402266263961792,2.3628158569335938,1.02665708559632
28,9.820756912231445,-1.7400031089782715,2.362501621246338,1.0269907181558324
28,9.842403411865234,-1.7397679090499878,2.3621439933776855,1.0272857023586421
28,9.864048957824707,-1.7395191192626953,2.3617429733276367,1.0275361944984724
28,9.885693550109863,-1.7392547130584717,2.3612985610961914,1.0277384737577422
28,9.907337188720703,-1.7389730215072632,2.3608109951019287,1.0278909557935128
28,9.92897891998291,-1.7386723756790161,2.360281229019165,1.0279940902954323
28,9.9506196975708,-1.7383514642715454,2.359710216522217,1.0280500231426926
28,9.972259521484375,-1.7380088567733765,2.3590989112854004,1.0280573814468705
28,9.993897438049316,-1.737644076347351,2.3584489822387695,1.028026536881041
28,10.015533447265625,-1.737256407737732,2.3577616214752197,1.027963238206816
28,10.0371675491333,-1.73684561252594,2.3570382595062256,1.0278707268001568
28,10.05880069732666,-1.7364115715026855,2.356280565261841,1.0277498245928385
28,10.080431938171387,-1.7359544038772583,2.355490207672119,1.027599204505271
28,10.102062225341797,-1.7354741096496582,2.354668617248535,1.0274151821186441
28,10.123690605163574,-1.7349708080291748,2.3538169860839844,1.0271870632692046
28,10.145316123962402,-1.7344446182250977,2.3529365062713623,1.0268984576544096
28,10.166948318481445,-1.733895182609558,2.352027654647827,1.0265389937043825
28,10.188648223876953,-1.7333203554153442,2.351088762283325,1.0260904507943474
28,10.210670471191406,-1.7327123880386353,2.3501081466674805,1.025530994490753
28,10.233595848083496,-1.7320524454116821,2.3490583896636963,1.0248355008387013
28,10.258230209350586,-1.731311559677124,2.347898244857788,1.023908826209896
28,10.282861709594727,-1.7305370569229126,2.346705436706543,1.0228034791275675
28,10.309722900390625,-1.7296525239944458,2.3453686237335205,1.0214636175167735
28,10.3385591506958,-1.7286549806594849,2.3438918590545654,1.0197204425445234
28,10.367390632629395,-1.7276064157485962,2.3423728942871094,1.0177441394572504
28,10.397388458251953,-1.7264589071273804,2.3407480716705322,1.0154782079611515
28,10.42738151550293,-1.7252522706985474,2.3390777111053467,1.0128026192502912
28,10.457813262939453,-1.7239655256271362,2.3373360633850098,1.009892022971198
28,10.4883394241333,-1.7226096391677856,2.3355414867401123,1.0066005218543579
28,10.518858909606934,-1.7211874723434448,2.333698272705078,1.0029972977504278
28,10.549382209777832,-1.71969735622406,2.3318045139312744,0.9991823904741544
28,10.579899787902832,-1.7181389331817627,2.3298587799072266,0.9949014334650793
28,10.6104097366333,-1.7165117263793945,2.3278586864471436,0.9904211872679759
28,10.640911102294922,-1.7148157358169556,2.3258004188537598,0.9856159052607597
28,10.671404838562012,-1.7130504846572876,2.323680877685547,0.9804733821132854
28,10.70189094543457,-1.7112164497375488,2.3214945793151855,0.9751372239660632
28,10.732366561889648,-1.7093143463134766,2.3192355632781982,0.9693805649164579
28,10.762831687927246,-1.7073442935943604,2.3168985843658447,0.9634184295668601
28,10.793286323547363,-1.7053080797195435,2.3144750595092773,0.9572015578849031
28,10.823729515075684,-1.703206181526184,2.3119585514068604,0.9506917146074957
28,10.854159355163574,-1.7010403871536255,2.309339761734009,0.9440267467039618
28,10.884573936462402,-1.6988123655319214,2.3066086769104004,0.9370168785605648
28,10.914972305297852,-1.6965222358703613,2.30375599861145,0.929810055440081
28,10.945354461669922,-1.6941722631454468,2.300769090652466,0.9224312931324645
28,10.975717544555664,-1.691763162612915,2.2976369857788086,0.9147972738403998
28,11.006058692932129,-1.6892963647842407,2.2943472862243652,0.9070805579747417
28,11.036375999450684,-1.6867730617523193,2.2908856868743896,0.8991762363461109
28,11.066667556762695,-1.6841932535171509,2.2872414588928223,0.8912469165927709
28,11.096929550170898,-1.6815578937530518,2.283400774002075,0.8833084872546262
28,11.12716007232666,-1.678865909576416,2.279352903366089,0.8752913201970035
28,11.157354354858398,-1.6761161088943481,2.275085210800171,0.8673424229152692
28,11.18751049041748,-1.6733057498931885,2.270587205886841,0.8593941500021526
28,11.217623710632324,-1.6704305410385132,2.2658512592315674,0.8515347351488931
28,11.247693061828613,-1.6674858331680298,2.2608726024627686,0.8439175070851045
28,11.277714729309082,-1.664465308189392,2.2556538581848145,0.8364878923640703
28,11.307692527770996,-1.6613606214523315,2.2501959800720215,0.8292815884217979
28,11.337642669677734,-1.6581603288650513,2.2445075511932373,0.8223000871551596
28,11.36754035949707,-1.654856562614441,2.2386043071746826,0.8155798116390872
28,11.397451400756836,-1.6514307260513306,2.23250412940979,0.8091521383146438
28,11.427316665649414,-1.6478796005249023,2.2262485027313232,0.8029653339525759
28,11.457275390625,-1.644175410270691,2.219846487045288,0.7968759882107909
28,11.487445831298828,-1.6402924060821533,2.2133259773254395,0.7907888920166218
28,11.517589569091797,-1.6362510919570923,2.20678448677063,0.7848744301481567
28,11.552862167358398,-1.6312954425811768,2.1991755962371826,0.7786309631155514
28,11.616782188415527,-1.621711015701294,2.1858623027801514,0.7662474608578886
28,11.67246150970459,-1.6127374172210693,2.1750411987304688,0.7561281738964953
28,11.742247581481934,-1.600706696510315,2.1629533767700195,0.7432076384359243
28,11.812248229980469,-1.5879552364349365,2.153043746948242,0.7314847650532318
28,11.93925952911377,-1.5637099742889404,2.141627073287964,0.7086879938711338
28,12.066699028015137,-1.539170503616333,2.1391186714172363,0.6871552228161903
28,12.18643856048584,-1.5177013874053955,2.145087242126465,0.6667623858782737
28,12.306495666503906,-1.4993293285369873,2.1579997539520264,0.6462086900598712
28,12.426342010498047,-1.4852793216705322,2.176917552947998,0.6262855763525158
28,12.546109199523926,-1.476746678352356,2.200315475463867,0.6110198740757902
28,12.665435791015625,-1.4745097160339355,2.227161169052124,0.6035875997670734
28,12.744662284851074,-1.4766860008239746,2.246419906616211,0.6049920985347932
28,12.841360092163086,-1.4829944372177124,2.27091121673584,0.6160342811799626
28,12.959242820739746,-1.4951510429382324,2.301759719848633,0.6368265667476096
28,13.076605796813965,-1.5101901292800903,2.333359956741333,0.6621110955772255
28,13.14561939239502,-1.5196088552474976,2.3523919582366943,0.678814527741821
28,13.262557029724121,-1.5347063541412354,2.3855063915252686,0.6997805784868633
28,13.306172370910645,-1.5397732257843018,2.3981447219848633,0.707570655351642
29,0.25439777970314026,-1.8444589376449585,2.1867868900299072,1.0002619503177874
29,0.36096712946891785,-1.8445477485656738,2.187150478363037,1.0004990276524355
29,0.47181665897369385,-1.8446720838546753,2.1876614093780518,1.000818260341843
29,0.5826655030250549,-1.8448289632797241,2.1883044242858887,1.0012482340439384
29,0.6979712247848511,-1.8450262546539307,2.18910813331604,1.001739740218921
29,0.8167546987533569,-1.8452653884887695,2.190073251724243,1.0023264730840336
29,0.9355369210243225,-1.8455405235290527,2.1911733150482178,1.0029762145260879
29,1.0564405918121338,-1.8458579778671265,2.1924259662628174,1.0036712514574173
29,1.1783685684204102,-1.846217393875122,2.193821430206299,1.0044413922335595
29,1.3002948760986328,-1.8466172218322754,2.1953461170196533,1.0052316013066958
29,1.4226109981536865,-1.8470619916915894,2.19700288772583,1.0060537682360127
29,1.5449249744415283,-1.8475525379180908,2.1987855434417725,1.0069028989804527
29,1.6673530340194702,-1.848092794418335,2.2006947994232178,1.0077630838277147
29,1.7898045778274536,-1.8486863374710083,2.202730417251587,1.0086419887262292
29,1.912253737449646,-1.8493354320526123,2.204893112182617,1.009523064632376
29,2.0347042083740234,-1.8500442504882812,2.207188367843628,1.0104061732693916
29,2.157151460647583,-1.8508150577545166,2.2096221446990967,1.0112752245809435
29,2.2795960903167725,-1.8516508340835571,2.2122039794921875,1.0121322005032796
29,2.402036428451538,-1.852554202079773,2.2149503231048584,1.012959669163138
29,2.5244719982147217,-1.8535269498825073,2.2178752422332764,1.0137534784682827
29,2.646902084350586,-1.8545714616775513,2.221006393432617,1.0145261772895748
29,2.7693252563476562,-1.8556900024414062,2.2243709564208984,1.0152432514042125
29,2.891739845275879,-1.856884479522705,2.2280001640319824,1.0159488826393792
29,3.0141444206237793,-1.858157992362976,2.2319414615631104,1.0166353288336891
29,3.136536121368408,-1.8595126867294312,2.23622727394104,1.0173583269360842
29,3.2589125633239746,-1.8609527349472046,2.240913152694702,1.0181185100530203
29,3.381269931793213,-1.8624844551086426,2.246039628982544,1.01905294644216
29,3.503605604171753,-1.8641149997711182,2.251633882522583,1.0201746164287526
29,3.625917434692383,-1.8658632040023804,2.257699728012085,1.0215323440260224
29,3.7482051849365234,-1.867743968963623,2.2641923427581787,1.0234001788898657
29,3.870452404022217,-1.8697785139083862,2.2710177898406982,1.0254648083349172
29,3.9924683570861816,-1.8719714879989624,2.27799916267395,1.0278540591296514
29,4.114478588104248,-1.8743301630020142,2.2850232124328613,1.0302348477265069
29,4.235403537750244,-1.8768326044082642,2.291837692260742,1.0325894001637217
29,4.356339931488037,-1.8795087337493896,2.2983779907226562,1.0347457823992539
29,4.474051475524902,-1.8822946548461914,2.3043372631073,1.0366935512638025
29,4.585450649261475,-1.8851231336593628,2.309460163116455,1.0382881346133883
29,4.696870803833008,-1.8881630897521973,2.3139777183532715,1.0394254469227078
29,4.799843788146973,-1.8911919593811035,2.3174970149993896,1.0401397423931948
29,4.8949456214904785,-1.89420747756958,2.3201045989990234,1.0404242017050764
29,4.984865665435791,-1.8972790241241455,2.321949005126953,1.0402004776876892
29,5.0747880935668945,-1.9005910158157349,2.32315731048584,1.0395160532502559
29,5.16227388381958,-1.9040697813034058,2.3237102031707764,1.0384476639934364
29,5.248965740203857,-1.9077932834625244,2.3236582279205322,1.0370104209542264
29,5.335486888885498,-1.9118106365203857,2.3230295181274414,1.035221320588779
29,5.421971797943115,-1.9161571264266968,2.3218541145324707,1.0331097872595336
29,5.508429527282715,-1.9208651781082153,2.3201687335968018,1.0307270551782703
29,5.594854354858398,-1.9259717464447021,2.3180148601531982,1.0281573012612355
29,5.681240558624268,-1.9315168857574463,2.3154308795928955,1.0255204415174846
29,5.767580986022949,-1.9375450611114502,2.312450408935547,1.0229243054949109
29,5.8538689613342285,-1.9441041946411133,2.3091042041778564,1.0204825768382724
29,5.940093994140625,-1.951241374015808,2.3054215908050537,1.0183170722472923
29,6.026239395141602,-1.9589983224868774,2.301431179046631,1.0164919015197835
29,6.112277030944824,-1.9674088954925537,2.297161102294922,1.01519890429443
29,6.1981611251831055,-1.976494550704956,2.292639970779419,1.0145572571077295
29,6.283957481384277,-1.9862666130065918,2.287889242172241,1.0148397497037844
29,6.369539260864258,-1.9966968297958374,2.2829389572143555,1.016124874041357
29,6.4578633308410645,-2.0081522464752197,2.2776267528533936,1.018168646415366
29,6.481730937957764,-2.011362314224243,2.2761566638946533,1.0188201994225723
29,6.503413677215576,-2.0143182277679443,2.2748093605041504,1.0194627558314142
29,6.524940490722656,-2.017289161682129,2.273461103439331,1.020141560293259
29,6.546388626098633,-2.0202853679656982,2.2721076011657715,1.020860637100225
29,6.567831516265869,-2.023315906524658,2.270745277404785,1.0216126036367372
29,6.589237689971924,-2.0263755321502686,2.269376039505005,1.0223860557108047
29,6.610626697540283,-2.029466390609741,2.2679991722106934,1.0231764470053875
29,6.632006645202637,-2.0325887203216553,2.2666146755218506,1.0239884354198876
29,6.65338134765625,-2.0357420444488525,2.2652230262756348,1.0248190698928032
29,6.674750804901123,-2.0389249324798584,2.263824224472046,1.0256663780698574
29,6.696115970611572,-2.0421366691589355,2.2624192237854004,1.0265310842680506
29,6.7174763679504395,-2.0453755855560303,2.2610082626342773,1.0274033061715315
29,6.738832473754883,-2.048640489578247,2.259592294692993,1.0282794906518806
29,6.760184288024902,-2.0519299507141113,2.258171796798706,1.0291495905296784
29,6.7815327644348145,-2.055243492126465,2.256747245788574,1.0300131976275335
29,6.802877426147461,-2.058579206466675,2.255319833755493,1.030871684894605
29,6.824218273162842,-2.061936378479004,2.253890037536621,1.0317224399178744
29,6.845555782318115,-2.0653128623962402,2.2524588108062744,1.0325635565522329
29,6.866890907287598,-2.0687077045440674,2.2510266304016113,1.0333889939741145
29,6.888222694396973,-2.0721192359924316,2.2495944499969482,1.0341960932186518
29,6.909552574157715,-2.0755460262298584,2.2481629848480225,1.034980974320307
29,6.930880546569824,-2.0789871215820312,2.2467336654663086,1.035738632909314
29,6.952205657958984,-2.0824413299560547,2.2453067302703857,1.0364717772932783
29,6.973529815673828,-2.085906982421875,2.2438831329345703,1.0371784409644456
29,6.994852542877197,-2.0893826484680176,2.242464303970337,1.0378563801346086
29,7.01617431640625,-2.092866897583008,2.2410507202148438,1.0385036629010727
29,7.037495136260986,-2.096358060836792,2.2396433353424072,1.0391191121064576
29,7.0588154792785645,-2.0998544692993164,2.238243341445923,1.0397010244126454
29,7.080135822296143,-2.1033549308776855,2.236851692199707,1.0402508032441244
29,7.101456642150879,-2.106858253479004,2.235469102859497,1.0407680796095182
29,7.122777462005615,-2.110363006591797,2.2340972423553467,1.0412525929910355
29,7.144099235534668,-2.1138675212860107,2.232736587524414,1.0417048502168393
29,7.165422439575195,-2.117370367050171,2.231388568878174,1.0421255568659737
29,7.186746597290039,-2.1208693981170654,2.2300543785095215,1.0425155389191614
29,7.208072662353516,-2.124363422393799,2.2287349700927734,1.042875853717976
29,7.229401111602783,-2.1278507709503174,2.2274317741394043,1.0432133205878376
29,7.250731468200684,-2.1313302516937256,2.2261459827423096,1.0435261899149615
29,7.272064685821533,-2.1347999572753906,2.224879026412964,1.0438158608871106
29,7.29340124130249,-2.138258457183838,2.2236320972442627,1.0440843266950879
29,7.314741134643555,-2.1417036056518555,2.2224063873291016,1.0443334889201161
29,7.336084365844727,-2.1451334953308105,2.2212038040161133,1.044565079329512
29,7.357431888580322,-2.1485462188720703,2.2200255393981934,1.0447812120746958
29,7.378783702850342,-2.151940107345581,2.2188735008239746,1.0449917761717822
29,7.400140285491943,-2.15531325340271,2.2177491188049316,1.045198073623664
29,7.421502113342285,-2.1586639881134033,2.2166543006896973,1.0453983260272626
29,7.442869186401367,-2.161990165710449,2.215590476989746,1.0455901774828127
29,7.464241981506348,-2.1652894020080566,2.21455979347229,1.0457728796878727
29,7.485620975494385,-2.1685595512390137,2.213563919067383,1.0459446976310796
29,7.507006645202637,-2.17179799079895,2.212604284286499,1.0461026324712766
29,7.5283989906311035,-2.1750025749206543,2.2116827964782715,1.0462427948593658
29,7.549798488616943,-2.178170919418335,2.210801362991333,1.046381659861446
29,7.571205139160156,-2.1813011169433594,2.2099609375,1.0464903247839334
29,7.592618942260742,-2.1843907833099365,2.209163188934326,1.0465636434157304
29,7.614040851593018,-2.1874372959136963,2.208409309387207,1.0465967517533012
29,7.635470867156982,-2.1904382705688477,2.207700490951538,1.0465863984676411
29,7.656908988952637,-2.1933913230895996,2.2070376873016357,1.0465311606648529
29,7.6783552169799805,-2.1962945461273193,2.2064220905303955,1.0464322190679707
29,7.699809551239014,-2.199145793914795,2.2058541774749756,1.0462923048708592
29,7.7212724685668945,-2.2019433975219727,2.2053353786468506,1.0461237367534102
29,7.742743492126465,-2.204685926437378,2.2048661708831787,1.0459319570412913
29,7.764222621917725,-2.207371950149536,2.2044477462768555,1.0457172162185238
29,7.785710334777832,-2.2099997997283936,2.204080820083618,1.045485466799936
29,7.807205677032471,-2.2125680446624756,2.203766345977783,1.045242192082281
29,7.828708648681641,-2.215075731277466,2.203505039215088,1.044992666766829
29,7.8502197265625,-2.2175216674804688,2.2032980918884277,1.0447420896635558
29,7.871737957000732,-2.219904661178589,2.203145980834961,1.0444921243398837
29,7.893263816833496,-2.2222237586975098,2.203049421310425,1.0442504816237923
29,7.914796829223633,-2.2244784832000732,2.2030091285705566,1.044021204797363
29,7.936336040496826,-2.226667642593384,2.203026056289673,1.0438173362464838
29,7.957882404327393,-2.2287909984588623,2.2031002044677734,1.04363538345467
29,7.979434490203857,-2.2308478355407715,2.2032322883605957,1.0434766350967895
29,8.000992774963379,-2.2328379154205322,2.2034225463867188,1.0433452923686442
29,8.02255630493164,-2.2347607612609863,2.20367169380188,1.0432453407514044
29,8.044124603271484,-2.236616611480713,2.2039794921875,1.0431834629303005
29,8.065698623657227,-2.238405227661133,2.2043466567993164,1.043165049467391
29,8.087276458740234,-2.2401270866394043,2.204772710800171,1.0431958001201014
29,8.108858108520508,-2.2417824268341064,2.2052576541900635,1.0432817021330851
29,8.130443572998047,-2.2433717250823975,2.205801486968994,1.0434284728984955
29,8.152031898498535,-2.2448954582214355,2.206403970718384,1.0436416727093754
29,8.173623085021973,-2.246354341506958,2.207064151763916,1.043929746107195
29,8.19521713256836,-2.2477495670318604,2.2077817916870117,1.0443003736640641
29,8.216813087463379,-2.249081611633301,2.2085559368133545,1.0447540496708265
29,8.238409996032715,-2.250351905822754,2.209385871887207,1.0452945030583722
29,8.260008811950684,-2.251560926437378,2.210270643234253,1.0459239075719797
29,8.281608581542969,-2.2527101039886475,2.2112090587615967,1.0466434095886605
29,8.30320930480957,-2.253800868988037,2.2121996879577637,1.0474542797411908
29,8.324810028076172,-2.2548341751098633,2.2132411003112793,1.0483581940456608
29,8.346410751342773,-2.2558116912841797,2.214331865310669,1.0493659622182077
29,8.368011474609375,-2.256734609603882,2.215470314025879,1.0504643188436458
29,8.389612197875977,-2.2576045989990234,2.2166545391082764,1.0516508644746252
29,8.411212921142578,-2.258423328399658,2.2178826332092285,1.0529272181849247
29,8.432812690734863,-2.2591922283172607,2.2191526889801025,1.0542914863579245
29,8.454411506652832,-2.2599129676818848,2.2204623222351074,1.0557419922167532
29,8.476009368896484,-2.2605879306793213,2.2218096256256104,1.0572763329070711
29,8.497607231140137,-2.261218309402466,2.223191738128662,1.0589012743739645
29,8.519203186035156,-2.2618062496185303,2.224606513977051,1.0606090722429846
29,8.54079818725586,-2.2623538970947266,2.2260513305664062,1.0623929174810034
29,8.562393188476562,-2.2628626823425293,2.2275235652923584,1.0642497003766895
29,8.58398723602295,-2.2633352279663086,2.229020357131958,1.0661760187801006
29,8.60558032989502,-2.263772964477539,2.230539083480835,1.0681683229468129
29,8.627172470092773,-2.2641782760620117,2.23207688331604,1.0702227994016906
29,8.648763656616211,-2.2645528316497803,2.233630895614624,1.0723389642640158
29,8.670354843139648,-2.2648987770080566,2.235198736190796,1.074514200637642
29,8.69194507598877,-2.2652175426483154,2.2367770671844482,1.076736551535111
29,8.713536262512207,-2.2655115127563477,2.23836350440979,1.0790005462888672
29,8.735126495361328,-2.265782117843628,2.239954948425293,1.0813008300820335
29,8.75671672821045,-2.26603102684021,2.241549015045166,1.0836232230403031
29,8.77830696105957,-2.2662603855133057,2.243143081665039,1.0859707535568721
29,8.799899101257324,-2.2664716243743896,2.244734764099121,1.0883379502675257
29,8.821490287780762,-2.2666661739349365,2.246321201324463,1.0907229059359103
29,8.843082427978516,-2.266845703125,2.2479004859924316,1.0931139906539953
29,8.864675521850586,-2.2670116424560547,2.249469757080078,1.0955064372976107
29,8.886269569396973,-2.267165422439575,2.2510271072387695,1.0978949529698
29,8.907864570617676,-2.267308473587036,2.252570390701294,1.1002748926453663
29,8.929461479187012,-2.267442226409912,2.2540974617004395,1.1026421404183102
29,8.951059341430664,-2.2675678730010986,2.2556066513061523,1.1049926248468775
29,8.972658157348633,-2.267686605453491,2.2570958137512207,1.107320592884441
29,8.994258880615234,-2.2677993774414062,2.25856351852417,1.1096219951636905
29,9.015860557556152,-2.26790714263916,2.2600080966949463,1.1118938232346225
29,9.03746509552002,-2.2680110931396484,2.261428117752075,1.1141329367880044
29,9.059070587158203,-2.2681119441986084,2.262822151184082,1.1163361904007614
29,9.08067798614502,-2.2682104110717773,2.2641892433166504,1.1185007940705682
29,9.102286338806152,-2.2683074474334717,2.2655282020568848,1.1206228640626366
29,9.123897552490234,-2.2684035301208496,2.2668380737304688,1.122697659364614
29,9.145509719848633,-2.2684991359710693,2.268118143081665,1.1247212457453268
29,9.167123794555664,-2.268594741821289,2.2693676948547363,1.1266959778686638
29,9.188740730285645,-2.268691062927246,2.2705860137939453,1.1286203609654595
29,9.210357666015625,-2.2687880992889404,2.2717723846435547,1.1304925193627544
29,9.231977462768555,-2.2688863277435303,2.2729265689849854,1.1323117316853841
29,9.253599166870117,-2.268986225128174,2.274048089981079,1.134076888673372
29,9.275221824645996,-2.269087791442871,2.2751364707946777,1.1357874367112721
29,9.296846389770508,-2.2691915035247803,2.2761917114257812,1.1374335536250917
29,9.318472862243652,-2.2692973613739014,2.2772138118743896,1.1390239189726017
29,9.34010124206543,-2.2694053649902344,2.2782022953033447,1.140559440074686
29,9.361730575561523,-2.2695159912109375,2.2791571617126465,1.1420406158096459
29,9.383360862731934,-2.2696290016174316,2.280078649520874,1.1434681640068494
29,9.404993057250977,-2.269744396209717,2.2809667587280273,1.1448426592549013
29,9.426626205444336,-2.269862651824951,2.2818214893341064,1.1461653675329027
29,9.448261260986328,-2.2699830532073975,2.2826433181762695,1.1474320464664463
29,9.46989631652832,-2.270106077194214,2.2834320068359375,1.148644431216815
29,9.491534233093262,-2.2702314853668213,2.2841882705688477,1.149808262294644
29,9.513172149658203,-2.2703590393066406,2.284912109375,1.1509243726521412
29,9.534811019897461,-2.270488739013672,2.2856037616729736,1.1519939378469721
29,9.556451797485352,-2.270620584487915,2.2862637042999268,1.1530180017653193
29,9.578092575073242,-2.270754337310791,2.2868921756744385,1.1539978375695372
29,9.59973430633545,-2.2708897590637207,2.287489652633667,1.1549336432981647
29,9.621376991271973,-2.271026849746704,2.2880566120147705,1.1558196970966221
29,9.643020629882812,-2.271165132522583,2.288593292236328,1.1566653017426223
29,9.664665222167969,-2.2713048458099365,2.289100408554077,1.1574715755024232
29,9.686309814453125,-2.2714457511901855,2.2895781993865967,1.158239870311288
29,9.707955360412598,-2.271587610244751,2.290026903152466,1.15897130044125
29,9.729601860046387,-2.2717301845550537,2.290447473526001,1.1596679384854989
29,9.751248359680176,-2.2718734741210938,2.2908401489257812,1.16032980324306
29,9.772894859313965,-2.272017240524292,2.291205406188965,1.1609537438304531
29,9.79454231262207,-2.2721612453460693,2.291543483734131,1.1615429919070557
29,9.816190719604492,-2.272305488586426,2.2918553352355957,1.1621008923579343
29,9.837839126586914,-2.2724497318267822,2.2921411991119385,1.1626281921398256
29,9.859487533569336,-2.2725939750671387,2.2924015522003174,1.1631257566668605
29,9.881136894226074,-2.272737741470337,2.2926368713378906,1.1635940960724036
29,9.902785301208496,-2.272881269454956,2.2928478717803955,1.1640338413190157
29,9.92443561553955,-2.273023843765259,2.293034553527832,1.1644443179848385
29,9.946084976196289,-2.273165702819824,2.2931978702545166,1.1648227144089445
29,9.967734336853027,-2.2733066082000732,2.2933380603790283,1.165173936671974
29,9.989384651184082,-2.273446559906006,2.2934556007385254,1.165498624965431
29,10.011034965515137,-2.273585081100464,2.293550968170166,1.1657973043429428
29,10.032684326171875,-2.2737221717834473,2.2936246395111084,1.166070145291076
29,10.054335594177246,-2.273857831954956,2.2936770915985107,1.166317798301291
29,10.075984954833984,-2.273991584777832,2.293708562850952,1.1665407978885731
29,10.097635269165039,-2.2741239070892334,2.293719530105591,1.1667361020060447
29,10.11928653717041,-2.274254083633423,2.293710470199585,1.1669066324238992
29,10.140935897827148,-2.2743823528289795,2.2936816215515137,1.16705436403392
29,10.162593841552734,-2.2745087146759033,2.2936336994171143,1.1671799661435174
29,10.184321403503418,-2.2746331691741943,2.2935662269592285,1.1672841216574352
29,10.20637321472168,-2.274757146835327,2.2934787273406982,1.1673681490621215
29,10.229331016540527,-2.274883508682251,2.293367385864258,1.1674320170967045
29,10.252288818359375,-2.2750070095062256,2.2932357788085938,1.1674643679686245
29,10.276960372924805,-2.275136709213257,2.2930729389190674,1.1674778389703617
29,10.303868293762207,-2.2752740383148193,2.292870283126831,1.1674704348861789
29,10.33077621459961,-2.275407552719116,2.292642593383789,1.1674195561739098
29,10.359665870666504,-2.275546073913574,2.292370319366455,1.1673476549592485
29,10.389727592468262,-2.2756853103637695,2.2920572757720947,1.1672326695547508
29,10.419788360595703,-2.2758190631866455,2.2917139530181885,1.1670811619014645
29,10.450294494628906,-2.275949478149414,2.291335344314575,1.1669076869822248
29,10.480900764465332,-2.2760748863220215,2.2909252643585205,1.1666756999567425
29,10.511505126953125,-2.2761945724487305,2.29048490524292,1.1664238057325849
29,10.542119979858398,-2.2763092517852783,2.2900147438049316,1.1661372618243337
29,10.572734832763672,-2.276418685913086,2.2895147800445557,1.165811411200656
29,10.603348731994629,-2.2765228748321533,2.28898549079895,1.1654672903562917
29,10.63396167755127,-2.2766225337982178,2.2884268760681152,1.165076472997652
29,10.664573669433594,-2.276717185974121,2.28783917427063,1.164662758923898
29,10.695186614990234,-2.2768075466156006,2.287222146987915,1.1642237542352063
29,10.725797653198242,-2.2768938541412354,2.286576271057129,1.1637443779644852
29,10.756409645080566,-2.2769763469696045,2.2859010696411133,1.1632494195370842
29,10.787019729614258,-2.277055025100708,2.285196542739868,1.162718571059853
29,10.81762981414795,-2.277130365371704,2.2844626903533936,1.1621636637770365
29,10.848237991333008,-2.277202844619751,2.2836992740631104,1.1615920627722407
29,10.878847122192383,-2.2772727012634277,2.2829062938690186,1.1609814668049618
29,10.909453392028809,-2.2773401737213135,2.28208327293396,1.1603586700758306
29,10.94006061553955,-2.277405261993408,2.2812299728393555,1.1597101359760176
29,10.97066593170166,-2.277468681335449,2.280346155166626,1.1590383398887218
29,11.00127124786377,-2.2775304317474365,2.2794315814971924,1.1583562507541274
29,11.031875610351562,-2.277590751647949,2.2784855365753174,1.1576421805284796
29,11.062478065490723,-2.2776498794555664,2.277507781982422,1.1569189518639582
29,11.093080520629883,-2.277707815170288,2.2764980792999268,1.1561800827464148
29,11.12368106842041,-2.2777647972106934,2.2754557132720947,1.1554221724873235
29,11.154280662536621,-2.277820587158203,2.2743802070617676,1.1546591794760916
29,11.184879302978516,-2.2778754234313965,2.273270845413208,1.1538781446581148
29,11.215476989746094,-2.2779288291931152,2.272127628326416,1.153091878455549
29,11.246074676513672,-2.2779808044433594,2.270949125289917,1.1523011338860523
29,11.276671409606934,-2.2780306339263916,2.26973557472229,1.1514999231911063
29,11.307273864746094,-2.278078317642212,2.2684855461120605,1.1507007613837186
29,11.337900161743164,-2.278122901916504,2.267197847366333,1.1498983415172832
29,11.368524551391602,-2.2781636714935303,2.2658729553222656,1.1490956769902934
29,11.399212837219238,-2.2781999111175537,2.264507532119751,1.14829560142807
29,11.429900169372559,-2.278230667114258,2.263103723526001,1.147503227745181
29,11.460724830627441,-2.278254985809326,2.2616543769836426,1.1467120275557332
29,11.491798400878906,-2.2782719135284424,2.2601521015167236,1.1459137978807155
29,11.522869110107422,-2.2782797813415527,2.258608102798462,1.1451240106117349
29,11.559244155883789,-2.2782745361328125,2.256749153137207,1.1439914724900102
29,11.625143051147461,-2.278209924697876,2.253237009048462,1.1419709720462203
29,11.691032409667969,-2.2780652046203613,2.2495460510253906,1.1401872725838516
29,11.762750625610352,-2.277783155441284,2.2453272342681885,1.13822910337071
29,11.834455490112305,-2.277322769165039,2.2409136295318604,1.134842593701416
29,11.964035034179688,-2.2759203910827637,2.2325947284698486,1.130024192145735
29,12.085603713989258,-2.2738773822784424,2.224705457687378,1.1247466524747458
29,12.180326461791992,-2.2717645168304443,2.2186522483825684,1.1199472632286682
29,12.211106300354004,-2.2709856033325195,2.216740369796753,1.1179697466677898
30,0.7651656270027161,0.9725102782249451,0.7238213419914246,1.024323904375227
30,0.8845623731613159,0.972722053527832,0.7274883985519409,1.0283257780360833
30,1.0057196617126465,0.9729700684547424,0.7312940955162048,1.032059641085819
30,1.1268764734268188,0.9732503890991211,0.7351180911064148,1.035068368114692
30,1.2488493919372559,0.9735593199729919,0.7389034032821655,1.0376621599234557
30,1.3708237409591675,0.9739032983779907,0.7426357269287109,1.0388401264948441
30,1.4931013584136963,0.9742923378944397,0.7463505268096924,1.0396972363937562
30,1.6154797077178955,0.9747259020805359,0.7501347064971924,1.039953392046699
30,1.737854242324829,0.9752026200294495,0.7540363669395447,1.04024416617702
30,1.8602452278137207,0.9757194519042969,0.7581244707107544,1.0405960938590397
30,1.9826316833496094,0.9762787222862244,0.7624408602714539,1.04139205953604
30,2.105008840560913,0.9768816232681274,0.7670093178749084,1.0424690231094857
30,2.227377414703369,0.9775256514549255,0.7718101143836975,1.0438769977847062
30,2.3497371673583984,0.9782131910324097,0.7768176794052124,1.0454442635725243
30,2.472090005874634,0.9789502620697021,0.7819929718971252,1.047008416572838
30,2.594435453414917,0.9797455072402954,0.7873290181159973,1.048431962400228
30,2.716773509979248,0.9806039929389954,0.7928214073181152,1.049785553927296
30,2.839103937149048,0.9815289378166199,0.7984660267829895,1.0510779456770432
30,2.9614264965057373,0.9825183153152466,0.80427086353302,1.051824834211414
30,3.083739995956421,0.983568549156189,0.8102545142173767,1.0523326610842936
30,3.2060399055480957,0.9846703410148621,0.8165032267570496,1.0523260733226751
30,3.3283212184906006,0.985816240310669,0.823095440864563,1.0524119970064396
30,3.450573682785034,0.9869908690452576,0.8301956653594971,1.0525785946851873
30,3.572786331176758,0.9882000088691711,0.8379468321800232,1.0527444433350819
30,3.694946050643921,0.989456295967102,0.8464844822883606,1.0522034870118673
30,3.8170323371887207,0.990820586681366,0.8558371067047119,1.0505558032849136
30,3.9390597343444824,0.9923200607299805,0.8659110069274902,1.0478182944248715
30,4.0608320236206055,0.9939718842506409,0.8763774633407593,1.0449312786426546
30,4.1815104484558105,0.9957392811775208,0.8867945075035095,1.0419572730326219
30,4.273146629333496,0.997155487537384,0.8945576548576355,1.0396743347804893
30,4.3906450271606445,0.9990769624710083,0.9039897918701172,1.0361063378397226
30,4.508203029632568,1.0011316537857056,0.9126197099685669,1.0316580428540763
30,4.619510650634766,1.0032354593276978,0.9196535348892212,1.0268994113299004
30,4.722430229187012,1.0053507089614868,0.9248772263526917,1.0214300187968979
30,4.825409412384033,1.0076621770858765,0.9286225438117981,1.0154635058048511
30,4.9205427169799805,1.0100102424621582,0.9305266737937927,1.0095640213920134
30,5.010496139526367,1.0124516487121582,0.9308246970176697,1.0037707566754335
30,5.098767280578613,1.0150872468948364,0.9296512603759766,0.9981290215523188
30,5.187000751495361,1.0179853439331055,0.9270613789558411,0.9928872380829303
30,5.276797771453857,1.0212299823760986,0.9230731129646301,0.9881283533320815
30,5.369381427764893,1.0249134302139282,0.9176889061927795,0.9840224362319663
30,5.461879730224609,1.0289644002914429,0.911210298538208,0.9809209968731653
30,5.559628486633301,1.033676028251648,0.9033870100975037,0.9789138112128947
30,5.659454822540283,1.0389680862426758,0.8945741653442383,0.9783334758689896
30,5.7609453201293945,1.0448652505874634,0.884950578212738,0.9793896663404145
30,5.86235237121582,1.0512937307357788,0.8748008012771606,0.9822054741361522
30,5.96347713470459,1.058245301246643,0.8642317652702332,0.9865018287070785
30,6.065849304199219,1.065843105316162,0.8531234264373779,0.9918825020985856
30,6.168415546417236,1.0740482807159424,0.8415758013725281,0.9989953460209957
30,6.272437572479248,1.082975149154663,0.8294017910957336,1.0081753014054942
30,6.375222206115723,1.0924015045166016,0.816835343837738,1.0195442641966317
30,6.477313041687012,1.1023521423339844,0.8037239909172058,1.0332101474980628
30,6.5765767097473145,1.1125433444976807,0.7901825904846191,1.0472769665002999
30,6.675662040710449,1.1230964660644531,0.7756516933441162,1.0715609497273755
30,6.7009124755859375,1.1258326768875122,0.7717525362968445,1.0771843431063834
30,6.7266693115234375,1.1286401748657227,0.7676973938941956,1.0828847020194712
30,6.751739978790283,1.1313881874084473,0.7636765837669373,1.0888825354357072
30,6.776734828948975,1.1341418027877808,0.7595974206924438,1.0948776855408886
30,6.801370620727539,1.1368681192398071,0.7555131912231445,1.1009288954940966
30,6.825995445251465,1.1396042108535767,0.7513707876205444,1.1072521372297877
30,6.850522041320801,1.1423386335372925,0.7471897602081299,1.113631795464212
30,6.875240802764893,1.1451022624969482,0.742925226688385,1.1203264899220695
30,6.899896621704102,1.1478646993637085,0.7386264801025391,1.1269832115622238
30,6.924886703491211,1.1506686210632324,0.7342296242713928,1.1339944901594894
30,6.949585914611816,1.1534422636032104,0.7298495173454285,1.1409984258989623
30,6.973927021026611,1.1561776399612427,0.7255042195320129,1.1484206670507437
30,6.999276638031006,1.1590274572372437,0.7209562659263611,1.155605795377005
30,7.024623870849609,1.1618762016296387,0.7163951992988586,1.1629656419345338
30,7.0497636795043945,1.164698839187622,0.7118633985519409,1.170538491720885
30,7.074887752532959,1.1675150394439697,0.7073323130607605,1.1783161537621287
30,7.099989891052246,1.1703217029571533,0.7028094530105591,1.1861193159029053
30,7.124999046325684,1.1731088161468506,0.6983147859573364,1.1939990493964774
30,7.150012493133545,1.1758850812911987,0.6938368082046509,1.2020273810481459
30,7.175047397613525,1.178650140762329,0.6893789172172546,1.210190363560392
30,7.20004415512085,1.181395173072815,0.6849585771560669,1.2184719502829875
30,7.224996566772461,1.1841171979904175,0.6805831789970398,1.22686032630995
30,7.249899387359619,1.1868131160736084,0.6762599945068359,1.235187698426064
30,7.274524688720703,1.1894563436508179,0.6720340251922607,1.2435632829770054
30,7.299161911010742,1.192075490951538,0.6678609848022461,1.2519337355245792
30,7.3239569664001465,1.1946828365325928,0.6637224555015564,1.2604184699425163
30,7.348645210266113,1.197246789932251,0.6596689820289612,1.2688965301859036
30,7.373226165771484,1.1997647285461426,0.6557053327560425,1.2773190667624164
30,7.39773416519165,1.2022372484207153,0.6518304347991943,1.2856593728430339
30,7.422258377075195,1.2046712636947632,0.6480347514152527,1.2937145891555373
30,7.44670295715332,1.2070553302764893,0.6443371176719666,1.301517640477881
30,7.4710693359375,1.2093886137008667,0.6407403945922852,1.3091204493281174
30,7.495354652404785,1.2116705179214478,0.6372477412223816,1.3164696373845552
30,7.51954984664917,1.2139008045196533,0.6338618397712708,1.3235325955607822
30,7.543630123138428,1.216078519821167,0.6305872797966003,1.330383183055842
30,7.567625045776367,1.2182074785232544,0.6274218559265137,1.3370364085639037
30,7.5916361808776855,1.2202976942062378,0.6243540048599243,1.3434499823481907
30,7.615555286407471,1.2223408222198486,0.6213991641998291,1.3496445793151628
30,7.639382839202881,1.2243374586105347,0.6185585856437683,1.355615413225843
30,7.663118362426758,1.2262885570526123,0.6158334016799927,1.3612107514093024
30,7.686770915985107,1.2281951904296875,0.6132234930992126,1.3665292025234095
30,7.710334300994873,1.2300572395324707,0.6107302904129028,1.3715919624465593
30,7.7338128089904785,1.2318751811981201,0.6083534955978394,1.3763883862590411
30,7.7572102546691895,1.2336496114730835,0.6060923337936401,1.3808964229674157
30,7.780620574951172,1.235387921333313,0.6039375066757202,1.3851067981023364
30,7.803952693939209,1.2370837926864624,0.601896345615387,1.3890300847261416
30,7.827208995819092,1.238737940788269,0.5999664068222046,1.392674540488455
30,7.850393295288086,1.240351915359497,0.5981443524360657,1.3960228695497099
30,7.873632907867432,1.2419356107711792,0.5964165329933167,1.3991145817405473
30,7.896665573120117,1.2434723377227783,0.5947986245155334,1.4019367865483294
30,7.919633865356445,1.2449733018875122,0.5932748317718506,1.4044989017893095
30,7.942543029785156,1.2464406490325928,0.5918396711349487,1.406812706782036
30,7.965396881103516,1.2478759288787842,0.5904873609542847,1.408895282247811
30,7.988256931304932,1.2492846250534058,0.5892088413238525,1.4107088422479552
30,8.011168479919434,1.2506707906723022,0.5879968404769897,1.412325196910009
30,8.034074783325195,1.2520320415496826,0.5868500471115112,1.413727349383203
30,8.056934356689453,1.253367304801941,0.5857653021812439,1.4149273496501564
30,8.079751014709473,1.2546782493591309,0.5847371816635132,1.4159342620264213
30,8.102531433105469,1.255966067314148,0.5837608575820923,1.4167562701639498
30,8.125279426574707,1.2572325468063354,0.5828317403793335,1.41739946914682
30,8.14804458618164,1.2584812641143799,0.5819435119628906,1.4178709576209676
30,8.170731544494629,1.2597081661224365,0.5810959339141846,1.4181748018347546
30,8.193360328674316,1.2609152793884277,0.5802843570709229,1.4183124428883909
30,8.216084480285645,1.2621121406555176,0.579499363899231,1.418284894563012
30,8.238789558410645,1.2632933855056763,0.5787414312362671,1.4180767133457775
30,8.261495590209961,1.2644615173339844,0.5780062675476074,1.4176991090162747
30,8.284186363220215,1.265616774559021,0.5772907733917236,1.4171496243362856
30,8.306863784790039,1.2667608261108398,0.5765911936759949,1.416423486443802
30,8.329530715942383,1.267894983291626,0.5759038329124451,1.415513440428064
30,8.352189064025879,1.2690210342407227,0.5752251148223877,1.4144114037150837
30,8.374839782714844,1.2701400518417358,0.5745519399642944,1.4131069258101858
30,8.39748477935791,1.2712533473968506,0.5738814473152161,1.411587604189743
30,8.420122146606445,1.2723618745803833,0.5732111930847168,1.4098400180720154
30,8.442651748657227,1.2734613418579102,0.5725423693656921,1.4078530619342777
30,8.465213775634766,1.2745591402053833,0.5718691349029541,1.4056044916261097
30,8.487905502319336,1.2756606340408325,0.5711876749992371,1.4030909315650058
30,8.510680198669434,1.2767632007598877,0.5704993009567261,1.4003051145044496
30,8.533438682556152,1.2778621912002563,0.5698074102401733,1.3972834279353152
30,8.55617904663086,1.2789572477340698,0.5691132545471191,1.394054372683102
30,8.578899383544922,1.2800477743148804,0.5684186220169067,1.3906662003042043
30,8.601598739624023,1.2811329364776611,0.5677260160446167,1.3871987015752865
30,8.624272346496582,1.282211184501648,0.5670380592346191,1.3837749406041027
30,8.646920204162598,1.2832807302474976,0.5663575530052185,1.3805694431741273
30,8.669538497924805,1.284339189529419,0.565686821937561,1.3778111846388916
30,8.69212532043457,1.2853846549987793,0.5650270581245422,1.3757702469030189
30,8.714677810668945,1.2864172458648682,0.5643773674964905,1.3746881389185037
30,8.737192153930664,1.2874385118484497,0.5637363195419312,1.3746041776666882
30,8.759361267089844,1.2884334325790405,0.5631199479103088,1.3752309374099363
30,8.781905174255371,1.2894246578216553,0.5625323057174683,1.376103402400898
30,8.804407119750977,1.2903764247894287,0.5620229244232178,1.3765583189203425
30,8.826866149902344,1.2912722826004028,0.5616267919540405,1.3762884362797831
30,8.849279403686523,1.2921011447906494,0.5613616108894348,1.3759876811717813
30,8.871609687805176,1.2928575277328491,0.5612157583236694,1.3768214721993368
30,8.893928527832031,1.2935497760772705,0.5611413717269897,1.3791099423432964
30,8.916234970092773,1.2941876649856567,0.5610738396644592,1.382450800851386
30,8.938528060913086,1.2947731018066406,0.56094890832901,1.386520573873842
30,8.960805892944336,1.2952991724014282,0.560701310634613,1.391139033730789
30,8.983067512512207,1.29575514793396,0.5602626800537109,1.3959704282765195
30,9.005308151245117,1.2961288690567017,0.5595587491989136,1.4004772341356182
30,9.027520179748535,1.2964078187942505,0.5585193037986755,1.4035360323254427
30,9.049677848815918,1.296578288078308,0.5570803880691528,1.4040933744182502
30,9.071785926818848,1.2966264486312866,0.5551943778991699,1.4010637806119626
30,9.093832015991211,1.2965401411056519,0.5528430938720703,1.3932093445385063
30,9.115755081176758,1.296310305595398,0.5500625371932983,1.3794416832465497
30,9.137618064880371,1.2959331274032593,0.5469678044319153,1.3599952801157495
30,9.159444808959961,1.2954261302947998,0.5437439680099487,1.336242435232798
30,9.181254386901855,1.294837474822998,0.5406312346458435,1.3103289761034536
30,9.20310115814209,1.2942426204681396,0.5379092693328857,1.2853434747810977
30,9.225010871887207,1.2937487363815308,0.5359047055244446,1.265634656298038
30,9.246932029724121,1.2934798002243042,0.5349315404891968,1.2563261040196776
30,9.2688627243042,1.2935341596603394,0.5351818203926086,1.2602248756499081
30,9.290730476379395,1.293932557106018,0.5366222858428955,1.272999200231275
30,9.312482833862305,1.2946069240570068,0.5390138030052185,1.2848529013833532
30,9.334136009216309,1.2954400777816772,0.5420573949813843,1.2894980660919997
30,9.355714797973633,1.2963148355484009,0.5454976558685303,1.2866307711894274
30,9.377241134643555,1.2971473932266235,0.5491884350776672,1.2790888411965105
30,9.39875602722168,1.2978806495666504,0.5530831813812256,1.2700913228837147
30,9.42022705078125,1.2984763383865356,0.557157576084137,1.262067509589905
30,9.441659927368164,1.298933982849121,0.5613741874694824,1.2560975377376922
30,9.463067054748535,1.2992967367172241,0.5656610131263733,1.252489566379476
30,9.484448432922363,1.2996350526809692,0.5699357390403748,1.2508160825652557
30,9.505828857421875,1.300010085105896,0.5741419792175293,1.2500844638372193
30,9.527236938476562,1.3004629611968994,0.5782339572906494,1.2498837214365852
30,9.548657417297363,1.3010257482528687,0.5821605920791626,1.2501627632651195
30,9.570096969604492,1.3017261028289795,0.5858829617500305,1.2506381929345403
30,9.591567993164062,1.302583932876587,0.5893755555152893,1.251124854094004
30,9.613054275512695,1.3036082983016968,0.5926210284233093,1.251652482665131
30,9.634554862976074,1.3047999143600464,0.5956159234046936,1.2521761914283298
30,9.656063079833984,1.3061518669128418,0.5983648896217346,1.2526645668204313
30,9.677576065063477,1.3076517581939697,0.6008786559104919,1.2530771466414299
30,9.699104309082031,1.3092848062515259,0.6031733155250549,1.253405025712125
30,9.72063159942627,1.3110321760177612,0.6052644848823547,1.2536328155883143
30,9.742154121398926,1.3128751516342163,0.6071704626083374,1.253743806544092
30,9.763672828674316,1.3147944211959839,0.6089106202125549,1.2537232643992828
30,9.785185813903809,1.316771388053894,0.6105039119720459,1.2535648142591893
30,9.806700706481934,1.3187896013259888,0.6119688153266907,1.2532603230905281
30,9.828211784362793,1.3208324909210205,0.6133214831352234,1.2527983923550312
30,9.84972858428955,1.322886347770691,0.6145784854888916,1.2521827569901942
30,9.87125015258789,1.3249380588531494,0.615754246711731,1.2513469892199005
30,9.892775535583496,1.3269764184951782,0.6168622374534607,1.2503569706571696
30,9.914306640625,1.3289917707443237,0.6179150342941284,1.24929140413223
30,9.935842514038086,1.3309760093688965,0.6189245581626892,1.2481801093872529
30,9.957383155822754,1.332923173904419,0.619900643825531,1.2470451667466487
30,9.97892951965332,1.3348281383514404,0.6208518147468567,1.2458996336871209
30,10.000479698181152,1.3366867303848267,0.6217854619026184,1.2447486096832507
30,10.022034645080566,1.3384952545166016,0.622707724571228,1.243587624731451
30,10.043594360351562,1.3402507305145264,0.6236239075660706,1.2424188371298552
30,10.06515884399414,1.3419506549835205,0.6245384812355042,1.2412439688451704
30,10.0867280960083,1.343592882156372,0.6254554390907288,1.2400643275740857
30,10.108301162719727,1.3451756238937378,0.626378059387207,1.2388816024065838
30,10.129878044128418,1.3466976881027222,0.6273089647293091,1.237696128625138
30,10.15146541595459,1.3481587171554565,0.6282504796981812,1.2365067310148934
30,10.173127174377441,1.3495616912841797,0.629207193851471,1.235302105783152
30,10.194792747497559,1.3509011268615723,0.6301772594451904,1.2340692018743673
30,10.216784477233887,1.352195143699646,0.6311761736869812,1.2328102225159179
30,10.2396821975708,1.3534729480743408,0.6322320103645325,1.231510497725321
30,10.264294624328613,1.3547691106796265,0.6333847045898438,1.2301332533220928
30,10.288908958435059,1.3559874296188354,0.6345555186271667,1.228772078608761
30,10.31575870513916,1.3572299480438232,0.6358525156974792,1.2273066807113069
30,10.344588279724121,1.3584668636322021,0.6372674703598022,1.2257465306622735
30,10.373420715332031,1.3596054315567017,0.6387050151824951,1.2241820416394538
30,10.403426170349121,1.3606892824172974,0.6402240991592407,1.2225464345388617
30,10.433878898620605,1.3616863489151,0.6417890191078186,1.2207299006741188
30,10.464333534240723,1.3625819683074951,0.6433767676353455,1.218910986726085
30,10.494888305664062,1.3633826971054077,0.644991934299469,1.2170797419314334
30,10.525444984436035,1.3640880584716797,0.646628737449646,1.2152201516665762
30,10.556013107299805,1.3647019863128662,0.648286759853363,1.2133602225717963
30,10.586581230163574,1.3652276992797852,0.6499641537666321,1.2114684366994701
30,10.617149353027344,1.3656679391860962,0.6516599655151367,1.2095589133177482
30,10.64771842956543,1.366026520729065,0.6533722877502441,1.20764102947416
30,10.6782865524292,1.3663064241409302,0.6550999283790588,1.2056781580954363
30,10.708854675292969,1.3665108680725098,0.6568413376808167,1.2037132850048424
30,10.739422798156738,1.366644024848938,0.6585947871208191,1.2017222942141204
30,10.769990921020508,1.366708517074585,0.6603593826293945,1.199712699813928
30,10.800558090209961,1.366708517074585,0.6621336340904236,1.1977032079950238
30,10.831124305725098,1.366647481918335,0.6639166474342346,1.1956597785921181
30,10.861690521240234,1.3665283918380737,0.6657074689865112,1.1935413217743378
30,10.892255783081055,1.3663547039031982,0.667504608631134,1.1912910517169664
30,10.922820091247559,1.3661284446716309,0.6693074107170105,1.1890227555514081
30,10.953384399414062,1.3658535480499268,0.6711149215698242,1.186756336460893
30,10.98394775390625,1.365533471107483,0.6729260087013245,1.1844674723879036
30,11.014510154724121,1.3651705980300903,0.6747399568557739,1.182177814138553
30,11.045072555541992,1.364768624305725,0.676555335521698,1.1798852371939574
30,11.075634002685547,1.3643302917480469,0.678371250629425,1.1775797944878559
30,11.106195449829102,1.3638585805892944,0.68018639087677,1.1752815330948467
30,11.13675594329834,1.3633567094802856,0.6819993257522583,1.1729767427379043
30,11.167315483093262,1.3628273010253906,0.6838090419769287,1.1706767384314987
30,11.197876930236816,1.3622734546661377,0.6856139898300171,1.1683850532896363
30,11.228437423706055,1.3616979122161865,0.6874129176139832,1.1660938489201722
30,11.258999824523926,1.3611034154891968,0.6892046332359314,1.1638164549787917
30,11.289569854736328,1.3604925870895386,0.690987765789032,1.161442636994645
30,11.320140838623047,1.3598672151565552,0.6927604675292969,1.1589975173375364
30,11.350736618041992,1.3592294454574585,0.6945223212242126,1.1565665135005778
30,11.381399154663086,1.3585810661315918,0.6962741613388062,1.1541515980881514
30,11.41206169128418,1.3579256534576416,0.6980106234550476,1.15175906572792
30,11.442865371704102,1.3572629690170288,0.6997380256652832,1.1493799559041633
30,11.473669052124023,1.3565980195999146,0.7014470100402832,1.1470249504640597
30,11.504725456237793,1.3559293746948242,0.7031482458114624,1.1446558069704567
30,11.541084289550781,1.3551504611968994,0.7051100134849548,1.1417806351188557
30,11.577445030212402,1.3543765544891357,0.7070366740226746,1.1381898846693
30,11.64333438873291,1.3529987335205078,0.7104225158691406,1.1327622378184896
30,11.709232330322266,1.3516770601272583,0.7136611342430115,1.1279350933554961
30,11.78098201751709,1.3503236770629883,0.7169950008392334,1.1216067067388091
30,11.910675048828125,1.348140001296997,0.7223992943763733,1.1114633198076238
30,12.040410041809082,1.346408486366272,0.7269088625907898,1.1054831219364802
30,12.162222862243652,1.3453336954116821,0.7301775217056274,1.1011603442717273
30,12.284395217895508,1.3448655605316162,0.7323932647705078,1.098046568576187
30,12.406584739685059,1.3450658321380615,0.7334504723548889,1.0949085202946136
30,12.528934478759766,1.3459856510162354,0.7332481145858765,1.0917375660175475
30,12.651267051696777,1.347663164138794,0.7317371368408203,1.0874508331221489
30,12.701488494873047,1.3485827445983887,0.7307254076004028,1.085573676299557
31,0.5894017815589905,-1.0331236124038696,2.0106592178344727,1.0014961639987203
31,0.7047061920166016,-1.0332341194152832,2.011594772338867,1.0020678402929724
31,0.8234882950782776,-1.033367395401001,2.012712240219116,1.0027325280325459
31,0.9422689080238342,-1.033519983291626,2.0139801502227783,1.0034596867774959
31,1.0631707906723022,-1.0336952209472656,2.0154170989990234,1.0042278239779214
31,1.1850967407226562,-1.0338929891586304,2.017009973526001,1.005050875256436
31,1.307020664215088,-1.0341124534606934,2.0187430381774902,1.00588453089291
31,1.4293341636657715,-1.0343563556671143,2.020618200302124,1.0067336221587606
31,1.5516453981399536,-1.03462553024292,2.02262806892395,1.0075907025604751
31,1.6740702390670776,-1.0349223613739014,2.024773120880127,1.008449383115262
31,1.7965185642242432,-1.0352489948272705,2.027052402496338,1.0093080718111946
31,1.918964147567749,-1.0356069803237915,2.029466152191162,1.0101569964348038
31,2.0414109230041504,-1.0359987020492554,2.0320184230804443,1.0109976611058245
31,2.1638545989990234,-1.0364257097244263,2.0347142219543457,1.0117996648568237
31,2.286294937133789,-1.0368894338607788,2.0375614166259766,1.012574917686952
31,2.408731460571289,-1.0373916625976562,2.040574789047241,1.013297509762963
31,2.531162977218628,-1.0379337072372437,2.0437676906585693,1.0139532939226275
31,2.6535890102386475,-1.0385169982910156,2.047165632247925,1.0145701165809342
31,2.776007890701294,-1.0391433238983154,2.0507972240448,1.0150684738870799
31,2.898418664932251,-1.0398142337799072,2.054692268371582,1.0155186075934963
31,3.0208187103271484,-1.040531873703003,2.0589020252227783,1.0158973519787577
31,3.1432056427001953,-1.0412976741790771,2.0634632110595703,1.0162369302007304
31,3.2655766010284424,-1.0421141386032104,2.0684356689453125,1.0165797132887193
31,3.3879270553588867,-1.0429843664169312,2.073875665664673,1.0169878067505882
31,3.510253667831421,-1.043912410736084,2.0798189640045166,1.0175444181190885
31,3.6325528621673584,-1.044909954071045,2.0862908363342285,1.018256634454681
31,3.7548248767852783,-1.0459915399551392,2.0932445526123047,1.019484110324361
31,3.8770532608032227,-1.0471771955490112,2.100588083267212,1.0208549429910083
31,3.9990501403808594,-1.0484727621078491,2.1081113815307617,1.022406280958519
31,4.121042251586914,-1.049882411956787,2.1156885623931885,1.0237825668245903
31,4.241951942443848,-1.051387071609497,2.123044729232788,1.025027727376649
31,4.36287784576416,-1.0530074834823608,2.1301047801971436,1.0258206590372527
31,4.480584621429443,-1.0547090768814087,2.136542797088623,1.026262537276867
31,4.591987133026123,-1.0564590692520142,2.142061948776245,1.0262302558653382
31,4.703418731689453,-1.0583696365356445,2.146897554397583,1.0252487321059138
31,4.806410789489746,-1.0603079795837402,2.1506195068359375,1.023643452375293
31,4.901537895202637,-1.0622766017913818,2.153316020965576,1.0213879917036934
31,4.9914870262146,-1.0643254518508911,2.155144214630127,1.0183420015704852
31,5.0814433097839355,-1.0665870904922485,2.1562318801879883,1.0142006302722213
31,5.168965816497803,-1.0690228939056396,2.1565651893615723,1.0091978917987794
31,5.255695343017578,-1.0716993808746338,2.156198024749756,1.003246495816541
31,5.342254638671875,-1.0746757984161377,2.155155658721924,0.9962009345008431
31,5.428775310516357,-1.0780164003372192,2.153444766998291,0.9878870603766301
31,5.515261650085449,-1.0818018913269043,2.1510560512542725,0.9781370762498114
31,5.601927757263184,-1.0861520767211914,2.1479556560516357,0.9668136869419306
31,5.690521240234375,-1.0913177728652954,2.1440181732177734,0.9532944012703511
31,5.779016494750977,-1.0973869562149048,2.139256715774536,0.9380327365360009
31,5.870702266693115,-1.1048877239227295,2.133363723754883,0.9206325399839681
31,5.965354919433594,-1.1143147945404053,2.1260993480682373,0.9011591181111267
31,6.059643268585205,-1.1259311437606812,2.1174261569976807,0.881316540953618
31,6.158697605133057,-1.1413607597351074,2.1063613891601562,0.8625115201561212
31,6.258636951446533,-1.161384105682373,2.0925121307373047,0.8484597666472757
31,6.328648567199707,-1.178680658340454,2.080681800842285,0.844904996363779
31,6.390783786773682,-1.1966331005096436,2.068342924118042,0.8483029135969498
31,6.486264228820801,-1.2289859056472778,2.0459399223327637,0.8720233036496359
31,6.538121223449707,-1.248457908630371,2.0324294567108154,0.8927221296745894
31,6.589478015899658,-1.2687873840332031,2.0182838439941406,0.9159120370344846
31,6.613271236419678,-1.2784696817398071,2.011584997177124,0.926582510286062
31,6.637715816497803,-1.2885208129882812,2.0046510696411133,0.937273174220851
31,6.661212921142578,-1.2982618808746338,1.9979578256607056,0.9475646721259705
31,6.68458890914917,-1.3079968690872192,1.9913008213043213,0.9573759009416751
31,6.707966327667236,-1.3177460432052612,1.9846712350845337,0.9668493725501685
31,6.731379985809326,-1.327494502067566,1.9780749082565308,0.9760211148316718
31,6.75471305847168,-1.337174892425537,1.9715654850006104,0.9846789075100344
31,6.7781243324279785,-1.3468332290649414,1.9651176929473877,0.9928745580754967
31,6.801599502563477,-1.3564444780349731,1.9587446451187134,1.0004990289052003
31,6.825035095214844,-1.3659552335739136,1.952492117881775,1.0074819417420546
31,6.848550319671631,-1.3753993511199951,1.94633150100708,1.0140262626305048
31,6.872049331665039,-1.384730339050293,1.940302848815918,1.0196907205499333
31,6.895633697509766,-1.39398193359375,1.9343891143798828,1.024912895781003
31,6.919299125671387,-1.4031435251235962,1.928587555885315,1.0296062403310582
31,6.94292688369751,-1.4121679067611694,1.922939658164978,1.0335042892169088
31,6.966643810272217,-1.4211008548736572,1.9174163341522217,1.0370842615268636
31,6.9904327392578125,-1.4299325942993164,1.9120196104049683,1.0400379946025844
31,7.014171600341797,-1.4386203289031982,1.9067891836166382,1.0423929416226267
31,7.0379743576049805,-1.4472055435180664,1.9016931056976318,1.0445509402036586
31,7.061834812164307,-1.4556858539581299,1.8967294692993164,1.0460569959358055
31,7.085629463195801,-1.4640226364135742,1.891937017440796,1.0471388533377197
31,7.109482765197754,-1.472260594367981,1.8872828483581543,1.0481256563781214
31,7.133378982543945,-1.480395793914795,1.8827661275863647,1.0485601174427142
31,7.157180309295654,-1.488386869430542,1.8784205913543701,1.0486717043990874
31,7.180710315704346,-1.4961799383163452,1.8742763996124268,1.048722433062272
31,7.205360412597656,-1.5042314529418945,1.8700826168060303,1.0484650250020828
31,7.228944301605225,-1.5118322372436523,1.866220474243164,1.0479028174777312
31,7.252523899078369,-1.5193345546722412,1.862502932548523,1.0473888791595412
31,7.276132106781006,-1.5267503261566162,1.85891854763031,1.0468202804210767
31,7.299652576446533,-1.5340476036071777,1.8554917573928833,1.0458882097895135
31,7.323193550109863,-1.5412629842758179,1.8522051572799683,1.0451065277780207
31,7.3467488288879395,-1.5483956336975098,1.849051833152771,1.044498015993622
31,7.370314121246338,-1.555445909500122,1.8460321426391602,1.04365314390366
31,7.393776893615723,-1.5623832941055298,1.843168020248413,1.042931845878178
31,7.417243003845215,-1.5692402124404907,1.840440034866333,1.0424816513400916
31,7.440699100494385,-1.5760124921798706,1.837844967842102,1.042244541057906
31,7.464042663574219,-1.5826724767684937,1.8354017734527588,1.041938051249567
31,7.4873809814453125,-1.5892504453659058,1.8331027030944824,1.0419832147833767
31,7.510710716247559,-1.5957432985305786,1.8309500217437744,1.0424047839419548
31,7.5348219871521,-1.6023658514022827,1.828872799873352,1.0430594653420444
31,7.558465957641602,-1.6087712049484253,1.8270035982131958,1.0436879420820877
31,7.581747055053711,-1.6149888038635254,1.825340747833252,1.044425183113621
31,7.6046624183654785,-1.6210187673568726,1.8238890171051025,1.0450284044016884
31,7.627241611480713,-1.626867651939392,1.8226550817489624,1.0451044014486455
31,7.650459289550781,-1.6327844858169556,1.8215996026992798,1.0441746528277256
31,7.673673629760742,-1.6385976076126099,1.8207712173461914,1.0420712431144583
31,7.696881294250488,-1.6443016529083252,1.8201662302017212,1.0386520525236362
31,7.720077991485596,-1.6498900651931763,1.819766640663147,1.034008543926017
31,7.74326229095459,-1.6553521156311035,1.8195481300354004,1.0281051097189713
31,7.766326904296875,-1.6606485843658447,1.8194806575775146,1.021746765351802
31,7.78938102722168,-1.6657865047454834,1.8195308446884155,1.0152497261172113
31,7.81242561340332,-1.6707440614700317,1.8196736574172974,1.0088454927085064
31,7.835463047027588,-1.6754964590072632,1.819892168045044,1.0026601061220561
31,7.858392238616943,-1.6799967288970947,1.820180058479309,0.9966988557616608
31,7.881318092346191,-1.6842409372329712,1.8205392360687256,0.9912262215730216
31,7.90424108505249,-1.6882070302963257,1.8209748268127441,0.9862890335614989
31,7.927157878875732,-1.691878080368042,1.821496605873108,0.9819103295476597
31,7.950065612792969,-1.69524347782135,1.822116494178772,0.9780879950269408
31,7.972958087921143,-1.6983007192611694,1.8228473663330078,0.9747945612716291
31,7.9958295822143555,-1.7010548114776611,1.8237004280090332,0.9719596945260106
31,8.018580436706543,-1.7035090923309326,1.8246822357177734,0.9695278921745591
31,8.041299819946289,-1.7056938409805298,1.8258006572723389,0.9674352114844602
31,8.063985824584961,-1.70763099193573,1.8270559310913086,0.9655941096107895
31,8.08663272857666,-1.709343433380127,1.828444480895996,0.963929822037147
31,8.109237670898438,-1.7108536958694458,1.8299603462219238,0.9623869206986833
31,8.131796836853027,-1.7121821641921997,1.8315953016281128,0.9609323269539366
31,8.15430736541748,-1.7133467197418213,1.8333404064178467,0.9595548662473745
31,8.176767349243164,-1.714361310005188,1.8351871967315674,0.958261813982223
31,8.199176788330078,-1.7152369022369385,1.8371278047561646,0.9570733825348167
31,8.221534729003906,-1.715981125831604,1.839155673980713,0.956030922919999
31,8.243841171264648,-1.7165995836257935,1.8412659168243408,0.9551750290075645
31,8.266095161437988,-1.7170960903167725,1.8434545993804932,0.9545054227272495
31,8.288294792175293,-1.7174735069274902,1.8457192182540894,0.9540412373301524
31,8.310440063476562,-1.717734694480896,1.8480587005615234,0.9537972611625735
31,8.3325777053833,-1.717882513999939,1.8504769802093506,0.9537940885600483
31,8.354660034179688,-1.7179194688796997,1.8529683351516724,0.9540149092480779
31,8.376686096191406,-1.7178497314453125,1.8555315732955933,0.954451825360033
31,8.398656845092773,-1.7176778316497803,1.8581652641296387,0.9550928900916783
31,8.420572280883789,-1.7174092531204224,1.8608670234680176,0.9559239218202713
31,8.442431449890137,-1.7170497179031372,1.8636341094970703,0.9569293035643185
31,8.46423625946045,-1.7166056632995605,1.8664627075195312,0.9581238861918354
31,8.48598861694336,-1.7160835266113281,1.8693480491638184,0.9594755708417706
31,8.507686614990234,-1.7154898643493652,1.87228524684906,0.9609581719597212
31,8.52933406829834,-1.714830756187439,1.8752694129943848,0.9625612238591791
31,8.550930976867676,-1.7141121625900269,1.8782947063446045,0.9642770270953905
31,8.57252025604248,-1.713338017463684,1.881361722946167,0.9661222133717826
31,8.594060897827148,-1.712514877319336,1.8844587802886963,0.9680710683354865
31,8.615555763244629,-1.7116470336914062,1.887580394744873,0.9701204949767732
31,8.637005805969238,-1.7107387781143188,1.8907209634780884,0.9722772484471769
31,8.658416748046875,-1.7097938060760498,1.893875241279602,0.9745557799241704
31,8.679813385009766,-1.7088141441345215,1.8970415592193604,0.9769299196633556
31,8.70120620727539,-1.7078019380569458,1.900216817855835,0.979401201455181
31,8.722596168518066,-1.7067595720291138,1.903396487236023,0.9819800235434684
31,8.743986129760742,-1.7056889533996582,1.9065765142440796,0.9846493423283409
31,8.765374183654785,-1.7045921087265015,1.909752607345581,0.9873926485054437
31,8.786762237548828,-1.703471064567566,1.9129208326339722,0.9902003857296189
31,8.808151245117188,-1.7023274898529053,1.916076898574829,0.9930664173982748
31,8.829541206359863,-1.7011640071868896,1.9192163944244385,0.995980168500385
31,8.850934028625488,-1.6999825239181519,1.9223350286483765,0.9989215192099593
31,8.872328758239746,-1.6987850666046143,1.9254287481307983,1.0018688826291717
31,8.89372730255127,-1.6975733041763306,1.9284930229187012,1.0048207118585288
31,8.915129661560059,-1.6963496208190918,1.9315237998962402,1.0077662256289737
31,8.93653678894043,-1.6951159238815308,1.9345163106918335,1.0106981281361411
31,8.9579496383667,-1.6938743591308594,1.9374665021896362,1.0136097288193866
31,8.979368209838867,-1.692626953125,1.9403702020645142,1.0164941768277096
31,9.00079345703125,-1.6913763284683228,1.9432233572006226,1.0193380791055267
31,9.022226333618164,-1.6901246309280396,1.9460225105285645,1.0221402824744739
31,9.043665885925293,-1.6888734102249146,1.948764443397522,1.0248966096092074
31,9.065113067626953,-1.6876243352890015,1.9514464139938354,1.0276039101263035
31,9.086568832397461,-1.686378836631775,1.9540654420852661,1.0302578644009244
31,9.1080322265625,-1.6851381063461304,1.9566196203231812,1.0328537503035045
31,9.129504203796387,-1.6839032173156738,1.9591070413589478,1.0353862944049836
31,9.150983810424805,-1.6826753616333008,1.96152663230896,1.0378498217551073
31,9.17247200012207,-1.681455373764038,1.9638773202896118,1.0402274378909988
31,9.193968772888184,-1.6802444458007812,1.9661586284637451,1.0425061955081945
31,9.215472221374512,-1.6790441274642944,1.9683704376220703,1.0446823349520171
31,9.236984252929688,-1.677855372428894,1.970512866973877,1.0467577205949674
31,9.258502960205078,-1.676679253578186,1.972585916519165,1.048726617643871
31,9.280029296875,-1.6755163669586182,1.9745895862579346,1.0505836743063686
31,9.301563262939453,-1.6743676662445068,1.9765242338180542,1.0523166884821387
31,9.323102951049805,-1.6732333898544312,1.9783893823623657,1.0539113799974271
31,9.344650268554688,-1.6721142530441284,1.9801855087280273,1.0553739445121981
31,9.366203308105469,-1.6710106134414673,1.9819127321243286,1.0567152179633208
31,9.387763023376465,-1.669922947883606,1.983571171760559,1.0579368424152302
31,9.40932846069336,-1.6688511371612549,1.9851610660552979,1.059041068133901
31,9.430899620056152,-1.667795181274414,1.9866830110549927,1.0600306943790492
31,9.452476501464844,-1.6667544841766357,1.9881377220153809,1.0609085349648366
31,9.474058151245117,-1.6657283306121826,1.9895257949829102,1.0616715632645564
31,9.495644569396973,-1.6647158861160278,1.9908486604690552,1.0623106087968113
31,9.51723575592041,-1.663716197013855,1.99210786819458,1.0628461370901532
31,9.538829803466797,-1.6627278327941895,1.9933048486709595,1.0632812842682577
31,9.560428619384766,-1.6617494821548462,1.9944413900375366,1.0636178948121175
31,9.58203125,-1.6607797145843506,1.9955192804336548,1.0638582004440176
31,9.603636741638184,-1.659817099571228,1.9965401887893677,1.0640046124895741
31,9.625244140625,-1.658860683441162,1.997505784034729,1.0640605029114174
31,9.646854400634766,-1.6579092741012573,1.9984173774719238,1.0640139959405013
31,9.66846752166748,-1.6569619178771973,1.999276041984558,1.0638873927887407
31,9.690082550048828,-1.6560181379318237,2.00008225440979,1.063688595627302
31,9.711699485778809,-1.6550770998001099,2.0008366107940674,1.063423859374883
31,9.733318328857422,-1.654138207435608,2.0015389919281006,1.0630996542821547
31,9.754939079284668,-1.6532009840011597,2.0021889209747314,1.0627211428941417
31,9.77656078338623,-1.6522645950317383,2.002786159515381,1.0622932374528495
31,9.798184394836426,-1.6513279676437378,2.0033304691314697,1.0618123938947521
31,9.819809913635254,-1.6503902673721313,2.00382137298584,1.0612810017180858
31,9.841435432434082,-1.6494500637054443,2.004258632659912,1.0606989761933754
31,9.863061904907227,-1.648505449295044,2.004642963409424,1.0600666416802846
31,9.884689331054688,-1.647554874420166,2.004974365234375,1.059384993090685
31,9.906316757202148,-1.6465964317321777,2.005254030227661,1.0586515273844213
31,9.927945137023926,-1.6456284523010254,2.005483627319336,1.0578636905140635
31,9.949572563171387,-1.6446492671966553,2.005664110183716,1.057018031061856
31,9.971199989318848,-1.6436573266983032,2.0057973861694336,1.0561051911605708
31,9.992827415466309,-1.6426513195037842,2.005884885787964,1.055137264411791
31,10.014452934265137,-1.6416301727294922,2.005927324295044,1.0541156035783787
31,10.036079406738281,-1.6405926942825317,2.0059263706207275,1.0530416759820174
31,10.057703971862793,-1.639538288116455,2.005882501602173,1.0519166021326711
31,10.079327583312988,-1.6384660005569458,2.0057966709136963,1.0507404539068026
31,10.100951194763184,-1.6373752355575562,2.005669116973877,1.0495130938260264
31,10.12257194519043,-1.6362652778625488,2.005500555038452,1.04822519704204
31,10.144192695617676,-1.6351354122161865,2.005290985107422,1.0468789476348728
31,10.165818214416504,-1.6339846849441528,2.0050406455993652,1.0454711737177702
31,10.187512397766113,-1.6328086853027344,2.004748582839966,1.0439920281335295
31,10.209528923034668,-1.6315923929214478,2.004410743713379,1.0424218872527546
31,10.232447624206543,-1.630300760269165,2.0040149688720703,1.0407211812309545
31,10.257074356079102,-1.628882884979248,2.0035407543182373,1.0387933715322208
31,10.281699180603027,-1.627433180809021,2.003016710281372,1.0367785539163434
31,10.308552742004395,-1.625814437866211,2.002390146255493,1.0345125862236881
31,10.337379455566406,-1.6240309476852417,2.0016539096832275,1.0318960383890508
31,10.36620044708252,-1.6221983432769775,2.000852108001709,1.0291516705638666
31,10.396186828613281,-1.6202367544174194,1.999948263168335,1.026163343463404
31,10.426165580749512,-1.6182172298431396,1.9989725351333618,1.0229408149802939
31,10.456583023071289,-1.616106390953064,1.9979074001312256,1.0195664681496568
31,10.487092018127441,-1.6139236688613892,1.996760606765747,1.0159703646392655
31,10.517593383789062,-1.6116739511489868,1.9955334663391113,1.0122270154476547
31,10.548095703125,-1.6093536615371704,1.994221568107605,1.008372665396163
31,10.578588485717773,-1.6069611310958862,1.9928221702575684,1.0043114955014123
31,10.609071731567383,-1.6044937372207642,1.9913309812545776,1.0001754214298173
31,10.639542579650879,-1.6019487380981445,1.9897425174713135,0.9959086426519865
31,10.670001029968262,-1.5993236303329468,1.9880528450012207,0.9915444967649515
31,10.700447082519531,-1.596614956855774,1.9862550497055054,0.9871187552185541
31,10.730877876281738,-1.5938193798065186,1.9843435287475586,0.9825798868067591
31,10.761292457580566,-1.5909337997436523,1.9823123216629028,0.9780267606924263
31,10.791688919067383,-1.5879545211791992,1.9801537990570068,0.9734450132525015
31,10.822066307067871,-1.5848782062530518,1.9778625965118408,0.9688589096381256
31,10.852422714233398,-1.5817004442214966,1.975431203842163,0.9643063711009396
31,10.882755279541016,-1.5784170627593994,1.9728533029556274,0.959793621958914
31,10.91306209564209,-1.5750235319137573,1.9701236486434937,0.9553609957296275
31,10.943341255187988,-1.5715135335922241,1.9672359228134155,0.9510023508098755
31,10.973590850830078,-1.567881464958191,1.9641870260238647,0.9467784639532228
31,11.003807067871094,-1.5641216039657593,1.960973858833313,0.9426869186679822
31,11.033988952636719,-1.560227632522583,1.957595944404602,0.9387796459192876
31,11.064132690429688,-1.5561933517456055,1.9540537595748901,0.9350490915926927
31,11.094237327575684,-1.5520106554031372,1.9503506422042847,0.9315098773888942
31,11.124300956726074,-1.5476725101470947,1.9464918375015259,0.9281893275010101
31,11.154319763183594,-1.5431694984436035,1.9424865245819092,0.9250453427760106
31,11.184295654296875,-1.5384935140609741,1.938348412513733,0.9221104297993794
31,11.214225769042969,-1.533638834953308,1.9340916872024536,0.9193191678733111
31,11.24411392211914,-1.5285979509353638,1.929738998413086,0.9166821544720729
31,11.273957252502441,-1.523364782333374,1.9253101348876953,0.9141608370614595
31,11.303765296936035,-1.5179311037063599,1.9208341836929321,0.9117185129134933
31,11.333558082580566,-1.5122895240783691,1.916341781616211,0.9093069700798027
31,11.363313674926758,-1.5064424276351929,1.911863923072815,0.9068353074510753
31,11.393099784851074,-1.5003794431686401,1.9074318408966064,0.9042834549366985
31,11.422857284545898,-1.4941141605377197,1.9030853509902954,0.9016052663804635
31,11.452726364135742,-1.487621784210205,1.8988479375839233,0.8988164346748513
31,11.482818603515625,-1.4808815717697144,1.8947434425354004,0.8956346580971516
31,11.512893676757812,-1.4739514589309692,1.8908393383026123,0.8922394984927747
31,11.548091888427734,-1.4656157493591309,1.886576771736145,0.8877148588571193
31,11.583284378051758,-1.4570679664611816,1.8827028274536133,0.882612189517976
31,11.618474006652832,-1.4483351707458496,1.8792396783828735,0.8772302337510359
31,11.682236671447754,-1.432112216949463,1.8741463422775269,0.8666413878689155
31,11.751669883728027,-1.41402006149292,1.870603084564209,0.8536518476678129
31,11.877303123474121,-1.381350040435791,1.8695238828659058,0.8270398255274735
31,11.95114803314209,-1.3624824285507202,1.8721462488174438,0.8104253578456134
31,12.076882362365723,-1.3315479755401611,1.8814966678619385,0.7781742526787523
31,12.194869041442871,-1.3044909238815308,1.8950977325439453,0.7446076688141181
31,12.313223838806152,-1.2793956995010376,1.9119534492492676,0.7056664386636319
31,12.346108436584473,-1.272808313369751,1.9171165227890015,0.6947698332902361
32,0.015058604069054127,-0.57300865650177,0.5679022073745728,1.0013578056909345
32,0.11781233549118042,-0.573017418384552,0.5692487359046936,1.004428329626798
32,0.2205587923526764,-0.5730310678482056,0.5710663795471191,1.0090667559494837
32,0.32991886138916016,-0.573052704334259,0.5735605955123901,1.0143020973041383
32,0.4439970552921295,-0.5730844140052795,0.576575517654419,1.0190898816476803
32,0.5580655932426453,-0.5731258392333984,0.5799362063407898,1.0238953006776919
32,0.6756513118743896,-0.5731775164604187,0.5837706923484802,1.0288564916666543
32,0.7957773208618164,-0.5732411742210388,0.5879526138305664,1.034289909936611
32,0.915897786617279,-0.5733162760734558,0.592292070388794,1.039428982888682
32,1.0373244285583496,-0.5734008550643921,0.5966503024101257,1.0443495856680387
32,1.1587551832199097,-0.5734934210777283,0.6008908152580261,1.047492759133926
32,1.280786156654358,-0.5735945105552673,0.6049481630325317,1.0497833096158913
32,1.4030439853668213,-0.573710560798645,0.6088538765907288,1.0501925406780153
32,1.525304913520813,-0.5738438367843628,0.6126609444618225,1.0498602010481592
32,1.6476284265518188,-0.5739920735359192,0.6165214776992798,1.0490971430748313
32,1.7699472904205322,-0.574155867099762,0.6205236315727234,1.0485494623009965
32,1.8922723531723022,-0.5743359923362732,0.6247521042823792,1.048368473697653
32,2.0145890712738037,-0.574532687664032,0.6292776465415955,1.0487840710411513
32,2.1368942260742188,-0.574745774269104,0.6341013312339783,1.0499058399476728
32,2.2591896057128906,-0.5749737024307251,0.6391705274581909,1.051331104899964
32,2.381477117538452,-0.5752180218696594,0.644432544708252,1.0527017503629121
32,2.503800868988037,-0.5754803419113159,0.6498539447784424,1.0539265638859738
32,2.626116991043091,-0.5757628083229065,0.6554453372955322,1.0549994115738996
32,2.7484259605407715,-0.5760667324066162,0.6611906290054321,1.0559137641840892
32,2.8707289695739746,-0.576393723487854,0.6670557260513306,1.0566338921129363
32,2.993027687072754,-0.5767418146133423,0.6730142831802368,1.056491771699748
32,3.115320920944214,-0.5771089792251587,0.6790808439254761,1.055862775483748
32,3.237602472305298,-0.5774898529052734,0.6853756904602051,1.054843426663142
32,3.359865665435791,-0.5778814554214478,0.6920201778411865,1.053874703774292
32,3.482100486755371,-0.5782803297042847,0.6991636157035828,1.0528154532634661
32,3.6043002605438232,-0.5786828398704529,0.7068843245506287,1.0512664470977917
32,3.7264597415924072,-0.5790882706642151,0.7152195572853088,1.048137647967097
32,3.848557472229004,-0.579497754573822,0.7241545915603638,1.0444137042835644
32,3.9706192016601562,-0.5799160003662109,0.7335700392723083,1.038244226955675
32,4.092444896697998,-0.5803482532501221,0.7432758212089539,1.0318564134974257
32,4.213205337524414,-0.5808008909225464,0.7527823448181152,1.0242503031282884
32,4.333996772766113,-0.5812868475914001,0.7618849277496338,1.0160236566692074
32,4.4516119956970215,-0.5818073153495789,0.7699007987976074,1.0078151170034684
32,4.562972545623779,-0.5823636651039124,0.7763415575027466,0.9988377816520864
32,4.674405097961426,-0.5830015540122986,0.7813541293144226,0.9892448199717775
32,4.777429580688477,-0.583693265914917,0.7843603491783142,0.979812067788432
32,4.873294353485107,-0.5844551920890808,0.785522997379303,0.9705254015634494
32,4.969163417816162,-0.5853604078292847,0.7849639058113098,0.9613392904809616
32,5.063024520874023,-0.5864155292510986,0.7826918363571167,0.952776543318028
32,5.1568284034729,-0.5876650810241699,0.778761088848114,0.9449091876758204
32,5.253415107727051,-0.5891822576522827,0.7731217741966248,0.9377897113680435
32,5.352336883544922,-0.5910036563873291,0.7658944129943848,0.9319353760639554
32,5.4511566162109375,-0.593113899230957,0.7574533224105835,0.9273985980313889
32,5.552423000335693,-0.5955994725227356,0.7478008270263672,0.9236936423585181
32,5.65505313873291,-0.5984571576118469,0.7372249960899353,0.9218091091361008
32,5.758460521697998,-0.6016874313354492,0.7259323596954346,0.9219133032645026
32,5.862045764923096,-0.6052936911582947,0.714103639125824,0.9242484878797235
32,5.9655656814575195,-0.6092956066131592,0.7018417716026306,0.9294361251769037
32,6.068678855895996,-0.6137098073959351,0.6892156600952148,0.9372213831373306
32,6.17084264755249,-0.6185423731803894,0.6762807369232178,0.9455716543945158
32,6.270260334014893,-0.6237089037895203,0.6632473468780518,0.9563986219803586
32,6.367781162261963,-0.629226565361023,0.6499876976013184,0.9697219931474022
32,6.463462829589844,-0.6350720524787903,0.6364837288856506,0.9857971028680969
32,6.557418346405029,-0.641221284866333,0.622739851474762,1.0044251432879123
32,6.651277542114258,-0.64775151014328,0.6085183620452881,1.0276586742241023
32,6.745249271392822,-0.6545746922492981,0.5937286615371704,1.0561578083101308
32,6.769444465637207,-0.6563884019851685,0.5898342728614807,1.063627748047047
32,6.7925801277160645,-0.6581372618675232,0.5860818028450012,1.0706958626664078
32,6.815517902374268,-0.6598851084709167,0.5823372006416321,1.077856211472453
32,6.838313102722168,-0.6616357564926147,0.5785962343215942,1.08516917905177
32,6.861011981964111,-0.6633926033973694,0.5748564004898071,1.092414752695682
32,6.8837080001831055,-0.6651630401611328,0.5711062550544739,1.0999056301270231
32,6.906227111816406,-0.6669333577156067,0.567378044128418,1.107464987197427
32,6.9286909103393555,-0.6687130928039551,0.5636553168296814,1.1151325851336975
32,6.951108455657959,-0.6705028414726257,0.5599398016929626,1.122914253038542
32,6.973485469818115,-0.6723031401634216,0.5562334060668945,1.130782957758357
32,6.995907306671143,-0.6741207242012024,0.5525248646736145,1.1387515947910276
32,7.018315315246582,-0.6759508848190308,0.5488263964653015,1.1468537501635236
32,7.040767192840576,-0.6777980923652649,0.5451313257217407,1.1549941709117926
32,7.063050270080566,-0.6796448826789856,0.5414772033691406,1.1630541856881793
32,7.085334300994873,-0.6815052032470703,0.5378385186195374,1.1711119563679346
32,7.107659816741943,-0.6833820939064026,0.5342115163803101,1.1792120188244515
32,7.129964351654053,-0.6852701902389526,0.5306086540222168,1.187405318092555
32,7.152166366577148,-0.6871622800827026,0.5270450115203857,1.1955143823636023
32,7.174478530883789,-0.6890762448310852,0.5234888792037964,1.2036501380083047
32,7.196776866912842,-0.6910014152526855,0.5199618339538574,1.211786761970836
32,7.219063758850098,-0.692937970161438,0.5164650678634644,1.219906432711076
32,7.241341590881348,-0.6948860287666321,0.5129998326301575,1.2280109557658194
32,7.263611316680908,-0.696845531463623,0.5095676183700562,1.2360613780974354
32,7.285808563232422,-0.698810875415802,0.5061798691749573,1.243935763687616
32,7.308000087738037,-0.7007876634597778,0.5028284788131714,1.2518164894876886
32,7.330280303955078,-0.7027832269668579,0.499502569437027,1.2598202331927506
32,7.3525238037109375,-0.704785168170929,0.4962250888347626,1.268139646570922
32,7.375246524810791,-0.7068372964859009,0.4929262697696686,1.2760863054319218
32,7.397975921630859,-0.7088934183120728,0.48968130350112915,1.284191436845847
32,7.420572757720947,-0.7109365463256836,0.4865170121192932,1.2924054771050666
32,7.443060398101807,-0.7129631638526917,0.483438104391098,1.3006717552719078
32,7.465467929840088,-0.7149696350097656,0.4804500341415405,1.3089239995285429
32,7.487828254699707,-0.7169517874717712,0.47755977511405945,1.3170903339065658
32,7.510203838348389,-0.7189087271690369,0.47477102279663086,1.325022712039609
32,7.532537937164307,-0.7208298444747925,0.472102552652359,1.3324728591572848
32,7.5548272132873535,-0.7227099537849426,0.4695664644241333,1.3395632415896224
32,7.5770745277404785,-0.7245458960533142,0.46717172861099243,1.3462157014374057
32,7.599282264709473,-0.7263367176055908,0.4649251699447632,1.3523395981640867
32,7.621464729309082,-0.728084146976471,0.46282944083213806,1.3579069347009325
32,7.643614768981934,-0.729790449142456,0.460886150598526,1.3628910863543968
32,7.6657795906066895,-0.7314635515213013,0.4590887129306793,1.3672260912760756
32,7.687954425811768,-0.7331087589263916,0.4574325382709503,1.3710517861785456
32,7.710140228271484,-0.7347319722175598,0.45591047406196594,1.3744379830731464
32,7.732335567474365,-0.7363393902778625,0.4545138478279114,1.3774633346606968
32,7.7545390129089355,-0.7379363775253296,0.4532335102558136,1.3802108515772133
32,7.776748180389404,-0.7395272850990295,0.4520605504512787,1.3827629316122474
32,7.7989630699157715,-0.7411154508590698,0.4509868025779724,1.3851956278413002
32,7.8211822509765625,-0.742702841758728,0.45000535249710083,1.387575112895923
32,7.843405246734619,-0.7442905306816101,0.44911035895347595,1.3899555262112007
32,7.865631103515625,-0.7458785772323608,0.44829732179641724,1.3923829269165542
32,7.88785982131958,-0.7474665641784668,0.447562575340271,1.394881764955795
32,7.910090923309326,-0.7490534782409668,0.44690296053886414,1.3974590779389344
32,7.932323932647705,-0.7506381273269653,0.4463154077529907,1.4001042007852893
32,7.954559326171875,-0.7522189021110535,0.44579628109931946,1.402796081900355
32,7.9767961502075195,-0.7537943124771118,0.44534146785736084,1.4055122050116946
32,7.999034881591797,-0.7553628087043762,0.44494593143463135,1.4082032653185839
32,8.02127456665039,-0.7569230198860168,0.44460365176200867,1.41080327096024
32,8.043516159057617,-0.7584735751152039,0.44430747628211975,1.4132311292067394
32,8.065759658813477,-0.7600134015083313,0.44405001401901245,1.4153456757779366
32,8.088003158569336,-0.7615419626235962,0.44382381439208984,1.417092586351379
32,8.110247611999512,-0.7630592584609985,0.44362205266952515,1.4184289935168193
32,8.132493019104004,-0.7645660638809204,0.4434385597705841,1.4193472609858697
32,8.154739379882812,-0.7660636305809021,0.4432683289051056,1.419870671841373
32,8.176986694335938,-0.7675538063049316,0.44310739636421204,1.4200447914397016
32,8.199234008789062,-0.7690388560295105,0.4429521858692169,1.4199259112597187
32,8.221481323242188,-0.7705208659172058,0.44279980659484863,1.4195674021021585
32,8.243728637695312,-0.7720020413398743,0.4426473379135132,1.4189226460257296
32,8.265975952148438,-0.7734842896461487,0.44249215722084045,1.4180667431682503
32,8.288223266601562,-0.7749691009521484,0.4423317015171051,1.4170925823260092
32,8.310470581054688,-0.7764575481414795,0.44216322898864746,1.4160265512609782
32,8.332716941833496,-0.7779504060745239,0.441984087228775,1.4149370478179217
32,8.354963302612305,-0.7794480323791504,0.44179266691207886,1.4139179569565403
32,8.377209663391113,-0.7809501886367798,0.4415874481201172,1.4131046603797686
32,8.399455070495605,-0.7824565172195435,0.44136589765548706,1.4126446219729234
32,8.421699523925781,-0.7839664816856384,0.44112277030944824,1.4126446685616734
32,8.443943977355957,-0.7854798436164856,0.44084838032722473,1.4131354947488686
32,8.466187477111816,-0.7869961261749268,0.4405280351638794,1.41412252540346
32,8.488429069519043,-0.7885138392448425,0.4401401877403259,1.4153502764002777
32,8.510669708251953,-0.7900288701057434,0.4396587610244751,1.416442034242831
32,8.53290843963623,-0.7915313839912415,0.43906593322753906,1.417149582244395
32,8.555147171020508,-0.7930054664611816,0.4383787214756012,1.4175373896850683
32,8.577386856079102,-0.7944380640983582,0.43765005469322205,1.4178143073204406
32,8.599629402160645,-0.7958211898803711,0.4369467794895172,1.4180850450440197
32,8.621878623962402,-0.7971509695053101,0.4363357722759247,1.4183045440204982
32,8.644126892089844,-0.7984296679496765,0.43588119745254517,1.4187231821839001
32,8.666302680969238,-0.7996639013290405,0.43562889099121094,1.4196339896917174
32,8.688481330871582,-0.8008766174316406,0.4355884790420532,1.421463033907881
32,8.710528373718262,-0.8020813465118408,0.43572333455085754,1.424204120559619
32,8.732462882995605,-0.8032899498939514,0.43596386909484863,1.4270952870479223
32,8.754284858703613,-0.804501473903656,0.4362393617630005,1.4298809172044822
32,8.775992393493652,-0.8057118654251099,0.4365137815475464,1.4327234935448123
32,8.797585487365723,-0.8069161772727966,0.43679025769233704,1.4354803866407677
32,8.819062232971191,-0.808104932308197,0.43710237741470337,1.4375921722424754
32,8.84042739868164,-0.8092637658119202,0.4374857246875763,1.4385087521519575
32,8.861712455749512,-0.810379147529602,0.43795159459114075,1.4378601207489752
32,8.882936477661133,-0.8114408850669861,0.43848469853401184,1.4355781603176352
32,8.904095649719238,-0.8124437928199768,0.4390515685081482,1.43208963305644
32,8.925189018249512,-0.8133865594863892,0.4396152198314667,1.4279740188471284
32,8.946215629577637,-0.8142666816711426,0.4401467442512512,1.4233531011763056
32,8.96721076965332,-0.8150809407234192,0.4406285285949707,1.4183068205851737
32,8.988140106201172,-0.8158223032951355,0.4410513937473297,1.4127415635381806
32,9.009014129638672,-0.8164856433868408,0.4414162039756775,1.40666321232674
32,9.029878616333008,-0.8170668482780457,0.44173142313957214,1.4001861398241617
32,9.050732612609863,-0.8175607323646545,0.44200971722602844,1.3934939606388106
32,9.071578979492188,-0.8179622888565063,0.4422673285007477,1.3867604079421183
32,9.09241771697998,-0.818267285823822,0.44252365827560425,1.3800862134852303
32,9.113249778747559,-0.8184728622436523,0.4428003132343292,1.373494225238696
32,9.134076118469238,-0.8185780644416809,0.443122535943985,1.3670113620311415
32,9.15489673614502,-0.818583607673645,0.44353073835372925,1.3603319739492064
32,9.17570972442627,-0.8184895515441895,0.4440808594226837,1.35274168379986
32,9.196516990661621,-0.8182957768440247,0.44481921195983887,1.3440668457605496
32,9.217264175415039,-0.8180068731307983,0.445772647857666,1.3346198791826571
32,9.238001823425293,-0.8176327347755432,0.44696640968322754,1.324816090442914
32,9.258727073669434,-0.8171913027763367,0.4484277367591858,1.3151401826420643
32,9.279436111450195,-0.8167098164558411,0.4501917362213135,1.30605753559531
32,9.300130844116211,-0.8162213563919067,0.4523089528083801,1.298136085447899
32,9.320839881896973,-0.8157520294189453,0.4548614025115967,1.2922433774709796
32,9.341485977172852,-0.8153036236763,0.4579618275165558,1.289934282871752
32,9.362031936645508,-0.8148505091667175,0.4617461860179901,1.2927287829109364
32,9.382433891296387,-0.8143619894981384,0.46630939841270447,1.3008546829704837
32,9.402664184570312,-0.813816487789154,0.47163689136505127,1.3124344020015821
32,9.422751426696777,-0.8132100701332092,0.4776054620742798,1.3235281338724678
32,9.442729949951172,-0.8125761151313782,0.48399093747138977,1.3303070681581954
32,9.462674140930176,-0.811957597732544,0.4905480742454529,1.331748714100941
32,9.482645988464355,-0.811379075050354,0.49709323048591614,1.329042154326351
32,9.50272274017334,-0.8108760714530945,0.5035131573677063,1.3236422304057875
32,9.522902488708496,-0.8105063438415527,0.5096859335899353,1.3163021890410913
32,9.543206214904785,-0.8103308081626892,0.5155256986618042,1.3079364986168351
32,9.563641548156738,-0.8104045391082764,0.5209783911705017,1.2995552863847453
32,9.584203720092773,-0.8107690215110779,0.5260227918624878,1.2918822851628926
32,9.604877471923828,-0.8114510178565979,0.5306609869003296,1.2850577832296255
32,9.625676155090332,-0.8124664425849915,0.5349164009094238,1.279221616737468
32,9.646550178527832,-0.8138108253479004,0.538814902305603,1.2746498217798128
32,9.667485237121582,-0.8154682517051697,0.5423964262008667,1.2711420343878295
32,9.688467025756836,-0.8174154758453369,0.5457041263580322,1.2684610028571743
32,9.709485054016113,-0.819624662399292,0.5487816333770752,1.266382375329513
32,9.7305326461792,-0.8220661282539368,0.5516714453697205,1.2647164923046847
32,9.751604080200195,-0.8247094750404358,0.5544144511222839,1.2633204209079734
32,9.772696495056152,-0.8275251388549805,0.5570496916770935,1.2620529614862113
32,9.7938232421875,-0.8304856419563293,0.55961674451828,1.260848153221755
32,9.814966201782227,-0.8335580825805664,0.5621501803398132,1.2595797734210696
32,9.836128234863281,-0.8367108106613159,0.5646815299987793,1.2581595608506673
32,9.857319831848145,-0.8399143815040588,0.5672367811203003,1.2563102058536404
32,9.878533363342285,-0.8431423902511597,0.569831371307373,1.2543294769311362
32,9.899771690368652,-0.8463754653930664,0.5724782943725586,1.2522238284009013
32,9.921005249023438,-0.8495926260948181,0.5751841068267822,1.249946597971435
32,9.942239761352539,-0.8527795076370239,0.5779585838317871,1.2474855224924462
32,9.963471412658691,-0.8559207916259766,0.5808084011077881,1.2448735924209986
32,9.984700202941895,-0.8590033650398254,0.583737850189209,1.2421145057770724
32,10.005928039550781,-0.8620159029960632,0.586747944355011,1.2392083763977677
32,10.027154922485352,-0.864949107170105,0.5898374915122986,1.2361594547375563
32,10.048382759094238,-0.8677945733070374,0.5930028557777405,1.2324823682747983
32,10.069613456726074,-0.8705456852912903,0.5962383151054382,1.2285818749842918
32,10.090846061706543,-0.8731976747512817,0.5995362997055054,1.2245359431471297
32,10.112083435058594,-0.8757472038269043,0.6028873324394226,1.2203475762148384
32,10.133326530456543,-0.8781920075416565,0.6062814593315125,1.216014708639662
32,10.154582977294922,-0.8805314898490906,0.609708845615387,1.211579788793164
32,10.17591667175293,-0.8827713131904602,0.6131685972213745,1.2070370256521155
32,10.197578430175781,-0.8849340677261353,0.6166898608207703,1.2020089446144824
32,10.219250679016113,-0.8869843482971191,0.6202091574668884,1.1966500141627103
32,10.241827964782715,-0.8890003561973572,0.6238582134246826,1.1911272797258836
32,10.266106605529785,-0.8910355567932129,0.6277485489845276,1.185322917060431
32,10.292606353759766,-0.893104612827301,0.6319392919540405,1.179054352447103
32,10.31912899017334,-0.8950203657150269,0.6360618472099304,1.1729972562073656
32,10.347630500793457,-0.8969128727912903,0.6403934955596924,1.1666458111187803
32,10.37615966796875,-0.8986365795135498,0.6446138620376587,1.159945181510229
32,10.405876159667969,-0.9002547264099121,0.648870587348938,1.1532954846591406
32,10.436063766479492,-0.9017206430435181,0.6530353426933289,1.1468554660133512
32,10.46628189086914,-0.9030133485794067,0.6570333242416382,1.140811075500863
32,10.496628761291504,-0.9041452407836914,0.6608660817146301,1.1350712283453361
32,10.527003288269043,-0.9051172733306885,0.6645146012306213,1.1298585549803943
32,10.557415008544922,-0.9059359431266785,0.6679747104644775,1.124646153960815
32,10.587850570678711,-0.9066070914268494,0.6712439060211182,1.119903280348546
32,10.61830997467041,-0.9071359038352966,0.6743215918540955,1.1156016900712635
32,10.648788452148438,-0.9075314998626709,0.6772112846374512,1.1115907888556373
32,10.679286003112793,-0.907800018787384,0.679916501045227,1.1081646697737786
32,10.709799766540527,-0.90794837474823,0.6824419498443604,1.1049551243686246
32,10.740327835083008,-0.9079849720001221,0.6847956776618958,1.1021135330309961
32,10.770868301391602,-0.907914936542511,0.6869825720787048,1.099603999810045
32,10.801419258117676,-0.907747209072113,0.6890128254890442,1.0972467365390632
32,10.831978797912598,-0.9074881672859192,0.6908947825431824,1.0952331272280966
32,10.86254596710205,-0.9071428179740906,0.6926364302635193,1.0932908175696425
32,10.893118858337402,-0.9067193865776062,0.6942498683929443,1.0915503457223792
32,10.923696517944336,-0.9062227010726929,0.6957425475120544,1.0900361186313894
32,10.954278945922852,-0.9056598544120789,0.697126030921936,1.0885957861526103
32,10.984864234924316,-0.9050365686416626,0.6984111666679382,1.0873596044889544
32,11.01545238494873,-0.9043570160865784,0.6996060609817505,1.086198946730526
32,11.046041488647461,-0.9036266207695007,0.7007229328155518,1.085112224372934
32,11.076632499694824,-0.9028486609458923,0.7017696499824524,1.084148912570778
32,11.107224464416504,-0.9020270109176636,0.7027561664581299,1.0832023784549452
32,11.137816429138184,-0.901165246963501,0.7036921977996826,1.0823239468507662
32,11.168408393859863,-0.9002655744552612,0.7045841813087463,1.0814677451574108
32,11.19900131225586,-0.8993310928344727,0.7054413557052612,1.0806134061228736
32,11.229594230651855,-0.8983635902404785,0.7062692642211914,1.0797842868616132
32,11.260187149047852,-0.8973647952079773,0.7070733904838562,1.0789428467398088
32,11.290788650512695,-0.8963358998298645,0.7078591585159302,1.0781038035565529
32,11.321389198303223,-0.8952779769897461,0.7086290717124939,1.0772530308936825
32,11.35201358795166,-0.8941912055015564,0.7093873023986816,1.0763858253937277
32,11.382702827453613,-0.8930742740631104,0.7101368308067322,1.0755144204135791
32,11.413392066955566,-0.8919299244880676,0.7108774185180664,1.0746183707586552
32,11.444219589233398,-0.8907531499862671,0.7116132378578186,1.073693498327512
32,11.475046157836914,-0.8895493149757385,0.71234130859375,1.0727456152893589
32,11.506122589111328,-0.8883082270622253,0.7130679488182068,1.0717641785929644
32,11.542503356933594,-0.8868203163146973,0.7139071822166443,1.0705677197924255
32,11.57888126373291,-0.8852903246879578,0.7147324681282043,1.0684571346562726
32,11.644793510437012,-0.8824093341827393,0.7161780595779419,1.0656709104616546
32,11.710700988769531,-0.8793925642967224,0.7175377607345581,1.0628156282565713
32,11.782444953918457,-0.8759408593177795,0.7188903093338013,1.0583776358935253
32,11.912078857421875,-0.869183361530304,0.720842719078064,1.0501606220570623
32,11.956689834594727,-0.8667028546333313,0.721339762210846,1.0475552360438904
33,1.7306030988693237,-0.4697851240634918,2.3998236656188965,1.0063021981249343
33,1.8530579805374146,-0.4698772132396698,2.4017486572265625,1.0069677388826355
33,1.9755147695541382,-0.4699786305427551,2.4038023948669434,1.0076160743219211
33,2.0979690551757812,-0.47008994221687317,2.4059908390045166,1.0082477580498352
33,2.220421314239502,-0.47021156549453735,2.4083259105682373,1.0088543970351087
33,2.3428704738616943,-0.4703438878059387,2.410818099975586,1.0094144239363798
33,2.465315818786621,-0.47048723697662354,2.4134857654571533,1.0099499658880873
33,2.587756633758545,-0.4706420600414276,2.416353225708008,1.0104204876425085
33,2.7101922035217285,-0.47080865502357483,2.4194412231445312,1.010854075483384
33,2.832620859146118,-0.47098761796951294,2.4227867126464844,1.01125128321382
33,2.9550411701202393,-0.47117936611175537,2.426419734954834,1.0116028006784987
33,3.077451467514038,-0.4713844358921051,2.430379629135132,1.0119558225627507
33,3.1998491287231445,-0.4716034233570099,2.4347097873687744,1.012328961318654
33,3.322232246398926,-0.4718369245529175,2.4394371509552,1.012783221986104
33,3.4445977210998535,-0.47208601236343384,2.4445955753326416,1.0133074314076158
33,3.5669443607330322,-0.47235244512557983,2.450181722640991,1.0140810646829528
33,3.6892716884613037,-0.47263845801353455,2.4561784267425537,1.0149920826278511
33,3.81156325340271,-0.4729480743408203,2.4624850749969482,1.0161431858989438
33,3.933842897415161,-0.4732823967933655,2.469017744064331,1.0172684953354305
33,4.055900573730469,-0.4736400842666626,2.475597858428955,1.0183567489630692
33,4.176869869232178,-0.4740155339241028,2.4820592403411865,1.019087817894347
33,4.297848224639893,-0.47440990805625916,2.4883553981781006,1.019605248315054
33,4.415598392486572,-0.474812388420105,2.4941930770874023,1.0198352699763655
33,4.5333662033081055,-0.4752342700958252,2.499652147293091,1.0193331649288904
33,4.644819259643555,-0.4756528437137604,2.5043559074401855,1.018349770437752
33,4.747823715209961,-0.47605711221694946,2.5082154273986816,1.0167547407597026
33,4.850846290588379,-0.4764781892299652,2.5115480422973633,1.0140414253658199
33,4.9459967613220215,-0.4768809676170349,2.514113426208496,1.0106605438245995
33,5.035965919494629,-0.4772713780403137,2.5160703659057617,1.0065383061021491
33,5.123509407043457,-0.4776552617549896,2.517549753189087,1.001564738869193
33,5.210273742675781,-0.4780304729938507,2.5186374187469482,0.9956435791308369
33,5.296886444091797,-0.4783822298049927,2.519406318664551,0.9886582640629072
33,5.383501052856445,-0.4786883294582367,2.5199241638183594,0.9801595336485756
33,5.470525741577148,-0.4789232313632965,2.520263195037842,0.9700526900873542
33,5.5604329109191895,-0.4790566861629486,2.520508050918579,0.9577268866246491
33,5.654139041900635,-0.4790254533290863,2.520770311355591,0.9425558979276784
33,5.7478437423706055,-0.47873616218566895,2.521219491958618,0.9247913389037132
33,5.848437786102295,-0.4779819846153259,2.522217035293579,0.9010120584809695
33,5.949007987976074,-0.4765159487724304,2.524198055267334,0.87196638996044
33,6.017345905303955,-0.4749116599559784,2.526446580886841,0.8502433207261257
33,6.122570514678955,-0.4708670377731323,2.532423973083496,0.8126097643886804
33,6.18438720703125,-0.46717506647109985,2.5379867553710938,0.7889663901246953
33,6.289588451385498,-0.45704302191734314,2.553258180618286,0.7600702669754075
33,6.360352039337158,-0.4463455080986023,2.5700554847717285,0.7639912687195876
33,6.460244655609131,-0.42648613452911377,2.6041946411132812,0.8070871014821498
33,6.556020736694336,-0.4064369797706604,2.6473231315612793,0.9087429488844453
33,6.6013078689575195,-0.3976134657859802,2.6680235862731934,0.983227302306161
33,6.637156963348389,-0.390903115272522,2.6835649013519287,1.0319532172925454
33,6.666899681091309,-0.385562002658844,2.6958277225494385,1.0726217214121536
33,6.716907978057861,-0.37748292088508606,2.7142839431762695,1.135013217889726
33,6.73110818862915,-0.37542253732681274,2.719024419784546,1.1481064099445228
33,6.739996910095215,-0.37418854236602783,2.7218739986419678,1.1610155399992677
33,6.766024112701416,-0.37086260318756104,2.729687452316284,1.1856830783506807
33,6.791768550872803,-0.3680116534233093,2.7366535663604736,1.2057860063431147
33,6.817732334136963,-0.3655659854412079,2.7429258823394775,1.222707467221806
33,6.843598365783691,-0.3635461926460266,2.7484376430511475,1.2375044301039704
33,6.869533061981201,-0.36195874214172363,2.753255605697632,1.2504103598419067
33,6.895452976226807,-0.3607957065105438,2.7573795318603516,1.2617123959342142
33,6.921355724334717,-0.360037624835968,2.7608261108398438,1.2714022088418295
33,6.947222709655762,-0.3596663177013397,2.763608932495117,1.2795576379233324
33,6.973311424255371,-0.35966598987579346,2.765763521194458,1.2857683224018503
33,6.999442100524902,-0.36002469062805176,2.7672855854034424,1.29052135662223
33,7.0255446434021,-0.3607264459133148,2.7681944370269775,1.2940953775728197
33,7.05121374130249,-0.36175301671028137,2.768490791320801,1.2965332695068512
33,7.07673454284668,-0.3630886971950531,2.7682077884674072,1.297991253455701
33,7.10208797454834,-0.3647117018699646,2.767361879348755,1.2985696478336688
33,7.127257347106934,-0.36660057306289673,2.7659692764282227,1.2983511635322296
33,7.152228355407715,-0.36873528361320496,2.7640440464019775,1.2971458279797954
33,7.17696475982666,-0.37110182642936707,2.7616019248962402,1.2951553573274273
33,7.201473712921143,-0.37368664145469666,2.7586536407470703,1.2925256667734095
33,7.225745677947998,-0.37646976113319397,2.7552120685577393,1.2892133806731974
33,7.249905586242676,-0.3794480562210083,2.7512686252593994,1.2852034606541949
33,7.2738142013549805,-0.38258734345436096,2.746851682662964,1.2806485991741827
33,7.2974677085876465,-0.38586825132369995,2.741971731185913,1.275630694499924
33,7.320861339569092,-0.3892717957496643,2.736638069152832,1.269983427765445
33,7.34412145614624,-0.3928033709526062,2.7308244705200195,1.2635256183594854
33,7.366924285888672,-0.39641740918159485,2.724616050720215,1.2564145243014981
33,7.389449596405029,-0.40012404322624207,2.7179763317108154,1.2490275966816358
33,7.411840915679932,-0.40392789244651794,2.7108700275421143,1.2410813037382924
33,7.433958053588867,-0.40778788924217224,2.703348398208618,1.2326421706411492
33,7.455616474151611,-0.41167548298835754,2.6954774856567383,1.2231824221455136
33,7.477096080780029,-0.4156287610530853,2.687161445617676,1.2135265626227298
33,7.498293876647949,-0.41960838437080383,2.6784446239471436,1.2037972651933369
33,7.519209861755371,-0.4236069917678833,2.669328451156616,1.192914943172788
33,7.539671897888184,-0.42758888006210327,2.6598916053771973,1.1819480678079686
33,7.559965133666992,-0.43158912658691406,2.6500234603881836,1.1707309528933032
33,7.580046653747559,-0.43559253215789795,2.6397335529327393,1.1581661135752248
33,7.599721431732178,-0.43955114483833313,2.629120349884033,1.1458803002648634
33,7.619118690490723,-0.4434695839881897,2.618128776550293,1.1331135192525712
33,7.638101100921631,-0.44731202721595764,2.606830596923828,1.119839647173517
33,7.656850337982178,-0.4510931670665741,2.595128297805786,1.1063403723467087
33,7.675393104553223,-0.4548005759716034,2.583003520965576,1.0916200522365596
33,7.693613052368164,-0.45838695764541626,2.570542573928833,1.0776656312360229
33,7.711588382720947,-0.4618416428565979,2.557697057723999,1.0634285448044327
33,7.729257106781006,-0.4651566445827484,2.5444469451904297,1.0510882853960835
33,7.746522426605225,-0.4683646857738495,2.5306906700134277,1.0407902033282035
33,7.7631707191467285,-0.47156456112861633,2.516240119934082,1.036617405424666
33,7.778831481933594,-0.4749731421470642,2.5007357597351074,1.0455779535802596
33,7.789768695831299,-0.4778592586517334,2.4879934787750244,1.06848554052458
33,7.801877021789551,-0.48240792751312256,2.4698212146759033,1.1343681517368263
33,7.8110809326171875,-0.4877663552761078,2.450221538543701,1.2277577406937055
33,7.817616939544678,-0.49351733922958374,2.4296815395355225,1.3138351956265342
33,7.822104454040527,-0.49917730689048767,2.4085757732391357,1.3813234956092846
33,7.8251190185546875,-0.5043345093727112,2.3870937824249268,1.4161105098543947
33,7.827159404754639,-0.5086216926574707,2.3652830123901367,1.4030352551898775
33,7.828641891479492,-0.5116668343544006,2.3432209491729736,1.3426586374188811
33,7.829987525939941,-0.5131266117095947,2.3210084438323975,1.2475005380867492
33,7.831615447998047,-0.512793779373169,2.298776149749756,1.1408531138524143
33,7.833716869354248,-0.5106649398803711,2.276686429977417,1.039992230956927
33,7.836121559143066,-0.5069472193717957,2.2550625801086426,0.9553037233189385
33,7.838261127471924,-0.5023704171180725,2.2354891300201416,0.8929954460715056
33,7.840120315551758,-0.49628618359565735,2.2141218185424805,0.8375026650099571
33,7.8411054611206055,-0.4893243610858917,2.192965269088745,0.7899652451059092
33,7.841083526611328,-0.481622576713562,2.1720428466796875,0.7477594877188355
33,7.840564727783203,-0.4760313630104065,2.1580116748809814,0.7218339750825968
33,7.8393330574035645,-0.46736523509025574,2.137505292892456,0.688288914893838
33,7.8378095626831055,-0.4583936929702759,2.1171493530273438,0.6722725867973537
33,7.836315631866455,-0.4493641257286072,2.0968170166015625,0.6726143364954034
33,7.834906101226807,-0.4405677318572998,2.0763769149780273,0.6877612303191124
33,7.833486080169678,-0.4321272075176239,2.055788040161133,0.7150024626756886
33,7.831910610198975,-0.4239984452724457,2.0350852012634277,0.7505163509335103
33,7.829897880554199,-0.4160368740558624,2.0143558979034424,0.7876095283237032
33,7.8272385597229,-0.40807044506073,1.9937019348144531,0.8208035619001783
33,7.823806285858154,-0.39995962381362915,1.9732192754745483,0.8488054863985599
33,7.819481372833252,-0.3915824592113495,1.9530153274536133,0.8692176458586481
33,7.814210414886475,-0.3828674256801605,1.9331824779510498,0.884841014306485
33,7.808004379272461,-0.37379080057144165,1.9137872457504272,0.8957746164664881
33,7.800879955291748,-0.3643682599067688,1.89487886428833,0.8993650608311291
33,7.792837619781494,-0.3546307384967804,1.876505732536316,0.90162424571746
33,7.78389835357666,-0.3446156084537506,1.8587052822113037,0.9019530724302505
33,7.774072647094727,-0.3343936502933502,1.8414994478225708,0.9009886397301111
33,7.76339864730835,-0.3240286111831665,1.824894666671753,0.8990219915045999
33,7.751899719238281,-0.3135598599910736,1.80891752243042,0.8965107297971002
33,7.739612102508545,-0.30305853486061096,1.7935609817504883,0.8945747759916396
33,7.72657585144043,-0.2925415635108948,1.7788457870483398,0.8918472046852877
33,7.7128190994262695,-0.282065212726593,1.7647700309753418,0.8899779747366938
33,7.6983842849731445,-0.271645724773407,1.7513469457626343,0.8881909035678991
33,7.683291435241699,-0.26132479310035706,1.738585114479065,0.8866705351539613
33,7.667565822601318,-0.251127690076828,1.726506233215332,0.8859225026514139
33,7.651216506958008,-0.24110212922096252,1.7151339054107666,0.8846732360163516
33,7.634233474731445,-0.23132121562957764,1.7044943571090698,0.8822170566500317
33,7.616600513458252,-0.22188767790794373,1.6946319341659546,0.8786153435449496
33,7.5982770919799805,-0.2129957377910614,1.6855542659759521,0.8717876741076468
33,7.5792107582092285,-0.2049291878938675,1.677282691001892,0.8622918162142486
33,7.559353828430176,-0.19806891679763794,1.6698291301727295,0.8505971894712964
33,7.538707733154297,-0.192993625998497,1.6631418466567993,0.8406165018374406
33,7.517435550689697,-0.19022981822490692,1.6570998430252075,0.8380083746340026
33,7.495912551879883,-0.18979716300964355,1.6513248682022095,0.8388280130118179
33,7.474503993988037,-0.19105805456638336,1.645235300064087,0.830059363335365
33,7.453407287597656,-0.19320298731327057,1.6383514404296875,0.8074106659423397
33,7.4327216148376465,-0.19552229344844818,1.6303666830062866,0.7764949108669509
33,7.413105487823486,-0.19747555255889893,1.6215511560440063,0.7442953450216077
33,7.393287658691406,-0.19909785687923431,1.6116386651992798,0.7098687954968712
33,7.3736090660095215,-0.20053154230117798,1.6012524366378784,0.67478052586024
33,7.353945255279541,-0.20217736065387726,1.5908715724945068,0.6389703842964437
33,7.334179878234863,-0.20448510348796844,1.5808169841766357,0.6031127423607988
33,7.3143415451049805,-0.20792657136917114,1.5712461471557617,0.5674226432122368
33,7.294576168060303,-0.21284432709217072,1.562145471572876,0.5326161921667897
33,7.275155067443848,-0.21948450803756714,1.553408145904541,0.4972928520053199
33,7.25630521774292,-0.22809238731861115,1.5448421239852905,0.4640925834540123
33,7.238513469696045,-0.23878799378871918,1.5363739728927612,0.4343272622082751
33,7.221949577331543,-0.25188687443733215,1.5277634859085083,0.4087479728189362
33,7.207427501678467,-0.26723888516426086,1.519199013710022,0.390795799788117
33,7.195257663726807,-0.2848193347454071,1.5106266736984253,0.3814949076175566
33,7.185863971710205,-0.3042243421077728,1.5022751092910767,0.3827518874089141
33,7.179267406463623,-0.32501474022865295,1.4943255186080933,0.39169237254401285
33,7.175273895263672,-0.3468858599662781,1.486807942390442,0.40634629523549604
33,7.173660755157471,-0.36925435066223145,1.4798941612243652,0.4253038319947108
33,7.174068450927734,-0.39197272062301636,1.473618507385254,0.44712687034796966
33,7.176192760467529,-0.41488680243492126,1.4680285453796387,0.47064488256984727
33,7.179781913757324,-0.43774330615997314,1.4631335735321045,0.49355750595330855
33,7.18469762802124,-0.4605937898159027,1.4588543176651,0.5165856833554481
33,7.190813064575195,-0.48357847332954407,1.455182433128357,0.540084194865696
33,7.197919845581055,-0.5063156485557556,1.4521976709365845,0.5629644270599105
33,7.205948829650879,-0.5288000106811523,1.4498188495635986,0.5841733185395251
33,7.214855194091797,-0.5511417984962463,1.4480303525924683,0.6056478763799841
33,7.224572658538818,-0.5733206868171692,1.4468350410461426,0.6250796241310497
33,7.234971523284912,-0.5950684547424316,1.4461780786514282,0.643722224700654
33,7.246091365814209,-0.6166130304336548,1.446063756942749,0.6610456498516032
33,7.257866859436035,-0.6378125548362732,1.4464328289031982,0.6775218055946178
33,7.2703070640563965,-0.6587691307067871,1.447291612625122,0.6926625823434758
33,7.283340930938721,-0.6793591380119324,1.4485877752304077,0.7075031369175012
33,7.296992778778076,-0.6996726393699646,1.4503188133239746,0.7204394075052785
33,7.311099052429199,-0.7194998264312744,1.4524420499801636,0.7324064365665206
33,7.325709819793701,-0.7389479279518127,1.4549423456192017,0.743152708247007
33,7.340860366821289,-0.7580971121788025,1.4578197002410889,0.7529198712627255
33,7.3564839363098145,-0.7768595814704895,1.4610331058502197,0.762406220150219
33,7.372555255889893,-0.7952271103858948,1.464561104774475,0.770075309822663
33,7.389023780822754,-0.8131769895553589,1.4683948755264282,0.7764278506116387
33,7.405893802642822,-0.8307340145111084,1.4725159406661987,0.7826528252014253
33,7.4231486320495605,-0.8478982448577881,1.476904273033142,0.7882891922256833
33,7.440692901611328,-0.8645889759063721,1.481523871421814,0.7915475509813124
33,7.458656311035156,-0.8809395432472229,1.4863954782485962,0.7944572927565693
33,7.476963520050049,-0.8968889117240906,1.491481065750122,0.7966312084739819
33,7.495511531829834,-0.9123675227165222,1.4967525005340576,0.7971701974482822
33,7.514376163482666,-0.9274455308914185,1.502212643623352,0.7976474168608529
33,7.533560276031494,-0.9421149492263794,1.5078386068344116,0.796013461251757
33,7.5529608726501465,-0.9563093781471252,1.5136077404022217,0.7933125394884208
33,7.572710037231445,-0.9701235294342041,1.519540548324585,0.7904034466474983
33,7.593015193939209,-0.9836927652359009,1.5257123708724976,0.7854299634450227
33,7.613262176513672,-0.996579110622406,1.5319088697433472,0.780149354772054
33,7.633693695068359,-1.0089638233184814,1.5382277965545654,0.7733396077018858
33,7.654378414154053,-1.0208771228790283,1.5446817874908447,0.7664172828261905
33,7.675238132476807,-1.03226900100708,1.5512664318084717,0.7582289901852122
33,7.696332931518555,-1.0431573390960693,1.5579992532730103,0.7497253610003716
33,7.717576026916504,-1.0535030364990234,1.564898133277893,0.741033885410141
33,7.739370822906494,-1.0634812116622925,1.5720983743667603,0.7319237128840492
33,7.760950565338135,-1.0727394819259644,1.5793814659118652,0.7231755562211478
33,7.782306671142578,-1.0813002586364746,1.5867801904678345,0.7137341453275726
33,7.80422306060791,-1.0894765853881836,1.5945749282836914,0.7050950503214114
33,7.826187610626221,-1.0970700979232788,1.602622389793396,0.6968019825536097
33,7.848174095153809,-1.104081392288208,1.6109442710876465,0.6883701101959065
33,7.870224475860596,-1.1105211973190308,1.6195483207702637,0.6801175775766878
33,7.892264366149902,-1.116371989250183,1.6284140348434448,0.6721781592607645
33,7.9142746925354,-1.1216365098953247,1.6375384330749512,0.664502858403455
33,7.936254024505615,-1.1263189315795898,1.6468969583511353,0.6569333011357783
33,7.958278656005859,-1.130415678024292,1.6565011739730835,0.648618459065659
33,7.9802656173706055,-1.1339080333709717,1.666275978088379,0.6407551817237935
33,8.002206802368164,-1.1367934942245483,1.6761783361434937,0.6327904002523622
33,8.024102210998535,-1.1390661001205444,1.6861720085144043,0.6249366322540266
33,8.0459623336792,-1.1407220363616943,1.696207046508789,0.6171469963651609
33,8.06778335571289,-1.1417566537857056,1.7062393426895142,0.6094627463788113
33,8.089577674865723,-1.142168641090393,1.7162144184112549,0.6021053244643614
33,8.111411094665527,-1.141955018043518,1.7261110544204712,0.5949053638848638
33,8.133220672607422,-1.141115427017212,1.7358454465866089,0.5882651363703252
33,8.15501880645752,-1.1396551132202148,1.745362639427185,0.5820070616979092
33,8.176797866821289,-1.1375786066055298,1.7546132802963257,0.5763064712043104
33,8.198568344116211,-1.1348990201950073,1.7635416984558105,0.5713005461121792
33,8.220322608947754,-1.1316279172897339,1.7721002101898193,0.5668628310699461
33,8.242056846618652,-1.1277799606323242,1.7802456617355347,0.5632426218757934
33,8.263772010803223,-1.1233775615692139,1.7879307270050049,0.5603519380365937
33,8.285432815551758,-1.1184449195861816,1.7950952053070068,0.5581362833069472
33,8.30705738067627,-1.1129978895187378,1.8017146587371826,0.5567736186485771
33,8.328642845153809,-1.107067584991455,1.8077598810195923,0.5562562437464785
33,8.35016918182373,-1.100682020187378,1.8132123947143555,0.5564600956328554
33,8.371623992919922,-1.0938670635223389,1.8180495500564575,0.5574307590734771
33,8.392965316772461,-1.0866605043411255,1.8222432136535645,0.5591182916251362
33,8.41421127319336,-1.0790866613388062,1.8258014917373657,0.5615522312888406
33,8.435346603393555,-1.071178674697876,1.8287280797958374,0.5646472119661886
33,8.456339836120605,-1.0629732608795166,1.83101224899292,0.5683661480510234
33,8.477222442626953,-1.0544809103012085,1.8326739072799683,0.5725589301028317
33,8.497980117797852,-1.0457271337509155,1.8337312936782837,0.5772771289333128
33,8.51856517791748,-1.0367565155029297,1.8341881036758423,0.5824551695722346
33,8.539009094238281,-1.0275743007659912,1.8340717554092407,0.5879040495597768
33,8.559304237365723,-1.0182018280029297,1.8334062099456787,0.593745718616837
33,8.579405784606934,-1.0086802244186401,1.8322093486785889,0.5997796680496973
33,8.599388122558594,-0.9989867806434631,1.8305076360702515,0.6059254512829729
33,8.61916732788086,-0.9891788363456726,1.8283292055130005,0.6122816733209399
33,8.63878345489502,-0.9792494773864746,1.8256949186325073,0.6186239595189715
33,8.658233642578125,-0.9692085981369019,1.8226313591003418,0.6250169180669417
33,8.67747974395752,-0.9590912461280823,1.8191663026809692,0.631354717177036
33,8.696566581726074,-0.9488875269889832,1.8153212070465088,0.6375285798214502
33,8.715456008911133,-0.9386302828788757,1.8111276626586914,0.643628671862886
33,8.734190940856934,-0.9283031821250916,1.806598424911499,0.6496663470437155
33,8.752774238586426,-0.9179086089134216,1.8017537593841553,0.6556155555559163
33,8.771170616149902,-0.9074752926826477,1.7966245412826538,0.661536504870178
33,8.78942584991455,-0.8969850540161133,1.7912219762802124,0.6670124123787102
33,8.807510375976562,-0.8864701986312866,1.7855831384658813,0.6723237299208484
33,8.825483322143555,-0.8758956789970398,1.7797069549560547,0.6777192717803092
33,8.843330383300781,-0.865272045135498,1.7736170291900635,0.6829242626403575
33,8.861021995544434,-0.8546271324157715,1.7673488855361938,0.6876328450407735
33,8.878605842590332,-0.8439393639564514,1.7609076499938965,0.6921899660038495
33,8.896051406860352,-0.8332313895225525,1.7543272972106934,0.6967809546518877
33,8.913395881652832,-0.822474479675293,1.7476048469543457,0.7012479669779895
33,8.930622100830078,-0.8116965293884277,1.7407788038253784,0.704986454314937
33,8.94776725769043,-0.8008725643157959,1.7338494062423706,0.709054396870741
33,8.964838981628418,-0.7899929881095886,1.726827621459961,0.7129438986165701
33,8.981807708740234,-0.7790846228599548,1.7197496891021729,0.7161685669315122
33,8.998716354370117,-0.7681227326393127,1.7126142978668213,0.719374920971559
33,9.015535354614258,-0.7571234107017517,1.705453634262085,0.7227910234747865
33,9.03230094909668,-0.7460593581199646,1.6982630491256714,0.7255869917677115
33,9.048996925354004,-0.7349520921707153,1.6910779476165771,0.7280796292064703
33,9.065649032592773,-0.7237765789031982,1.6838964223861694,0.7309379899841845
33,9.082236289978027,-0.7125457525253296,1.6767491102218628,0.7330999015671258
33,9.098803520202637,-0.7012383341789246,1.6696393489837646,0.7351250746375312
33,9.115349769592285,-0.6898481845855713,1.6625787019729614,0.7368828483040728
33,9.132284164428711,-0.6780813336372375,1.6554012298583984,0.7386868772441633
33,9.14919376373291,-0.6662282347679138,1.6483068466186523,0.7395613666896901
33,9.165670394897461,-0.6545804738998413,1.6414873600006104,0.7406309218904116
33,9.182141304016113,-0.6428353190422058,1.634771466255188,0.7416900892671215
33,9.198586463928223,-0.6310088634490967,1.6281882524490356,0.741861288528631
33,9.215024948120117,-0.6190932989120483,1.6217412948608398,0.7418639898978548
33,9.231446266174316,-0.6070928573608398,1.6154524087905884,0.7419088110853442
33,9.247879981994629,-0.5949857234954834,1.6093190908432007,0.7418085568416171
33,9.264310836791992,-0.5827891826629639,1.603366494178772,0.7407904768678776
33,9.280742645263672,-0.5705034136772156,1.5976020097732544,0.7398464300855362
33,9.297176361083984,-0.5581274628639221,1.5920411348342896,0.7388572697972344
33,9.313639640808105,-0.5456426739692688,1.5866827964782715,0.7378347754252002
33,9.330117225646973,-0.5330665111541748,1.5815479755401611,0.735867503108732
33,9.346602439880371,-0.5204084515571594,1.576645851135254,0.7339802304760544
33,9.36310863494873,-0.5076623558998108,1.5719867944717407,0.7320596679071418
33,9.379656791687012,-0.4948136508464813,1.567570686340332,0.7301942681366748
33,9.396198272705078,-0.4819056987762451,1.5634236335754395,0.7281209310236271
33,9.412789344787598,-0.4689013957977295,1.5595368146896362,0.7254388122478462
33,9.429415702819824,-0.455818235874176,1.5559254884719849,0.7227940958910019
33,9.446096420288086,-0.44264617562294006,1.5525906085968018,0.7201308704477887
33,9.46277904510498,-0.42943358421325684,1.5495532751083374,0.717506286563471
33,9.479517936706543,-0.41614070534706116,1.5468060970306396,0.7148735996278256
33,9.496307373046875,-0.4027819335460663,1.5443601608276367,0.712282144007545
33,9.51311206817627,-0.3893897235393524,1.542223572731018,0.7096370492408433
33,9.529970169067383,-0.3759423494338989,1.5403974056243896,0.7070917419586071
33,9.54685115814209,-0.3624706566333771,1.5388880968093872,0.7043095539227502
33,9.563750267028809,-0.34898847341537476,1.537699580192566,0.7016117645048282
33,9.580666542053223,-0.3355039060115814,1.5368337631225586,0.6989949850413723
33,9.597599983215332,-0.3220237195491791,1.5362904071807861,0.6965510838664892
33,9.614550590515137,-0.30855634808540344,1.5360708236694336,0.6942132253428178
33,9.63151741027832,-0.295108437538147,1.5361729860305786,0.6920707512475893
33,9.6485013961792,-0.2816884517669678,1.5365955829620361,0.6901028844671531
33,9.665501594543457,-0.2683020234107971,1.5373352766036987,0.688319694076357
33,9.682518005371094,-0.2549571692943573,1.5383895635604858,0.6867630940384981
33,9.69954776763916,-0.24165913462638855,1.539752721786499,0.6854341638542277
33,9.716593742370605,-0.22841545939445496,1.541420817375183,0.6841129686183858
33,9.733654022216797,-0.21523059904575348,1.543387532234192,0.6829568766226266
33,9.750727653503418,-0.2021113634109497,1.5456466674804688,0.682055811087036
33,9.767814636230469,-0.18906114995479584,1.5481913089752197,0.681360964831318
33,9.784914016723633,-0.17608483135700226,1.5510149002075195,0.680958725580407
33,9.802024841308594,-0.16318519413471222,1.554109811782837,0.6807923202988133
33,9.819145202636719,-0.1503659337759018,1.5574685335159302,0.6809434156248173
33,9.836276054382324,-0.13762924075126648,1.5610837936401367,0.6813335477174095
33,9.853414535522461,-0.12497702240943909,1.5649478435516357,0.6820865814493522
33,9.870561599731445,-0.11241212487220764,1.569052815437317,0.6824888586390924
33,9.887716293334961,-0.0999368354678154,1.5733917951583862,0.6832399192932607
33,9.904877662658691,-0.08755221962928772,1.5779573917388916,0.6841987092357259
33,9.92204475402832,-0.07525894045829773,1.5827428102493286,0.6855433920081685
33,9.939217567443848,-0.06305769085884094,1.587741732597351,0.6870829532550795
33,9.95639419555664,-0.050949595868587494,1.5929479598999023,0.6886478125733684
33,9.973575592041016,-0.03893616050481796,1.5983551740646362,0.6900862887640281
33,9.990760803222656,-0.02701873518526554,1.603958249092102,0.691906365671297
33,10.00794792175293,-0.015197193250060081,1.6097525358200073,0.6939124880747388
33,10.025138854980469,-0.0034725910518318415,1.6157326698303223,0.696220125577329
33,10.04233169555664,0.008154051378369331,1.621895670890808,0.6980537039282609
33,10.059527397155762,0.01967945694923401,1.6282364130020142,0.7002198978412568
33,10.076725006103516,0.031103957444429398,1.634752869606018,0.7026256140287878
33,10.093925476074219,0.04242566600441933,1.641440749168396,0.7051232316112355
33,10.111126899719238,0.05364225432276726,1.648299217224121,0.7073146275825816
33,10.128332138061523,0.06475011259317398,1.655324101448059,0.7096613355115856
33,10.14554500579834,0.07575209438800812,1.6625173091888428,0.7124282559782401
33,10.162759780883789,0.08664149045944214,1.6698739528656006,0.7146803704174881
33,10.180034637451172,0.09744773805141449,1.6774177551269531,0.7171499691440442
33,10.197571754455566,0.10829076915979385,1.6852405071258545,0.719715982618721
33,10.215113639831543,0.11900518834590912,1.6932275295257568,0.7222853798972876
33,10.233381271362305,0.13001736998558044,1.7017185688018799,0.72468167046679
33,10.253020286560059,0.14168693125247955,1.7110381126403809,0.7273518226533295
33,10.272665023803711,0.1531829982995987,1.7205604314804077,0.729883460397968
33,10.294098854064941,0.16551481187343597,1.7311716079711914,0.7322320157703165
33,10.315539360046387,0.17762792110443115,1.742019772529602,0.7349121698100887
33,10.338569641113281,0.19037799537181854,1.7539254426956177,0.7369219083851676
33,10.36160659790039,0.2028561532497406,1.7661007642745972,0.7394373790266799
33,10.385591506958008,0.21553757786750793,1.779050588607788,0.7410741307692966
33,10.409585952758789,0.2278997004032135,1.7922879457473755,0.7431813107140831
33,10.420300483703613,0.2333104908466339,1.798287272453308,0.743576560284615
34,0.6103371977806091,0.3593679666519165,0.46522942185401917,1.035121729625214
34,0.6584601402282715,0.3593927025794983,0.4671061635017395,1.0373988161135552
34,0.779643714427948,0.35946524143218994,0.4720037281513214,1.0442312243325778
34,0.884953498840332,0.3595406711101532,0.47638893127441406,1.049884916454785
34,1.0067132711410522,0.35964223742485046,0.4813489019870758,1.0559154231013985
34,1.1284823417663574,0.35975953936576843,0.48607560992240906,1.0597244777516317
34,1.2505661249160767,0.35989445447921753,0.49044111371040344,1.0623880247965969
34,1.372779130935669,0.3600490987300873,0.494491308927536,1.0612427364067596
34,1.494999885559082,0.3602253496646881,0.49830323457717896,1.059600394853094
34,1.6172555685043335,0.360420823097229,0.5021013021469116,1.0569738491420364
34,1.7395076751708984,0.3606348931789398,0.5060126781463623,1.054650490332158
34,1.8617576360702515,0.3608684539794922,0.5102165937423706,1.052722373150446
34,1.983996033668518,0.36111924052238464,0.5147784948348999,1.0522658888770595
34,2.106219530105591,0.3613862693309784,0.5197186470031738,1.052564539720824
34,2.2284321784973145,0.36167359352111816,0.5249239206314087,1.0537298322878907
34,2.3506357669830322,0.3619841933250427,0.5303390026092529,1.0547443779560597
34,2.472832679748535,0.36232322454452515,0.5359004735946655,1.0558764624097774
34,2.5950212478637695,0.3626936674118042,0.5416420698165894,1.0565718004853117
34,2.717278003692627,0.36309754848480225,0.5475633144378662,1.0564431682570343
34,2.8395299911499023,0.363535612821579,0.5535791516304016,1.0563212492840366
34,2.9617795944213867,0.36400341987609863,0.5596414804458618,1.0548470992725754
34,3.084028482437134,0.3644943833351135,0.5657143592834473,1.0529205135721882
34,3.206268310546875,0.3649989664554596,0.571968138217926,1.0499163827220248
34,3.3284926414489746,0.3655165433883667,0.5785188674926758,1.0466403562129674
34,3.4506897926330566,0.36605748534202576,0.5855537056922913,1.0435937290775417
34,3.5728564262390137,0.3666294813156128,0.5930953621864319,1.0392079429268215
34,3.6949896812438965,0.36723625659942627,0.60116046667099,1.034316188052225
34,3.8170738220214844,0.3678525984287262,0.6097037196159363,1.0279977958855162
34,3.9391279220581055,0.3684729039669037,0.6186614036560059,1.019971492660828
34,4.060978889465332,0.3690955936908722,0.627824068069458,1.0118295505957757
34,4.18186092376709,0.36975613236427307,0.636800229549408,1.0023439946229449
34,4.271171569824219,0.3702893555164337,0.6431950926780701,0.9946951743979114
34,4.388838291168213,0.3710971772670746,0.6508999466896057,0.9827762663542492
34,4.5065693855285645,0.3720538318157196,0.6575262546539307,0.9708477165857345
34,4.618056774139404,0.37314373254776,0.6623872518539429,0.9593228131738651
34,4.721174716949463,0.37435027956962585,0.6653693318367004,0.9484095705111347
34,4.824324131011963,0.37578532099723816,0.6666592955589294,0.9372855638616806
34,4.922269821166992,0.3774012625217438,0.6661421656608582,0.9266845394165472
34,5.018748760223389,0.3792646527290344,0.6639232635498047,0.9165045908639997
34,5.11541748046875,0.3814234733581543,0.6600515842437744,0.9074799690399794
34,5.21200704574585,0.38388684391975403,0.6546810865402222,0.899254621557097
34,5.310355186462402,0.3867264688014984,0.6479291319847107,0.8909002783506681
34,5.410353660583496,0.3899526000022888,0.640071451663971,0.884095909006652
34,5.511646270751953,0.39353591203689575,0.6314321756362915,0.8792257336697524
34,5.6128926277160645,0.39739885926246643,0.6223819851875305,0.8772793527746615
34,5.714868545532227,0.401547908782959,0.6130414605140686,0.8777700949086902
34,5.81693696975708,0.4059596359729767,0.6035755276679993,0.8806918977295555
34,5.918461799621582,0.41062286496162415,0.5940914750099182,0.8858673013286266
34,6.017669677734375,0.4154664874076843,0.5847963094711304,0.8909644559101129
34,6.116861820220947,0.4206080138683319,0.5754944086074829,0.8987631478254957
34,6.214210510253906,0.42594894766807556,0.5663381218910217,0.9087299066828858
34,6.309324741363525,0.4314503073692322,0.5572942495346069,0.9206948497969384
34,6.402650833129883,0.43711206316947937,0.5482652187347412,0.9347047678321758
34,6.494261741638184,0.4429143965244293,0.5392012000083923,0.9510193096234945
34,6.589285850524902,0.449160635471344,0.5294809937477112,0.9747698776864874
34,6.6842474937438965,0.4556167721748352,0.5192957520484924,0.9973232551773831
34,6.780663967132568,0.4624413251876831,0.5082067251205444,1.026230690170127
34,6.802963733673096,0.46405863761901855,0.5055093765258789,1.0326235064394493
34,6.825153350830078,0.4656817317008972,0.5027753710746765,1.0390025805835914
34,6.847268104553223,0.46731236577033997,0.5000014901161194,1.0454422127823078
34,6.869342803955078,0.4689527153968811,0.4971843361854553,1.0519353548453707
34,6.891411304473877,0.47060510516166687,0.49432095885276794,1.0584712648549397
34,6.9134602546691895,0.472268670797348,0.491414338350296,1.0650354459905023
34,6.93549919128418,0.4739440679550171,0.48846495151519775,1.0716269993176886
34,6.957530975341797,0.4756314754486084,0.48547425866127014,1.078246540100442
34,6.979555606842041,0.47733074426651,0.48244407773017883,1.0848950134188504
34,7.001574993133545,0.4790416955947876,0.4793764352798462,1.0915687939100167
34,7.023587703704834,0.48076412081718445,0.47627347707748413,1.0982729097051889
34,7.045595169067383,0.48249781131744385,0.4731373190879822,1.1050170716191896
34,7.067597389221191,0.484242707490921,0.4699700176715851,1.1117681110996824
34,7.08959436416626,0.48599907755851746,0.46677324175834656,1.1184485224193317
34,7.111586570739746,0.48776715993881226,0.463548481464386,1.125217204660935
34,7.133573532104492,0.4895472526550293,0.46029675006866455,1.1320950883642062
34,7.155555725097656,0.49133992195129395,0.45701849460601807,1.1391051213135261
34,7.17753267288208,0.49314579367637634,0.4537138044834137,1.146275362680748
34,7.199504375457764,0.4949656128883362,0.45038262009620667,1.1536429723446446
34,7.221471309661865,0.49679991602897644,0.4470249116420746,1.1612565139226028
34,7.243432521820068,0.49864882230758667,0.4436412453651428,1.1691777820135947
34,7.265389442443848,0.500511646270752,0.4402334988117218,1.1775214765439324
34,7.287350654602051,0.5023869276046753,0.4368043839931488,1.1863832818744189
34,7.3093085289001465,0.5042706727981567,0.43336308002471924,1.1956446392815487
34,7.331267356872559,0.5061581134796143,0.42992231249809265,1.2052981179035422
34,7.353205680847168,0.5080411434173584,0.42650485038757324,1.2155785938040682
34,7.375148296356201,0.5099150538444519,0.4231306314468384,1.226601698439165
34,7.3971357345581055,0.5117766261100769,0.4198218286037445,1.2383246708088016
34,7.419443130493164,0.5136425495147705,0.41657155752182007,1.2506545866972925
34,7.441788673400879,0.5154814720153809,0.41346368193626404,1.2634460975850164
34,7.464070796966553,0.51727694272995,0.41055604815483093,1.2756707082922236
34,7.486384868621826,0.519027829170227,0.4078727066516876,1.2856791951638011
34,7.508646011352539,0.5207206606864929,0.4054374098777771,1.2925459197089673
34,7.530857563018799,0.5223527550697327,0.4032299816608429,1.2964389216449153
34,7.55303955078125,0.5239266753196716,0.4012053310871124,1.298236122040402
34,7.575211524963379,0.5254476070404053,0.3993193507194519,1.2990139429182659
34,7.597436428070068,0.5269253253936768,0.3975312411785126,1.2996753105707664
34,7.619625568389893,0.5283595323562622,0.39582157135009766,1.3007680027948165
34,7.641817569732666,0.5297573208808899,0.39416950941085815,1.3024867851044883
34,7.664015293121338,0.5311209559440613,0.3925665616989136,1.3048387059710653
34,7.686218738555908,0.5324501395225525,0.39101099967956543,1.3077483967682315
34,7.708427429199219,0.5337429642677307,0.38950517773628235,1.3110583754802363
34,7.730642318725586,0.5349962711334229,0.38805389404296875,1.3146654877518855
34,7.75286340713501,0.5362061262130737,0.38666293025016785,1.318498166859568
34,7.77509069442749,0.537368655204773,0.3853379189968109,1.3225153821922095
34,7.797325134277344,0.5384799242019653,0.38408398628234863,1.326703790157721
34,7.819566249847412,0.5395366549491882,0.3829050362110138,1.331071082688555
34,7.841814041137695,0.5405359268188477,0.3818032443523407,1.3356385619046394
34,7.864068031311035,0.5414757132530212,0.3807784914970398,1.34043977760257
34,7.886327743530273,0.5423551797866821,0.3798278868198395,1.345476303596844
34,7.908592700958252,0.5431742668151855,0.37894561886787415,1.3507107784156647
34,7.930861949920654,0.543934166431427,0.37812307476997375,1.3560960510064963
34,7.953135967254639,0.5446372032165527,0.37734851241111755,1.3615701214656095
34,7.9754133224487305,0.5452864766120911,0.3766084909439087,1.3670630716390262
34,7.9976935386657715,0.545886218547821,0.37588757276535034,1.3724988058327796
34,8.019974708557129,0.5464416742324829,0.37516865134239197,1.3777806993812503
34,8.042255401611328,0.5469593405723572,0.37443262338638306,1.3827562125882642
34,8.064533233642578,0.5474469065666199,0.3736584186553955,1.3871113383558558
34,8.086810111999512,0.5479115843772888,0.3728262782096863,1.3903639801006038
34,8.10908317565918,0.5483588576316833,0.37192073464393616,1.3923544204882154
34,8.131351470947266,0.5487920641899109,0.3709334135055542,1.3930624425365794
34,8.153616905212402,0.5492133498191833,0.3698635995388031,1.3926162249609544
34,8.175878524780273,0.5496242642402649,0.368717759847641,1.3912563514063465
34,8.198139190673828,0.5500264167785645,0.3675071895122528,1.3892986048357092
34,8.220398902893066,0.5504208207130432,0.36624574661254883,1.3870866707870886
34,8.242659568786621,0.5508079528808594,0.36494630575180054,1.3849479245420133
34,8.26491928100586,0.5511873364448547,0.3636186122894287,1.3831115164626209
34,8.287178039550781,0.5515583157539368,0.36226731538772583,1.381684067568265
34,8.309435844421387,0.5519203543663025,0.36089271306991577,1.3805178171193775
34,8.331690788269043,0.5522730350494385,0.3594921827316284,1.379474615872383
34,8.353941917419434,0.5526162385940552,0.35806119441986084,1.3784058200633786
34,8.376190185546875,0.5529505014419556,0.35659438371658325,1.3771432980848626
34,8.39843463897705,0.5532765984535217,0.35508713126182556,1.3754990120100792
34,8.420676231384277,0.5535958409309387,0.35353735089302063,1.373290782202047
34,8.442914009094238,0.5539090633392334,0.35194888710975647,1.3704227276977012
34,8.4651517868042,0.554215669631958,0.3503354787826538,1.3670447586885488
34,8.487388610839844,0.5545136332511902,0.3487186133861542,1.3637747823775503
34,8.509626388549805,0.5547999739646912,0.34712108969688416,1.3613146815355706
34,8.531867027282715,0.5550717115402222,0.345557302236557,1.360037354544712
34,8.554110527038574,0.5553267598152161,0.34402579069137573,1.3598536681479276
34,8.57635498046875,0.5555656552314758,0.34250926971435547,1.3603461483810175
34,8.598599433898926,0.5557897090911865,0.34098729491233826,1.361113060770573
34,8.620841979980469,0.5559984445571899,0.3394424021244049,1.3619389863599298
34,8.643081665039062,0.556190013885498,0.3378585875034332,1.3627613378275836
34,8.665318489074707,0.5563623309135437,0.3362167179584503,1.363594590847824
34,8.687548637390137,0.5565139651298523,0.3344930410385132,1.3645217683689073
34,8.709770202636719,0.5566446781158447,0.33266016840934753,1.365741119348968
34,8.731942176818848,0.5567553043365479,0.3306938409805298,1.367586111837686
34,8.753973007202148,0.5568479299545288,0.3285812735557556,1.3705094469587602
34,8.775851249694824,0.5569263100624084,0.3263164460659027,1.3750375079466917
34,8.797579765319824,0.5569952726364136,0.32391777634620667,1.3815162814794903
34,8.819162368774414,0.5570587515830994,0.32143712043762207,1.389580129225447
34,8.840611457824707,0.5571157932281494,0.3189592659473419,1.3979251919571116
34,8.861939430236816,0.5571596026420593,0.3165843188762665,1.4048029055587676
34,8.883158683776855,0.5571773648262024,0.3144166171550751,1.4088240910807697
34,8.904277801513672,0.5571459531784058,0.3125622570514679,1.4092041356829812
34,8.925349235534668,0.5570299029350281,0.3111214339733124,1.4070207886855834
34,8.946324348449707,0.5567923188209534,0.3101833164691925,1.4044857987945332
34,8.967192649841309,0.5564132928848267,0.30979207158088684,1.4036855836969935
34,8.987944602966309,0.5559083223342896,0.3099431097507477,1.4048579018848144
34,9.008569717407227,0.5553273558616638,0.3105859160423279,1.40616996470229
34,9.029070854187012,0.5547325015068054,0.31164008378982544,1.4055785886181396
34,9.049508094787598,0.554175615310669,0.3130180239677429,1.401835990202129
34,9.0698823928833,0.5536937117576599,0.3146352767944336,1.3940820088556687
34,9.090228080749512,0.5532985329627991,0.31642743945121765,1.3831331185789593
34,9.110548973083496,0.5529784560203552,0.3183547258377075,1.369162276150213
34,9.130847930908203,0.552697479724884,0.3203989863395691,1.352868819203091
34,9.151128768920898,0.5523896217346191,0.32254767417907715,1.335663370097727
34,9.171393394470215,0.5519705414772034,0.3247833251953125,1.3189827317339364
34,9.191642761230469,0.5513607859611511,0.32708674669265747,1.3038466054054028
34,9.211877822875977,0.5504999756813049,0.32944855093955994,1.2909916175040792
34,9.232093811035156,0.5493553280830383,0.33187809586524963,1.2816117805559837
34,9.25234603881836,0.5479176640510559,0.3344011902809143,1.276080614500717
34,9.272571563720703,0.5462101697921753,0.3370479345321655,1.2734005897707072
34,9.292767524719238,0.5442749261856079,0.3398524224758148,1.2732430874331633
34,9.312935829162598,0.5421760678291321,0.3428417146205902,1.2752074754392684
34,9.333081245422363,0.5399917364120483,0.3460310995578766,1.2787246767314446
34,9.353212356567383,0.5378134846687317,0.34942302107810974,1.2831177219951653
34,9.37334156036377,0.5357296466827393,0.3530043661594391,1.287729481780791
34,9.39350414276123,0.5338156223297119,0.3567490875720978,1.2918423721707146
34,9.413690567016602,0.5321304202079773,0.3606078326702118,1.2951761684533787
34,9.434146881103516,0.5307173132896423,0.36456987261772156,1.2979034818715267
34,9.455116271972656,0.5295740365982056,0.36859944462776184,1.300552707251377
34,9.476140975952148,0.528721809387207,0.3725202679634094,1.302170485383227
34,9.496764183044434,0.52815181016922,0.37617772817611694,1.3019648911496313
34,9.517297744750977,0.5278270244598389,0.37957802414894104,1.2997591361329328
34,9.537911415100098,0.5277313590049744,0.3827064335346222,1.2957349210416103
34,9.55860424041748,0.5278564095497131,0.38552916049957275,1.2902346066895907
34,9.57937240600586,0.5281922221183777,0.38802388310432434,1.283752663561167
34,9.600213050842285,0.5287237763404846,0.3901814818382263,1.27681037631185
34,9.62111759185791,0.5294291973114014,0.39200732111930847,1.2698425043935029
34,9.642082214355469,0.5302800536155701,0.39352092146873474,1.2631393159894257
34,9.663100242614746,0.531242847442627,0.3947541117668152,1.2568412427768882
34,9.68416976928711,0.5322810411453247,0.395748496055603,1.2509669737770055
34,9.70528793334961,0.533358097076416,0.3965528905391693,1.2454602634357579
34,9.726454734802246,0.5344405174255371,0.3972214460372925,1.2402759411417659
34,9.747669219970703,0.5355027914047241,0.3978094160556793,1.2354141968905727
34,9.768932342529297,0.5365293025970459,0.3983656167984009,1.2308372105684693
34,9.790244102478027,0.537510871887207,0.3989284038543701,1.226446783189449
34,9.811604499816895,0.5384401082992554,0.3995281159877777,1.222164852665199
34,9.833013534545898,0.5393106937408447,0.40018948912620544,1.2179647918905927
34,9.854471206665039,0.5401173830032349,0.4009329080581665,1.213831846881615
34,9.875977516174316,0.5408564805984497,0.4017750322818756,1.209748533304367
34,9.897531509399414,0.5415257811546326,0.4027278423309326,1.2056743617587398
34,9.919082641601562,0.542123019695282,0.40379688143730164,1.2016271255383892
34,9.940679550170898,0.5426496267318726,0.404989093542099,1.1975630275840685
34,9.962285041809082,0.5431055426597595,0.40630456805229187,1.1934759937984543
34,9.983884811401367,0.5434918999671936,0.4077417850494385,1.1893656740310283
34,10.005476951599121,0.5438106060028076,0.4092980623245239,1.1852322433865201
34,10.027061462402344,0.544063925743103,0.4109695851802826,1.181074987927225
34,10.048637390136719,0.5442541241645813,0.4127514362335205,1.1768806875992248
34,10.070205688476562,0.5443834662437439,0.4146382808685303,1.172644224584042
34,10.091764450073242,0.5444531440734863,0.4166242480278015,1.167961797639932
34,10.11331558227539,0.5444633960723877,0.41870272159576416,1.1631440609586028
34,10.134857177734375,0.5444158911705017,0.42086708545684814,1.1582907560031792
34,10.15639877319336,0.5443122386932373,0.42311152815818787,1.1533966372974422
34,10.178001403808594,0.5441530346870422,0.4254366457462311,1.1484393938792803
34,10.199918746948242,0.5439363121986389,0.4278644025325775,1.143337108543065
34,10.22182846069336,0.5436652898788452,0.43035367131233215,1.1381863469402256
34,10.244630813598633,0.5433270931243896,0.43300294876098633,1.132888678013374
34,10.269128799438477,0.5429020524024963,0.4359060227870941,1.1273087977717495
34,10.295839309692383,0.5423686504364014,0.4391268193721771,1.1212885892078441
34,10.322542190551758,0.5417637228965759,0.44239646196365356,1.1147637234817194
34,10.351204872131348,0.5410332679748535,0.4459478259086609,1.1077039212637874
34,10.379860877990723,0.5402225255966187,0.449533611536026,1.1005729880400619
34,10.409673690795898,0.5392975211143494,0.4532928168773651,1.093334904985534
34,10.439923286437988,0.5382788777351379,0.457127183675766,1.086021596941651
34,10.470169067382812,0.5371840000152588,0.4609758257865906,1.0787743595235073
34,10.500510215759277,0.5360139608383179,0.464842826128006,1.071650614620531
34,10.530858039855957,0.5347733497619629,0.4687115550041199,1.06372814483332
34,10.561203956604004,0.5334635972976685,0.47257566452026367,1.0559610018681067
34,10.591547966003418,0.5320903658866882,0.47643011808395386,1.0483012361902082
34,10.6218900680542,0.5306582450866699,0.4802722930908203,1.040749527261684
34,10.65223217010498,0.5291731357574463,0.48409825563430786,1.0333430217223136
34,10.682575225830078,0.5276404619216919,0.4879058599472046,1.0260106031349612
34,10.71291732788086,0.5260646343231201,0.4916929304599762,1.018510177220477
34,10.743261337280273,0.5244486331939697,0.49545779824256897,1.010749630359545
34,10.773605346679688,0.5227969288825989,0.49919936060905457,1.0030906550571441
34,10.803951263427734,0.5211164951324463,0.5029163956642151,0.9955727175532247
34,10.834298133850098,0.5194141268730164,0.5066080689430237,0.988195052594974
34,10.864648818969727,0.5176951885223389,0.5102732181549072,0.9809519741847388
34,10.895000457763672,0.5159671306610107,0.5139109492301941,0.9738262653106224
34,10.925355911254883,0.5142344832420349,0.5175202488899231,0.9664908832723397
34,10.95571517944336,0.5125012993812561,0.5211005806922913,0.9591357265998006
34,10.986078262329102,0.5107744932174683,0.5246509909629822,0.951957246894837
34,11.016446113586426,0.5090593695640564,0.5281703472137451,0.9449261100402361
34,11.046817779541016,0.5073626637458801,0.5316576361656189,0.9380179336747261
34,11.077195167541504,0.5056893825531006,0.5351116061210632,0.9312868444462209
34,11.10757827758789,0.504044771194458,0.5385310649871826,0.9246509991060077
34,11.13796615600586,0.5024334192276001,0.5419149994850159,0.9179436823318191
34,11.168359756469727,0.5008575916290283,0.5452628135681152,0.9112144564578651
34,11.198760986328125,0.4993212819099426,0.5485736727714539,0.9045694715489241
34,11.229167938232422,0.4978275001049042,0.5518460869789124,0.8980683948721891
34,11.25958251953125,0.49637895822525024,0.5550789833068848,0.8916512708948063
34,11.290011405944824,0.49497711658477783,0.558272123336792,0.8853456397665792
34,11.32044792175293,0.49362388253211975,0.5614233016967773,0.8791384427174568
34,11.35091495513916,0.49231889843940735,0.5645338892936707,0.8729834647500527
34,11.381453514099121,0.4910599887371063,0.5676068663597107,0.8666719878435295
34,11.411998748779297,0.48984888195991516,0.5706351399421692,0.8604011636475956
34,11.442688941955566,0.48867934942245483,0.5736314654350281,0.8542039532883694
34,11.47338581085205,0.4875580370426178,0.5765804052352905,0.8478986553767086
34,11.504337310791016,0.486477792263031,0.5795031785964966,0.8415164053703136
34,11.540576934814453,0.4852689504623413,0.5828585028648376,0.8340435173324079
34,11.576824188232422,0.4841102063655853,0.5861413478851318,0.8261084865789466
34,11.642510414123535,0.4821203052997589,0.5918961763381958,0.8120678497404428
34,11.708236694335938,0.48026371002197266,0.5973860621452332,0.7976363692656286
34,11.773988723754883,0.47849348187446594,0.6025857925415039,0.7815629004217561
34,11.903419494628906,0.4748886227607727,0.6119734048843384,0.7497343660189681
34,12.032937049865723,0.4710627496242523,0.6199758052825928,0.7182000508656406
34,12.154704093933105,0.4672524631023407,0.6258032321929932,0.6869323799259022
34,12.276838302612305,0.4635499119758606,0.629371166229248,0.6587136601974312
34,12.35521411895752,0.461434930562973,0.6301479339599609,0.6404582626792907
34,12.477527618408203,0.4593401253223419,0.6286481022834778,0.6239136683892429
34,12.491633415222168,0.45923107862472534,0.6282495856285095,0.6220923450032981
35,1.6891156435012817,0.3729172646999359,2.328622579574585,1.0065673431332767
35,1.8115695714950562,0.37318745255470276,2.330587863922119,1.0072861381114617
35,1.934021234512329,0.3734823167324066,2.33268141746521,1.0079948714867284
35,2.056474447250366,0.37380361557006836,2.334909439086914,1.0086964174926578
35,2.1789255142211914,0.37415269017219543,2.337280750274658,1.00936267696111
35,2.3013734817504883,0.37453076243400574,2.3398046493530273,1.0100034453230142
35,2.4238176345825195,0.3749392628669739,2.3424999713897705,1.0106117797918817
35,2.546257257461548,0.3753790557384491,2.3453826904296875,1.0111627006137436
35,2.668691873550415,0.3758513629436493,2.348478317260742,1.0116874166545071
35,2.7911195755004883,0.37635737657546997,2.3518199920654297,1.0121500797616936
35,2.913539409637451,0.3768981397151947,2.3554344177246094,1.012587267302386
35,3.035949468612671,0.37747544050216675,2.359368324279785,1.0130041482971168
35,3.1583473682403564,0.37809088826179504,2.3636558055877686,1.01344808017635
35,3.2807304859161377,0.37874680757522583,2.3683388233184814,1.0139400576600979
35,3.4030959606170654,0.3794472813606262,2.3734538555145264,1.0145465322693554
35,3.525441884994507,0.38019683957099915,2.3790130615234375,1.0153496496715368
35,3.6477668285369873,0.3810060918331146,2.3850090503692627,1.0162822836464414
35,3.7700729370117188,0.3818875551223755,2.391371726989746,1.0176505203668007
35,3.892343521118164,0.3828538954257965,2.398010730743408,1.0190750701339046
35,4.014388561248779,0.38391056656837463,2.4047439098358154,1.0205755083773436
35,4.136433124542236,0.38506177067756653,2.411477565765381,1.0219085634261986
35,4.257393836975098,0.38629740476608276,2.4179930686950684,1.0231282668105113
35,4.375125408172607,0.3876015543937683,2.424062728881836,1.0239805359222898
35,4.4928741455078125,0.3890177309513092,2.429763078689575,1.024515933524354
35,4.60430908203125,0.39048299193382263,2.4346842765808105,1.024727306365925
35,4.715764999389648,0.3920910060405731,2.4390509128570557,1.0241228932546529
35,4.818771839141846,0.39372655749320984,2.4425055980682373,1.0230377693507324
35,4.913906574249268,0.39538896083831787,2.445136308670044,1.0214709361846566
35,5.003859996795654,0.3971165120601654,2.4470975399017334,1.019395424414257
35,5.091385841369629,0.39896419644355774,2.4485065937042236,1.0167221368340829
35,5.178914546966553,0.4009983241558075,2.449432611465454,1.0134316546117395
35,5.265656471252441,0.40322232246398926,2.449899196624756,1.0095937551918746
35,5.352238178253174,0.4056786000728607,2.449955463409424,1.0051767044142756
35,5.439577579498291,0.4084323048591614,2.4496498107910156,1.000230066187905
35,5.530179977416992,0.41162624955177307,2.449018716812134,0.9947021301723497
35,5.624460220336914,0.41537487506866455,2.4481005668640137,0.9885417205545165
35,5.718717098236084,0.4196247160434723,2.446990489959717,0.9818247688995582
35,5.8166046142578125,0.42464688420295715,2.445709705352783,0.9745575569071103
35,5.91445255279541,0.43038061261177063,2.4443957805633545,0.9671414178798227
35,6.017423629760742,0.4372873902320862,2.4430978298187256,0.9593377788597506
35,6.12192440032959,0.44531431794166565,2.442019462585449,0.9517186733323467
35,6.2263383865356445,0.4544384777545929,2.441343307495117,0.9447243405656777
35,6.3319830894470215,0.4648559093475342,2.4412808418273926,0.9384118737197483
35,6.4377288818359375,0.4764786958694458,2.4420738220214844,0.9331137722324746
35,6.542689323425293,0.48910054564476013,2.443932056427002,0.9290798054452766
35,6.647511005401611,0.5025960206985474,2.4470770359039307,0.9261117513905851
35,6.7519917488098145,0.5166712403297424,2.4517531394958496,0.9225958947536442
35,6.7796549797058105,0.5204672813415527,2.4532742500305176,0.9216319183105286
35,6.805605888366699,0.5240457057952881,2.454817771911621,0.9207076937463905
35,6.8312482833862305,0.5275953412055969,2.4564571380615234,0.9197704168161219
35,6.856987476348877,0.5311686992645264,2.4582202434539795,0.91874523523063
35,6.882503986358643,0.5347174406051636,2.4600863456726074,0.917656796560758
35,6.907843112945557,0.5382437705993652,2.4620578289031982,0.916498167643139
35,6.933028221130371,0.5417470335960388,2.464136838912964,0.9152652438984303
35,6.958400726318359,0.5452708005905151,2.466353416442871,0.9139305938165405
35,6.983246326446533,0.5487125515937805,2.468644857406616,0.912526706464576
35,7.008011341094971,0.5521311163902283,2.4710495471954346,0.9110293927991764
35,7.033146858215332,0.5555857419967651,2.4736149311065674,0.9093790427047289
35,7.057903289794922,0.5589703917503357,2.476267099380493,0.9076350606597965
35,7.082503795623779,0.5623133778572083,2.479027271270752,0.9057830874905057
35,7.106944561004639,0.5656125545501709,2.481894016265869,0.903821388051807
35,7.131223201751709,0.5688658952713013,2.48486590385437,0.9017486868194806
35,7.155338287353516,0.5720721483230591,2.487941265106201,0.8995646110153864
35,7.1792893409729,0.5752304196357727,2.4911181926727295,0.8972322287123864
35,7.203513145446777,0.5783974528312683,2.4944558143615723,0.8947234345669876
35,7.227577209472656,0.5815149545669556,2.497896671295166,0.8920865540929864
35,7.2514824867248535,0.5845828056335449,2.501438856124878,0.8893212958855694
35,7.2752299308776855,0.587601363658905,2.5050809383392334,0.8864278883840808
35,7.298821926116943,0.5905712842941284,2.508821487426758,0.8834072612814357
35,7.322260856628418,0.5934945940971375,2.5126583576202393,0.880212433666055
35,7.345684051513672,0.5963913798332214,2.516611099243164,0.8768482503707297
35,7.368963241577148,0.5992475748062134,2.5206570625305176,0.8733535567904774
35,7.39210319519043,0.6020654439926147,2.524794578552246,0.8696911004384118
35,7.415411949157715,0.6048829555511475,2.529078722000122,0.8658460204170715
35,7.4385881423950195,0.6076673269271851,2.5334529876708984,0.861796804162089
35,7.461774826049805,0.6104421019554138,2.53794002532959,0.8575580343400575
35,7.4848408699035645,0.6131967902183533,2.5425097942352295,0.8531889751293381
35,7.5077924728393555,0.6159389019012451,2.5471582412719727,0.8487094399591039
35,7.530635833740234,0.6186773180961609,2.551879405975342,0.8441121649520631
35,7.553520202636719,0.6214409470558167,2.556694746017456,0.8392901045888566
35,7.576310157775879,0.6242255568504333,2.561566114425659,0.8344110190508237
35,7.599013328552246,0.6270440816879272,2.5664827823638916,0.8294566106080262
35,7.621814250946045,0.6299317479133606,2.571472644805908,0.8244721889307262
35,7.644598007202148,0.6328875422477722,2.5764989852905273,0.8195758983069288
35,7.66763162612915,0.6359531283378601,2.5816192626953125,0.8147744593668096
35,7.69039249420166,0.6390460729598999,2.5867297649383545,0.8098926136729985
35,7.713164329528809,0.6421458125114441,2.5919172763824463,0.8043139993312202
35,7.735828876495361,0.6450865268707275,2.5971765518188477,0.7968515142000692
35,7.758522033691406,0.6475327610969543,2.6025571823120117,0.7863127182982712
35,7.781379699707031,0.6487709879875183,2.608159065246582,0.7718622120372434
35,7.80412483215332,0.6477428078651428,2.6140685081481934,0.7569956891084297
35,7.820218563079834,0.6453403830528259,2.6184909343719482,0.748110883290331
35,7.842442035675049,0.640430748462677,2.624721050262451,0.7349087928666952
35,7.864592552185059,0.6350387334823608,2.6307015419006348,0.7159213852250793
35,7.887032985687256,0.6303939819335938,2.6360585689544678,0.6919117247388049
35,7.910032272338867,0.627061665058136,2.640515089035034,0.6764574304217956
35,7.9335761070251465,0.6247828602790833,2.644179582595825,0.6682523831326487
35,7.956689834594727,0.6229274868965149,2.6473817825317383,0.6625541723002764
35,7.980116367340088,0.6209537982940674,2.6505587100982666,0.6571028311467244
35,8.003467559814453,0.6186118721961975,2.6537861824035645,0.6511023614782465
35,8.026522636413574,0.6157185435295105,2.6570613384246826,0.6446480829274042
35,8.049924850463867,0.6120418906211853,2.66044545173645,0.637448701525159
35,8.073156356811523,0.6075810194015503,2.663787841796875,0.6297542594881317
35,8.096212387084961,0.6023732423782349,2.6669836044311523,0.6215463152822125
35,8.119110107421875,0.5965242981910706,2.669926166534424,0.6128187550071
35,8.141761779785156,0.5902019739151001,2.6725142002105713,0.6037451091533085
35,8.164304733276367,0.583493173122406,2.6747183799743652,0.5942591759726846
35,8.186858177185059,0.5764393210411072,2.676529884338379,0.5843930675407015
35,8.209312438964844,0.5691179633140564,2.6779234409332275,0.5742602793150675
35,8.23140811920166,0.5616316199302673,2.678874969482422,0.564149088552545
35,8.25350570678711,0.553846001625061,2.679396152496338,0.5537220731289
35,8.275710105895996,0.5456933975219727,2.679456949234009,0.5427211399638325
35,8.297663688659668,0.537293016910553,2.679006338119507,0.5311767036156094
35,8.319438934326172,0.5286144018173218,2.6779978275299072,0.5189321215527503
35,8.341018676757812,0.5196780562400818,2.676372766494751,0.5059698808033657
35,8.362310409545898,0.5105695724487305,2.6740713119506836,0.4923327361703334
35,8.383380889892578,0.5012990832328796,2.671022891998291,0.47801136146326606
35,8.404208183288574,0.4919259548187256,2.6671557426452637,0.4630593437797737
35,8.424351692199707,0.4827146828174591,2.6624982357025146,0.44764434184065405
35,8.44408130645752,0.4735904335975647,2.656937837600708,0.431781594341272
35,8.463805198669434,0.4644131660461426,2.650269031524658,0.415775959596616
35,8.48347282409668,0.45523393154144287,2.6423606872558594,0.3996601606416294
35,8.502689361572266,0.4462529420852661,2.633214235305786,0.38354838653207957
35,8.520848274230957,0.4377942383289337,2.623060703277588,0.368447464816792
35,8.53831958770752,0.42967358231544495,2.611642837524414,0.3543251185936422
35,8.554976463317871,0.42192453145980835,2.5989480018615723,0.3413872076608488
35,8.570597648620605,0.41461944580078125,2.5851030349731445,0.3299696100566526
35,8.585219383239746,0.40767884254455566,2.570032835006714,0.31998084894487083
35,8.598634719848633,0.4011116921901703,2.5539143085479736,0.3115016218249085
35,8.610797882080078,0.39483901858329773,2.5368125438690186,0.30436448948335276
35,8.621593475341797,0.38880956172943115,2.518899440765381,0.29855579076864724
35,8.63099479675293,0.3829230070114136,2.500251531600952,0.29401585792494583
35,8.638936042785645,0.3771102726459503,2.481066942214966,0.29075456102992103
35,8.645429611206055,0.37128591537475586,2.461421489715576,0.28851556240162424
35,8.650484085083008,0.36539703607559204,2.441446542739868,0.28732505731417846
35,8.654128074645996,0.35940155386924744,2.4212658405303955,0.2871875216314218
35,8.656397819519043,0.3532957136631012,2.4010565280914307,0.2880329191306537
35,8.657369613647461,0.34703370928764343,2.380781888961792,0.2897120098994654
35,8.657105445861816,0.34064751863479614,2.360588312149048,0.29191267351388456
35,8.655682563781738,0.33415839076042175,2.3405375480651855,0.29479831340724066
35,8.653182029724121,0.3275972902774811,2.320676565170288,0.29834943054529056
35,8.649592399597168,0.3208562433719635,2.3006114959716797,0.3025125422455271
35,8.645125389099121,0.3142310380935669,2.281111717224121,0.3067408605461544
35,8.639678955078125,0.30750659108161926,2.261451244354248,0.3112661810386438
35,8.633516311645508,0.3009721636772156,2.2423651218414307,0.31605270599836116
35,8.626625061035156,0.29456135630607605,2.2235443592071533,0.3208404973788928
35,8.61905288696289,0.2883024513721466,2.204958915710449,0.3257768708805475
35,8.61083984375,0.28221943974494934,2.1865880489349365,0.330506219622462
35,8.602011680603027,0.276326447725296,2.1684021949768066,0.3353463444511948
35,8.592602729797363,0.2706506550312042,2.150385856628418,0.3401172644699316
35,8.582597732543945,0.26519596576690674,2.1324639320373535,0.34470175885391124
35,8.572088241577148,0.260012686252594,2.1147513389587402,0.3490796248834925
35,8.561014175415039,0.2550784945487976,2.097120523452759,0.353426729845151
35,8.549456596374512,0.2504368722438812,2.0796685218811035,0.3577386211853886
35,8.537372589111328,0.24607793986797333,2.062319278717041,0.36143829428712737
35,8.524870872497559,0.2420404702425003,2.0452094078063965,0.3649863400591437
35,8.511899948120117,0.2383100390434265,2.028261423110962,0.3684296058494821
35,8.498498916625977,0.2348969280719757,2.0115137100219727,0.3714541566596484
35,8.484641075134277,0.2317887544631958,1.9949454069137573,0.3742245525519528
35,8.470402717590332,0.22900044918060303,1.978644609451294,0.37669973416188673
35,8.455679893493652,0.22650887072086334,1.9625003337860107,0.37889704880158903
35,8.440537452697754,0.22431832551956177,1.946608304977417,0.38062110604364174
35,8.42505931854248,0.22243452072143555,1.931053638458252,0.3820380219850587
35,8.409154891967773,0.2208404392004013,1.9157623052597046,0.38311681497713135
35,8.392830848693848,0.21952511370182037,1.9007635116577148,0.3837544784160089
35,8.3761568069458,0.21848827600479126,1.8861314058303833,0.38422825609223765
35,8.359076499938965,0.21771840751171112,1.8718359470367432,0.3842516380359708
35,8.341653823852539,0.21720710396766663,1.8579479455947876,0.38398658902337574
35,8.32388973236084,0.21694640815258026,1.844475269317627,0.3834603800862843
35,8.305792808532715,0.2169213443994522,1.8314509391784668,0.3826524472182104
35,8.28736686706543,0.21711938083171844,1.8188971281051636,0.3816138991518075
35,8.268611907958984,0.2175191342830658,1.8068466186523438,0.3802730283980261
35,8.24952507019043,0.21810275316238403,1.7953366041183472,0.3789693939598585
35,8.230103492736816,0.21884822845458984,1.7844092845916748,0.3775048535275636
35,8.210351943969727,0.21973523497581482,1.7741035223007202,0.37618283455785495
35,8.190271377563477,0.22074058651924133,1.7644661664962769,0.3750271775066909
35,8.169868469238281,0.22184188663959503,1.7555419206619263,0.3742404577137904
35,8.149152755737305,0.22301480174064636,1.7473825216293335,0.37411461316072375
35,8.12813663482666,0.22422988712787628,1.7400360107421875,0.37450590041227094
35,8.106840133666992,0.22545300424098969,1.73354971408844,0.37597996108656806
35,8.085286140441895,0.2266477644443512,1.727972388267517,0.3786771540211889
35,8.063504219055176,0.22776736319065094,1.7233500480651855,0.3827690941092444
35,8.041526794433594,0.22875116765499115,1.7197214365005493,0.38859485107627195
35,8.01939582824707,0.22953270375728607,1.7171192169189453,0.3965824842398711
35,7.997156620025635,0.23003722727298737,1.7155627012252808,0.407073029424915
35,7.974860191345215,0.23018214106559753,1.7150558233261108,0.420443082618627
35,7.952563762664795,0.22987808287143707,1.7155849933624268,0.43717509330230264
35,7.930327892303467,0.22903276979923248,1.7171169519424438,0.45774525686626494
35,7.908211708068848,0.2275514006614685,1.7196018695831299,0.4825554608893906
35,7.886275291442871,0.22534207999706268,1.722975254058838,0.5120478000454747
35,7.864578723907471,0.22232863306999207,1.7271617650985718,0.5460960141336381
35,7.843170166015625,0.21848222613334656,1.7320655584335327,0.5855522149045858
35,7.822099685668945,0.21380175650119781,1.737601399421692,0.6310804892653129
35,7.801365852355957,0.20833981037139893,1.743697166442871,0.6826205723518475
35,7.780953407287598,0.2022186666727066,1.7502965927124023,0.7418721506074087
35,7.760817050933838,0.19566111266613007,1.757312297821045,0.8136354926863633
35,7.740821838378906,0.18890327215194702,1.7647008895874023,0.8870564741927927
35,7.721001148223877,0.1821012943983078,1.7725387811660767,0.9738352284735308
35,7.701232433319092,0.17542104423046112,1.780601978302002,1.1007498242475025
35,7.68112850189209,0.16906805336475372,1.7880356311798096,1.2986421573392621
35,7.660411357879639,0.16320739686489105,1.7942813634872437,1.5158659109362418
35,7.639245510101318,0.1578148901462555,1.7991372346878052,1.6242181575512449
35,7.627865314483643,0.15502038598060608,1.8012690544128418,1.646259123130291
35,7.606464385986328,0.15002182126045227,1.805132508277893,1.5232245473234474
35,7.585025787353516,0.14621692895889282,1.8099232912063599,1.252951483876176
35,7.565342426300049,0.14584219455718994,1.8169188499450684,1.0430653760058557
35,7.546831130981445,0.15101271867752075,1.8280364274978638,0.9359292149123373
35,7.531148433685303,0.15945826470851898,1.8414112329483032,0.8755772639793754
35,7.516855239868164,0.16837990283966064,1.8560112714767456,0.8017125023689173
35,7.5026164054870605,0.17608360946178436,1.8713347911834717,0.728491142389812
35,7.487621784210205,0.1817280799150467,1.88682222366333,0.6666209643375836
35,7.471441745758057,0.18477825820446014,1.9018348455429077,0.6266220495778375
35,7.4590606689453125,0.18531924486160278,1.912028193473816,0.6110809804509507
35,7.441018581390381,0.18395008146762848,1.9250344038009644,0.6040409660119787
35,7.426170825958252,0.18137815594673157,1.9343026876449585,0.6076239607309678
35,7.410135746002197,0.17758657038211823,1.9431710243225098,0.6176194750693091
35,7.395254135131836,0.17338444292545319,1.950571060180664,0.6247065696831805
35,7.383450984954834,0.16972428560256958,1.9560292959213257,0.6313523871897775
35,7.3639044761657715,0.16325511038303375,1.9645860195159912,0.6413452069982744
35,7.344306945800781,0.15639951825141907,1.9727158546447754,0.6479115011253838
35,7.324707984924316,0.14936721324920654,1.980690360069275,0.6511229267444308
35,7.307592868804932,0.14323285222053528,1.9878125190734863,0.6496648620246179
35,7.288146495819092,0.13634736835956573,1.9962730407714844,0.6459923432567015
35,7.268852233886719,0.12965521216392517,2.0052223205566406,0.6370705870795191
35,7.24979305267334,0.12325455248355865,2.014860153198242,0.6266488532314134
35,7.233097076416016,0.11778382211923599,2.0240981578826904,0.6189666161549956
35,7.214709758758545,0.11182507872581482,2.035210371017456,0.610747399484024
35,7.196793079376221,0.10605665296316147,2.0471608638763428,0.603685589843681
35,7.179503917694092,0.10044599324464798,2.0600709915161133,0.5978065701289422
35,7.162862777709961,0.09487252682447433,2.073821544647217,0.5970433540814152
35,7.146936893463135,0.08919677138328552,2.0883755683898926,0.5987836762379561
35,7.131848335266113,0.08340153098106384,2.103750705718994,0.6012270006275879
35,7.117674350738525,0.0773361399769783,2.119990348815918,0.607513475026543
35,7.104469299316406,0.07088010758161545,2.1370761394500732,0.6163795303187868
35,7.092342853546143,0.06396903842687607,2.154737949371338,0.6287684077142619
35,7.081315517425537,0.056475136429071426,2.173046112060547,0.6447106562972605
35,7.071531295776367,0.04838194325566292,2.191758632659912,0.6622597585847336
35,7.0629377365112305,0.03963981568813324,2.2107324600219727,0.6828789484450336
35,7.055542945861816,0.030197719112038612,2.229875326156616,0.7061132563011101
35,7.049299240112305,0.019956715404987335,2.249202251434326,0.73390146694061
35,7.0441999435424805,0.008996746502816677,2.268421173095703,0.7616416156756655
35,7.040189266204834,-0.0027682262007147074,2.2875657081604004,0.7914409189070367
35,7.037237167358398,-0.015258192084729671,2.306405782699585,0.8241713656246702
35,7.035310745239258,-0.028476743027567863,2.3248982429504395,0.8594606138981532
35,7.0343523025512695,-0.04240919277071953,2.3429677486419678,0.8944334202870291
35,7.034339904785156,-0.05702606961131096,2.3605144023895264,0.930560550936606
35,7.035252571105957,-0.07232822477817535,2.3774776458740234,0.9689668572956863
35,7.037078857421875,-0.08826474100351334,2.3937501907348633,1.0079628937030962
35,7.039783954620361,-0.1048668697476387,2.4092814922332764,1.0462686299680577
35,7.043358325958252,-0.12209511548280716,2.4239859580993652,1.0874882631506235
35,7.047760009765625,-0.1399093121290207,2.437788248062134,1.1251649617470065
35,7.052982807159424,-0.15830622613430023,2.450618267059326,1.1631362372379164
35,7.058948516845703,-0.17718781530857086,2.4623687267303467,1.1975112937431136
35,7.065690040588379,-0.19661182165145874,2.4730308055877686,1.231959784878362
35,7.073087692260742,-0.21646983921527863,2.4825282096862793,1.2597980759326675
35,7.081060886383057,-0.23657472431659698,2.4907572269439697,1.2835713972725806
35,7.089718818664551,-0.2571417987346649,2.4977734088897705,1.3032170678052741
35,7.098859786987305,-0.27800557017326355,2.5035362243652344,1.316154966132778
35,7.108360767364502,-0.2989308536052704,2.5080039501190186,1.3216976581937603
35,7.118192195892334,-0.3199320435523987,2.511230945587158,1.3219460979165873
35,7.128325462341309,-0.34107786417007446,2.513279676437378,1.3159254288906699
35,7.138596534729004,-0.3621155023574829,2.5141918659210205,1.3052192727059078
35,7.149040699005127,-0.38325199484825134,2.514042854309082,1.2905093193662627
35,7.1596245765686035,-0.40446433424949646,2.512864828109741,1.270756452641901
35,7.17022705078125,-0.42556244134902954,2.5107226371765137,1.2488151860489094
35,7.180827617645264,-0.44652172923088074,2.5076866149902344,1.2226008293641508
35,7.19144344329834,-0.4673336446285248,2.5038058757781982,1.1953502362680029
35,7.202163219451904,-0.4880983531475067,2.499093770980835,1.1653754970571213
35,7.212939739227295,-0.50864177942276,2.4936349391937256,1.134569093011255
35,7.223893642425537,-0.5290696620941162,2.487419843673706,1.10127731492776
35,7.2349348068237305,-0.5491107106208801,2.480583429336548,1.064391898742015
35,7.246170997619629,-0.5688208937644958,2.473130226135254,1.026245045459404
35,7.257646083831787,-0.5882015228271484,2.4651217460632324,0.9878511756852234
35,7.269484043121338,-0.6073426008224487,2.4565465450286865,0.94718101757166
35,7.2816033363342285,-0.6260105967521667,2.4475605487823486,0.9062262681363112
35,7.294169902801514,-0.6443846821784973,2.4381043910980225,0.8648723826192134
35,7.307039260864258,-0.6622149348258972,2.4283607006073,0.8241313686445997
35,7.320370674133301,-0.6796145439147949,2.418286085128784,0.7838469903627656
35,7.33416748046875,-0.6965596675872803,2.407925605773926,0.7459766755514107
35,7.348292827606201,-0.7128213047981262,2.3974382877349854,0.7091318303345601
35,7.363017559051514,-0.7286350727081299,2.3866679668426514,0.6749278145813651
35,7.378274917602539,-0.743903398513794,2.375694513320923,0.6432577540610576
35,7.393914222717285,-0.7584046721458435,2.364668130874634,0.6140305021569049
35,7.410167694091797,-0.7723559141159058,2.353428363800049,0.5871725133364809
35,7.4267802238464355,-0.7855154871940613,2.3421707153320312,0.5631589520988466
35,7.443912982940674,-0.7980283498764038,2.330782413482666,0.5411085232801708
35,7.461469650268555,-0.8098530769348145,2.3193039894104004,0.5207990922865143
35,7.479445934295654,-0.8209930658340454,2.3077170848846436,0.501839003744486
35,7.49788761138916,-0.8315706253051758,2.2959535121917725,0.48405028741836104
35,7.5164570808410645,-0.8414273262023926,2.284177303314209,0.46733879802988587
35,7.5351738929748535,-0.8506907224655151,2.272303581237793,0.4500418763294386
35,7.5541605949401855,-0.8595151305198669,2.260174512863159,0.4329323648799837
35,7.5731353759765625,-0.8679143786430359,2.2478723526000977,0.4140759272803611
35,7.589756011962891,-0.8750779628753662,2.2368671894073486,0.3970941386009181
35,7.6085591316223145,-0.8832108378410339,2.224072217941284,0.37577379844555114
35,7.627139568328857,-0.8914824724197388,2.2110044956207275,0.3581170117503619
35,7.645089626312256,-0.8997331261634827,2.1971449851989746,0.3383247049178647
35,7.652008533477783,-0.9030558466911316,2.191039800643921,0.3279136641773474
35,7.665862560272217,-0.910280168056488,2.172927141189575,0.30579627644945895
35,7.6717848777771,-0.9142964482307434,2.1578240394592285,0.3102846517439282
35,7.674047470092773,-0.9161046147346497,2.14870023727417,0.31740163473998206
35,7.675265312194824,-0.9171503186225891,2.1422674655914307,0.3212518485063851
35,7.680675983428955,-0.919812023639679,2.118900775909424,0.32789780554931036
35,7.6903252601623535,-0.9207515716552734,2.0968642234802246,0.31002747187322327
35,7.698495388031006,-0.9205477833747864,2.0866641998291016,0.3028289781945204
35,7.709060192108154,-0.9200238585472107,2.079629421234131,0.3128096478319966
35,7.718034744262695,-0.9194438457489014,2.076566696166992,0.3313267102534887
35,7.741856575012207,-0.9176977872848511,2.0742342472076416,0.39636328924041336
35,7.756734848022461,-0.9163707494735718,2.074584484100342,0.4004617514897895
35,7.770266056060791,-0.9148012399673462,2.0748093128204346,0.39944784884305323
35,7.794178485870361,-0.9107659459114075,2.073432445526123,0.3804743376034531
35,7.817289352416992,-0.9050782918930054,2.0685973167419434,0.3871285368558206
35,7.838840484619141,-0.8983321189880371,2.0606751441955566,0.40125854072842876
35,7.858394145965576,-0.8910817503929138,2.0508196353912354,0.41634795277335057
35,7.877572536468506,-0.882868766784668,2.0387909412384033,0.43185736804740726
35,7.895546913146973,-0.874102771282196,2.025463819503784,0.44666381148710443
35,7.912381172180176,-0.8649011254310608,2.0112357139587402,0.46034428454658866
35,7.928299427032471,-0.8552849292755127,1.9963265657424927,0.4723934018331588
35,7.943431377410889,-0.8452601432800293,1.9808520078659058,0.4830552701760852
35,7.957746505737305,-0.8349475860595703,1.965053915977478,0.49222782422021877
35,7.971359729766846,-0.8243247866630554,1.9489108324050903,0.5003941629031428
35,7.984254837036133,-0.8134668469429016,1.9325090646743774,0.5076002920458322
35,7.996500492095947,-0.8023585677146912,1.9157804250717163,0.5141071767387274
35,8.008069038391113,-0.7910638451576233,1.8987575769424438,0.5199319985566575
35,8.018933296203613,-0.7796610593795776,1.8815011978149414,0.5253793378487008
35,8.029131889343262,-0.7681540846824646,1.8639569282531738,0.5300295658769731
35,8.038651466369629,-0.7566145658493042,1.846198320388794,0.5342740449744255
35,8.047554016113281,-0.7450233101844788,1.8281598091125488,0.5380607854679738
35,8.055765151977539,-0.7335535287857056,1.8100944757461548,0.540702335215533
35,8.063420295715332,-0.722079873085022,1.7917910814285278,0.5428259898169816
35,8.070528030395508,-0.7106600403785706,1.7733283042907715,0.543867019317736
35,8.077187538146973,-0.6991987824440002,1.7545311450958252,0.5442097270472772
35,8.083345413208008,-0.6878384947776794,1.735620379447937,0.5428558371215279
35,8.089056015014648,-0.6765515208244324,1.716528296470642,0.541147389316262
35,8.094340324401855,-0.6653580665588379,1.6972620487213135,0.5378567728166049
35,8.099202156066895,-0.6543294787406921,1.6779181957244873,0.5337977901503426
35,8.103680610656738,-0.6434329152107239,1.6584075689315796,0.5282832379781252
35,8.107780456542969,-0.6327309608459473,1.6388086080551147,0.5218810060539634
35,8.111534118652344,-0.622208833694458,1.6190454959869385,0.5146375000284198
35,8.114951133728027,-0.6119279265403748,1.599190354347229,0.5059331579192274
35,8.118062973022461,-0.6018765568733215,1.5791682004928589,0.4964020003390661
35,8.120888710021973,-0.5920848846435547,1.5589808225631714,0.48518411986832044
35,8.123449325561523,-0.582614541053772,1.5386871099472046,0.4731696972154236
35,8.12578296661377,-0.5734723806381226,1.5182169675827026,0.46020177452815286
35,8.12791919708252,-0.5647261738777161,1.4976272583007812,0.44550745121958735
35,8.129910469055176,-0.5563986897468567,1.476850986480713,0.42983164070307883
35,8.131805419921875,-0.5485509634017944,1.455880045890808,0.4130122610357023
35,8.13366985321045,-0.541276752948761,1.4347656965255737,0.39456639899202917
35,8.135597229003906,-0.5346487164497375,1.4134461879730225,0.37520546057021525
35,8.1376953125,-0.5287865996360779,1.3919202089309692,0.3548554535954157
35,8.140108108520508,-0.5238422751426697,1.370189905166626,0.3334678224734724
35,8.14302921295166,-0.5200290679931641,1.3483459949493408,0.3112825864085251
35,8.146723747253418,-0.5175963044166565,1.326424479484558,0.28925641406039226
35,8.147747039794922,-0.5172556042671204,1.3212251663208008,0.28410708669740486
36,1.2252066135406494,0.16617225110530853,1.7150169610977173,1.007456965235248
36,1.3471240997314453,0.16629624366760254,1.717172384262085,1.0084811332156085
36,1.4694302082061768,0.16643387079238892,1.7194797992706299,1.009495057640284
36,1.5918495655059814,0.16658534109592438,1.7219334840774536,1.0104828974219255
36,1.714266061782837,0.1667509824037552,1.7245302200317383,1.011462216433559
36,1.836705207824707,0.16693183779716492,1.7272714376449585,1.0124336040596134
36,1.9591410160064697,0.16712889075279236,1.730157494544983,1.0133951999968085
36,2.0815773010253906,0.16734342277050018,1.7331901788711548,1.014346019127575
36,2.204010248184204,0.16757707297801971,1.736373782157898,1.015273815751182
36,2.3264389038085938,0.16783086955547333,1.7397124767303467,1.0161526731666934
36,2.4488630294799805,0.168106347322464,1.7432173490524292,1.0170048144240846
36,2.571281671524048,0.168404221534729,1.7469033002853394,1.0177333975772562
36,2.6936941146850586,0.1687251776456833,1.7507879734039307,1.018399853768915
36,2.816098690032959,0.16906975209712982,1.7549054622650146,1.0189607011614223
36,2.9384942054748535,0.16943830251693726,1.759283185005188,1.0193851958563658
36,3.060878276824951,0.16983138024806976,1.7639728784561157,1.0197453260390699
36,3.1832473278045654,0.1702495962381363,1.7690354585647583,1.0199815135621124
36,3.3055977821350098,0.1706935614347458,1.774525761604309,1.0202088176867385
36,3.4279239177703857,0.17116430401802063,1.7805358171463013,1.0204319875505137
36,3.550220251083374,0.1716652810573578,1.7871173620224,1.0208551705704974
36,3.672480821609497,0.17220307886600494,1.7943295240402222,1.021480672115866
36,3.794687032699585,0.17279820144176483,1.802103042602539,1.0227347109868965
36,3.9168620109558105,0.17346346378326416,1.8103448152542114,1.0241680059870057
36,4.038803577423096,0.17420870065689087,1.8187791109085083,1.0257364196705439
36,4.160743236541748,0.17503304779529572,1.8272342681884766,1.0269686554601638
36,4.2816057205200195,0.17592427134513855,1.835424780845642,1.0280307159309274
36,4.399252891540527,0.17687156796455383,1.8430076837539673,1.0287717941710468
36,4.516932010650635,0.17790833115577698,1.8500580787658691,1.0289354212898696
36,4.628321170806885,0.1789938062429428,1.8560049533843994,1.028660504357549
36,4.731285572052002,0.1801074743270874,1.8607017993927002,1.0275519217990927
36,4.834285736083984,0.1813468486070633,1.8644922971725464,1.0255383496763697
36,4.9294281005859375,0.1826273649930954,1.8670470714569092,1.02287326220135
36,5.019396781921387,0.1839807778596878,1.8685427904129028,1.019514450496258
36,5.106939315795898,0.18545307219028473,1.8690953254699707,1.0154065761383262
36,5.193694591522217,0.18708781898021698,1.8687502145767212,1.0104164213247675
36,5.28043794631958,0.18892580270767212,1.8675217628479004,1.0043891461554633
36,5.367026329040527,0.19099979102611542,1.8654333353042603,0.9974941292351363
36,5.45534610748291,0.19341033697128296,1.862445592880249,0.9897168922494135
36,5.54705286026001,0.19629311561584473,1.8584500551223755,0.9809032907163199
36,5.642019271850586,0.199769988656044,1.853355884552002,0.9709899138343384
36,5.739944934844971,0.2039869874715805,1.8470770120620728,0.9597097086662683
36,5.837550640106201,0.20894335210323334,1.8397722244262695,0.947555659641743
36,5.93778657913208,0.21496258676052094,1.831162929534912,0.934506884969511
36,6.040071964263916,0.22226582467556,1.8211827278137207,0.9207499555359708
36,6.1436944007873535,0.23107929527759552,1.809781551361084,0.9065039854607907
36,6.247008323669434,0.24152395129203796,1.7970389127731323,0.8915144875341289
36,6.350747108459473,0.2539368271827698,1.7827496528625488,0.8763335140784788
36,6.45397424697876,0.26850295066833496,1.7668741941452026,0.8615274822777129
36,6.557614803314209,0.285592257976532,1.7492175102233887,0.8471048156535872
36,6.6602020263671875,0.30525147914886475,1.7299680709838867,0.8317404840057551
36,6.761821746826172,0.32789185643196106,1.7089542150497437,0.8128264937858868
36,6.7869977951049805,0.33406558632850647,1.7034192085266113,0.8084288255132434
36,6.811830520629883,0.3404028117656708,1.6978285312652588,0.804244408148203
36,6.83648157119751,0.3469509482383728,1.692152976989746,0.8000966941833476
36,6.861116886138916,0.3537629544734955,1.6863600015640259,0.7960128817317147
36,6.885560035705566,0.36079126596450806,1.680496096611023,0.7920644274050233
36,6.909383296966553,0.36790868639945984,1.674674391746521,0.7884085985034961
36,6.93248987197876,0.3750707805156708,1.66893470287323,0.7851362094784019
36,6.955443859100342,0.38244369626045227,1.6631509065628052,0.7819241652023433
36,6.978203773498535,0.3900132179260254,1.6573436260223389,0.778884658966345
36,7.000874996185303,0.3978140652179718,1.6514959335327148,0.7761200232765862
36,7.0233473777771,0.40580567717552185,1.6456483602523804,0.7735117685773204
36,7.045710563659668,0.4140125811100006,1.6397910118103027,0.7712247539384166
36,7.067868232727051,0.42238849401474,1.633966326713562,0.7693507364960522
36,7.089950084686279,0.43097081780433655,1.6281545162200928,0.7674466824142897
36,7.111937522888184,0.4397389590740204,1.6223748922348022,0.765762746463349
36,7.133740425109863,0.448638916015625,1.616668701171875,0.7644447297403796
36,7.155364513397217,0.4576513469219208,1.6110509634017944,0.7631357166562216
36,7.17692756652832,0.4668063521385193,1.6055086851119995,0.7620117916183973
36,7.198452949523926,0.47610029578208923,1.6000529527664185,0.7612008620443416
36,7.219927787780762,0.48551273345947266,1.594702124595642,0.7603778594014596
36,7.2412519454956055,0.4949890375137329,1.5894984006881714,0.7600342095633011
36,7.262429714202881,0.5045208930969238,1.5844568014144897,0.7599821340548394
36,7.283579349517822,0.5141501426696777,1.5795645713806152,0.7601959701139744
36,7.3045973777771,0.5238171815872192,1.5748594999313354,0.7610609524907223
36,7.325612545013428,0.5335688591003418,1.5703229904174805,0.7620877398000555
36,7.346634864807129,0.5433930158615112,1.5659639835357666,0.7639103138014679
36,7.367550373077393,0.5532139539718628,1.561813235282898,0.7664591027295845
36,7.388503551483154,0.5630743503570557,1.5578441619873047,0.7694255067653419
36,7.4093780517578125,0.5728822946548462,1.554076075553894,0.7735125976467494
36,7.430296897888184,0.5826507210731506,1.5504766702651978,0.7780060359540105
36,7.451310157775879,0.5923557281494141,1.5470218658447266,0.7831212120892312
36,7.472304821014404,0.6018717288970947,1.5436985492706299,0.7884676325631549
36,7.4934492111206055,0.611209511756897,1.540442943572998,0.7929478462857844
36,7.514622211456299,0.6202392578125,1.5372231006622314,0.7962042759118894
36,7.5358452796936035,0.6288878321647644,1.5339696407318115,0.7968646967224974
36,7.557359218597412,0.6372073292732239,1.5306016206741333,0.7932853884178646
36,7.5789289474487305,0.6450777053833008,1.5271141529083252,0.7845577281279272
36,7.6005425453186035,0.6525198817253113,1.523497223854065,0.7712370271584628
36,7.622337341308594,0.6596413254737854,1.5197577476501465,0.7546827212601719
36,7.644228935241699,0.6665046811103821,1.5159696340560913,0.7355828514291559
36,7.666020393371582,0.6731597185134888,1.5122551918029785,0.7154064818222348
36,7.687801837921143,0.6797299981117249,1.508695363998413,0.6952298891481486
36,7.709719657897949,0.6863223910331726,1.5053629875183105,0.6754835594897914
36,7.731671333312988,0.692962110042572,1.5023698806762695,0.6567930139704716
36,7.753608226776123,0.6996675133705139,1.499806523323059,0.6393493051257436
36,7.775532245635986,0.7064487338066101,1.4977400302886963,0.6225159780749386
36,7.797576904296875,0.7133455872535706,1.496216058731079,0.6068756934115849
36,7.819710731506348,0.7203440070152283,1.4952771663665771,0.5922324879700047
36,7.841701030731201,0.727360188961029,1.4949557781219482,0.5785020623895789
36,7.86379861831665,0.7344655394554138,1.4952518939971924,0.5654069953757824
36,7.885719299316406,0.7415666580200195,1.4961583614349365,0.5533158174260817
36,7.907724380493164,0.7487500309944153,1.4976624250411987,0.5422663645026694
36,7.929643154144287,0.7559680938720703,1.4997342824935913,0.5317651037110024
36,7.951569557189941,0.7632668614387512,1.502362608909607,0.5220640754775545
36,7.973379611968994,0.7706179618835449,1.5055077075958252,0.5132125051265145
36,7.995093822479248,0.7780360579490662,1.5091453790664673,0.5050361872156519
36,8.016770362854004,0.7855522036552429,1.5132642984390259,0.4973738900405099
36,8.038301467895508,0.7931357622146606,1.517820954322815,0.49026134934818805
36,8.05948543548584,0.8007156848907471,1.5227402448654175,0.4836015907249364
36,8.080597877502441,0.8083913326263428,1.5280606746673584,0.47722783334151875
36,8.101804733276367,0.8162132501602173,1.5337990522384644,0.47118375367775733
36,8.122858047485352,0.8240818381309509,1.5398670434951782,0.4654335225059242
36,8.14376163482666,0.8319905400276184,1.546236515045166,0.45975083652864857
36,8.164588928222656,0.8399580717086792,1.5529013872146606,0.45430766549141655
36,8.185281753540039,0.847941517829895,1.5598084926605225,0.4490684759689878
36,8.205843925476074,0.8559317588806152,1.5669275522232056,0.44383587613595354
36,8.226344108581543,0.8639470338821411,1.5742510557174683,0.4387200741659218
36,8.246734619140625,0.8719495534896851,1.5817255973815918,0.4337567713446801
36,8.267023086547852,0.8799305558204651,1.5893195867538452,0.4287745340434717
36,8.287272453308105,0.8879079222679138,1.5970242023468018,0.4238502240675422
36,8.30744457244873,0.8958494067192078,1.6047862768173218,0.41906738750624767
36,8.327548027038574,0.9037479162216187,1.6125741004943848,0.41428661781240855
36,8.347643852233887,0.9116201400756836,1.6203768253326416,0.4095641654624779
36,8.367696762084961,0.9194384813308716,1.6281429529190063,0.405021845812484
36,8.387717247009277,0.9271963238716125,1.6358401775360107,0.40053611311043097
36,8.407697677612305,0.9348835349082947,1.6434311866760254,0.3961587672655998
36,8.4276704788208,0.9425005912780762,1.6508904695510864,0.39205777976912287
36,8.447646141052246,0.9500407576560974,1.6581861972808838,0.38807875489552374
36,8.467679023742676,0.9575158357620239,1.6653043031692505,0.38429174938930805
36,8.487735748291016,0.9649047255516052,1.6721999645233154,0.3808254342985825
36,8.507837295532227,0.9722031950950623,1.6788467168807983,0.37761913383494805
36,8.528009414672852,0.9794105887413025,1.685220718383789,0.37469396224546264
36,8.54830551147461,0.9865384697914124,1.6913117170333862,0.3720979229233686
36,8.568641662597656,0.9935485124588013,1.6970665454864502,0.36986948431206423
36,8.589065551757812,1.00044584274292,1.7024726867675781,0.36801186072439673
36,8.609621047973633,1.0072375535964966,1.7075213193893433,0.3666568188303549
36,8.630263328552246,1.0139026641845703,1.7121846675872803,0.3656437412304669
36,8.650992393493652,1.0204331874847412,1.716444730758667,0.36496819035432065
36,8.671771049499512,1.0268099308013916,1.720279574394226,0.36470698003269164
36,8.692667007446289,1.0330498218536377,1.7236984968185425,0.36499395780302313
36,8.713635444641113,1.0391346216201782,1.7266886234283447,0.36570387837991597
36,8.734672546386719,1.0450561046600342,1.7292442321777344,0.36676020365178313
36,8.755770683288574,1.050806999206543,1.731360912322998,0.3681628522279795
36,8.776952743530273,1.0563921928405762,1.7330490350723267,0.3701395222080895
36,8.798150062561035,1.0617916584014893,1.7343111038208008,0.37241864616045295
36,8.819385528564453,1.0670082569122314,1.7351534366607666,0.37497569141190196
36,8.84065055847168,1.0720371007919312,1.7355810403823853,0.37778902867761577
36,8.861939430236816,1.0768742561340332,1.735601544380188,0.38093451751380264
36,8.88326644897461,1.0815250873565674,1.7352343797683716,0.3844544311043681
36,8.904601097106934,1.085982322692871,1.7344918251037598,0.3881761164207884
36,8.92593765258789,1.0902436971664429,1.7333847284317017,0.3921255606214767
36,8.947273254394531,1.0943071842193604,1.7319252490997314,0.39628639086891726
36,8.968600273132324,1.0981709957122803,1.730125069618225,0.4006002744883603
36,8.989914894104004,1.101834774017334,1.7279976606369019,0.40513638152696124
36,9.011228561401367,1.1053036451339722,1.7255632877349854,0.409872180005674
36,9.032522201538086,1.1085753440856934,1.7228363752365112,0.4146999038795644
36,9.053792953491211,1.1116496324539185,1.7198283672332764,0.4196027803401941
36,9.075039863586426,1.114526391029358,1.7165501117706299,0.4245655061881699
36,9.096260070800781,1.1172057390213013,1.713012456893921,0.4296197549591958
36,9.117453575134277,1.1196887493133545,1.7092300653457642,0.4348363804392558
36,9.138619422912598,1.1219760179519653,1.7052148580551147,0.44007614868731154
36,9.15975570678711,1.124067783355713,1.7009769678115845,0.4453277886475486
36,9.180861473083496,1.1259653568267822,1.6965268850326538,0.4506154359469557
36,9.201940536499023,1.1276713609695435,1.691878318786621,0.45591230238636143
36,9.222992897033691,1.1291877031326294,1.6870416402816772,0.4613066706232287
36,9.244029998779297,1.1305170059204102,1.6820272207260132,0.46676825801829236
36,9.265022277832031,1.131657600402832,1.6768499612808228,0.4721807477101232
36,9.285983085632324,1.1326110363006592,1.671514630317688,0.4775360781965949
36,9.306913375854492,1.1333776712417603,1.6660280227661133,0.48282444162109156
36,9.327811241149902,1.133959174156189,1.660400390625,0.48821909662368945
36,9.348679542541504,1.134358525276184,1.6546438932418823,0.4935788916402235
36,9.369515419006348,1.1345760822296143,1.648765206336975,0.4988618923664666
36,9.390318870544434,1.1346125602722168,1.642770528793335,0.5040431378944501
36,9.411090850830078,1.1344692707061768,1.6366677284240723,0.5092418780852269
36,9.431833267211914,1.1341501474380493,1.6304689645767212,0.5144300929561708
36,9.452544212341309,1.1336560249328613,1.6241810321807861,0.5194940090207245
36,9.473225593566895,1.13298761844635,1.6178092956542969,0.5244351795523597
36,9.493876457214355,1.1321461200714111,1.6113605499267578,0.5293830311854165
36,9.514498710632324,1.1311358213424683,1.6048462390899658,0.534288357153906
36,9.535093307495117,1.1299577951431274,1.598272442817688,0.539042320075286
36,9.555660247802734,1.1286122798919678,1.5916436910629272,0.5436401715383938
36,9.576200485229492,1.127101182937622,1.5849672555923462,0.5482539762052738
36,9.596715927124023,1.1254291534423828,1.5782535076141357,0.5527712852357652
36,9.617207527160645,1.1235971450805664,1.5715081691741943,0.5571472361235955
36,9.637675285339355,1.1216068267822266,1.5647389888763428,0.5613655537184458
36,9.658123970031738,1.1194623708724976,1.5579547882080078,0.5656253240853752
36,9.678553581237793,1.1171669960021973,1.551163673400879,0.5697024397374315
36,9.69896411895752,1.1147208213806152,1.5443700551986694,0.5735990492066468
36,9.71935749053955,1.1121240854263306,1.5375781059265137,0.5774004885044638
36,9.73973560333252,1.1093822717666626,1.5307974815368652,0.5811549958527755
36,9.760098457336426,1.106496810913086,1.5240341424942017,0.5847204415326874
36,9.780447959899902,1.1034674644470215,1.5172920227050781,0.588098559340949
36,9.800785064697266,1.100295901298523,1.510576605796814,0.5914269008933937
36,9.821113586425781,1.0969891548156738,1.503900170326233,0.5946780542930985
36,9.841435432434082,1.093549370765686,1.4972703456878662,0.5977442525123859
36,9.861750602722168,1.08997642993927,1.4906913042068481,0.6006243552267184
36,9.882060050964355,1.0862736701965332,1.484169840812683,0.6034908456860224
36,9.90236759185791,1.0824453830718994,1.4777133464813232,0.6061934027914745
36,9.922673225402832,1.0784915685653687,1.4713258743286133,0.6087231825701118
36,9.942976951599121,1.0744123458862305,1.4650112390518188,0.6110899745559497
36,9.963282585144043,1.0702141523361206,1.4587810039520264,0.6134784357268027
36,9.983592987060547,1.0659021139144897,1.4526441097259521,0.6156945604216856
36,10.003907203674316,1.061476707458496,1.446604609489441,0.6177450643200774
36,10.024227142333984,1.0569382905960083,1.4406660795211792,0.6196389923541644
36,10.044551849365234,1.0522899627685547,1.4348337650299072,0.6215187786801288
36,10.064886093139648,1.0475369691848755,1.4291150569915771,0.6232751755203105
36,10.085229873657227,1.0426832437515259,1.4235191345214844,0.6248955677909022
36,10.105584144592285,1.0377299785614014,1.4180501699447632,0.6263753539930879
36,10.12594985961914,1.0326789617538452,1.412711501121521,0.6277749796957541
36,10.146332740783691,1.0275341272354126,1.407507300376892,0.6291242752904638
36,10.166729927062988,1.022299885749817,1.4024438858032227,0.6303738059708056
36,10.187207221984863,1.0169636011123657,1.3975138664245605,0.6315334671046705
36,10.208005905151367,1.0114628076553345,1.3926677703857422,0.6326021041595722
36,10.229673385620117,1.005648136138916,1.3877938985824585,0.6336438214729367
36,10.251358985900879,0.9997506141662598,1.3830984830856323,0.6346112387616629
36,10.274683952331543,0.9933269023895264,1.3782578706741333,0.6355408488892116
36,10.30014705657959,0.9862260818481445,1.3732268810272217,0.6363938765994808
36,10.32563304901123,0.9790298342704773,1.3684544563293457,0.6371113620444245
36,10.353019714355469,0.9712033271789551,1.3636212348937988,0.6377810758898458
36,10.381548881530762,0.9629661440849304,1.358924388885498,0.6384648515122845
36,10.410106658935547,0.9546423554420471,1.3545681238174438,0.6390000318281381
36,10.439114570617676,0.9461139440536499,1.3504968881607056,0.6394731952905782
36,10.46815013885498,0.9375166893005371,1.3467838764190674,0.6398850382320059
36,10.497306823730469,0.9288302659988403,1.343417763710022,0.6401833770369733
36,10.52648639678955,0.9200904965400696,1.340408205986023,0.640455107007002
36,10.55569839477539,0.9113097190856934,1.33775794506073,0.6407235258344731
36,10.584932327270508,0.9025001525878906,1.3354628086090088,0.6408947858668477
36,10.614185333251953,0.893669605255127,1.3335179090499878,0.6410966917270263
36,10.64345645904541,0.8848311305046082,1.331920862197876,0.6412653393718327
36,10.67274284362793,0.8759897351264954,1.3306633234024048,0.6413344020760582
36,10.702044486999512,0.8671541810035706,1.3297380208969116,0.641541225165317
36,10.731359481811523,0.8583352565765381,1.3291393518447876,0.6416761587251224
36,10.760685920715332,0.8495368361473083,1.3288570642471313,0.641765493737989
36,10.790021896362305,0.8407687544822693,1.3288825750350952,0.6420491176447454
36,10.819367408752441,0.8320390582084656,1.329209327697754,0.6422635957380582
36,10.848721504211426,0.8233507871627808,1.3298242092132568,0.6425075611120324
36,10.878083229064941,0.8147138953208923,1.3307201862335205,0.6429274245107303
36,10.907451629638672,0.8061344623565674,1.33188796043396,0.6433359001928654
36,10.9368257522583,0.7976146936416626,1.3333148956298828,0.6437916446920878
36,10.966207504272461,0.7891645431518555,1.3349950313568115,0.6444881395757822
36,10.99559497833252,0.7807886600494385,1.3369168043136597,0.645180249153158
36,11.024989128112793,0.7724890112876892,1.3390709161758423,0.6459482472100652
36,11.054388999938965,0.7642756700515747,1.3414498567581177,0.6470492876648007
36,11.083796501159668,0.7561545968055725,1.3440449237823486,0.6481422895690625
36,11.113211631774902,0.7481274604797363,1.346847653388977,0.6493644922944709
36,11.142633438110352,0.7402042150497437,1.3498501777648926,0.6509410262199115
36,11.172064781188965,0.7323893308639526,1.3530465364456177,0.6525369555483165
36,11.201505661010742,0.7246849536895752,1.3564271926879883,0.6542162114174507
36,11.23095703125,0.7170991897583008,1.359986662864685,0.6563381005026853
36,11.260419845581055,0.7096393704414368,1.3637197017669678,0.6585409729405176
36,11.289900779724121,0.7023078203201294,1.3676199913024902,0.6608510797899668
36,11.319393157958984,0.6951126456260681,1.3716835975646973,0.6635535058729038
36,11.348923683166504,0.6880602836608887,1.3759093284606934,0.6664898091964789
36,11.378466606140137,0.6811603903770447,1.3802894353866577,0.6695469040281143
36,11.408087730407715,0.6744024753570557,1.3848285675048828,0.6727488067781349
36,11.437858581542969,0.6677828431129456,1.389535903930664,0.6764178828557176
36,11.467644691467285,0.6613416075706482,1.394388198852539,0.6803461074645999
36,11.49769115447998,0.6550412178039551,1.3994200229644775,0.6844963779948667
36,11.527754783630371,0.6489377617835999,1.4045895338058472,0.6890816538695659
36,11.56297492980957,0.6420542001724243,1.4108139276504517,0.6951237603000404
36,11.62685489654541,0.630368709564209,1.4225490093231201,0.7066811306555787
36,11.690814018249512,0.6197124719619751,1.4348183870315552,0.7187548115922074
36,11.760520935058594,0.6093981266021729,1.4488067626953125,0.7325382958076644
36,11.886691093444824,0.5941677093505859,1.4753341674804688,0.7589361387249041
36,11.977965354919434,0.5857619047164917,1.4953268766403198,0.7748926490864121
36,12.096613883972168,0.5775604844093323,1.521675944328308,0.7902047534337906
36,12.215415000915527,0.5718765258789062,1.548010230064392,0.799196326630861
36,12.334732055664062,0.5677524209022522,1.5738744735717773,0.8030838381374664
36,12.454244613647461,0.5645533204078674,1.598955512046814,0.7988944823814972
36,12.574146270751953,0.5616429448127747,1.623116374015808,0.7941877957266185
36,12.694326400756836,0.5587703585624695,1.6463162899017334,0.7879861386287439
36,12.81469440460205,0.5557535886764526,1.6684961318969727,0.7840537202198584
36,12.859039306640625,0.5546236038208008,1.6764495372772217,0.783313891676623
37,0.3492209315299988,1.2067375183105469,2.4203221797943115,1.0003623226616092
37,0.4600701332092285,1.2068485021591187,2.420748472213745,1.000612337757998
37,0.5709187984466553,1.206990122795105,2.4212896823883057,1.0009417789108472
37,0.6862249374389648,1.2071704864501953,2.421970844268799,1.0013233776856354
37,0.8050093650817871,1.2073915004730225,2.4227936267852783,1.0017954439942887
37,0.9237928986549377,1.2076486349105835,2.423736333847046,1.0023171039164314
37,1.0446982383728027,1.207947850227356,2.4248156547546387,1.0028854195884258
37,1.165602445602417,1.208285927772522,2.426013708114624,1.003521762546801
37,1.2875312566757202,1.2086670398712158,2.4273407459259033,1.004184731991984
37,1.409850001335144,1.209092140197754,2.42879056930542,1.0048888173553878
37,1.5321671962738037,1.2095615863800049,2.4303581714630127,1.005619955922545
37,1.654598593711853,1.2100783586502075,2.4320459365844727,1.0063658542451965
37,1.777053952217102,1.210645079612732,2.433854579925537,1.0071357898835982
37,1.8995071649551392,1.2112637758255005,2.4357857704162598,1.0079081854943135
37,2.0219619274139404,1.2119380235671997,2.4378464221954346,1.0086846471853002
37,2.144414186477661,1.2126694917678833,2.440042734146118,1.0094523417217278
37,2.2668635845184326,1.21346116065979,2.4423861503601074,1.0102152107024134
37,2.3893094062805176,1.2143149375915527,2.4448938369750977,1.010955796167392
37,2.5117509365081787,1.215232253074646,2.447580337524414,1.011680674260254
37,2.6341874599456787,1.216214895248413,2.4504735469818115,1.0123913638268012
37,2.756617546081543,1.2172644138336182,2.4535973072052,1.013083377890043
37,2.879040002822876,1.2183820009231567,2.4569835662841797,1.0137789713593341
37,3.001453161239624,1.2195701599121094,2.460672616958618,1.0144892759488617
37,3.1238551139831543,1.2208304405212402,2.4646925926208496,1.0152643015307754
37,3.2462432384490967,1.2221665382385254,2.4690887928009033,1.0160886069450232
37,3.3686156272888184,1.2235839366912842,2.4738845825195312,1.0171288628649704
37,3.490969657897949,1.225089430809021,2.4790987968444824,1.0183208058177622
37,3.613304853439331,1.2266985177993774,2.4847142696380615,1.0197832154587934
37,3.735621213912964,1.2284210920333862,2.490690231323242,1.0216033639955233
37,3.857903003692627,1.2302744388580322,2.496922254562378,1.0235945037359606
37,3.979957103729248,1.232259750366211,2.5032708644866943,1.025824351844924
37,4.10200834274292,1.234383463859558,2.509631395339966,1.0280329320945094
37,4.222973346710205,1.2366267442703247,2.515789270401001,1.0301963990022243
37,4.3439483642578125,1.2390137910842896,2.5217015743255615,1.0321798861015627
37,4.461694240570068,1.2414867877960205,2.5270888805389404,1.033981062207346
37,4.573122501373291,1.2439807653427124,2.5317389965057373,1.0353916203402664
37,4.684566974639893,1.2466391324996948,2.535872220993042,1.036430607969791
37,4.787559509277344,1.2492637634277344,2.5391335487365723,1.0370828314449099
37,4.8826775550842285,1.2518491744995117,2.541609764099121,1.0373236307625235
37,4.977804183959961,1.2546064853668213,2.5435307025909424,1.0370234057901777
37,5.067743301391602,1.2573875188827515,2.5448124408721924,1.0363347487998957
37,5.155250072479248,1.2602695226669312,2.5455570220947266,1.0352727043896468
37,5.241968154907227,1.2633100748062134,2.54581880569458,1.0338409513157476
37,5.328524112701416,1.2665410041809082,2.545628786087036,1.0320448717379123
37,5.415056228637695,1.2699801921844482,2.5450186729431152,1.0298969654498955
37,5.501575469970703,1.2736420631408691,2.5440268516540527,1.027418286019346
37,5.588079929351807,1.2775404453277588,2.542696237564087,1.0245891481109688
37,5.674567699432373,1.2816897630691528,2.5410728454589844,1.0214885202964512
37,5.761037349700928,1.2861051559448242,2.539203405380249,1.0181415904055973
37,5.848028659820557,1.2908340692520142,2.537122964859009,1.014581784960379
37,5.937139511108398,1.2959942817687988,2.534830093383789,1.010779592243458
37,6.029376983642578,1.3016945123672485,2.532327890396118,1.0066955430995923
37,6.124551296234131,1.3079886436462402,2.5296499729156494,1.002292623055455
37,6.222299098968506,1.3149223327636719,2.526839017868042,0.9974782020317324
37,6.320009231567383,1.322361707687378,2.5240097045898438,0.9925533424373983
37,6.41981840133667,1.3305245637893677,2.521146297454834,0.987419513359162
37,6.480967044830322,1.3358327150344849,2.5194308757781982,0.9840321819458725
37,6.537261486053467,1.3409453630447388,2.517889976501465,0.9805444315925405
37,6.565588474273682,1.3436068296432495,2.5171332359313965,0.9787612033131325
37,6.591686248779297,1.3461154699325562,2.5164501667022705,0.977131805563182
37,6.617708683013916,1.3486727476119995,2.5157837867736816,0.9754841207351578
37,6.6436967849731445,1.351283311843872,2.5151350498199463,0.9738088204487321
37,6.6695427894592285,1.3539372682571411,2.51450777053833,0.9721174214274431
37,6.695419788360596,1.3566533327102661,2.513899326324463,0.9704002711049065
37,6.7213335037231445,1.359433650970459,2.5133116245269775,0.9686565279154363
37,6.747280597686768,1.3622796535491943,2.512746572494507,0.9668858091721884
37,6.773254871368408,1.3651925325393677,2.5122063159942627,0.9650880119846118
37,6.799221992492676,1.3681702613830566,2.5116934776306152,0.9632640046184502
37,6.825209617614746,1.3712173700332642,2.511209726333618,0.961415820988706
37,6.85121488571167,1.3743356466293335,2.5107572078704834,0.9595454389480798
37,6.877241134643555,1.3775274753570557,2.510338068008423,0.9576534090468365
37,6.903151035308838,1.3807770013809204,2.5099568367004395,0.9557532230754958
37,6.929073333740234,1.3841019868850708,2.509613275527954,0.9538386867016394
37,6.955000877380371,1.3875033855438232,2.5093092918395996,0.9519132653311961
37,6.980928897857666,1.3909823894500732,2.509047269821167,0.9499804626895647
37,7.006850242614746,1.3945401906967163,2.50882887840271,0.9480437490350486
37,7.032759666442871,1.3981778621673584,2.5086562633514404,0.9461069718533279
37,7.058650493621826,1.401896595954895,2.5085315704345703,0.9441725801293392
37,7.0844035148620605,1.405680537223816,2.5084567070007324,0.9422530592368646
37,7.110130786895752,1.4095476865768433,2.5084333419799805,0.9403452558089841
37,7.13582706451416,1.4134992361068726,2.508463144302368,0.9384535238497361
37,7.161487102508545,1.4175364971160889,2.508547782897949,0.9365825256201799
37,7.187105655670166,1.4216609001159668,2.5086896419525146,0.934736991915209
37,7.212677955627441,1.425873875617981,2.50888991355896,0.9329208270934628
37,7.238094329833984,1.4301587343215942,2.5091497898101807,0.9311441664948436
37,7.263457298278809,1.4345343112945557,2.509471893310547,0.92940694999495
37,7.28876256942749,1.4390020370483398,2.509857416152954,0.9277135953356499
37,7.314004898071289,1.4435635805130005,2.5103085041046143,0.926068238312062
37,7.3391804695129395,1.4482203722000122,2.510826349258423,0.924474647758878
37,7.364284515380859,1.4529743194580078,2.5114123821258545,0.922934666977294
37,7.38921594619751,1.457808017730713,2.51206636428833,0.9214305154696931
37,7.414069652557373,1.4627410173416138,2.5127909183502197,0.9200643705387276
37,7.439384460449219,1.4678852558135986,2.513603925704956,0.9186940404938324
37,7.463642120361328,1.4729366302490234,2.5144593715667725,0.9173410118838202
37,7.488515377044678,1.4782413244247437,2.515413761138916,0.9161108308480266
37,7.513011932373047,1.4835994243621826,2.5164356231689453,0.9148020894303506
37,7.537420272827148,1.4890706539154053,2.5175323486328125,0.9136745131983778
37,7.561738967895508,1.4946590662002563,2.5187034606933594,0.9125855636039653
37,7.586616039276123,1.5005203485488892,2.519979953765869,0.9113949185561186
37,7.609960079193115,1.5061701536178589,2.521256446838379,0.910271433849058
37,7.633935451507568,1.5121238231658936,2.5226428508758545,0.9091785346897563
37,7.6581549644470215,1.5183022022247314,2.5241219997406006,0.908003697823347
37,7.682281494140625,1.5246317386627197,2.5256762504577637,0.9066743516666529
37,7.706310272216797,1.5311146974563599,2.5273056030273438,0.9051502737172475
37,7.730120658874512,1.5377117395401,2.528999090194702,0.9029274813340522
37,7.753779411315918,1.5444254875183105,2.5307562351226807,0.8994360469125764
37,7.777343273162842,1.5512442588806152,2.5325725078582764,0.8941702544688307
37,7.80070686340332,1.5580846071243286,2.534430980682373,0.8868937698148267
37,7.824010372161865,1.5649006366729736,2.5363409519195557,0.8761893478454824
37,7.847287654876709,1.5715577602386475,2.5383214950561523,0.8608280414884332
37,7.870579719543457,1.5778918266296387,2.5404205322265625,0.8412751541605226
37,7.893817901611328,1.5837806463241577,2.5426812171936035,0.8197817098773366
37,7.917110919952393,1.5891191959381104,2.5450568199157715,0.8048211683127381
37,7.940476417541504,1.5938137769699097,2.5474050045013428,0.8033259617259626
37,7.963892459869385,1.5979440212249756,2.5496222972869873,0.8142643151367983
37,7.987314701080322,1.6017029285430908,2.5516886711120605,0.8319883801696132
37,8.01058578491211,1.605250358581543,2.5536270141601562,0.8495440941033536
37,8.033794403076172,1.6087737083435059,2.5555148124694824,0.8631790190520877
37,8.056920051574707,1.612364411354065,2.5574066638946533,0.8723787200971126
37,8.079962730407715,1.6160328388214111,2.5593342781066895,0.8779466495219912
37,8.102926254272461,1.6197484731674194,2.561311721801758,0.8810995227917838
37,8.125816345214844,1.623470664024353,2.563342571258545,0.8827282029305628
37,8.14863109588623,1.6271580457687378,2.5654208660125732,0.8837021065239794
37,8.171273231506348,1.6307569742202759,2.56752610206604,0.8842974277923844
37,8.193862915039062,1.6342509984970093,2.56965708732605,0.8846704232381883
37,8.21640396118164,1.637611985206604,2.571803092956543,0.8850919652285111
37,8.238898277282715,1.640822172164917,2.5739550590515137,0.8857626342758061
37,8.261346817016602,1.6438753604888916,2.576108455657959,0.8868165735793047
37,8.283746719360352,1.6467761993408203,2.578261137008667,0.8883194625432072
37,8.306097030639648,1.6495392322540283,2.5804150104522705,0.890316906795366
37,8.32839298248291,1.6521875858306885,2.582573652267456,0.8930867733360086
37,8.350526809692383,1.6547372341156006,2.584730863571167,0.8962273762726695
37,8.372601509094238,1.6572260856628418,2.586900234222412,0.8994538588146302
37,8.394612312316895,1.6596717834472656,2.5890822410583496,0.9025811508225933
37,8.416561126708984,1.6620817184448242,2.591275453567505,0.9055336774756795
37,8.438421249389648,1.6644536256790161,2.593473434448242,0.9082486647611473
37,8.460220336914062,1.666787028312683,2.595674753189087,0.9107300960982947
37,8.481958389282227,1.6690776348114014,2.5978753566741943,0.9130116961503938
37,8.503637313842773,1.671320915222168,2.600071907043457,0.9151366624602333
37,8.52525806427002,1.6735130548477173,2.602262020111084,0.9171443585779065
37,8.546883583068848,1.6756576299667358,2.604450225830078,0.9191385793554537
37,8.568358421325684,1.6777379512786865,2.6066181659698486,0.9211939300697921
37,8.589808464050293,1.679766058921814,2.6087772846221924,0.9232206722318264
37,8.611260414123535,1.6817450523376465,2.610929250717163,0.9252435987625574
37,8.632718086242676,1.6836764812469482,2.6130738258361816,0.9272799767567479
37,8.654180526733398,1.6855628490447998,2.6152102947235107,0.9293447202065742
37,8.675647735595703,1.6874079704284668,2.617338180541992,0.9314716204924597
37,8.697117805480957,1.6892155408859253,2.6194560527801514,0.9336370964048122
37,8.718592643737793,1.690989375114441,2.62156343460083,0.9358130939946077
37,8.740071296691895,1.6927330493927002,2.6236588954925537,0.9379808551285275
37,8.761552810668945,1.6944494247436523,2.6257407665252686,0.9401255727425513
37,8.783038139343262,1.6961406469345093,2.627807140350342,0.942234484475099
37,8.804527282714844,1.6978075504302979,2.6298558712005615,0.9442978323097329
37,8.826020240783691,1.6994506120681763,2.631885051727295,0.9463094272085762
37,8.847517013549805,1.7010695934295654,2.63389253616333,0.9483295755581393
37,8.869017601013184,1.7026641368865967,2.6358749866485596,0.9503214391450109
37,8.890522003173828,1.7042338848114014,2.637830972671509,0.9522565111887272
37,8.912031173706055,1.7057780027389526,2.639758586883545,0.9541411003981323
37,8.933545112609863,1.7072964906692505,2.641655921936035,0.9560083532063675
37,8.955063819885254,1.708789348602295,2.643521547317505,0.9578407929922811
37,8.976587295532227,1.7102571725845337,2.6453540325164795,0.9596405320385724
37,8.998114585876465,1.7117005586624146,2.6471517086029053,0.9614138561675429
37,9.019645690917969,1.7131208181381226,2.648913621902466,0.9631641711721982
37,9.041182518005371,1.7145191431045532,2.6506383419036865,0.9648922792514254
37,9.062723159790039,1.7158972024917603,2.6523244380950928,0.9665981672944033
37,9.084268569946289,1.7172565460205078,2.653970718383789,0.9682807297842743
37,9.105817794799805,1.718598484992981,2.65557599067688,0.9699380846627853
37,9.127370834350586,1.7199243307113647,2.657139539718628,0.9715675136877276
37,9.14892864227295,1.721234917640686,2.6586596965789795,0.9731648159297496
37,9.170489311218262,1.7225310802459717,2.6601357460021973,0.9747246609998851
37,9.192054748535156,1.7238130569458008,2.661566734313965,0.9762479523220751
37,9.213624000549316,1.725080966949463,2.662951946258545,0.9777373442757298
37,9.235196113586426,1.726334810256958,2.664289951324463,0.97923375692033
37,9.256772994995117,1.7275745868682861,2.6655800342559814,0.9806985807866877
37,9.278352737426758,1.7288000583648682,2.6668214797973633,0.9821345084599172
37,9.29993724822998,1.730011224746704,2.668013334274292,0.9835332109413373
37,9.321524620056152,1.731208324432373,2.6691553592681885,0.9848939662941192
37,9.343114852905273,1.732391595840454,2.6702466011047363,0.9862243272102627
37,9.364709854125977,1.733561635017395,2.6712863445281982,0.9875271440051421
37,9.386306762695312,1.7347190380096436,2.672273874282837,0.9888050482766254
37,9.407906532287598,1.7358647584915161,2.673208713531494,0.9900602990232807
37,9.429509162902832,1.7369999885559082,2.6740899085998535,0.9912950004080517
37,9.451114654541016,1.7381256818771362,2.6749167442321777,0.9925107334879576
37,9.472723007202148,1.7392430305480957,2.6756885051727295,0.9937067758437805
37,9.494333267211914,1.7403531074523926,2.6764047145843506,0.9948848605903052
37,9.515945434570312,1.7414567470550537,2.6770644187927246,0.9960466473002606
37,9.53756046295166,1.7425549030303955,2.6776673793792725,0.997193026097577
37,9.559176445007324,1.7436481714248657,2.6782126426696777,0.9983246917271175
37,9.580794334411621,1.7447370290756226,2.6786999702453613,0.9994427121644067
37,9.602413177490234,1.7458219528198242,2.679128885269165,1.000548427049096
37,9.62403392791748,1.7469030618667603,2.6794989109039307,1.0016428174889052
37,9.645655632019043,1.7479807138442993,2.6798095703125,1.0027274749502293
37,9.667277336120605,1.7490551471710205,2.680060625076294,1.0038069276563
37,9.6889009475708,1.750126600265503,2.6802515983581543,1.0048856482072315
37,9.710524559020996,1.7511953115463257,2.6803817749023438,1.0059771420855128
37,9.732149124145508,1.7522618770599365,2.680450677871704,1.0070694815223695
37,9.75377368927002,1.7533267736434937,2.680457830429077,1.008165252632034
37,9.775398254394531,1.7543905973434448,2.680402994155884,1.0092670138145845
37,9.797022819519043,1.7554538249969482,2.6802854537963867,1.0103788151644222
37,9.818646430969238,1.756516933441162,2.6801044940948486,1.0115027668234013
37,9.840269088745117,1.7575806379318237,2.6798601150512695,1.0126409436914614
37,9.861891746520996,1.7586452960968018,2.679551839828491,1.0137951932758063
37,9.883512496948242,1.7597113847732544,2.6791791915893555,1.0149666473729524
37,9.905132293701172,1.7607790231704712,2.678741931915283,1.0161567382272554
37,9.926751136779785,1.7618484497070312,2.6782400608062744,1.017365701666915
37,9.948368072509766,1.7629194259643555,2.677673578262329,1.0185942048293477
37,9.969982147216797,1.7639919519424438,2.677042245864868,1.019841217638737
37,9.991595268249512,1.7650656700134277,2.6763463020324707,1.0211043936638664
37,10.013205528259277,1.766140103340149,2.675586223602295,1.0223812802102632
37,10.03481388092041,1.7672148942947388,2.674762010574341,1.0236692365482425
37,10.05642032623291,1.768289566040039,2.6738736629486084,1.0249652964020721
37,10.078022956848145,1.7693637609481812,2.6729214191436768,1.0262667416361928
37,10.09962272644043,1.7704368829727173,2.671905517578125,1.0275721311523127
37,10.121220588684082,1.7715082168579102,2.6708261966705322,1.028881731054601
37,10.142814636230469,1.7725772857666016,2.6696832180023193,1.0301987258792447
37,10.164412498474121,1.7736436128616333,2.6684765815734863,1.0315264142501697
37,10.186077117919922,1.774709939956665,2.6672022342681885,1.0328709905159505
37,10.208061218261719,1.7757878303527832,2.6658432483673096,1.0342314609243823
37,10.23094367980957,1.7769044637680054,2.664358615875244,1.0356551104837752
37,10.253822326660156,1.7780145406723022,2.662803888320923,1.0370853490631615
37,10.27840518951416,1.7791993618011475,2.6610565185546875,1.0386305566916378
37,10.305209159851074,1.7804803848266602,2.659062147140503,1.0403252456338794
37,10.33200740814209,1.7817481756210327,2.656977415084839,1.0420421888014009
37,10.360772132873535,1.783092737197876,2.6546401977539062,1.0439098926014378
37,10.39069652557373,1.784470796585083,2.6521012783050537,1.045889982552306
37,10.420612335205078,1.7858250141143799,2.6494545936584473,1.0479180699792274
37,10.450963020324707,1.7871712446212769,2.6466612815856934,1.050004750797114
37,10.481405258178711,1.7884896993637085,2.643752098083496,1.0521677819747726
37,10.51183795928955,1.789772391319275,2.6407384872436523,1.054361732694505
37,10.542271614074707,1.7910149097442627,2.6376230716705322,1.0566139406003618
37,10.572697639465332,1.792212724685669,2.6344096660614014,1.0589203683625539
37,10.603116035461426,1.793360710144043,2.6311020851135254,1.0612440613200893
37,10.633525848388672,1.7944536209106445,2.627703905105591,1.0636144810470098
37,10.66392707824707,1.7954871654510498,2.624217987060547,1.065994749372802
37,10.694321632385254,1.7964551448822021,2.6206488609313965,1.0683843554058665
37,10.724708557128906,1.797352910041809,2.616999626159668,1.070780717061467
37,10.755088806152344,1.7981747388839722,2.613274335861206,1.0731703076372408
37,10.785462379455566,1.7989140748977661,2.6094777584075928,1.0755539300873378
37,10.815829277038574,1.799566626548767,2.6056134700775146,1.077898144100634
37,10.846189498901367,1.8001254796981812,2.6016860008239746,1.0801940174659337
37,10.876543998718262,1.800586223602295,2.59769868850708,1.0824027928078337
37,10.906892776489258,1.8009432554244995,2.593655824661255,1.0845497036371163
37,10.937234878540039,1.8011906147003174,2.589561700820923,1.0866031957217135
37,10.967572212219238,1.8013242483139038,2.5854198932647705,1.0885782526365448
37,10.997903823852539,1.8013380765914917,2.581235408782959,1.0904633787605569
37,11.028229713439941,1.8012282848358154,2.577011823654175,1.0921847075999815
37,11.058549880981445,1.8009905815124512,2.5727527141571045,1.0938029160019611
37,11.088863372802734,1.8006205558776855,2.5684621334075928,1.0952619965530106
37,11.119172096252441,1.8001153469085693,2.564142942428589,1.0965666227095565
37,11.149474143981934,1.7994712591171265,2.559800148010254,1.0977530199838694
37,11.179769515991211,1.7986857891082764,2.5554373264312744,1.0986962892981524
37,11.21005916595459,1.7977570295333862,2.5510575771331787,1.09950775494846
37,11.240344047546387,1.796682596206665,2.5466647148132324,1.100127538212775
37,11.270622253417969,1.7954615354537964,2.5422611236572266,1.1005518418213065
37,11.30090045928955,1.7940925359725952,2.5378496646881104,1.1008575019709324
37,11.331195831298828,1.7925742864608765,2.5334315299987793,1.1009260482914611
37,11.361482620239258,1.790907859802246,2.529013156890869,1.1008620869294423
37,11.391826629638672,1.7890900373458862,2.5245883464813232,1.1006220289877033
37,11.422163009643555,1.7871249914169312,2.5201687812805176,1.1001847935792306
37,11.452628135681152,1.7850048542022705,2.5157368183135986,1.0996239250415392
37,11.483331680297852,1.7827210426330566,2.5112807750701904,1.0988873168997022
37,11.514026641845703,1.7802925109863281,2.5068397521972656,1.098054040501452
37,11.549952507019043,1.7772682905197144,2.501661777496338,1.0969636505241294
37,11.615015983581543,1.7713391780853271,2.4923579692840576,1.093412897839577
37,11.680041313171387,1.7648521661758423,2.4831631183624268,1.0902292605762265
37,11.750792503356934,1.7572095394134521,2.473304033279419,1.0863503606216538
37,11.821510314941406,1.7490200996398926,2.463641881942749,1.0821033955478865
37,11.949234962463379,1.7330267429351807,2.4467122554779053,1.0724477473437142
37,12.076899528503418,1.7157902717590332,2.4305598735809326,1.0635907851861013
37,12.196674346923828,1.6988515853881836,2.4161856174468994,1.056090038465303
37,12.246955871582031,1.6916213035583496,2.410376787185669,1.0531381917745148
38,0.723703145980835,-0.901350200176239,1.6544725894927979,1.003527853558933
38,0.8424811959266663,-0.9014702439308167,1.6559617519378662,1.0045403963347956
38,0.9612569212913513,-0.9016068577766418,1.6576263904571533,1.0056141123246312
38,1.082153081893921,-0.9017627835273743,1.6594867706298828,1.006713193612044
38,1.2040725946426392,-0.9019378423690796,1.6615197658538818,1.0078225574681154
38,1.3259893655776978,-0.9021314978599548,1.663703203201294,1.0089021572272894
38,1.4482948780059814,-0.9023461937904358,1.6660375595092773,1.009965824803488
38,1.5705976486206055,-0.902583122253418,1.6685147285461426,1.0109869950742822
38,1.693013310432434,-0.9028443098068237,1.6711362600326538,1.0120008586750628
38,1.815451741218567,-0.903131902217865,1.6739012002944946,1.0130028893005805
38,1.9378868341445923,-0.9034469127655029,1.6768100261688232,1.0139985291629725
38,2.0603222846984863,-0.9037911295890808,1.6798646450042725,1.014987945308358
38,2.1827542781829834,-0.9041656851768494,1.6830685138702393,1.0159563075832052
38,2.3051819801330566,-0.9045715928077698,1.6864250898361206,1.016889927770538
38,2.427605152130127,-0.905010461807251,1.6899441480636597,1.017781747926563
38,2.550023078918457,-0.9054833650588989,1.6936371326446533,1.0185686812032098
38,2.6724348068237305,-0.9059919118881226,1.6975224018096924,1.0192978810513527
38,2.7948391437530518,-0.9065375924110413,1.7016304731369019,1.0198886946821497
38,2.9172346591949463,-0.9071216583251953,1.7059876918792725,1.0203682504353961
38,3.039618730545044,-0.9077457189559937,1.7106468677520752,1.0207579482619842
38,3.1619887351989746,-0.9084106087684631,1.7156589031219482,1.0210051602769765
38,3.2843408584594727,-0.9091171026229858,1.721088171005249,1.021227481036847
38,3.4066689014434814,-0.9098657965660095,1.7270264625549316,1.021421815158749
38,3.52896785736084,-0.9106591939926147,1.7335305213928223,1.0217665393597593
38,3.6512303352355957,-0.9115052819252014,1.7406818866729736,1.0222182537078937
38,3.773435592651367,-0.9124233722686768,1.7484346628189087,1.0234896993451355
38,3.8956058025360107,-0.9134324193000793,1.756712555885315,1.0249064437403854
38,4.017538547515869,-0.9145404696464539,1.7652338743209839,1.0265441290600383
38,4.139464378356934,-0.9157476425170898,1.773841142654419,1.0278911085236788
38,4.260311603546143,-0.917030930519104,1.7821993827819824,1.029071647196817
38,4.37794303894043,-0.9183699488639832,1.789969563484192,1.029811282941993
38,4.495606422424316,-0.9198081493377686,1.7972148656845093,1.0301051025535009
38,4.606980800628662,-0.9212853908538818,1.8033448457717896,1.0300207322865462
38,4.7183990478515625,-0.9229005575180054,1.8085750341415405,1.0287097961773397
38,4.821391582489014,-0.9245420098304749,1.8124245405197144,1.0267105861523145
38,4.91652774810791,-0.9262139797210693,1.8149807453155518,1.0240223065250387
38,5.006490707397461,-0.9279587864875793,1.8164135217666626,1.0205829729603901
38,5.0940260887146,-0.9298362731933594,1.8168236017227173,1.0162465878983533
38,5.18155574798584,-0.9319180846214294,1.8162286281585693,1.0108072497658447
38,5.268282413482666,-0.9342125654220581,1.8146313428878784,1.0044556218645149
38,5.35482120513916,-0.9367682933807373,1.8120228052139282,0.9971916950404266
38,5.441298961639404,-0.9396349191665649,1.8083727359771729,0.9889490628239376
38,5.527787685394287,-0.9428741931915283,1.8036249876022339,0.9796759288302754
38,5.615889072418213,-0.9466336369514465,1.7975871562957764,0.9692494490041184
38,5.707380771636963,-0.9511290192604065,1.789940357208252,0.9577382971815727
38,5.796673774719238,-0.9562114477157593,1.7810040712356567,0.9457157229821663
38,5.889315605163574,-0.9623540043830872,1.7700210809707642,0.9333297102098901
38,5.9850263595581055,-0.9698248505592346,1.7565858364105225,0.9213482553238134
38,6.080263137817383,-0.9786174297332764,1.7407922744750977,0.9114713017615212
38,6.179935932159424,-0.9895821213722229,1.7213102579116821,0.9050601705886774
38,6.280871868133545,-1.0028011798858643,1.6980136632919312,0.9054009247634619
38,6.38062858581543,-1.0180737972259521,1.6711673736572266,0.9164597347628749
38,6.480769634246826,-1.0354758501052856,1.6407345533370972,0.9375822377335328
38,6.507614612579346,-1.040457844734192,1.6320909261703491,0.9421273560343771
38,6.603222370147705,-1.0592354536056519,1.600264310836792,0.9706789701568284
38,6.627718925476074,-1.0642706155776978,1.5919830799102783,0.9767516086195905
38,6.652061939239502,-1.0693565607070923,1.5837492942810059,0.9825689981998116
38,6.676394462585449,-1.0745177268981934,1.5755306482315063,0.9881876144136379
38,6.700697898864746,-1.079750418663025,1.5673496723175049,0.9935152174190339
38,6.724930286407471,-1.0850425958633423,1.559239149093628,0.9985776781372774
38,6.749167442321777,-1.0904083251953125,1.5511889457702637,1.0033554141494438
38,6.773464679718018,-1.0958633422851562,1.543197512626648,1.0078657026799207
38,6.797778606414795,-1.1013935804367065,1.535293459892273,1.011988759987089
38,6.8226847648620605,-1.1071289777755737,1.5273076295852661,1.0157644765730047
38,6.846981525421143,-1.112801194190979,1.51964271068573,1.0191011706463313
38,6.8712992668151855,-1.1185516119003296,1.512105941772461,1.0221674359311064
38,6.895651340484619,-1.124381184577942,1.5047049522399902,1.0250102259650338
38,6.920022964477539,-1.1302882432937622,1.4974571466445923,1.0274013214542022
38,6.944395065307617,-1.1362723112106323,1.4903825521469116,1.029568180630356
38,6.968796253204346,-1.1423380374908447,1.483480453491211,1.0315725683575783
38,6.993222236633301,-1.148482084274292,1.4767603874206543,1.0334300071548446
38,7.017654895782471,-1.1547023057937622,1.4702383279800415,1.0348925511593412
38,7.042094707489014,-1.1610019207000732,1.463926076889038,1.0362021734323785
38,7.066554546356201,-1.1673815250396729,1.4578254222869873,1.0374722754972727
38,7.091029644012451,-1.1738359928131104,1.451941728591919,1.03873163140212
38,7.115501403808594,-1.1803615093231201,1.4462890625,1.0397398447181363
38,7.1399617195129395,-1.1869587898254395,1.4408793449401855,1.0407286514673222
38,7.164426326751709,-1.193627953529358,1.4357112646102905,1.0417659188109765
38,7.188891410827637,-1.200362205505371,1.4307875633239746,1.042851360044978
38,7.213334560394287,-1.2071561813354492,1.426118016242981,1.0437672418095314
38,7.2377705574035645,-1.214013695716858,1.4217042922973633,1.0447439473185383
38,7.262182712554932,-1.2209244966506958,1.4175524711608887,1.0457900230633945
38,7.286579132080078,-1.2278854846954346,1.4136615991592407,1.0468139265265466
38,7.31094217300415,-1.2348932027816772,1.410038709640503,1.0477692709972986
38,7.335282325744629,-1.2419458627700806,1.4066814184188843,1.0487818090864096
38,7.359597206115723,-1.2490348815917969,1.4035885334014893,1.0498352152903236
38,7.383881092071533,-1.2561554908752441,1.4007606506347656,1.0507162370399217
38,7.408117294311523,-1.2633013725280762,1.3981999158859253,1.0515473509840096
38,7.432318210601807,-1.2704668045043945,1.3959004878997803,1.0523146213538732
38,7.456480026245117,-1.2776423692703247,1.3938578367233276,1.052892161189379
38,7.480584144592285,-1.28481924533844,1.3920711278915405,1.0531561072723452
38,7.504634380340576,-1.291989803314209,1.390535593032837,1.0531592845120934
38,7.529380798339844,-1.2993639707565308,1.3892039060592651,1.0528351447187363
38,7.554121494293213,-1.3067165613174438,1.3881038427352905,1.0519741655477408
38,7.578057289123535,-1.3138012886047363,1.387259602546692,1.0505645259139444
38,7.6019511222839355,-1.3208247423171997,1.3866220712661743,1.048663455784308
38,7.62581205368042,-1.3277679681777954,1.3861796855926514,1.0462027240614682
38,7.65006685256958,-1.3347318172454834,1.3859130144119263,1.043098144929483
38,7.673875331878662,-1.3414499759674072,1.385828971862793,1.0394507705811047
38,7.697256565093994,-1.347906470298767,1.3859189748764038,1.0355902733089541
38,7.721142292022705,-1.3543343544006348,1.3861815929412842,1.0313434959978043
38,7.744992733001709,-1.3605598211288452,1.3866245746612549,1.0269381565793652
38,7.768836498260498,-1.3665701150894165,1.3872582912445068,1.0226783197234828
38,7.79268217086792,-1.3723467588424683,1.3881016969680786,1.0183192226844051
38,7.816486358642578,-1.3778650760650635,1.3891712427139282,1.0145972579491507
38,7.8402419090271,-1.3831218481063843,1.390477180480957,1.0111409844487416
38,7.863974571228027,-1.3881183862686157,1.3920413255691528,1.008103950094575
38,7.88767671585083,-1.392856240272522,1.3938764333724976,1.0055073384124755
38,7.911338806152344,-1.3973504304885864,1.3959754705429077,1.0033237934814143
38,7.934812545776367,-1.4015836715698242,1.3983272314071655,1.0013295371677449
38,7.959907054901123,-1.4058693647384644,1.401141881942749,0.9993241405278406
38,7.985070705413818,-1.4099383354187012,1.4042569398880005,0.9973439896794449
38,8.010054588317871,-1.4137616157531738,1.4076300859451294,0.9952927169989357
38,8.034866333007812,-1.4173502922058105,1.4112485647201538,0.9932450271834101
38,8.059815406799316,-1.4207561016082764,1.4151424169540405,0.9910134550358066
38,8.084702491760254,-1.423957109451294,1.4192687273025513,0.9885886050009061
38,8.109522819519043,-1.4269579648971558,1.4236141443252563,0.9859208849093224
38,8.134259223937988,-1.4297605752944946,1.4281651973724365,0.9830657273132101
38,8.158921241760254,-1.4323697090148926,1.4329159259796143,0.9801391640915742
38,8.183390617370605,-1.434775710105896,1.4378336668014526,0.9772525584473086
38,8.20777702331543,-1.436994194984436,1.4429330825805664,0.9743362267367339
38,8.232075691223145,-1.4390287399291992,1.4482094049453735,0.9714493783317746
38,8.256282806396484,-1.4408838748931885,1.453657627105713,0.9686180160563943
38,8.280394554138184,-1.4425644874572754,1.4592719078063965,0.9659450627927352
38,8.304349899291992,-1.4440714120864868,1.465030312538147,0.9634299372124877
38,8.328205108642578,-1.4454149007797241,1.470940351486206,0.9610334498171974
38,8.351824760437012,-1.4465956687927246,1.4769608974456787,0.9587746071664405
38,8.375393867492676,-1.4476310014724731,1.4831314086914062,0.9566939353268192
38,8.398849487304688,-1.448522925376892,1.4894258975982666,0.9548511245251408
38,8.422228813171387,-1.4492790699005127,1.4958456754684448,0.953164570447477
38,8.445558547973633,-1.4499069452285767,1.5023903846740723,0.9516275262101206
38,8.468836784362793,-1.4504128694534302,1.5090523958206177,0.9502701646645625
38,8.491774559020996,-1.4507968425750732,1.5157349109649658,0.9491588600442705
38,8.514806747436523,-1.451073169708252,1.522552728652954,0.9481873517945437
38,8.537798881530762,-1.4512442350387573,1.529460072517395,0.9474234323742381
38,8.560734748840332,-1.45131516456604,1.536442756652832,0.946897526215287
38,8.583526611328125,-1.4512898921966553,1.5434606075286865,0.9466309493770545
38,8.606229782104492,-1.4511737823486328,1.5505197048187256,0.9465407862910191
38,8.628629684448242,-1.450974702835083,1.5575435161590576,0.9466262827456198
38,8.650947570800781,-1.4506964683532715,1.5645899772644043,0.9469718194296396
38,8.67310905456543,-1.4503430128097534,1.5716211795806885,0.9475251631291427
38,8.695194244384766,-1.4499175548553467,1.5786528587341309,0.9482461051117177
38,8.717238426208496,-1.4494229555130005,1.585687279701233,0.9491213900582808
38,8.739211082458496,-1.4488623142242432,1.5927025079727173,0.9502538131426987
38,8.761037826538086,-1.4482394456863403,1.5996617078781128,0.9515393735580664
38,8.782798767089844,-1.4475550651550293,1.6065815687179565,0.9529691450097613
38,8.804495811462402,-1.446811318397522,1.613453984260559,0.9545480257727044
38,8.826051712036133,-1.446012020111084,1.620241403579712,0.9563302563165107
38,8.847550392150879,-1.4451550245285034,1.6269598007202148,0.9582319468103373
38,8.86899471282959,-1.4442415237426758,1.6336016654968262,0.9602472034521599
38,8.890386581420898,-1.4432721138000488,1.6401594877243042,0.9623852145861549
38,8.911643981933594,-1.4422504901885986,1.6465970277786255,0.9646734000696393
38,8.932854652404785,-1.44117271900177,1.652931571006775,0.9670514023814231
38,8.954018592834473,-1.440038800239563,1.6591567993164062,0.9695147840549819
38,8.975139617919922,-1.4388484954833984,1.6652661561965942,0.9720654542079139
38,8.996200561523438,-1.4376020431518555,1.6712459325790405,0.9747415652524514
38,9.017221450805664,-1.43629789352417,1.677093744277954,0.977474979682545
38,9.038215637207031,-1.4349346160888672,1.6828081607818604,0.9802666942750824
38,9.059170722961426,-1.4335126876831055,1.6883800029754639,0.9831049570259329
38,9.080097198486328,-1.432030439376831,1.6938070058822632,0.9860118550017103
38,9.101036071777344,-1.4304850101470947,1.6990920305252075,0.9889751114552232
38,9.122005462646484,-1.4288740158081055,1.7042348384857178,0.9919678076977052
38,9.143004417419434,-1.427196741104126,1.7092307806015015,0.9949795539208904
38,9.164033889770508,-1.4254522323608398,1.7140759229660034,0.9980019069977929
38,9.18509292602539,-1.4236401319503784,1.7187649011611938,1.0009911981083224
38,9.206180572509766,-1.4217603206634521,1.7232919931411743,1.003951183308964
38,9.22729778289795,-1.4198126792907715,1.7276544570922852,1.0068804612561526
38,9.248441696166992,-1.4177974462509155,1.7318496704101562,1.009755885109265
38,9.269613265991211,-1.4157150983810425,1.7358756065368652,1.012554684735011
38,9.29080867767334,-1.4135661125183105,1.7397310733795166,1.0152775734510684
38,9.312028884887695,-1.4113526344299316,1.7434146404266357,1.0178715711091508
38,9.333271026611328,-1.4090772867202759,1.746925950050354,1.0203499183754645
38,9.354534149169922,-1.4067420959472656,1.7502655982971191,1.0227018092825528
38,9.37581729888916,-1.4043488502502441,1.753434419631958,1.0249134717009285
38,9.397119522094727,-1.4019001722335815,1.7564340829849243,1.0269372083200083
38,9.418437004089355,-1.3993983268737793,1.7592670917510986,1.0287680922097249
38,9.439770698547363,-1.3968455791473389,1.7619348764419556,1.0303802745985762
38,9.4611177444458,-1.3942450284957886,1.764440655708313,1.0317918846729497
38,9.482478141784668,-1.391600489616394,1.7667890787124634,1.0329374129913882
38,9.503849029541016,-1.388917326927185,1.7689857482910156,1.0338375990901543
38,9.525229454040527,-1.3861992359161377,1.7710363864898682,1.0344952970814998
38,9.54662036895752,-1.3834500312805176,1.7729467153549194,1.0348466661184734
38,9.568017959594727,-1.3806734085083008,1.7747230529785156,1.0349330540610087
38,9.589424133300781,-1.3778730630874634,1.7763712406158447,1.0347557106998255
38,9.610836029052734,-1.375052571296692,1.777897834777832,1.0343174522685166
38,9.63225269317627,-1.3722150325775146,1.7793076038360596,1.0335968201468173
38,9.653675079345703,-1.3693633079528809,1.7806057929992676,1.0326374293742295
38,9.675103187561035,-1.3665003776550293,1.7817975282669067,1.0314554075191906
38,9.696534156799316,-1.36362886428833,1.7828876972198486,1.0300271042671536
38,9.71796989440918,-1.3607511520385742,1.7838808298110962,1.0284205728666602
38,9.739409446716309,-1.3578689098358154,1.7847813367843628,1.0266558344186176
38,9.76085090637207,-1.3549836874008179,1.7855933904647827,1.0247506072072738
38,9.782296180725098,-1.352096676826477,1.7863211631774902,1.0227202951747898
38,9.803743362426758,-1.3492082357406616,1.7869688272476196,1.0205772731031342
38,9.82519245147705,-1.3463184833526611,1.787540078163147,1.0183349280305418
38,9.846643447875977,-1.3434271812438965,1.7880393266677856,1.0159914376083488
38,9.868095397949219,-1.3405336141586304,1.7884708642959595,1.0135839105863078
38,9.889548301696777,-1.337637186050415,1.7888388633728027,1.0111252844943137
38,9.911002159118652,-1.3347368240356445,1.7891472578048706,1.008626199709959
38,9.932455062866211,-1.3318310976028442,1.78939950466156,1.0060960573351874
38,9.95390796661377,-1.3289188146591187,1.7895985841751099,1.0035426254692617
38,9.975359916687012,-1.3259985446929932,1.7897471189498901,1.0009721259729225
38,9.996811866760254,-1.323068618774414,1.7898468971252441,0.998385837455477
38,10.018260955810547,-1.3201273679733276,1.7898995876312256,0.9957884590163062
38,10.039709091186523,-1.3171732425689697,1.7899062633514404,0.9931753149806017
38,10.061155319213867,-1.3142040967941284,1.7898683547973633,0.9905415703075873
38,10.082598686218262,-1.3112183809280396,1.7897868156433105,0.9878820869561038
38,10.104040145874023,-1.3082141876220703,1.7896623611450195,0.9851910910152628
38,10.12547779083252,-1.3051893711090088,1.7894959449768066,0.982462582595404
38,10.146918296813965,-1.3021410703659058,1.7892882823944092,0.979679718145031
38,10.168355941772461,-1.2990678548812866,1.789039969444275,0.9768399368486366
38,10.189858436584473,-1.2959569692611694,1.7887507677078247,0.973928676175304
38,10.211676597595215,-1.2927688360214233,1.7884169816970825,0.9709163848494546
38,10.234384536743164,-1.2894136905670166,1.788027286529541,0.9677325748196478
38,10.258781433105469,-1.2857635021209717,1.7875614166259766,0.964264458341733
38,10.283170700073242,-1.282064437866211,1.7870476245880127,0.9607621438182916
38,10.309759140014648,-1.2779704332351685,1.7864331007003784,0.9569180576070295
38,10.338293075561523,-1.2735004425048828,1.7857096195220947,0.9527398936245833
38,10.366811752319336,-1.2689487934112549,1.7849193811416626,0.9485319510197809
38,10.396471977233887,-1.2641189098358154,1.7840229272842407,0.9441323064970204
38,10.426112174987793,-1.2591886520385742,1.7830479145050049,0.9397141667281959
38,10.456170082092285,-1.2540761232376099,1.7819737195968628,0.9352452752079311
38,10.486303329467773,-1.2488290071487427,1.7808047533035278,0.9307964307831883
38,10.516409873962402,-1.2434574365615845,1.779541015625,0.9264207746068059
38,10.54649829864502,-1.2379508018493652,1.7781760692596436,0.9221193398797302
38,10.576556205749512,-1.232304573059082,1.7767066955566406,0.9179626496250142
38,10.606579780578613,-1.226510763168335,1.7751281261444092,0.9139206716488547
38,10.636567115783691,-1.220561146736145,1.7734371423721313,0.9100915577101644
38,10.66651439666748,-1.2144482135772705,1.7716327905654907,0.9064682872193749
38,10.696419715881348,-1.2081629037857056,1.7697135210037231,0.903040229400451
38,10.726279258728027,-1.2016985416412354,1.7676806449890137,0.8999185773281503
38,10.756089210510254,-1.195047378540039,1.7655366659164429,0.8970418310472452
38,10.785847663879395,-1.1882011890411377,1.763289451599121,0.8944777236989424
38,10.815552711486816,-1.1811552047729492,1.7609456777572632,0.8921721425952752
38,10.845200538635254,-1.1739022731781006,1.7585173845291138,0.8901318860077421
38,10.87479019165039,-1.1664384603500366,1.7560200691223145,0.8884741842043019
38,10.90432071685791,-1.158759355545044,1.7534728050231934,0.8870147177101579
38,10.933791160583496,-1.1508623361587524,1.7508985996246338,0.8858273327798039
38,10.963201522827148,-1.1427470445632935,1.7483206987380981,0.8848722732693631
38,10.992554664611816,-1.1344151496887207,1.7457751035690308,0.8840706076615913
38,11.021851539611816,-1.1258697509765625,1.7432870864868164,0.8833602861380387
38,11.051095008850098,-1.1171175241470337,1.7408955097198486,0.8827693942924173
38,11.080288887023926,-1.1081682443618774,1.7386375665664673,0.8820940243021148
38,11.109436988830566,-1.0990309715270996,1.7365435361862183,0.8813233294501694
38,11.138545036315918,-1.0897212028503418,1.7346566915512085,0.8804738642321583
38,11.167614936828613,-1.0802502632141113,1.7330067157745361,0.8793911010850024
38,11.196651458740234,-1.0706337690353394,1.7316324710845947,0.878134843488679
38,11.225659370422363,-1.0608892440795898,1.7305670976638794,0.8765022231507621
38,11.254640579223633,-1.0510326623916626,1.7298426628112793,0.8746038441734252
38,11.283605575561523,-1.0410828590393066,1.7294914722442627,0.8722819270171828
38,11.31254768371582,-1.0310612916946411,1.7295401096343994,0.8695897422335619
38,11.341492652893066,-1.0209819078445435,1.7300159931182861,0.866486469620437
38,11.370415687561035,-1.010873556137085,1.7309401035308838,0.8629180125911897
38,11.399380683898926,-1.000738501548767,1.7323358058929443,0.8589911428706891
38,11.428323745727539,-0.9906201958656311,1.7342150211334229,0.8545296910344141
38,11.457377433776855,-0.9804970622062683,1.7366018295288086,0.8497187278393837
38,11.486642837524414,-0.9703601002693176,1.7395215034484863,0.8443215739877834
38,11.515885353088379,-0.9603161215782166,1.7429614067077637,0.8384871410810961
38,11.55008602142334,-0.9486933946609497,1.747626543045044,0.8312031827434136
38,11.584240913391113,-0.937244713306427,1.7530040740966797,0.8233752614988924
38,11.646039962768555,-0.9170323610305786,1.7642713785171509,0.8087933834491388
38,11.707690238952637,-0.8975616693496704,1.7774907350540161,0.7931986233466732
38,11.769200325012207,-0.8789039850234985,1.7924304008483887,0.7768385616141898
38,11.889810562133789,-0.8441025614738464,1.8255417346954346,0.7427264911365473
38,11.947206497192383,-0.8281041979789734,1.842813491821289,0.7276085647663274
38,12.021409034729004,-0.8075835108757019,1.8661953210830688,0.7041454094624827
38,12.13312816619873,-0.7759774327278137,1.903064489364624,0.6706474587144948
38,12.24386978149414,-0.7427698373794556,1.9414376020431519,0.633937628004836
38,12.35388469696045,-0.707161009311676,1.980819582939148,0.6003640458264191
38,12.429868698120117,-0.6815726161003113,2.008484125137329,0.5756883972088679
39,0.14902527630329132,1.5985416173934937,2.563469886779785,1.0000645784639683
39,0.2529597878456116,1.5986040830612183,2.563647747039795,1.0001847557587498
39,0.35952889919281006,1.5987011194229126,2.5639257431030273,1.0003531208286618
39,0.47037824988365173,1.5988377332687378,2.5643179416656494,1.0005823015796345
39,0.5812271237373352,1.5990110635757446,2.5648131370544434,1.0008949364971038
39,0.6965335011482239,1.5992308855056763,2.565434694290161,1.00125657862632
39,0.8153183460235596,1.5994994640350342,2.5661845207214355,1.001697161487036
39,0.9341023564338684,1.59981107711792,2.5670433044433594,1.0021955933340054
39,1.0550084114074707,1.6001732349395752,2.5680267810821533,1.0027351178298842
39,1.1769393682479858,1.6005853414535522,2.569129228591919,1.0033551588833582
39,1.298869013786316,1.6010459661483765,2.5703418254852295,1.004000636207565
39,1.4211888313293457,1.6015591621398926,2.5716683864593506,1.004687114335709
39,1.5435072183609009,1.6021252870559692,2.5731053352355957,1.0054125080482328
39,1.6659399271011353,1.602748155593872,2.574655055999756,1.0061552104609524
39,1.7883967161178589,1.6034305095672607,2.576319694519043,1.0069300828254242
39,1.9108514785766602,1.6041747331619263,2.578101634979248,1.0077155731940368
39,2.0333080291748047,1.604984164237976,2.5800085067749023,1.0085120841270456
39,2.155761957168579,1.6058611869812012,2.582048177719116,1.0093154944571088
39,2.2782132625579834,1.6068081855773926,2.5842323303222656,1.0101200763909504
39,2.400660991668701,1.6078271865844727,2.5865793228149414,1.0109244233345847
39,2.523104667663574,1.6089195013046265,2.589103937149048,1.011729734941117
39,2.645543336868286,1.6100870370864868,2.59183406829834,1.012537340410977
39,2.7679755687713623,1.6113306283950806,2.594794988632202,1.0133637409457583
39,2.8904006481170654,1.6126519441604614,2.598015069961548,1.0142151311620928
39,3.0128166675567627,1.6140527725219727,2.6015331745147705,1.0151135170859822
39,3.1352219581604004,1.6155351400375366,2.6053731441497803,1.0161193934302748
39,3.2576143741607666,1.6171027421951294,2.6095733642578125,1.017196394673129
39,3.3799920082092285,1.6187622547149658,2.6141505241394043,1.0185251025816293
39,3.5023534297943115,1.6205202341079712,2.6191112995147705,1.0200434547426487
39,3.6246981620788574,1.6223911046981812,2.6244280338287354,1.0218085728959432
39,3.7470271587371826,1.624383807182312,2.630049228668213,1.0239514294622507
39,3.8693244457244873,1.626509666442871,2.6358814239501953,1.0262348543749311
39,3.991396188735962,1.6287683248519897,2.6417839527130127,1.0287274813343121
39,4.113466262817383,1.6311651468276978,2.647669553756714,1.0312213307108646
39,4.234449863433838,1.6336791515350342,2.6533398628234863,1.0336923467147787
39,4.355442523956299,1.636337399482727,2.6587486267089844,1.0360040590793196
39,4.473204135894775,1.639072299003601,2.6636486053466797,1.0381292684627494
39,4.584644317626953,1.6418095827102661,2.6678452491760254,1.0399283488449802
39,4.696098804473877,1.6447051763534546,2.671539545059204,1.0413652234154385
39,4.799096584320068,1.6475387811660767,2.674424409866333,1.0424212859665891
39,4.894217491149902,1.6503055095672607,2.676581859588623,1.0430932150132868
39,4.9841532707214355,1.6530667543411255,2.6781411170959473,1.0433275745403452
39,5.074090957641602,1.6559804677963257,2.679215431213379,1.043186266867247
39,5.161595344543457,1.6589720249176025,2.6797916889190674,1.0427070836988162
39,5.248310565948486,1.6620988845825195,2.6799166202545166,1.041901099559863
39,5.334864139556885,1.665389895439148,2.6796157360076904,1.0407760086802293
39,5.421393871307373,1.668859839439392,2.6789157390594482,1.039342973921749
39,5.507912635803223,1.6725183725357056,2.6778476238250732,1.0376187012682587
39,5.594417572021484,1.6763752698898315,2.6764485836029053,1.035605182975784
39,5.680908203125,1.6804397106170654,2.674757719039917,1.0333301902349998
39,5.767383098602295,1.6847209930419922,2.672816038131714,1.0308550770425435
39,5.853840351104736,1.6892287731170654,2.6706666946411133,1.0282072887241973
39,5.940277576446533,1.6939728260040283,2.668351173400879,1.0254102176096616
39,6.0266852378845215,1.6989636421203613,2.665907621383667,1.022484217027054
39,6.11304235458374,1.704211711883545,2.6633708477020264,1.019443901886319
39,6.1993088722229,1.7097283601760864,2.660771131515503,1.0162912440023029
39,6.285555362701416,1.7155331373214722,2.6581296920776367,1.0131271119320306
39,6.372037887573242,1.7216681241989136,2.655459403991699,1.0099166741728143
39,6.461397171020508,1.7283673286437988,2.652698516845703,1.0061635117185688
39,6.485821723937988,1.7302747964859009,2.651944398880005,1.0050946799571885
39,6.508314609527588,1.7320613861083984,2.651252269744873,1.0041456817553813
39,6.530797958374023,1.7338769435882568,2.6505632400512695,1.0031969711539555
39,6.553285598754883,1.7357233762741089,2.6498780250549316,1.0022338232791452
39,6.575770854949951,1.7376010417938232,2.649197816848755,1.001263574957463
39,6.598334789276123,1.7395175695419312,2.6485211849212646,1.0002782591804669
39,6.620964527130127,1.7414729595184326,2.6478490829467773,0.999289478498251
39,6.643815517425537,1.7434821128845215,2.6471786499023438,0.998284802664173
39,6.666623115539551,1.74552321434021,2.6465187072753906,0.997276580176438
39,6.689508438110352,1.747607946395874,2.645866632461548,0.996263203869629
39,6.712466716766357,1.7497371435165405,2.645224094390869,0.9952455791827994
39,6.7354936599731445,1.7519115209579468,2.644592523574829,0.9942237993616755
39,6.758352279663086,1.754109501838684,2.643979549407959,0.9932111694215395
39,6.781207084655762,1.7563470602035522,2.6433818340301514,0.9922026534070075
39,6.804121971130371,1.7586314678192139,2.642798900604248,0.9911983560388166
39,6.827092170715332,1.7609634399414062,2.6422324180603027,0.990201018714391
39,6.8501129150390625,1.7633434534072876,2.64168381690979,0.9892136459339542
39,6.8731794357299805,1.7657721042633057,2.6411542892456055,0.9882394422381211
39,6.89628791809082,1.7682498693466187,2.6406452655792236,0.9872816588706556
39,6.919478416442871,1.7707823514938354,2.6401569843292236,0.9863420301418041
39,6.942699909210205,1.7733650207519531,2.6396920680999756,0.9854263240826459
39,6.965948104858398,1.7759983539581299,2.639251708984375,0.9845370200395692
39,6.98900032043457,1.77865731716156,2.638841152191162,0.9836846397709296
39,7.0120744705200195,1.781367301940918,2.6384572982788086,0.9828695545462935
39,7.03514289855957,1.7841259241104126,2.638101577758789,0.9820961327603971
39,7.058229446411133,1.7869367599487305,2.637774705886841,0.9813681639322496
39,7.081329822540283,1.7898001670837402,2.6374778747558594,0.9806910776505277
39,7.104439735412598,1.792716383934021,2.6372122764587402,0.9800707635660674
39,7.127554416656494,1.795685887336731,2.636979103088379,0.9795135711213899
39,7.150670051574707,1.7987087965011597,2.636779546737671,0.9790263010865186
39,7.173782825469971,1.8017852306365967,2.6366140842437744,0.9786104867335257
39,7.196682929992676,1.8048871755599976,2.6364850997924805,0.9782765477990917
39,7.219574928283691,1.808042049407959,2.6363918781280518,0.9780319770690384
39,7.2424540519714355,1.8112499713897705,2.6363351345062256,0.9778851097613599
39,7.265317440032959,1.8145105838775635,2.6363155841827393,0.9778447250055929
39,7.288161277770996,1.8178242444992065,2.63633394241333,0.9779199479910817
39,7.311198711395264,1.8212223052978516,2.6363914012908936,0.9781316264846377
39,7.334227561950684,1.8246756792068481,2.636488199234009,0.9784857564961519
39,7.357140064239502,1.8281683921813965,2.636624574661255,0.978972413187584
39,7.379611492156982,1.8316493034362793,2.63679838180542,0.9796120244743408
39,7.401935577392578,1.835161566734314,2.637010335922241,0.9804141589626283
39,7.424461364746094,1.838759183883667,2.637263774871826,0.9814070821376132
39,7.446958541870117,1.8424060344696045,2.637557029724121,0.9826038927588218
39,7.469425678253174,1.8461006879806519,2.637890100479126,0.9840029211253052
39,7.492095470428467,1.8498800992965698,2.638266086578369,0.9856549695663035
39,7.514207363128662,1.85361647605896,2.6386728286743164,0.9875000997889192
39,7.536371231079102,1.8574084043502808,2.6391196250915527,0.9895661749208992
39,7.55859375,1.861254334449768,2.639605760574341,0.9918951060405856
39,7.580796241760254,1.8651374578475952,2.6401288509368896,0.994504133482438
39,7.60292911529541,1.8690447807312012,2.6406869888305664,0.9974224023875549
39,7.625056266784668,1.8729825019836426,2.641280174255371,1.000647132698796
39,7.647160530090332,1.8769409656524658,2.641906499862671,1.0041267374495348
39,7.669057846069336,1.8808804750442505,2.642559051513672,1.007806895398401
39,7.6909332275390625,1.8848248720169067,2.6432406902313232,1.0117191017017564
39,7.712785720825195,1.8887641429901123,2.643949270248413,1.0158140978246815
39,7.734614849090576,1.8926866054534912,2.6446824073791504,1.0200159385756742
39,7.75642204284668,1.896579384803772,2.6454379558563232,1.0242166021238812
39,7.778206825256348,1.9004292488098145,2.646214246749878,1.0282715225812056
39,7.799802303314209,1.9041956663131714,2.6470046043395996,1.0319481465257903
39,7.821406841278076,1.9079049825668335,2.647815704345703,1.0350647001049145
39,7.842992782592773,1.911547064781189,2.648646831512451,1.037526787714521
39,7.864557266235352,1.9151214361190796,2.6494975090026855,1.0393533507663308
39,7.886098384857178,1.9186331033706665,2.650367021560669,1.0406657497315512
39,7.907589912414551,1.922085165977478,2.6512532234191895,1.0416298130399926
39,7.9290571212768555,1.9254878759384155,2.6521546840667725,1.0424146177672844
39,7.950428485870361,1.9288336038589478,2.6530678272247314,1.0431525994558044
39,7.971804618835449,1.9321404695510864,2.653996229171753,1.0439707899825266
39,7.9931864738464355,1.935409426689148,2.6549415588378906,1.0449404622425158
39,8.014573097229004,1.9386409521102905,2.6559042930603027,1.0460865677496907
39,8.035964012145996,1.9418338537216187,2.6568856239318848,1.0474178025706076
39,8.057360649108887,1.944986343383789,2.6578867435455322,1.0489249665334333
39,8.07876205444336,1.9480952024459839,2.6589081287384033,1.0505789445808915
39,8.100170135498047,1.951156735420227,2.659949779510498,1.0523065719097189
39,8.121583938598633,1.9541678428649902,2.6610116958618164,1.054003542647664
39,8.143004417419434,1.9571263790130615,2.662093162536621,1.0556209929467424
39,8.164430618286133,1.9600305557250977,2.663193464279175,1.057105312447095
39,8.185864448547363,1.9628798961639404,2.664311647415161,1.0584196246876503
39,8.207303047180176,1.9656744003295898,2.665447235107422,1.0595434931033443
39,8.22874927520752,1.9684157371520996,2.666599988937378,1.0604767523626673
39,8.250200271606445,1.9711062908172607,2.667769193649292,1.0612428469373223
39,8.271656036376953,1.9737493991851807,2.668954849243164,1.0618555988695508
39,8.293115615844727,1.9763487577438354,2.670156955718994,1.0623840992978582
39,8.314580917358398,1.9789079427719116,2.6713755130767822,1.0628834447342212
39,8.336048126220703,1.9814300537109375,2.672609806060791,1.0634218148529457
39,8.357519149780273,1.9839180707931519,2.6738595962524414,1.0640356543673946
39,8.378993034362793,1.9863736629486084,2.675124168395996,1.064748987585566
39,8.400468826293945,1.988797664642334,2.6764025688171387,1.0655724575205792
39,8.421948432922363,1.9911901950836182,2.6776936054229736,1.0665142212019398
39,8.44343090057373,1.9935505390167236,2.6789963245391846,1.0675494649596804
39,8.464916229248047,1.9958778619766235,2.6803090572357178,1.0686584477337195
39,8.486404418945312,1.9981709718704224,2.681630849838257,1.0698229326394597
39,8.507895469665527,2.0004289150238037,2.6829605102539062,1.0710167456017843
39,8.529390335083008,2.0026509761810303,2.6842968463897705,1.0721946222646284
39,8.550889015197754,2.0048365592956543,2.685638904571533,1.07338341943936
39,8.57239055633545,2.006985664367676,2.686985492706299,1.0745709525387097
39,8.593894958496094,2.009099006652832,2.688336133956909,1.0757535808789285
39,8.61540412902832,2.0111770629882812,2.6896896362304688,1.076932132869014
39,8.63691520690918,2.013221263885498,2.6910452842712402,1.0781044863484412
39,8.658429145812988,2.015232563018799,2.6924021244049072,1.0792774591975511
39,8.679945945739746,2.0172128677368164,2.6937596797943115,1.080457170795948
39,8.701465606689453,2.0191633701324463,2.6951169967651367,1.0816489878553548
39,8.72298812866211,2.021085739135742,2.6964728832244873,1.0828596814336129
39,8.744513511657715,2.0229811668395996,2.697826862335205,1.0840950883179177
39,8.766040802001953,2.024850368499756,2.6991777420043945,1.0853566818076432
39,8.78757095336914,2.0266947746276855,2.7005245685577393,1.0866106332313994
39,8.809103012084961,2.0285146236419678,2.701866388320923,1.0878876546159775
39,8.83063793182373,2.0303103923797607,2.70320200920105,1.0891884592491203
39,8.852174758911133,2.0320820808410645,2.7045304775238037,1.090509415014126
39,8.873714447021484,2.033830165863037,2.70585036277771,1.0918468878071041
39,8.895256042480469,2.0355544090270996,2.7071609497070312,1.0931954589880482
39,8.916800498962402,2.03725528717041,2.708461046218872,1.0945495627824808
39,8.938347816467285,2.0389323234558105,2.709749460220337,1.0959058544570872
39,8.9598970413208,2.040585994720459,2.7110252380371094,1.0972613191926202
39,8.981449127197266,2.0422165393829346,2.712287425994873,1.0986141541253782
39,9.00300407409668,2.0438241958618164,2.7135353088378906,1.0999626730326644
39,9.024560928344727,2.0454092025756836,2.7147676944732666,1.1013061954481962
39,9.046120643615723,2.0469722747802734,2.7159838676452637,1.1026429661883201
39,9.067683219909668,2.048513650894165,2.7171833515167236,1.1039757147037657
39,9.089247703552246,2.0500340461730957,2.71836519241333,1.1053043939885077
39,9.110815048217773,2.0515339374542236,2.7195284366607666,1.1066033532939978
39,9.13238525390625,2.053013563156128,2.720672845840454,1.1079001597943399
39,9.15395736694336,2.054473400115967,2.7217977046966553,1.1091945004598303
39,9.175531387329102,2.0559139251708984,2.7229020595550537,1.1104859228809083
39,9.197108268737793,2.057335376739502,2.723985433578491,1.111772693100438
39,9.218687057495117,2.0587379932403564,2.7250473499298096,1.1130535709799416
39,9.24026870727539,2.060122013092041,2.7260870933532715,1.1143270378243084
39,9.261852264404297,2.0614876747131348,2.7271041870117188,1.1155914867281642
39,9.283437728881836,2.062835216522217,2.728097915649414,1.116845357810182
39,9.305026054382324,2.064164400100708,2.729067802429199,1.118087012656988
39,9.326616287231445,2.0654759407043457,2.730013370513916,1.1193155620284132
39,9.3482084274292,2.06676983833313,2.7309343814849854,1.1205283011161535
39,9.369803428649902,2.0680463314056396,2.73183012008667,1.1217250439276534
39,9.391400337219238,2.069305896759033,2.7327001094818115,1.122907038723442
39,9.41299819946289,2.0705485343933105,2.733544111251831,1.1240747172746817
39,9.434598922729492,2.07177472114563,2.7343616485595703,1.1252287165086816
39,9.456201553344727,2.0729851722717285,2.73515248298645,1.1263697651264146
39,9.477805137634277,2.0741798877716064,2.7359166145324707,1.1274986758181362
39,9.499411582946777,2.075359344482422,2.7366533279418945,1.1286099968263608
39,9.521018981933594,2.076524019241333,2.7373623847961426,1.129695302910624
39,9.542628288269043,2.077674388885498,2.738044023513794,1.1307712082971237
39,9.564239501953125,2.078810691833496,2.7386975288391113,1.131838165507423
39,9.585851669311523,2.0799331665039062,2.7393229007720947,1.132896513992098
39,9.607465744018555,2.0810422897338867,2.7399203777313232,1.1339461115928222
39,9.629080772399902,2.0821382999420166,2.7404892444610596,1.1349879269029794
39,9.650697708129883,2.083221435546875,2.7410295009613037,1.1360210839046794
39,9.67231559753418,2.08429217338562,2.7415413856506348,1.137044079956108
39,9.69393539428711,2.085350513458252,2.7420244216918945,1.1380583188198872
39,9.715556144714355,2.0863969326019287,2.742478609085083,1.1390641667085606
39,9.737177848815918,2.0874314308166504,2.7429041862487793,1.1400622340172302
39,9.758800506591797,2.088454484939575,2.743300676345825,1.1410531326636608
39,9.780424118041992,2.0894663333892822,2.7436680793762207,1.1420377068245464
39,9.802048683166504,2.0904674530029297,2.744006395339966,1.143016671332944
39,9.823674201965332,2.0914576053619385,2.7443153858184814,1.1439908823474216
39,9.845300674438477,2.092437267303467,2.744595527648926,1.14496128108701
39,9.866929054260254,2.093406915664673,2.7448461055755615,1.1459297850319021
39,9.888556480407715,2.0943665504455566,2.745067596435547,1.1468974105442686
39,9.910185813903809,2.0953164100646973,2.7452597618103027,1.147864807886956
39,9.931815147399902,2.0962564945220947,2.745422601699829,1.1488329785347395
39,9.953445434570312,2.097187042236328,2.745556116104126,1.1498023273403253
39,9.975076675415039,2.0981080532073975,2.7456600666046143,1.1507736163911695
39,9.996707916259766,2.0990195274353027,2.745734691619873,1.1517472545040306
39,10.018339157104492,2.099921703338623,2.7457799911499023,1.1527237376743125
39,10.039971351623535,2.1008143424987793,2.745795726776123,1.153688845207772
39,10.061604499816895,2.1016974449157715,2.7457821369171143,1.1546553914916593
39,10.083236694335938,2.1025710105895996,2.7457387447357178,1.1556253549207454
39,10.104870796203613,2.1034345626831055,2.745666027069092,1.1565989284108713
39,10.126503944396973,2.104288339614868,2.7455637454986572,1.157576660273064
39,10.148144721984863,2.1051321029663086,2.745431900024414,1.1585607164423504
39,10.16978645324707,2.1059656143188477,2.7452704906463623,1.15955446886253
39,10.191497802734375,2.1067912578582764,2.7450788021087646,1.160562399832492
39,10.213533401489258,2.1076176166534424,2.7448537349700928,1.1615931538112934
39,10.236474990844727,2.1084654331207275,2.744586706161499,1.1626693835817288
39,10.261129379272461,2.1093618869781494,2.744263172149658,1.1638234183685316
39,10.285783767700195,2.1102428436279297,2.7439026832580566,1.1649720276507576
39,10.31267261505127,2.111185312271118,2.7434675693511963,1.1662244290906068
39,10.34154224395752,2.1121749877929688,2.7429521083831787,1.167569442903649
39,10.37041187286377,2.1131410598754883,2.742387533187866,1.1689207469720246
39,10.400452613830566,2.1141197681427,2.7417478561401367,1.1703309722639386
39,10.430937767028809,2.115083694458008,2.741044759750366,1.1717725504827303
39,10.461423873901367,2.1160168647766113,2.7402873039245605,1.17321646200727
39,10.492008209228516,2.116920232772827,2.739473342895508,1.1746690822893737
39,10.522591590881348,2.1177895069122314,2.7386057376861572,1.176120115275549
39,10.55318546295166,2.1186227798461914,2.737684726715088,1.1775695615059267
39,10.583778381347656,2.119418144226074,2.736711263656616,1.1790100591668806
39,10.614370346069336,2.120173692703247,2.7356855869293213,1.180441906589938
39,10.6449613571167,2.120887517929077,2.7346086502075195,1.1818637352622663
39,10.675552368164062,2.12155818939209,2.7334811687469482,1.1832638325061555
39,10.706141471862793,2.1221835613250732,2.7323033809661865,1.1846514590978543
39,10.736730575561523,2.1227612495422363,2.73107647895813,1.1860106724988118
39,10.767317771911621,2.1232903003692627,2.7298007011413574,1.1873433618386235
39,10.797904014587402,2.123767852783203,2.7284774780273438,1.1886550523893678
39,10.828489303588867,2.124192476272583,2.727107048034668,1.1899145089157521
39,10.8590726852417,2.1245625019073486,2.7256901264190674,1.1911486210628341
39,10.889655113220215,2.12487530708313,2.7242281436920166,1.192334599534119
39,10.920234680175781,2.1251299381256104,2.722721576690674,1.1934646750927929
39,10.950814247131348,2.125324010848999,2.7211711406707764,1.1945628704697586
39,10.981390953063965,2.1254560947418213,2.7195780277252197,1.1955739423190455
39,11.01196575164795,2.1255245208740234,2.7179431915283203,1.1965453075725174
39,11.0425386428833,2.1255276203155518,2.7162675857543945,1.1974553393209066
39,11.07310962677002,2.1254642009735107,2.7145519256591797,1.1982814045694135
39,11.103677749633789,2.1253323554992676,2.7127978801727295,1.1990670424820264
39,11.13424301147461,2.125131368637085,2.7110064029693604,1.1997461857849856
39,11.16480541229248,2.1248598098754883,2.7091784477233887,1.2003596403315209
39,11.195364952087402,2.1245169639587402,2.70731520652771,1.2009024521718072
39,11.225922584533691,2.1241016387939453,2.7054176330566406,1.2013282401132115
39,11.256478309631348,2.1236135959625244,2.703486680984497,1.2017023511159264
39,11.287038803100586,2.123051643371582,2.701523542404175,1.201962972385141
39,11.317595481872559,2.122415781021118,2.6995291709899902,1.202139498558059
39,11.348174095153809,2.1217050552368164,2.6975035667419434,1.202253593690452
39,11.378747940063477,2.120920181274414,2.6954493522644043,1.2022261759785169
39,11.409383773803711,2.12005877494812,2.6933631896972656,1.2021458055798335
39,11.440155029296875,2.1191189289093018,2.6912410259246826,1.201961399431489
39,11.470922470092773,2.1181037425994873,2.6890931129455566,1.2016800545326283
39,11.501935958862305,2.117003917694092,2.686903238296509,1.2013438417489832
39,11.532944679260254,2.1158294677734375,2.684689521789551,1.2008313152970773
39,11.569242477416992,2.114362955093384,2.6820690631866455,1.200051997841866
39,11.634995460510254,2.1114699840545654,2.67724871635437,1.198415017414207
39,11.700728416442871,2.1082775592803955,2.672349452972412,1.1965546193058842
39,11.772266387939453,2.1044816970825195,2.6669392585754395,1.1936989405693963
39,11.9014892578125,2.096876621246338,2.6569507122039795,1.1876514830941645
39,12.030645370483398,2.088392972946167,2.646804094314575,1.181543296140582
39,12.114200592041016,2.0825252532958984,2.640211343765259,1.1773903119660079
40,1.0799784660339355,-0.18148702383041382,2.384582757949829,1.0029171572494926
40,1.2019083499908447,-0.18146590888500214,2.3858633041381836,1.003517000151988
40,1.3238368034362793,-0.1814417690038681,2.387265682220459,1.0041412302556239
40,1.446155309677124,-0.1814146786928177,2.388793468475342,1.0047833327447355
40,1.5684723854064941,-0.1813848465681076,2.390442132949829,1.0054475739511564
40,1.690903663635254,-0.1813523769378662,2.3922135829925537,1.0061135526530995
40,1.8133589029312134,-0.1813173145055771,2.3941094875335693,1.006781705555308
40,1.93581223487854,-0.18127962946891785,2.396132230758667,1.0074368968294807
40,2.05826735496521,-0.18123912811279297,2.3982882499694824,1.0080830695546894
40,2.180720329284668,-0.18119563162326813,2.4005870819091797,1.0086912223948805
40,2.3031702041625977,-0.18114891648292542,2.403038501739502,1.0092718329944337
40,2.42561674118042,-0.18109874427318573,2.4056618213653564,1.0098173309555993
40,2.5480589866638184,-0.18104493618011475,2.408473491668701,1.0103024712630735
40,2.6704959869384766,-0.18098732829093933,2.411498785018921,1.0107603640901668
40,2.792926788330078,-0.18092568218708038,2.414771318435669,1.0111558010432853
40,2.9153497219085693,-0.18085980415344238,2.4183175563812256,1.0115233798790013
40,3.0377631187438965,-0.18078933656215668,2.42218279838562,1.0118699518608667
40,3.1601650714874268,-0.18071386218070984,2.4264001846313477,1.01223732903123
40,3.282552719116211,-0.1806327849626541,2.431008815765381,1.0126494253491314
40,3.404923677444458,-0.1805451363325119,2.4360413551330566,1.0131637258878599
40,3.5272762775421143,-0.1804499477148056,2.4415066242218018,1.0138529905241065
40,3.649608850479126,-0.18034514784812927,2.4473936557769775,1.014656126429638
40,3.7719244956970215,-0.18022719025611877,2.4536306858062744,1.0158214250799438
40,3.8942062854766846,-0.18009233474731445,2.4601290225982666,1.0169843305565875
40,4.016263961791992,-0.17993679642677307,2.4667134284973145,1.0181286039254083
40,4.138321876525879,-0.17975832521915436,2.4732964038848877,1.0190186380819273
40,4.25929594039917,-0.17955617606639862,2.4796762466430664,1.0197564288880503
40,4.377040386199951,-0.17932966351509094,2.485633611679077,1.0200704446435835
40,4.4948015213012695,-0.17906823754310608,2.4912495613098145,1.0199661815339236
40,4.606247425079346,-0.17877855896949768,2.4961249828338623,1.0194975721350585
40,4.717714786529541,-0.178437277674675,2.500486135482788,1.0179754919616615
40,4.820732116699219,-0.1780642420053482,2.5039823055267334,1.0158706074688202
40,4.9158782958984375,-0.17765642702579498,2.5067009925842285,1.0131757511977129
40,5.0058441162109375,-0.17720067501068115,2.5087993144989014,1.0098273901413926
40,5.093384742736816,-0.17667527496814728,2.5104026794433594,1.0056808763745755
40,5.180931568145752,-0.17604903876781464,2.511596441268921,1.0005725716797675
40,5.267696380615234,-0.17530177533626556,2.512417793273926,0.9946272287701785
40,5.354306221008301,-0.17439113557338715,2.5129387378692627,0.9878000050544612
40,5.442257881164551,-0.17324508726596832,2.5132358074188232,0.9798938054653501
40,5.533641338348389,-0.1717509776353836,2.5133795738220215,0.9705667305594998
40,5.628427028656006,-0.1697767674922943,2.51345157623291,0.9595002256405666
40,5.723199367523193,-0.16723912954330444,2.513573408126831,0.9466245553687636
40,5.821072101593018,-0.1638450026512146,2.5139236450195312,0.931995187550972
40,5.918899059295654,-0.15939337015151978,2.5147616863250732,0.9164933520330365
40,6.021536827087402,-0.15319153666496277,2.516549825668335,0.8999880042012576
40,6.123992919921875,-0.14492924511432648,2.51975154876709,0.8848849043433928
40,6.2266058921813965,-0.13402847945690155,2.525008201599121,0.8751807886888695
40,6.328649997711182,-0.12002185732126236,2.533149242401123,0.8755408533404249
40,6.429511070251465,-0.10262557864189148,2.544851064682007,0.8920417486322402
40,6.529506683349609,-0.08315654844045639,2.5601871013641357,0.9306778227888935
40,6.627662181854248,-0.06410946696996689,2.5782086849212646,0.9790720906725087
40,6.685839653015137,-0.054041408002376556,2.5896365642547607,1.008118173350224
40,6.706027507781982,-0.05076015368103981,2.593688488006592,1.0154368290962548
40,6.719628810882568,-0.0486963652074337,2.5964138507843018,1.0261006275315299
40,6.7735466957092285,-0.0414833202958107,2.6072165966033936,1.0500567341360714
40,6.817612648010254,-0.03681175783276558,2.615967273712158,1.0761404190843409
40,6.841952800750732,-0.034752316772937775,2.620750904083252,1.0867709158257906
40,6.866034984588623,-0.03310731053352356,2.6254289150238037,1.0969135124108373
40,6.890086650848389,-0.031867001205682755,2.630034923553467,1.1061927550630433
40,6.914170265197754,-0.031035341322422028,2.63456654548645,1.1152526625786852
40,6.938101291656494,-0.030623406171798706,2.6389708518981934,1.1241082384207035
40,6.9618988037109375,-0.03062976710498333,2.643232822418213,1.1327988312122503
40,6.985567569732666,-0.031051337718963623,2.647334575653076,1.1413290698677065
40,7.009232997894287,-0.031895168125629425,2.6512856483459473,1.148732659970824
40,7.032905578613281,-0.033169232308864594,2.655073404312134,1.1557529758875746
40,7.056431770324707,-0.03486467897891998,2.6586532592773438,1.1624709227678276
40,7.079803943634033,-0.03697555139660835,2.6620049476623535,1.168895068486091
40,7.103013515472412,-0.03949332609772682,2.665109634399414,1.1750207741250784
40,7.126053810119629,-0.042407818138599396,2.6679494380950928,1.1808303440741246
40,7.1490678787231445,-0.045738883316516876,2.670529842376709,1.1851884045345475
40,7.1720452308654785,-0.04949384927749634,2.6728367805480957,1.1890574552871802
40,7.194829940795898,-0.05364220216870308,2.674835443496704,1.1923347269412663
40,7.217468738555908,-0.058181989938020706,2.676513433456421,1.1951697530086416
40,7.239821434020996,-0.06306985020637512,2.677851915359497,1.1975997275920818
40,7.262014389038086,-0.06831785291433334,2.67885160446167,1.1996282094464263
40,7.2841291427612305,-0.07393628358840942,2.679504632949829,1.2010730067156867
40,7.306013107299805,-0.07987255603075027,2.6797943115234375,1.2019682680320594
40,7.3277106285095215,-0.08611779659986496,2.679708957672119,1.2024894526765313
40,7.349171161651611,-0.0926411896944046,2.6792426109313965,1.2026926306398296
40,7.370396614074707,-0.09942580759525299,2.678391456604004,1.2025867441619444
40,7.391448974609375,-0.10646888613700867,2.6771433353424072,1.2017074598989295
40,7.412415504455566,-0.1137787252664566,2.6754772663116455,1.2003840810260706
40,7.433247089385986,-0.12132441252470016,2.673384428024292,1.1987676162831
40,7.4539594650268555,-0.1290920525789261,2.6708500385284424,1.1965523257384876
40,7.474519729614258,-0.13703876733779907,2.6678626537323,1.193734625584157
40,7.494952201843262,-0.14515268802642822,2.6644046306610107,1.1905749611191785
40,7.515264987945557,-0.15341497957706451,2.6604580879211426,1.1867116429672686
40,7.5354156494140625,-0.16177357733249664,2.656017303466797,1.1820632338291677
40,7.5554351806640625,-0.1702149659395218,2.651059627532959,1.177007440162107
40,7.575300216674805,-0.17871767282485962,2.6455671787261963,1.1700974294783
40,7.5949907302856445,-0.18725667893886566,2.6395227909088135,1.1622423763486818
40,7.614494323730469,-0.1957995593547821,2.6329071521759033,1.1538461267174032
40,7.6337995529174805,-0.20431484282016754,2.6257007122039795,1.1446034159446696
40,7.652895927429199,-0.21276548504829407,2.6178877353668213,1.1336610839301382
40,7.671750068664551,-0.22113636136054993,2.609426975250244,1.1213384524893226
40,7.690337181091309,-0.22938989102840424,2.600287675857544,1.1084933538459798
40,7.708636283874512,-0.23748044669628143,2.5904488563537598,1.0938079063802686
40,7.726593494415283,-0.24537666141986847,2.5798521041870117,1.0778623599391006
40,7.74415397644043,-0.25304386019706726,2.5684523582458496,1.0631420296063983
40,7.761223316192627,-0.2604902386665344,2.556194305419922,1.0475309381635136
40,7.7776384353637695,-0.26779115200042725,2.54299259185791,1.0372213113280884
40,7.793156623840332,-0.2751263678073883,2.5287675857543945,1.0347959703413614
40,7.807373046875,-0.28285712003707886,2.5134379863739014,1.048045397352914
40,7.819814682006836,-0.29130831360816956,2.496994972229004,1.08816659490386
40,7.829931735992432,-0.30076831579208374,2.4795398712158203,1.1562011005026744
40,7.837591648101807,-0.3110353350639343,2.4613037109375,1.2370404239823085
40,7.843084812164307,-0.32155200839042664,2.442434787750244,1.3032645397869107
40,7.846786975860596,-0.33186301589012146,2.4230213165283203,1.3473244769719748
40,7.848780632019043,-0.34036797285079956,2.405625104904175,1.3648661723721227
40,7.849888324737549,-0.3491276800632477,2.3851566314697266,1.3579084902587604
40,7.849952697753906,-0.35637301206588745,2.3640782833099365,1.3132321935268307
40,7.849110126495361,-0.3616580069065094,2.3424437046051025,1.2508429178767178
40,7.847379207611084,-0.3647381067276001,2.3204386234283447,1.189697302833014
40,7.844640731811523,-0.36570629477500916,2.298340320587158,1.1394218612572065
40,7.840681076049805,-0.3649246394634247,2.276419162750244,1.1034160645232853
40,7.836265563964844,-0.3632168471813202,2.258385419845581,1.0834611888072354
40,7.829465866088867,-0.3602241575717926,2.2373709678649902,1.0712193297903139
40,7.820782661437988,-0.35646963119506836,2.217190980911255,1.077535322286991
40,7.809934616088867,-0.352311372756958,2.1981754302978516,1.098189187543008
40,7.796649932861328,-0.34781065583229065,2.180867910385132,1.1174209962276003
40,7.780627250671387,-0.3432188332080841,2.1661105155944824,1.1812978460100552
40,7.76850700378418,-0.3402182161808014,2.1582205295562744,1.2246858693708234
40,7.748570442199707,-0.33624762296676636,2.14912748336792,1.3805705036383247
40,7.727371692657471,-0.33323290944099426,2.1429524421691895,1.700892016913374
40,7.710892200469971,-0.33154624700546265,2.1391873359680176,1.9428611563014235
40,7.689393520355225,-0.32953906059265137,2.133636236190796,2.1817068111192053
40,7.668651580810547,-0.32706376910209656,2.125889778137207,2.291350581507067
40,7.654842376708984,-0.32460665702819824,2.118373394012451,2.2559008352583354
40,7.640202522277832,-0.3206828534603119,2.1062307357788086,2.162969585782439
40,7.632083892822266,-0.3175303041934967,2.096142292022705,2.0820432262748856
40,7.622434139251709,-0.3121272623538971,2.076852798461914,1.839373399070112
40,7.6190714836120605,-0.30886727571487427,2.063319444656372,1.6695788906871545
40,7.617373943328857,-0.30447474122047424,2.041564702987671,1.4006139527208845
40,7.618167877197266,-0.3004906177520752,2.0196454524993896,1.1866437010023416
40,7.618557929992676,-0.2961099147796631,1.9977946281433105,1.0515142747323782
40,7.616353988647461,-0.2908632457256317,1.9762574434280396,0.9883833564845622
40,7.610941410064697,-0.2848004996776581,1.9555152654647827,0.9703617201706493
40,7.602651596069336,-0.2781657576560974,1.9359263181686401,0.9701996426765358
40,7.592016696929932,-0.2711622714996338,1.9176372289657593,0.9773594219195593
40,7.5794878005981445,-0.26391395926475525,1.9006887674331665,0.9832169924804164
40,7.565347671508789,-0.2565169632434845,1.885125994682312,0.9833587094945592
40,7.549842357635498,-0.2490701824426651,1.870949625968933,0.9814633410181556
40,7.53306245803833,-0.24172398447990417,1.8582481145858765,0.9742672696020196
40,7.51501989364624,-0.23472538590431213,1.8471927642822266,0.9645054967863101
40,7.49568510055542,-0.22852519154548645,1.8380125761032104,0.9567442881287817
40,7.475050449371338,-0.22380080819129944,1.8310686349868774,0.9613257925680437
40,7.453661918640137,-0.2213992029428482,1.8266388177871704,0.9857289045738324
40,7.431504249572754,-0.2217111736536026,1.8243736028671265,1.028520003559326
40,7.4094038009643555,-0.22449994087219238,1.8237115144729614,1.0636572527894175
40,7.387598037719727,-0.22913123667240143,1.8239085674285889,1.0717600872560076
40,7.36670446395874,-0.234788715839386,1.8243279457092285,1.052593370820758
40,7.349166393280029,-0.2401355504989624,1.8245443105697632,1.0228430068246275
40,7.327994346618652,-0.24712465703487396,1.8243944644927979,0.9755189161602906
40,7.3069915771484375,-0.2546239197254181,1.8236392736434937,0.9225243800144376
40,7.286202907562256,-0.2627331018447876,1.822230339050293,0.8741382967971485
40,7.265673637390137,-0.27169695496559143,1.820298194885254,0.8359398658521432
40,7.245662689208984,-0.28171563148498535,1.8181382417678833,0.8055312918977434
40,7.225924968719482,-0.2932475805282593,1.816064476966858,0.7845238281406027
40,7.206904888153076,-0.306275874376297,1.814432978630066,0.7732197046199345
40,7.188683986663818,-0.3209192454814911,1.8135586977005005,0.7691680725067526
40,7.171479225158691,-0.33701780438423157,1.8136342763900757,0.7708977807722471
40,7.155323505401611,-0.35454821586608887,1.8147640228271484,0.7756114586685221
40,7.1403889656066895,-0.37324774265289307,1.816985011100769,0.7848427911493435
40,7.126693248748779,-0.3929000794887543,1.8202555179595947,0.7927715276613825
40,7.114264965057373,-0.41324663162231445,1.8245190382003784,0.8049135411417895
40,7.103026866912842,-0.43421486020088196,1.8297277688980103,0.8136962436001149
40,7.092856407165527,-0.4558626711368561,1.8358711004257202,0.8241462768338954
40,7.083798408508301,-0.47789984941482544,1.8428572416305542,0.8356084991841425
40,7.075807094573975,-0.5001890659332275,1.8506213426589966,0.844603647299592
40,7.068813323974609,-0.5227464437484741,1.859134554862976,0.8516255625530686
40,7.062821865081787,-0.5453395247459412,1.8682940006256104,0.859073964880202
40,7.057766914367676,-0.5679470300674438,1.87807297706604,0.8643015308618518
40,7.053587436676025,-0.5906110405921936,1.8884764909744263,0.8695830391077849
40,7.050252914428711,-0.6132885217666626,1.8994783163070679,0.8726198273120486
40,7.0477471351623535,-0.6358646154403687,1.9110084772109985,0.8743814504735489
40,7.046028137207031,-0.6583852171897888,1.923082709312439,0.8743050937673329
40,7.045083522796631,-0.6807510256767273,1.9356292486190796,0.8726060859937281
40,7.04487943649292,-0.7030072808265686,1.9486656188964844,0.8692306177031676
40,7.045403957366943,-0.7250677347183228,1.9621180295944214,0.8650706589629155
40,7.046631813049316,-0.7469766139984131,1.9760044813156128,0.8583785670668616
40,7.0485405921936035,-0.7685552835464478,1.990188717842102,0.8521038118874931
40,7.051119804382324,-0.789816677570343,2.004638910293579,0.8412784761992562
40,7.05438756942749,-0.8109056353569031,2.0194146633148193,0.8313042088210733
40,7.058346748352051,-0.8317484259605408,2.034445285797119,0.8211326063027641
40,7.0630035400390625,-0.8523774743080139,2.0497536659240723,0.8108132108278028
40,7.068363666534424,-0.8726662993431091,2.065192937850952,0.7992003746969274
40,7.074446201324463,-0.892596423625946,2.0807178020477295,0.787386752656026
40,7.081297874450684,-0.912267804145813,2.096414566040039,0.7764168107545699
40,7.088930606842041,-0.9315586686134338,2.112128973007202,0.7659011005472247
40,7.097395896911621,-0.9504989385604858,2.1278748512268066,0.756809450528758
40,7.106718063354492,-0.9690544605255127,2.1436002254486084,0.7472282323839284
40,7.11702299118042,-0.9873672127723694,2.1593995094299316,0.7397226072063815
40,7.128017425537109,-1.0048716068267822,2.1747453212738037,0.7335466858135923
40,7.139955043792725,-1.0219584703445435,2.189958333969116,0.7287008176098791
40,7.152914047241211,-1.0386542081832886,2.2050492763519287,0.7244623198417157
40,7.166863918304443,-1.0548717975616455,2.2199249267578125,0.7230498106146468
40,7.181710243225098,-1.0704874992370605,2.2344274520874023,0.7226849738265948
40,7.197385787963867,-1.0854436159133911,2.248506546020508,0.7236377918278194
40,7.213927745819092,-1.0997933149337769,2.262183666229248,0.7263532342504445
40,7.23126220703125,-1.1134884357452393,2.2754123210906982,0.729263236560409
40,7.249365329742432,-1.1265414953231812,2.288203239440918,0.7341352572088448
40,7.268250942230225,-1.1389790773391724,2.300565481185913,0.7389148270248013
40,7.287773609161377,-1.150736927986145,2.3124494552612305,0.7453604167666896
40,7.307979106903076,-1.1618709564208984,2.3239006996154785,0.7514420678744613
40,7.3287177085876465,-1.1723312139511108,2.3348662853240967,0.7587902604692017
40,7.349996089935303,-1.1821551322937012,2.345399856567383,0.7658277794481972
40,7.371796607971191,-1.1913647651672363,2.3554954528808594,0.7735134867280792
40,7.394045829772949,-1.1999543905258179,2.3651697635650635,0.7811487284861808
40,7.416630744934082,-1.207916021347046,2.3744008541107178,0.7887081843013325
40,7.439603328704834,-1.215304970741272,2.38322114944458,0.7969261041869796
40,7.463592529296875,-1.2223294973373413,2.3918957710266113,0.8050897587591141
40,7.487846374511719,-1.2287712097167969,2.4001624584198,0.813266783319658
40,7.512032508850098,-1.2345587015151978,2.4079041481018066,0.8212999895629841
40,7.536069869995117,-1.2397449016571045,2.4151554107666016,0.8290441305889531
40,7.560454368591309,-1.2444573640823364,2.4220871925354004,0.8370691191732758
40,7.584975242614746,-1.248686671257019,2.42865252494812,0.8452620201628237
40,7.609349250793457,-1.2524172067642212,2.4347949028015137,0.8531750945177647
40,7.63380241394043,-1.2557203769683838,2.4405713081359863,0.861080324258024
40,7.658388614654541,-1.2586443424224854,2.445970058441162,0.8687626910445778
40,7.682804584503174,-1.261200189590454,2.4508309364318848,0.8739380156625398
40,7.707024097442627,-1.2634124755859375,2.454932451248169,0.8732709616842266
40,7.731428146362305,-1.2652817964553833,2.4579641819000244,0.8638840577985669
40,7.756986618041992,-1.2667444944381714,2.4594669342041016,0.8468609596393487
40,7.782547950744629,-1.267575740814209,2.4590206146240234,0.8341003099290708
40,7.808004379272461,-1.2677817344665527,2.4572947025299072,0.8345122022838888
40,7.833392143249512,-1.2675114870071411,2.455597400665283,0.8467332474174658
40,7.858671188354492,-1.266789436340332,2.4548752307891846,0.8662946547797551
40,7.883863925933838,-1.2655277252197266,2.4552226066589355,0.8844872549607233
40,7.908936977386475,-1.2637474536895752,2.456125020980835,0.8941700157489159
40,7.933901786804199,-1.2615693807601929,2.4570250511169434,0.8964717242319344
40,7.95876932144165,-1.2590913772583008,2.4575977325439453,0.8948768006844743
40,7.983536720275879,-1.256356954574585,2.457693338394165,0.8909455402151361
40,8.008247375488281,-1.2533884048461914,2.4572396278381348,0.8855109433523891
40,8.032832145690918,-1.250219464302063,2.4561967849731445,0.8791073904886015
40,8.057222366333008,-1.2468810081481934,2.4545419216156006,0.8722562133921804
40,8.081459045410156,-1.2433826923370361,2.4522652626037598,0.8657091256154906
40,8.105525016784668,-1.2397340536117554,2.4494011402130127,0.8602284893039511
40,8.129416465759277,-1.2359378337860107,2.4460346698760986,0.8563465582947707
40,8.153141975402832,-1.2319915294647217,2.4423069953918457,0.8541456745040716
40,8.17672348022461,-1.227898120880127,2.4383978843688965,0.853087700706876
40,8.200188636779785,-1.2236723899841309,2.434464454650879,0.8524391305359387
40,8.223549842834473,-1.2193244695663452,2.4306018352508545,0.8516708328176489
40,8.24681568145752,-1.214850664138794,2.4268553256988525,0.8501624453943188
40,8.269932746887207,-1.2102668285369873,2.423229694366455,0.8472467417248623
40,8.292948722839355,-1.2055811882019043,2.4196617603302,0.8429066330027419
40,8.315855026245117,-1.200820803642273,2.4160683155059814,0.8373741465005704
40,8.338643074035645,-1.1960132122039795,2.412363290786743,0.8310610423405624
40,8.361298561096191,-1.1911863088607788,2.4084761142730713,0.8242252793650576
40,8.38393497467041,-1.1863352060317993,2.4043359756469727,0.8173309169213252
40,8.406466484069824,-1.1814930438995361,2.3999433517456055,0.8107018050144561
40,8.428838729858398,-1.1766769886016846,2.395339012145996,0.8044943067755066
40,8.451111793518066,-1.1718722581863403,2.3905677795410156,0.7987544510448056
40,8.47327995300293,-1.167073369026184,2.3857009410858154,0.7933914739651337
40,8.49531364440918,-1.1622754335403442,2.3808083534240723,0.7882662416505111
40,8.517281532287598,-1.157457709312439,2.375922441482544,0.7831931836993947
40,8.539148330688477,-1.15263032913208,2.3710854053497314,0.7780278236854152
40,8.560962677001953,-1.1477909088134766,2.366299629211426,0.772785022023117
40,8.582710266113281,-1.142958641052246,2.3615617752075195,0.7674517746518206
40,8.604411125183105,-1.1381449699401855,2.3568503856658936,0.7621292175203959
40,8.626065254211426,-1.1333651542663574,2.3521432876586914,0.756851055651929
40,8.64763069152832,-1.128640055656433,2.347431182861328,0.7516449106927311
40,8.669150352478027,-1.123969316482544,2.3426926136016846,0.746576111335195
40,8.690608024597168,-1.1193631887435913,2.3379263877868652,0.7415875295060792
40,8.71202278137207,-1.1148194074630737,2.333130359649658,0.736785279531492
40,8.733397483825684,-1.1103358268737793,2.3283112049102783,0.7321735872174728
40,8.754700660705566,-1.1059144735336304,2.3234875202178955,0.7277936173153935
40,8.775969505310059,-1.1015442609786987,2.3186585903167725,0.7236526102220031
40,8.797205924987793,-1.097224235534668,2.3138272762298584,0.7196855827607349
40,8.818394660949707,-1.0929597616195679,2.3089959621429443,0.7159482507064047
40,8.839553833007812,-1.0887486934661865,2.3041563034057617,0.7125296580674593
40,8.860654830932617,-1.084595799446106,2.2993083000183105,0.7094471758126328
40,8.881726264953613,-1.080497145652771,2.294435739517212,0.7066769249299796
40,8.9027681350708,-1.0764542818069458,2.2895290851593018,0.7042204418972134
40,8.923779487609863,-1.0724682807922363,2.2845780849456787,0.7020075835766225
40,8.944745063781738,-1.068541169166565,2.279578447341919,0.7001407190199626
40,8.965658187866211,-1.0646706819534302,2.2745256423950195,0.6985986637391137
40,8.986538887023926,-1.0608488321304321,2.2694075107574463,0.6973782935759405
40,9.007386207580566,-1.0570706129074097,2.26421856880188,0.6964793789714192
40,9.028200149536133,-1.0533294677734375,2.258953332901001,0.6959421668610056
40,9.048962593078613,-1.0496188402175903,2.253613233566284,0.6957531885387936
40,9.069679260253906,-1.045930027961731,2.24819016456604,0.6957961856346201
40,9.090359687805176,-1.042252779006958,2.2426750659942627,0.6961570588973544
40,9.111000061035156,-1.038578748703003,2.237063407897949,0.6968434243076829
40,9.131591796875,-1.0348985195159912,2.2313568592071533,0.6978725122894968
40,9.152142524719238,-1.0311999320983887,2.2255501747131348,0.6991870500542138
40,9.17265796661377,-1.027471899986267,2.219640016555786,0.7007572858087776
40,9.193130493164062,-1.0237059593200684,2.2136282920837402,0.7025153284018999
40,9.213546752929688,-1.0198906660079956,2.207519054412842,0.7044237283456232
40,9.233920097351074,-1.0160115957260132,2.2013115882873535,0.7064808015704078
40,9.254249572753906,-1.0120573043823242,2.19500994682312,0.7086558589065158
40,9.274537086486816,-1.0080163478851318,2.1886188983917236,0.7109223933735254
40,9.294778823852539,-1.0038775205612183,2.1821489334106445,0.7132487996340152
40,9.314976692199707,-0.9996294379234314,2.1756067276000977,0.7155788439124783
40,9.335126876831055,-0.9952613115310669,2.169001817703247,0.7177562824703269
40,9.355231285095215,-0.9907622337341309,2.1623425483703613,0.7198837567600759
40,9.375288963317871,-0.9861221313476562,2.155642032623291,0.7219296539045988
40,9.39530086517334,-0.9813324213027954,2.1489109992980957,0.7238312055232468
40,9.415268898010254,-0.9763855934143066,2.142160415649414,0.7255966566675015
40,9.435192108154297,-0.9712732434272766,2.135401964187622,0.7270434391103122
40,9.455072402954102,-0.9659873247146606,2.1286494731903076,0.7282487109351972
40,9.474908828735352,-0.9605216979980469,2.1219141483306885,0.7292635946629159
40,9.494704246520996,-0.9548710584640503,2.115206718444824,0.7300219356887399
40,9.514456748962402,-0.9490309953689575,2.108538866043091,0.7304934493649254
40,9.53416919708252,-0.9429964423179626,2.101923942565918,0.7306021096781046
40,9.553840637207031,-0.9367635250091553,2.095372438430786,0.7305359633376048
40,9.573472023010254,-0.9303299784660339,2.0888936519622803,0.7302799527948188
40,9.593062400817871,-0.9236947894096375,2.0824966430664062,0.7297549148920198
40,9.612613677978516,-0.9168561697006226,2.0761921405792236,0.7289116784760087
40,9.632123947143555,-0.9098131060600281,2.069988250732422,0.7279224554887818
40,9.651592254638672,-0.9025650024414062,2.063892126083374,0.7267799213389516
40,9.6710205078125,-0.895112156867981,2.0579111576080322,0.7253076239297919
40,9.690406799316406,-0.8874550461769104,2.0520548820495605,0.7236266998776466
40,9.709749221801758,-0.8795937895774841,2.046328544616699,0.7218201206184667
40,9.729047775268555,-0.8715285658836365,2.040736436843872,0.7198188331703953
40,9.74830150604248,-0.8632606863975525,2.0352864265441895,0.7175691665896354
40,9.767507553100586,-0.8547917008399963,2.029982805252075,0.7151935926685729
40,9.786664962768555,-0.8461222052574158,2.0248279571533203,0.7126666982425931
40,9.805771827697754,-0.8372533917427063,2.0198264122009277,0.7099882376041169
40,9.824825286865234,-0.8281859755516052,2.0149800777435303,0.7072468099854808
40,9.843823432922363,-0.8189213871955872,2.010289430618286,0.70432320052485
40,9.862763404846191,-0.8094618320465088,2.005758047103882,0.7013338305215774
40,9.88164234161377,-0.7998077869415283,2.0013835430145264,0.6983263637478018
40,9.900456428527832,-0.7899602055549622,1.9971665143966675,0.6952405629062709
40,9.914144515991211,-0.7826521396636963,1.994187831878662,0.6929794691494491
41,0.01744992658495903,0.7565353512763977,0.6376209855079651,1.000723967822446
41,0.1202072948217392,0.756556510925293,0.6386566758155823,1.0029190098742797
41,0.22295989096164703,0.7565887570381165,0.6400856375694275,1.0067648495721107
41,0.33232852816581726,0.7566395401954651,0.642170786857605,1.0114465617025188
41,0.4464154541492462,0.7567156553268433,0.6448330879211426,1.0161462324693273
41,0.5585734248161316,0.7568142414093018,0.6478562355041504,1.0204869810087878
41,0.6749424338340759,0.7569376826286316,0.6513433456420898,1.0248640098528932
41,0.7943339943885803,0.7570892572402954,0.6551782488822937,1.0295111499702019
41,0.9137200713157654,0.7572674751281738,0.6591778993606567,1.0339288781368137
41,1.0348687171936035,0.7574744820594788,0.6632562279701233,1.0381793127170034
41,1.1560189723968506,0.7577067613601685,0.6672813296318054,1.0411910887280147
41,1.2779877185821533,0.7579648494720459,0.6712042689323425,1.043572744381407
41,1.4002609252929688,0.7582586407661438,0.6750394105911255,1.0444614591328445
41,1.5225356817245483,0.7585909366607666,0.6788226366043091,1.0447102015109577
41,1.6448962688446045,0.7589569687843323,0.6826761364936829,1.0445341117502285
41,1.7672522068023682,0.7593555450439453,0.6866676211357117,1.044474416554555
41,1.889620304107666,0.7597861886024475,0.6908668279647827,1.0446523561474366
41,2.011981725692749,0.7602511048316956,0.6953338384628296,1.045274621375253
41,2.1343326568603516,0.760750412940979,0.7000751495361328,1.0464385981712954
41,2.256674289703369,0.7612819671630859,0.705056369304657,1.0478412173329252
41,2.379007577896118,0.7618503570556641,0.710234522819519,1.0493725210886118
41,2.501333713531494,0.7624603509902954,0.7155774235725403,1.050828561606477
41,2.623652219772339,0.7631203532218933,0.7210839986801147,1.0521866620687395
41,2.7459633350372314,0.7638342380523682,0.7267445921897888,1.0534584313370063
41,2.868267774581909,0.7646059393882751,0.7325437664985657,1.0546098377486681
41,2.990565061569214,0.7654314041137695,0.7384809851646423,1.0550899095023587
41,3.112854242324829,0.7663065195083618,0.7445788979530334,1.0550650526965113
41,3.235149621963501,0.7672207951545715,0.7509400248527527,1.0546022803436028
41,3.3574249744415283,0.7681684494018555,0.7576738595962524,1.054320271417333
41,3.479670286178589,0.7691435813903809,0.7649280428886414,1.0540215187248962
41,3.6018741130828857,0.7701531648635864,0.7728455662727356,1.0535323837801545
41,3.7240278720855713,0.7712085843086243,0.7814953327178955,1.051689117481854
41,3.8461058139801025,0.7723462581634521,0.7908906936645508,1.0491665960082384
41,3.96813702583313,0.7735819816589355,0.8008661270141602,1.0446535134761612
41,4.089920520782471,0.7749269008636475,0.8111698627471924,1.0402730510906764
41,4.210622310638428,0.7763664126396179,0.8213034868240356,1.0358745319331684
41,4.331351280212402,0.7779181599617004,0.8310887813568115,1.0309048034440886
41,4.448902130126953,0.7795578241348267,0.8398639559745789,1.0258733346458968
41,4.560200214385986,0.7812575101852417,0.8471325635910034,1.0189564357696184
41,4.671574592590332,0.7831304669380188,0.8530892133712769,1.0114291537901883
41,4.774552345275879,0.7850549221038818,0.8570870161056519,1.0039277859090576
41,4.869688034057617,0.7870334982872009,0.8592647910118103,0.9964532212708951
41,4.964841842651367,0.7892398834228516,0.859824538230896,0.9889110006947078
41,5.055551052093506,0.7915887832641602,0.858765184879303,0.982010843879029
41,5.146490097045898,0.7942114472389221,0.8561702966690063,0.9755978761889329
41,5.239738464355469,0.7972042560577393,0.8520222902297974,0.9697373462830436
41,5.335696697235107,0.8006317615509033,0.846356987953186,0.9643556558215544
41,5.43513298034668,0.8045879602432251,0.8392282724380493,0.9598683357188228
41,5.534473419189453,0.808977484703064,0.8310887813568115,0.9569707711729479
41,5.635824680328369,0.8139231204986572,0.8219971060752869,0.955679609468752
41,5.738698959350586,0.8194358944892883,0.8121772408485413,0.9561467701488662
41,5.842573642730713,0.8255163431167603,0.8018057346343994,0.9584753938065029
41,5.946916103363037,0.8321595788002014,0.7910065650939941,0.9627401056143889
41,6.051212310791016,0.839356005191803,0.7798488140106201,0.9691141112246392
41,6.1554274559021,0.8471222519874573,0.7683255672454834,0.9763536757755819
41,6.2583394050598145,0.8553794026374817,0.756555438041687,0.9855026280663607
41,6.360896110534668,0.8642008900642395,0.7443571090698242,0.9968880745278992
41,6.462954998016357,0.8735643625259399,0.7316879630088806,1.0107017267186276
41,6.553173542022705,0.882322371006012,0.7199636101722717,1.0255745845291744
41,6.6509199142456055,0.8922702670097351,0.7065107226371765,1.0466277263118888
41,6.698836803436279,0.8972858190536499,0.6995644569396973,1.058894468018092
41,6.725268840789795,0.9000809788703918,0.6956201791763306,1.0654130678775926
41,6.750030994415283,0.9027167558670044,0.6918492913246155,1.0716379191226373
41,6.774570465087891,0.9053449630737305,0.6880399584770203,1.0779158037462169
41,6.799334526062012,0.9080132246017456,0.6841278076171875,1.0843944675007464
41,6.823636531829834,0.9106471538543701,0.6802237033843994,1.0910763796157514
41,6.8477301597595215,0.9132733345031738,0.676291823387146,1.097871263007016
41,6.871853828430176,0.9159168004989624,0.6722983717918396,1.1047935286016035
41,6.895909309387207,0.9185660481452942,0.6682634949684143,1.1118529020124202
41,6.919818878173828,0.9212117791175842,0.6642051935195923,1.11892374222453
41,6.943665981292725,0.9238622784614563,0.6601139903068542,1.1261743743863046
41,6.967737674713135,0.9265483021736145,0.6559452414512634,1.1334516951864946
41,6.991912841796875,0.929254949092865,0.6517239212989807,1.1410018826558672
41,7.015836715698242,0.9319412708282471,0.647516131401062,1.1486091763256756
41,7.039522171020508,0.9346075654029846,0.6433244347572327,1.1563916910647845
41,7.062967300415039,0.9372527599334717,0.639154851436615,1.163929672193212
41,7.086754322052002,0.9399417042732239,0.6349093317985535,1.1716603945031623
41,7.110410690307617,0.942621111869812,0.6306761503219604,1.1793720861160792
41,7.134013652801514,0.9452996253967285,0.6264458298683167,1.1871797675540354
41,7.157564163208008,0.9479779005050659,0.6222215890884399,1.1953514534610539
41,7.181063652038574,0.9506564736366272,0.6180070638656616,1.203297249470477
41,7.2053046226501465,0.9534243941307068,0.6136656999588013,1.2115918490331643
41,7.229417324066162,0.9561802744865417,0.6093589663505554,1.2202192576365545
41,7.253444671630859,0.9589258432388306,0.6050848960876465,1.2291192104382838
41,7.2772932052612305,0.9616459012031555,0.600867748260498,1.2381621639066285
41,7.301149368286133,0.96435546875,0.5966836810112,1.247649745982067
41,7.324912071228027,0.9670354127883911,0.5925610065460205,1.2574320504485512
41,7.348579406738281,0.9696754217147827,0.5885134935379028,1.2674444433665546
41,7.372150421142578,0.972263753414154,0.5845564007759094,1.277570293793709
41,7.395623683929443,0.9747872948646545,0.5807066559791565,1.2876377962874384
41,7.419120788574219,0.9772459864616394,0.5769615769386292,1.2972701038045815
41,7.442509651184082,0.9796157479286194,0.5733570456504822,1.305815286929718
41,7.465800762176514,0.9818896651268005,0.5699040293693542,1.3132100167416787
41,7.488991737365723,0.9840645790100098,0.5666099190711975,1.3193148224542772
41,7.512078285217285,0.9861446619033813,0.563474714756012,1.3241708905192469
41,7.535056114196777,0.9881402850151062,0.5604910850524902,1.3279860886364236
41,7.558055400848389,0.9900753498077393,0.55763179063797,1.3312069827311261
41,7.580937385559082,0.9919511079788208,0.5549029111862183,1.3343855026324076
41,7.603700637817383,0.9937787055969238,0.5522952079772949,1.3376900494661939
41,7.6263427734375,0.9955658912658691,0.5498025417327881,1.3411864110428058
41,7.6488823890686035,0.9973192811012268,0.547420084476471,1.3448789518522177
41,7.671339511871338,0.9990431070327759,0.5451449751853943,1.3487352680181641
41,7.693745136260986,1.0007410049438477,0.5429751873016357,1.352708833120937
41,7.716213226318359,1.0024213790893555,0.5409020781517029,1.3567486875500612
41,7.738622188568115,1.0040748119354248,0.5389391779899597,1.3606780873618216
41,7.760976791381836,1.005700945854187,0.5370872020721436,1.3645934594888856
41,7.783292770385742,1.007299780845642,0.5353458523750305,1.3684647903024991
41,7.805573463439941,1.0088708400726318,0.533715009689331,1.3722658482361991
41,7.827823162078857,1.0104135274887085,0.5321932435035706,1.375980461027137
41,7.850047588348389,1.011927604675293,0.5307783484458923,1.3795958999230293
41,7.872258186340332,1.013413667678833,0.5294663906097412,1.38310263000899
41,7.894474506378174,1.0148727893829346,0.5282520651817322,1.3864704420980616
41,7.916697978973389,1.0163055658340454,0.5271303057670593,1.3897101947917456
41,7.938926696777344,1.0177123546600342,0.5260951519012451,1.392812744493751
41,7.961160659790039,1.0190941095352173,0.5251396894454956,1.3957686303761754
41,7.983398914337158,1.0204517841339111,0.5242565870285034,1.3985681249083355
41,8.005640983581543,1.0217866897583008,0.5234380960464478,1.4012018805186794
41,8.027887344360352,1.0231001377105713,0.5226764678955078,1.4036609604796875
41,8.050135612487793,1.0243934392929077,0.5219640135765076,1.4059368251519946
41,8.072385787963867,1.025667667388916,0.5212931036949158,1.408017863934755
41,8.09463882446289,1.0269242525100708,0.5206565856933594,1.4098718214400618
41,8.116893768310547,1.0281639099121094,0.5200479030609131,1.411520375066687
41,8.13914966583252,1.0293879508972168,0.5194611549377441,1.4129664957133645
41,8.161406517028809,1.0305970907211304,0.5188908576965332,1.4142110211403465
41,8.18366527557373,1.0317922830581665,0.5183322429656982,1.4152559460758207
41,8.205924034118652,1.0329747200012207,0.5177809596061707,1.4161044046843985
41,8.22818374633789,1.0341455936431885,0.51723313331604,1.416759087822218
41,8.250444412231445,1.0353059768676758,0.5166853666305542,1.4172175781074703
41,8.272705078125,1.0364573001861572,0.5161344408988953,1.4174156141907437
41,8.294966697692871,1.0376005172729492,0.5155778527259827,1.41733092198562
41,8.317227363586426,1.03873610496521,0.5150145292282104,1.4169471494345742
41,8.339488983154297,1.0398637056350708,0.514444887638092,1.4162704248391091
41,8.361751556396484,1.0409830808639526,0.5138701796531677,1.4153127417074742
41,8.384014129638672,1.0420939922332764,0.513292670249939,1.4140862413138895
41,8.406267166137695,1.043196201324463,0.5127165913581848,1.4126060087772578
41,8.428508758544922,1.0442904233932495,0.5121486783027649,1.410902147766501
41,8.450737953186035,1.045377492904663,0.5115967392921448,1.4090411696341931
41,8.47293472290039,1.0464576482772827,0.5110685229301453,1.4071460801973383
41,8.495099067687988,1.0475326776504517,0.5105710029602051,1.4053804802150274
41,8.517265319824219,1.048606514930725,0.5101114511489868,1.4038200533912715
41,8.539393424987793,1.0496798753738403,0.5096995234489441,1.4024269161546603
41,8.561479568481445,1.0507539510726929,0.5093435645103455,1.4011318112582287
41,8.583508491516113,1.0518274307250977,0.509050190448761,1.399807495415008
41,8.605419158935547,1.0528950691223145,0.5088247656822205,1.3984354130950878
41,8.627315521240234,1.0539580583572388,0.5086698532104492,1.3970739707928592
41,8.649321556091309,1.0550177097320557,0.508589506149292,1.39577720051566
41,8.671324729919434,1.0560632944107056,0.5085886120796204,1.3945839520565826
41,8.693321228027344,1.0570894479751587,0.5086708664894104,1.393531757880364
41,8.71530532836914,1.0580912828445435,0.5088401436805725,1.3926618060147968
41,8.737271308898926,1.0590648651123047,0.5091010928153992,1.392043278477032
41,8.7592134475708,1.0600076913833618,0.5094578862190247,1.3917595492904966
41,8.7811279296875,1.0609186887741089,0.509911835193634,1.3918341524121673
41,8.803009033203125,1.061798334121704,0.5104604959487915,1.3921899674105085
41,8.824851989746094,1.0626481771469116,0.5110979080200195,1.3926927395658752
41,8.84665298461914,1.063470482826233,0.5118164420127869,1.3932143773436783
41,8.868408203125,1.0642679929733276,0.5126072764396667,1.3936628877746207
41,8.890114784240723,1.0650434494018555,0.5134614109992981,1.393991162128994
41,8.911770820617676,1.0657991170883179,0.5143688321113586,1.3942083386336452
41,8.933372497558594,1.066537618637085,0.515317440032959,1.3942913783874118
41,8.954923629760742,1.0672626495361328,0.5162897706031799,1.3940852653881233
41,8.976463317871094,1.067981243133545,0.5172644257545471,1.3933559191322746
41,8.997997283935547,1.068698763847351,0.5182133316993713,1.3915917361511752
41,9.019526481628418,1.0694186687469482,0.5191034078598022,1.3878782954489164
41,9.041051864624023,1.0701411962509155,0.519899845123291,1.3805441892306223
41,9.062567710876465,1.0708589553833008,0.5205753445625305,1.3687198547356687
41,9.084080696105957,1.0715587139129639,0.5211193561553955,1.3521034615627965
41,9.105591773986816,1.0722156763076782,0.5215446949005127,1.331460850477327
41,9.127100944519043,1.072787880897522,0.5218833684921265,1.309224623070795
41,9.148608207702637,1.073237419128418,0.522125244140625,1.2898007849191349
41,9.170114517211914,1.0735530853271484,0.5222116708755493,1.2804290257963074
41,9.19161319732666,1.0737082958221436,0.5223233699798584,1.2838521148183222
41,9.20934009552002,1.073691964149475,0.5228047370910645,1.2951333866343107
41,9.228036880493164,1.0735368728637695,0.5240974426269531,1.3134767536215985
41,9.249348640441895,1.0732479095458984,0.5268323421478271,1.3354878203802247
41,9.270461082458496,1.0729342699050903,0.5308206677436829,1.3505638867305942
41,9.291375160217285,1.0726737976074219,0.535744845867157,1.3545463462517306
41,9.3121919631958,1.072514533996582,0.5412630438804626,1.3505583421235081
41,9.332928657531738,1.0724736452102661,0.5470694303512573,1.3435902779160187
41,9.353641510009766,1.072540283203125,0.5529568791389465,1.3367947972468972
41,9.374363899230957,1.0726940631866455,0.5588060021400452,1.3306544478653055
41,9.39511775970459,1.072925329208374,0.5645418167114258,1.3249445358316287
41,9.41591739654541,1.0732358694076538,0.5701044201850891,1.319485019178536
41,9.436813354492188,1.0736353397369385,0.5754477977752686,1.3139243588786658
41,9.45777416229248,1.0741348266601562,0.5805204510688782,1.3089539127302523
41,9.478801727294922,1.0747473239898682,0.585292398929596,1.3046038454164144
41,9.499897003173828,1.075485348701477,0.5897426605224609,1.3008828539782231
41,9.521085739135742,1.0763605833053589,0.5938641428947449,1.2978042379811958
41,9.542330741882324,1.077378511428833,0.5976449251174927,1.295365148908868
41,9.56362533569336,1.0785411596298218,0.6010867357254028,1.2935137542253592
41,9.58496379852295,1.0798454284667969,0.6041976809501648,1.2921608291775961
41,9.606337547302246,1.0812829732894897,0.6069915294647217,1.2911868156078137
41,9.627740859985352,1.082841157913208,0.6094867587089539,1.2904515802303347
41,9.649186134338379,1.0845050811767578,0.6117066144943237,1.289684750129973
41,9.670648574829102,1.0862544775009155,0.6136733293533325,1.2889012926822068
41,9.692127227783203,1.0880690813064575,0.6154134273529053,1.2879841282660462
41,9.713618278503418,1.089928388595581,0.6169541478157043,1.2868406060984352
41,9.73512077331543,1.0918128490447998,0.6183220744132996,1.2854050742178649
41,9.756634712219238,1.0937039852142334,0.6195431351661682,1.2836399285424087
41,9.778159141540527,1.0955853462219238,0.6206421852111816,1.2815377231460465
41,9.799694061279297,1.0974427461624146,0.6216426491737366,1.2791079817391204
41,9.821235656738281,1.0992642641067505,0.6225651502609253,1.2764007562695405
41,9.842788696289062,1.101041316986084,0.6234286427497864,1.273500210034835
41,9.864359855651855,1.1027666330337524,0.6242495775222778,1.2704511708463504
41,9.885931015014648,1.1044329404830933,0.6250416040420532,1.267300489373284
41,9.907508850097656,1.1060363054275513,0.625816285610199,1.2640739154486278
41,9.929091453552246,1.10757315158844,0.626583456993103,1.26079240945785
41,9.950677871704102,1.1090407371520996,0.627351701259613,1.2574720631721477
41,9.972270011901855,1.1104371547698975,0.6281280517578125,1.2541272622520934
41,9.993865966796875,1.1117610931396484,0.6289187073707581,1.2507834373686446
41,10.015464782714844,1.1130117177963257,0.6297286748886108,1.247457040117978
41,10.037067413330078,1.1141889095306396,0.6305626034736633,1.244160400687926
41,10.058672904968262,1.1152927875518799,0.6314237713813782,1.2409040515588576
41,10.080280303955078,1.116323709487915,0.6323149800300598,1.2376965356596477
41,10.101889610290527,1.1172822713851929,0.6332382559776306,1.2345442070593604
41,10.12350082397461,1.1181695461273193,0.6341947317123413,1.23145592008146
41,10.145113945007324,1.1189862489700317,0.6351853013038635,1.2284313842638193
41,10.166733741760254,1.1197336912155151,0.6362103819847107,1.2254555364245512
41,10.18842601776123,1.12041437625885,0.6372730135917664,1.2225154633832924
41,10.210441589355469,1.1210355758666992,0.6383857131004333,1.219585524005413
41,10.23336124420166,1.1216095685958862,0.6395793557167053,1.2165995602272655
41,10.2579927444458,1.1221463680267334,0.6408994197845459,1.213405590036386
41,10.282624244689941,1.122602105140686,0.6422553062438965,1.210257845135418
41,10.309487342834473,1.123010516166687,0.643771231174469,1.206883575550392
41,10.33832836151123,1.1233501434326172,0.6454378366470337,1.2033730858636305
41,10.367168426513672,1.1235902309417725,0.6471420526504517,1.1999078237817467
41,10.397176742553711,1.123739242553711,0.6489511728286743,1.196344342182699
41,10.427183151245117,1.1237887144088745,0.650794267654419,1.1928420377404267
41,10.457633018493652,1.1237409114837646,0.6526963114738464,1.1893105824259858
41,10.488180160522461,1.1235986948013306,0.6546334028244019,1.185814000159248
41,10.51872444152832,1.1233649253845215,0.656597375869751,1.1823490537837047
41,10.549276351928711,1.1230443716049194,0.6585853695869446,1.1789090678238159
41,10.579827308654785,1.1226401329040527,0.6605942249298096,1.1755045812587401
41,10.610374450683594,1.122156023979187,0.6626213192939758,1.172118646517897
41,10.64091968536377,1.1215962171554565,0.6646632552146912,1.1687561352443363
41,10.671462059020996,1.1209627389907837,0.6667180061340332,1.1652140783702942
41,10.702003479003906,1.120259165763855,0.6687820553779602,1.1616513612645891
41,10.732542037963867,1.1194889545440674,0.6708532571792603,1.1580996651948021
41,10.763078689575195,1.1186556816101074,0.672930121421814,1.154564628557175
41,10.79361343383789,1.117763876914978,0.6750104427337646,1.1510461379993058
41,10.82414722442627,1.1168166399002075,0.6770933270454407,1.1475406830766668
41,10.8546781539917,1.1158183813095093,0.6791771054267883,1.1440570346621042
41,10.885207176208496,1.1147727966308594,0.6812604665756226,1.1405888435418794
41,10.915735244750977,1.1136832237243652,0.6833425760269165,1.1371432995294701
41,10.94626235961914,1.1125538349151611,0.6854218244552612,1.1337222864991876
41,10.976788520812988,1.1113877296447754,0.6874972581863403,1.1303242029934983
41,11.00731372833252,1.110188364982605,0.6895673871040344,1.1269567508126284
41,11.037837982177734,1.108959436416626,0.691630482673645,1.1234467917517195
41,11.06836223602295,1.1077028512954712,0.6936851739883423,1.1199260663734332
41,11.098885536193848,1.1064226627349854,0.6957294940948486,1.1164414026330436
41,11.129408836364746,1.1051219701766968,0.6977623105049133,1.1130003853213435
41,11.159932136535645,1.103804111480713,0.699782133102417,1.1096020268960731
41,11.19045639038086,1.1024729013442993,0.7017872929573059,1.1062519409177303
41,11.22098159790039,1.1011309623718262,0.7037765383720398,1.1029566206459103
41,11.251508712768555,1.09978187084198,0.7057480812072754,1.099710146715892
41,11.282044410705566,1.0984286069869995,0.7077008485794067,1.0965374961039824
41,11.312582015991211,1.0970741510391235,0.7096330523490906,1.09342329539931
41,11.343146324157715,1.095720887184143,0.7115442156791687,1.0903732176792962
41,11.373711585998535,1.0943725109100342,0.7134314179420471,1.087411349645846
41,11.40434455871582,1.093029260635376,0.7152965068817139,1.0844805713062051
41,11.435118675231934,1.0916904211044312,0.71714186668396,1.0814870106889933
41,11.465895652770996,1.0903648138046265,0.7189571857452393,1.0785758568462702
41,11.496925354003906,1.0890471935272217,0.7207530736923218,1.0757330975748305
41,11.527957916259766,1.0877504348754883,0.7225134968757629,1.072977900840617
41,11.56429386138916,1.0862603187561035,0.724527895450592,1.0693478315030873
41,11.630138397216797,1.0836482048034668,0.728042483329773,1.0637659411673486
41,11.695998191833496,1.0811753273010254,0.7313719987869263,1.0590507891364362
41,11.767715454101562,1.0786852836608887,0.7347576022148132,1.053948086887955
41,11.897361755371094,1.0747073888778687,0.7402531504631042,1.0470572802003004
41,11.961909294128418,1.073020100593567,0.7426611185073853,1.0436451509191824
