id,x,y,z,speed
0,0.6470336318016052,-0.3330442011356354,3.7079312801361084,0.9935421995295646
0,0.7602083086967468,-0.3330937325954437,3.6858139038085938,0.9869202960998315
0,0.8733155727386475,-0.3331533968448639,3.6633543968200684,0.9796865699926594
0,0.9919107556343079,-0.33322593569755554,3.639798879623413,0.9712975370010148
0,1.1105495691299438,-0.33330854773521423,3.6164684295654297,0.9625320076164268
0,1.2302838563919067,-0.33340296149253845,3.593398332595825,0.9533549084835166
0,1.3501322269439697,-0.33350929617881775,3.5709285736083984,0.9444895380484339
0,1.470508098602295,-0.33362877368927,3.5491628646850586,0.9356787342124465
0,1.5911606550216675,-0.33376187086105347,3.52829647064209,0.9275381203829908
0,1.7119873762130737,-0.33390894532203674,3.5084638595581055,0.9199395119014281
0,1.8330273628234863,-0.33407026529312134,3.489806890487671,0.9129783953976139
0,1.954258918762207,-0.33424580097198486,3.472440481185913,0.9074213203140377
0,2.0756876468658447,-0.33443528413772583,3.456479787826538,0.9025861741672264
0,2.197303295135498,-0.3346381187438965,3.4420104026794434,0.8993107246759776
0,2.319093704223633,-0.33485376834869385,3.4290928840637207,0.8972039271188041
0,2.4410412311553955,-0.3350812792778015,3.4177558422088623,0.8961558785609042
0,2.5631253719329834,-0.3353199064731598,3.4079957008361816,0.8969168888957555
0,2.6853229999542236,-0.33556878566741943,3.399780511856079,0.8985193868162564
0,2.807610034942627,-0.3358272314071655,3.3930282592773438,0.9013788965758586
0,2.929966449737549,-0.33609482645988464,3.387669563293457,0.9051593217298672
0,3.0523717403411865,-0.3363713324069977,3.383574962615967,0.9095280594174955
0,3.1748099327087402,-0.3366568982601166,3.3806300163269043,0.9146706153305906
0,3.297268867492676,-0.3369518220424652,3.3787198066711426,0.9200560134554742
0,3.419738531112671,-0.33725705742836,3.3776988983154297,0.9256933472665527
0,3.54221248626709,-0.33757346868515015,3.3774728775024414,0.931357253547505
0,3.6646854877471924,-0.3379027545452118,3.3779146671295166,0.9370152342499861
0,3.787135362625122,-0.33824703097343445,3.3789217472076416,0.9424163585291496
0,3.9095802307128906,-0.3386082351207733,3.3804187774658203,0.9475745166911916
0,4.031800270080566,-0.33898913860321045,3.3823134899139404,0.9524564892155966
0,4.1540141105651855,-0.3393931984901428,3.384558916091919,0.9567686714524385
0,4.275129795074463,-0.33982038497924805,3.3870761394500732,0.9607717623577375
0,4.392993450164795,-0.34026670455932617,3.3897697925567627,0.9641310427719285
0,4.510851860046387,-0.34074729681015015,3.3926842212677,0.9670329731328707
0,4.6223649978637695,-0.34124016761779785,3.395630359649658,0.9694573360227949
0,4.725400924682617,-0.3417346775531769,3.3985157012939453,0.9711954697649935
0,4.828432083129883,-0.34227222204208374,3.4015626907348633,0.9725723120972096
0,4.923570156097412,-0.3428135812282562,3.404531717300415,0.9735150937614964
0,5.013511657714844,-0.34337106347084045,3.4074862003326416,0.974082216327878
0,5.101014614105225,-0.34396252036094666,3.4105076789855957,0.9743118141314421
0,5.187726974487305,-0.3446037471294403,3.4136557579040527,0.9741645608827102
0,5.274433135986328,-0.34530848264694214,3.4169726371765137,0.9736953243312629
0,5.36097526550293,-0.34608545899391174,3.420473098754883,0.9729077510966687
0,5.447493553161621,-0.3469487428665161,3.4241905212402344,0.9717946267627922
0,5.533999919891357,-0.3479132056236267,3.4281554222106934,0.9703472839147619
0,5.6204915046691895,-0.3489970266819,3.432400941848755,0.9685645291988901
0,5.707052230834961,-0.35022467374801636,3.4369630813598633,0.9664582414076588
0,5.79466438293457,-0.3516448438167572,3.441939353942871,0.9639688370753496
0,5.881176471710205,-0.35325920581817627,3.447254180908203,0.9611839568979874
0,5.969048023223877,-0.3551575541496277,3.4531235694885254,0.958160220164015
0,6.059898376464844,-0.35745424032211304,3.4597854614257812,0.9549443995816708
0,6.154155731201172,-0.36027559638023376,3.4674551486968994,0.951663945221339
0,6.251486778259277,-0.3637627065181732,3.476329803466797,0.9485626176645436
0,6.35140323638916,-0.3680843412876129,3.4866108894348145,0.946042792343998
0,6.451129913330078,-0.37329670786857605,3.4982309341430664,0.9448942119726442
0,6.55180549621582,-0.37960875034332275,3.5115649700164795,0.9455504772338368
0,6.578216075897217,-0.381477415561676,3.5154330730438232,0.9459538922577581
0,6.604757785797119,-0.3834494650363922,3.5194530487060547,0.9466011498419024
0,6.631174087524414,-0.3855104446411133,3.523566722869873,0.9475332674441618
0,6.65755033493042,-0.38766998052597046,3.52777361869812,0.948730486661498
0,6.683934688568115,-0.38993752002716064,3.5320794582366943,0.950156044972035
0,6.710171222686768,-0.3923059403896332,3.5364620685577393,0.95180842873673
0,6.736443519592285,-0.39479711651802063,3.5409584045410156,0.9537106125521692
0,6.7627458572387695,-0.39741551876068115,3.5455715656280518,0.9558782797932355
0,6.789070129394531,-0.40016353130340576,3.5503005981445312,0.9583245883448626
0,6.815411567687988,-0.40304213762283325,3.555140256881714,0.9610471644720199
0,6.8415961265563965,-0.40603408217430115,3.5600507259368896,0.9640559588634215
0,6.867787837982178,-0.4091603457927704,3.5650548934936523,0.9673856787601836
0,6.893979549407959,-0.4124245047569275,3.5701446533203125,0.9710556005466762
0,6.920177459716797,-0.41583263874053955,3.5753166675567627,0.9750899213098935
0,6.946376800537109,-0.4193904995918274,3.5805654525756836,0.9795647160657038
0,6.972407817840576,-0.4230808913707733,3.5858521461486816,0.9844969657052087
0,6.998430252075195,-0.4269287586212158,3.5912039279937744,0.9899079040023463
0,7.02443790435791,-0.43093398213386536,3.596616744995117,0.9958034222610853
0,7.050424575805664,-0.43509554862976074,3.6020851135253906,1.0022452177055308
0,7.076222896575928,-0.43938347697257996,3.607569932937622,1.0091902419560208
0,7.101993083953857,-0.44381725788116455,3.613100051879883,1.0165829403506135
0,7.1277313232421875,-0.44838863611221313,3.618669271469116,1.0244312943114766
0,7.153433322906494,-0.4530872106552124,3.624272108078003,1.0326528634950431
0,7.178932189941406,-0.45786723494529724,3.629868745803833,1.041412588822833
0,7.2043938636779785,-0.4627465009689331,3.6354904174804688,1.0507500139147095
0,7.229816913604736,-0.4677117168903351,3.6411285400390625,1.0605909112926741
0,7.2552008628845215,-0.47274884581565857,3.6467719078063965,1.070874866654233
0,7.280384540557861,-0.4778073728084564,3.6523754596710205,1.08187685959478
0,7.305522441864014,-0.4828949570655823,3.657968521118164,1.0931870984269005
0,7.330626964569092,-0.48799553513526917,3.6635396480560303,1.1046646613570943
0,7.355658054351807,-0.4930846691131592,3.6690616607666016,1.1162784377699666
0,7.380656719207764,-0.49814966320991516,3.6745266914367676,1.1283339787436792
0,7.406121253967285,-0.5032669305801392,3.680025815963745,1.1399568734461263
0,7.431212425231934,-0.5082492232322693,3.6853673458099365,1.151568402127189
0,7.455575942993164,-0.5130169987678528,3.6904633045196533,1.162567000153473
0,7.480705261230469,-0.5178515315055847,3.695605754852295,1.1733367989928276
0,7.505423545837402,-0.5225051045417786,3.700538396835327,1.1836512765106078
0,7.53007173538208,-0.5270364284515381,3.705317735671997,1.193696326755331
0,7.554683685302734,-0.5314409136772156,3.709942579269409,1.2031151255918815
0,7.579230308532715,-0.5357131361961365,3.7143969535827637,1.2117207307077604
0,7.603757858276367,-0.5398560762405396,3.7186779975891113,1.2201088288557407
0,7.628097057342529,-0.5438307523727417,3.7227509021759033,1.2279597927827683
0,7.652416706085205,-0.5476658940315247,3.726638078689575,1.2353184426234904
0,7.676713943481445,-0.5513617396354675,3.730333089828491,1.2421746367294861
0,7.700953960418701,-0.5549112558364868,3.7338337898254395,1.2484966951974246
0,7.725163459777832,-0.5583193302154541,3.737143039703369,1.2544435927510864
0,7.749337673187256,-0.5615870952606201,3.7402589321136475,1.2596848479279803
0,7.773901462554932,-0.5647665858268738,3.7432374954223633,1.2647810720787647
0,7.798390865325928,-0.5677924752235413,3.7460179328918457,1.2692955465501308
0,7.822292804718018,-0.5706093311309814,3.748551845550537,1.273521426215291
0,7.845420837402344,-0.5732125043869019,3.7508418560028076,1.276826438412048
0,7.868621826171875,-0.5757056474685669,3.752983331680298,1.280064359424474
0,7.892556190490723,-0.578154981136322,3.7550370693206787,1.2828565858558574
0,7.916451930999756,-0.5804833173751831,3.756941556930542,1.2852846097493418
0,7.940087795257568,-0.5826757550239563,3.758690357208252,1.2874186450757261
0,7.963657379150391,-0.584757924079895,3.760310649871826,1.2892654479992478
0,7.987155437469482,-0.5867367386817932,3.7618162631988525,1.290893188924598
0,8.010580062866211,-0.5886203646659851,3.7632229328155518,1.2923521918232717
0,8.033929824829102,-0.5904180407524109,3.7645490169525146,1.2937491178917053
0,8.056465148925781,-0.5920823216438293,3.7657711505889893,1.2950396458272508
0,8.079468727111816,-0.5937293171882629,3.766974449157715,1.2961719255858242
0,8.102397918701172,-0.5953404903411865,3.7681336402893066,1.2971855330479813
0,8.125250816345215,-0.5969361662864685,3.7692394256591797,1.2981248181952634
0,8.148028373718262,-0.5985277891159058,3.77026629447937,1.2990607768371785
0,8.170729637145996,-0.6001144051551819,3.771167278289795,1.2999951510647327
0,8.193315505981445,-0.6016750335693359,3.771878719329834,1.300874568142082
0,8.215829849243164,-0.6031762957572937,3.7723312377929688,1.3015326192381869
0,8.238274574279785,-0.604566216468811,3.772458076477051,1.3017871350380728
0,8.260645866394043,-0.6057872772216797,3.7722115516662598,1.301421440756988
0,8.282938957214355,-0.6067898273468018,3.771575927734375,1.300200102767184
0,8.305147171020508,-0.6075454950332642,3.7705767154693604,1.2978795470124644
0,8.327264785766602,-0.608055830001831,3.769277811050415,1.294093238673359
0,8.349372863769531,-0.6083528399467468,3.767766237258911,1.2887350119141057
0,8.371394157409668,-0.6084879636764526,3.7661476135253906,1.2825522374400442
0,8.393332481384277,-0.6085196733474731,3.7645065784454346,1.276267871859231
0,8.415326118469238,-0.6084941029548645,3.7628936767578125,1.270198515583948
0,8.437243461608887,-0.6084429621696472,3.7613563537597656,1.2648363059036034
0,8.459086418151855,-0.6083897948265076,3.759918212890625,1.2602988795321681
0,8.480854034423828,-0.6083530783653259,3.7585911750793457,1.256608062300746
0,8.502548217773438,-0.6083471179008484,3.7573769092559814,1.2536851820612882
0,8.524185180664062,-0.6083837747573853,3.75626540184021,1.2513998339595556
0,8.545825958251953,-0.608471691608429,3.7552366256713867,1.2496172178593192
0,8.567455291748047,-0.6086140871047974,3.754265546798706,1.24822356201962
0,8.58908462524414,-0.6088055968284607,3.7533202171325684,1.2471800766613421
0,8.610713958740234,-0.6090287566184998,3.752368927001953,1.246426924580466
0,8.632340431213379,-0.6092610955238342,3.7513859272003174,1.2459314057315332
0,8.65396499633789,-0.6094776391983032,3.750345230102539,1.2457139899282008
0,8.675585746765137,-0.6096481680870056,3.749220371246338,1.2458585253264098
0,8.697200775146484,-0.6097380518913269,3.7479891777038574,1.2464827861093923
0,8.718809127807617,-0.6097118258476257,3.7466378211975098,1.2474669204220803
0,8.740408897399902,-0.6095381379127502,3.7451632022857666,1.2487382188608982
0,8.761998176574707,-0.6091931462287903,3.7435755729675293,1.2502713870194915
0,8.783577919006348,-0.6086675524711609,3.7418980598449707,1.2520731874193856
0,8.805147171020508,-0.6079673767089844,3.740164279937744,1.2541761666551603
0,8.826709747314453,-0.6071106195449829,3.7384114265441895,1.2565561372489857
0,8.848268508911133,-0.6061238050460815,3.7366726398468018,1.259433033931082
0,8.869824409484863,-0.6050353646278381,3.7349679470062256,1.2629698836707761
0,8.891379356384277,-0.6038689017295837,3.733306884765625,1.2672000437868653
0,8.912934303283691,-0.6026440262794495,3.7316884994506836,1.2720162824987202
0,8.934490203857422,-0.6013819575309753,3.7301032543182373,1.2771073679147869
0,8.956046104431152,-0.6001092791557312,3.72853422164917,1.2820501758871596
0,8.9776029586792,-0.5988532900810242,3.726958751678467,1.2863127633252873
0,8.999159812927246,-0.5976396203041077,3.7253506183624268,1.2898343647773785
0,9.020715713500977,-0.5964910387992859,3.723684072494507,1.292511386858817
0,9.042269706726074,-0.5954300761222839,3.7219340801239014,1.2944079470180767
0,9.06381893157959,-0.594478964805603,3.7200756072998047,1.2955742969897959
0,9.085362434387207,-0.5936570763587952,3.718085527420044,1.2961353326200349
0,9.10689640045166,-0.592975914478302,3.715942859649658,1.2962573857555812
0,9.12841510772705,-0.5924336910247803,3.713625907897949,1.295778392281752
0,9.149914741516113,-0.5920072197914124,3.7111077308654785,1.2949128856179988
0,9.171388626098633,-0.5916700959205627,3.708373546600342,1.2939021495850267
0,9.192834854125977,-0.5913911461830139,3.7054150104522705,1.292770907544421
0,9.214247703552246,-0.5911397337913513,3.702230215072632,1.2915034300064505
0,9.235627174377441,-0.5908914804458618,3.698821544647217,1.2900564944873874
0,9.256970405578613,-0.5906362533569336,3.6951956748962402,1.2883542890833521
0,9.278277397155762,-0.5903780460357666,3.69136381149292,1.2862973473198025
0,9.29955005645752,-0.5901327729225159,3.6873433589935303,1.2832862985877502
0,9.320791244506836,-0.5899215340614319,3.683154821395874,1.2794793705421927
0,9.342004776000977,-0.5897708535194397,3.678830862045288,1.2753221737025737
0,9.363198280334473,-0.5897054076194763,3.6744041442871094,1.2708321755404275
0,9.38437557220459,-0.5897484421730042,3.6699013710021973,1.2660381434957069
0,9.405539512634277,-0.5899221897125244,3.665343761444092,1.26098972317062
0,9.4266939163208,-0.5902482271194458,3.660745143890381,1.2550571625384872
0,9.447837829589844,-0.5907449722290039,3.6561167240142822,1.2489531793961821
0,9.468973159790039,-0.5914220809936523,3.651468515396118,1.242714998781183
0,9.490097999572754,-0.5922817587852478,3.646805763244629,1.2362828899097644
0,9.511211395263672,-0.5933169722557068,3.6421265602111816,1.2295556916596564
0,9.532310485839844,-0.5945142507553101,3.637423276901245,1.2220731835737542
0,9.553393363952637,-0.5958564281463623,3.632680892944336,1.2138888513747157
0,9.574455261230469,-0.5973185896873474,3.6278867721557617,1.205337083650415
0,9.595497131347656,-0.5988756418228149,3.623029947280884,1.19650826736828
0,9.61651611328125,-0.6005030274391174,3.6181023120880127,1.1875436734254963
0,9.637514114379883,-0.6021773815155029,3.613098621368408,1.1782911055728034
0,9.658491134643555,-0.6038798093795776,3.6080164909362793,1.168925178933827
0,9.679448127746582,-0.605596125125885,3.602858066558838,1.1598946538414445
0,9.700387001037598,-0.6073164343833923,3.597630023956299,1.1512248563686271
0,9.721311569213867,-0.6090351343154907,3.5923404693603516,1.142910828324696
0,9.742222785949707,-0.6107497215270996,3.5869996547698975,1.134561749324629
0,9.763124465942383,-0.6124606132507324,3.581617832183838,1.126118839243591
0,9.784018516540527,-0.6141673922538757,3.5762076377868652,1.1176665030186437
0,9.804908752441406,-0.6158678531646729,3.5707809925079346,1.1090687730231563
0,9.825798988342285,-0.6175572872161865,3.565349578857422,1.1002072999278196
0,9.846692085266113,-0.6192284822463989,3.559924364089966,1.090384059937602
0,9.867591857910156,-0.6208712458610535,3.5545156002044678,1.0801136503474686
0,9.888501167297363,-0.6224732995033264,3.549133062362671,1.0694668334220019
0,9.909423828125,-0.6240206360816956,3.5437848567962646,1.0584861853294252
0,9.9303617477417,-0.6254982352256775,3.5384774208068848,1.0471081088123604
0,9.95131778717041,-0.62688809633255,3.533216714859009,1.0352745407435018
0,9.972291946411133,-0.6281734704971313,3.528005599975586,1.0235083347698857
0,9.993287086486816,-0.6293396353721619,3.52284574508667,1.012027414880867
0,10.014301300048828,-0.6303730607032776,3.5177392959594727,1.0010130534206587
0,10.035335540771484,-0.6312627196311951,3.5126898288726807,0.9905307639862262
0,10.056390762329102,-0.6320000290870667,3.507702589035034,0.9807592344620654
0,10.077467918395996,-0.6325851678848267,3.5027854442596436,0.971944029946641
0,10.098566055297852,-0.6330257654190063,3.497945785522461,0.964159218151459
0,10.119686126708984,-0.6333339214324951,3.493191719055176,0.9573454572768688
0,10.140828132629395,-0.633525013923645,3.4885294437408447,0.9512483696068511
0,10.161998748779297,-0.6336163878440857,3.483963966369629,0.9456996258435995
0,10.183260917663574,-0.6336254477500916,3.479485034942627,0.9406302384214406
0,10.20486068725586,-0.633567214012146,3.475044012069702,0.9358811978756346
0,10.227371215820312,-0.6334518194198608,3.4705302715301514,0.931273807264596
0,10.24990177154541,-0.6332941651344299,3.4661247730255127,0.926924201403756
0,10.274137496948242,-0.6330915689468384,3.461505174636841,0.92240162323072
0,10.300593376159668,-0.6328455209732056,3.456596612930298,0.9176548064703558
0,10.32707405090332,-0.6325810551643372,3.4518189430236816,0.9129448936215034
0,10.35552978515625,-0.6322858929634094,3.446829080581665,0.9079811323898539
0,10.385164260864258,-0.6319727301597595,3.441782236099243,0.9027162613333617
0,10.414823532104492,-0.6316577196121216,3.4368770122528076,0.8974386254357545
0,10.444942474365234,-0.6313429474830627,3.4320292472839355,0.8920750891356097
0,10.475081443786621,-0.631037175655365,3.4273011684417725,0.8867037247447535
0,10.505334854125977,-0.6307453513145447,3.422661066055298,0.8813713187072346
0,10.535612106323242,-0.6304722428321838,3.418105125427246,0.876029371009564
0,10.565899848937988,-0.6302207112312317,3.4136228561401367,0.8707029758114935
0,10.596195220947266,-0.6299933195114136,3.4091956615448,0.8653579530795319
0,10.626498222351074,-0.6297913193702698,3.4048123359680176,0.8600339241487532
0,10.656805038452148,-0.6296160817146301,3.4004604816436768,0.8547410935441174
0,10.687115669250488,-0.6294689178466797,3.3961281776428223,0.8494631269714576
0,10.717427253723145,-0.6293510794639587,3.39180850982666,0.8441964010651725
0,10.747739791870117,-0.6292646527290344,3.387491226196289,0.8389224579996172
0,10.77805233001709,-0.629211962223053,3.3831698894500732,0.8336178757173676
0,10.80836296081543,-0.6291957497596741,3.3788375854492188,0.8283038918199416
0,10.83867073059082,-0.6292198896408081,3.3744874000549316,0.8229493803889883
0,10.868975639343262,-0.6292875409126282,3.370114803314209,0.8175391563247234
0,10.899275779724121,-0.6294037699699402,3.3657126426696777,0.8120932650642305
0,10.929570198059082,-0.6295734643936157,3.3612754344940186,0.8065299802043064
0,10.959858894348145,-0.6298019886016846,3.3567967414855957,0.8009137839075745
0,10.990139961242676,-0.6300960183143616,3.352268695831299,0.795191124196897
0,11.020411491394043,-0.6304609179496765,3.3476855754852295,0.7893446758402229
0,11.050671577453613,-0.6309046149253845,3.343038558959961,0.7834299980342765
0,11.080920219421387,-0.6314342617988586,3.3383195400238037,0.777328361379689
0,11.111153602600098,-0.6320574879646301,3.333519697189331,0.7711657177390303
0,11.141369819641113,-0.632783830165863,3.3286287784576416,0.7648686192250942
0,11.1715669631958,-0.6336207389831543,3.3236379623413086,0.7584182249743875
0,11.201743125915527,-0.6345784664154053,3.318535804748535,0.7518987436658201
0,11.231895446777344,-0.6356663703918457,3.31331205368042,0.7452103521729678
0,11.262019157409668,-0.6368930339813232,3.307957172393799,0.7385009767007698
0,11.292118072509766,-0.6382691264152527,3.302459239959717,0.7317122866405155
0,11.322182655334473,-0.639801561832428,3.2968122959136963,0.7248756124305316
0,11.352232933044434,-0.6415004134178162,3.291004180908203,0.7180540872198351
0,11.382305145263672,-0.6433740258216858,3.285022258758545,0.7112821735238105
0,11.412333488464355,-0.6454226970672607,3.2788774967193604,0.7046506537400608
0,11.442452430725098,-0.6476597189903259,3.272545576095581,0.6981570246625634
0,11.472524642944336,-0.650076150894165,3.2660577297210693,0.6917506351706117
0,11.50279426574707,-0.6526889204978943,3.2593705654144287,0.6855079144937026
0,11.538174629211426,-0.6559492945671082,3.2513575553894043,0.6784678344422979
0,11.573490142822266,-0.6594036817550659,3.24314546585083,0.6716879654233946
0,11.63731575012207,-0.6661005020141602,3.227769374847412,0.6599672880551554
0,11.700920104980469,-0.673313319683075,3.211726427078247,0.648588867171484
0,11.769896507263184,-0.6816534399986267,3.1934518814086914,0.6371598038101648
0,11.893863677978516,-0.6972848773002625,3.158189535140991,0.6186543266898483
0,11.96558666229248,-0.7065158486366272,3.1362578868865967,0.6086973528339474
0,12.080711364746094,-0.7206434607505798,3.099029541015625,0.5954640664927517
0,12.158251762390137,-0.7292264699935913,3.0726871490478516,0.5872825642979096
0,12.273125648498535,-0.7395864725112915,3.032458782196045,0.576169615409315
0,12.388139724731445,-0.7459507584571838,2.9918131828308105,0.5677595816687488
0,12.496909141540527,-0.7472580075263977,2.9544575214385986,0.5599025959963921
1,1.7769564390182495,0.7134480476379395,2.2997939586639404,0.7628316824938349
1,1.8955024480819702,0.7138471007347107,2.2690634727478027,0.7375256483049217
1,2.0151114463806152,0.714295506477356,2.2427725791931152,0.7167667684858671
1,2.1357851028442383,0.7147976756095886,2.2219324111938477,0.7039421645185697
1,2.2573933601379395,0.715354323387146,2.2075347900390625,0.6980888035353513
1,2.379606246948242,0.715958833694458,2.199784517288208,0.70607797468162
1,2.4541561603546143,0.7163464426994324,2.1982381343841553,0.713191993853075
1,2.5766067504882812,0.7170071005821228,2.200087547302246,0.7344151025384906
1,2.653580665588379,0.7174348831176758,2.203679084777832,0.7488074617147205
1,2.77575421333313,0.7181299328804016,2.212191343307495,0.7755927264013212
1,2.8563647270202637,0.7185982465744019,2.2192935943603516,0.7932411839114533
1,2.97823429107666,0.7193217873573303,2.23142409324646,0.8195326574354216
1,3.0656843185424805,0.7198533415794373,2.240849018096924,0.8376688603140777
1,3.187403440475464,0.7206155061721802,2.254408597946167,0.8607405859213675
1,3.278416395187378,0.7212044596672058,2.2647171020507812,0.8768636684191328
1,3.400125026702881,0.7220253348350525,2.278366804122925,0.8959175176188813
1,3.521864175796509,0.72288978099823,2.291738986968994,0.9126394887536977
1,3.6436538696289062,0.7238098978996277,2.304638385772705,0.927764800501268
1,3.7654972076416016,0.7247961163520813,2.3170173168182373,0.939822292708608
1,3.887376308441162,0.7258601188659668,2.3288261890411377,0.9507928737768037
1,4.009091854095459,0.7270163893699646,2.3400259017944336,0.9598570498599179
1,4.130857944488525,0.7282777428627014,2.3506500720977783,0.9675191733767091
1,4.251582622528076,0.7296515703201294,2.360609769821167,0.9743137120813593
1,4.369111061096191,0.7311248779296875,2.369783401489258,0.9792279635976979
1,4.486674785614014,0.7327503561973572,2.3784682750701904,0.9835245795205603
1,4.5979413986206055,0.7344532012939453,2.3862674236297607,0.9868447909993011
1,4.709231853485107,0.7363367080688477,2.3936879634857178,0.9891827415957627
1,4.8120832443237305,0.7382606863975525,2.4002342224121094,0.9908547676189698
1,4.907072067260742,0.7402163147926331,2.406036853790283,0.9919216294067968
1,4.996884822845459,0.7422432899475098,2.4113261699676514,0.9924836986966107
1,5.084273815155029,0.7444014549255371,2.416303873062134,0.9925289172310622
1,5.171666145324707,0.7467649579048157,2.421128988265991,0.9922049096325837
1,5.258275508880615,0.7493346333503723,2.4257729053497314,0.9915337204390968
1,5.344728469848633,0.7521557807922363,2.4302852153778076,0.990528269779146
1,5.431163311004639,0.7552663683891296,2.4346859455108643,0.9891847730788836
1,5.518484592437744,0.7587465047836304,2.4390313625335693,0.9874925235695453
1,5.609385013580322,0.7627789378166199,2.4434621334075928,0.985430165304005
1,5.69961404800415,0.7672516107559204,2.4477789402008057,0.9829845564855964
1,5.794155120849609,0.7725124359130859,2.452223777770996,0.9802529602130651
1,5.892751216888428,0.7787299156188965,2.456774950027466,0.9773176780387859
1,5.994964599609375,0.7860993146896362,2.461392641067505,0.9743458876629778
1,6.100189685821533,0.7948458790779114,2.4660253524780273,0.9716177907053565
1,6.207671165466309,0.8052127957344055,2.4706130027770996,0.9697985462807029
1,6.314986705780029,0.8172399997711182,2.4750301837921143,0.9700671098706763
1,6.423629283905029,0.83134526014328,2.4793202877044678,0.9733549176689203
1,6.532663345336914,0.8475967049598694,2.483441114425659,0.980858512642042
1,6.639854907989502,0.8655728101730347,2.4874019622802734,0.9937580270173968
1,6.692868709564209,0.8750926852226257,2.4894418716430664,1.003562798755785
1,6.722939491271973,0.8806287050247192,2.4906530380249023,1.0094928562768142
1,6.750396251678467,0.8857566118240356,2.4917778968811035,1.0152582990338757
1,6.77757453918457,0.8908941745758057,2.492896556854248,1.0214009984107186
1,6.804566383361816,0.8960480093955994,2.4940080642700195,1.0277134230694283
1,6.831748008728027,0.9012734293937683,2.4951305389404297,1.0342019406278622
1,6.858558654785156,0.9064499735832214,2.496246099472046,1.0410951185627237
1,6.88530158996582,0.9116177558898926,2.4973747730255127,1.0479891450440435
1,6.911996841430664,0.9167608618736267,2.4985241889953613,1.0549074528081912
1,6.938641548156738,0.9218607544898987,2.499699831008911,1.0618291621835183
1,6.965294361114502,0.9269111752510071,2.500908374786377,1.0686950979605239
1,6.991962432861328,0.9318988919258118,2.502152442932129,1.0754708416623397
1,7.018677711486816,0.9368146061897278,2.5034353733062744,1.082059114641099
1,7.045342922210693,0.9416261315345764,2.5047550201416016,1.0883739510230375
1,7.071955680847168,0.9463201761245728,2.5061123371124268,1.0943544231106463
1,7.098511695861816,0.9508854150772095,2.5075087547302246,1.0999722973477124
1,7.125091552734375,0.9553267955780029,2.5089495182037354,1.1052917662330415
1,7.151614189147949,0.959622859954834,2.5104317665100098,1.110127971709405
1,7.178076267242432,0.9637677669525146,2.511955976486206,1.1144313099172214
1,7.204473972320557,0.9677577018737793,2.5135223865509033,1.11816175543727
1,7.230804443359375,0.9715908169746399,2.5151309967041016,1.1212897969834903
1,7.257064342498779,0.9752671122550964,2.5167813301086426,1.1238080484933137
1,7.283353805541992,0.9788008332252502,2.518479347229004,1.1258082796690543
1,7.309676647186279,0.982193112373352,2.5202252864837646,1.1271710449889678
1,7.335926055908203,0.9854328632354736,2.5220112800598145,1.1278969849437135
1,7.362100601196289,0.988524317741394,2.523836135864258,1.1279983538621912
1,7.388197422027588,0.9914724826812744,2.525697946548462,1.1274909588863284
1,7.414215564727783,0.9942831993103027,2.527595043182373,1.1263930732659493
1,7.440153121948242,0.9969625473022461,2.5295262336730957,1.1247261684062322
1,7.466009140014648,0.999516487121582,2.531489372253418,1.1225169775242743
1,7.4917826652526855,1.0019503831863403,2.5334830284118652,1.11983018604187
1,7.51768684387207,1.0042881965637207,2.535522937774658,1.116648435728249
1,7.543508052825928,1.0065162181854248,2.537590503692627,1.1130403494451562
1,7.569245338439941,1.0086417198181152,2.539682626724243,1.1090227398925443
1,7.594898700714111,1.0106735229492188,2.5417959690093994,1.1047569477582935
1,7.621031761169434,1.012666940689087,2.543972969055176,1.1001479395912293
1,7.6467509269714355,1.014563798904419,2.5461370944976807,1.095180925077646
1,7.67173957824707,1.016356348991394,2.5482566356658936,1.0902823043369785
1,7.697304725646973,1.018154263496399,2.550438404083252,1.085095838432805
1,7.722780704498291,1.0199214220046997,2.552624464035034,1.0798086874516635
1,7.748077392578125,1.02165949344635,2.5548064708709717,1.0744940288005234
1,7.772623538970947,1.0233254432678223,2.5569326877593994,1.0688350093817962
1,7.797839641571045,1.0249922275543213,2.55911922454834,1.0630444823404872
1,7.822990894317627,1.0265562534332275,2.561290740966797,1.0570474123401898
1,7.848155498504639,1.0279184579849243,2.5634400844573975,1.050327490903864
1,7.8731369972229,1.0288366079330444,2.5655441284179688,1.0427094184661516
1,7.897968292236328,1.0290642976760864,2.5676255226135254,1.034202854027573
1,7.923715114593506,1.0284093618392944,2.569803476333618,1.0248643377122038
1,7.949358940124512,1.0270614624023438,2.5719807147979736,1.0157743275098445
1,7.97491455078125,1.025448203086853,2.5741045475006104,1.0068362448152008
1,8.000326156616211,1.0238778591156006,2.576110363006592,0.9975193780171289
1,8.025614738464355,1.0224688053131104,2.5779547691345215,0.9886786463133516
1,8.050844192504883,1.0212117433547974,2.579643487930298,0.9807723242267132
1,8.076094627380371,1.0200309753417969,2.5812182426452637,0.9733978635567591
1,8.10126781463623,1.0188484191894531,2.5827085971832275,0.9663006718033775
1,8.126358985900879,1.0175981521606445,2.5841352939605713,0.9593358633834141
1,8.151362419128418,1.0162290334701538,2.5855038166046143,0.9524444568485423
1,8.176275253295898,1.0147055387496948,2.5868113040924072,0.9455974039012747
1,8.201005935668945,1.0130127668380737,2.5880444049835205,0.938796869969753
1,8.225640296936035,1.011141300201416,2.5891969203948975,0.9320196416256245
1,8.250173568725586,1.0091023445129395,2.5902581214904785,0.9252853658532608
1,8.27460765838623,1.006919026374817,2.5912206172943115,0.9186281616064131
1,8.298942565917969,1.004621982574463,2.592080593109131,0.9121306749622485
1,8.323086738586426,1.0022486448287964,2.592834711074829,0.905638749366804
1,8.347609519958496,0.9997647404670715,2.5935027599334717,0.899389252202388
1,8.371926307678223,0.9972428679466248,2.5940730571746826,0.8932532968478886
1,8.39612865447998,0.9946798086166382,2.5945546627044678,0.8872686430288781
1,8.420019149780273,0.9920971393585205,2.594951868057251,0.8814870445835215
1,8.443869590759277,0.9894624948501587,2.595276355743408,0.8757992602915865
1,8.46760082244873,0.986778199672699,2.5955312252044678,0.8700784338650752
1,8.491128921508789,0.9840486645698547,2.595719337463379,0.8644036807330482
1,8.5145845413208,0.9812547564506531,2.595845937728882,0.8587156380935007
1,8.537968635559082,0.9783939123153687,2.595912456512451,0.8530016205702302
1,8.561216354370117,0.9754735231399536,2.595921754837036,0.8472754780119461
1,8.584392547607422,0.9724863767623901,2.5958752632141113,0.8414879660830766
1,8.607465744018555,0.9694380164146423,2.5957748889923096,0.8356821922113441
1,8.63046932220459,0.9663267731666565,2.5956227779388428,0.829861981094988
1,8.653299331665039,0.9631698131561279,2.5954220294952393,0.8240535742574371
1,8.676063537597656,0.9599546194076538,2.5951743125915527,0.8182322731178218
1,8.698761940002441,0.9566822648048401,2.594882011413574,0.8124001649823153
1,8.721396446228027,0.9533527493476868,2.5945475101470947,0.8065607020796823
1,8.743965148925781,0.9499651789665222,2.594172954559326,0.8007228105295573
1,8.76639461517334,0.9465287923812866,2.593761682510376,0.7948795532993159
1,8.788761138916016,0.9430293440818787,2.5933141708374023,0.7890524082722741
1,8.811064720153809,0.9394646286964417,2.59283185005188,0.7832435473008887
1,8.833306312561035,0.9358325004577637,2.5923168659210205,0.7774513700108149
1,8.855484008789062,0.9321315288543701,2.591771125793457,0.7716717082605393
1,8.877599716186523,0.9283608198165894,2.5911970138549805,0.7659004012835473
1,8.899653434753418,0.9245198369026184,2.5905961990356445,0.7601356618844736
1,8.921586990356445,0.9206181168556213,2.589972734451294,0.7543796896089987
1,8.943461418151855,0.9166449308395386,2.589327096939087,0.7486388784328409
1,8.965276718139648,0.9126002192497253,2.5886614322662354,0.7429199442949912
1,8.987031936645508,0.9084838032722473,2.587977886199951,0.7372306535334
1,9.008710861206055,0.9042986631393433,2.5872793197631836,0.7316005171066969
1,9.030329704284668,0.9000415802001953,2.586566925048828,0.7260429330398706
1,9.051909446716309,0.8957074284553528,2.5858418941497803,0.7204977860870878
1,9.073336601257324,0.8913186192512512,2.585108995437622,0.715020012872969
1,9.094730377197266,0.8868507742881775,2.5843660831451416,0.7095901636319564
1,9.116134643554688,0.8822944760322571,2.583613634109497,0.704210650847584
1,9.137486457824707,0.8776627779006958,2.582854986190796,0.6988658349695404
1,9.158784866333008,0.8729552030563354,2.5820913314819336,0.6935552794615595
1,9.180034637451172,0.8681697845458984,2.58132266998291,0.6882785840080814
1,9.201234817504883,0.8633062243461609,2.5805492401123047,0.683032309038356
1,9.222414016723633,0.8583567142486572,2.5797698497772217,0.6778068293357199
1,9.243542671203613,0.8533272743225098,2.578984498977661,0.672604777899091
1,9.264619827270508,0.8482168316841125,2.5781917572021484,0.6674294013421622
1,9.285656929016113,0.8430216908454895,2.577388286590576,0.6622849296228371
1,9.306652069091797,0.8377413153648376,2.576571226119995,0.6571541691854189
1,9.32761001586914,0.8323737978935242,2.5757369995117188,0.652023909243817
1,9.348544120788574,0.8269158005714417,2.5748815536499023,0.6468864999851044
1,9.369453430175781,0.821367621421814,2.574000120162964,0.6417562967903406
1,9.390336990356445,0.8157302737236023,2.5730865001678467,0.6366213097449378
1,9.411194801330566,0.8100054264068604,2.5721347332000732,0.6314722105333733
1,9.432027816772461,0.8041950464248657,2.571138858795166,0.6263067693221528
1,9.452834129333496,0.7983020544052124,2.570091962814331,0.6211314934989038
1,9.473615646362305,0.7923304438591003,2.5689845085144043,0.6159609562923146
1,9.494372367858887,0.7862846851348877,2.5678086280822754,0.6107802158889557
1,9.515103340148926,0.7801693677902222,2.5665557384490967,0.6055874387990003
1,9.535809516906738,0.7739900350570679,2.5652177333831787,0.6003908281886792
1,9.556493759155273,0.767754077911377,2.563784122467041,0.5952049797611569
1,9.577154159545898,0.7614691853523254,2.5622448921203613,0.5900133640868683
1,9.597794532775879,0.7551426887512207,2.56059193611145,0.5848289274304634
1,9.618412971496582,0.7487820386886597,2.55881667137146,0.5796664507364481
1,9.639013290405273,0.7423973083496094,2.5569093227386475,0.5745581768562799
1,9.659594535827637,0.7359978556632996,2.554861068725586,0.5694707679535496
1,9.680158615112305,0.7295921444892883,2.5526649951934814,0.5644086947251135
1,9.700706481933594,0.7231886982917786,2.55031418800354,0.5593887599339243
1,9.721240043640137,0.7167980670928955,2.5478012561798096,0.55445290033925
1,9.741758346557617,0.7104297280311584,2.5451200008392334,0.5495526189472165
1,9.762262344360352,0.7040923237800598,2.5422654151916504,0.5446858598559239
1,9.782753944396973,0.6977949738502502,2.5392327308654785,0.5398675483898484
1,9.80323314666748,0.6915498971939087,2.5360164642333984,0.5351011514932044
1,9.823700904846191,0.6853671669960022,2.5326123237609863,0.5303744405740553
1,9.844157218933105,0.6792551875114441,2.5290167331695557,0.5256928083150952
1,9.864602088928223,0.6732221245765686,2.525226593017578,0.5210646406057252
1,9.885034561157227,0.6672788262367249,2.5212385654449463,0.5165157290411317
1,9.90545654296875,0.6614334583282471,2.517049789428711,0.5120013301986294
1,9.925865173339844,0.6556931734085083,2.5126583576202393,0.5075047426992545
1,9.946259498596191,0.6500659584999084,2.5080623626708984,0.5030340963348675
1,9.96664047241211,0.6445594429969788,2.503260374069214,0.49865295744662635
1,9.987005233764648,0.6391804814338684,2.498250961303711,0.49430166470357945
1,10.007351875305176,0.6339336633682251,2.4930334091186523,0.4899782955210862
1,10.027678489685059,0.6288229823112488,2.4876067638397217,0.4856724888312567
1,10.047983169555664,0.623853325843811,2.481971263885498,0.4813936951760515
1,10.068264961242676,0.6190291047096252,2.4761269092559814,0.4771757721671337
1,10.088519096374512,0.6143528819084167,2.470073938369751,0.47297704672217133
1,10.108743667602539,0.6098251938819885,2.4638125896453857,0.4687944596466527
1,10.128935813903809,0.6054477095603943,2.4573440551757812,0.46462441766247625
1,10.149100303649902,0.601219117641449,2.450667142868042,0.46046848150439357
1,10.169225692749023,0.5971403121948242,2.443784236907959,0.4563502223136827
1,10.189375877380371,0.593198835849762,2.4366729259490967,0.45224515338549093
1,10.2097806930542,0.5893523097038269,2.4292471408843994,0.44809513580889415
1,10.230971336364746,0.5855085253715515,2.421294689178467,0.4437863750961532
1,10.253682136535645,0.5815549492835999,2.41249942779541,0.4391464241125305
1,10.276323318481445,0.5777812004089355,2.4034512042999268,0.434531022377322
1,10.300933837890625,0.5738614797592163,2.393301486968994,0.429507056665525
1,10.325455665588379,0.5701425671577454,2.3828632831573486,0.42450959713456443
1,10.35168170928955,0.5663664937019348,2.3713464736938477,0.4191947107657597
1,10.378854751586914,0.562667727470398,2.3590292930603027,0.4136322989583362
1,10.405909538269043,0.5591997504234314,2.3463869094848633,0.4081559565044118
1,10.433241844177246,0.5559068322181702,2.333238363265991,0.4026130870645852
1,10.460453033447266,0.5528416037559509,2.3197882175445557,0.39715196647157663
1,10.48763656616211,0.5499865412712097,2.3060121536254883,0.3917598549894739
1,10.514711380004883,0.547356128692627,2.291980028152466,0.38646151902678244
1,10.541698455810547,0.5449466705322266,2.2777180671691895,0.3813486067087966
1,10.568601608276367,0.5427672266960144,2.263261556625366,0.3762972990981797
1,10.595439910888672,0.5408241152763367,2.248652935028076,0.3715153781209031
1,10.622232437133789,0.5391305685043335,2.2339284420013428,0.36685574138665655
1,10.649003982543945,0.5377047061920166,2.2191388607025146,0.36248751438565185
1,10.675777435302734,0.5365666747093201,2.2043285369873047,0.35836525081270354
1,10.702581405639648,0.5357437133789062,2.189552068710327,0.3545438857966786
1,10.729443550109863,0.5352652668952942,2.17486572265625,0.35113598603697427
1,10.756387710571289,0.5351618528366089,2.160323143005371,0.34810139027169434
1,10.783441543579102,0.5354697704315186,2.145988702774048,0.3455250716323921
1,10.810623168945312,0.5362185835838318,2.131913423538208,0.34346385660394324
1,10.837952613830566,0.5374447107315063,2.118163824081421,0.34190373748779684
1,10.865440368652344,0.5391722321510315,2.1047873497009277,0.34098375893084026
1,10.893095016479492,0.5414294600486755,2.091843843460083,0.34059825489622114
1,10.920917510986328,0.5442303419113159,2.079374074935913,0.34093048123877867
1,10.948906898498535,0.5475887060165405,2.0674242973327637,0.34181185164900274
1,10.977051734924316,0.5515055060386658,2.056025266647339,0.34344486622625064
1,11.005342483520508,0.5559752583503723,2.0452020168304443,0.3456898975155574
1,11.033761978149414,0.5609857439994812,2.034971237182617,0.3485658448979574
1,11.062294960021973,0.5665145516395569,2.0253398418426514,0.35201505414417583
1,11.090924263000488,0.5725382566452026,2.0163118839263916,0.35591889433468854
1,11.119633674621582,0.5790237188339233,2.007876396179199,0.36044498209279235
1,11.148407936096191,0.5859339237213135,2.000016689300537,0.3653779346674591
1,11.177231788635254,0.5932328104972839,1.992712140083313,0.37066939062622306
1,11.206094741821289,0.6008833646774292,1.9859403371810913,0.3762678728883547
1,11.234990119934082,0.6088411211967468,1.9796671867370605,0.38225875946699645
1,11.263907432556152,0.617067277431488,1.9738585948944092,0.3884062070246549
1,11.292848587036133,0.62552809715271,1.9684849977493286,0.3946840750402303
1,11.32180404663086,0.6341844201087952,1.9635089635849,0.4011985743209937
1,11.350794792175293,0.6430036425590515,1.958888292312622,0.4077650691029055
1,11.379860877990723,0.6519649624824524,1.9545869827270508,0.41442206049596414
1,11.408940315246582,0.6610174775123596,1.9505760669708252,0.4211278846580538
1,11.438166618347168,0.670174777507782,1.946805477142334,0.42777198692510754
1,11.46741008758545,0.679371178150177,1.9432651996612549,0.43448855965510574
1,11.496912002563477,0.6886497735977173,1.9398934841156006,0.4412992125088187
1,11.526439666748047,0.697899341583252,1.9366776943206787,0.44795916037393757
1,11.561055183410645,0.7086288332939148,1.933044195175171,0.45574364890807567
1,11.623908042907715,0.7277031540870667,1.9266666173934937,0.46929778939040284
1,11.686944961547852,0.746209979057312,1.9204331636428833,0.48219426185729997
1,11.755794525146484,0.7655837535858154,1.9136658906936646,0.4961631929547965
1,11.824912071228027,0.7839066982269287,1.906722903251648,0.5094348222003432
1,11.95047378540039,0.8141599297523499,1.893528938293457,0.5319549347130965
1,12.076797485351562,0.8405272960662842,1.879316806793213,0.5501583722020467
1,12.17399787902832,0.8579553961753845,1.8676759004592896,0.563574454733903
1,12.293865203857422,0.875924289226532,1.8524998426437378,0.5777269665224318
1,12.4141263961792,0.8901139497756958,1.836459994316101,0.5899390931625504
1,12.534883499145508,0.9004448652267456,1.819765567779541,0.6010737731514956
1,12.655860900878906,0.9070647954940796,1.8027827739715576,0.6097913166820303
1,12.777068138122559,0.9102141857147217,1.7858279943466187,0.6176636617515413
1,12.898409843444824,0.9101719856262207,1.7693151235580444,0.6237423426831926
1,13.019819259643555,0.907215416431427,1.7535794973373413,0.6286524083322087
1,13.1412935256958,0.9016349911689758,1.7390308380126953,0.6324221759233093
1,13.262813568115234,0.8937342166900635,1.7260318994522095,0.6354135518787996
1,13.384369850158691,0.883818507194519,1.7148962020874023,0.637232584581736
1,13.484827041625977,0.8743155002593994,1.707237720489502,0.6379001619478885
2,0.8004205226898193,0.7879878282546997,2.537086009979248,0.9687341401247274
2,0.9128519892692566,0.7881876826286316,2.4987525939941406,0.9501406958420985
2,1.0269862413406372,0.7884114384651184,2.4588449001312256,0.9284918992929065
2,1.1408973932266235,0.7886559963226318,2.418304204940796,0.9043614428302367
2,1.2556848526000977,0.788924515247345,2.377166748046875,0.8780706123781418
2,1.3708817958831787,0.7892181277275085,2.3360118865966797,0.8499703232909919
2,1.4862431287765503,0.7895386219024658,2.295320749282837,0.8201278543411257
2,1.6020950078964233,0.789891242980957,2.255690336227417,0.7889904716022856
2,1.7185168266296387,0.790281355381012,2.21777081489563,0.7574718628123194
2,1.8358378410339355,0.7907182574272156,2.1826488971710205,0.7254387282584488
2,1.9542840719223022,0.7912106513977051,2.151554822921753,0.6989871544993771
2,2.0739142894744873,0.7917669415473938,2.126145601272583,0.6765715299468171
2,2.194983720779419,0.7923915386199951,2.1077964305877686,0.6666221827340927
2,2.3169991970062256,0.7930792570114136,2.0974855422973633,0.669247432414598
2,2.4394264221191406,0.7938142418861389,2.0950093269348145,0.6831851230937135
2,2.561814785003662,0.7945813536643982,2.099245071411133,0.7092568874078179
2,2.683924674987793,0.7953670620918274,2.1085658073425293,0.7387899502456889
2,2.805746078491211,0.7961639165878296,2.1211490631103516,0.7708232326206971
2,2.9273290634155273,0.7969704866409302,2.1358728408813477,0.8015188677905387
2,3.048794984817505,0.7977897524833679,2.151535749435425,0.8308772058403995
2,3.170210599899292,0.7986277341842651,2.167583703994751,0.8563520380785713
2,3.2916393280029297,0.7994909882545471,2.183530807495117,0.8796474759668687
2,3.4131269454956055,0.8003901839256287,2.19901967048645,0.899860002599151
2,3.5346851348876953,0.8013328313827515,2.2139430046081543,0.9169809496793967
2,3.656329393386841,0.8023326992988586,2.2281432151794434,0.9325221951761125
2,3.778036594390869,0.8034023642539978,2.2416059970855713,0.9446962314641797
2,3.899822235107422,0.8045533895492554,2.2543346881866455,0.9557393889731715
2,4.021462440490723,0.8058019876480103,2.266312837600708,0.9650087799280759
2,4.1431684494018555,0.8071627616882324,2.2775931358337402,0.9724341045294479
2,4.263844966888428,0.8086420297622681,2.28810453414917,0.9790201354315143
2,4.381335735321045,0.8102278709411621,2.2977325916290283,0.9838943906032617
2,4.498868465423584,0.8119751811027527,2.306802272796631,0.9880113937151042
2,4.610111236572266,0.8138027191162109,2.314908981323242,0.9912944700864639
2,4.712926387786865,0.8156617879867554,2.322019577026367,0.9933775373321304
2,4.815761089324951,0.8177054524421692,2.3287925720214844,0.9950547710001572
2,4.910736083984375,0.8197793960571289,2.3347718715667725,0.996156805397073
2,5.000538349151611,0.8219253420829773,2.3402011394500732,0.9967859767082116
2,5.087917327880859,0.8242059350013733,2.345290422439575,0.9969830296360306
2,5.1753010749816895,0.8266980051994324,2.3502042293548584,0.9968290653723774
2,5.261903285980225,0.829400360584259,2.3549139499664307,0.9963704283434969
2,5.348349094390869,0.8323583006858826,2.3594706058502197,0.9956291304013316
2,5.434777736663818,0.8356088995933533,2.3638949394226074,0.9946118657836786
2,5.522092819213867,0.839232861995697,2.3682429790496826,0.9933210850117001
2,5.612987518310547,0.8434146642684937,2.3726534843444824,0.9917577802305594
2,5.708083629608154,0.8482969999313354,2.3771560192108154,0.9898713313095499
2,5.803152084350586,0.8537673950195312,2.381554126739502,0.9878601803994319
2,5.900243759155273,0.8600459694862366,2.3859448432922363,0.9858791853289074
2,6.000927448272705,0.8674083352088928,2.390385627746582,0.9840824087490176
2,6.104648590087891,0.8760371208190918,2.3948309421539307,0.982747359095259
2,6.2107110023498535,0.8861193656921387,2.399230718612671,0.9822798852151443
2,6.3166351318359375,0.8976196646690369,2.403472900390625,0.9838124211696319
2,6.4240546226501465,0.9108756184577942,2.4076225757598877,0.9877918172912356
2,6.532107353210449,0.9258843660354614,2.411675453186035,0.9951442746008206
2,6.639298439025879,0.9423366189002991,2.415719509124756,1.0070379280529198
2,6.689174652099609,0.9504157900810242,2.417738437652588,1.0149385172151393
2,6.716553211212158,0.954933226108551,2.4189088344573975,1.019339563538629
2,6.743676662445068,0.9594642519950867,2.420088291168213,1.0238685592344672
2,6.7706298828125,0.9640188217163086,2.4212703704833984,1.0286897585274892
2,6.797574996948242,0.9686169624328613,2.4224588871002197,1.0335108998787264
2,6.824987411499023,0.973330557346344,2.423677444458008,1.038683596904348
2,6.852343559265137,0.9780600666999817,2.4249088764190674,1.0440020336830944
2,6.87905740737915,0.9826904535293579,2.4261326789855957,1.0493022757403554
2,6.90579891204834,0.9873244166374207,2.427385091781616,1.054609092427088
2,6.932501316070557,0.9919373989105225,2.4286677837371826,1.0598287452105524
2,6.959160804748535,0.9965165853500366,2.4299843311309814,1.06497979719061
2,6.985773086547852,1.0010502338409424,2.4313366413116455,1.070008680463445
2,7.012385845184326,1.0055367946624756,2.4327290058135986,1.0749184608089
2,7.038949012756348,1.0099585056304932,2.434159994125366,1.0796144267733612
2,7.06545877456665,1.0143057107925415,2.4356307983398438,1.0840511620530955
2,7.091911792755127,1.0185703039169312,2.4371423721313477,1.0881839273195402
2,7.118304252624512,1.0227456092834473,2.438694715499878,1.0919649192759167
2,7.144707202911377,1.0268375873565674,2.4402925968170166,1.0954190815676101
2,7.171115875244141,1.0308414697647095,2.4419362545013428,1.098543710919663
2,7.197463512420654,1.034744143486023,2.4436211585998535,1.101242986091021
2,7.223842620849609,1.038558006286621,2.445352792739868,1.1035103330576472
2,7.250155448913574,1.042267918586731,2.4471237659454346,1.1053331919323264
2,7.276398658752441,1.0458736419677734,2.448932647705078,1.1067118127084195
2,7.302570343017578,1.049376368522644,2.450777530670166,1.1076509753132213
2,7.328667640686035,1.0527771711349487,2.4526567459106445,1.108241803685417
2,7.354771614074707,1.0560883283615112,2.454575300216675,1.108418817590522
2,7.380800724029541,1.0593022108078003,2.4565250873565674,1.10816699016015
2,7.406753063201904,1.0624228715896606,2.4585037231445312,1.1074952569901675
2,7.432627201080322,1.0654546022415161,2.460508108139038,1.1064034991656082
2,7.458520412445068,1.0684131383895874,2.462543487548828,1.1049016796595614
2,7.484333038330078,1.0712907314300537,2.464599132537842,1.1030017457973196
2,7.510064601898193,1.0740910768508911,2.466671943664551,1.100692209911545
2,7.53562593460083,1.0768076181411743,2.468752861022949,1.0980428722586393
2,7.561929225921631,1.0795376300811768,2.470914840698242,1.0950043121561421
2,7.587981700897217,1.0821820497512817,2.4730732440948486,1.0917377731721891
2,7.613621234893799,1.0847342014312744,2.4752111434936523,1.0881998086090523
2,7.638606548309326,1.0871798992156982,2.477304220199585,1.0844175196474963
2,7.6640729904174805,1.0896412134170532,2.479443311691284,1.0804655778583674
2,7.689451694488525,1.0920722484588623,2.4815776348114014,1.0763222010209994
2,7.71474027633667,1.0944803953170776,2.4837052822113037,1.0721122542157848
2,7.740054607391357,1.0968786478042603,2.4858338832855225,1.067615353026734
2,7.765083312988281,1.099228858947754,2.4879343509674072,1.063328863521965
2,7.790834903717041,1.1016055345535278,2.4900870323181152,1.0587463159054136
2,7.8158674240112305,1.1038315296173096,2.492164134979248,1.053765892824396
2,7.841585159301758,1.1059528589248657,2.494274854660034,1.0485841527377047
2,7.867254257202148,1.1077656745910645,2.4963583946228027,1.0424913494635863
2,7.892879962921143,1.1090728044509888,2.4984302520751953,1.0352301364336007
2,7.918453216552734,1.1097356081008911,2.500509262084961,1.0270824985882447
2,7.943958759307861,1.1098307371139526,2.5025875568389893,1.01870765266657
2,7.96938943862915,1.1096107959747314,2.5046277046203613,1.0104613761939079
2,7.994746685028076,1.109308123588562,2.5065863132476807,1.0022830847902422
2,8.020115852355957,1.1090253591537476,2.508436679840088,0.9943126231589976
2,8.045331001281738,1.1087844371795654,2.5101540088653564,0.9870036308294659
2,8.070469856262207,1.1085604429244995,2.5117549896240234,0.9801568653312013
2,8.09553050994873,1.1083141565322876,2.5132598876953125,0.9735601705574297
2,8.120508193969727,1.1080050468444824,2.5146853923797607,0.9671133550323463
2,8.145401954650879,1.1075990200042725,2.5160419940948486,0.9607748055459959
2,8.170207977294922,1.1070680618286133,2.517334222793579,0.9545164863834164
2,8.194925308227539,1.1063951253890991,2.5185611248016357,0.9483093871697089
2,8.219459533691406,1.1055761575698853,2.5197153091430664,0.9421556186415879
2,8.243900299072266,1.1046122312545776,2.52079701423645,0.9360295503799251
2,8.268245697021484,1.1035144329071045,2.521801471710205,0.929943855255058
2,8.292494773864746,1.1022988557815552,2.522725820541382,0.9239234964473337
2,8.31671142578125,1.1009799242019653,2.5235705375671387,0.9179526060356239
2,8.340950012207031,1.0995712280273438,2.52433705329895,0.9121462369363276
2,8.364971160888672,1.0980989933013916,2.525019407272339,0.9064150306352651
2,8.388893127441406,1.0965659618377686,2.5256247520446777,0.9008161886005865
2,8.412715911865234,1.094977617263794,2.526156187057495,0.8953097699004082
2,8.43643856048584,1.0933363437652588,2.5266170501708984,0.8898763181680459
2,8.460018157958984,1.0916454792022705,2.527010202407837,0.8844990246516868
2,8.483530044555664,1.0898993015289307,2.5273396968841553,0.8791411114001563
2,8.506972312927246,1.0880963802337646,2.5276083946228027,0.8737893828321421
2,8.530346870422363,1.0862358808517456,2.5278189182281494,0.8684338190184618
2,8.553651809692383,1.0843172073364258,2.5279738903045654,0.8630719728001638
2,8.576825141906738,1.0823465585708618,2.528075695037842,0.8577149226355959
2,8.599931716918945,1.0803196430206299,2.528127431869507,0.8523494820283467
2,8.622971534729004,1.0782380104064941,2.5281317234039307,0.846980223649951
2,8.645942687988281,1.0761030912399292,2.528090715408325,0.8416152168912518
2,8.668848991394043,1.073915719985962,2.5280072689056396,0.83626093041271
2,8.691618919372559,1.0716826915740967,2.527883768081665,0.8309414770955991
2,8.714324951171875,1.0693963766098022,2.527721881866455,0.8256602757625608
2,8.736967086791992,1.0670559406280518,2.5275235176086426,0.8204181256364954
2,8.759516716003418,1.064663290977478,2.5272908210754395,0.8152121830209142
2,8.782004356384277,1.0622141361236572,2.5270254611968994,0.8100242259471446
2,8.804431915283203,1.059707760810852,2.526729106903076,0.8048381094758104
2,8.826746940612793,1.0571503639221191,2.5264053344726562,0.7996444819084223
2,8.849002838134766,1.0545363426208496,2.526055335998535,0.7944144741546624
2,8.871199607849121,1.0518665313720703,2.525682210922241,0.7891412481129928
2,8.89333724975586,1.049141526222229,2.5252883434295654,0.7838195766289328
2,8.91541862487793,1.0463606119155884,2.5248758792877197,0.7784511736403301
2,8.937444686889648,1.0435237884521484,2.524447202682495,0.7730631103450147
2,8.9594144821167,1.04063081741333,2.5240046977996826,0.767669387882427
2,8.981328010559082,1.0376811027526855,2.523550033569336,0.7622825745863749
2,9.00318717956543,1.0346741676330566,2.523085355758667,0.7569115405598281
2,9.024991989135742,1.0316095352172852,2.5226128101348877,0.7515607736771653
2,9.046741485595703,1.0284873247146606,2.522134304046631,0.7462308936600729
2,9.068438529968262,1.0253077745437622,2.5216522216796875,0.7409205732426832
2,9.090081214904785,1.0220712423324585,2.5211687088012695,0.7356240375952556
2,9.111685752868652,1.0187759399414062,2.520686149597168,0.7303419736102253
2,9.13323974609375,1.015424132347107,2.5202064514160156,0.7250773792876676
2,9.154744148254395,1.0120164155960083,2.5197319984436035,0.7198309909180085
2,9.176199913024902,1.0085524320602417,2.5192644596099854,0.7146047903935742
2,9.197607040405273,1.0050321817398071,2.5188052654266357,0.7094066398691272
2,9.219003677368164,1.001448392868042,2.5183544158935547,0.7042315763641422
2,9.240358352661133,0.9978054165840149,2.517913579940796,0.6990866300060515
2,9.261693954467773,0.9940977692604065,2.517481803894043,0.6939551512300358
2,9.283008575439453,0.9903246760368347,2.517059564590454,0.6888325972081374
2,9.304311752319336,0.9864835143089294,2.516646146774292,0.6837176561393195
2,9.325602531433105,0.9825736284255981,2.5162413120269775,0.6786078267398095
2,9.346880912780762,0.9785944223403931,2.5158443450927734,0.673502482241805
2,9.368145942687988,0.9745455384254456,2.5154542922973633,0.6683943231407429
2,9.389397621154785,0.9704264998435974,2.515068292617798,0.6632835956345327
2,9.410634994506836,0.96623694896698,2.514683961868286,0.6581626101202884
2,9.431859016418457,0.9619772434234619,2.514298439025879,0.6530302888524364
2,9.453068733215332,0.9576476812362671,2.5139083862304688,0.6478858080257931
2,9.474264144897461,0.953248918056488,2.5135092735290527,0.6427296034892971
2,9.495445251464844,0.9487818479537964,2.513096570968628,0.6375677759038355
2,9.516611099243164,0.9442475438117981,2.5126638412475586,0.6324041680419572
2,9.537762641906738,0.9396477937698364,2.512204647064209,0.627233594542599
2,9.558899879455566,0.9349848031997681,2.5117125511169434,0.6220580549543681
2,9.580021858215332,0.9302614331245422,2.5111804008483887,0.6168799795799846
2,9.601130485534668,0.9254806041717529,2.51060152053833,0.6117021983214092
2,9.622224807739258,0.9206464290618896,2.509967088699341,0.6065557553159266
2,9.643305778503418,0.9157633185386658,2.509267807006836,0.6014277556735297
2,9.664374351501465,0.9108357429504395,2.5084962844848633,0.5963175983986461
2,9.685430526733398,0.9058685898780823,2.507643699645996,0.5912285162674147
2,9.706474304199219,0.9008670449256897,2.5067028999328613,0.5861670795782195
2,9.727506637573242,0.8958370089530945,2.505664825439453,0.5811731470205637
2,9.748528480529785,0.8907856941223145,2.504521131515503,0.5762348990727636
2,9.769540786743164,0.8857191205024719,2.5032660961151123,0.5713534855118101
2,9.790543556213379,0.880643904209137,2.5018937587738037,0.5665263054251505
2,9.811537742614746,0.8755672574043274,2.500399351119995,0.5617553222379484
2,9.832523345947266,0.8704976439476013,2.498776912689209,0.5570859192076237
2,9.85350227355957,0.865444004535675,2.4970202445983887,0.5524827554662888
2,9.874475479125977,0.8604143857955933,2.4951250553131104,0.5479442958181026
2,9.895442008972168,0.8554165363311768,2.49308705329895,0.5434846662994393
2,9.916403770446777,0.8504582643508911,2.4909024238586426,0.5390880059113509
2,9.937360763549805,0.8455486297607422,2.4885661602020264,0.5347979778145641
2,9.95831298828125,0.8406975865364075,2.486074447631836,0.530573078261832
2,9.97926139831543,0.8359125852584839,2.483423948287964,0.526411252713636
2,10.000205039978027,0.8312010169029236,2.4806127548217773,0.5223116876083943
2,10.02114486694336,0.8265695571899414,2.4776382446289062,0.5182859870982478
2,10.042078971862793,0.8220251202583313,2.4744982719421387,0.5143528013076756
2,10.063007354736328,0.817575216293335,2.471190929412842,0.5104924421062935
2,10.083930015563965,0.8132254481315613,2.46771502494812,0.5066847405536485
2,10.10484504699707,0.8089806437492371,2.4640698432922363,0.5029268738221451
2,10.125751495361328,0.8048459887504578,2.4602558612823486,0.4992163860893837
2,10.146656036376953,0.8008242845535278,2.4562714099884033,0.495557206075174
2,10.167550086975098,0.7969207167625427,2.452117681503296,0.4919761610860451
2,10.18850040435791,0.7931269407272339,2.4477803707122803,0.4884305982495153
2,10.209749221801758,0.7894044518470764,2.443204164505005,0.4848684265754325
2,10.231853485107422,0.7856672406196594,2.438255548477173,0.4811987896480503
2,10.25558853149414,0.7818094491958618,2.4327313899993896,0.47730548355796765
2,10.27929973602295,0.7781162858009338,2.426997423171997,0.47343910544520956
2,10.305130958557129,0.7742742896080017,2.420510768890381,0.46925989234825605
2,10.33092975616455,0.7706272602081299,2.413785457611084,0.4651338592746619
2,10.358590126037598,0.7669309377670288,2.406306743621826,0.46075840393863254
2,10.387328147888184,0.7633257508277893,2.3982491493225098,0.4562202163408953
2,10.416017532348633,0.7599674463272095,2.389916181564331,0.4516996339330066
2,10.445080757141113,0.7568113207817078,2.381190061569214,0.44720202020797806
2,10.474091529846191,0.7539109587669373,2.3722026348114014,0.44270631236756913
2,10.503141403198242,0.7512558102607727,2.3629350662231445,0.43826324902994324
2,10.532148361206055,0.7488551139831543,2.3534302711486816,0.43390111816866295
2,10.561102867126465,0.7467105984687805,2.3437063694000244,0.42960547010015826
2,10.590006828308105,0.7448193430900574,2.33378267288208,0.42542027183242026
2,10.618864059448242,0.7431857585906982,2.3236804008483887,0.4213284939624211
2,10.647680282592773,0.741807758808136,2.3134219646453857,0.417351826398525
2,10.676460266113281,0.7406902313232422,2.3030333518981934,0.4135527960281949
2,10.705212593078613,0.7398364543914795,2.2925407886505127,0.40989439936173594
2,10.733943939208984,0.7392502427101135,2.2819736003875732,0.4064743710946475
2,10.762662887573242,0.7389404773712158,2.2713632583618164,0.40326870347938415
2,10.791380882263184,0.738912045955658,2.260741949081421,0.40032532309418617
2,10.820104598999023,0.7391762733459473,2.2501423358917236,0.3977090692007955
2,10.848845481872559,0.7397408485412598,2.23960018157959,0.39536051557901236
2,10.877612113952637,0.7406167387962341,2.229149103164673,0.3934778623916137
2,10.906411170959473,0.7418141961097717,2.218822956085205,0.39191544467495754
2,10.935251235961914,0.7433422207832336,2.2086544036865234,0.39082413624782647
2,10.96413803100586,0.745210587978363,2.198674201965332,0.3901825638325077
2,10.993073463439941,0.74742591381073,2.1889123916625977,0.3899502634435203
2,11.02206039428711,0.7499934434890747,2.179392099380493,0.39032214699826345
2,11.051100730895996,0.7529157400131226,2.1701385974884033,0.3911405358963258
2,11.080191612243652,0.7561914324760437,2.1611673831939697,0.39249935687097154
2,11.109331130981445,0.7598171234130859,2.1524930000305176,0.3943823193011122
2,11.138514518737793,0.7637869715690613,2.1441264152526855,0.3966933278475688
2,11.16773796081543,0.768091082572937,2.1360692977905273,0.3995029402180437
2,11.196998596191406,0.7727170586585999,2.128326177597046,0.4027662145596377
2,11.226288795471191,0.7776494026184082,2.120891809463501,0.406463023897881
2,11.255605697631836,0.7828700542449951,2.1137590408325195,0.4105301067458622
2,11.284951210021973,0.7883591651916504,2.1069176197052,0.41504151889262975
2,11.314312934875488,0.7940942645072937,2.1003551483154297,0.41980916662160933
2,11.34371280670166,0.8000597953796387,2.0940539836883545,0.4248107379555996
2,11.373122215270996,0.8062282204627991,2.0880022048950195,0.43016973049195745
2,11.402605056762695,0.8125863671302795,2.082169532775879,0.43574987798934733
2,11.432229042053223,0.8191299438476562,2.0765256881713867,0.4414679364435474
2,11.461859703063965,0.8258100748062134,2.0710785388946533,0.44733164130412156
2,11.491738319396973,0.8326570391654968,2.0657687187194824,0.4534884441649503
2,11.521624565124512,0.8395876884460449,2.060615062713623,0.45976732190829944
2,11.556629180908203,0.8477470874786377,2.0547263622283936,0.46715159556952246
2,11.591652870178223,0.8559147119522095,2.0489585399627686,0.4745586012185215
2,11.655158996582031,0.8706722855567932,2.038754940032959,0.4877932046479274
2,11.724385261535645,0.8865159153938293,2.0278892517089844,0.5021455726763684
2,11.793725967407227,0.9019429087638855,2.017153263092041,0.5167591186811803
2,11.91939640045166,0.9281635880470276,1.9977792501449585,0.5412804494541513
2,12.045489311218262,0.9519609212875366,1.978036880493164,0.5629957683209965
2,12.164183616638184,0.9717518091201782,1.9590803384780884,0.5828060389618015
2,12.283561706542969,0.9888025522232056,1.9395877122879028,0.5995198498493036
2,12.403261184692383,1.0027542114257812,1.9196079969406128,0.6147657061340144
2,12.523420333862305,1.0134161710739136,1.8992149829864502,0.6279967042620332
2,12.584261894226074,1.0175862312316895,1.8888076543807983,0.6337917800507649
3,0.025141606107354164,0.5459880232810974,1.1380844116210938,1.027546494236371
3,0.12466606497764587,0.5459765791893005,1.10824716091156,1.0188038355104185
3,0.18937188386917114,0.5459767580032349,1.0867347717285156,1.0126732975992783
3,0.28866514563560486,0.546000063419342,1.0480799674987793,1.002588512236091
3,0.3524148166179657,0.546032190322876,1.0190430879592896,1.0012323190478098
3,0.44997546076774597,0.5461132526397705,0.9664122462272644,1.004466709502379
3,0.543208658695221,0.5462305545806885,0.9064332246780396,1.0068825014847862
3,0.6361991167068481,0.546381950378418,0.8380370736122131,1.0118941918195583
3,0.7006222605705261,0.5465062260627747,0.7866823077201843,1.0072652784713443
3,0.7653206586837769,0.5466333031654358,0.7339071035385132,1.0100849506286866
3,0.8582872152328491,0.5468076467514038,0.6589013934135437,1.019279686514331
3,0.9316892027854919,0.5469403266906738,0.6028136014938354,1.040060070689895
3,1.032028079032898,0.5471339225769043,0.534332275390625,1.1017264594418459
3,1.0859259366989136,0.5472642183303833,0.502037525177002,1.1612688993478066
3,1.1939085721969604,0.5477399826049805,0.44496631622314453,1.3344660042661618
3,1.2449555397033691,0.548065721988678,0.4213542640209198,1.4199310120330018
3,1.3016284704208374,0.5484350919723511,0.3973374366760254,1.565320369520289
3,1.3553375005722046,0.5487807989120483,0.3758464753627777,1.7269366486147806
3,1.403246283531189,0.549098014831543,0.3576207160949707,1.8997570757039255
3,1.4264219999313354,0.54924476146698,0.34898948669433594,1.9838085022155916
3,1.5444531440734863,0.5498730540275574,0.3098307251930237,2.6033342106564135
3,1.6061979532241821,0.5501883029937744,0.29271456599235535,2.964768688040052
3,1.666839599609375,0.550524890422821,0.2785317897796631,3.3290373337320767
3,1.727157473564148,0.5508948564529419,0.26733916997909546,3.6607839134310196
3,1.7879024744033813,0.5512880682945251,0.2587718963623047,3.934256657203186
3,1.8489981889724731,0.5516163110733032,0.25321775674819946,4.152782458889414
3,1.9102786779403687,0.5517375469207764,0.2503160238265991,4.254104914675716
3,1.9716269969940186,0.5515194535255432,0.2497871220111847,4.307226119075569
3,2.032970666885376,0.5509779453277588,0.2507021725177765,4.301607823706958
3,2.0942835807800293,0.5502012372016907,0.252774178981781,4.209576184919329
3,2.155550241470337,0.5494253635406494,0.25593316555023193,4.076806519926048
3,2.2166295051574707,0.5487056970596313,0.2615931034088135,3.8365699026673004
3,2.252211332321167,0.5483178496360779,0.2667146623134613,3.7099764488590523
3,2.3119378089904785,0.5476782917976379,0.28054967522621155,3.4770990897170866
3,2.347226142883301,0.5472813248634338,0.2930229902267456,3.375289754546709
3,2.384438991546631,0.5468530654907227,0.30995306372642517,3.200013438376307
3,2.440192937850952,0.5462429523468018,0.3414797782897949,2.998468089999863
3,2.4724090099334717,0.5459343791007996,0.36243000626564026,2.874560123766583
3,2.5047178268432617,0.5456856489181519,0.3831966817378998,2.7354011609328683
3,2.587834119796753,0.5455878973007202,0.43275004625320435,2.5203767240136816
3,2.6403350830078125,0.5459589958190918,0.4598694443702698,2.45638949870751
3,2.689791202545166,0.5465028285980225,0.4818666875362396,2.382214349627261
3,2.8051631450653076,0.548194944858551,0.5222855806350708,2.2604744236907854
3,2.92387056350708,0.5502475500106812,0.5516840815544128,2.1048381744118903
3,3.043262004852295,0.5521082878112793,0.5785899758338928,1.8808058993132384
3,3.162794351577759,0.553801953792572,0.6048784255981445,1.6888566918281955
3,3.282358407974243,0.5553691983222961,0.6310303807258606,1.5227473633159128
3,3.4021716117858887,0.5566139221191406,0.6560276746749878,1.4124958808962123
3,3.522479772567749,0.5574078559875488,0.6787763833999634,1.332922337172962
3,3.643174886703491,0.5578832030296326,0.6993797421455383,1.2761973505849549
3,3.764225482940674,0.5581751465797424,0.7177909016609192,1.2407935410217694
3,3.8855319023132324,0.5584255456924438,0.7342925071716309,1.211248012002129
3,4.006847381591797,0.5587058067321777,0.7490622997283936,1.1883198863044682
3,4.128361701965332,0.5590488910675049,0.7622194290161133,1.1685679913996876
3,4.248927116394043,0.5594758987426758,0.7739406824111938,1.1514902126449023
3,4.366365909576416,0.5599875450134277,0.7842212319374084,1.1379434382284994
3,4.483886241912842,0.5606065988540649,0.7935245633125305,1.1255783465654465
3,4.595144271850586,0.5613083243370056,0.8015300035476685,1.115115117148318
3,4.706451416015625,0.5621398091316223,0.8088152408599854,1.1053921311898933
3,4.809334754943848,0.5630440711975098,0.8149677515029907,1.0967315535669366
3,4.905078411102295,0.56402587890625,0.8202483654022217,1.0888930549072209
3,4.9990949630737305,0.565140426158905,0.8250657916069031,1.0813790269369117
3,5.093125820159912,0.5664218664169312,0.8295583128929138,1.0740753284244107
3,5.188127040863037,0.5679048299789429,0.8337968587875366,1.0668700971472231
3,5.285268306732178,0.5696390867233276,0.8378415703773499,1.0596233625488434
3,5.384850025177002,0.5716691613197327,0.8416972160339355,1.0522516412401122
3,5.486553192138672,0.5740324258804321,0.8453426361083984,1.0447131174746425
3,5.5898261070251465,0.5767641067504883,0.848754346370697,1.0370327829971993
3,5.693097114562988,0.5798657536506653,0.8518806099891663,1.0293672617081588
3,5.797321796417236,0.583410382270813,0.8547447919845581,1.0216173781326312
3,5.901878356933594,0.5874273777008057,0.8573111295700073,1.01378602841715
3,6.006166934967041,0.5919383764266968,0.859548032283783,1.0058919612056174
3,6.109640598297119,0.5969622135162354,0.8614285588264465,0.99798633478761
3,6.211828231811523,0.6025163531303406,0.8629246950149536,0.9901438701000314
3,6.313982963562012,0.6087201833724976,0.864021360874176,0.9822872187748991
3,6.414465427398682,0.6155216693878174,0.8646586537361145,0.9743839866319941
3,6.513392448425293,0.6229562759399414,0.8648008704185486,0.9667127851054733
3,6.610822677612305,0.6310718059539795,0.8644102811813354,0.959765247689458
3,6.7073163986206055,0.6399461627006531,0.8634533882141113,0.9533962035466493
3,6.760383129119873,0.645240068435669,0.8626649975776672,0.9484577822080089
3,6.784663200378418,0.6477619409561157,0.8622310757637024,0.9461596333779337
3,6.808725357055664,0.6503303647041321,0.8617456555366516,0.943878529154205
3,6.832756519317627,0.652969479560852,0.8611998558044434,0.9415448799579887
3,6.856683731079102,0.6556754112243652,0.8605916500091553,0.9391468544068049
3,6.880483627319336,0.6584483981132507,0.8599197864532471,0.9367039177531901
3,6.904524803161621,0.6613343358039856,0.8591722249984741,0.9341432140131045
3,6.928171634674072,0.6642603874206543,0.858366072177887,0.9315100365806329
3,6.95182466506958,0.6672765612602234,0.8574867844581604,0.9287859933260457
3,6.975417613983154,0.6703775525093079,0.8565332889556885,0.9259699656256044
3,6.999112606048584,0.6735875010490417,0.8554953336715698,0.9230520565610059
3,7.022648811340332,0.6768748164176941,0.8543795347213745,0.9200164051499587
3,7.046144008636475,0.68025803565979,0.8531757593154907,0.9168318330413752
3,7.069486141204834,0.683724045753479,0.8518837690353394,0.9134838383888829
3,7.0930070877075195,0.6873243451118469,0.8504788279533386,0.9099568797621115
3,7.116463661193848,0.691025972366333,0.8489656448364258,0.9061592997961174
3,7.139855861663818,0.6948297023773193,0.847335159778595,0.9021549648447815
3,7.163822174072266,0.6988413333892822,0.8455308079719543,0.8978787298314456
3,7.187757968902588,0.7029632329940796,0.843583881855011,0.8932217546115508
3,7.212156295776367,0.7072845697402954,0.8414385318756104,0.8880210204302333
3,7.2364325523376465,0.7117061018943787,0.8391304016113281,0.8823256807644977
3,7.260583400726318,0.7162243127822876,0.8366495370864868,0.8760883088428648
3,7.284605503082275,0.7208320498466492,0.8339845538139343,0.8692377622361862
3,7.308497905731201,0.7255188822746277,0.8311227560043335,0.8617006701137057
3,7.332375526428223,0.7302947640419006,0.8280360698699951,0.8534833844770138
3,7.356123924255371,0.7351259589195251,0.8247276544570923,0.8446377954294079
3,7.379740238189697,0.7400088906288147,0.8211880922317505,0.8354939916825002
3,7.403217315673828,0.7449504137039185,0.8173884749412537,0.8269252016504582
3,7.426609992980957,0.749996542930603,0.8132244348526001,0.8186283816048472
3,7.449769973754883,0.7552222013473511,0.8085471987724304,0.8095032761202782
3,7.472756862640381,0.7608145475387573,0.8032349348068237,0.8015112027514107
3,7.495461940765381,0.7668599486351013,0.7975581288337708,0.7960945833641376
3,7.518056869506836,0.7732522487640381,0.7921379804611206,0.7940687176792512
3,7.533799648284912,0.7776668071746826,0.7889699935913086,0.7950930965876893
3,7.557065486907959,0.7836098074913025,0.785608172416687,0.8006504061006282
3,7.580160140991211,0.7886506915092468,0.7835050821304321,0.8083004400048196
3,7.603423118591309,0.7930828928947449,0.7819229364395142,0.8184702443956929
3,7.626424312591553,0.7971651554107666,0.7803981900215149,0.8289597905870995
3,7.649230480194092,0.8011085987091064,0.7787905931472778,0.8383763670654155
3,7.671970367431641,0.8049928545951843,0.7770798802375793,0.8462202192789116
3,7.694613456726074,0.808824896812439,0.7752881050109863,0.852581299917819
3,7.7171630859375,0.8126070499420166,0.7734407782554626,0.8580843539826394
3,7.7394795417785645,0.8163182139396667,0.7715725898742676,0.8629367712928478
3,7.76179838180542,0.8200016021728516,0.7696827054023743,0.8673163525204435
3,7.784031391143799,0.8236462473869324,0.7677962183952332,0.8712819588875637
3,7.806183815002441,0.827255129814148,0.765929639339447,0.8749173211067623
3,7.8283305168151855,0.8308404684066772,0.7640892863273621,0.878259955368247
3,7.850441932678223,0.8343955874443054,0.7622876167297363,0.8813233427013656
3,7.872547626495361,0.8379228115081787,0.760528028011322,0.8841403811558095
3,7.894657135009766,0.8414205312728882,0.7588124871253967,0.8867246156242902
3,7.916774749755859,0.8448867201805115,0.7571406364440918,0.8890847631886677
3,7.938893795013428,0.8483180999755859,0.7555113434791565,0.891256244903279
3,7.961019992828369,0.8517138957977295,0.7539209723472595,0.8932608056236676
3,7.983157157897949,0.8550735712051392,0.7523650527000427,0.8951047543937929
3,8.005298614501953,0.8583956360816956,0.7508401274681091,0.8967860422705095
3,8.027442932128906,0.8616796731948853,0.7493422627449036,0.898314983849753
3,8.049589157104492,0.8649255037307739,0.7478679418563843,0.8997017852618153
3,8.071735382080078,0.868133008480072,0.746414065361023,0.9009545267398013
3,8.09389877319336,0.8713050484657288,0.7449766993522644,0.9020732854849535
3,8.116068840026855,0.8744400143623352,0.7435542345046997,0.9030828360986726
3,8.138236999511719,0.877537190914154,0.7421450018882751,0.9039964110860785
3,8.160407066345215,0.880596935749054,0.7407472133636475,0.9048180357886719
3,8.182572364807129,0.8836187124252319,0.7393597960472107,0.9055555154010511
3,8.204732894897461,0.886602520942688,0.7379817366600037,0.9062175237021647
3,8.226899147033691,0.8895498514175415,0.7366114258766174,0.9068130571446099
3,8.249053001403809,0.8924583196640015,0.7352491617202759,0.9073502127711623
3,8.271190643310547,0.8953275084495544,0.7338945269584656,0.9078369976774863
3,8.29330825805664,0.8981569409370422,0.7325471043586731,0.9082780213776068
3,8.315430641174316,0.9009498953819275,0.7312048077583313,0.9086859083638547
3,8.337540626525879,0.9037043452262878,0.7298681139945984,0.9090681733445432
3,8.359646797180176,0.9064213633537292,0.7285360097885132,0.9094313836036181
3,8.381720542907715,0.9090976119041443,0.7272098064422607,0.9097819697848901
3,8.40376091003418,0.9117332696914673,0.725889265537262,0.9101262512077822
3,8.425764083862305,0.9143279790878296,0.7245742678642273,0.9104700100773858
3,8.447739601135254,0.916883111000061,0.7232639193534851,0.9108188218056112
3,8.4697265625,0.9194034337997437,0.7219557762145996,0.9111784899745052
3,8.491724967956543,0.9218887686729431,0.7206496596336365,0.9115536579927449
3,8.513731002807617,0.9243388772010803,0.7193456888198853,0.9119489315802543
3,8.535799980163574,0.9267599582672119,0.7180404663085938,0.9123681739698226
3,8.557929992675781,0.9291515350341797,0.7167342305183411,0.9128158043460517
3,8.580063819885254,0.9315073490142822,0.7154302597045898,0.9132945041525892
3,8.602197647094727,0.9338271617889404,0.7141289710998535,0.9138073446895837
3,8.624327659606934,0.93611079454422,0.7128304839134216,0.9143566247663044
3,8.646451950073242,0.9383580088615417,0.7115352153778076,0.9149444145791744
3,8.668564796447754,0.9405686259269714,0.7102434039115906,0.9155726110529345
3,8.690664291381836,0.9427425265312195,0.7089555263519287,0.9162425048064113
3,8.71274471282959,0.944879412651062,0.7076719403266907,0.916955349076154
3,8.734803199768066,0.946979284286499,0.7063929438591003,0.9177119795779198
3,8.756834983825684,0.9490420818328857,0.7051190733909607,0.9185131710509704
3,8.778837203979492,0.9510676860809326,0.7038506865501404,0.9193554031446843
3,8.800861358642578,0.9530612826347351,0.7025848627090454,0.9202413431753167
3,8.82284927368164,0.9550178050994873,0.7013253569602966,0.9211721491407765
3,8.844796180725098,0.956937313079834,0.7000724673271179,0.9221475949490019
3,8.866701126098633,0.9588199853897095,0.6988266110420227,0.9231672693985079
3,8.888559341430664,0.9606661200523376,0.6975880861282349,0.9242325926064593
3,8.91031551361084,0.9624714851379395,0.6963602304458618,0.9253385370333018
3,8.932023048400879,0.9642413258552551,0.6951401829719543,0.926486567055162
3,8.953734397888184,0.9659801721572876,0.6939252614974976,0.9276786133297591
3,8.975457191467285,0.9676889777183533,0.6927151679992676,0.928914585899579
3,8.997190475463867,0.9693679809570312,0.6915102601051331,0.9301938995931207
3,9.01893424987793,0.971017599105835,0.6903107166290283,0.9315160228228319
3,9.040687561035156,0.9726381301879883,0.6891167759895325,0.9328803061367502
3,9.06245231628418,0.9742299318313599,0.6879286766052246,0.9342863950429244
3,9.084226608276367,0.9757934808731079,0.6867466568946838,0.935731337822016
3,9.106080055236816,0.9773340225219727,0.6855671405792236,0.9371965054832015
3,9.127878189086914,0.978842556476593,0.6843978762626648,0.9386594048310543
3,9.149686813354492,0.9803239703178406,0.6832356452941895,0.9401587870651522
3,9.171504020690918,0.9817788004875183,0.6820806264877319,0.9416945486405913
3,9.193329811096191,0.9832075834274292,0.6809331178665161,0.9432667072824393
3,9.215169906616211,0.9846111536026001,0.6797929406166077,0.9448754654664221
3,9.237016677856445,0.9859896302223206,0.6786607503890991,0.9465201286912652
3,9.258870124816895,0.9873436093330383,0.6775366067886353,0.9482007092444054
3,9.280728340148926,0.9886735677719116,0.6764207482337952,0.949916979827624
3,9.302592277526855,0.9899801015853882,0.6753133535385132,0.9516264819171085
3,9.324413299560547,0.9912609457969666,0.6742171049118042,0.9533239567510106
3,9.346240997314453,0.9925195574760437,0.6731295585632324,0.9550551046214494
3,9.368070602416992,0.9937564134597778,0.6720510125160217,0.9568193294847562
3,9.38990306854248,0.9949721097946167,0.6709814071655273,0.9586159649204569
3,9.411735534667969,0.9961671233177185,0.669920802116394,0.9604440963602692
3,9.43356704711914,0.997342050075531,0.668869137763977,0.962302679165839
3,9.45539665222168,0.998497486114502,0.6678263545036316,0.9641897867746893
3,9.477217674255371,0.9996334910392761,0.6667928099632263,0.9660293739410496
3,9.499006271362305,1.0007494688034058,0.6657695174217224,0.9678792888042744
3,9.520819664001465,1.0018489360809326,0.6647536158561707,0.969756373367904
3,9.542625427246094,1.002930760383606,0.6637464165687561,0.9716593890321992
3,9.564422607421875,1.003995418548584,0.6627476811408997,0.9735867769497105
3,9.586211204528809,1.005043387413025,0.6617571711540222,0.9755370857637595
3,9.607987403869629,1.0060752630233765,0.6607747077941895,0.977508740278867
3,9.629753112792969,1.0070912837982178,0.6597999930381775,0.9795002165657207
3,9.651506423950195,1.008091926574707,0.6588327884674072,0.9815101000597414
3,9.673246383666992,1.009077548980713,0.6578729748725891,0.9834802756828602
3,9.694963455200195,1.0100481510162354,0.656920850276947,0.9854638931206573
3,9.716667175292969,1.0110044479370117,0.6559755802154541,0.9874656412785656
3,9.738359451293945,1.0119467973709106,0.655036985874176,0.9894841800623659
3,9.760037422180176,1.0128756761550903,0.6541048288345337,0.9915179737386549
3,9.781702995300293,1.0137909650802612,0.653178870677948,0.9935657191349433
3,9.80335521697998,1.014693260192871,0.6522589921951294,0.9956260569845691
3,9.824993133544922,1.0155824422836304,0.6513450741767883,0.997698647172314
3,9.84663200378418,1.0164594650268555,0.6504363417625427,0.9997817681318553
3,9.868256568908691,1.017323613166809,0.6495333909988403,1.001870010741728
3,9.889877319335938,1.0181753635406494,0.6486358642578125,1.0039722509796192
3,9.911493301391602,1.0190147161483765,0.647743821144104,1.0060857459462955
3,9.933110237121582,1.0198417901992798,0.6468571424484253,1.0082081202282047
3,9.954727172851562,1.0206563472747803,0.6459760069847107,1.0103388732223584
3,9.976346015930176,1.021458387374878,0.6451007127761841,1.0124772670189983
3,9.997963905334473,1.022247552871704,0.6442315578460693,1.0146230443178286
3,10.019583702087402,1.0230239629745483,0.6433688998222351,1.016774766389843
3,10.041203498840332,1.0237871408462524,0.64251309633255,1.0189314500622473
3,10.062825202941895,1.0245368480682373,0.6416646838188171,1.021092178729692
3,10.084446907043457,1.0252729654312134,0.6408241987228394,1.0232532460947208
3,10.106069564819336,1.0259950160980225,0.6399921178817749,1.0254118972054536
3,10.127692222595215,1.026702880859375,0.6391690373420715,1.027545086579185
3,10.149324417114258,1.0273962020874023,0.6383553147315979,1.0296824803721325
3,10.170955657958984,1.0280743837356567,0.6375518441200256,1.0318301686537272
3,10.192659378051758,1.028739333152771,0.6367566585540771,1.0339960906418988
3,10.214688301086426,1.0293978452682495,0.6359614729881287,1.0361966158647142
3,10.237622261047363,1.0300655364990234,0.6351469159126282,1.038480333359101
3,10.262269973754883,1.0307625532150269,0.6342873573303223,1.040916524871293
3,10.286919593811035,1.0314379930496216,0.6334449052810669,1.043326434803773
3,10.313803672790527,1.0321500301361084,0.6325464248657227,1.045944128096704
3,10.342670440673828,1.0328850746154785,0.6316068172454834,1.0487400312846495
3,10.371538162231445,1.033589243888855,0.6306940913200378,1.0515327144471462
3,10.401578903198242,1.0342882871627808,0.6297745704650879,1.0544337075441257
3,10.43206787109375,1.0349615812301636,0.6288741827011108,1.057375538696831
3,10.462557792663574,1.0355976819992065,0.6280080676078796,1.0603081626006163
3,10.493148803710938,1.036197304725647,0.6271751523017883,1.063239407887685
3,10.523741722106934,1.0367577075958252,0.6263792514801025,1.0661529834418177
3,10.554347038269043,1.0372780561447144,0.625621497631073,1.0690525031919327
3,10.584953308105469,1.037757396697998,0.624903678894043,1.0719306266308894
3,10.615561485290527,1.038195252418518,0.6242266893386841,1.0747916624887381
3,10.646170616149902,1.0385907888412476,0.6235921382904053,1.0776344733783005
3,10.67678165435791,1.0389435291290283,0.6230010390281677,1.080460286376132
3,10.707393646240234,1.0392529964447021,0.6224546432495117,1.0832700155226893
3,10.738006591796875,1.0395184755325317,0.6219541430473328,1.0860650735735504
3,10.768621444702148,1.0397398471832275,0.6215003132820129,1.0888467281569567
3,10.799237251281738,1.0399165153503418,0.6210943460464478,1.0916123896826058
3,10.829853057861328,1.0400480031967163,0.620736837387085,1.0943681658558875
3,10.860469818115234,1.0401341915130615,0.6204285025596619,1.0971072973519331
3,10.891087532043457,1.0401742458343506,0.6201701164245605,1.0998322438985229
3,10.92170524597168,1.0401684045791626,0.6199618577957153,1.1025420498886203
3,10.952322959899902,1.0401158332824707,0.6198043823242188,1.1052338709814238
3,10.982941627502441,1.0400164127349854,0.6196979880332947,1.1079106531293628
3,11.01356029510498,1.039870023727417,0.6196429133415222,1.1105700754227936
3,11.044178009033203,1.0396761894226074,0.6196393966674805,1.113213061447586
3,11.074795722961426,1.0394349098205566,0.6196874380111694,1.1158429765356472
3,11.105412483215332,1.0391459465026855,0.6197870969772339,1.118457012701777
3,11.136029243469238,1.0388091802597046,0.6199381947517395,1.1210599672425887
3,11.166644096374512,1.0384243726730347,0.6201404929161072,1.1236501339677956
3,11.197258949279785,1.0379917621612549,0.6203934550285339,1.126227572355525
3,11.227872848510742,1.0375109910964966,0.6206964254379272,1.1287907118779303
3,11.2584867477417,1.0369824171066284,0.6210486888885498,1.1313382603905455
3,11.289107322692871,1.0364056825637817,0.6214491128921509,1.1338694633083566
3,11.31972599029541,1.0357811450958252,0.6218966245651245,1.136368405806112
3,11.35036849975586,1.0351083278656006,0.6223901510238647,1.138847084476416
3,11.381073951721191,1.034386157989502,0.6229288578033447,1.1412918987229226
3,11.41177749633789,1.0336164236068726,0.6235101819038391,1.1436840996359694
3,11.442619323730469,1.0327953100204468,0.6241353154182434,1.1460053094904195
3,11.473458290100098,1.0319260358810425,0.6248003840446472,1.1483437429928243
3,11.499707221984863,1.0311475992202759,0.6253964900970459,1.1503389881201767
4,0.7726199626922607,-0.5097880959510803,2.2325122356414795,0.9761439446406275
4,0.8825181126594543,-0.509956419467926,2.187431573867798,0.9563026200987801
4,0.9935981035232544,-0.5101539492607117,2.139678955078125,0.9311262137195212
4,1.0804115533828735,-0.5103275179862976,2.1009299755096436,0.9098029130598964
4,1.1911855936050415,-0.5105760097503662,2.0499653816223145,0.878516901269414
4,1.2743231058120728,-0.5107846856117249,2.010531425476074,0.8532329832614536
4,1.3843079805374146,-0.5110957622528076,1.9569849967956543,0.8153529341487231
4,1.4533742666244507,-0.5113147497177124,1.9224759340286255,0.7898520281239538
4,1.5624122619628906,-0.5117063522338867,1.8667711019515991,0.7433142325293035
4,1.634270429611206,-0.5120018720626831,1.829280138015747,0.7095348397952834
4,1.7028443813323975,-0.5123174786567688,1.7928787469863892,0.6735969179543956
4,1.8110466003417969,-0.51289963722229,1.7355128526687622,0.6088048481545405
4,1.9195661544799805,-0.513620138168335,1.678760290145874,0.5353652598970924
4,2.0307717323303223,-0.5145425200462341,1.6275142431259155,0.4520260074543208
4,2.075756311416626,-0.5149815678596497,1.6100172996520996,0.4225366129073087
4,2.194798469543457,-0.5162771940231323,1.5826005935668945,0.38108385906902087
4,2.242250680923462,-0.5168337821960449,1.5807760953903198,0.3794310294286378
4,2.3409528732299805,-0.5179802179336548,1.5917450189590454,0.4333206265440052
4,2.4594199657440186,-0.5192525386810303,1.6225149631500244,0.5177513204344957
4,2.5325140953063965,-0.519966721534729,1.6455317735671997,0.5741182468788121
4,2.648838996887207,-0.5209943056106567,1.6838356256484985,0.6536241391981791
4,2.7653696537017822,-0.5219053030014038,1.721506953239441,0.7186931480477412
4,2.8825953006744385,-0.5227187275886536,1.7569632530212402,0.774155444880773
4,3.000601291656494,-0.523452639579773,1.7897250652313232,0.818982930699537
4,3.11929988861084,-0.5241231322288513,1.8198829889297485,0.8551621846560117
4,3.238659381866455,-0.5247464776039124,1.847312092781067,0.8863053523955655
4,3.35854172706604,-0.5253380537033081,1.8723598718643188,0.9097380424493315
4,3.478869676589966,-0.5259115099906921,1.8951741456985474,0.9306340715252716
4,3.5995635986328125,-0.5264814496040344,1.9159667491912842,0.9465025978417985
4,3.7205567359924316,-0.5270576477050781,1.9349427223205566,0.959577340275053
4,3.8417747020721436,-0.5276534557342529,1.9522863626480103,0.971073362396535
4,3.9631917476654053,-0.528277575969696,1.9681755304336548,0.9791249537861761
4,4.084554672241211,-0.5289387106895447,1.9827332496643066,0.9862691528502541
4,4.2049641609191895,-0.5296429991722107,1.9960178136825562,0.9913993517016022
4,4.325483322143555,-0.5304039716720581,2.0082643032073975,0.9952069963876229
4,4.442859172821045,-0.5312121510505676,2.019289016723633,0.9982189824772567
4,4.5539870262146,-0.532049298286438,2.0289833545684814,0.9996588079584293
4,4.6651692390441895,-0.5329676270484924,2.038022518157959,1.000538784150557
4,4.767944812774658,-0.5339009165763855,2.0458476543426514,1.0007936296280593
4,4.862882137298584,-0.5348455905914307,2.0526607036590576,1.000261012040403
4,4.95784330368042,-0.5358803272247314,2.0591084957122803,0.9991634645854389
4,5.047642230987549,-0.5369532704353333,2.064897060394287,0.9976022140909176
4,5.1350274085998535,-0.5380976796150208,2.070263385772705,0.9955797179340561
4,5.221641540527344,-0.5393434166908264,2.0753414630889893,0.9930782189018783
4,5.308111667633057,-0.5407140851020813,2.080186367034912,0.9900618264368173
4,5.395656108856201,-0.5422518849372864,2.0848751068115234,0.9863529651519294
4,5.483208179473877,-0.5439639687538147,2.0893590450286865,0.9819776323480783
4,5.574524879455566,-0.5459623336791992,2.0938308238983154,0.9766964609154949
4,5.66982364654541,-0.5483209490776062,2.0982859134674072,0.9703774242763921
4,5.7688164710998535,-0.5511246919631958,2.1026885509490967,0.9629139601955286
4,5.870452404022217,-0.554460346698761,2.1069579124450684,0.9541956732145775
4,5.972079277038574,-0.55836021900177,2.1109468936920166,0.9438049320522949
4,6.076571941375732,-0.5630895495414734,2.114720106124878,0.9316619675491318
4,6.181032657623291,-0.5687320828437805,2.1181135177612305,0.9180091560071924
4,6.289013862609863,-0.5757890343666077,2.1211650371551514,0.9022543427900077
4,6.397398948669434,-0.5844901204109192,2.1236963272094727,0.8842562522493735
4,6.505611419677734,-0.5952381491661072,2.1256353855133057,0.864529451955886
4,6.613146781921387,-0.6085598468780518,2.1269447803497314,0.8440387495129473
4,6.719285488128662,-0.625209391117096,2.127667188644409,0.822990621261126
4,6.77822732925415,-0.6363953351974487,2.1279232501983643,0.8117844029983816
4,6.80460786819458,-0.6419700980186462,2.1279993057250977,0.807376768774901
4,6.830651760101318,-0.6478685140609741,2.12802791595459,0.8034489244426675
4,6.856411933898926,-0.6541324257850647,2.128004312515259,0.7999516348094768
4,6.882027626037598,-0.6608229279518127,2.127929925918579,0.7969352679626482
4,6.9075188636779785,-0.6679735779762268,2.127814531326294,0.7945434931506761
4,6.9327592849731445,-0.6755735874176025,2.127671718597412,0.7927499038371805
4,6.957611083984375,-0.6835963129997253,2.127516508102417,0.7915599862379816
4,6.982255935668945,-0.692096471786499,2.1273608207702637,0.7910233250174937
4,7.006765365600586,-0.7011045813560486,2.1272177696228027,0.7910856149315396
4,7.031106472015381,-0.7106003761291504,2.127098798751831,0.7914265192853911
4,7.055159568786621,-0.7205125093460083,2.1270151138305664,0.7922007267077602
4,7.079032897949219,-0.7308506369590759,2.1269750595092773,0.7928933426268581
4,7.102751731872559,-0.7415844798088074,2.126983880996704,0.7936091275672315
4,7.126205921173096,-0.7526198625564575,2.127045154571533,0.7944200140064903
4,7.149535179138184,-0.763972818851471,2.127159357070923,0.7949741898870594
4,7.1726298332214355,-0.7755460739135742,2.1273252964019775,0.7957672708435822
4,7.195630073547363,-0.7873697280883789,2.127542018890381,0.7961193530253048
4,7.218423843383789,-0.7993512749671936,2.1278061866760254,0.796882721372607
4,7.240964412689209,-0.8114349842071533,2.128114938735962,0.7972222564467955
4,7.263449668884277,-0.8237030506134033,2.128467559814453,0.7980803673053356
4,7.2857584953308105,-0.8360722064971924,2.1288576126098633,0.7984347744927245
4,7.308115482330322,-0.8486526012420654,2.129284620285034,0.7993078184647342
4,7.3303093910217285,-0.8613135814666748,2.12973952293396,0.7996830076223651
4,7.352470874786377,-0.8741161823272705,2.130220651626587,0.800697682817234
4,7.374484539031982,-0.8869804739952087,2.1307225227355957,0.8010159257740088
4,7.396477222442627,-0.8999669551849365,2.131246566772461,0.8020828487405948
4,7.418335914611816,-0.9129968881607056,2.1317930221557617,0.8021292760321532
4,7.440182209014893,-0.9261282682418823,2.132371664047241,0.8030884054451607
4,7.462433338165283,-0.9395923018455505,2.1330058574676514,0.8032119149480749
4,7.4846086502075195,-0.9530908465385437,2.133707284927368,0.8036120482129301
4,7.506371974945068,-0.9664062261581421,2.1344945430755615,0.803319621216806
4,7.527586460113525,-0.9794292449951172,2.135406732559204,0.8034690476880574
4,7.549195289611816,-0.9927197098731995,2.136535406112671,0.8035695279795192
4,7.570724964141846,-1.0059635639190674,2.1379342079162598,0.8045088706872789
4,7.592247486114502,-1.0192067623138428,2.139671564102173,0.806647675638135
4,7.613674640655518,-1.032408595085144,2.1417887210845947,0.811171251355266
4,7.63249397277832,-1.0439964532852173,2.1438965797424316,0.81633263034702
4,7.650778770446777,-1.0551903247833252,2.1459922790527344,0.8192603819916263
4,7.672712802886963,-1.0683740377426147,2.148033380508423,0.8139181178200329
4,7.689605236053467,-1.0782380104064941,2.1487789154052734,0.8024938263565302
4,7.711981773376465,-1.0908094644546509,2.148123025894165,0.7800306326148051
4,7.733664512634277,-1.102371335029602,2.1456048488616943,0.7599397062578388
4,7.75637674331665,-1.1138875484466553,2.142005443572998,0.7515691199090826
4,7.778861999511719,-1.12480628490448,2.1389636993408203,0.7551924802282316
4,7.801624298095703,-1.1353950500488281,2.1375226974487305,0.7677210046846764
4,7.819571018218994,-1.1433740854263306,2.1376423835754395,0.7800313714748504
4,7.842615127563477,-1.1531404256820679,2.1388957500457764,0.7910806014075016
4,7.861606121063232,-1.1608283519744873,2.1403822898864746,0.794087707710174
4,7.884731292724609,-1.1698297262191772,2.1423463821411133,0.793354098026194
4,7.90790319442749,-1.1785143613815308,2.144278049468994,0.7897333110733363
4,7.931140899658203,-1.18691885471344,2.146075487136841,0.7842497042475477
4,7.954409122467041,-1.1950477361679077,2.147714853286743,0.7787586500232434
4,7.977696895599365,-1.2029132843017578,2.149205446243286,0.7730544098549761
4,8.001016616821289,-1.2105300426483154,2.1505565643310547,0.7670713724195259
4,8.024260520935059,-1.2178834676742554,2.1517865657806396,0.7616187132406119
4,8.047382354736328,-1.2249701023101807,2.1529128551483154,0.7561664847402506
4,8.07054615020752,-1.2318652868270874,2.153963088989258,0.7509183965816081
4,8.093777656555176,-1.238591194152832,2.1549501419067383,0.7461033691513632
4,8.116975784301758,-1.2451329231262207,2.155888557434082,0.7419106073734671
4,8.140052795410156,-1.2514814138412476,2.1567912101745605,0.7381645126462886
4,8.163090705871582,-1.2576706409454346,2.157667875289917,0.7344474838483672
4,8.186078071594238,-1.2637099027633667,2.1585278511047363,0.7314309608438042
4,8.208979606628418,-1.269599199295044,2.1593806743621826,0.7290950946539463
4,8.231907844543457,-1.2753759622573853,2.1602425575256348,0.7271263063123725
4,8.254796981811523,-1.2810286283493042,2.161116600036621,0.7252948819598645
4,8.277552604675293,-1.2865400314331055,2.16200590133667,0.7240410617500463
4,8.300251960754395,-1.2919342517852783,2.162923812866211,0.7232997541789961
4,8.322893142700195,-1.297214388847351,2.163881540298462,0.7230252735070295
4,8.345475196838379,-1.302382469177246,2.1648900508880615,0.7229835089473993
4,8.368009567260742,-1.3074414730072021,2.165956735610962,0.7231881774143364
4,8.390459060668945,-1.3123830556869507,2.167091131210327,0.7238210906620138
4,8.412873268127441,-1.3172178268432617,2.1683082580566406,0.7248138716800978
4,8.435253143310547,-1.3219438791275024,2.1696200370788574,0.7261225543662183
4,8.457598686218262,-1.3265585899353027,2.1710376739501953,0.7275963374971192
4,8.479914665222168,-1.331059455871582,2.1725687980651855,0.7291166572966306
4,8.502195358276367,-1.3354411125183105,2.174221992492676,0.7308841101833182
4,8.524391174316406,-1.3396903276443481,2.1760025024414062,0.7328161368812354
4,8.546550750732422,-1.343812346458435,2.1779212951660156,0.7348677824855788
4,8.568674087524414,-1.3478024005889893,2.179985523223877,0.7369958217011142
4,8.590758323669434,-1.3516556024551392,2.1822001934051514,0.7390587188582467
4,8.612831115722656,-1.355371117591858,2.184570550918579,0.74101098503794
4,8.63486099243164,-1.3589391708374023,2.1870970726013184,0.7429428567440881
4,8.65684700012207,-1.3623547554016113,2.1897826194763184,0.7448167086832987
4,8.678789138793945,-1.3656134605407715,2.192629337310791,0.746597532027308
4,8.700685501098633,-1.3687103986740112,2.195638656616211,0.7482526069251495
4,8.722535133361816,-1.3716415166854858,2.1988112926483154,0.7497516260494484
4,8.744291305541992,-1.3743970394134521,2.2021403312683105,0.7510640915955614
4,8.765997886657715,-1.376979112625122,2.2056307792663574,0.7520541448302507
4,8.787631034851074,-1.3793818950653076,2.209275484085083,0.752793808455086
4,8.80925464630127,-1.3816087245941162,2.2130837440490723,0.7532988633457172
4,8.830833435058594,-1.383652687072754,2.2170491218566895,0.753574565075793
4,8.852355003356934,-1.3855093717575073,2.2211663722991943,0.7535806460083256
4,8.873815536499023,-1.3871761560440063,2.225433111190796,0.7533029655942795
4,8.895215034484863,-1.3886505365371704,2.229846239089966,0.7527296610747854
4,8.91655158996582,-1.389930248260498,2.2344017028808594,0.7518506206240415
4,8.937823295593262,-1.3910130262374878,2.23909592628479,0.7506581674826082
4,8.959029197692871,-1.391897201538086,2.243924856185913,0.7491832819199827
4,8.9801664352417,-1.3925811052322388,2.2488839626312256,0.7473934075053208
4,9.001235961914062,-1.3930633068084717,2.253969192504883,0.7452789535584441
4,9.022252082824707,-1.3933427333831787,2.2591798305511475,0.742818555111494
4,9.043238639831543,-1.3934171199798584,2.2645177841186523,0.7400147514464197
4,9.064189910888672,-1.3932838439941406,2.269977569580078,0.736924445663873
4,9.085105895996094,-1.392940878868103,2.275555372238159,0.7334974966191916
4,9.105988502502441,-1.392385721206665,2.2812461853027344,0.7297254176630584
4,9.126832962036133,-1.3916163444519043,2.2870447635650635,0.725606324818773
4,9.1476411819458,-1.3906306028366089,2.292945384979248,0.7211651617254305
4,9.16840934753418,-1.3894264698028564,2.2989425659179688,0.7164104127908917
4,9.18913745880127,-1.3880019187927246,2.3050310611724854,0.7113142586485364
4,9.209823608398438,-1.3863550424575806,2.3112034797668457,0.7058783027918647
4,9.230467796325684,-1.384483814239502,2.317453384399414,0.7001437503301916
4,9.251069068908691,-1.3823862075805664,2.3237738609313965,0.6941403159969514
4,9.271625518798828,-1.3800604343414307,2.330157995223999,0.6877993120803987
4,9.292137145996094,-1.3775042295455933,2.3365976810455322,0.6811370754602343
4,9.312603950500488,-1.3747156858444214,2.3430848121643066,0.6742153133737422
4,9.333026885986328,-1.3716932535171509,2.3496055603027344,0.6669782230335682
4,9.35340690612793,-1.3684355020523071,2.3561463356018066,0.6594586172684317
4,9.37374496459961,-1.3649407625198364,2.362694501876831,0.651667291994935
4,9.39404296875,-1.361207365989685,2.3692376613616943,0.6437238539154758
4,9.414300918579102,-1.3572330474853516,2.375760793685913,0.6356153610166057
4,9.43452262878418,-1.35301673412323,2.38224720954895,0.6273099174839402
4,9.45470905303955,-1.348557710647583,2.3886773586273193,0.6188259856450093
4,9.474869728088379,-1.3438568115234375,2.3950181007385254,0.6103586220663479
4,9.495010375976562,-1.3389146327972412,2.4012389183044434,0.6018930256502462
4,9.515134811401367,-1.3337321281433105,2.407310962677002,0.5934357920281285
4,9.535250663757324,-1.3283123970031738,2.4132018089294434,0.58504841082221
4,9.555366516113281,-1.3226596117019653,2.418872117996216,0.5770345801290885
4,9.575496673583984,-1.316784381866455,2.424257516860962,0.5695043200824841
4,9.595651626586914,-1.3106977939605713,2.429306745529175,0.5624382693469219
4,9.615837097167969,-1.3044129610061646,2.433971643447876,0.5559194701670798
4,9.636062622070312,-1.2979475259780884,2.438199281692505,0.5502633109019451
4,9.656339645385742,-1.2913318872451782,2.441911220550537,0.5459880647008308
4,9.676673889160156,-1.2845953702926636,2.44504976272583,0.5427893665325895
4,9.697064399719238,-1.2777687311172485,2.447573184967041,0.5407496972837036
4,9.71750545501709,-1.2708879709243774,2.4494426250457764,0.5405217069368979
4,9.737998008728027,-1.264001727104187,2.450613260269165,0.5419573682695176
4,9.758528709411621,-1.2571474313735962,2.4510769844055176,0.5446360710815343
4,9.779084205627441,-1.2503585815429688,2.45084285736084,0.548489931556512
4,9.79965591430664,-1.2436720132827759,2.449925422668457,0.5543478875120854
4,9.820230484008789,-1.2371207475662231,2.4483537673950195,0.5611439419804853
4,9.840798377990723,-1.2307226657867432,2.4461729526519775,0.5685951778647108
4,9.861350059509277,-1.2244908809661865,2.4434330463409424,0.5765864822988213
4,9.881881713867188,-1.2184385061264038,2.4401886463165283,0.5854669342869683
4,9.902392387390137,-1.212570309638977,2.4364960193634033,0.5944622628884962
4,9.922879219055176,-1.2068842649459839,2.4324097633361816,0.6033503368346929
4,9.943343162536621,-1.201375961303711,2.427978754043579,0.611987928274214
4,9.963786125183105,-1.1960394382476807,2.423251152038574,0.6205358149365092
4,9.984212875366211,-1.1908687353134155,2.4182751178741455,0.628726025834172
4,10.00462532043457,-1.1858547925949097,2.413087844848633,0.6364571529769983
4,10.025028228759766,-1.1809879541397095,2.407724142074585,0.643714518755723
4,10.045425415039062,-1.1762588024139404,2.402212619781494,0.6503286466284752
4,10.065817832946777,-1.1716587543487549,2.396580696105957,0.6564886868580462
4,10.086211204528809,-1.1671793460845947,2.3908543586730957,0.6621430135509759
4,10.106608390808105,-1.1628122329711914,2.3850529193878174,0.6673137813967184
4,10.127010345458984,-1.1585497856140137,2.3791935443878174,0.6719951405385263
4,10.14742660522461,-1.154383897781372,2.3732879161834717,0.6761526195541817
4,10.167851448059082,-1.1503095626831055,2.367349147796631,0.6798561597855748
4,10.1883544921875,-1.1463083028793335,2.3613691329956055,0.6832537616438925
4,10.209175109863281,-1.1423300504684448,2.3552894592285156,0.6863512837471785
4,10.230865478515625,-1.1382708549499512,2.3489561080932617,0.6892444784163125
4,10.252571105957031,-1.1342895030975342,2.3426241874694824,0.6915129758064126
4,10.275915145874023,-1.1300911903381348,2.3358261585235596,0.6936893711076078
4,10.30139446258545,-1.1255987882614136,2.3284285068511963,0.6957180823269644
4,10.32689380645752,-1.1211909055709839,2.321052074432373,0.6972443566760707
4,10.35429573059082,-1.1165460348129272,2.3131604194641113,0.6988268816290454
4,10.382834434509277,-1.1118026971817017,2.3049840927124023,0.6999466646923628
4,10.411397933959961,-1.1071463823318481,2.2968459129333496,0.7009927929561771
4,10.440409660339355,-1.1025047302246094,2.288625955581665,0.7018346296037317
4,10.469446182250977,-1.0979430675506592,2.280447483062744,0.7025030003264351
4,10.498600959777832,-1.0934422016143799,2.2722837924957275,0.7032101509564519
4,10.527776718139648,-1.0890134572982788,2.264159917831421,0.7036363791098891
4,10.556984901428223,-1.0846506357192993,2.2560737133026123,0.7041824124683886
4,10.586212158203125,-1.0803501605987549,2.2480268478393555,0.7046200713030276
4,10.615459442138672,-1.0761082172393799,2.2400176525115967,0.7050954690275669
4,10.644722938537598,-1.0719192028045654,2.232046365737915,0.7056614479928952
4,10.674004554748535,-1.0677791833877563,2.2241132259368896,0.7062131485175861
4,10.703302383422852,-1.0636825561523438,2.216216564178467,0.7069058501883896
4,10.73261547088623,-1.05962336063385,2.208357572555542,0.707627103035223
4,10.761944770812988,-1.055596113204956,2.2005391120910645,0.7084886653214413
4,10.791287422180176,-1.051593542098999,2.1927616596221924,0.7094452648211198
4,10.820643424987793,-1.0476107597351074,2.1850268840789795,0.7105202299259292
4,10.850014686584473,-1.0436397790908813,2.1773390769958496,0.7117550843675371
4,10.879398345947266,-1.039674162864685,2.169700860977173,0.7130635871476321
4,10.908795356750488,-1.035706877708435,2.1621148586273193,0.7145345172144325
4,10.938206672668457,-1.0317292213439941,2.154588222503662,0.7161315908918726
4,10.967632293701172,-1.0277353525161743,2.147125482559204,0.7178529715196287
4,10.997071266174316,-1.0237162113189697,2.1397311687469482,0.7197026236852597
4,11.026525497436523,-1.0196658372879028,2.132411003112793,0.7216729337572836
4,11.05599308013916,-1.015576720237732,2.1251718997955322,0.7237684322508823
4,11.085476875305176,-1.0114407539367676,2.1180198192596436,0.7259626213183841
4,11.114974021911621,-1.0072524547576904,2.110960006713867,0.728274194247357
4,11.144487380981445,-1.0030040740966797,2.1040024757385254,0.7306914288431677
4,11.174015998840332,-0.9986906051635742,2.0971524715423584,0.7331885984949076
4,11.203560829162598,-0.9943053126335144,2.0904152393341064,0.7357703909063953
4,11.233123779296875,-0.989842414855957,2.083798408508301,0.7384261684695042
4,11.262701988220215,-0.9852986931800842,2.0773091316223145,0.741154663182868
4,11.292303085327148,-0.9806668162345886,2.070952892303467,0.7439439783190557
4,11.321919441223145,-0.9759448170661926,2.0647358894348145,0.7467734488665256
4,11.35157585144043,-0.9711248278617859,2.0586605072021484,0.7496486247461447
4,11.38131046295166,-0.9661981463432312,2.052724838256836,0.7525523415874877
4,11.411059379577637,-0.9611726403236389,2.0469465255737305,0.7554733267552506
4,11.440958023071289,-0.9560225605964661,2.0413050651550293,0.7583865092768641
4,11.470870018005371,-0.950770914554596,2.0358309745788574,0.7613815803811891
4,11.501038551330566,-0.9453753232955933,2.0304877758026123,0.7644420828966519
4,11.531218528747559,-0.9398809671401978,2.0253140926361084,0.767529449290379
4,11.56656551361084,-0.9333276748657227,2.0194647312164307,0.7710675468577217
4,11.630642890930176,-0.9211472272872925,2.009431838989258,0.7772453146092653
4,11.694756507873535,-0.9085724949836731,2.000138282775879,0.783446635345594
4,11.764586448669434,-0.8944505453109741,1.9908827543258667,0.789769177343189
4,11.89085578918457,-0.8679707050323486,1.9763818979263306,0.8000092049850354
4,12.017157554626465,-0.8402751684188843,1.964709758758545,0.8092181366490913
4,12.135648727416992,-0.8132737874984741,1.9563411474227905,0.8166041256707902
4,12.181756973266602,-0.802518904209137,1.9537620544433594,0.8188934394090027
5,0.8986621499061584,-1.4693315029144287,1.8868848085403442,0.9629100442553544
5,1.0053315162658691,-1.4699656963348389,1.829965353012085,0.9370865872256092
5,1.1104228496551514,-1.4706697463989258,1.7701839208602905,0.9083636034484653
5,1.2146713733673096,-1.471455454826355,1.7069467306137085,0.8768551772778793
5,1.3167002201080322,-1.4723219871520996,1.6401911973953247,0.8412422964591387
5,1.4161967039108276,-1.473283052444458,1.5690522193908691,0.8051700455744922
5,1.5115562677383423,-1.4743380546569824,1.492471694946289,0.7642740619123033
5,1.5826983451843262,-1.4752435684204102,1.427019476890564,0.7316683318214203
5,1.6638667583465576,-1.4764378070831299,1.3354748487472534,0.7017118538568057
5,1.7294374704360962,-1.4776265621185303,1.2322888374328613,0.6857736169375193
5,1.7724472284317017,-1.4784984588623047,1.1178728342056274,0.742864291294328
5,1.7953990697860718,-1.4784423112869263,0.99764084815979,0.867712705993651
5,1.8168151378631592,-1.4770885705947876,0.8771193623542786,0.9759190521283067
5,1.8597649335861206,-1.4748483896255493,0.7629508376121521,0.9999510122397576
5,1.899505853652954,-1.474125862121582,0.7147365808486938,0.9632250555328327
5,1.959525465965271,-1.4747819900512695,0.6796188950538635,0.9458017145922164
5,2.038249969482422,-1.4776620864868164,0.6713055968284607,0.9788383961571406
5,2.0732991695404053,-1.4794838428497314,0.6783422231674194,1.037794746112696
5,2.106383800506592,-1.4813988208770752,0.6897470951080322,1.1135678406117924
5,2.193840742111206,-1.487168788909912,0.7379298210144043,1.3521286325207023
5,2.225048065185547,-1.4894322156906128,0.7598804235458374,1.417194572636768
5,2.3232321739196777,-1.496748685836792,0.8326746225357056,1.4772269360098005
5,2.3528122901916504,-1.4989500045776367,0.8530786037445068,1.457938897235081
5,2.4508917331695557,-1.5072259902954102,0.9258995056152344,1.309830647293594
5,2.4993457794189453,-1.5121151208877563,0.9685972929000854,1.1380078441082657
5,2.544710636138916,-1.5169556140899658,1.01616370677948,0.9830929062406095
5,2.55888295173645,-1.5185415744781494,1.0337650775909424,0.932936376436116
5,2.5722193717956543,-1.5200575590133667,1.051905632019043,0.9020808424254139
5,2.6435158252716064,-1.526581883430481,1.1512693166732788,0.8060761825435192
5,2.6983296871185303,-1.5296294689178467,1.2174463272094727,0.7839758041539203
5,2.7558860778808594,-1.5316396951675415,1.2726212739944458,0.792695568730176
5,2.8540141582489014,-1.5338590145111084,1.3457257747650146,0.8377790325448551
5,2.9600367546081543,-1.5355366468429565,1.4069035053253174,0.8707282594807748
5,3.07112455368042,-1.5369521379470825,1.4583864212036133,0.9087472910115012
5,3.185401201248169,-1.5382691621780396,1.502371907234192,0.9346180329293555
5,3.3018288612365723,-1.5395573377609253,1.54032301902771,0.957043905492061
5,3.4197373390197754,-1.5408642292022705,1.5734001398086548,0.9759069737517215
5,3.5387134552001953,-1.542202115058899,1.6024128198623657,0.9890850626352561
5,3.65846586227417,-1.5435961484909058,1.6280354261398315,1.0012641022349202
5,3.778773307800293,-1.5450628995895386,1.6508066654205322,1.0088586780020805
5,3.8995206356048584,-1.5466153621673584,1.6711124181747437,1.016149929910779
5,4.020379066467285,-1.5482720136642456,1.6893237829208374,1.021601410937978
5,4.141494274139404,-1.5500487089157104,1.705729603767395,1.025382390131064
5,4.261720180511475,-1.551949143409729,1.7204761505126953,1.0287470398819873
5,4.37886905670166,-1.5539530515670776,1.7335655689239502,1.030664979246884
5,4.496134281158447,-1.556126594543457,1.7455404996871948,1.032342448309927
5,4.607176303863525,-1.5583628416061401,1.7559654712677002,1.033655717287342
5,4.718286037445068,-1.5607939958572388,1.765595555305481,1.0343028174709283
5,4.821002960205078,-1.5632339715957642,1.7738583087921143,1.0347298693950533
5,4.915888786315918,-1.565672755241394,1.7810008525848389,1.0349298445176616
5,5.005620956420898,-1.5681591033935547,1.7873610258102417,1.03494427992784
5,5.09294319152832,-1.5707627534866333,1.793214201927185,1.0347897867498668
5,5.18027925491333,-1.5735645294189453,1.7987638711929321,1.0344969009835234
5,5.266842365264893,-1.5765538215637207,1.8039872646331787,1.0341112186861823
5,5.353257179260254,-1.5797687768936157,1.8089476823806763,1.0336444913321339
5,5.439661026000977,-1.5832356214523315,1.8136727809906006,1.0331075993491021
5,5.526065349578857,-1.5869786739349365,1.818179965019226,1.03251203330753
5,5.612465858459473,-1.591023325920105,1.8224844932556152,1.0318711431033305
5,5.698859691619873,-1.595398187637329,1.826600432395935,1.0311995165525276
5,5.785242557525635,-1.6001330614089966,1.830540418624878,1.030503928488212
5,5.871610164642334,-1.6052603721618652,1.8343158960342407,1.029827945595089
5,5.957953929901123,-1.610815167427063,1.8379371166229248,1.0291950243063201
5,6.044260501861572,-1.616836667060852,1.8414138555526733,1.0286479799625694
5,6.131246566772461,-1.6234216690063477,1.8447824716567993,1.02822851871887
5,6.219871997833252,-1.6307096481323242,1.8480844497680664,1.0279725949138907
5,6.310683727264404,-1.6388263702392578,1.851340651512146,1.0279246426822835
5,6.40143346786499,-1.6476410627365112,1.854520320892334,1.0275353053384644
5,6.490602970123291,-1.657000184059143,1.8577462434768677,1.0289758613806674
5,6.514235973358154,-1.6595964431762695,1.858638882637024,1.0290529168414795
5,6.537841320037842,-1.6622425317764282,1.8595292568206787,1.0291238155425386
5,6.561440467834473,-1.66494619846344,1.8604053258895874,1.0292314126517008
5,6.585054397583008,-1.6677155494689941,1.8612587451934814,1.0294128847850061
5,6.608716011047363,-1.6705586910247803,1.8620861768722534,1.0296764002734977
5,6.632441997528076,-1.6734778881072998,1.8628888130187988,1.030014308584402
5,6.65623664855957,-1.6764719486236572,1.8636698722839355,1.0304124658630476
5,6.679865837097168,-1.6795085668563843,1.8644250631332397,1.0308602124727453
5,6.703557968139648,-1.6826157569885254,1.8651646375656128,1.0313666343649865
5,6.7273077964782715,-1.6857937574386597,1.8658896684646606,1.0319377296608183
5,6.7511091232299805,-1.6890443563461304,1.8666006326675415,1.032581962056186
5,6.774955749511719,-1.6923694610595703,1.8672974109649658,1.0333090740304909
5,6.798792839050293,-1.695764422416687,1.8679780960083008,1.0341270347825013
5,6.822669506072998,-1.6992381811141968,1.868644118309021,1.0350362923826324
5,6.846579551696777,-1.7027919292449951,1.8692950010299683,1.0360297881472642
5,6.870321273803711,-1.7063959836959839,1.8699253797531128,1.0371042260032621
5,6.894087791442871,-1.7100791931152344,1.8705406188964844,1.038272483808007
5,6.917873382568359,-1.713841199874878,1.871140718460083,1.0395392887978707
5,6.941672325134277,-1.7176820039749146,1.87172532081604,1.0409104592212806
5,6.965480327606201,-1.7216014862060547,1.872294545173645,1.0423908956705006
5,6.989297866821289,-1.7256007194519043,1.8728482723236084,1.0439855252324612
5,7.012911796569824,-1.7296444177627563,1.873381495475769,1.0456706209794493
5,7.036524772644043,-1.733767032623291,1.873899221420288,1.0474796672826472
5,7.059906482696533,-1.737929105758667,1.8743962049484253,1.0494338829593692
5,7.083597660064697,-1.7422311305999756,1.8748835325241089,1.051593006139488
5,7.107834815979004,-1.7467197179794312,1.8753652572631836,1.0539056840928214
5,7.131311416625977,-1.7511523962020874,1.875815510749817,1.0563366636901765
5,7.154548645019531,-1.7556235790252686,1.8762449026107788,1.058859584587138
5,7.177783489227295,-1.760177493095398,1.8766578435897827,1.0615729361154682
5,7.201002597808838,-1.7648124694824219,1.8770536184310913,1.0644727070952915
5,7.224213123321533,-1.7695307731628418,1.877432107925415,1.0675729947472568
5,7.247412204742432,-1.7743316888809204,1.8777928352355957,1.0708845729508663
5,7.270594596862793,-1.7792147397994995,1.878135323524475,1.074394650025817
5,7.293581962585449,-1.784140706062317,1.878456711769104,1.078108149551882
5,7.316547393798828,-1.7891453504562378,1.8787591457366943,1.0820766892992246
5,7.339487552642822,-1.7942264080047607,1.879042625427246,1.0863292035036123
5,7.362399578094482,-1.7993812561035156,1.879306674003601,1.090904775047633
5,7.385280132293701,-1.8046064376831055,1.8795510530471802,1.0957706968534942
5,7.407962799072266,-1.809860110282898,1.8797740936279297,1.1009813595325733
5,7.430612087249756,-1.8151745796203613,1.8799774646759033,1.1066643298274392
5,7.453225612640381,-1.8205443620681763,1.8801612854003906,1.1128692278492143
5,7.4762773513793945,-1.8260722160339355,1.8803304433822632,1.1196138021107962
5,7.49893856048584,-1.8315486907958984,1.8804802894592285,1.1267939822844408
5,7.5213704109191895,-1.8369970321655273,1.8806153535842896,1.1344623940250653
5,7.5438008308410645,-1.8424530029296875,1.880741000175476,1.1426237551717733
5,7.565994739532471,-1.847837209701538,1.880860686302185,1.1510953410038474
5,7.587965488433838,-1.8531302213668823,1.8809795379638672,1.1591729135861504
5,7.610169887542725,-1.8584216833114624,1.8811042308807373,1.167020095403467
5,7.6323699951171875,-1.8636327981948853,1.8812402486801147,1.1740566200279803
5,7.654571056365967,-1.8687500953674316,1.8813936710357666,1.1799479564017648
5,7.6767730712890625,-1.8737692832946777,1.8815683126449585,1.1846502961756558
5,7.698971271514893,-1.8786938190460205,1.8817625045776367,1.188364012907872
5,7.721022605895996,-1.8834947347640991,1.881969928741455,1.1912625306487454
5,7.743066787719727,-1.8882075548171997,1.8821862936019897,1.193687538834535
5,7.765101432800293,-1.8928362131118774,1.8824052810668945,1.1958837701644416
5,7.787123203277588,-1.897383451461792,1.8826206922531128,1.197999545322416
5,7.809131145477295,-1.901849389076233,1.8828272819519043,1.2000276776896939
5,7.830992698669434,-1.906205177307129,1.8830201625823975,1.2019194366989676
5,7.852869987487793,-1.9104812145233154,1.8831979036331177,1.2038073685299595
5,7.8747334480285645,-1.9146690368652344,1.8833576440811157,1.2057036448173808
5,7.896582126617432,-1.9187663793563843,1.8834978342056274,1.2075883881016596
5,7.918415069580078,-1.9227713346481323,1.8836175203323364,1.209441384582377
5,7.9402337074279785,-1.926682949066162,1.883716344833374,1.211152421715746
5,7.961916446685791,-1.9304802417755127,1.8837939500808716,1.212675638874589
5,7.983583450317383,-1.9341856241226196,1.883851170539856,1.2141374381783945
5,8.005232810974121,-1.9377998113632202,1.883888602256775,1.215535650704242
5,8.026863098144531,-1.9413243532180786,1.8839068412780762,1.2168708014621612
5,8.048474311828613,-1.9447606801986694,1.8839064836502075,1.2181351707291406
5,8.070097923278809,-1.9481160640716553,1.8838880062103271,1.2193448646455802
5,8.091699600219727,-1.9513870477676392,1.8838521242141724,1.2204424238233238
5,8.113167762756348,-1.954559564590454,1.8837995529174805,1.2214138366370684
5,8.13461685180664,-1.9576530456542969,1.8837306499481201,1.2223620031917133
5,8.156060218811035,-1.9606711864471436,1.8836456537246704,1.2232932658277633
5,8.177509307861328,-1.963616967201233,1.883544921875,1.224213238703649
5,8.198967933654785,-1.9664915800094604,1.8834285736083984,1.2251249934564803
5,8.220436096191406,-1.969295859336853,1.8832968473434448,1.2260303721317185
5,8.241912841796875,-1.9720302820205688,1.8831502199172974,1.2269335861610222
5,8.263398170471191,-1.974694848060608,1.8829888105392456,1.227833780080505
5,8.284891128540039,-1.9772897958755493,1.8828133344650269,1.2286413969703809
5,8.30639362335205,-1.9798152446746826,1.8826241493225098,1.2294348307291838
5,8.327903747558594,-1.9822710752487183,1.882421851158142,1.2302226763051383
5,8.349421501159668,-1.9846572875976562,1.882206916809082,1.2310007867422177
5,8.370946884155273,-1.9869736433029175,1.8819799423217773,1.2317618258779095
5,8.392478942871094,-1.989220142364502,1.8817415237426758,1.232504075055327
5,8.414018630981445,-1.9913967847824097,1.8814921379089355,1.2332231515723782
5,8.435564994812012,-1.9935035705566406,1.881232500076294,1.2339150046474818
5,8.457118034362793,-1.995540738105774,1.8809632062911987,1.2345754624981418
5,8.478676795959473,-1.9975084066390991,1.8806846141815186,1.2352010116163572
5,8.500242233276367,-1.9994066953659058,1.8803973197937012,1.2357883157570604
5,8.52181339263916,-2.0012359619140625,1.8801019191741943,1.2362850839836435
5,8.543390274047852,-2.0029966831207275,1.8797988891601562,1.2367187889062414
5,8.564971923828125,-2.0046892166137695,1.8794888257980347,1.2371076020107636
5,8.586559295654297,-2.0063138008117676,1.8791719675064087,1.2374489146870937
5,8.60815143585205,-2.007870674133301,1.878848671913147,1.2377405474589125
5,8.629748344421387,-2.0093603134155273,1.8785195350646973,1.2379801939705855
5,8.651350021362305,-2.0107831954956055,1.8781846761703491,1.2381657804988675
5,8.672955513000488,-2.0121395587921143,1.8778444528579712,1.2382891477440177
5,8.694564819335938,-2.013429641723633,1.8774991035461426,1.2383495439984193
5,8.716177940368652,-2.0146539211273193,1.8771488666534424,1.238349227932531
5,8.737794876098633,-2.015812635421753,1.8767940998077393,1.2382862578152267
5,8.759414672851562,-2.016906261444092,1.8764349222183228,1.2381587206671996
5,8.781037330627441,-2.017935037612915,1.876071572303772,1.2379649455122628
5,8.802663803100586,-2.0188992023468018,1.875704050064087,1.2377031449174014
5,8.824292182922363,-2.01979923248291,1.8753325939178467,1.2373691625086543
5,8.84592342376709,-2.0206356048583984,1.8749572038650513,1.23695319345994
5,8.867557525634766,-2.0214085578918457,1.8745779991149902,1.236463867051412
5,8.889192581176758,-2.0221188068389893,1.8741950988769531,1.2359001008895056
5,8.9108304977417,-2.022766351699829,1.8738083839416504,1.2352609138190336
5,8.932469367980957,-2.0233521461486816,1.8734177350997925,1.2345454255438035
5,8.954110145568848,-2.023876667022705,1.873023271560669,1.2337529828622453
5,8.975752830505371,-2.0243399143218994,1.8726247549057007,1.232883038584645
5,8.997395515441895,-2.02474308013916,1.8722219467163086,1.231924315670074
5,9.019039154052734,-2.0250866413116455,1.8718148469924927,1.230882203881742
5,9.04068374633789,-2.0253708362579346,1.8714032173156738,1.2297567508485185
5,9.062329292297363,-2.025596857070923,1.870986819267273,1.2285562178590947
5,9.083975791931152,-2.0257649421691895,1.8705651760101318,1.2272810595056505
5,9.105621337890625,-2.0258758068084717,1.870138168334961,1.225932196010443
5,9.127267837524414,-2.025930643081665,1.869705319404602,1.2245106587224255
5,9.148913383483887,-2.0259294509887695,1.869266152381897,1.2230130992521195
5,9.170559883117676,-2.0258736610412598,1.868820309638977,1.2214370971325073
5,9.192205429077148,-2.025763511657715,1.868367314338684,1.2197931052787374
5,9.213850021362305,-2.0256001949310303,1.8679068088531494,1.2180825968076427
5,9.235494613647461,-2.0253844261169434,1.8674379587173462,1.2163076385032054
5,9.2571382522583,-2.0251169204711914,1.8669605255126953,1.214470052268585
5,9.278780937194824,-2.024798631668091,1.866473913192749,1.2125658604496248
5,9.300422668457031,-2.024430513381958,1.86597740650177,1.2105984325185704
5,9.322063446044922,-2.0240135192871094,1.8654706478118896,1.208564912732434
5,9.343703269958496,-2.0235483646392822,1.8649529218673706,1.206476510598355
5,9.365341186523438,-2.023036241531372,1.8644236326217651,1.2043384929467906
5,9.386978149414062,-2.0224781036376953,1.8638821840286255,1.2021518138187863
5,9.408613204956055,-2.0218751430511475,1.863327980041504,1.1999192209813359
5,9.430246353149414,-2.021228075027466,1.8627601861953735,1.1976434651819279
5,9.451878547668457,-2.020538330078125,1.8621783256530762,1.195327537090174
5,9.473508834838867,-2.0198068618774414,1.861581563949585,1.1929717932301165
5,9.495137214660645,-2.0190351009368896,1.8609694242477417,1.19057962661589
5,9.516762733459473,-2.018223762512207,1.860341191291809,1.18815751264966
5,9.538387298583984,-2.017374277114868,1.8596961498260498,1.1857084567721763
5,9.560009956359863,-2.0164878368377686,1.8590335845947266,1.1832355964235033
5,9.581629753112793,-2.0155656337738037,1.8583530187606812,1.1807418318719125
5,9.603248596191406,-2.0146090984344482,1.8576536178588867,1.1782303111185601
5,9.62486457824707,-2.0136194229125977,1.856934905052185,1.1757039360478647
5,9.646478652954102,-2.0125980377197266,1.8561960458755493,1.1731657218223133
5,9.668089866638184,-2.0115458965301514,1.8554366827011108,1.1706202633535774
5,9.689699172973633,-2.010464668273926,1.8546559810638428,1.1680702817073472
5,9.71130657196045,-2.0093555450439453,1.853853464126587,1.1655189701436866
5,9.732912063598633,-2.0082201957702637,1.8530285358428955,1.1629690680822142
5,9.754514694213867,-2.0070595741271973,1.8521807193756104,1.1604234442879733
5,9.776115417480469,-2.0058753490448,1.8513092994689941,1.15788497656914
5,9.797714233398438,-2.004668951034546,1.8504139184951782,1.1553582052739955
5,9.819310188293457,-2.003441572189331,1.849494218826294,1.152845297098082
5,9.840904235839844,-2.002194881439209,1.848549485206604,1.1503483282374063
5,9.862496376037598,-2.000930070877075,1.8475793600082397,1.1478695364103022
5,9.884085655212402,-1.9996485710144043,1.846583604812622,1.1454008779089064
5,9.90567398071289,-1.9983519315719604,1.8455619812011719,1.1429269477521513
5,9.92725944519043,-1.9970414638519287,1.8445141315460205,1.1404782089211165
5,9.948843002319336,-1.9957185983657837,1.8434396982192993,1.138058341835165
5,9.970423698425293,-1.9943846464157104,1.8423385620117188,1.1356717500452556
5,9.992003440856934,-1.9930410385131836,1.8412102460861206,1.133316914132238
5,10.013580322265625,-1.9916890859603882,1.8400546312332153,1.130995464964667
5,10.03515625,-1.9903301000595093,1.8388715982437134,1.1287166396596477
5,10.056730270385742,-1.988965630531311,1.837660789489746,1.1264750923911266
5,10.078301429748535,-1.9875967502593994,1.836422085762024,1.12427202352669
5,10.099871635437012,-1.986224889755249,1.8351554870605469,1.1221090895730226
5,10.121439933776855,-1.9848512411117554,1.8338608741760254,1.1199932107324075
5,10.143006324768066,-1.9834768772125244,1.83253812789917,1.1179170940493095
5,10.164578437805176,-1.982102632522583,1.8311866521835327,1.1158763882619886
5,10.18621826171875,-1.9807255268096924,1.8298022747039795,1.1138636503495294
5,10.20818042755127,-1.9793306589126587,1.8283677101135254,1.1118596724601821
5,10.23104190826416,-1.977882742881775,1.8268427848815918,1.1098191011402863
5,10.255608558654785,-1.9763325452804565,1.8251683712005615,1.1077220428992671
5,10.280174255371094,-1.9747896194458008,1.8234577178955078,1.1056892028657346
5,10.306962966918945,-1.9731167554855347,1.8215521574020386,1.1034923074051983
5,10.335722923278809,-1.9713335037231445,1.8194609880447388,1.1012529709612118
5,10.364480972290039,-1.9695651531219482,1.8173235654830933,1.099075306469955
5,10.394402503967285,-1.9677428007125854,1.815051555633545,1.0968852249763656
5,10.424322128295898,-1.9659396409988403,1.812731146812439,1.0948130466444292
5,10.454682350158691,-1.9641309976577759,1.810327410697937,1.0927680880483137
5,10.485138893127441,-1.962338924407959,1.807867407798767,1.0908227322813864
5,10.515593528747559,-1.9605700969696045,1.8053592443466187,1.0889486477597252
5,10.546055793762207,-1.958824634552002,1.802803635597229,1.0871425178027145
5,10.576515197753906,-1.9571030139923096,1.8002020120620728,1.0854324500313723
5,10.606971740722656,-1.955405592918396,1.7975560426712036,1.083772623973412
5,10.637425422668457,-1.953731656074524,1.7948673963546753,1.0821915721158053
5,10.667877197265625,-1.9520808458328247,1.7921371459960938,1.080669100734842
5,10.69832706451416,-1.950452208518982,1.789367437362671,1.0791998648760044
5,10.728774070739746,-1.9488450288772583,1.786559820175171,1.0777949914509992
5,10.7592191696167,-1.9472579956054688,1.7837163209915161,1.0764178566278404
5,10.78966236114502,-1.9456894397735596,1.780839204788208,1.0750924301920286
5,10.82010269165039,-1.9441384077072144,1.7779299020767212,1.0738099396450724
5,10.850542068481445,-1.9426027536392212,1.7749906778335571,1.0725598436008943
5,10.880977630615234,-1.9410806894302368,1.7720239162445068,1.0713524642715122
5,10.911412239074707,-1.9395705461502075,1.769031286239624,1.0701702964008497
5,10.941844940185547,-1.9380699396133423,1.766015648841858,1.0690159889765112
5,10.97227668762207,-1.936577320098877,1.7629790306091309,1.067907352698954
5,11.002705574035645,-1.93509042263031,1.7599245309829712,1.0668310601313924
5,11.033134460449219,-1.9336068630218506,1.7568552494049072,1.0657716100141237
5,11.06356143951416,-1.9321244955062866,1.75377357006073,1.064727116707896
5,11.093987464904785,-1.9306402206420898,1.7506839036941528,1.0636961160627019
5,11.12441349029541,-1.9291516542434692,1.7475887537002563,1.0626722214648816
5,11.154837608337402,-1.9276556968688965,1.7444920539855957,1.0616620542239144
5,11.185262680053711,-1.926149606704712,1.7413978576660156,1.060656669096625
5,11.21568775177002,-1.9246315956115723,1.7383092641830444,1.0596769529758545
5,11.246114730834961,-1.9230986833572388,1.7352310419082642,1.0587085852530738
5,11.276542663574219,-1.9215495586395264,1.7321667671203613,1.0577457246118176
5,11.306978225708008,-1.9199817180633545,1.7291196584701538,1.0568006098047271
5,11.337440490722656,-1.9183924198150635,1.7260926961898804,1.0558651815490243
5,11.367903709411621,-1.9167815446853638,1.7230916023254395,1.0549397928480628
5,11.39843463897705,-1.9151439666748047,1.7201151847839355,1.0540282613922045
5,11.428966522216797,-1.9134820699691772,1.7171738147735596,1.053129510119415
5,11.459641456604004,-1.9117871522903442,1.7142589092254639,1.0522533658744235
5,11.490567207336426,-1.9100524187088013,1.7113679647445679,1.0514011407658346
5,11.521496772766113,-1.9082916975021362,1.7085285186767578,1.050574355277768
5,11.557713508605957,-1.906197190284729,1.7052758932113647,1.0496525795117995
5,11.623347282409668,-1.9023133516311646,1.69960355758667,1.04826407097059
5,11.63742733001709,-1.9014662504196167,1.6984262466430664,1.0479747104736805
6,0.24662832915782928,0.4131862223148346,0.50115567445755,0.9371828132776078
6,0.27357321977615356,0.41320639848709106,0.46072402596473694,0.9215809530135435
6,0.28735166788101196,0.4132135212421417,0.43574362993240356,0.9217924958524021
6,0.30253663659095764,0.4132135510444641,0.4026898443698883,0.9319510816182331
6,0.31215354800224304,0.41320380568504333,0.37415167689323425,0.951398294308826
6,0.3165697157382965,0.4131917357444763,0.35469093918800354,0.9717204688007296
6,0.3184257447719574,0.4131822884082794,0.34258678555488586,0.9875436682168816
6,0.3191503584384918,0.4131770730018616,0.33646661043167114,0.9841201722050941
6,0.3195499777793884,0.41317299008369446,0.3318532705307007,1.0102177546076616
6,0.31639349460601807,0.4131172299385071,0.2693520188331604,1.260961068747384
6,0.301925927400589,0.4130930006504059,0.20891457796096802,1.7532877718233337
6,0.29513853788375854,0.4130837619304657,0.1830875128507614,2.0165243554889147
6,0.2901996076107025,0.4130893349647522,0.15102842450141907,2.1305159404302936
6,0.28991952538490295,0.41310060024261475,0.13845865428447723,2.151367154176156
6,0.29499173164367676,0.41312375664711,0.1081395372748375,2.067409013322397
6,0.3022201955318451,0.41311943531036377,0.09361038357019424,1.9380842759234997
6,0.3110356330871582,0.4131055772304535,0.08377789705991745,1.88766407761889
6,0.33816441893577576,0.4130636155605316,0.07006794959306717,1.9588512372847011
6,0.3687589466571808,0.4130322337150574,0.0679931491613388,2.1147353055502154
6,0.3993837535381317,0.4130227863788605,0.06929488480091095,2.2342387643140675
6,0.42946577072143555,0.4130234718322754,0.07499639689922333,2.4660750143766315
6,0.45883679389953613,0.4130229949951172,0.08370453864336014,2.761137107671841
6,0.48877906799316406,0.413021057844162,0.09009004384279251,3.1008543150668246
6,0.5035983920097351,0.4130205512046814,0.0924384817481041,3.2129433623599057
6,0.5333718061447144,0.41303253173828125,0.09958001971244812,3.2433108537361837
6,0.5619691014289856,0.41308581829071045,0.11054462194442749,3.0915000405369426
6,0.5905649065971375,0.41323235630989075,0.12152358144521713,3.206516992110074
6,0.6203604340553284,0.41345909237861633,0.12849147617816925,3.2970708014837147
6,0.6509746313095093,0.413677841424942,0.1284959614276886,3.530968851036486
6,0.6814455389976501,0.4138126075267792,0.12501923739910126,3.7072011848458275
6,0.7117995619773865,0.41383907198905945,0.12063691020011902,3.9821590790776984
6,0.742405891418457,0.41380855441093445,0.11902259290218353,3.8528938609396812
6,0.7634977102279663,0.4137650430202484,0.12024243921041489,3.5465646985194814
6,0.7938340306282043,0.4137210249900818,0.12464313954114914,2.9439211696477527
6,0.8091660737991333,0.413713663816452,0.12821099162101746,2.633588724611565
6,0.8391335010528564,0.41376274824142456,0.13472503423690796,2.250286364074518
6,0.8695427179336548,0.41389957070350647,0.13853920996189117,2.1640945237374027
6,0.9001822471618652,0.4140748679637909,0.13798409700393677,2.2864934029531168
6,0.9306437373161316,0.41425278782844543,0.13445155322551727,2.3543487235994784
6,0.9608704447746277,0.41440725326538086,0.12926702201366425,2.4201890757123024
6,0.9911224246025085,0.4145241677761078,0.12422225624322891,2.425950425949599
6,1.0123155117034912,0.4145790934562683,0.12126483023166656,2.4301548072031616
6,1.0429152250289917,0.4146137237548828,0.11936773359775543,2.4259001949088046
6,1.0735605955123901,0.41459739208221436,0.12034781277179718,2.4541791857968303
6,1.1040267944335938,0.4145350158214569,0.12381558865308762,2.4923632635676047
6,1.1343623399734497,0.4144480228424072,0.1283336728811264,2.510544924434973
6,1.1646589040756226,0.4143575131893158,0.13310718536376953,2.53633418593382
6,1.1949981451034546,0.41429856419563293,0.13760153949260712,2.55946835511135
6,1.2253974676132202,0.41429024934768677,0.1416691690683365,2.5705414930350567
6,1.255914330482483,0.41434305906295776,0.14520396292209625,2.5687234149042575
6,1.2864902019500732,0.41441982984542847,0.14818382263183594,2.5942705633369143
6,1.3171173334121704,0.41449102759361267,0.15058059990406036,2.628035857955347
6,1.3477908372879028,0.4145123362541199,0.1522817611694336,2.6652643157583413
6,1.3784942626953125,0.414499968290329,0.15331684052944183,2.687042286905394
6,1.4092121124267578,0.4144856333732605,0.153751939535141,2.7082105164342427
6,1.4399333000183105,0.4145287573337555,0.15381331741809845,2.7293833553702016
6,1.470653772354126,0.41464823484420776,0.15361185371875763,2.759592815985262
6,1.5013723373413086,0.4148385226726532,0.153248593211174,2.792686521737647
6,1.5320883989334106,0.4150582551956177,0.15272706747055054,2.8270280540068424
6,1.5628011226654053,0.4152714014053345,0.15203334391117096,2.8599497853685687
6,1.5935062170028687,0.41546180844306946,0.15105487406253815,2.8890503967821095
6,1.624199390411377,0.4156295657157898,0.14975295960903168,2.9207165176846632
6,1.6548750400543213,0.4157862365245819,0.14808954298496246,2.945680799440889
6,1.685529351234436,0.4159492552280426,0.14606797695159912,2.9777854638181878
6,1.7161598205566406,0.41613587737083435,0.143715500831604,2.991796702546555
6,1.746773362159729,0.4163757860660553,0.14115554094314575,2.996078122142032
6,1.777381420135498,0.4166701138019562,0.1385374218225479,2.968301989384772
6,1.8079538345336914,0.41700416803359985,0.13610957562923431,2.949828302827311
6,1.8385556936264038,0.41737884283065796,0.13409793376922607,2.947940582003874
6,1.8691871166229248,0.4178047180175781,0.13261982798576355,2.9790006591674327
6,1.899841070175171,0.4183226227760315,0.13177654147148132,3.035415304203559
6,1.9305039644241333,0.41891032457351685,0.13144013285636902,3.1068704768130426
6,1.9611680507659912,0.4195350110530853,0.13144633173942566,3.1700504525655915
6,1.9918328523635864,0.4201267659664154,0.13140703737735748,3.2072185385898773
6,2.0224969387054443,0.4206489324569702,0.1310998499393463,3.201706584994298
6,2.053150177001953,0.4210527539253235,0.13017338514328003,3.1690133547876185
6,2.083772659301758,0.4213329553604126,0.12850014865398407,3.088143929581839
6,2.1065311431884766,0.42146411538124084,0.12671570479869843,3.021554742066311
6,2.1370766162872314,0.42161643505096436,0.12395172566175461,2.9338358092037464
6,2.1676156520843506,0.42178183794021606,0.12112455070018768,2.8944177836674396
6,2.1982123851776123,0.4219661056995392,0.11901913583278656,2.902914201431274
6,2.2288620471954346,0.4221169948577881,0.11795852333307266,2.9297643871742736
6,2.2595295906066895,0.42217209935188293,0.11816643178462982,2.948928798120511
6,2.2901556491851807,0.42209720611572266,0.1197584941983223,2.937543288413983
6,2.3206655979156494,0.4218897223472595,0.12285158038139343,2.8790309227594824
6,2.3509464263916016,0.42156127095222473,0.12768347561359406,2.811574642109713
6,2.3809189796447754,0.4211750328540802,0.13416309654712677,2.674625999588979
6,2.401421546936035,0.42089930176734924,0.13960735499858856,2.6028329221705544
6,2.4307923316955566,0.4205394983291626,0.14843116700649261,2.441042197036681
6,2.4599356651306152,0.42025992274284363,0.15814250707626343,2.297810379643863
6,2.4888617992401123,0.4200650155544281,0.1684872806072235,2.157605246427354
6,2.518921375274658,0.4199478328227997,0.17976900935173035,2.029538837181119
6,2.5489251613616943,0.4198800325393677,0.19119873642921448,1.9119602290888165
6,2.578967809677124,0.4198439121246338,0.20252615213394165,1.8166628369400273
6,2.637758493423462,0.4197501838207245,0.22322654724121094,1.6629759737190577
6,2.6911723613739014,0.4195164144039154,0.23931847512722015,1.5712201435144098
6,2.7517929077148438,0.4189588129520416,0.25375208258628845,1.4643131950733472
6,2.8122174739837646,0.4180988669395447,0.26432326436042786,1.3996577629616396
6,2.8730850219726562,0.41697224974632263,0.27190375328063965,1.3316556205329115
6,2.9341726303100586,0.4157024919986725,0.2774459421634674,1.2748314719863758
6,2.982447385787964,0.41463983058929443,0.2806639075279236,1.2360014231269392
6,3.0436856746673584,0.41331174969673157,0.28418293595314026,1.1905220241347974
6,3.1049463748931885,0.4120473861694336,0.28731298446655273,1.153322087919846
6,3.1662118434906006,0.4109025001525879,0.29039958119392395,1.1184744590071638
6,3.227470874786377,0.4098871946334839,0.2936531603336334,1.0894774990770104
6,3.2914369106292725,0.40897008776664734,0.2973509132862091,1.0620738527434586
6,3.355384588241577,0.4081902801990509,0.3013765811920166,1.0366345678579552
6,3.4193153381347656,0.4075356721878052,0.30569013953208923,1.0156252326318937
6,3.4832303524017334,0.4069918692111969,0.3102439343929291,0.9970232962604704
6,3.5471367835998535,0.40654781460762024,0.3149295151233673,0.9802376292574506
6,3.6110386848449707,0.40619343519210815,0.3196798861026764,0.96596616158302
6,3.674940347671509,0.40590810775756836,0.32444125413894653,0.9530980211864761
6,3.7388436794281006,0.40568307042121887,0.3291819095611572,0.9420073148724628
6,3.8027522563934326,0.40551477670669556,0.33385226130485535,0.9321753024665774
6,3.866669178009033,0.40539172291755676,0.3384043872356415,0.9234684999560443
6,3.9306044578552246,0.4053156077861786,0.34273889660835266,0.9149858655621138
6,4.054722785949707,0.40529799461364746,0.3503221869468689,0.9001729322899152
6,4.178737640380859,0.4054173231124878,0.3568896949291229,0.8834415743577214
6,4.30279016494751,0.4056282937526703,0.36269670724868774,0.8689566353191391
6,4.426163196563721,0.4059133231639862,0.36773210763931274,0.8564001159505996
6,4.549570083618164,0.40628138184547424,0.3718448281288147,0.8434771862416683
6,4.66960334777832,0.40673673152923584,0.374734491109848,0.8299095541433533
6,4.780918121337891,0.4073374271392822,0.3763637840747833,0.8152541299363858
6,4.8841094970703125,0.40816283226013184,0.3771057426929474,0.7989351514246429
6,4.98729944229126,0.4093804955482483,0.3772672414779663,0.7820051002155864
6,5.0864787101745605,0.41101133823394775,0.3770994544029236,0.7663613117082346
6,5.185145378112793,0.4131205677986145,0.37686464190483093,0.7529107242139255
6,5.28380012512207,0.4157435894012451,0.3766925036907196,0.7414998618223516
6,5.335282802581787,0.4173310399055481,0.37661564350128174,0.7357373343887832
6,5.388853073120117,0.4191319942474365,0.3765266537666321,0.7299392363560562
6,5.440807342529297,0.42101407051086426,0.3764137029647827,0.7245539223497637
6,5.4927568435668945,0.4230215847492218,0.37626737356185913,0.7188690114116514
6,5.546680927276611,0.4252263307571411,0.3761032223701477,0.7133755624185729
6,5.598966598510742,0.42748287320137024,0.3759753108024597,0.7083834637299798
6,5.6529622077941895,0.42994046211242676,0.37594911456108093,0.7040898156993881
6,5.705378532409668,0.43245577812194824,0.3760617971420288,0.7008102109712314
6,5.759160041809082,0.435168594121933,0.3763144016265869,0.6984606381657095
6,5.812933444976807,0.4380112290382385,0.3766714930534363,0.6966019425172164
6,5.865261554718018,0.4409000873565674,0.3770686984062195,0.6949498753693454
6,5.915990829467773,0.44381821155548096,0.37744951248168945,0.6933735518903501
6,5.966374397277832,0.44683709740638733,0.3777955174446106,0.6917647581642088
6,6.016348838806152,0.4499497413635254,0.37810730934143066,0.6902252613639663
6,6.065856456756592,0.4531475007534027,0.3784007132053375,0.6887364980104005
6,6.1157026290893555,0.4564836919307709,0.37869471311569214,0.6875889035929811
6,6.1650567054748535,0.459908127784729,0.37899091839790344,0.6866264347260512
6,6.213876724243164,0.46341848373413086,0.3792887032032013,0.685800349615107
6,6.262173175811768,0.46700966358184814,0.3795769512653351,0.6849616198352968
6,6.310178756713867,0.4706861674785614,0.3798466920852661,0.6839568990591022
6,6.357863426208496,0.47443634271621704,0.3801051080226898,0.6828895531978635
6,6.405158996582031,0.47825193405151367,0.3803808093070984,0.6819345520580657
6,6.452446460723877,0.48217007517814636,0.38070613145828247,0.6815985791788446
6,6.499299049377441,0.4861665666103363,0.3810887038707733,0.6818453342898758
6,6.54943323135376,0.49058201909065247,0.38154780864715576,0.6828511656803904
6,6.596757888793945,0.49490299820899963,0.3819921612739563,0.6842768751441194
6,6.645426273345947,0.49952244758605957,0.3824233114719391,0.6863873961309548
6,6.690783977508545,0.5039883852005005,0.38276174664497375,0.689185674269609
6,6.7397074699401855,0.5089911818504333,0.38298365473747253,0.6928520526660621
6,6.764429569244385,0.5115946531295776,0.3830149471759796,0.6944675947737979
6,6.787149906158447,0.5140326023101807,0.3829837441444397,0.6957978570890239
6,6.809725761413574,0.5165013670921326,0.38288307189941406,0.6969688006272059
6,6.83222770690918,0.5190109610557556,0.3827032148838043,0.697964518321843
6,6.8546929359436035,0.5215680599212646,0.3824373781681061,0.6987771586697863
6,6.877139568328857,0.5241774916648865,0.38208112120628357,0.6994462649422146
6,6.8995747566223145,0.5268428325653076,0.3816317915916443,0.7000198058266287
6,6.921999931335449,0.529566764831543,0.38108745217323303,0.7005486364708853
6,6.944415092468262,0.5323516726493835,0.3804464340209961,0.7010946728291246
6,6.966818809509277,0.5351998209953308,0.37970638275146484,0.7017109368618498
6,6.989211082458496,0.5381130576133728,0.3788639307022095,0.7024290298872414
6,7.011589527130127,0.5410934090614319,0.3779144883155823,0.7032711976419929
6,7.03395414352417,0.5441427230834961,0.37685197591781616,0.7042488889889684
6,7.056303024291992,0.5472626686096191,0.37566977739334106,0.705365750943241
6,7.078634262084961,0.5504549741744995,0.37436091899871826,0.706622162262335
6,7.10094690322876,0.5537207722663879,0.37291860580444336,0.7080186460571687
6,7.1232404708862305,0.5570612549781799,0.3713374733924866,0.7095630370382978
6,7.145516872406006,0.5604780316352844,0.3696137070655823,0.7112833197815595
6,7.167769432067871,0.5639709830284119,0.36774685978889465,0.7132520913052605
6,7.190011978149414,0.5675421953201294,0.365737646818161,0.7155056595224449
6,7.212242603302002,0.5711907744407654,0.36359092593193054,0.7181099741486555
6,7.234462261199951,0.574914276599884,0.361314982175827,0.7211305951859679
6,7.256670951843262,0.5787081122398376,0.35892167687416077,0.7246143374271911
6,7.2789177894592285,0.5825740098953247,0.356420636177063,0.7286187470281598
6,7.301148891448975,0.5864939093589783,0.3538370728492737,0.7331481615245317
6,7.323365688323975,0.5904569625854492,0.35119399428367615,0.738162527380142
6,7.345569133758545,0.5944505929946899,0.34851890802383423,0.7435576473935579
6,7.367762088775635,0.5984625220298767,0.3458448648452759,0.7492302932160891
6,7.389969348907471,0.6024854183197021,0.34320592880249023,0.7553113606647283
6,7.412626266479492,0.6065864562988281,0.34058985114097595,0.7611412436838478
6,7.435297012329102,0.6106764674186707,0.3380794823169708,0.7667286231332789
6,7.4577717781066895,0.6147087812423706,0.3357154130935669,0.7715839041636094
6,7.4802374839782715,0.618711531162262,0.33348286151885986,0.7756416378254991
6,7.502591133117676,0.6226650476455688,0.33138519525527954,0.7788492850679278
6,7.524880409240723,0.6265798807144165,0.3294040560722351,0.7813342630299014
6,7.547100067138672,0.6304578185081482,0.3275286853313446,0.7833367200997209
6,7.5692949295043945,0.6343083381652832,0.32575079798698425,0.7850938558090067
6,7.591500759124756,0.6381377577781677,0.324067085981369,0.7867359377218941
6,7.613717555999756,0.6419454216957092,0.32247865200042725,0.7883400416279827
6,7.635944366455078,0.6457299590110779,0.3209868371486664,0.7899440032010598
6,7.658182144165039,0.64948970079422,0.31959354877471924,0.7915714647408092
6,7.680430889129639,0.6532224416732788,0.31830117106437683,0.793261041723458
6,7.702690124511719,0.6569259762763977,0.31711244583129883,0.7950296146434981
6,7.724959850311279,0.6605983972549438,0.3160313367843628,0.7969099290176896
6,7.74724006652832,0.6642380356788635,0.3150615692138672,0.798946583182353
6,7.769530773162842,0.667843759059906,0.3142060935497284,0.8011898860277631
6,7.791830539703369,0.6714150905609131,0.31346631050109863,0.8037031487348968
6,7.8141398429870605,0.6749520897865295,0.3128415644168854,0.8065324435184641
6,7.836457252502441,0.6784554719924927,0.3123286962509155,0.8097669029879166
6,7.8587822914123535,0.6819263696670532,0.31192272901535034,0.8134850166315326
6,7.881115913391113,0.685366690158844,0.311616986989975,0.8178215712436934
6,7.903460502624512,0.6887784004211426,0.3113998472690582,0.8228038491916636
6,7.925811290740967,0.6921629905700684,0.3112521767616272,0.8284055711327564
6,7.948173522949219,0.6955216526985168,0.3111446499824524,0.8346972284414885
6,7.9705424308776855,0.6988511085510254,0.31103965640068054,0.8415975439767294
6,7.992905139923096,0.7021400928497314,0.3108922839164734,0.8490495292285607
6,8.01529598236084,0.705375611782074,0.31064674258232117,0.8564957940072842
6,8.037677764892578,0.7085332870483398,0.31023940443992615,0.862649385347636
6,8.060041427612305,0.7115987539291382,0.3096131682395935,0.8666420753383864
6,8.082396507263184,0.7145717144012451,0.3087390661239624,0.8683993028970542
6,8.104750633239746,0.7174592018127441,0.3076249957084656,0.8682947816441046
6,8.12710952758789,0.7202686071395874,0.30629539489746094,0.866804587980394
6,8.14948558807373,0.7230064272880554,0.3047827184200287,0.8643405592306976
6,8.171883583068848,0.7256786227226257,0.30312299728393555,0.8612546733622599
6,8.194342613220215,0.7282962203025818,0.30135512351989746,0.8579147433411445
6,8.216811180114746,0.7308610081672668,0.29952123761177063,0.854794559513199
6,8.23928165435791,0.7333801984786987,0.29765233397483826,0.8521525115126038
6,8.261748313903809,0.7358604073524475,0.29576870799064636,0.8498764207931166
6,8.284201622009277,0.7383066415786743,0.29388412833213806,0.8478248776477455
6,8.306632995605469,0.7407243847846985,0.2920105755329132,0.8459392502246655
6,8.329047203063965,0.7431192994117737,0.29015687108039856,0.8442045780394133
6,8.351452827453613,0.7454963326454163,0.28832903504371643,0.8425996003910331
6,8.373856544494629,0.7478588819503784,0.2865307629108429,0.8410826628227256
6,8.396261215209961,0.7502081394195557,0.28476452827453613,0.8396082558825915
6,8.418669700622559,0.7525433301925659,0.28303271532058716,0.8381193735221658
6,8.441083908081055,0.7548612952232361,0.28133711218833923,0.836682433421276
6,8.463501930236816,0.7571570873260498,0.27967849373817444,0.8353208789877045
6,8.485925674438477,0.7594245672225952,0.27805671095848083,0.8340193302286109
6,8.508355140686035,0.7616565823554993,0.27647122740745544,0.8327438467782163
6,8.530792236328125,0.7638450860977173,0.2749222218990326,0.8314827912870493
6,8.553236961364746,0.7659829258918762,0.27341166138648987,0.8302663552087713
6,8.575688362121582,0.768064558506012,0.27194157242774963,0.8291289445040543
6,8.598148345947266,0.7700874209403992,0.27051058411598206,0.8280426370459801
6,8.62061595916748,0.772052526473999,0.2691134512424469,0.826886417411837
6,8.64309024810791,0.7739628553390503,0.2677437663078308,0.825506547442909
6,8.665569305419922,0.7758218050003052,0.26639825105667114,0.8237779500153348
6,8.688054084777832,0.7776319980621338,0.26507800817489624,0.821775007447076
6,8.710527420043945,0.7793935537338257,0.2637888491153717,0.8196424181450934
6,8.732915878295898,0.7811013460159302,0.26254215836524963,0.817543434408499
6,8.755213737487793,0.7827549576759338,0.26134589314460754,0.8156199884249694
6,8.777420043945312,0.7843542098999023,0.2602056860923767,0.8139726868471596
6,8.799532890319824,0.7858988046646118,0.25912487506866455,0.8126575656091428
6,8.821552276611328,0.7873885631561279,0.25810447335243225,0.8116915146333435
6,8.843478202819824,0.7888237833976746,0.2571435272693634,0.811059938727577
6,8.86530876159668,0.7902049422264099,0.2562396824359894,0.8107291452154867
6,8.887044906616211,0.7915328145027161,0.2553902268409729,0.8106649336397487
6,8.908687591552734,0.7928083539009094,0.2545923888683319,0.8108465568640271
6,8.930235862731934,0.7940325736999512,0.25384339690208435,0.8112689957737756
6,8.951689720153809,0.7952065467834473,0.25314009189605713,0.811932682540223
6,8.973052024841309,0.796331524848938,0.25247839093208313,0.8128248333975626
6,8.994321823120117,0.7974088788032532,0.25185292959213257,0.8139008003748293
6,9.015501022338867,0.7984403967857361,0.2512577176094055,0.8151128921631521
6,9.036604881286621,0.7994285225868225,0.2506868541240692,0.8164302555530075
6,9.057465553283691,0.8003678917884827,0.25014036893844604,0.8177927909322206
6,9.07827377319336,0.8012691736221313,0.249610036611557,0.8191869581229099
6,9.099068641662598,0.8021359443664551,0.24909254908561707,0.8206306524110214
6,9.119853019714355,0.8029700517654419,0.24858583509922028,0.8221103908300225
6,9.140630722045898,0.8037731647491455,0.2480883002281189,0.8235749473308628
6,9.161433219909668,0.8045474886894226,0.24759837985038757,0.824675328939847
6,9.182234764099121,0.8052931427955627,0.2471170723438263,0.8257533374156736
6,9.203039169311523,0.8060115575790405,0.24664618074893951,0.8268527268439172
6,9.223851203918457,0.8067042827606201,0.2461889237165451,0.8280373360503137
6,9.244670867919922,0.8073727488517761,0.24574927985668182,0.8293851224477132
6,9.265501976013184,0.8080180883407593,0.24533118307590485,0.8309749708385167
6,9.286346435546875,0.8086411356925964,0.24493743479251862,0.8328723515732591
6,9.307204246520996,0.8092427849769592,0.24456875026226044,0.8351074372125036
6,9.328079223632812,0.8098235130310059,0.24422308802604675,0.8376543284326824
6,9.34898853302002,0.8103841543197632,0.24389581382274628,0.8404058615443202
6,9.369916915893555,0.8109242916107178,0.24358241260051727,0.843230772648742
6,9.390886306762695,0.8114440441131592,0.24327914416790009,0.845410008975025
6,9.411874771118164,0.8119426369667053,0.2429843246936798,0.8476329053581262
6,9.432884216308594,0.8124197721481323,0.2426973432302475,0.849929432109393
6,9.453916549682617,0.8128756284713745,0.24241842329502106,0.8523510036737582
6,9.474991798400879,0.8133112788200378,0.24214722216129303,0.854935366048796
6,9.496089935302734,0.8137271404266357,0.2418825626373291,0.8576659148235078
6,9.517210960388184,0.8141239881515503,0.24162177741527557,0.8604784190870689
6,9.538354873657227,0.8145023584365845,0.24136187136173248,0.8632945316167628
6,9.55952262878418,0.8148625493049622,0.2411007583141327,0.865794917496116
6,9.580727577209473,0.8152053356170654,0.2408376932144165,0.8677967827655908
6,9.60195541381836,0.8155308365821838,0.2405737191438675,0.8697661899630759
6,9.62320613861084,0.8158395290374756,0.2403113842010498,0.8717448511304152
6,9.644481658935547,0.8161323070526123,0.2400543987751007,0.8738031078886231
6,9.665781021118164,0.8164104223251343,0.23980627954006195,0.8760103171791473
6,9.687104225158691,0.8166750073432922,0.23956893384456635,0.8783940786907707
6,9.708452224731445,0.8169272541999817,0.23934198915958405,0.8809228061021235
6,9.729825973510742,0.8171677589416504,0.23912344872951508,0.8835292120213043
6,9.751225471496582,0.8173972368240356,0.2389107644557953,0.8861485201114947
6,9.772650718688965,0.8176159858703613,0.23870167136192322,0.8887381203002723
6,9.79410457611084,0.8178242444992065,0.23849447071552277,0.891279138007868
6,9.815587043762207,0.8180222511291504,0.2382878214120865,0.8937678512974985
6,9.837100982666016,0.8182101249694824,0.23808011412620544,0.8960663794290766
6,9.858641624450684,0.8183878064155579,0.23786884546279907,0.8981696642711442
6,9.880210876464844,0.8185548186302185,0.2376505732536316,0.9001878051102052
6,9.901810646057129,0.818710446357727,0.23742154240608215,0.902064681749872
6,9.923439025878906,0.8188538551330566,0.23717741668224335,0.9037234831557557
6,9.945068359375,0.8189839124679565,0.23691385984420776,0.9050665689949068
6,9.966716766357422,0.8190996646881104,0.23662619292736053,0.9060167555984655
6,9.988365173339844,0.8191996216773987,0.236311137676239,0.9065457115757521
6,10.01001262664795,0.8192824721336365,0.2359665185213089,0.9066423480121508
6,10.031660079956055,0.8193468451499939,0.23559118807315826,0.9063076825971387
6,10.053306579589844,0.8193917274475098,0.23518463969230652,0.9055526170898891
6,10.074953079223633,0.819416344165802,0.2347465306520462,0.9043829834875403
6,10.096598625183105,0.8194200992584229,0.234276682138443,0.9027277759987012
6,10.118243217468262,0.8194020390510559,0.23377525806427002,0.9006111460638911
6,10.139887809753418,0.8193604350090027,0.2332436442375183,0.8980110789573913
6,10.161538124084473,0.8192911744117737,0.23268604278564453,0.8949698494793967
6,10.183258056640625,0.8191880583763123,0.2321082204580307,0.8915898449686378
6,10.205302238464355,0.8190421462059021,0.23151205480098724,0.88797299313892
6,10.228250503540039,0.8188400864601135,0.230888232588768,0.8841431860468939
6,10.251198768615723,0.8185840249061584,0.23026539385318756,0.8803159820639783
6,10.275860786437988,0.8182482719421387,0.22960038483142853,0.8762261908201959
6,10.302757263183594,0.81781405210495,0.22888492047786713,0.8718154315945699
6,10.329651832580566,0.8173129558563232,0.22818046808242798,0.8674750018367521
6,10.358527183532715,0.816706657409668,0.22743572294712067,0.8627990867018006
6,10.388572692871094,0.8160096406936646,0.22667160630226135,0.8578729657133402
6,10.418617248535156,0.8152502179145813,0.22591949999332428,0.8529646747440248
6,10.449105262756348,0.8144206404685974,0.22517652809619904,0.8480102366621431
6,10.479593276977539,0.8135273456573486,0.2244536280632019,0.8434375933145185
6,10.510178565979004,0.8125609159469604,0.22374485433101654,0.8389684966130233
6,10.540770530700684,0.8115164041519165,0.22302450239658356,0.8346456360268332
6,10.571359634399414,0.8103922009468079,0.22227466106414795,0.8299392003856053
6,10.601943969726562,0.8091911673545837,0.22146758437156677,0.8249108654799955
6,10.632523536682129,0.8079174757003784,0.2206069380044937,0.81898720825846
6,10.66309928894043,0.8065755367279053,0.21970093250274658,0.8128271738593126
6,10.693672180175781,0.8051753044128418,0.21878834068775177,0.8064709987751427
6,10.7242431640625,0.8037258386611938,0.21790125966072083,0.8008340201324282
6,10.754815101623535,0.8022412061691284,0.21709184348583221,0.7957633578070429
6,10.785387992858887,0.800715982913971,0.21637752652168274,0.7921617670380902
6,10.815959930419922,0.799142062664032,0.21576020121574402,0.7890466317294431
6,10.846529006958008,0.7974936366081238,0.21519681811332703,0.786313218310626
6,10.877093315124512,0.7957581877708435,0.214657723903656,0.7828861874139595
6,10.907651901245117,0.7939220666885376,0.21410691738128662,0.7790469112287698
6,10.938203811645508,0.7919772863388062,0.21354073286056519,0.7743077862307707
6,10.96874713897705,0.7899206280708313,0.21296760439872742,0.7692369129699017
6,10.999284744262695,0.7877581715583801,0.21243155002593994,0.7640598728296866
6,11.029817581176758,0.7855041027069092,0.2119842767715454,0.7593809393239402
6,11.060345649719238,0.7831755876541138,0.2116827815771103,0.7551661117386114
6,11.090871810913086,0.7807969450950623,0.2115769386291504,0.7516327699814418
6,11.121395111083984,0.7783783674240112,0.2116788923740387,0.7485626706011046
6,11.1519136428833,0.7759326696395874,0.21197965741157532,0.7460113139968244
6,11.182429313659668,0.7734636068344116,0.2124578058719635,0.7440482864614353
6,11.212940216064453,0.7709792852401733,0.21309708058834076,0.7428439747088705
6,11.243447303771973,0.7684780359268188,0.2138960212469101,0.7425105253233498
6,11.273948669433594,0.7659578323364258,0.21485133469104767,0.7433247945430806
6,11.304447174072266,0.7634176015853882,0.21595318615436554,0.7447092321187927
6,11.334959030151367,0.7608686089515686,0.21716585755348206,0.7469949609650457
6,11.365467071533203,0.7583218812942505,0.21845684945583344,0.7496748439292692
6,11.39601993560791,0.7557938098907471,0.21977315843105316,0.7526020718504385
6,11.426575660705566,0.753297746181488,0.22107326984405518,0.755722614755583
6,11.457231521606445,0.7508366107940674,0.2223103791475296,0.758690354475951
6,11.4880952835083,0.7484027743339539,0.22344321012496948,0.7613407557112131
6,11.518966674804688,0.7460020780563354,0.22446313500404358,0.7636489479614629
6,11.533498764038086,0.7448717355728149,0.2249113917350769,0.7646391335396431
7,0.7130125761032104,0.8119183778762817,1.3132648468017578,1.0541030878900253
7,0.8104128241539001,0.8121448159217834,1.245285153388977,1.0519277465428256
7,0.872326672077179,0.8123016357421875,1.198611855506897,1.0520629943277726
7,0.9486790895462036,0.8125038743019104,1.1376938819885254,1.0513229569992446
7,1.040878415107727,0.8127561807632446,1.0594786405563354,1.0608023245119682
7,1.1305357217788696,0.8130077123641968,0.9783629775047302,1.0836532216278982
7,1.2185754776000977,0.8132562041282654,0.8939939141273499,1.1326463913097073
7,1.3050626516342163,0.8134897947311401,0.80801922082901,1.220780226233794
7,1.389711856842041,0.8136969208717346,0.7197024822235107,1.36711377553122
7,1.4747735261917114,0.8138324618339539,0.6317837238311768,1.561196046722274
7,1.5640208721160889,0.8138729929924011,0.5480814576148987,1.7837988545970425
7,1.5994762182235718,0.8138532638549805,0.5184763073921204,1.8987736497716001
7,1.700380802154541,0.8136534690856934,0.4496137499809265,2.236893997039813
7,1.747154712677002,0.8135114908218384,0.42665189504623413,2.424896309145401
7,1.7940585613250732,0.8133291602134705,0.4085575342178345,2.6355340126764744
7,1.8474801778793335,0.8130727410316467,0.39275336265563965,2.881203646268553
7,1.9327925443649292,0.8126466870307922,0.37784212827682495,3.2185588837304433
7,2.0570156574249268,0.8123094439506531,0.37455910444259644,3.491339359907322
7,2.153860569000244,0.8124361038208008,0.38563814759254456,3.2992346286228567
7,2.271646499633789,0.8129461407661438,0.4243662655353546,2.8744495555395555
7,2.312025308609009,0.8131593465805054,0.44593846797943115,2.7155224468890005
7,2.4134979248046875,0.8136002421379089,0.5141013264656067,2.4773529054631958
7,2.4605541229248047,0.8137228488922119,0.5510146021842957,2.4361101972315633
7,2.5613932609558105,0.8137243390083313,0.6202777624130249,2.3430257608304768
7,2.610562562942505,0.813596248626709,0.6489870548248291,2.3362926025412403
7,2.6590633392333984,0.8134242296218872,0.6756076812744141,2.306509471451448
7,2.767063856124878,0.8132242560386658,0.733299732208252,2.1062846985143717
7,2.873952627182007,0.8133681416511536,0.7930099964141846,1.8400006164457414
7,2.9791576862335205,0.8139347434043884,0.8556901812553406,1.581387186728064
7,3.073179244995117,0.8146756887435913,0.9102032780647278,1.4134123696855623
7,3.1294748783111572,0.8151503801345825,0.9405268430709839,1.3432258230404608
7,3.2405080795288086,0.816055178642273,0.9921081066131592,1.261946537295946
7,3.2970736026763916,0.8164806962013245,1.0142760276794434,1.2334383391416253
7,3.4128265380859375,0.8172623515129089,1.0542325973510742,1.19231753467168
7,3.4618186950683594,0.8175616264343262,1.068924069404602,1.1808237619493196
7,3.5800914764404297,0.8182417154312134,1.1006945371627808,1.156476043759753
7,3.6544957160949707,0.8186463117599487,1.1182751655578613,1.1456924353579903
7,3.774310827255249,0.8193004727363586,1.1435381174087524,1.1307655563224392
7,3.8515286445617676,0.8197367787361145,1.158061146736145,1.1235661060954514
7,3.972050189971924,0.820468544960022,1.1784323453903198,1.1133405476260472
7,4.092945098876953,0.8212871551513672,1.1964553594589233,1.1050882352538902
7,4.213027000427246,0.8222105503082275,1.212417483329773,1.0979091085061201
7,4.333319664001465,0.8232611417770386,1.2266954183578491,1.0916035208528647
7,4.4505391120910645,0.8244272470474243,1.239243745803833,1.086142348501988
7,4.561561584472656,0.8256792426109314,1.2500348091125488,1.0813317959903168
7,4.672670364379883,0.827091634273529,1.2598752975463867,1.0768568435681338
7,4.775398254394531,0.8285601735115051,1.268227458000183,1.0729383220750546
7,4.870303630828857,0.8300731182098389,1.2753709554672241,1.0694351931805652
7,4.9652419090271,0.8317531943321228,1.2820173501968384,1.0660390958252077
7,5.05502462387085,0.833512008190155,1.2878862619400024,1.062921839986509
7,5.142397403717041,0.83539879322052,1.2932440042495728,1.059956030216748
7,5.229604244232178,0.8374713659286499,1.2982696294784546,1.0570571698657425
7,5.318778038024902,0.8398050665855408,1.3030997514724731,1.0541599162340287
7,5.410851001739502,0.8424642086029053,1.3077806234359741,1.0512391821685596
7,5.505657196044922,0.8454940319061279,1.3122940063476562,1.048276811102313
7,5.600465774536133,0.8488507866859436,1.3165119886398315,1.0453580620219796
7,5.697702407836914,0.8526679277420044,1.320543646812439,1.0424125541283815
7,5.795510292053223,0.8569303154945374,1.3243085145950317,1.0394979699909919
7,5.895118713378906,0.8617532253265381,1.3278509378433228,1.0365889876893877
7,5.996120929718018,0.8671941757202148,1.3311485052108765,1.03371329284684
7,6.098095417022705,0.8733133673667908,1.3341809511184692,1.0309263236032165
7,6.2015910148620605,0.8802343606948853,1.3369596004486084,1.0282902522610522
7,6.3044891357421875,0.8879197835922241,1.339423656463623,1.0257820097458747
7,6.407805919647217,0.8965134024620056,1.3416132926940918,1.02370724170086
7,6.511046409606934,0.9060373306274414,1.3435713052749634,1.0220712509872592
7,6.588479042053223,0.9138347506523132,1.344968557357788,1.021464165051469
7,6.646381378173828,0.9199995994567871,1.3460490703582764,1.02096988756926
7,6.673187732696533,0.9229616522789001,1.3465518951416016,1.0206252484411014
7,6.69978141784668,0.9259776473045349,1.3470395803451538,1.0202905876262205
7,6.726239204406738,0.9290613532066345,1.3475080728530884,1.0199654135511493
7,6.752629280090332,0.9322243928909302,1.3479570150375366,1.0196695453181819
7,6.778972625732422,0.9354718327522278,1.3483879566192627,1.0194194450533478
7,6.805274486541748,0.9388052225112915,1.3488037586212158,1.0192247860566042
7,6.831564903259277,0.9422286748886108,1.3492082357406616,1.0190841597700364
7,6.85775899887085,0.9457311630249023,1.3496028184890747,1.0189910115907796
7,6.883900165557861,0.9493187069892883,1.3499904870986938,1.0189449441016252
7,6.910199165344238,0.9530216455459595,1.3503756523132324,1.0189501611438125
7,6.936588764190674,0.956829309463501,1.3507579565048218,1.0190093697775204
7,6.962961196899414,0.9607301354408264,1.3511356115341187,1.0191173597351624
7,6.988956928253174,0.9646705389022827,1.3515034914016724,1.019284050431337
7,7.014911651611328,0.9686999320983887,1.3518660068511963,1.0195129789858033
7,7.0408196449279785,0.9728176593780518,1.3522226810455322,1.0198144044670032
7,7.066711902618408,0.9770292043685913,1.3525733947753906,1.020190395221023
7,7.092584609985352,0.9813339710235596,1.352916955947876,1.0206504574644573
7,7.118403434753418,0.9857258200645447,1.3532521724700928,1.0212121777196368
7,7.144164562225342,0.9902027249336243,1.3535774946212769,1.0218888411091556
7,7.169862747192383,0.9947619438171387,1.3538910150527954,1.0226950383728366
7,7.195494651794434,0.9993998408317566,1.3541901111602783,1.0236450895250697
7,7.221056938171387,1.0041120052337646,1.3544713258743286,1.0247425591732602
7,7.246597766876221,1.0089027881622314,1.3547306060791016,1.0260108696081878
7,7.272068500518799,1.0137566328048706,1.3549619913101196,1.0274547260098417
7,7.297467231750488,1.0186645984649658,1.3551584482192993,1.029068039667204
7,7.322793960571289,1.0236161947250366,1.3553115129470825,1.0308253326708703
7,7.348049163818359,1.0285989046096802,1.3554108142852783,1.0326914044917788
7,7.373290061950684,1.0336103439331055,1.3554445505142212,1.034590424303274
7,7.398463726043701,1.0386229753494263,1.355398416519165,1.036376088728094
7,7.423571586608887,1.0436183214187622,1.3552569150924683,1.0378520054976241
7,7.448616027832031,1.048577904701233,1.3550039529800415,1.0387629969402048
7,7.473597526550293,1.0534857511520386,1.3546242713928223,1.038972814613143
7,7.498575210571289,1.0583416223526,1.3541032075881958,1.03817674230667
7,7.523491382598877,1.0631263256072998,1.3534284830093384,1.0360359846239067
7,7.54888391494751,1.0679423809051514,1.3525772094726562,1.0325155783521145
7,7.573702812194824,1.0725985765457153,1.3515866994857788,1.0275658754230441
7,7.598450660705566,1.0772042274475098,1.3504524230957031,1.0217429895578831
7,7.623179912567139,1.0817852020263672,1.349192500114441,1.0152649172796404
7,7.64783239364624,1.0863457918167114,1.3478355407714844,1.0083956342602123
7,7.672407150268555,1.0908969640731812,1.3464096784591675,1.0014134809191906
7,7.696903228759766,1.0954424142837524,1.3449424505233765,0.9945148684995743
7,7.721708297729492,1.1000516414642334,1.343437910079956,0.9879770470679369
7,7.746097564697266,1.104581594467163,1.3419642448425293,0.9817516613252193
7,7.770054340362549,1.1090152263641357,1.3405430316925049,0.9760049766956882
7,7.794435977935791,1.1134942770004272,1.3391399383544922,0.9707533359298615
7,7.81877326965332,1.1179150342941284,1.337796926498413,0.9658428347746958
7,7.843068599700928,1.1222622394561768,1.3365252017974854,0.9613163328308357
7,7.867323398590088,1.126522183418274,1.335331916809082,0.957174360109264
7,7.891573429107666,1.1306889057159424,1.3342182636260986,0.9534030616499731
7,7.915782928466797,1.134748101234436,1.3331847190856934,0.9499656087077153
7,7.939951419830322,1.1386929750442505,1.3322269916534424,0.9467809001808071
7,7.964127063751221,1.1425288915634155,1.3313343524932861,0.9439285984367876
7,7.98825740814209,1.146248698234558,1.3304990530014038,0.9412934923991052
7,8.012340545654297,1.149854063987732,1.3297115564346313,0.9388630095642824
7,8.036317825317383,1.153340220451355,1.3289644718170166,0.936612450262907
7,8.060263633728027,1.1567225456237793,1.3282467126846313,0.9345049966539926
7,8.084152221679688,1.1600022315979004,1.3275511264801025,0.932517834039246
7,8.10798168182373,1.1631832122802734,1.3268705606460571,0.9306261662952594
7,8.131750106811523,1.1662694215774536,1.3261988162994385,0.9288012038596114
7,8.155455589294434,1.1692637205123901,1.3255302906036377,0.9270118154981857
7,8.179096221923828,1.172168493270874,1.3248604536056519,0.9252322756678316
7,8.202670097351074,1.1749857664108276,1.3241854906082153,0.9234615267461878
7,8.226097106933594,1.1777154207229614,1.3235055208206177,0.9220921561357404
7,8.250460624694824,1.1804847717285156,1.3227869272232056,0.9205236078618806
7,8.27514362335205,1.1832176446914673,1.3220434188842773,0.9188902586989478
7,8.300079345703125,1.1859065294265747,1.3212733268737793,0.9173024551855559
7,8.324956893920898,1.1885201930999756,1.3204830884933472,0.9157135540768786
7,8.349775314331055,1.19106125831604,1.31967031955719,0.9141440113834126
7,8.374531745910645,1.193532943725586,1.3188328742980957,0.9125946459146113
7,8.399205207824707,1.1959365606307983,1.3179699182510376,0.9110674818421808
7,8.42381477355957,1.1982767581939697,1.3170793056488037,0.9095604578651894
7,8.448357582092285,1.2005565166473389,1.3161600828170776,0.9080736773058105
7,8.472869873046875,1.2027819156646729,1.3152101039886475,0.9066030786694174
7,8.49731159210205,1.2049518823623657,1.3142304420471191,0.9051525431000295
7,8.521682739257812,1.207068681716919,1.313220739364624,0.9037230993468486
7,8.545903205871582,1.2091282606124878,1.3121843338012695,0.9023203459772436
7,8.570049285888672,1.21113920211792,1.311118245124817,0.9009414943572842
7,8.594117164611816,1.2131035327911377,1.3100228309631348,0.8995877426807534
7,8.618108749389648,1.2150229215621948,1.3088984489440918,0.898260082997344
7,8.642034530639648,1.216900110244751,1.307745337486267,0.8969587266405368
7,8.665912628173828,1.2187381982803345,1.3065632581710815,0.8956837295470538
7,8.689742088317871,1.2205384969711304,1.3053529262542725,0.8944356290618698
7,8.713531494140625,1.222302794456482,1.3041146993637085,0.8932139447330222
7,8.737313270568848,1.2240347862243652,1.302847981452942,0.8920234607445837
7,8.76108455657959,1.2257353067398071,1.301553726196289,0.8908575559160108
7,8.784814834594727,1.2274034023284912,1.3002350330352783,0.8897195307933303
7,8.808533668518066,1.2290419340133667,1.2988914251327515,0.8886083868028293
7,8.832212448120117,1.2306500673294067,1.2975256443023682,0.8875269254256741
7,8.855746269226074,1.2322216033935547,1.2961455583572388,0.8864803318166896
7,8.87922477722168,1.2337639331817627,1.294747233390808,0.8854641514495235
7,8.9026517868042,1.2352778911590576,1.2933322191238403,0.8844839658840966
7,8.925968170166016,1.2367608547210693,1.291905403137207,0.8835342897308331
7,8.94922924041748,1.2382171154022217,1.290465235710144,0.8826116050115105
7,8.972434043884277,1.2396472692489624,1.289013147354126,0.8817145160182229
7,8.995580673217773,1.2410523891448975,1.287550926208496,0.8808424691780076
7,9.018670082092285,1.242432951927185,1.286080002784729,0.8799944786359092
7,9.041701316833496,1.243789792060852,1.2846018075942993,0.879169828882905
7,9.06467342376709,1.2451237440109253,1.2831180095672607,0.8783689521694333
7,9.08758544921875,1.246435523033142,1.281630039215088,0.8775925963364651
7,9.11043643951416,1.2477256059646606,1.2801393270492554,0.8768406072991406
7,9.133225440979004,1.2489949464797974,1.2786471843719482,0.8761099097326301
7,9.155975341796875,1.2502453327178955,1.2771536111831665,0.8753892105099051
7,9.178664207458496,1.2514761686325073,1.2756614685058594,0.8746786318022205
7,9.201225280761719,1.2526847124099731,1.2741763591766357,0.873987543111872
7,9.223721504211426,1.2538750171661377,1.2726951837539673,0.8733135060676186
7,9.2461519241333,1.2550480365753174,1.2712191343307495,0.872656827322935
7,9.268516540527344,1.2562044858932495,1.2697492837905884,0.8720186731518443
7,9.290814399719238,1.257345199584961,1.2682864665985107,0.8713999638415343
7,9.313044548034668,1.2584707736968994,1.266831636428833,0.8708004716076673
7,9.33520793914795,1.2595821619033813,1.2653858661651611,0.8702193213655502
7,9.35730266571045,1.260679841041565,1.2639497518539429,0.8696559322315873
7,9.379328727722168,1.2617648839950562,1.262524127960205,0.8691023033119132
7,9.40139389038086,1.2628430128097534,1.2611029148101807,0.8685403687066701
7,9.423391342163086,1.2639096975326538,1.2596937417984009,0.867993861011769
7,9.445321083068848,1.2649656534194946,1.258297085762024,0.8674628324378394
7,9.467184066772461,1.2660117149353027,1.256913661956787,0.866947523057879
7,9.488978385925293,1.2670485973358154,1.2555439472198486,0.8664483039910236
7,9.51070499420166,1.2680771350860596,1.2541884183883667,0.8659650446666588
7,9.532363891601562,1.269097924232483,1.2528473138809204,0.8654969379449712
7,9.553970336914062,1.27011239528656,1.2515201568603516,0.8650431989931728
7,9.575557708740234,1.2711230516433716,1.250205159187317,0.8646058045804164
7,9.597145080566406,1.2721312046051025,1.248901605606079,0.8641821864039215
7,9.618734359741211,1.2731376886367798,1.2476097345352173,0.8637727240868325
7,9.640323638916016,1.274143099784851,1.2463299036026,0.8633779379299633
7,9.66191291809082,1.2751481533050537,1.2450624704360962,0.8629970139652471
7,9.683504104614258,1.276153564453125,1.2438074350357056,0.8626241290587335
7,9.705095291137695,1.2771598100662231,1.2425652742385864,0.8622673580478221
7,9.726688385009766,1.278167724609375,1.2413359880447388,0.8619272352244927
7,9.74828052520752,1.2791777849197388,1.2401198148727417,0.8616044460207931
7,9.76987361907959,1.2801905870437622,1.2389168739318848,0.8612816914457961
7,9.791467666625977,1.281206488609314,1.2377272844314575,0.8609776105213176
7,9.81306266784668,1.2822262048721313,1.23655104637146,0.8606952176249288
7,9.834657669067383,1.2832499742507935,1.2353882789611816,0.8604354897712869
7,9.856253623962402,1.284278392791748,1.2342389822006226,0.8601993192110587
7,9.877849578857422,1.2853115797042847,1.2331029176712036,0.8599878040739359
7,9.899445533752441,1.286349892616272,1.231980323791504,0.8598022716546385
7,9.921042442321777,1.28739333152771,1.2308708429336548,0.859646098494614
7,9.94264030456543,1.2884421348571777,1.2297745943069458,0.8595182797591016
7,9.964238166809082,1.2894960641860962,1.2286914587020874,0.8594198815364903
7,9.985836029052734,1.2905551195144653,1.22762131690979,0.8593517318449264
7,10.007434844970703,1.2916185855865479,1.2265641689300537,0.8593146428510299
7,10.029033660888672,1.2926862239837646,1.225520133972168,0.8593093328776188
7,10.050633430480957,1.2937572002410889,1.2244892120361328,0.8593363503432225
7,10.072233200073242,1.2948304414749146,1.2234716415405273,0.859400056538108
7,10.093833923339844,1.2959046363830566,1.2224676609039307,0.8594952381602035
7,10.115435600280762,1.2969783544540405,1.2214776277542114,0.8596166454027101
7,10.13703727722168,1.2980501651763916,1.2205015420913696,0.8597619414922061
7,10.158647537231445,1.2991195917129517,1.2195388078689575,0.859930206608517
7,10.180328369140625,1.3001891374588013,1.2185853719711304,0.8601218919435736
7,10.202333450317383,1.301270842552185,1.2176291942596436,0.8603374567684424
7,10.22524356842041,1.3023927211761475,1.2166444063186646,0.860617889464337
7,10.248153686523438,1.3035097122192383,1.21566903591156,0.860958393835547
7,10.272775650024414,1.304704189300537,1.214629888534546,0.861373292839328
7,10.299630165100098,1.305999517440796,1.213505744934082,0.8618968020322094
7,10.326484680175781,1.307286262512207,1.212390422821045,0.862506668086361
7,10.355319023132324,1.3086576461791992,1.211201548576355,0.8632072565080905
7,10.385323524475098,1.3100721836090088,1.209972620010376,0.8640523707132105
7,10.415329933166504,1.3114731311798096,1.2087513208389282,0.8649708610601332
7,10.445781707763672,1.3128793239593506,1.207518219947815,0.8659762832975892
7,10.476234436035156,1.3142688274383545,1.206290602684021,0.8671183820789307
7,10.506787300109863,1.3156445026397705,1.2050635814666748,0.8683221809503006
7,10.537351608276367,1.3170006275177002,1.203839659690857,0.8696541729534385
7,10.567916870117188,1.3183356523513794,1.2026188373565674,0.8710821138050263
7,10.598483085632324,1.3196477890014648,1.2014001607894897,0.8725761001997103
7,10.629050254821777,1.320935606956482,1.200183391571045,0.8742296316906716
7,10.659618377685547,1.3221975564956665,1.1989684104919434,0.8759440234588447
7,10.69018840789795,1.3234314918518066,1.1977550983428955,0.8777773597066794
7,10.720759391784668,1.3246359825134277,1.1965441703796387,0.879731972026559
7,10.751331329345703,1.3258082866668701,1.1953364610671997,0.881738032606513
7,10.781905174255371,1.3269459009170532,1.1941332817077637,0.8838999274180089
7,10.812480926513672,1.328046441078186,1.1929364204406738,0.8861079462994527
7,10.843058586120605,1.3291064500808716,1.191748023033142,0.8883869362240121
7,10.873637199401855,1.3301236629486084,1.1905698776245117,0.8907401838747698
7,10.904217720031738,1.3310953378677368,1.1894036531448364,0.8931126392481952
7,10.93480110168457,1.3320188522338867,1.1882505416870117,0.8955538201423793
7,10.965386390686035,1.332892656326294,1.187111258506775,0.8980261857969362
7,10.995972633361816,1.3337147235870361,1.1859862804412842,0.9005283196283087
7,11.026561737060547,1.3344838619232178,1.1848760843276978,0.903101899733328
7,11.05715274810791,1.3351987600326538,1.1837806701660156,0.9056909085856945
7,11.087745666503906,1.33585786819458,1.182700514793396,0.9083394402489906
7,11.118339538574219,1.3364603519439697,1.1816357374191284,0.9110268952058752
7,11.148935317993164,1.3370050191879272,1.180586576461792,0.9137305743500794
7,11.179532051086426,1.3374906778335571,1.1795532703399658,0.9165057788663491
7,11.210131645202637,1.337916612625122,1.178536295890808,0.9192868174198171
7,11.24073314666748,1.3382813930511475,1.1775360107421875,0.9221009158728979
7,11.271336555480957,1.338584542274475,1.1765527725219727,0.924944359585698
7,11.301949501037598,1.3388248682022095,1.1755869388580322,0.9277876604949558
7,11.332587242126465,1.3390018939971924,1.1746385097503662,0.9306681892962942
7,11.363225936889648,1.3391146659851074,1.1737085580825806,0.9335487819623456
7,11.39393138885498,1.3391627073287964,1.1727956533432007,0.9364457574591096
7,11.424637794494629,1.339145541191101,1.1719014644622803,0.9393332224696259
7,11.455483436584473,1.3390628099441528,1.1710211038589478,0.9422301937296562
7,11.486580848693848,1.338912844657898,1.1701503992080688,0.9452558023340957
7,11.517678260803223,1.3386961221694946,1.1692955493927002,0.9482436162828713
7,11.554085731506348,1.3383580446243286,1.1683154106140137,0.951692166129948
7,11.620050430297852,1.3375226259231567,1.1665862798690796,0.9579653895414482
7,11.686012268066406,1.3364038467407227,1.1649127006530762,0.9642322401617008
7,11.757817268371582,1.3348721265792847,1.163164734840393,0.9710197106394485
7,11.829615592956543,1.333014726638794,1.1614857912063599,0.9777215304079736
7,11.9593505859375,1.3288846015930176,1.158648133277893,0.9894399468982252
8,1.4360747337341309,-0.47811996936798096,1.6494358777999878,0.791331248361386
8,1.4760607481002808,-0.4782711863517761,1.6212350130081177,0.7735283769457058
8,1.5734127759933472,-0.47869718074798584,1.5470021963119507,0.7240559728020622
8,1.6358059644699097,-0.4790278673171997,1.4931237697601318,0.6934738516723595
8,1.7045520544052124,-0.479474276304245,1.4241743087768555,0.6477391514369544
8,1.7785990238189697,-0.48014065623283386,1.3268470764160156,0.6032871579848353
8,1.8283220529556274,-0.4808722734451294,1.2153151035308838,0.6277147939425615
8,1.849557638168335,-0.4815137982368469,1.0949058532714844,0.7503565146930112
8,1.8535592555999756,-0.4817288815975189,1.0400804281234741,0.8169201803030491
8,1.8675824403762817,-0.4820035398006439,0.918499767780304,0.9109091367770235
8,1.882156491279602,-0.4820236265659332,0.8689649701118469,0.9090940062274848
8,1.8952558040618896,-0.4820001423358917,0.8399516344070435,0.9018835558548065
8,1.9819958209991455,-0.4814704358577728,0.756912112236023,0.8558903910910021
8,2.0324182510375977,-0.48099640011787415,0.744056224822998,0.8882008424399125
8,2.0820250511169434,-0.48048847913742065,0.745286226272583,0.9831325874040621
8,2.1394898891448975,-0.48003193736076355,0.7585892081260681,1.1262025455304958
8,2.224921703338623,-0.4795924127101898,0.7954899072647095,1.3412133769221322
8,2.3312718868255615,-0.4794344902038574,0.8561966419219971,1.4259896627375144
8,2.433166027069092,-0.4797901213169098,0.9240161180496216,1.3217476542018878
8,2.483268976211548,-0.48017752170562744,0.9663053750991821,1.1861715989977264
8,2.525388240814209,-0.48067644238471985,1.0102380514144897,1.0389841499389032
8,2.5391180515289307,-0.48088935017585754,1.0273972749710083,0.9881338506786354
8,2.547955274581909,-0.4810451567173004,1.039607286453247,0.9541029993063193
8,2.6038386821746826,-0.4822028875350952,1.1253327131271362,0.8471984834637338
8,2.6280264854431152,-0.4827457368373871,1.1641249656677246,0.8226698147662593
8,2.703709840774536,-0.48411059379577637,1.260181188583374,0.7904144327056706
8,2.7959518432617188,-0.4852801263332367,1.3405135869979858,0.8158538816579382
8,2.8987317085266113,-0.4862610995769501,1.406976580619812,0.8561016262273038
8,2.992236852645874,-0.48697367310523987,1.4547758102416992,0.8846335290778071
8,3.0886688232421875,-0.487592875957489,1.4959845542907715,0.9129555293639716
8,3.203867197036743,-0.48822706937789917,1.5375186204910278,0.9360431524504073
8,3.3209645748138428,-0.4887894093990326,1.573373794555664,0.9563566299981766
8,3.4393672943115234,-0.48930823802948,1.6046624183654785,0.9737793546281427
8,3.5587050914764404,-0.4898020029067993,1.6321805715560913,0.9844765033375845
8,3.678727865219116,-0.49028825759887695,1.6565438508987427,0.9954086600116326
8,3.7992396354675293,-0.4907824993133545,1.67825186252594,1.0028464033769608
8,3.9201440811157227,-0.49129459261894226,1.6976583003997803,1.0087413329903225
8,4.041125774383545,-0.4918369948863983,1.715104341506958,1.013616462405479
8,4.162337779998779,-0.49241897463798523,1.7308682203292847,1.016125766323368
8,4.2826457023620605,-0.49304404854774475,1.7450493574142456,1.0183493487323894
8,4.399864196777344,-0.49370917677879333,1.7576411962509155,1.0194162411771914
8,4.51719331741333,-0.49443817138671875,1.7691500186920166,1.0196484503301706
8,4.628293514251709,-0.49519890546798706,1.7791627645492554,1.0194254820359472
8,4.731011390686035,-0.4959729015827179,1.787730097770691,1.0184754814537282
8,4.83377742767334,-0.4968239963054657,1.7956950664520264,1.0169960253269692
8,4.9287109375,-0.49768877029418945,1.802565097808838,1.0151984440786639
8,5.018490791320801,-0.49858522415161133,1.8086658716201782,1.013077122772914
8,5.105863571166992,-0.499540239572525,1.8142598867416382,1.0106120576303335
8,5.192471504211426,-0.5005775690078735,1.8194925785064697,1.0077340449717742
8,5.279095649719238,-0.501717209815979,1.8244314193725586,1.0044130713820287
8,5.3655781745910645,-0.5029709339141846,1.829079508781433,1.0006051831539915
8,5.452584266662598,-0.5043663382530212,1.8334788084030151,0.9962975287355521
8,5.5428466796875,-0.5059751272201538,1.8377583026885986,0.9913056478043626
8,5.637371063232422,-0.5078619718551636,1.8419337272644043,0.9854445306758863
8,5.7359466552734375,-0.5100873708724976,1.8459502458572388,0.9784997000649148
8,5.834528923034668,-0.5126240849494934,1.8496028184890747,0.9704843039389556
8,5.936773300170898,-0.515646755695343,1.8529685735702515,0.961163358355864
8,6.042129039764404,-0.5192708969116211,1.8559173345565796,0.9503430342267315
8,6.149899959564209,-0.5236324667930603,1.85829496383667,0.9378652250416578
8,6.2592620849609375,-0.5289047360420227,1.8599181175231934,0.9236413302388391
8,6.368576526641846,-0.5352461934089661,1.8605908155441284,0.9069674805729189
8,6.478519439697266,-0.5429837107658386,1.8601247072219849,0.8886775558443613
8,6.588095188140869,-0.5524268746376038,1.8582922220230103,0.869033416320877
8,6.6959686279296875,-0.5639471411705017,1.8548903465270996,0.8482647366687082
8,6.749363899230957,-0.5706824660301208,1.8526142835617065,0.8373726821081636
8,6.776548862457275,-0.5744295716285706,1.8512803316116333,0.8319154291154311
8,6.803410053253174,-0.5783801078796387,1.8498073816299438,0.8266459922206327
8,6.830315113067627,-0.5826168060302734,1.8481498956680298,0.8215059672932624
8,6.856966495513916,-0.5871204137802124,1.846313238143921,0.8166398048428815
8,6.883411884307861,-0.5919196605682373,1.844293475151062,0.8121269743219687
8,6.909666061401367,-0.5970383882522583,1.8420928716659546,0.8080447820089607
8,6.93572473526001,-0.6024978756904602,1.8397150039672852,0.8044542344151189
8,6.961688995361328,-0.608343780040741,1.8371509313583374,0.8013950718031069
8,6.987513065338135,-0.614594578742981,1.8344054222106934,0.7989291213986127
8,7.013101577758789,-0.621250569820404,1.8314920663833618,0.7971024311745424
8,7.038665771484375,-0.6283772587776184,1.828396201133728,0.7959579816381493
8,7.064233779907227,-0.6359968781471252,1.8251200914382935,0.7952705872778897
8,7.089644432067871,-0.6440644264221191,1.8216959238052368,0.7951333010461855
8,7.114371299743652,-0.6523881554603577,1.8182153701782227,0.7954586077796082
8,7.138959884643555,-0.6611131429672241,1.8146213293075562,0.7961026719213499
8,7.1632866859436035,-0.6701674461364746,1.8109476566314697,0.7971382387715636
8,7.187358379364014,-0.6795170307159424,1.8072091341018677,0.7984034508688458
8,7.2113237380981445,-0.6891775727272034,1.8033932447433472,0.7997172694778362
8,7.235078811645508,-0.6990690231323242,1.7995253801345825,0.8013483368326146
8,7.258053779602051,-0.7088777422904968,1.7957160472869873,0.8030459035836524
8,7.280968189239502,-0.7188586592674255,1.7918527126312256,0.8050333211530104
8,7.303709506988525,-0.7289353609085083,1.7879575490951538,0.8072825078847833
8,7.326416015625,-0.739138662815094,1.7840087413787842,0.8097263192532168
8,7.3490705490112305,-0.7494394183158875,1.780012845993042,0.8126856125706547
8,7.371582984924316,-0.7597721219062805,1.7759902477264404,0.8156858664695815
8,7.3940935134887695,-0.7701752185821533,1.7719210386276245,0.8191954710812591
8,7.4164862632751465,-0.7805725336074829,1.7678329944610596,0.8229085442720456
8,7.438902378082275,-0.7910028696060181,1.7637054920196533,0.8267919485105899
8,7.461214542388916,-0.8013872504234314,1.7595689296722412,0.8310243864246869
8,7.483572483062744,-0.8117703795433044,1.755400538444519,0.8350799089820161
8,7.505861759185791,-0.8220770359039307,1.7512286901474,0.8394726423050726
8,7.5280914306640625,-0.8322928547859192,1.7470594644546509,0.8435321956207107
8,7.550400257110596,-0.8424562811851501,1.742871880531311,0.8474102621634094
8,7.572748184204102,-0.8525345921516418,1.738684058189392,0.8507703517135035
8,7.595187187194824,-0.8625292778015137,1.7344906330108643,0.8528149965929466
8,7.6176042556762695,-0.8723780512809753,1.7303229570388794,0.8540339295440738
8,7.640311241149902,-0.8822095990180969,1.7261319160461426,0.8530813043288095
8,7.662810325622559,-0.8917894959449768,1.7220039367675781,0.8502255957779784
8,7.685299396514893,-0.9012046456336975,1.717905879020691,0.8454372078218202
8,7.707890033721924,-0.910490095615387,1.7138077020645142,0.8378724998501154
8,7.730474948883057,-0.9195929765701294,1.7097195386886597,0.8287721582172511
8,7.753053665161133,-0.9285109043121338,1.7056370973587036,0.8179985534948232
8,7.775731086730957,-0.9372667074203491,1.701537013053894,0.8062391067932478
8,7.798709392547607,-0.945933997631073,1.6973955631256104,0.7941708909082464
8,7.821404933929443,-0.9542877674102783,1.6933367252349854,0.7814273298006602
8,7.843924522399902,-0.9623637199401855,1.6893692016601562,0.769218193764831
8,7.8668532371521,-0.97038334608078,1.6854299306869507,0.7575654698622285
8,7.889807224273682,-0.978216826915741,1.6816225051879883,0.7463178472515947
8,7.912867546081543,-0.9858958721160889,1.6779677867889404,0.7355074158721457
8,7.935951232910156,-0.9934062361717224,1.6745069026947021,0.7257467415892795
8,7.959053039550781,-1.00076162815094,1.6712586879730225,0.7169272390763748
8,7.982237815856934,-1.0079917907714844,1.668225884437561,0.7087222162514095
8,8.004895210266113,-1.0149165391921997,1.665488839149475,0.7009164808364108
8,8.028085708618164,-1.0218738317489624,1.662914752960205,0.6945698355442079
8,8.051270484924316,-1.0287060737609863,1.6605631113052368,0.6884636315824654
8,8.074498176574707,-1.0354293584823608,1.6584209203720093,0.68287825575851
8,8.097708702087402,-1.0420304536819458,1.6564834117889404,0.6780204520648394
8,8.120894432067871,-1.0485124588012695,1.6547410488128662,0.6738155975817186
8,8.14405345916748,-1.0548765659332275,1.6531847715377808,0.6698946080442123
8,8.16722583770752,-1.0611343383789062,1.6518043279647827,0.666511295956185
8,8.190288543701172,-1.0672553777694702,1.6506009101867676,0.6637519583338655
8,8.213309288024902,-1.073261022567749,1.649566411972046,0.6614981296662343
8,8.236285209655762,-1.0791513919830322,1.6486982107162476,0.6595049554722058
8,8.259249687194824,-1.084933876991272,1.6479918956756592,0.6578947240998433
8,8.2821626663208,-1.0906000137329102,1.6474480628967285,0.6567082586481545
8,8.305022239685059,-1.0961500406265259,1.6470661163330078,0.6559480510050304
8,8.327744483947754,-1.1015645265579224,1.6468462944030762,0.6554718110663605
8,8.350436210632324,-1.1068675518035889,1.6467841863632202,0.6551613368418885
8,8.373067855834961,-1.1120513677597046,1.6468786001205444,0.655125810685886
8,8.395638465881348,-1.1171149015426636,1.6471284627914429,0.6553208272518779
8,8.418145179748535,-1.1220570802688599,1.6475331783294678,0.6557533465977012
8,8.44050407409668,-1.1268587112426758,1.648089051246643,0.6562834120703896
8,8.462846755981445,-1.1315451860427856,1.6487942934036255,0.6568676040995297
8,8.485159873962402,-1.1361116170883179,1.6496468782424927,0.6575603101245702
8,8.507441520690918,-1.1405553817749023,1.6506457328796387,0.6583375882436352
8,8.529647827148438,-1.1448657512664795,1.651787281036377,0.6591858367974268
8,8.551823616027832,-1.1490496397018433,1.6530722379684448,0.6600507982214132
8,8.573970794677734,-1.153104305267334,1.6544979810714722,0.6608441138918493
8,8.596111297607422,-1.1570299863815308,1.6560612916946411,0.6616061966090013
8,8.618221282958984,-1.1608197689056396,1.6577584743499756,0.6623384474003042
8,8.640260696411133,-1.1644645929336548,1.6595840454101562,0.6630309415377255
8,8.662269592285156,-1.1679691076278687,1.6615389585494995,0.6636497419000593
8,8.684249877929688,-1.1713311672210693,1.6636208295822144,0.6641790372201511
8,8.706199645996094,-1.1745482683181763,1.6658272743225098,0.664604270452541
8,8.728119850158691,-1.1776175498962402,1.668154001235962,0.6648673035708045
8,8.750022888183594,-1.180537462234497,1.670596718788147,0.6650033496720977
8,8.771894454956055,-1.1833041906356812,1.6731507778167725,0.6650090001922875
8,8.793702125549316,-1.1859114170074463,1.6758087873458862,0.6648786833233428
8,8.815479278564453,-1.188361644744873,1.6785712242126465,0.6645979776153395
8,8.837225914001465,-1.1906530857086182,1.6814342737197876,0.6641595044949631
8,8.858943939208984,-1.1927835941314697,1.684394359588623,0.6635577435974038
8,8.880630493164062,-1.1947517395019531,1.68744695186615,0.6627885274445544
8,8.902287483215332,-1.196555733680725,1.6905877590179443,0.6618461366411017
8,8.923913955688477,-1.198193907737732,1.693812608718872,0.6607267466553808
8,8.945511817932129,-1.19966459274292,1.697116732597351,0.6594271153989117
8,8.967079162597656,-1.2009661197662354,1.7004947662353516,0.6579322796721025
8,8.98861312866211,-1.2020962238311768,1.70393967628479,0.656254400331601
8,9.010117530822754,-1.2030538320541382,1.7074470520019531,0.6543973667643774
8,9.03159236907959,-1.2038376331329346,1.7110116481781006,0.6523616127605232
8,9.053038597106934,-1.2044461965560913,1.714627981185913,0.6501470485138953
8,9.074479103088379,-1.2048789262771606,1.7182948589324951,0.647762316514671
8,9.095890998840332,-1.2051340341567993,1.7220022678375244,0.6452044996461748
8,9.117274284362793,-1.2052102088928223,1.725744366645813,0.6424769649900057
8,9.138629913330078,-1.205106258392334,1.7295151948928833,0.6395816331595626
8,9.159958839416504,-1.2048211097717285,1.7333084344863892,0.6365213122403511
8,9.181270599365234,-1.2043533325195312,1.7371195554733276,0.6333016753078862
8,9.202570915222168,-1.203701138496399,1.7409429550170898,0.629933566321727
8,9.22386360168457,-1.202863097190857,1.7447724342346191,0.6264257538565497
8,9.245148658752441,-1.2018381357192993,1.748600959777832,0.6227800237372663
8,9.266425132751465,-1.2006243467330933,1.7524213790893555,0.618999093608038
8,9.287692070007324,-1.1992206573486328,1.7562255859375,0.6150878598823504
8,9.308950424194336,-1.1976253986358643,1.7600040435791016,0.6110571664688252
8,9.3302001953125,-1.1958374977111816,1.7637478113174438,0.6069205835198297
8,9.351439476013184,-1.193855881690979,1.7674486637115479,0.6026935820749876
8,9.372669219970703,-1.1916807889938354,1.7710978984832764,0.5983929052989299
8,9.393888473510742,-1.1893112659454346,1.7746870517730713,0.5940271379005269
8,9.415096282958984,-1.1867469549179077,1.7782074213027954,0.5896058365539321
8,9.43629264831543,-1.1839876174926758,1.7816495895385742,0.585142978052807
8,9.457476615905762,-1.1810331344604492,1.7850046157836914,0.5806531640046422
8,9.47864818572998,-1.1778836250305176,1.7882635593414307,0.5761513196200813
8,9.499804496765137,-1.1745399236679077,1.7914172410964966,0.5716610334908215
8,9.520947456359863,-1.1710028648376465,1.7944526672363281,0.5672382280609345
8,9.542075157165527,-1.167273759841919,1.7973580360412598,0.562864990445454
8,9.563187599182129,-1.1633540391921997,1.800124168395996,0.5585592611425239
8,9.584282875061035,-1.1592457294464111,1.8027420043945312,0.5543394432311156
8,9.605360984802246,-1.1549510955810547,1.805202841758728,0.5502237763131693
8,9.626418113708496,-1.1504729986190796,1.8074983358383179,0.5462306362522075
8,9.647455215454102,-1.1458145380020142,1.8096166849136353,0.5424768381617174
8,9.66847038269043,-1.140979528427124,1.8115450143814087,0.5389144942359144
8,9.689462661743164,-1.135972023010254,1.8132761716842651,0.535547649485198
8,9.710430145263672,-1.130797266960144,1.8148034811019897,0.5323938484839442
8,9.731371879577637,-1.1254608631134033,1.8161214590072632,0.5294798140825926
8,9.75228500366211,-1.1199694871902466,1.8172208070755005,0.5269817831229868
8,9.77316951751709,-1.1143304109573364,1.818091630935669,0.5247857500258533
8,9.794024467468262,-1.1085505485534668,1.8187313079833984,0.522889349646947
8,9.814847946166992,-1.1026371717453003,1.8191380500793457,0.5212922133307717
8,9.835638999938965,-1.0965992212295532,1.819309949874878,0.5201473291610493
8,9.856396675109863,-1.0904464721679688,1.8192399740219116,0.5194390813649029
8,9.877120971679688,-1.0841882228851318,1.8189294338226318,0.5190534753649533
8,9.897809982299805,-1.0778335332870483,1.8183822631835938,0.5189926625514898
8,9.918465614318848,-1.0713915824890137,1.8176017999649048,0.5194259060946395
8,9.9390869140625,-1.064874291419983,1.8165873289108276,0.5203007519181367
8,9.959674835205078,-1.0582913160324097,1.8153455257415771,0.5214601785276327
8,9.980230331420898,-1.0516514778137207,1.8138848543167114,0.5229212771744955
8,10.000754356384277,-1.0449658632278442,1.8122128248214722,0.5249012785546111
8,10.021249771118164,-1.0382461547851562,1.8103344440460205,0.5272040135283361
8,10.041717529296875,-1.031499981880188,1.8082606792449951,0.5297113210656788
8,10.062159538269043,-1.0247339010238647,1.8060027360916138,0.5324091996375058
8,10.0825777053833,-1.0179575681686401,1.8035694360733032,0.5355480649886919
8,10.102974891662598,-1.011178731918335,1.8009698390960693,0.5388048762870581
8,10.123353004455566,-1.0044021606445312,1.798215627670288,0.5421621715223178
8,10.143712043762207,-0.9976323246955872,1.7953178882598877,0.5456958101817065
8,10.164063453674316,-0.9908739924430847,1.7922834157943726,0.5494647309084726
8,10.184468269348145,-0.984112024307251,1.7891124486923218,0.5533382940221366
8,10.20516586303711,-0.97727370262146,1.7857756614685059,0.5573958814834433
8,10.226705551147461,-0.9701850414276123,1.7821861505508423,0.5617650517876746
8,10.248237609863281,-0.9631317257881165,1.778487205505371,0.5661214050371989
8,10.271371841430664,-0.9555909633636475,1.7744022607803345,0.5707429792355465
8,10.296597480773926,-0.9474125504493713,1.7698324918746948,0.5757188921256574
8,10.321819305419922,-0.9392833709716797,1.7651540040969849,0.5807154911760074
8,10.348897933959961,-0.9306133985519409,1.7600270509719849,0.5861256113386981
8,10.375977516174316,-0.9220037460327148,1.754808783531189,0.5914660616061087
8,10.404160499572754,-0.9131090044975281,1.7492945194244385,0.5970535492628513
8,10.432766914367676,-0.9041460156440735,1.743625521659851,0.602612586924351
8,10.461380004882812,-0.8952426314353943,1.7378966808319092,0.6081843236327255
8,10.490097999572754,-0.8863741755485535,1.7321046590805054,0.6137663229103203
8,10.518826484680176,-0.8775649070739746,1.7262804508209229,0.6192302811105697
8,10.547577857971191,-0.8688061237335205,1.7204355001449585,0.6246750534349789
8,10.57634162902832,-0.86009681224823,1.7145806550979614,0.6299851022233959
8,10.605120658874512,-0.8514341711997986,1.7087302207946777,0.6352884705690418
8,10.633915901184082,-0.8428151607513428,1.7028974294662476,0.6404735950916641
8,10.662728309631348,-0.8342349529266357,1.6970899105072021,0.6455889918552156
8,10.691557884216309,-0.8256857991218567,1.6913204193115234,0.6506126400440322
8,10.720404624938965,-0.8171645998954773,1.6855980157852173,0.6555372754302481
8,10.749271392822266,-0.8086705207824707,1.6799356937408447,0.6604102910293642
8,10.778158187866211,-0.8001970648765564,1.674343228340149,0.6651044849704072
8,10.807064056396484,-0.7917391061782837,1.6688294410705566,0.6697630110563464
8,10.835989952087402,-0.7832920551300049,1.663404107093811,0.6742736436854405
8,10.864937782287598,-0.7748547792434692,1.6580774784088135,0.6786565245430778
8,10.893906593322754,-0.7664243578910828,1.652860164642334,0.6829472973907997
8,10.922896385192871,-0.7579969167709351,1.647758960723877,0.6870708465571534
8,10.951908111572266,-0.7495672702789307,1.6427834033966064,0.6911241135787771
8,10.980941772460938,-0.741132915019989,1.6379411220550537,0.6949612986963187
8,11.00999641418457,-0.7326950430870056,1.6332404613494873,0.6986699147820375
8,11.039073944091797,-0.7242505550384521,1.6286898851394653,0.7022115315118967
8,11.068172454833984,-0.7157974243164062,1.6242947578430176,0.7056042338493309
8,11.097291946411133,-0.7073332667350769,1.6200624704360962,0.7088817509211996
8,11.126431465148926,-0.6988555788993835,1.6159982681274414,0.7119188091907328
8,11.155590057373047,-0.6903645396232605,1.612107753753662,0.7148191921598507
8,11.184770584106445,-0.6818615794181824,1.608396291732788,0.7174639254393553
8,11.213968276977539,-0.6733452081680298,1.6048678159713745,0.7199471441289392
8,11.243185997009277,-0.6648146510124207,1.601526141166687,0.7222805854720089
8,11.272420883178711,-0.6562695503234863,1.5983741283416748,0.7243645546493435
8,11.301678657531738,-0.6477070450782776,1.5954139232635498,0.7263317553833031
8,11.330975532531738,-0.6391229033470154,1.5926461219787598,0.7280129560219202
8,11.360284805297852,-0.6305238008499146,1.5900746583938599,0.729545691248911
8,11.389670372009277,-0.6218935251235962,1.5876952409744263,0.7307926200679082
8,11.419068336486816,-0.6132528781890869,1.5855145454406738,0.7317777646943585
8,11.448612213134766,-0.6045648455619812,1.5835247039794922,0.7325743792361782
8,11.478167533874512,-0.5958717465400696,1.5817383527755737,0.733115719171827
8,11.507974624633789,-0.5871081948280334,1.5801454782485962,0.7335916579830637
8,11.54288387298584,-0.576847493648529,1.5785263776779175,0.7339152603659977
8,11.577805519104004,-0.5665918588638306,1.577154517173767,0.7335372166813616
8,11.64111042022705,-0.5480472445487976,1.5752626657485962,0.7324197332040833
8,11.704456329345703,-0.5295796394348145,1.5741517543792725,0.7306066099888867
8,11.773473739624023,-0.5096367597579956,1.5738075971603394,0.7270482058826366
8,11.898458480834961,-0.47452616691589355,1.5751042366027832,0.7182071765423867
9,0.6414505243301392,-0.8887923359870911,1.269213080406189,1.0600854474505996
9,0.6735001802444458,-0.8888533115386963,1.2482261657714844,1.0638173059059957
9,0.7136561274528503,-0.8889360427856445,1.2208627462387085,1.0620556312905838
9,0.8097189664840698,-0.8891541361808777,1.1510047912597656,1.063395676524055
9,0.9028995037078857,-0.8893865346908569,1.0773411989212036,1.0673842962480222
9,0.9649112820625305,-0.8895389437675476,1.0255869626998901,1.0732728501002724
9,1.056230068206787,-0.8897522687911987,0.9463228583335876,1.093936147579318
9,1.1466941833496094,-0.8899294137954712,0.8645575642585754,1.1373282955547122
9,1.2102299928665161,-0.8900284767150879,0.8059993386268616,1.186933606196544
9,1.3001645803451538,-0.8901535868644714,0.7235904932022095,1.3008014840517799
9,1.3899357318878174,-0.8902329802513123,0.6404841542243958,1.484061072231783
9,1.482029914855957,-0.8902870416641235,0.5599824786186218,1.711539536563532
9,1.542056918144226,-0.8902539014816284,0.5130680799484253,1.8805636765389644
9,1.644410490989685,-0.8899767398834229,0.4462009072303772,2.2568526349942664
9,1.6667884588241577,-0.88987797498703,0.4336962401866913,2.346283686084887
9,1.7822377681732178,-0.8894913196563721,0.38795924186706543,2.8669976843265816
9,1.837326169013977,-0.8893298506736755,0.3742116689682007,3.1291138145889956
9,1.8739069700241089,-0.8892051577568054,0.36753129959106445,3.285860386777423
9,1.913515567779541,-0.8890213370323181,0.36262384057044983,3.449232308372706
9,2.037761688232422,-0.8879641890525818,0.359701931476593,3.735103098677311
9,2.161120891571045,-0.8863335847854614,0.3744121491909027,3.4704533259003547
9,2.2782232761383057,-0.8851058483123779,0.4152284860610962,2.989576833681915
9,2.3334007263183594,-0.8848861455917358,0.44639334082603455,2.767407096600817
9,2.4325497150421143,-0.8855374455451965,0.5178977847099304,2.5384007540152163
9,2.450993776321411,-0.8858277797698975,0.5330837965011597,2.522180814019556
9,2.4700493812561035,-0.8861685991287231,0.5487847924232483,2.4708021309184303
9,2.5690758228302,-0.8883833885192871,0.6206045150756836,2.3225709691028293
9,2.643888235092163,-0.8904060125350952,0.6668317914009094,2.270711919827475
9,2.7226247787475586,-0.8926472067832947,0.7126582264900208,2.10448378379416
9,2.780318260192871,-0.894285261631012,0.7458834052085876,1.983475276393699
9,2.8853180408477783,-0.8972837924957275,0.8088318705558777,1.714155210859191
9,2.9518747329711914,-0.8990341424942017,0.8498964309692383,1.5634661402342294
9,3.057638168334961,-0.9013106822967529,0.9115809798240662,1.3840468583960033
9,3.1667110919952393,-0.9029133915901184,0.9672051072120667,1.2809493587776233
9,3.279802083969116,-0.9038473963737488,1.0141268968582153,1.2241472355642278
9,3.3955037593841553,-0.9044236540794373,1.0542432069778442,1.1862585408059863
9,3.513113260269165,-0.9048044085502625,1.0883818864822388,1.1618811434341518
9,3.631932497024536,-0.9051647186279297,1.1180495023727417,1.14394054568835
9,3.75165057182312,-0.9055615067481995,1.1438671350479126,1.1297519544574897
9,3.871988534927368,-0.9060465097427368,1.166512370109558,1.1189745561262325
9,3.9925811290740967,-0.9066380262374878,1.186463475227356,1.1094736992761
9,4.113532066345215,-0.9073477387428284,1.2041106224060059,1.1015126884851467
9,4.233657360076904,-0.9081772565841675,1.219746708869934,1.0945521388053632
9,4.353983402252197,-0.9091381430625916,1.2337499856948853,1.0881729412483825
9,4.471231460571289,-0.9102076888084412,1.2460339069366455,1.0825955500506304
9,4.582278251647949,-0.9113538265228271,1.2565861940383911,1.077613866087739
9,4.693408966064453,-0.9126420617103577,1.266194462776184,1.0728473576034796
9,4.79615592956543,-0.9139750599861145,1.2743335962295532,1.0686011629526826
9,4.891077995300293,-0.9153426885604858,1.2812795639038086,1.0647526170456307
9,4.980850696563721,-0.9167700409889221,1.2873859405517578,1.0611259769223043
9,5.070648193359375,-0.9183415174484253,1.29308021068573,1.0575280295704919
9,5.158036231994629,-0.9200230836868286,1.298254132270813,1.0540274591595018
9,5.244785308837891,-0.9218570590019226,1.303054928779602,1.0505301955523125
9,5.332635879516602,-0.9238990545272827,1.3075932264328003,1.0469560170559897
9,5.423009872436523,-0.9262140393257141,1.3119369745254517,1.043241808654626
9,5.5161566734313965,-0.9288520812988281,1.31607985496521,1.0393452507927279
9,5.611814975738525,-0.9318579435348511,1.3199867010116577,1.0352187084867728
9,5.7074761390686035,-0.9351993799209595,1.3235406875610352,1.0309342567248079
9,5.8053178787231445,-0.9390048384666443,1.3268041610717773,1.0263774156143912
9,5.904965877532959,-0.9433337450027466,1.3297274112701416,1.0215245692498283
9,6.006014347076416,-0.9482524991035461,1.3322558403015137,1.0163619422578294
9,6.108040809631348,-0.9538299441337585,1.3343310356140137,1.0109568813625502
9,6.209692478179932,-0.9600754380226135,1.3358774185180664,1.005327546312348
9,6.311697483062744,-0.9671394228935242,1.336834192276001,0.9994913062855746
9,6.4141974449157715,-0.9751198887825012,1.3371236324310303,0.9939947241228039
9,6.515889644622803,-0.9840030074119568,1.3367023468017578,0.9889622620143715
9,6.617483139038086,-0.9939066171646118,1.3356409072875977,0.984463296172776
9,6.644228458404541,-0.9966939091682434,1.3352497816085815,0.9831259160064804
9,6.670772552490234,-0.9995471239089966,1.3347896337509155,0.9818500095370583
9,6.69720458984375,-1.0024865865707397,1.334246039390564,0.980642713264954
9,6.723587989807129,-1.0055266618728638,1.3336108922958374,0.9795538103038639
9,6.74991512298584,-1.0086690187454224,1.3328831195831299,0.9785712794968682
9,6.776208877563477,-1.011915683746338,1.3320640325546265,0.9776806346868864
9,6.802473068237305,-1.0152660608291626,1.33115553855896,0.97686983761163
9,6.828704833984375,-1.0187209844589233,1.3301583528518677,0.9761646817403485
9,6.855297088623047,-1.0223356485366821,1.3290566205978394,0.9755711069411737
9,6.881814479827881,-1.0260593891143799,1.327864170074463,0.9750662029686461
9,6.907819747924805,-1.0298346281051636,1.3265995979309082,0.9746819673055843
9,6.933802604675293,-1.0337343215942383,1.325239658355713,0.9744417461151456
9,6.9597601890563965,-1.0377627611160278,1.3237829208374023,0.9743461779919427
9,6.985684871673584,-1.0419220924377441,1.3222289085388184,0.9743944793810755
9,7.011569976806641,-1.0462141036987305,1.3205780982971191,0.9745892050129081
9,7.037407875061035,-1.050640344619751,1.3188310861587524,0.9749308584956484
9,7.063197612762451,-1.0552035570144653,1.316988229751587,0.9754022885882575
9,7.0889105796813965,-1.0599017143249512,1.3150525093078613,0.9760231697637888
9,7.114560127258301,-1.0647410154342651,1.3130245208740234,0.9767989407330058
9,7.140141010284424,-1.0697239637374878,1.310906171798706,0.9777287993691403
9,7.165646553039551,-1.0748533010482788,1.308700680732727,0.9788092307097344
9,7.191071510314941,-1.0801305770874023,1.3064110279083252,0.9800068158776947
9,7.216432094573975,-1.0855623483657837,1.3040387630462646,0.9813374399072483
9,7.241705417633057,-1.091146469116211,1.301590085029602,0.982791532434642
9,7.266887187957764,-1.0968841314315796,1.299069881439209,0.9843586628221145
9,7.291972637176514,-1.102776288986206,1.2964831590652466,0.9860103743090881
9,7.316982746124268,-1.1088299751281738,1.2938320636749268,0.987730192180446
9,7.341891765594482,-1.1150405406951904,1.291123628616333,0.9895225744416171
9,7.366695880889893,-1.121408224105835,1.2883625030517578,0.9913735046276803
9,7.391392230987549,-1.1279329061508179,1.28555166721344,0.9932421577821811
9,7.4160590171813965,-1.1346356868743896,1.2826824188232422,0.9950948668936849
9,7.440615653991699,-1.1414932012557983,1.2797627449035645,0.996903838677499
9,7.464998722076416,-1.148482084274292,1.2767969369888306,0.9985841443937425
9,7.489250659942627,-1.155604600906372,1.2737740278244019,1.0000007077805009
9,7.51340913772583,-1.1628581285476685,1.2706793546676636,1.0010639080525126
9,7.538068771362305,-1.1704010963439941,1.2674273252487183,1.0017264622495958
9,7.562036037445068,-1.1778415441513062,1.2641676664352417,1.0017522330615205
9,7.585920810699463,-1.1853346824645996,1.26081383228302,1.0012504886518125
9,7.609713077545166,-1.192844033241272,1.2573679685592651,1.0003238475574077
9,7.633420467376709,-1.2003413438796997,1.2538342475891113,0.9990596584000804
9,7.6570634841918945,-1.2078019380569458,1.2502192258834839,0.9975613207141232
9,7.681046485900879,-1.215322732925415,1.2464789152145386,0.996038581583056
9,7.7045769691467285,-1.222628116607666,1.242761254310608,0.9944993961029759
9,7.727681636810303,-1.2297035455703735,1.2390921115875244,0.9931492355936798
9,7.751457691192627,-1.236860990524292,1.235334038734436,0.9922244841079055
9,7.775923728942871,-1.2440786361694336,1.2315247058868408,0.9918282666721064
9,7.801113605499268,-1.2513481378555298,1.2276995182037354,0.9920898796511276
9,7.825688362121582,-1.2582731246948242,1.2240939140319824,0.9928741901974627
9,7.85028600692749,-1.265033483505249,1.2206356525421143,0.9942110741730822
9,7.874905586242676,-1.271627426147461,1.2173435688018799,0.9960601283461796
9,7.900252342224121,-1.2782436609268188,1.214134693145752,0.9984363645248164
9,7.925013065338135,-1.2845394611358643,1.2111802101135254,1.0010966552207923
9,7.949785232543945,-1.290677785873413,1.2083991765975952,1.0039284295103503
9,7.974563121795654,-1.2966641187667847,1.2057825326919556,1.0068402718078542
9,7.999290943145752,-1.3024916648864746,1.203324317932129,1.0097419803365992
9,8.024059295654297,-1.3081870079040527,1.2010031938552856,1.0125554789833429
9,8.048927307128906,-1.3137681484222412,1.1988027095794678,1.015246428200235
9,8.073659896850586,-1.3191872835159302,1.1967332363128662,1.017780526263477
9,8.098272323608398,-1.3244531154632568,1.1947839260101318,1.0201619849866832
9,8.1231107711792,-1.329642653465271,1.1929208040237427,1.022394982997778
9,8.147972106933594,-1.3347142934799194,1.1911555528640747,1.0244932808127118
9,8.172807693481445,-1.3396610021591187,1.189488410949707,1.026475314769974
9,8.197617530822754,-1.344484806060791,1.1879169940948486,1.0283587297554366
9,8.222397804260254,-1.3491878509521484,1.1864396333694458,1.0301591128090082
9,8.247146606445312,-1.353771448135376,1.1850553750991821,1.0318257166294598
9,8.27190113067627,-1.3582444190979004,1.1837612390518188,1.0334111746230226
9,8.296619415283203,-1.3626006841659546,1.1825590133666992,1.0349338817784801
9,8.32129955291748,-1.3668416738510132,1.1814478635787964,1.036400623380491
9,8.345937728881836,-1.3709688186645508,1.1804274320602417,1.037815941811979
9,8.370532989501953,-1.374983310699463,1.1794966459274292,1.0391842812624257
9,8.395082473754883,-1.3788866996765137,1.1786547899246216,1.0404175241766898
9,8.419455528259277,-1.382659912109375,1.177904725074768,1.0415912507960963
9,8.44398307800293,-1.3863557577133179,1.1772356033325195,1.042732712598015
9,8.46845817565918,-1.38994300365448,1.1766526699066162,1.0438288901515693
9,8.492877960205078,-1.3934228420257568,1.1761548519134521,1.0448822756215548
9,8.517239570617676,-1.3967959880828857,1.1757408380508423,1.0458943055188712
9,8.541542053222656,-1.4000635147094727,1.1754096746444702,1.0468579680564605
9,8.565808296203613,-1.4032295942306519,1.1751596927642822,1.047697389195093
9,8.590009689331055,-1.406292200088501,1.174989938735962,1.0484900933018588
9,8.614066123962402,-1.4092426300048828,1.1748989820480347,1.04923330921624
9,8.638062477111816,-1.412093162536621,1.1748847961425781,1.0499312037496684
9,8.662020683288574,-1.4148473739624023,1.1749459505081177,1.050586082288868
9,8.68593978881836,-1.4175058603286743,1.1750812530517578,1.051191989343778
9,8.709819793701172,-1.4200692176818848,1.1752897500991821,1.051742700967218
9,8.733656883239746,-1.4225385189056396,1.1755695343017578,1.0522481390081482
9,8.757452964782715,-1.4249143600463867,1.1759192943572998,1.0526998288015479
9,8.781152725219727,-1.4271929264068604,1.1763362884521484,1.0530349658145703
9,8.80482006072998,-1.4293816089630127,1.176819920539856,1.0533151548058752
9,8.828439712524414,-1.431479573249817,1.177367925643921,1.0535406138203631
9,8.852009773254395,-1.433487892150879,1.177978754043579,1.0537101012694179
9,8.875529289245605,-1.4354074001312256,1.1786502599716187,1.0538223688331023
9,8.89899730682373,-1.4372389316558838,1.1793806552886963,1.0538758512394228
9,8.922353744506836,-1.4389793872833252,1.1801658868789673,1.0538672442632162
9,8.945655822753906,-1.4406342506408691,1.1810053586959839,1.0537996231392184
9,8.968900680541992,-1.442204475402832,1.1818972826004028,1.0536727221763968
9,8.99208927154541,-1.4436912536621094,1.182839274406433,1.0534862754401098
9,9.015217781066895,-1.445095419883728,1.1838291883468628,1.0532404883329765
9,9.038287162780762,-1.4464184045791626,1.1848649978637695,1.0529355538147154
9,9.061294555664062,-1.4476609230041504,1.1859444379806519,1.0525716211730125
9,9.084240913391113,-1.4488242864608765,1.1870653629302979,1.0521517467817059
9,9.107085227966309,-1.4499080181121826,1.1882234811782837,1.05167586363271
9,9.129908561706543,-1.45091712474823,1.1894207000732422,1.051120978894599
9,9.152626037597656,-1.4518487453460693,1.1906505823135376,1.0505089653699649
9,9.175273895263672,-1.452705979347229,1.1919126510620117,1.0498468249705402
9,9.19784927368164,-1.453489899635315,1.1932049989700317,1.0491365244513542
9,9.220353126525879,-1.4542016983032227,1.194525122642517,1.0483800942174437
9,9.242783546447754,-1.4548428058624268,1.1958712339401245,1.0475791340867107
9,9.265140533447266,-1.4554142951965332,1.1972410678863525,1.0467358737378425
9,9.287422180175781,-1.4559173583984375,1.1986327171325684,1.0458529390383455
9,9.3096284866333,-1.4563531875610352,1.20004403591156,1.044932516465697
9,9.331758499145508,-1.4567230939865112,1.2014732360839844,1.0439773072576646
9,9.353813171386719,-1.4570281505584717,1.2029181718826294,1.042989900574388
9,9.375866889953613,-1.4572705030441284,1.204382300376892,1.041969902709945
9,9.397843360900879,-1.4574499130249023,1.205858826637268,1.0409234766588384
9,9.419743537902832,-1.457567811012268,1.2073458433151245,1.0398536962621416
9,9.44156551361084,-1.4576252698898315,1.2088415622711182,1.0387639192488392
9,9.463310241699219,-1.4576234817504883,1.2103445529937744,1.0376563731533532
9,9.484978675842285,-1.4575637578964233,1.21185302734375,1.036533544397954
9,9.506590843200684,-1.4574469327926636,1.2133668661117554,1.0353978117879612
9,9.52818775177002,-1.4572737216949463,1.2148874998092651,1.034251463883083
9,9.549782752990723,-1.4570443630218506,1.2164145708084106,1.0330830306552716
9,9.571377754211426,-1.4567594528198242,1.2179465293884277,1.031909253708003
9,9.592970848083496,-1.4564197063446045,1.2194819450378418,1.0307299306036863
9,9.614563941955566,-1.4560253620147705,1.2210196256637573,1.0295473832532653
9,9.636154174804688,-1.4555773735046387,1.2225580215454102,1.0283644130343437
9,9.657744407653809,-1.4550763368606567,1.2240959405899048,1.0271835923147836
9,9.679333686828613,-1.4545228481292725,1.2256320714950562,1.0260078585409922
9,9.700921058654785,-1.4539177417755127,1.2271651029586792,1.0248396770986967
9,9.722508430480957,-1.4532616138458252,1.2286937236785889,1.0236868883331522
9,9.744093894958496,-1.4525551795959473,1.2302168607711792,1.0225499706316918
9,9.765678405761719,-1.4517991542816162,1.2317330837249756,1.0214300331393598
9,9.787261009216309,-1.4509944915771484,1.2332415580749512,1.0203298260464433
9,9.808842658996582,-1.4501417875289917,1.2347408533096313,1.0192523414290497
9,9.830423355102539,-1.4492419958114624,1.2362298965454102,1.0181858695849932
9,9.85200309753418,-1.4482958316802979,1.2377077341079712,1.0171447955299118
9,9.873580932617188,-1.447304368019104,1.239173173904419,1.016137904840484
9,9.895157814025879,-1.4462684392929077,1.240625262260437,1.015164834702703
9,9.916733741760254,-1.4451886415481567,1.242063045501709,1.0142222017866966
9,9.938308715820312,-1.444066047668457,1.243485450744629,1.0133188899775611
9,9.959881782531738,-1.442901611328125,1.2448917627334595,1.0124572196714865
9,9.981454849243164,-1.4416964054107666,1.2462811470031738,1.011639989600851
9,10.003026008605957,-1.4404511451721191,1.2476526498794556,1.0108692774872194
9,10.024595260620117,-1.4391670227050781,1.2490057945251465,1.0101487259886202
9,10.046164512634277,-1.4378451108932495,1.2503396272659302,1.0094878002228214
9,10.067732810974121,-1.4364863634109497,1.2516536712646484,1.008880658446176
9,10.089299201965332,-1.4350917339324951,1.252947449684143,1.0083291604807665
9,10.110865592956543,-1.4336625337600708,1.2542202472686768,1.0078354018282902
9,10.132430076599121,-1.4321995973587036,1.2554717063903809,1.0074015849420372
9,10.154001235961914,-1.4307037591934204,1.2567018270492554,1.0070307282945437
9,10.175642013549805,-1.4291713237762451,1.257913589477539,1.0067252169592658
9,10.197604179382324,-1.4275846481323242,1.2591197490692139,1.0064989755233056
9,10.219565391540527,-1.4259674549102783,1.2603018283843994,1.0063453462636343
9,10.242427825927734,-1.4242531061172485,1.26150643825531,1.0062431666084222
9,10.266996383666992,-1.4223774671554565,1.2627711296081543,1.0061861809704287
9,10.293790817260742,-1.420295238494873,1.264115571975708,1.006240810359384
9,10.320585250854492,-1.4181767702102661,1.2654238939285278,1.0063868017864732
9,10.349350929260254,-1.4158648252487183,1.2667886018753052,1.006629255280196
9,10.3781156539917,-1.4135162830352783,1.2681119441986084,1.007049004726057
9,10.40804672241211,-1.4110363721847534,1.2694456577301025,1.0075840288088012
9,10.438421249389648,-1.4084851741790771,1.2707539796829224,1.0082996791910397
9,10.468793869018555,-1.4059010744094849,1.272017478942871,1.0091670775845263
9,10.499265670776367,-1.4032790660858154,1.2732408046722412,1.0101517414611036
9,10.529736518859863,-1.4006298780441284,1.2744207382202148,1.011344632372942
9,10.560216903686523,-1.3979554176330566,1.2755588293075562,1.0126250579468636
9,10.590697288513184,-1.3952598571777344,1.2766562700271606,1.0140547280660501
9,10.621176719665527,-1.392545223236084,1.2777146100997925,1.0156400594924853
9,10.651656150817871,-1.3898146152496338,1.2787362337112427,1.0173318219727288
9,10.682135581970215,-1.387070655822754,1.2797234058380127,1.0192080048150807
9,10.712615013122559,-1.3843156099319458,1.280678391456604,1.0211916660970866
9,10.743094444274902,-1.3815521001815796,1.2816041707992554,1.0233042339302458
9,10.773574829101562,-1.3787823915481567,1.2825031280517578,1.0255616655102584
9,10.804054260253906,-1.3760088682174683,1.28337824344635,1.0279128046568717
9,10.834535598754883,-1.3732340335845947,1.2842326164245605,1.030390419282826
9,10.86501693725586,-1.3704599142074585,1.2850687503814697,1.0329554961804162
9,10.895498275756836,-1.3676890134811401,1.2858903408050537,1.035617795588658
9,10.925980567932129,-1.3649232387542725,1.2867000102996826,1.0383979157095444
9,10.956464767456055,-1.3621646165847778,1.287501335144043,1.0412509427183505
9,10.98694896697998,-1.3594152927398682,1.2882980108261108,1.0442022596777045
9,11.017434120178223,-1.3566769361495972,1.2890924215316772,1.0472280044020608
9,11.047921180725098,-1.3539516925811768,1.289888620376587,1.0503182795886852
9,11.078409194946289,-1.3512412309646606,1.2906893491744995,1.053477597011905
9,11.108898162841797,-1.348547339439392,1.2914977073669434,1.0566659825732918
9,11.139389038085938,-1.3458720445632935,1.2923170328140259,1.0598927985689268
9,11.169880867004395,-1.343216896057129,1.2931493520736694,1.0631613676814065
9,11.200374603271484,-1.3405835628509521,1.2939982414245605,1.066465141170759
9,11.230871200561523,-1.3379733562469482,1.2948664426803589,1.0697985901452987
9,11.261369705200195,-1.335387945175171,1.2957561016082764,1.0731548859909608
9,11.291876792907715,-1.332828164100647,1.2966703176498413,1.0765299743517087
9,11.322385787963867,-1.3302958011627197,1.2976107597351074,1.079909115640688
9,11.352921485900879,-1.3277902603149414,1.298580527305603,1.0833022236953107
9,11.383523941040039,-1.3253097534179688,1.299583077430725,1.0866997193150756
9,11.414127349853516,-1.3228604793548584,1.3006174564361572,1.090040603471495
9,11.44487190246582,-1.3204325437545776,1.3016902208328247,1.093357425553007
9,11.475618362426758,-1.318038821220398,1.3027979135513306,1.0967509951971335
9,11.50661563873291,-1.3156628608703613,1.3039512634277344,1.1001878178284294
9,11.54290771484375,-1.3129279613494873,1.3053479194641113,1.1041503327045543
9,11.579202651977539,-1.310241937637329,1.3067927360534668,1.107608307623647
9,11.644967079162598,-1.3054978847503662,1.3095295429229736,1.1142501978503827
9,11.710737228393555,-1.3009148836135864,1.3124215602874756,1.1207572651561115
9,11.782341957092285,-1.296103596687317,1.3157371282577515,1.1259518302854215
9,11.840365409851074,-1.2923253774642944,1.3185392618179321,1.1299915871479036
10,0.9774272441864014,1.2592244148254395,2.229623794555664,0.9345555372758447
10,1.0889140367507935,1.25965416431427,2.1828298568725586,0.9082050593723334
10,1.200890302658081,1.2601224184036255,2.1345643997192383,0.8779569392223915
10,1.31242036819458,1.2606253623962402,2.0852773189544678,0.844881572108265
10,1.424014687538147,1.261164665222168,2.0351719856262207,0.8081338111070613
10,1.5102266073226929,1.261606216430664,1.9959415197372437,0.7769389390463523
10,1.6216737031936646,1.262208104133606,1.945229172706604,0.7323453683546548
10,1.706538200378418,1.2626897096633911,1.9068028926849365,0.6954285536253463
10,1.818759560585022,1.2633541822433472,1.857767939567566,0.6417659608941921
10,1.9323176145553589,1.2640577554702759,1.8119417428970337,0.587255696374103
10,2.0485270023345947,1.2648067474365234,1.7733789682388306,0.532122032196332
10,2.1681416034698486,1.2656283378601074,1.7475374937057495,0.5072860382961136
10,2.252531051635742,1.266255497932434,1.7401776313781738,0.5027320545862903
10,2.3748409748077393,1.2672579288482666,1.7444335222244263,0.5403564280203986
10,2.495957612991333,1.268359661102295,1.762325644493103,0.593817141940495
10,2.615896224975586,1.2695229053497314,1.787051796913147,0.6550259307153505
10,2.6599230766296387,1.2699626684188843,1.7972657680511475,0.6765801501212466
10,2.779115676879883,1.271161675453186,1.8254019021987915,0.7313117525459487
10,2.8474037647247314,1.2718510627746582,1.8415942192077637,0.7604277989612184
10,2.935455083847046,1.2727383375167847,1.8621166944503784,0.792271194856867
10,3.0549817085266113,1.2739367485046387,1.8887971639633179,0.8325698781421554
10,3.1748428344726562,1.2751396894454956,1.9139281511306763,0.8638391633676838
10,3.2713325023651123,1.2761147022247314,1.9328795671463013,0.8868449081273065
10,3.3918027877807617,1.277356505393982,1.9549049139022827,0.9100083945865672
10,3.512559413909912,1.2786391973495483,1.9753003120422363,0.9299760355941823
10,3.6335737705230713,1.2799835205078125,1.9941023588180542,0.9470855906456221
10,3.754805326461792,1.2814040184020996,2.011444091796875,0.9601709143312519
10,3.8762025833129883,1.2829182147979736,2.0274248123168945,0.9720087254298136
10,3.9975357055664062,1.284543514251709,2.0421535968780518,0.9811737194195997
10,4.118998050689697,1.286295771598816,2.0557644367218018,0.9890871806606203
10,4.239480018615723,1.2881814241409302,2.068253755569458,0.9959198876976648
10,4.360050678253174,1.2902342081069946,2.079831123352051,1.000975764931981
10,4.477459907531738,1.2924134731292725,2.0902950763702393,1.0054316891133235
10,4.588606834411621,1.2946653366088867,2.099536180496216,1.0089153170349778
10,4.699796676635742,1.2971206903457642,2.1081862449645996,1.0117049031886542
10,4.802570343017578,1.299593210220337,2.115701198577881,1.0139515483458663
10,4.897497177124023,1.3020702600479126,2.122267961502075,1.0157168537602617
10,4.9872589111328125,1.3046011924743652,2.128174304962158,1.017086326303417
10,5.077032089233398,1.307332158088684,2.1338095664978027,1.0182093813399078
10,5.1643853187561035,1.3101980686187744,2.1390528678894043,1.0191288525494469
10,5.250959873199463,1.313259243965149,2.1440348625183105,1.0199243944592553
10,5.3373823165893555,1.3165528774261475,2.1488122940063477,1.0206220688630447
10,5.4237895011901855,1.320104718208313,2.1534104347229004,1.0212518897295713
10,5.510193347930908,1.3239370584487915,2.1578457355499268,1.0218466658434173
10,5.596590518951416,1.3280744552612305,2.1621346473693848,1.0224424148157456
10,5.682977676391602,1.3325419425964355,2.1662912368774414,1.0230858042112292
10,5.7693634033203125,1.337367296218872,2.17033052444458,1.023829995021949
10,5.856936454772949,1.3426538705825806,2.1743204593658447,1.0247428619391852
10,5.947463512420654,1.3485651016235352,2.178351640701294,1.025919361837295
10,6.041216850280762,1.3551942110061646,2.182446002960205,1.0274298063225538
10,6.134683609008789,1.3623460531234741,2.1864664554595947,1.029327084812804
10,6.230640888214111,1.3702811002731323,2.1905531883239746,1.0318393821896261
10,6.326546669006348,1.3788272142410278,2.194620132446289,1.034936659417775
10,6.424437999725342,1.3881754875183105,2.198822259902954,1.0388303288127156
10,6.5046844482421875,1.3962767124176025,2.2024314403533936,1.0429457150007824
10,6.556362628936768,1.4016550779342651,2.2049176692962646,1.0459844925784019
10,6.5821380615234375,1.4043822288513184,2.2062230110168457,1.0473838247080163
10,6.607791900634766,1.407130241394043,2.207540988922119,1.0487254807059163
10,6.633378982543945,1.409907579421997,2.208862781524658,1.0500727693706033
10,6.6590142250061035,1.412728190422058,2.2101871967315674,1.0514272128294038
10,6.684646129608154,1.4155869483947754,2.2115089893341064,1.052820708418935
10,6.710300922393799,1.4184867143630981,2.2128303050994873,1.054258836765974
10,6.735983848571777,1.4214266538619995,2.214154005050659,1.0557423971096818
10,6.761692523956299,1.4244047403335571,2.2154834270477295,1.0572665270739674
10,6.787420272827148,1.4274184703826904,2.2168214321136475,1.0588217549485333
10,6.813023090362549,1.4304487705230713,2.218163251876831,1.0604064023860869
10,6.838565826416016,1.433502197265625,2.2195141315460205,1.062015346887665
10,6.8641157150268555,1.4365853071212769,2.2208786010742188,1.0636157717628747
10,6.889753341674805,1.4397064447402954,2.222262144088745,1.0652150685772317
10,6.9154052734375,1.4428558349609375,2.223661184310913,1.066811136506632
10,6.941068172454834,1.4460320472717285,2.225076198577881,1.0683933295154198
10,6.966736793518066,1.4492336511611938,2.2265071868896484,1.0699549285202987
10,6.992405414581299,1.4524589776992798,2.227954387664795,1.0714950000874082
10,7.01788854598999,1.455683708190918,2.22940731048584,1.0729947619498612
10,7.04336404800415,1.4589293003082275,2.2308762073516846,1.074454248048986
10,7.068827152252197,1.462194561958313,2.232361078262329,1.0758662228761624
10,7.094272136688232,1.4654781818389893,2.2338616847991943,1.0772232286477736
10,7.11969518661499,1.4687790870666504,2.235377550125122,1.0785182904662016
10,7.145090103149414,1.4720964431762695,2.236907958984375,1.0797444449441025
10,7.170454025268555,1.4754295349121094,2.238452434539795,1.0808971672237826
10,7.195667266845703,1.4787625074386597,2.2400028705596924,1.0819751684514132
10,7.22084379196167,1.4821103811264038,2.241565227508545,1.0829732464527881
10,7.246897220611572,1.485595941543579,2.243196487426758,1.0839033662301862
10,7.272919654846191,1.4890981912612915,2.2448389530181885,1.084715582365231
10,7.297983169555664,1.492492437362671,2.2464327812194824,1.0854525145556626
10,7.322994232177734,1.495901346206665,2.2480342388153076,1.0860864926789802
10,7.34798526763916,1.499329924583435,2.2496440410614014,1.0866190916046352
10,7.372915744781494,1.502773642539978,2.251258373260498,1.08705022576072
10,7.397698879241943,1.5062205791473389,2.252870559692383,1.0873703550258562
10,7.421810626983643,1.509598970413208,2.254443883895874,1.08756182017209
10,7.446622848510742,1.5131021738052368,2.256066083908081,1.0876426381920083
10,7.471837520599365,1.516690969467163,2.2577152252197266,1.0876040098828232
10,7.495968818664551,1.5201557874679565,2.259291410446167,1.0874118108384823
10,7.5204901695251465,1.5237089395523071,2.260887861251831,1.0870899673204422
10,7.544938087463379,1.5272856950759888,2.262470245361328,1.0866095823328763
10,7.569231033325195,1.5308760404586792,2.264029026031494,1.0859424253234067
10,7.593443393707275,1.5344960689544678,2.26556396484375,1.0850665320983477
10,7.618024826049805,1.5382193326950073,2.267099380493164,1.0840253194670706
10,7.643288612365723,1.5421013832092285,2.268650531768799,1.0827321653105477
10,7.667807102203369,1.5459297895431519,2.270127296447754,1.0812083526332859
10,7.692261219024658,1.5498110055923462,2.2715699672698975,1.0794028160820601
10,7.716656684875488,1.553746223449707,2.272977590560913,1.0772577960333187
10,7.740893840789795,1.557716965675354,2.2743425369262695,1.0746517710596954
10,7.76507043838501,1.561733365058899,2.2756688594818115,1.0715653683076518
10,7.789186477661133,1.5657844543457031,2.276953935623169,1.0673953107847851
10,7.813231945037842,1.5698435306549072,2.2781946659088135,1.062790866119582
10,7.837224006652832,1.5738736391067505,2.2793920040130615,1.0571678426766296
10,7.861169815063477,1.5778191089630127,2.280547618865967,1.0505449791192896
10,7.884981632232666,1.5815860033035278,2.2816641330718994,1.0425185717761205
10,7.908771514892578,1.5850876569747925,2.282762050628662,1.0331974267532054
10,7.932546615600586,1.5882209539413452,2.2838633060455322,1.0242055605064697
10,7.956305027008057,1.5909439325332642,2.2849810123443604,1.0181658462088925
10,7.980033874511719,1.593306541442871,2.286104917526245,1.0164345898979006
10,8.003719329833984,1.5954126119613647,2.2872090339660645,1.0179569535432968
10,8.027381896972656,1.5973602533340454,2.2882697582244873,1.0206765758300649
10,8.050983428955078,1.5992060899734497,2.289268970489502,1.0232283342000508
10,8.0745210647583,1.6009814739227295,2.2901973724365234,1.0251777023148037
10,8.097901344299316,1.6026939153671265,2.2910475730895996,1.026539608181113
10,8.121216773986816,1.6043579578399658,2.291823387145996,1.027234735663276
10,8.144464492797852,1.6059716939926147,2.2925305366516113,1.0272983188014448
10,8.167649269104004,1.6075276136398315,2.2931768894195557,1.0268881740660651
10,8.190778732299805,1.6090166568756104,2.293769598007202,1.0261487848006015
10,8.213791847229004,1.610426664352417,2.2943127155303955,1.025182497183941
10,8.236750602722168,1.6117554903030396,2.294811248779297,1.0240624209404103
10,8.259652137756348,1.6129995584487915,2.2952680587768555,1.0228371142195702
10,8.282498359680176,1.6141581535339355,2.295684337615967,1.0215409032224614
10,8.305288314819336,1.6152328252792358,2.29606032371521,1.020193993886278
10,8.328022003173828,1.6162275075912476,2.296396017074585,1.0188031803074977
10,8.350696563720703,1.6171488761901855,2.2966904640197754,1.0173573686709212
10,8.37331485748291,1.618005394935608,2.2969424724578857,1.0158401429981383
10,8.3958740234375,1.6188066005706787,2.297151565551758,1.01424500663955
10,8.418374061584473,1.6195613145828247,2.297316789627075,1.0125750101367004
10,8.440815925598145,1.6202762126922607,2.297438621520996,1.0108386428052683
10,8.4631986618042,1.620955228805542,2.297517776489258,1.0090446893907714
10,8.485522270202637,1.621599555015564,2.2975552082061768,1.0071997468281333
10,8.507787704467773,1.6222093105316162,2.2975523471832275,1.0053084302091553
10,8.53005313873291,1.622784972190857,2.2975101470947266,1.0033704206450598
10,8.552260398864746,1.6233247518539429,2.2974298000335693,1.001394300563096
10,8.574408531188965,1.6238285303115845,2.2973127365112305,0.99938277443648
10,8.596498489379883,1.6242974996566772,2.2971603870391846,0.9973373482954618
10,8.6185302734375,1.6247334480285645,2.296973466873169,0.9952598568041744
10,8.640503883361816,1.6251391172409058,2.296753406524658,0.9931637603198676
10,8.662345886230469,1.6255165338516235,2.296502113342285,0.9910663420888531
10,8.68412971496582,1.6258703470230103,2.296219825744629,0.9889421254041659
10,8.705857276916504,1.6262041330337524,2.295907735824585,0.9867945250518122
10,8.727531433105469,1.6265208721160889,2.2955665588378906,0.9846263589199323
10,8.74917984008789,1.6268234252929688,2.295197010040283,0.9824378521723637
10,8.770827293395996,1.627113699913025,2.2947998046875,0.9802181991518814
10,8.792471885681152,1.6273928880691528,2.294375419616699,0.977969914361211
10,8.814115524291992,1.6276615858078003,2.293924570083618,0.9756919406873439
10,8.835760116577148,1.627920389175415,2.2934484481811523,0.973383057632374
10,8.857403755187988,1.6281694173812866,2.292947769165039,0.9710418476132655
10,8.879046440124512,1.6284093856811523,2.2924230098724365,0.9686673662066205
10,8.900688171386719,1.62864089012146,2.291875123977661,0.9662596363407623
10,8.922330856323242,1.6288648843765259,2.29130482673645,0.9638161389287025
10,8.94397258758545,1.6290827989578247,2.290712833404541,0.961341809480174
10,8.96561336517334,1.6292955875396729,2.29010009765625,0.9588402287292543
10,8.98725414276123,1.629504919052124,2.2894675731658936,0.9563193348675554
10,9.008893013000488,1.6297118663787842,2.28881573677063,0.9537772306725856
10,9.030532836914062,1.6299173831939697,2.2881460189819336,0.9512147888837329
10,9.05217170715332,1.6301223039627075,2.287459135055542,0.9486333221445722
10,9.073809623718262,1.6303269863128662,2.2867560386657715,0.9460327031123361
10,9.095447540283203,1.630531907081604,2.2860381603240967,0.9434125574568489
10,9.117084503173828,1.630737066268921,2.285305976867676,0.9407744019195707
10,9.138721466064453,1.6309425830841064,2.2845606803894043,0.938118493452237
10,9.160357475280762,1.6311486959457397,2.2838029861450195,0.9354451196218264
10,9.18199348449707,1.6313555240631104,2.283034324645996,0.9327546464004838
10,9.203628540039062,1.6315633058547974,2.282255172729492,0.9300478046762478
10,9.225264549255371,1.6317726373672485,2.2814667224884033,0.9273257997790528
10,9.246899604797363,1.631983995437622,2.280669927597046,0.9245880613852934
10,9.268533706665039,1.6321980953216553,2.279865264892578,0.9218378665352042
10,9.290167808532715,1.6324154138565063,2.2790541648864746,0.9190767459509778
10,9.31180191040039,1.632636547088623,2.2782371044158936,0.9163057932014994
10,9.333436012268066,1.632861852645874,2.2774152755737305,0.9135261650026115
10,9.355069160461426,1.6330918073654175,2.2765893936157227,0.9107387889358838
10,9.376703262329102,1.633326530456543,2.2757606506347656,0.9079445469658252
10,9.398336410522461,1.6335662603378296,2.2749295234680176,0.905143922204297
10,9.419968605041504,1.633811116218567,2.274096965789795,0.9023383232351522
10,9.44160270690918,1.6340612173080444,2.273263931274414,0.8995292937004958
10,9.463234901428223,1.6343164443969727,2.2724311351776123,0.8967183221092467
10,9.484868049621582,1.6345770359039307,2.271599054336548,0.8939068436915398
10,9.506501197814941,1.6348429918289185,2.270768880844116,0.8910967132266344
10,9.5281343460083,1.6351145505905151,2.2699408531188965,0.8882898452739281
10,9.54976749420166,1.6353919506072998,2.269115924835205,0.8854883177494207
10,9.57140064239502,1.635675311088562,2.2682948112487793,0.8826951501287296
10,9.593033790588379,1.6359645128250122,2.2674779891967773,0.8799116191056718
10,9.614667892456055,1.636259913444519,2.2666659355163574,0.8771390066447897
10,9.636301040649414,1.6365612745285034,2.265859365463257,0.8743784080836078
10,9.657934188842773,1.6368683576583862,2.265058755874634,0.8716306150035374
10,9.67956829071045,1.6371806859970093,2.2642645835876465,0.8689047267390106
10,9.701202392578125,1.6374976634979248,2.263476848602295,0.8661926902615605
10,9.7228364944458,1.637818694114685,2.262695789337158,0.8634948677588954
10,9.744471549987793,1.638142704963684,2.2619221210479736,0.8608104132686203
10,9.766105651855469,1.6384689807891846,2.261155366897583,0.8581387329810414
10,9.787740707397461,1.6387965679168701,2.2603957653045654,0.8554801521404511
10,9.809375762939453,1.639124870300293,2.2596435546875,0.8528352421960623
10,9.831010818481445,1.6394529342651367,2.2588987350463867,0.8502051159290945
10,9.852646827697754,1.6397805213928223,2.2581608295440674,0.8475913025970893
10,9.874281883239746,1.6401070356369019,2.2574303150177,0.8449962236390433
10,9.895917892456055,1.6404322385787964,2.256706953048706,0.8424249449683721
10,9.91755485534668,1.6407558917999268,2.255990505218506,0.8398771313273999
10,9.939191818237305,1.6410778760910034,2.2552809715270996,0.8373551798977434
10,9.960827827453613,1.641398310661316,2.2545783519744873,0.8348617260405816
10,9.982465744018555,1.6417173147201538,2.25388240814209,0.832399166206879
10,10.00410270690918,1.6420350074768066,2.253192901611328,0.8299697195722967
10,10.025740623474121,1.6423518657684326,2.252509593963623,0.827575903490226
10,10.047378540039062,1.64266836643219,2.2518327236175537,0.8252274567585898
10,10.069016456604004,1.642985224723816,2.251161575317383,0.8229206100847294
10,10.090654373168945,1.6433026790618896,2.2504966259002686,0.8206470236611187
10,10.112292289733887,1.6436214447021484,2.2498373985290527,0.8183977350209481
10,10.133931159973145,1.6439415216445923,2.2491841316223145,0.8161643621694441
10,10.155576705932617,1.6442629098892212,2.2485365867614746,0.8139385884610753
10,10.177292823791504,1.6445863246917725,2.247892379760742,0.8117076257015651
10,10.199333190917969,1.6449153423309326,2.247244119644165,0.8094438573012753
10,10.221373558044434,1.6452444791793823,2.24660062789917,0.8072016818580334
10,10.244319915771484,1.6455869674682617,2.2459354400634766,0.8049088903128675
10,10.268980026245117,1.6459543704986572,2.245225191116333,0.8024881075094327
10,10.295875549316406,1.6463537216186523,2.2444562911987305,0.7999355411731022
10,10.322770118713379,1.6467515230178833,2.243692636489868,0.7974475067454196
10,10.35164737701416,1.6471763849258423,2.2428781986236572,0.7948165149916654
10,10.380523681640625,1.6475985050201416,2.242068290710449,0.7923017805057831
10,10.410572052001953,1.6480350494384766,2.2412288188934326,0.7897317789600493
10,10.441065788269043,1.6484750509262085,2.240377902984619,0.7872171679942396
10,10.471559524536133,1.6489125490188599,2.2395260334014893,0.7848302916175178
10,10.502153396606445,1.649349570274353,2.2386667728424072,0.7825031136904806
10,10.532756805419922,1.649786114692688,2.237799644470215,0.7803547518007575
10,10.563359260559082,1.6502230167388916,2.236922264099121,0.7782954178171643
10,10.593962669372559,1.6506623029708862,2.2360305786132812,0.7763521468321126
10,10.624564170837402,1.6511050462722778,2.235121726989746,0.7745784710246573
10,10.655165672302246,1.6515535116195679,2.2341926097869873,0.7728818829799778
10,10.685765266418457,1.6520096063613892,2.2332396507263184,0.771365563922005
10,10.716364860534668,1.6524748802185059,2.2322604656219482,0.7699664404026036
10,10.746963500976562,1.652951717376709,2.2312514781951904,0.7686698313351951
10,10.777560234069824,1.6534416675567627,2.230210542678833,0.7675737542909993
10,10.80815601348877,1.6539465188980103,2.2291347980499268,0.7665597493414045
10,10.838749885559082,1.654468297958374,2.2280213832855225,0.7657103094976229
10,10.869342803955078,1.65500807762146,2.2268683910369873,0.7650023954623733
10,10.899932861328125,1.6555677652359009,2.2256734371185303,0.7643782496499937
10,10.930520057678223,1.6561486721038818,2.2244343757629395,0.7639749004176325
10,10.961106300354004,1.6567517518997192,2.223149538040161,0.7636534063951889
10,10.991689682006836,1.6573784351348877,2.2218170166015625,0.7634724788366497
10,11.022270202636719,1.658029317855835,2.220435380935669,0.763448399005311
10,11.052847862243652,1.6587053537368774,2.219003200531006,0.7635050307151293
10,11.083422660827637,1.659407138824463,2.2175188064575195,0.7637515957825919
10,11.113993644714355,1.66013503074646,2.2159817218780518,0.7640937648773548
10,11.144560813903809,1.6608895063400269,2.214390277862549,0.7645573051899163
10,11.175125122070312,1.6616706848144531,2.2127442359924316,0.7651974834222924
10,11.205686569213867,1.6624784469604492,2.2110424041748047,0.7659116364758056
10,11.236245155334473,1.6633129119873047,2.2092840671539307,0.766780711132565
10,11.266799926757812,1.6641737222671509,2.2074694633483887,0.7677526361678503
10,11.297357559204102,1.6650606393814087,2.205596923828125,0.7688103639003658
10,11.327911376953125,1.6659729480743408,2.203666925430298,0.7700247086024742
10,11.35848617553711,1.6669108867645264,2.2016775608062744,0.7713068145673321
10,11.389121055603027,1.6678752899169922,2.1996257305145264,0.7727201090270114
10,11.419751167297363,1.668864130973816,2.1975157260894775,0.7742265736508831
10,11.450516700744629,1.6698827743530273,2.1953372955322266,0.775798279520523
10,11.481276512145996,1.6709272861480713,2.193099021911621,0.7775761827281038
10,11.512280464172363,1.6720062494277954,2.190781593322754,0.7794432529329961
10,11.54857349395752,1.6732945442199707,2.1879899501800537,0.7818140462248825
10,11.584857940673828,1.6746069192886353,2.1851115226745605,0.7843005333396926
10,11.650582313537598,1.677038311958313,2.1796875,0.7889203742434454
10,11.716282844543457,1.6795276403427124,2.174014091491699,0.7940235367934758
10,11.787784576416016,1.682281494140625,2.167581558227539,0.8001192073947041
10,11.91694164276123,1.6872586011886597,2.1553401947021484,0.8114744912129602
10,12.046030044555664,1.6921331882476807,2.1423568725585938,0.8235567448808074
10,12.167097091674805,1.6965000629425049,2.1295669078826904,0.8359236202428308
10,12.288457870483398,1.7005549669265747,2.1162314414978027,0.849847042911276
10,12.40977954864502,1.7041949033737183,2.102430582046509,0.8643787405620323
10,12.531250953674316,1.7073042392730713,2.0881574153900146,0.8795798140382273
10,12.652688980102539,1.7097917795181274,2.073481321334839,0.8952267688015357
10,12.747114181518555,1.711226463317871,2.0618250370025635,0.907475184442559
11,0.4117445647716522,-0.0351933054625988,3.5882256031036377,1.0021938139738436
11,0.5207626223564148,-0.03519256040453911,3.568129062652588,0.998354376607183
11,0.6339139342308044,-0.035196613520383835,3.545917510986328,0.9927230773315564
11,0.7330793738365173,-0.03520415723323822,3.5255017280578613,0.9864234477469007
11,0.849337100982666,-0.03521681949496269,3.501115083694458,0.9780833137423643
11,0.9655555486679077,-0.03523332625627518,3.476541519165039,0.9686597088277517
11,1.08388352394104,-0.03525376692414284,3.45168399810791,0.9586205800393366
11,1.203300952911377,-0.03527841344475746,3.4270262718200684,0.9480349656136384
11,1.3228341341018677,-0.035307399928569794,3.4029369354248047,0.9375447497222588
11,1.4429090023040771,-0.03534123674035072,3.3795676231384277,0.9270445167234369
11,1.5631661415100098,-0.03537996485829353,3.3571560382843018,0.9174790758807781
11,1.683742880821228,-0.03542366623878479,3.3358561992645264,0.9082590512311158
11,1.8045681715011597,-0.03547193482518196,3.315856695175171,0.9000415690060183
11,1.9256236553192139,-0.035524364560842514,3.297302722930908,0.8930628829682459
11,2.0469188690185547,-0.03557991981506348,3.280358076095581,0.8869803245023147
11,2.1684417724609375,-0.03563755005598068,3.2651331424713135,0.8832168816620684
11,2.2901782989501953,-0.03569601848721504,3.2517189979553223,0.8805661805913638
11,2.4121036529541016,-0.035753607749938965,3.240147829055786,0.8797524074788475
11,2.5341906547546387,-0.03580918163061142,3.2304275035858154,0.8806405974921099
11,2.656407356262207,-0.035860899835824966,3.2224998474121094,0.8826672554890268
11,2.7787222862243652,-0.03590737655758858,3.2162697315216064,0.8865905745198834
11,2.9011080265045166,-0.03594740480184555,3.211632013320923,0.8913329213241422
11,3.0235393047332764,-0.03597947955131531,3.2084105014801025,0.8969989355329675
11,3.145998239517212,-0.0360027551651001,3.206476926803589,0.9033556067370758
11,3.2684695720672607,-0.0360160730779171,3.205653429031372,0.9100227133955817
11,3.390943765640259,-0.036018405109643936,3.2057745456695557,0.9169152900630857
11,3.5134143829345703,-0.036009009927511215,3.2067155838012695,0.9237605213554243
11,3.635878324508667,-0.03598663955926895,3.208315849304199,0.9305309174842242
11,3.758333683013916,-0.03595038503408432,3.2104737758636475,0.936871628954742
11,3.880760431289673,-0.035899046808481216,3.2130794525146484,0.9429701142298823
11,4.002959728240967,-0.035831257700920105,3.2160348892211914,0.9485108012762317
11,4.125151634216309,-0.03574591130018234,3.2192893028259277,0.9535047653465636
11,4.24624490737915,-0.035642195492982864,3.2227442264556885,0.9581156584074848
11,4.364086627960205,-0.03552147373557091,3.226294994354248,0.9617171316003325
11,4.481923580169678,-0.03537960723042488,3.2300055027008057,0.964961975383851
11,4.593416690826416,-0.03522369638085365,3.233649730682373,0.9675352630287359
11,4.704905986785889,-0.03504504635930061,3.2374231815338135,0.9694258891709608
11,4.807920455932617,-0.034857966005802155,3.2410314083099365,0.9707635940627275
11,4.903043270111084,-0.034665338695049286,3.2444815635681152,0.971590700164518
11,4.992970943450928,-0.034464944154024124,3.247859477996826,0.9719418730847225
11,5.082894325256348,-0.03424590453505516,3.2513599395751953,0.971785209045931
11,5.170379638671875,-0.03401389345526695,3.254894733428955,0.9712005680949859
11,5.25707483291626,-0.033764712512493134,3.258540153503418,0.9701822642999415
11,5.343607425689697,-0.03349626064300537,3.2623450756073,0.9687077731213763
11,5.430117130279541,-0.03320808336138725,3.266345262527466,0.9667380439581231
11,5.516615390777588,-0.03290112316608429,3.2705752849578857,0.9642254218238283
11,5.603128910064697,-0.032578542828559875,3.2750742435455322,0.961129160249692
11,5.691061019897461,-0.032242078334093094,3.2799625396728516,0.9572497672265262
11,5.778972148895264,-0.0319066159427166,3.285217523574829,0.9525951884546956
11,5.870182991027832,-0.03157034143805504,3.291132926940918,0.9469462776005944
11,5.9648332595825195,-0.03124794363975525,3.2978920936584473,0.9401594632185332
11,6.059423923492432,-0.030974367633461952,3.3054425716400146,0.9324425322189052
11,6.159921169281006,-0.03077715076506138,3.3145852088928223,0.9230393749480456
11,6.260275363922119,-0.03073534369468689,3.3251798152923584,0.9121868786553646
11,6.360419750213623,-0.030931249260902405,3.337592124938965,0.9008030408569973
11,6.42973518371582,-0.03126715496182442,3.347508430480957,0.8932009527545625
11,6.534313201904297,-0.03224300965666771,3.3650734424591064,0.882205052816709
11,6.587245464324951,-0.03300943598151207,3.3754053115844727,0.8772897744466122
11,6.639952182769775,-0.033981092274188995,3.386815071105957,0.8734394671422925
11,6.666468620300293,-0.0345618911087513,3.3929975032806396,0.8719419765858899
11,6.69270658493042,-0.035202980041503906,3.399402618408203,0.8709340138850883
11,6.718700885772705,-0.03590899333357811,3.406036615371704,0.8704466725335724
11,6.744616508483887,-0.03668683394789696,3.4129433631896973,0.8705047778687466
11,6.770381927490234,-0.037540607154369354,3.420119285583496,0.8709739308181182
11,6.796061992645264,-0.03847965598106384,3.427598237991333,0.8721403998035935
11,6.8216471672058105,-0.03950756415724754,3.4353840351104736,0.8741050046904115
11,6.847133159637451,-0.040627989917993546,3.4434778690338135,0.8767502332227773
11,6.872457981109619,-0.041838400065898895,3.4518585205078125,0.8799267062731224
11,6.897677898406982,-0.043132416903972626,3.4605345726013184,0.8835720381459886
11,6.922790050506592,-0.04450162872672081,3.469505786895752,0.8874142222174166
11,6.948599815368652,-0.045981090515851974,3.4790585041046143,0.8917790578785973
11,6.9742937088012695,-0.047518856823444366,3.488908529281616,0.8968373928717582
11,6.999776840209961,-0.04911012202501297,3.4990522861480713,0.9032110874947751
11,7.025111198425293,-0.05075401812791824,3.5095317363739014,0.9107971915471098
11,7.049449920654297,-0.05239026993513107,3.520016670227051,0.920571412057086
11,7.0736212730407715,-0.054063521325588226,3.5308618545532227,0.9311690546043762
11,7.097536563873291,-0.05575883761048317,3.5420498847961426,0.9447887532712951
11,7.121236801147461,-0.05746743828058243,3.553615093231201,0.9590518982038387
11,7.145913124084473,-0.0592619888484478,3.5661470890045166,0.9755681275681138
11,7.170345306396484,-0.06104119494557381,3.579038381576538,0.992619602977801
11,7.193365573883057,-0.06270581483840942,3.5916385650634766,1.0111854501758109
11,7.216189861297607,-0.0643329992890358,3.6045377254486084,1.02890586830392
11,7.238760948181152,-0.06590612977743149,3.6176469326019287,1.046736783356904
11,7.261178493499756,-0.06742793321609497,3.6309571266174316,1.0641220290250417
11,7.283388614654541,-0.06888461858034134,3.644369125366211,1.0805786600122511
11,7.305501461029053,-0.07028577476739883,3.6578731536865234,1.0964898676998063
11,7.3274641036987305,-0.07162284106016159,3.6713600158691406,1.1111760153957968
11,7.349392414093018,-0.07290663570165634,3.6848251819610596,1.1248469330708188
11,7.3712286949157715,-0.07413653284311295,3.69815731048584,1.1376808012102242
11,7.392995357513428,-0.07531353086233139,3.711299180984497,1.1491445862454681
11,7.4148688316345215,-0.07645948231220245,3.7242915630340576,1.159111818851251
11,7.436988353729248,-0.0775756686925888,3.737154483795166,1.1696500665066456
11,7.459753513336182,-0.07869955152273178,3.7500503063201904,1.177758117218142
11,7.481286525726318,-0.07973625510931015,3.7618887424468994,1.1860330955053855
11,7.503366470336914,-0.08078945428133011,3.7736423015594482,1.1931375500086527
11,7.525448799133301,-0.081832654774189,3.784980297088623,1.199771556827126
11,7.54764986038208,-0.0828862264752388,3.7959542274475098,1.2062305236193285
11,7.569842338562012,-0.08394185453653336,3.806490182876587,1.2117319490136418
11,7.592144966125488,-0.08501797914505005,3.816645860671997,1.2180501772852133
11,7.614419460296631,-0.08610748499631882,3.826361656188965,1.2225209965662358
11,7.636786937713623,-0.08722013980150223,3.8356993198394775,1.2279535756292865
11,7.659235000610352,-0.08836575597524643,3.844665050506592,1.2328500402975864
11,7.6814470291137695,-0.0895209088921547,3.853149890899658,1.2370844102540988
11,7.703722953796387,-0.09070739895105362,3.8612868785858154,1.2422652558558966
11,7.7261528968811035,-0.09193578362464905,3.8691225051879883,1.2467558713597031
11,7.748614311218262,-0.09318966418504715,3.8766252994537354,1.2508922587781834
11,7.771361351013184,-0.09448698163032532,3.883890390396118,1.2558358655872415
11,7.793752193450928,-0.09579411894083023,3.8907246589660645,1.2610313889041913
11,7.816027641296387,-0.09711357951164246,3.8972251415252686,1.2649452659466693
11,7.838449478149414,-0.09845537692308426,3.90348219871521,1.2694205851474492
11,7.860158920288086,-0.09976638853549957,3.9092671871185303,1.2742936621964596
11,7.8825578689575195,-0.1011299192905426,3.914966583251953,1.2793457994850495
11,7.904824733734131,-0.10248487442731857,3.9203691482543945,1.2831283752573854
11,7.927088737487793,-0.10383083671331406,3.925513982772827,1.2870778797882025
11,7.949345588684082,-0.1051645576953888,3.9304051399230957,1.291153719011294
11,7.971594333648682,-0.10648305714130402,3.9350473880767822,1.2953199133960787
11,7.993831634521484,-0.10778351873159409,3.939445972442627,1.299526204800694
11,8.01591682434082,-0.1090511828660965,3.9435834884643555,1.3024541884281131
11,8.037984848022461,-0.11028820276260376,3.947495937347412,1.3053471164943904
11,8.06003189086914,-0.11149273812770844,3.9511899948120117,1.308249065096563
11,8.082056045532227,-0.11266279965639114,3.9546725749969482,1.3112355612223052
11,8.104052543640137,-0.11379660665988922,3.95794939994812,1.314415534652025
11,8.126079559326172,-0.11489580571651459,3.9610331058502197,1.3179507018319245
11,8.148075103759766,-0.11595693230628967,3.9639151096343994,1.321950814403895
11,8.170038223266602,-0.11697994917631149,3.9665908813476562,1.3258557432533902
11,8.191838264465332,-0.11795894801616669,3.969036817550659,1.3297711275809638
11,8.213606834411621,-0.11890074610710144,3.9712491035461426,1.3337512929727529
11,8.235343933105469,-0.11980492621660233,3.9732015132904053,1.337441444265085
11,8.257049560546875,-0.12066993117332458,3.9748640060424805,1.3404077952627464
11,8.27872085571289,-0.12149347364902496,3.976210117340088,1.3421919480950208
11,8.300358772277832,-0.12227331846952438,3.9772210121154785,1.3423636056998358
11,8.321988105773926,-0.12300913780927658,3.977893114089966,1.3401687271947784
11,8.343626022338867,-0.1237020343542099,3.9782352447509766,1.335891566318722
11,8.365266799926758,-0.12435461580753326,3.978271007537842,1.3298623258434383
11,8.386907577514648,-0.1249723732471466,3.978041172027588,1.3225871956682755
11,8.408544540405273,-0.12556208670139313,3.9775915145874023,1.3146941162627341
11,8.430179595947266,-0.12613078951835632,3.976968765258789,1.3068250701473743
11,8.451809883117676,-0.12668421864509583,3.976212739944458,1.299505421632238
11,8.47343635559082,-0.12722645699977875,3.975353717803955,1.2931384492502578
11,8.495059967041016,-0.1277599036693573,3.974411725997925,1.2878236066123878
11,8.516680717468262,-0.12828588485717773,3.9733991622924805,1.2833957154552968
11,8.538298606872559,-0.12880517542362213,3.9723219871520996,1.2797410939718397
11,8.55991268157959,-0.1293182522058487,3.9711802005767822,1.27672104005593
11,8.581523895263672,-0.1298254430294037,3.969970703125,1.274183873221151
11,8.603130340576172,-0.13032695651054382,3.968686103820801,1.271975544427549
11,8.62473201751709,-0.13082288205623627,3.9673168659210205,1.2699495512554082
11,8.646327018737793,-0.13131317496299744,3.965850830078125,1.2679437372304414
11,8.667915344238281,-0.1317978948354721,3.964275360107422,1.2657748490844731
11,8.689493179321289,-0.13227783143520355,3.962576389312744,1.263338767558736
11,8.711060523986816,-0.13275288045406342,3.9607412815093994,1.2606168783549743
11,8.73261547088623,-0.13322287797927856,3.9587604999542236,1.2575401191515998
11,8.754156112670898,-0.13368788361549377,3.9566290378570557,1.2540635612652535
11,8.775680541992188,-0.13414837419986725,3.954347848892212,1.25017187493907
11,8.79719066619873,-0.134605273604393,3.9519245624542236,1.2458420788172124
11,8.818685531616211,-0.13505996763706207,3.949373960494995,1.2412262796521287
11,8.840167999267578,-0.13551412522792816,3.946716070175171,1.2364611869895532
11,8.861639976501465,-0.13596975803375244,3.9439773559570312,1.2316773811468267
11,8.88310432434082,-0.1364285945892334,3.9411821365356445,1.226990560592352
11,8.904563903808594,-0.13689230382442474,3.9383513927459717,1.222391233111209
11,8.926020622253418,-0.13736259937286377,3.935499429702759,1.217979920012707
11,8.94747543334961,-0.1378408819437027,3.9326350688934326,1.2139118429571027
11,8.968929290771484,-0.13832847774028778,3.9297616481781006,1.2101811300608145
11,8.990381240844727,-0.1388266533613205,3.926877498626709,1.2067527366557373
11,9.01183032989502,-0.13933643698692322,3.9239773750305176,1.2035875489283479
11,9.033276557922363,-0.13985852897167206,3.921053886413574,1.200634032525309
11,9.054718017578125,-0.14039340615272522,3.9180996417999268,1.1978354365342456
11,9.076153755187988,-0.140941321849823,3.9151065349578857,1.195138751244771
11,9.097582817077637,-0.14150291681289673,3.912067413330078,1.1923819989220008
11,9.119004249572754,-0.1420787125825882,3.908975839614868,1.1896257355225277
11,9.140416145324707,-0.14266860485076904,3.905827283859253,1.1868302502120107
11,9.161819458007812,-0.143272265791893,3.9026191234588623,1.1839456264211956
11,9.183213233947754,-0.14388932287693024,3.899350881576538,1.1809231458270049
11,9.204597473144531,-0.14451943337917328,3.896026134490967,1.1777245711866704
11,9.225974082946777,-0.1451624035835266,3.892650842666626,1.1743153684122083
11,9.247343063354492,-0.14581823348999023,3.889233112335205,1.1705732609860229
11,9.268706321716309,-0.14648792147636414,3.885782241821289,1.1664654860998962
11,9.290064811706543,-0.14717155694961548,3.8823065757751465,1.162246916980206
11,9.311420440673828,-0.147868350148201,3.8788135051727295,1.1579655376580769
11,9.33277416229248,-0.14857721328735352,3.875308036804199,1.1536488797758908
11,9.354125022888184,-0.14929695427417755,3.8717939853668213,1.1493085199623525
11,9.375475883483887,-0.1500263512134552,3.868273973464966,1.1449444183932747
11,9.396824836730957,-0.1507640779018402,3.8647501468658447,1.1405402593061924
11,9.418172836303711,-0.15150929987430573,3.8612241744995117,1.1359916639813363
11,9.439521789550781,-0.15226112306118011,3.8576972484588623,1.1314044909976169
11,9.460869789123535,-0.153018057346344,3.854170799255371,1.1267613783719495
11,9.482217788696289,-0.1537787914276123,3.850647449493408,1.122049693208411
11,9.503567695617676,-0.15454183518886566,3.847130060195923,1.1172619455303603
11,9.524918556213379,-0.1553056538105011,3.8436219692230225,1.1123955510412173
11,9.546271324157715,-0.15606850385665894,3.8401269912719727,1.1074483104436808
11,9.567626953125,-0.15682895481586456,3.836649179458618,1.1023338880018134
11,9.58898639678955,-0.15758532285690308,3.8331918716430664,1.0972008283233743
11,9.610350608825684,-0.15833517909049988,3.829758644104004,1.0920853069002396
11,9.631718635559082,-0.1590760201215744,3.8263514041900635,1.0870168460953156
11,9.653090476989746,-0.15980540215969086,3.8229715824127197,1.082020209586139
11,9.674468040466309,-0.160521000623703,3.819619655609131,1.0771153134230498
11,9.69585132598877,-0.16122078895568848,3.8162953853607178,1.0723214063991744
11,9.717238426208496,-0.16190306842327118,3.8129992485046387,1.0675360707563344
11,9.738631248474121,-0.16256684064865112,3.8097314834594727,1.0627748836312818
11,9.760027885437012,-0.1632106602191925,3.8064932823181152,1.0580721247828704
11,9.781431198120117,-0.16383321583271027,3.8032867908477783,1.053417584149184
11,9.802839279174805,-0.16443327069282532,3.800114870071411,1.0488050482716909
11,9.824254035949707,-0.16500972211360931,3.796980857849121,1.0442357650725704
11,9.845675468444824,-0.16556163132190704,3.7938873767852783,1.039724308782915
11,9.867104530334473,-0.16608826816082,3.790837049484253,1.0352780009728428
11,9.88853931427002,-0.16658931970596313,3.7878315448760986,1.0308320940432516
11,9.909980773925781,-0.16706514358520508,3.784871816635132,1.0264541536370715
11,9.931429862976074,-0.16751602292060852,3.781956911087036,1.0221856921660128
11,9.952884674072266,-0.167942613363266,3.779085874557495,1.0180318396814625
11,9.974346160888672,-0.16834597289562225,3.776256799697876,1.0139962642131786
11,9.995813369750977,-0.1687273532152176,3.773467779159546,1.0100835745642376
11,10.017285346984863,-0.1690881997346878,3.770717144012451,1.0062656798386813
11,10.038762092590332,-0.1694301813840866,3.768002510070801,1.0025331879245891
11,10.060243606567383,-0.1697550266981125,3.765322685241699,0.9988780188231737
11,10.081729888916016,-0.17006467282772064,3.7626755237579346,0.9952098019689554
11,10.103219985961914,-0.17036108672618866,3.760059118270874,0.9916013400095589
11,10.124713897705078,-0.17064593732357025,3.7574713230133057,0.988062438818102
11,10.146210670471191,-0.1709206998348236,3.7549102306365967,0.9845970070732831
11,10.167716979980469,-0.1711868792772293,3.7523725032806396,0.9811842517718188
11,10.18929672241211,-0.17144644260406494,3.7498481273651123,0.9778105852625206
11,10.211200714111328,-0.17170338332653046,3.747305154800415,0.9744430108253727
11,10.23400592803955,-0.17196503281593323,3.7446746826171875,0.9709998900955636
11,10.258517265319824,-0.172240749001503,3.741863965988159,0.9674040938174845
11,10.283029556274414,-0.17251156270503998,3.739067792892456,0.9638650877212589
11,10.309764862060547,-0.17280259728431702,3.7360317707061768,0.9599969641353704
11,10.338471412658691,-0.1731107532978058,3.7327866554260254,0.9559475573878906
11,10.367179870605469,-0.17341458797454834,3.729555606842041,0.9519531787762044
11,10.397054672241211,-0.17372646927833557,3.726206064224243,0.9478478142819997
11,10.42693042755127,-0.17403385043144226,3.7228684425354004,0.9438139610488164
11,10.457250595092773,-0.1743410974740982,3.719492197036743,0.939756235406274
11,10.487669944763184,-0.17464447021484375,3.716113805770874,0.9357446853275727
11,10.518091201782227,-0.1749427169561386,3.7127439975738525,0.9317162305905978
11,10.54852294921875,-0.17523594200611115,3.7093799114227295,0.9276956119855483
11,10.57895565032959,-0.1755237877368927,3.706022262573242,0.9237316637583012
11,10.609389305114746,-0.17580604553222656,3.7026705741882324,0.9197929030626593
11,10.639822959899902,-0.17608265578746796,3.699324131011963,0.9158855049970255
11,10.670257568359375,-0.17635348439216614,3.6959831714630127,0.9119953433601689
11,10.700692176818848,-0.17661866545677185,3.6926467418670654,0.9081175275801132
11,10.731127738952637,-0.17687834799289703,3.6893155574798584,0.9042201340828968
11,10.761564254760742,-0.1771327406167984,3.685988664627075,0.9002579858141672
11,10.792001724243164,-0.17738236486911774,3.682666540145874,0.896282713934994
11,10.822439193725586,-0.1776275634765625,3.679348945617676,0.8922722033214889
11,10.852876663208008,-0.1778690367937088,3.6760358810424805,0.8882438189642914
11,10.883315086364746,-0.1781075894832611,3.672727584838867,0.88414591900524
11,10.913753509521484,-0.17834392189979553,3.6694235801696777,0.8800024984507961
11,10.944192886352539,-0.17857927083969116,3.666123628616333,0.8758010327741041
11,10.97463321685791,-0.17881453037261963,3.662827491760254,0.8714521545127516
11,11.005073547363281,-0.17905113101005554,3.659533977508545,0.8670269319844676
11,11.035513877868652,-0.17929063737392426,3.6562418937683105,0.8624670526070588
11,11.065953254699707,-0.17953437566757202,3.6529505252838135,0.8578027059622836
11,11.096393585205078,-0.17978450655937195,3.649657964706421,0.8530384037515091
11,11.12683391571045,-0.1800428032875061,3.6463630199432373,0.8480734487079804
11,11.157272338867188,-0.18031157553195953,3.643063545227051,0.843005123301355
11,11.187710762023926,-0.18059371411800385,3.6397571563720703,0.837724814398768
11,11.218148231506348,-0.18089169263839722,3.636441230773926,0.8322009054044662
11,11.24858570098877,-0.1812095195055008,3.6331121921539307,0.8265311766476465
11,11.279021263122559,-0.1815507411956787,3.6297671794891357,0.8205298595679763
11,11.309462547302246,-0.1819196492433548,3.626401901245117,0.8143667373739266
11,11.339924812316895,-0.18232214450836182,3.6230099201202393,0.8079228902259494
11,11.370384216308594,-0.18276259303092957,3.6195905208587646,0.8011786770942466
11,11.400903701782227,-0.18324944376945496,3.616130828857422,0.7942323909128071
11,11.431557655334473,-0.1837923228740692,3.6126203536987305,0.7868683159907419
11,11.46220588684082,-0.18439817428588867,3.609072208404541,0.7792139903155276
11,11.493097305297852,-0.18508531153202057,3.6054577827453613,0.7710664155034065
11,11.523981094360352,-0.18585605919361115,3.6018002033233643,0.7625817574971311
11,11.560128211975098,-0.18687188625335693,3.597444772720337,0.7524741364268555
11,11.625585556030273,-0.18906135857105255,3.589355945587158,0.734020070061964
11,11.690997123718262,-0.1917598396539688,3.581044912338257,0.7153306105633491
11,11.762152671813965,-0.19533033668994904,3.57180118560791,0.6954236110028567
11,11.890581130981445,-0.20349466800689697,3.5546157360076904,0.6614070372347651
11,12.018752098083496,-0.21414339542388916,3.5368762016296387,0.6279368650038826
11,12.138729095458984,-0.22668792307376862,3.5199265480041504,0.5977052413158529
11,12.207497596740723,-0.23505745828151703,3.5101218223571777,0.580985363966687
12,0.7331962585449219,-0.3539881110191345,3.8367955684661865,0.9905447244422597
12,0.8499288558959961,-0.35404619574546814,3.8147549629211426,0.9840493605947114
12,0.966646671295166,-0.3541143238544464,3.792635917663574,0.9768358157111294
12,1.0854870080947876,-0.3541933596134186,3.7703402042388916,0.9692093239690777
12,1.205412745475769,-0.3542839288711548,3.7482807636260986,0.9612576175634756
12,1.3254384994506836,-0.3543860912322998,3.726773262023926,0.9534277884794018
12,1.4459728002548218,-0.35450124740600586,3.705902099609375,0.9455875191719474
12,1.5666447877883911,-0.3546296954154968,3.685842752456665,0.9384970417005153
12,1.6875813007354736,-0.35477215051651,3.6666905879974365,0.9316978968296942
12,1.8087035417556763,-0.3549288213253021,3.6485753059387207,0.925668005407442
12,1.9299890995025635,-0.35509976744651794,3.6315879821777344,0.9204951348321383
12,2.0514440536499023,-0.3552848994731903,3.615826368331909,0.915844340649294
12,2.173060655593872,-0.3554838299751282,3.6013612747192383,0.9127582318976781
12,2.294830799102783,-0.3556962013244629,3.5882530212402344,0.9104033058693168
12,2.4167420864105225,-0.3559211790561676,3.5765304565429688,0.909199502853727
12,2.5387797355651855,-0.3561583459377289,3.5662050247192383,0.9092268884502329
12,2.66092586517334,-0.3564068675041199,3.5572543144226074,0.9099887174908701
12,2.7831618785858154,-0.35666635632514954,3.549628973007202,0.9120429007963906
12,2.905470609664917,-0.35693642497062683,3.543278217315674,0.9147311735310192
12,3.0278351306915283,-0.3572169244289398,3.538104295730591,0.9180997659375398
12,3.1502411365509033,-0.3575080335140228,3.53403377532959,0.9221140118710534
12,3.272676467895508,-0.3578100800514221,3.53096079826355,0.9264384155739127
12,3.3951308727264404,-0.3581240177154541,3.528775215148926,0.9311090654819691
12,3.517596960067749,-0.35845068097114563,3.5273938179016113,0.9358837486544882
12,3.640068769454956,-0.35879191756248474,3.5267021656036377,0.9407324923059082
12,3.762542724609375,-0.3591494560241699,3.5266237258911133,0.9454319740297261
12,3.884995698928833,-0.35952550172805786,3.527076244354248,0.9500297880780388
12,4.007226943969727,-0.3599226772785187,3.5279810428619385,0.9543525116339713
12,4.129454135894775,-0.3603440821170807,3.5292916297912598,0.9583422025311337
12,4.250585079193115,-0.3607901632785797,3.530932664871216,0.9621007911140089
12,4.36846399307251,-0.3612556755542755,3.532825231552124,0.9652103878827716
12,4.4863386154174805,-0.3617565333843231,3.534984588623047,0.9680674726896121
12,4.597867012023926,-0.36226946115493774,3.537257671356201,0.9704639234901508
12,4.709391117095947,-0.36282607913017273,3.5397510528564453,0.9723869848832906
12,4.812436580657959,-0.36338576674461365,3.542253255844116,0.9738986333850321
12,4.907588005065918,-0.36394771933555603,3.5447418689727783,0.9750255230565302
12,4.997542858123779,-0.3645244538784027,3.5472609996795654,0.9758273467680934
12,5.085058689117432,-0.3651338219642639,3.5498745441436768,0.9762910831943444
12,5.172569274902344,-0.3657974302768707,3.5526576042175293,0.9764970326060849
12,5.259288311004639,-0.3665161728858948,3.5555951595306396,0.9764502526326383
12,5.3458452224731445,-0.36730387806892395,3.5587239265441895,0.9761584789762539
12,5.43237829208374,-0.368172287940979,3.5620720386505127,0.9756248091643398
12,5.5189008712768555,-0.3691345453262329,3.565666675567627,0.9748506252905461
12,5.605410575866699,-0.3702055811882019,3.5695369243621826,0.9738377139092788
12,5.691903591156006,-0.3714037835597992,3.5737099647521973,0.9725697437277531
12,5.778378486633301,-0.37275174260139465,3.578214168548584,0.9710802529813095
12,5.864830017089844,-0.37427735328674316,3.583082914352417,0.9694182425807825
12,5.951381206512451,-0.3760188817977905,3.588374376296997,0.9676613647053278
12,6.039246559143066,-0.37804773449897766,3.5942399501800537,0.9658992989170511
12,6.129772186279297,-0.38046589493751526,3.60088849067688,0.9642510097491926
12,6.223336219787598,-0.38338136672973633,3.6085052490234375,0.9629029928172673
12,6.319572925567627,-0.3869011104106903,3.6172332763671875,0.9621297065033756
12,6.415685653686523,-0.39104071259498596,3.6269919872283936,0.9622727924566027
12,6.4825239181518555,-0.3943440914154053,3.6345064640045166,0.9630107175313584
12,6.52383279800415,-0.3965606391429901,3.639537811279297,0.9637609486790594
12,6.549394607543945,-0.39801719784736633,3.642822742462158,0.9642356512119767
12,6.57478666305542,-0.39952608942985535,3.646188735961914,0.9648689685922984
12,6.600164413452148,-0.40109777450561523,3.649636745452881,0.9656836928923743
12,6.625331878662109,-0.402722030878067,3.653127431869507,0.9666466719235235
12,6.650554656982422,-0.40441930294036865,3.6566944122314453,0.9677615178634479
12,6.675845623016357,-0.4061959981918335,3.660344362258911,0.9690295998398701
12,6.701208114624023,-0.4080577492713928,3.664085626602173,0.9704572005822886
12,6.726635932922363,-0.41000810265541077,3.667924404144287,0.9720534198723254
12,6.752121925354004,-0.4120487868785858,3.671863317489624,0.9738276873786205
12,6.7776594161987305,-0.4141806364059448,3.6759002208709717,0.9757813857281283
12,6.803016662597656,-0.4163849651813507,3.6799943447113037,0.9779126748155421
12,6.828414440155029,-0.41868162155151367,3.684175968170166,0.9802518053482843
12,6.853846549987793,-0.4210728406906128,3.6884398460388184,0.9828094741674898
12,6.879305839538574,-0.42356157302856445,3.692782402038574,0.9855970985703768
12,6.904784202575684,-0.4261510968208313,3.6972005367279053,0.9886204536487572
12,6.93026065826416,-0.42884302139282227,3.7016890048980713,0.9918900665686164
12,6.955535888671875,-0.4316190779209137,3.7062103748321533,0.995402423251548
12,6.980828285217285,-0.43450459837913513,3.7107999324798584,0.9992027913237329
12,7.006130695343018,-0.43750110268592834,3.715453863143921,1.0033113588403115
12,7.031436443328857,-0.44060948491096497,3.7201671600341797,1.007751289557805
12,7.0567402839660645,-0.4438309669494629,3.7249348163604736,1.0125943703836386
12,7.081822395324707,-0.4471389949321747,3.729710817337036,1.0178329485773179
12,7.106894493103027,-0.45056039094924927,3.7345311641693115,1.0235300033798258
12,7.131927967071533,-0.4540897309780121,3.7393875122070312,1.029682208275888
12,7.156940937042236,-0.45772674679756165,3.7442803382873535,1.036338853721114
12,7.181929111480713,-0.4614678919315338,3.74920392036438,1.0436052342594422
12,7.206678867340088,-0.4652748703956604,3.7541117668151855,1.0512801628377104
12,7.231400012969971,-0.4691701829433441,3.759038209915161,1.0593748352379073
12,7.256089687347412,-0.47314363718032837,3.763974905014038,1.067864594018307
12,7.280745983123779,-0.47718414664268494,3.7689130306243896,1.07663977791796
12,7.305135250091553,-0.4812375605106354,3.7737979888916016,1.085482944910337
12,7.329493522644043,-0.48532864451408386,3.778665781021118,1.0946122288466333
12,7.353820323944092,-0.48944488167762756,3.783504009246826,1.103721018523723
12,7.378661155700684,-0.4936645030975342,3.7884068489074707,1.1130378916253745
12,7.403205871582031,-0.4978385865688324,3.7932021617889404,1.122599325950086
12,7.426949977874756,-0.5018683671951294,3.7977821826934814,1.1315286833464329
12,7.451282501220703,-0.5059754252433777,3.8024072647094727,1.1406317180242307
12,7.475340366363525,-0.5100031495094299,3.806901216506958,1.1492902978118964
12,7.499374866485596,-0.5139838457107544,3.8113009929656982,1.1584172387108542
12,7.523319721221924,-0.5178980827331543,3.8155832290649414,1.166550697348665
12,7.547239303588867,-0.5217487215995789,3.819751024246216,1.1747609738372673
12,7.570932388305664,-0.5254958271980286,3.823760747909546,1.1825594341744232
12,7.594560623168945,-0.5291589498519897,3.8276374340057373,1.1899790705011837
12,7.618162155151367,-0.5327385067939758,3.831382989883423,1.1970005190363464
12,7.641735553741455,-0.5362304449081421,3.8349931240081787,1.2036120809971138
12,7.665279388427734,-0.5396314263343811,3.83846378326416,1.2098094363331517
12,7.688790798187256,-0.542938232421875,3.8417916297912598,1.2157102517233245
12,7.712075710296631,-0.5461209416389465,3.8449482917785645,1.2211755287847752
12,7.735822677612305,-0.549272358417511,3.848026752471924,1.2262384401317699
12,7.759069442749023,-0.5522619485855103,3.850900411605835,1.2310416548298169
12,7.782228469848633,-0.5551453828811646,3.853628396987915,1.2353884263229191
12,7.80534029006958,-0.5579293966293335,3.856219530105591,1.2393886778382999
12,7.827840328216553,-0.5605495572090149,3.858616590499878,1.2430474644438918
12,7.85044002532959,-0.5630934834480286,3.860902786254883,1.2464071749439574
12,7.873608589172363,-0.5656123161315918,3.863123655319214,1.2495669600758084
12,7.896738052368164,-0.5680383443832397,3.865220069885254,1.252558588315936
12,7.919612884521484,-0.5703520774841309,3.867177963256836,1.2553553560448254
12,7.942300319671631,-0.5725647211074829,3.869011163711548,1.2580282246994587
12,7.964936256408691,-0.574693500995636,3.870736598968506,1.2606064097315752
12,7.987518310546875,-0.5767417550086975,3.872361183166504,1.263173896314194
12,8.009993553161621,-0.578709065914154,3.8738884925842285,1.2657663706884525
12,8.03240966796875,-0.5806049108505249,3.875328779220581,1.268444277561884
12,8.054438591003418,-0.5824075937271118,3.8766677379608154,1.2713537238796442
12,8.07647705078125,-0.5841563940048218,3.8779351711273193,1.2744899999129815
12,8.098713874816895,-0.5858718156814575,3.8791418075561523,1.277983507475214
12,8.120888710021973,-0.5875376462936401,3.8802690505981445,1.2818197154956685
12,8.143001556396484,-0.5891554951667786,3.8813071250915527,1.2859054509296168
12,8.165051460266113,-0.5907220840454102,3.8822386264801025,1.2900587409924058
12,8.18703842163086,-0.5922284722328186,3.8830409049987793,1.2940212211199817
12,8.208963394165039,-0.5936606526374817,3.883687973022461,1.2974824738237447
12,8.230826377868652,-0.5950009226799011,3.8841543197631836,1.300112311665641
12,8.252626419067383,-0.5962318181991577,3.884420871734619,1.301593717545076
12,8.274362564086914,-0.5973381400108337,3.884478807449341,1.3015979756779872
12,8.296103477478027,-0.5983151197433472,3.8843328952789307,1.2997872364420442
12,8.317780494689941,-0.5991601943969727,3.8840034008026123,1.296489482663463
12,8.3394193649292,-0.5998856425285339,3.8835246562957764,1.291934229864292
12,8.361053466796875,-0.600513219833374,3.882939100265503,1.286444401744128
12,8.38268756866455,-0.6010651588439941,3.882286787033081,1.280402922685373
12,8.404321670532227,-0.6015604138374329,3.8815996646881104,1.2742138835946568
12,8.425956726074219,-0.6020127534866333,3.8808999061584473,1.2682475597704195
12,8.447591781616211,-0.6024320721626282,3.8802030086517334,1.262942739004605
12,8.46922779083252,-0.6028260588645935,3.8795177936553955,1.258502025739663
12,8.490864753723145,-0.6032005548477173,3.8788490295410156,1.2549664420599855
12,8.512502670288086,-0.6035599112510681,3.87819766998291,1.2523578957331596
12,8.534141540527344,-0.6039060354232788,3.8775596618652344,1.2506648814844132
12,8.555780410766602,-0.6042393445968628,3.876927137374878,1.2498174796446841
12,8.57741928100586,-0.604559063911438,3.8762896060943604,1.249672041037404
12,8.5990571975708,-0.6048622131347656,3.875633716583252,1.2500924885147726
12,8.620696067810059,-0.6051424145698547,3.874943971633911,1.2510222357752445
12,8.642332077026367,-0.6053903698921204,3.8742029666900635,1.2522265902551537
12,8.663966178894043,-0.6055948734283447,3.8733937740325928,1.2534942725112028
12,8.685598373413086,-0.6057442426681519,3.872501850128174,1.2546248074793935
12,8.707226753234863,-0.605828046798706,3.8715178966522217,1.255438340740795
12,8.728850364685059,-0.6058380603790283,3.870436429977417,1.2557843674735603
12,8.750468254089355,-0.6057687401771545,3.8692586421966553,1.2555526139164215
12,8.77208137512207,-0.6056185960769653,3.867990732192993,1.2545941936013854
12,8.793688774108887,-0.6053900122642517,3.8666439056396484,1.2530879892635134
12,8.815291404724121,-0.6050893664360046,3.8652327060699463,1.251208836111852
12,8.83689022064209,-0.6047271490097046,3.8637750148773193,1.2491406383957857
12,8.858485221862793,-0.6043156981468201,3.8622875213623047,1.2471381789926295
12,8.88007926940918,-0.6038700342178345,3.860785722732544,1.2454151958225828
12,8.90167236328125,-0.6034054160118103,3.859280586242676,1.2441354519688723
12,8.923266410827637,-0.6029361486434937,3.8577792644500732,1.2434558013113297
12,8.944860458374023,-0.6024737358093262,3.85628342628479,1.2434161336798466
12,8.96645450592041,-0.6020280122756958,3.854790449142456,1.2439394690874375
12,8.988049507141113,-0.6016073226928711,3.8532938957214355,1.244972541519297
12,9.0096435546875,-0.6012187004089355,3.8517837524414062,1.2464405544822574
12,9.03123664855957,-0.6008666753768921,3.8502464294433594,1.2482479225751313
12,9.052827835083008,-0.6005527973175049,3.8486664295196533,1.2502814011714285
12,9.074414253234863,-0.6002756953239441,3.8470263481140137,1.252412975570805
12,9.09599494934082,-0.6000314354896545,3.845308780670166,1.2544629247488004
12,9.117568969726562,-0.5998138189315796,3.843496561050415,1.2563061488398606
12,9.13913345336914,-0.5996147990226746,3.8415746688842773,1.2578438122895372
12,9.160685539245605,-0.5994253158569336,3.839529275894165,1.2590030596242159
12,9.182226181030273,-0.5992369055747986,3.837350845336914,1.2597395281419281
12,9.203751564025879,-0.5990427136421204,3.835034132003784,1.25996974383046
12,9.225260734558105,-0.5988377332687378,3.8325772285461426,1.2596797533071777
12,9.24675464630127,-0.5986202955245972,3.8299825191497803,1.2587764508092207
12,9.268231391906738,-0.598392128944397,3.827255964279175,1.2573868077319394
12,9.289691925048828,-0.5981586575508118,3.824406147003174,1.2555544015045184
12,9.311138153076172,-0.5979289412498474,3.8214454650878906,1.2533331282746276
12,9.332571029663086,-0.5977134704589844,3.818387269973755,1.2507963641852988
12,9.353991508483887,-0.5975229144096375,3.8152451515197754,1.248030432418354
12,9.375401496887207,-0.5973674654960632,3.81203031539917,1.2451291009157863
12,9.396801948547363,-0.597256064414978,3.808750867843628,1.2421472790603763
12,9.418193817138672,-0.5971966981887817,3.8054141998291016,1.2391174132863747
12,9.439577102661133,-0.5971959233283997,3.8020246028900146,1.2360291048300713
12,9.460952758789062,-0.5972588062286377,3.798583507537842,1.2328546163080263
12,9.482318878173828,-0.5973885655403137,3.7950899600982666,1.2295522884967793
12,9.503676414489746,-0.5975863933563232,3.7915406227111816,1.2260702630613087
12,9.52502155303955,-0.5978518724441528,3.787931203842163,1.2222993047435733
12,9.546356201171875,-0.5981842279434204,3.7842557430267334,1.218107253881369
12,9.567676544189453,-0.5985799431800842,3.7805099487304688,1.2135351842327005
12,9.588982582092285,-0.5990336537361145,3.776690721511841,1.2085641430018597
12,9.610274314880371,-0.5995381474494934,3.772796630859375,1.2031929185502022
12,9.631550788879395,-0.6000854969024658,3.7688279151916504,1.1974427871230933
12,9.652812957763672,-0.6006673574447632,3.764787435531616,1.1913554470498708
12,9.67406177520752,-0.6012759804725647,3.7606801986694336,1.1847692016385891
12,9.695298194885254,-0.6019037961959839,3.7565126419067383,1.1779548790469638
12,9.716524124145508,-0.6025424003601074,3.7522928714752197,1.1710089507271995
12,9.737741470336914,-0.6031841039657593,3.748030424118042,1.1639818424137434
12,9.758952140808105,-0.603821873664856,3.743734836578369,1.1569103418960718
12,9.780158042907715,-0.6044499278068542,3.7394161224365234,1.1497856654315222
12,9.801362037658691,-0.6050640940666199,3.73508358001709,1.142461004898243
12,9.822565078735352,-0.6056604981422424,3.730745792388916,1.1351345907782648
12,9.843770027160645,-0.6062349677085876,3.726411819458008,1.1277745250640852
12,9.864977836608887,-0.6067835688591003,3.7220895290374756,1.1203516110959806
12,9.886190414428711,-0.6073020100593567,3.717787265777588,1.112845904960579
12,9.907408714294434,-0.6077861785888672,3.713512420654297,1.1051688215337727
12,9.928635597229004,-0.608232855796814,3.7092723846435547,1.097260148489296
12,9.949872016906738,-0.6086379289627075,3.7050740718841553,1.0892751990692855
12,9.971117973327637,-0.6089970469474792,3.7009241580963135,1.0812614193482755
12,9.992375373840332,-0.6093061566352844,3.6968278884887695,1.0732531376937282
12,10.013644218444824,-0.6095616221427917,3.69279146194458,1.0653018774862217
12,10.034926414489746,-0.6097611784934998,3.688819646835327,1.057406147185155
12,10.056221961975098,-0.609904408454895,3.684917449951172,1.049560985879315
12,10.077531814575195,-0.6099919080734253,3.681089401245117,1.0419825357058758
12,10.098855018615723,-0.6100267171859741,3.6773386001586914,1.0347524928447653
12,10.120192527770996,-0.6100131273269653,3.673668146133423,1.0279364121633054
12,10.1415433883667,-0.6099573373794556,3.6700801849365234,1.0214840853304898
12,10.162915229797363,-0.6098670363426208,3.666574239730835,1.0153735785044613
12,10.184370040893555,-0.6097500324249268,3.6631407737731934,1.0094971736808036
12,10.206158638000488,-0.609612762928009,3.659740924835205,1.0037955246716153
12,10.22885513305664,-0.6094587445259094,3.6562881469726562,0.9982020902145443
12,10.251564025878906,-0.6093001365661621,3.6529200077056885,0.9930052274029137
12,10.275982856750488,-0.6091312170028687,3.6493890285491943,0.9876933177823465
12,10.302627563476562,-0.6089556217193604,3.6456356048583984,0.9822106404650319
12,10.3292875289917,-0.6087925434112549,3.6419806480407715,0.977071372967388
12,10.357924461364746,-0.6086354851722717,3.6381618976593018,0.9716900327104596
12,10.387738227844238,-0.608494222164154,3.6342997550964355,0.9663031020824246
12,10.417566299438477,-0.6083765029907227,3.6305489540100098,0.9611232479822593
12,10.44784927368164,-0.6082820296287537,3.6268463134765625,0.9560289545697117
12,10.478144645690918,-0.6082126498222351,3.623239278793335,0.9512374283884537
12,10.508548736572266,-0.6081682443618774,3.619704008102417,0.9465705802915533
12,10.538969993591309,-0.6081481575965881,3.6162352561950684,0.942115136419887
12,10.569397926330566,-0.6081517338752747,3.6128249168395996,0.9377699302829462
12,10.599830627441406,-0.6081773042678833,3.6094577312469482,0.9334872876962241
12,10.630268096923828,-0.6082237362861633,3.6061253547668457,0.9293543580789906
12,10.660707473754883,-0.6082901358604431,3.6028201580047607,0.9252566334642189
12,10.69114875793457,-0.6083754897117615,3.599534273147583,0.9212153894203924
12,10.72159194946289,-0.6084797978401184,3.596264362335205,0.9172036049461639
12,10.752037048339844,-0.6086030602455139,3.5930049419403076,0.9131979387712126
12,10.782482147216797,-0.6087460517883301,3.5897531509399414,0.909188882704873
12,10.81292724609375,-0.6089096069335938,3.5865063667297363,0.9050966379364991
12,10.84337329864502,-0.6090953946113586,3.583261489868164,0.9009804345215789
12,10.873819351196289,-0.6093049049377441,3.580016851425171,0.8968144897430546
12,10.904263496398926,-0.6095404624938965,3.576770544052124,0.8926132798635295
12,10.934708595275879,-0.6098045110702515,3.5735201835632324,0.8883354076808033
12,10.9651517868042,-0.6100994348526001,3.5702641010284424,0.8839933999746783
12,10.995594024658203,-0.610428512096405,3.5669994354248047,0.8795852923249189
12,11.02603530883789,-0.6107946038246155,3.5637242794036865,0.8750296852747874
12,11.056473731994629,-0.6112014651298523,3.560434579849243,0.8703627550921765
12,11.086910247802734,-0.6116533279418945,3.5571272373199463,0.8655598237816783
12,11.117342948913574,-0.6121538877487183,3.5537986755371094,0.8606351991429476
12,11.147771835327148,-0.612708330154419,3.5504446029663086,0.8556106499061434
12,11.178196907043457,-0.6133215427398682,3.54706072807312,0.8503746290520071
12,11.208617210388184,-0.6139990091323853,3.54364275932312,0.8450302618114908
12,11.239032745361328,-0.6147475838661194,3.540184497833252,0.8394931521933491
12,11.269440650939941,-0.6155731678009033,3.5366809368133545,0.8337035647773176
12,11.299847602844238,-0.6164847016334534,3.533123254776001,0.8277871769705664
12,11.330245971679688,-0.6174896359443665,3.5295064449310303,0.8215830036921601
12,11.360655784606934,-0.6185969710350037,3.525820016860962,0.8152436375198165
12,11.391118049621582,-0.619818925857544,3.522050619125366,0.8086771594778048
12,11.421565055847168,-0.6211618781089783,3.518200159072876,0.80196020056173
12,11.452133178710938,-0.622646152973175,3.514244556427002,0.7951204332481832
12,11.482930183410645,-0.6242924332618713,3.510162830352783,0.7877869518497368
12,11.513704299926758,-0.6260999441146851,3.5059814453125,0.7803688765209249
12,11.549702644348145,-0.6284188032150269,3.5009446144104004,0.771535181774494
12,11.585662841796875,-0.630946695804596,3.4957494735717773,0.7630378367879401
12,11.65072250366211,-0.6360528469085693,3.48594331741333,0.7477938013859218
12,11.715651512145996,-0.6418170928955078,3.475651264190674,0.7332841670688433
12,11.786186218261719,-0.6487790942192078,3.4639148712158203,0.7182251345986415
12,11.913220405578613,-0.6630009412765503,3.4412052631378174,0.6928628711963682
12,12.039608001708984,-0.679272472858429,3.416368007659912,0.6692393795932939
12,12.157512664794922,-0.6962620615959167,3.390894889831543,0.6483083482974394
12,12.275059700012207,-0.7146058678627014,3.3631744384765625,0.6275826725223347
12,12.391937255859375,-0.7337501049041748,3.333251476287842,0.6083062934718644
12,12.508650779724121,-0.7525208592414856,3.301720380783081,0.591073994184879
12,12.602746963500977,-0.7666638493537903,3.275548219680786,0.5782379450956324
12,12.608814239501953,-0.7675223350524902,3.2738635540008545,0.5774190445494346
13,0.9005382657051086,-0.618071436882019,1.1346001625061035,1.0593052626417585
13,0.9936145544052124,-0.6183064579963684,1.057430624961853,1.0658535273549457
13,1.050321102142334,-0.6184713244438171,1.0081535577774048,1.0765239320371258
13,1.1398383378982544,-0.6187769770622253,0.9268645644187927,1.1087402761874778
13,1.228545904159546,-0.6191656589508057,0.8431776165962219,1.1699363492625907
13,1.2823296785354614,-0.6194694638252258,0.7919158339500427,1.228211502651524
13,1.3695409297943115,-0.6201282739639282,0.7061299085617065,1.3742175358750814
13,1.4573992490768433,-0.6210524439811707,0.6210125088691711,1.5777557497762196
13,1.5495229959487915,-0.6222280263900757,0.5404916405677795,1.7976873179152177
13,1.6485013961791992,-0.6233263611793518,0.46873801946640015,2.139915939362653
13,1.7096971273422241,-0.6236957907676697,0.4339534640312195,2.329925429355365
13,1.7717310190200806,-0.6238942742347717,0.40744611620903015,2.582053794471567
13,1.8296325206756592,-0.6239619255065918,0.38876137137413025,2.822799760522971
13,1.882340431213379,-0.6238371729850769,0.3763301372528076,3.02845637741061
13,2.0059940814971924,-0.6222031712532043,0.36449021100997925,3.4294394190610875
13,2.0906128883361816,-0.6198492646217346,0.367372065782547,3.5076689526097766
13,2.1705193519592285,-0.6170834898948669,0.37824490666389465,3.3657619005289354
13,2.288520574569702,-0.6125910878181458,0.41630449891090393,2.9322753090414757
13,2.3957018852233887,-0.6097018718719482,0.4790455996990204,2.596077924844837
13,2.4935669898986816,-0.6091591715812683,0.5524064898490906,2.432888393428662
13,2.596900463104248,-0.6102282404899597,0.6178571581840515,2.3692242825550602
13,2.6614766120910645,-0.6113549470901489,0.6510839462280273,2.357057710418329
13,2.772404432296753,-0.6133219003677368,0.7028793692588806,2.1732065711419035
13,2.8563060760498047,-0.6148110628128052,0.7407425045967102,2.0441904931372195
13,2.9672977924346924,-0.6168960332870483,0.7924485802650452,1.7541759590983188
13,3.0776050090789795,-0.619320273399353,0.8455890417098999,1.539211110597136
13,3.1891610622406006,-0.6215946078300476,0.8960524201393127,1.3848217601211514
13,3.3034250736236572,-0.6233462691307068,0.9400498867034912,1.2936523043195864
13,3.419872283935547,-0.6244987845420837,0.9779269099235535,1.2356953141845255
13,3.496478796005249,-0.6249753832817078,0.999153733253479,1.210194009214654
13,3.6153993606567383,-0.6255217790603638,1.0284100770950317,1.1803975954423693
13,3.703810930252075,-0.6258223652839661,1.0474231243133545,1.1641104848974622
13,3.824073553085327,-0.6262046098709106,1.0704675912857056,1.1463319540417802
13,3.9448490142822266,-0.6265908479690552,1.090659499168396,1.1323620656926279
13,4.055950164794922,-0.6269871592521667,1.1071555614471436,1.1216813613714713
13,4.176040172576904,-0.6274756789207458,1.1230742931365967,1.1117718783001171
13,4.279317855834961,-0.6279554963111877,1.1353787183761597,1.1042917195562898
13,4.396529197692871,-0.6285772919654846,1.1480379104614258,1.096609166544512
13,4.5138702392578125,-0.6292889714241028,1.1594321727752686,1.0895719813535556
13,4.624989986419678,-0.630057692527771,1.1692167520523071,1.0833552983192165
13,4.727732181549072,-0.630861759185791,1.1774858236312866,1.077839386633868
13,4.830525875091553,-0.6317662596702576,1.1850790977478027,1.0724697187427046
13,4.925486087799072,-0.6327037811279297,1.1915546655654907,1.0675927152531282
13,5.015355587005615,-0.6336923241615295,1.1972473859786987,1.0630160484020026
13,5.104220390319824,-0.6347773671150208,1.2024935483932495,1.0585146389737872
13,5.195286273956299,-0.6360113024711609,1.2075036764144897,1.053971926960533
13,5.286368370056152,-0.6373810172080994,1.212166428565979,1.049422553035682
13,5.380350112915039,-0.6389511227607727,1.2166281938552856,1.044670408835512
13,5.477115631103516,-0.6407538652420044,1.2208625078201294,1.0396707617525747
13,5.5763258934021,-0.6428210139274597,1.2248286008834839,1.0343897476418558
13,5.677556037902832,-0.6451866030693054,1.228479266166687,1.02879588083853
13,5.780335426330566,-0.647887110710144,1.2317606210708618,1.022855731604208
13,5.8841729164123535,-0.6509606838226318,1.2346136569976807,1.0164552659262216
13,5.987654209136963,-0.6544140577316284,1.2369561195373535,1.009687814235522
13,6.091917514801025,-0.6583408713340759,1.2387580871582031,1.0024312351971736
13,6.196496963500977,-0.6627978682518005,1.239928960800171,0.994716171919998
13,6.300952434539795,-0.6678463816642761,1.2403658628463745,0.986602756107951
13,6.4056596755981445,-0.6735891103744507,1.2399516105651855,0.978273053140546
13,6.508892059326172,-0.6800212860107422,1.2385575771331787,0.9701143325812278
13,6.6083221435546875,-0.6870642900466919,1.2361714839935303,0.962774278862229
13,6.663849830627441,-0.6913725137710571,1.23440682888031,0.9584850421937083
13,6.693538665771484,-0.6937887668609619,1.2333301305770874,0.956121723066246
13,6.719857215881348,-0.6960028409957886,1.2322779893875122,0.9539452205130693
13,6.746060848236084,-0.6982895135879517,1.231117606163025,0.9518787839633198
13,6.7720794677734375,-0.7006489038467407,1.2298452854156494,0.9499635238858145
13,6.798024654388428,-0.7030954360961914,1.228451132774353,0.948149702189042
13,6.823864459991455,-0.7056281566619873,1.2269355058670044,0.946429211446005
13,6.849686622619629,-0.7082567811012268,1.2252931594848633,0.9447675897283963
13,6.875409126281738,-0.710974395275116,1.2235288619995117,0.9431682528359562
13,6.901068687438965,-0.713787853717804,1.2216386795043945,0.941634355502148
13,6.926662445068359,-0.7167011499404907,1.2196202278137207,0.9401767777987706
13,6.952181816101074,-0.7197191119194031,1.217470645904541,0.9388091331219792
13,6.977617263793945,-0.7228464484214783,1.2151871919631958,0.9375448771436022
13,7.002960681915283,-0.7260875701904297,1.2127678394317627,0.9363924617258067
13,7.028351306915283,-0.7294656038284302,1.2101961374282837,0.9353492016805819
13,7.05364465713501,-0.7329665422439575,1.2074840068817139,0.9344265101404904
13,7.078832626342773,-0.7365934252738953,1.2046314477920532,0.9336174475188476
13,7.103891849517822,-0.7403469681739807,1.2016412019729614,0.9329074633575926
13,7.128833293914795,-0.7442329525947571,1.1985124349594116,0.932324271064914
13,7.153650283813477,-0.7482545375823975,1.1952465772628784,0.9318709821056602
13,7.178337097167969,-0.752415120601654,1.1918456554412842,0.9315434372954434
13,7.202993869781494,-0.756736159324646,1.188296914100647,0.9313414868058826
13,7.227599620819092,-0.7612202763557434,1.1846039295196533,0.931270218527387
13,7.252068042755127,-0.7658566832542419,1.1807823181152344,0.9313322981783666
13,7.276394367218018,-0.7706485986709595,1.176836609840393,0.9315280304018352
13,7.300575256347656,-0.7755992412567139,1.17277193069458,0.9318545360568371
13,7.3247222900390625,-0.7807356119155884,1.1685729026794434,0.9322572960523428
13,7.3487091064453125,-0.7860353589057922,1.1642651557922363,0.9327561618447751
13,7.3725481033325195,-0.7915022969245911,1.1598504781723022,0.9333582246522694
13,7.396237850189209,-0.7971351146697998,1.1553316116333008,0.9340337764756649
13,7.419777870178223,-0.8029294013977051,1.150708794593811,0.9347157336337398
13,7.443289279937744,-0.8089064359664917,1.1459547281265259,0.9353318609583943
13,7.466655731201172,-0.815024197101593,1.1410868167877197,0.93580824320614
13,7.489879608154297,-0.8212649822235107,1.136096715927124,0.9360098341826258
13,7.513028144836426,-0.8276247978210449,1.1309595108032227,0.935782414721176
13,7.53615665435791,-0.834091067314148,1.1256498098373413,0.9351540018455202
13,7.559156894683838,-0.8406011462211609,1.1201822757720947,0.9341039910905221
13,7.582038402557373,-0.8471218347549438,1.1145542860031128,0.9326880791089587
13,7.6050615310668945,-0.8536902666091919,1.1087138652801514,0.9308177346269498
13,7.6278557777404785,-0.8601694703102112,1.1027743816375732,0.9285638219291145
13,7.650561809539795,-0.866578221321106,1.0967377424240112,0.9259385039545984
13,7.67320442199707,-0.8729099631309509,1.0906434059143066,0.9231673655958694
13,7.695799827575684,-0.8791607022285461,1.084539532661438,0.9203278049317618
13,7.718461513519287,-0.8853572607040405,1.0784515142440796,0.9175530634449414
13,7.741102695465088,-0.8914771676063538,1.0724564790725708,0.9150175012136115
13,7.763965606689453,-0.897588849067688,1.0665377378463745,0.9127622293317031
13,7.786595821380615,-0.9035734534263611,1.0608524084091187,0.9107476390089162
13,7.8090972900390625,-0.9094602465629578,1.055399775505066,0.9090822015642797
13,7.831920146942139,-0.9153683185577393,1.0500869750976562,0.9078614735322698
13,7.854759693145752,-0.92121821641922,1.0449951887130737,0.9069617369661512
13,7.877615451812744,-0.9270085692405701,1.040124773979187,0.9062947022517447
13,7.9001264572143555,-0.9326460957527161,1.0355405807495117,0.9058366798623407
13,7.9231038093566895,-0.9383332133293152,1.0310620069503784,0.9056305747181884
13,7.946075916290283,-0.9439504146575928,1.0267724990844727,0.905530484715761
13,7.9690937995910645,-0.9495087265968323,1.0226521492004395,0.9054870258607164
13,7.992101669311523,-0.9549932479858398,1.0187010765075684,0.9054604544197925
13,8.015172958374023,-0.9604199528694153,1.014898657798767,0.9054874703032383
13,8.038233757019043,-0.9657720327377319,1.011250376701355,0.9055748290975465
13,8.061285018920898,-0.9710512161254883,1.0077494382858276,0.905727994472225
13,8.084357261657715,-0.9762654304504395,1.004388451576233,0.9058820218575341
13,8.107489585876465,-0.9814229011535645,1.0011613368988037,0.9060452978668702
13,8.130651473999023,-0.9865176677703857,0.9980713725090027,0.9062569352316184
13,8.153779029846191,-0.9915374517440796,0.9951258897781372,0.9064966412118298
13,8.176758766174316,-0.9964591860771179,0.9923379421234131,0.9067638324501006
13,8.199817657470703,-1.0013335943222046,0.9896780848503113,0.9070718302027452
13,8.222980499267578,-1.0061652660369873,0.9871445894241333,0.9073628209909903
13,8.246129035949707,-1.0109301805496216,0.9847504496574402,0.9076968702105617
13,8.26926326751709,-1.0156291723251343,0.9824944138526917,0.9080749333554298
13,8.292384147644043,-1.0202633142471313,0.9803750514984131,0.9084975515312766
13,8.31549072265625,-1.0248329639434814,0.9783910512924194,0.9089651898224159
13,8.338583946228027,-1.0293382406234741,0.9765408635139465,0.9093973167450773
13,8.361736297607422,-1.033793330192566,0.97481769323349,0.9098708273997537
13,8.384873390197754,-1.038183569908142,0.9732263088226318,0.9103841428045147
13,8.40799331665039,-1.0425087213516235,0.9717652201652527,0.9109341624870959
13,8.431096076965332,-1.0467685461044312,0.9704331755638123,0.9115330132540145
13,8.454431533813477,-1.0510079860687256,0.9692159295082092,0.9121837206256037
13,8.477851867675781,-1.0551990270614624,0.9681212306022644,0.9127973170852604
13,8.501065254211426,-1.0592888593673706,0.9671618938446045,0.9134490997783573
13,8.524253845214844,-1.063310146331787,0.9663270711898804,0.9141457828324351
13,8.547416687011719,-1.0672622919082642,0.9656150341033936,0.9148834331936863
13,8.570550918579102,-1.0711443424224854,0.9650242328643799,0.9156611219189842
13,8.593609809875488,-1.0749481916427612,0.9645537734031677,0.916477090462918
13,8.616633415222168,-1.0786802768707275,0.9642005562782288,0.9172459390930007
13,8.639688491821289,-1.082350492477417,0.9639618992805481,0.9180499619218491
13,8.662703514099121,-1.085946798324585,0.9638371467590332,0.9188847378081725
13,8.685760498046875,-1.0894813537597656,0.9638239741325378,0.9197544557828121
13,8.708810806274414,-1.0929455757141113,0.9639211297035217,0.9206518720173696
13,8.731815338134766,-1.0963329076766968,0.964126467704773,0.9215755044627297
13,8.75477123260498,-1.0996426343917847,0.9644377827644348,0.9225232941671475
13,8.777676582336426,-1.1028742790222168,0.9648522734642029,0.9234175794708155
13,8.800590515136719,-1.1060359477996826,0.9653686285018921,0.924325488834363
13,8.823410987854004,-1.1091132164001465,0.9659820199012756,0.925244909544864
13,8.846222877502441,-1.1121172904968262,0.9666919708251953,0.9261735908544148
13,8.869025230407715,-1.115047812461853,0.9674963355064392,0.9271079461379289
13,8.891817092895508,-1.1179039478302002,0.9683928489685059,0.9280444465523952
13,8.91459846496582,-1.1206854581832886,0.9693790078163147,0.9289795457604072
13,8.937366485595703,-1.1233917474746704,0.9704525470733643,0.9299142640433817
13,8.960103988647461,-1.1260204315185547,0.9716098308563232,0.9308183480986845
13,8.982882499694824,-1.1285796165466309,0.9728518724441528,0.9316782862899983
13,9.005643844604492,-1.131062626838684,0.9741733074188232,0.9325258825281315
13,9.028388023376465,-1.1334692239761353,0.97557133436203,0.9333582954558715
13,9.051112174987793,-1.1357992887496948,0.9770432710647583,0.934176196778152
13,9.073793411254883,-1.1380504369735718,0.9785848259925842,0.9349746309410276
13,9.096452713012695,-1.1402252912521362,0.9801946878433228,0.9357505571203346
13,9.119089126586914,-1.1423238515853882,0.9818701148033142,0.9365020770942796
13,9.141700744628906,-1.1443463563919067,0.9836084246635437,0.9372277056017173
13,9.164287567138672,-1.146292805671692,0.9854068756103516,0.9379280009319546
13,9.18681812286377,-1.1481614112854004,0.9872602224349976,0.9386006708556038
13,9.209320068359375,-1.1499546766281128,0.989168107509613,0.9392439688083759
13,9.231792449951172,-1.151673436164856,0.991127610206604,0.939819788239293
13,9.25426197052002,-1.1533198356628418,0.9931383728981018,0.9403669480093708
13,9.276697158813477,-1.1548922061920166,0.995195209980011,0.9408857409771093
13,9.299097061157227,-1.1563910245895386,0.9972953796386719,0.9413764487499771
13,9.321420669555664,-1.157814383506775,0.9994326233863831,0.9418384099824779
13,9.343711853027344,-1.159165620803833,1.0016086101531982,0.942266155956017
13,9.365961074829102,-1.160444974899292,1.0038198232650757,0.9426660914775732
13,9.388165473937988,-1.1616528034210205,1.0060638189315796,0.9430392319716876
13,9.41032600402832,-1.1627899408340454,1.008338212966919,0.9433868112497713
13,9.432440757751465,-1.1638569831848145,1.0106406211853027,0.9437102172703961
13,9.454508781433105,-1.1648545265197754,1.0129687786102295,0.9440108179348088
13,9.476529121398926,-1.1657832860946655,1.0153203010559082,0.9442903740244429
13,9.498501777648926,-1.1666440963745117,1.0176931619644165,0.9445504478231707
13,9.520424842834473,-1.1674376726150513,1.0200849771499634,0.9447930509785749
13,9.542298316955566,-1.1681647300720215,1.022493839263916,0.9450199368062596
13,9.564122200012207,-1.1688259840011597,1.024917721748352,0.945233133122663
13,9.585896492004395,-1.1694223880767822,1.0273544788360596,0.9454347574897204
13,9.607620239257812,-1.1699546575546265,1.0298024415969849,0.945626952660286
13,9.629293441772461,-1.1704237461090088,1.0322597026824951,0.9458117608019244
13,9.65091609954834,-1.170830488204956,1.034724473953247,0.9459919617334023
13,9.67248821258545,-1.1711757183074951,1.037195086479187,0.9461742721214677
13,9.694060325622559,-1.1714608669281006,1.0396755933761597,0.9463499586560294
13,9.715588569641113,-1.171686053276062,1.0421596765518188,0.9465028002146733
13,9.737095832824707,-1.1718517541885376,1.0446478128433228,0.9466587480122065
13,9.758602142333984,-1.1719588041305542,1.0471410751342773,0.9468217174686382
13,9.780107498168945,-1.17200767993927,1.049638032913208,0.9469937214973487
13,9.801613807678223,-1.1719990968704224,1.0521373748779297,0.9471771437370016
13,9.823119163513184,-1.1719335317611694,1.0546376705169678,0.9473779875262349
13,9.844624519348145,-1.1718116998672485,1.0571378469467163,0.9475979884281751
13,9.866129875183105,-1.1716344356536865,1.0596365928649902,0.9478363725858312
13,9.887635231018066,-1.1714024543762207,1.0621325969696045,0.9480953395970071
13,9.909139633178711,-1.1711163520812988,1.0646247863769531,0.9483772045081362
13,9.930644989013672,-1.1707769632339478,1.0671119689941406,0.9486573143837963
13,9.952149391174316,-1.1703847646713257,1.069592833518982,0.9489602915312123
13,9.973653793334961,-1.169940710067749,1.072066307067871,0.9492959856951312
13,9.995157241821289,-1.1694456338882446,1.0745315551757812,0.94966861572259
13,10.016661643981934,-1.1689003705978394,1.076987624168396,0.9500754137586949
13,10.038165092468262,-1.1683061122894287,1.0794336795806885,0.9505182407154189
13,10.05966854095459,-1.1676636934280396,1.0818688869476318,0.9509990156244712
13,10.081171989440918,-1.1669743061065674,1.0842926502227783,0.9515197059177293
13,10.102675437927246,-1.1662389039993286,1.0867042541503906,0.9520819674611806
13,10.124178886413574,-1.1654586791992188,1.089103102684021,0.9526897361889884
13,10.145681381225586,-1.1646344661712646,1.0914884805679321,0.9533351721693532
13,10.167191505432129,-1.163766860961914,1.0938602685928345,0.9540275353808079
13,10.188772201538086,-1.1628541946411133,1.0962247848510742,0.9547845062973824
13,10.210673332214355,-1.1618856191635132,1.098608136177063,0.9556106249674531
13,10.233474731445312,-1.160833477973938,1.1010714769363403,0.9565200843345447
13,10.257979393005371,-1.159655213356018,1.1036978960037231,0.9575456125794443
13,10.28248405456543,-1.158429741859436,1.1063024997711182,0.9586159696877861
13,10.309208869934082,-1.1570420265197754,1.109118103981018,0.9598264621732531
13,10.337903022766113,-1.1554960012435913,1.1121121644973755,0.9612240596279187
13,10.366596221923828,-1.153894066810608,1.1150761842727661,0.9627098022298791
13,10.396454811096191,-1.1521713733673096,1.1181279420852661,0.9643155889025216
13,10.426313400268555,-1.1503942012786865,1.1211462020874023,0.9660724017432887
13,10.456615447998047,-1.1485384702682495,1.1241745948791504,0.9679077391816535
13,10.487015724182129,-1.1466271877288818,1.1271777153015137,0.9698790090096259
13,10.517417907714844,-1.144669532775879,1.1301460266113281,0.9719557927468259
13,10.547829627990723,-1.1426687240600586,1.133081316947937,0.9741241556682751
13,10.578242301940918,-1.140628457069397,1.1359834671020508,0.9764301190865918
13,10.608654975891113,-1.1385524272918701,1.138853669166565,0.978814859660498
13,10.639068603515625,-1.1364442110061646,1.1416929960250854,0.9812947984016314
13,10.669482231140137,-1.1343063116073608,1.1445022821426392,0.983863383122498
13,10.699897766113281,-1.1321427822113037,1.1472831964492798,0.9865088259393636
13,10.730314254760742,-1.1299567222595215,1.150037169456482,0.9892738515261403
13,10.760730743408203,-1.1277509927749634,1.1527659893035889,0.9921085463955498
13,10.791149139404297,-1.125529408454895,1.155471682548523,0.9950305816069666
13,10.82156753540039,-1.123294472694397,1.1581555604934692,0.9979956503561709
13,10.851987838745117,-1.121049404144287,1.1608190536499023,1.0010116509745084
13,10.882408142089844,-1.1187974214553833,1.163464069366455,1.004110192241591
13,10.912829399108887,-1.1165409088134766,1.1660925149917603,1.0072547879762566
13,10.943252563476562,-1.1142828464508057,1.168705940246582,1.0104442560720472
13,10.973677635192871,-1.1120257377624512,1.1713060140609741,1.013689280359544
13,11.004103660583496,-1.1097723245620728,1.1738948822021484,1.0169801860261782
13,11.034530639648438,-1.107525110244751,1.176474690437317,1.020315279887717
13,11.064958572387695,-1.1052864789962769,1.179046869277954,1.023686308735751
13,11.095388412475586,-1.1030590534210205,1.1816139221191406,1.0270916360199762
13,11.125819206237793,-1.1008446216583252,1.184177041053772,1.0305174599952296
13,11.15625,-1.0986456871032715,1.1867380142211914,1.0339311431839846
13,11.186684608459473,-1.0964641571044922,1.1892980337142944,1.0373297962843526
13,11.217119216918945,-1.0943018198013306,1.1918580532073975,1.0407149832553504
13,11.247557640075684,-1.0921605825424194,1.1944193840026855,1.044102880450445
13,11.277997016906738,-1.0900421142578125,1.1969830989837646,1.047470079664837
13,11.308445930480957,-1.0879477262496948,1.1995511054992676,1.050841742747433
13,11.338920593261719,-1.0858778953552246,1.2021260261535645,1.0541911682761451
13,11.369396209716797,-1.083835482597351,1.2047065496444702,1.0575241331523708
13,11.39993953704834,-1.081817865371704,1.207298994064331,1.0608630451133263
13,11.430482864379883,-1.0798301696777344,1.209898591041565,1.0640888363715166
13,11.46116828918457,-1.0778648853302002,1.212517499923706,1.0673638496621711
13,11.492103576660156,-1.0759190320968628,1.215165376663208,1.0707105495728177
13,11.523040771484375,-1.0740095376968384,1.2178200483322144,1.074019895341282
13,11.559263229370117,-1.0718162059783936,1.2209333181381226,1.077271271752183
13,11.624900817871094,-1.0679473876953125,1.2265708446502686,1.0829095655488437
13,11.690546989440918,-1.064232587814331,1.2322132587432861,1.0884977892572543
13,11.762022018432617,-1.0603631734848022,1.2383580207824707,1.0939321585944723
13,11.833507537841797,-1.0566730499267578,1.2444850206375122,1.0979923445866904
13,11.962721824645996,-1.050392985343933,1.2554657459259033,1.1056510644078752
13,12.084003448486328,-1.0448551177978516,1.2654545307159424,1.1112344580077114
13,12.168912887573242,-1.0411224365234375,1.2721656560897827,1.1147101272675934
14,0.8065746426582336,0.24190199375152588,2.223710060119629,0.9702163634367975
14,0.9162584543228149,0.24194945394992828,2.178107976913452,0.9485865406809557
14,1.0271902084350586,0.24199911952018738,2.130012035369873,0.9231058719639753
14,1.1374104022979736,0.2420496642589569,2.080305814743042,0.8938361499138517
14,1.247943639755249,0.24210110306739807,2.028820753097534,0.8616190999747922
14,1.3578470945358276,0.24215292930603027,1.976003885269165,0.8247873560010033
14,1.4344614744186401,0.24218964576721191,1.9382799863815308,0.7970207767514584
14,1.5384443998336792,0.2422417402267456,1.8858779668807983,0.7543121188319316
14,1.6369574069976807,0.2422974705696106,1.8351943492889404,0.7087462338476187
14,1.7182215452194214,0.24235254526138306,1.7926993370056152,0.6659707991949254
14,1.8268818855285645,0.24245771765708923,1.7362033128738403,0.6004280458024255
14,1.8858753442764282,0.242537721991539,1.705884337425232,0.5617692986333002
14,1.9967824220657349,0.24278737604618073,1.653975248336792,0.484747185092871
14,2.035336971282959,0.24291613698005676,1.638250470161438,0.4569297635536371
14,2.079406976699829,0.24309954047203064,1.6223567724227905,0.431241512037054
14,2.1990671157836914,0.24384334683418274,1.5976489782333374,0.3956078744962699
14,2.2502987384796143,0.2442704141139984,1.5965505838394165,0.39589223483305913
14,2.371551752090454,0.2453548014163971,1.6125919818878174,0.46592154096154087
14,2.4898183345794678,0.24634021520614624,1.644275426864624,0.5485330091267445
14,2.606797456741333,0.24714282155036926,1.6805354356765747,0.6291672874117569
14,2.6516692638397217,0.24741266667842865,1.695026159286499,0.6574720188049296
14,2.7685534954071045,0.24801506102085114,1.7315928936004639,0.7209115343748662
14,2.845979928970337,0.24834948778152466,1.7546486854553223,0.7592857492939792
14,2.963900566101074,0.24879391491413116,1.7877204418182373,0.8049967689273133
14,3.082512855529785,0.24918314814567566,1.818224310874939,0.8447399981071357
14,3.201770305633545,0.24954283237457275,1.8460980653762817,0.8760491659579217
14,3.3215527534484863,0.2498883455991745,1.8716238737106323,0.9022137371257813
14,3.4417953491210938,0.25023549795150757,1.8948876857757568,0.9247740079244583
14,3.562412738800049,0.2505944073200226,1.916124939918518,0.9410297944994539
14,3.683342456817627,0.2509748637676239,1.9355043172836304,0.9556586311004825
14,3.804506778717041,0.25138723850250244,1.9532228708267212,0.9670795390957119
14,3.925880193710327,0.25183793902397156,1.969448208808899,0.9763168093616906
14,4.047205924987793,0.25233691930770874,1.9843170642852783,0.984306906267285
14,4.16867208480835,0.25289350748062134,1.9979941844940186,0.9894826169578792
14,4.2891669273376465,0.2535112798213959,2.010486125946045,0.9939710859698624
14,4.406522274017334,0.2541888952255249,2.021731376647949,0.9970783889329928
14,4.523953437805176,0.25495168566703796,2.032150983810425,0.9990292169849098
14,4.635125637054443,0.255766361951828,2.0413248538970947,1.0003001972166443
14,4.737894058227539,0.2566119432449341,2.0492618083953857,1.0006971013138115
14,4.840696811676025,0.25755801796913147,2.0567197799682617,1.0003516416170524
14,4.93565559387207,0.2585340738296509,2.063218116760254,0.9994890342278994
14,5.025452613830566,0.2595597207546234,2.0690455436706543,0.99814680530068
14,5.1128363609313965,0.26066625118255615,2.0744404792785645,0.9963389179881521
14,5.1994500160217285,0.26188337802886963,2.0795364379882812,0.9940654463289031
14,5.286075115203857,0.2632385492324829,2.0843942165374756,0.9911537925150765
14,5.372587203979492,0.26475098729133606,2.0890166759490967,0.9877028296982333
14,5.461243152618408,0.26649045944213867,2.0935258865356445,0.983584821980332
14,5.553776264190674,0.2685430645942688,2.0979952812194824,0.9786285696286279
14,5.649996280670166,0.2709784209728241,2.1023881435394287,0.9727318051813403
14,5.749540328979492,0.27388641238212585,2.106644868850708,0.9656105591026797
14,5.8490824699401855,0.2772688865661621,2.1105751991271973,0.9573132011063599
14,5.951419353485107,0.2813536524772644,2.114217758178711,0.9476973920753489
14,6.055881977081299,0.28631848096847534,2.1174302101135254,0.9367708235322141
14,6.161677837371826,0.2923937737941742,2.120037078857422,0.9243991336794805
14,6.267404079437256,0.2998124063014984,2.1218326091766357,0.9107757459105625
14,6.373514175415039,0.30901575088500977,2.1226134300231934,0.8970064152722976
14,6.478999137878418,0.3204718828201294,2.1221139430999756,0.8845738799381011
14,6.582805156707764,0.33466315269470215,2.120116710662842,0.8754665551562466
14,6.686044216156006,0.35247355699539185,2.116527795791626,0.8743019532811234
14,6.709803581237793,0.3571451008319855,2.11550235748291,0.8772567482798923
14,6.812867164611816,0.38053402304649353,2.110383987426758,0.8910553762240911
14,6.837995529174805,0.3869888186454773,2.109060287475586,0.8974258719569109
14,6.86265754699707,0.3936176598072052,2.107753038406372,0.9050352519949483
14,6.887246131896973,0.40051814913749695,2.106457233428955,0.913973052599873
14,6.911644458770752,0.4076464772224426,2.105198860168457,0.9237690899895369
14,6.935850620269775,0.41498279571533203,2.104006290435791,0.9346574867021255
14,6.959835052490234,0.42249464988708496,2.1029114723205566,0.9465841666374696
14,6.983610153198242,0.4301581084728241,2.101943254470825,0.9592328762818852
14,7.007306098937988,0.43798673152923584,2.101120948791504,0.9728865305474722
14,7.0309576988220215,0.44596442580223083,2.1004722118377686,0.9875349807037648
14,7.054420471191406,0.45401138067245483,2.1000266075134277,1.0027176050786177
14,7.077831745147705,0.4621444642543793,2.0998034477233887,1.018367765291105
14,7.1010661125183105,0.47028571367263794,2.0998270511627197,1.0345224048941737
14,7.124129772186279,0.47840067744255066,2.1001169681549072,1.0508605822788877
14,7.147177696228027,0.48651307821273804,2.1006927490234375,1.0672084295214759
14,7.17022705078125,0.49459338188171387,2.101576328277588,1.0838230510816769
14,7.193049907684326,0.5025238394737244,2.102771520614624,1.099962298458329
14,7.215966701507568,0.5103885531425476,2.10430645942688,1.1155406491881585
14,7.238743782043457,0.5180742740631104,2.1061770915985107,1.1305693988024044
14,7.261386871337891,0.5255481004714966,2.108384132385254,1.1449765979857551
14,7.284022808074951,0.5328273773193359,2.110943078994751,1.158289469248735
14,7.30653715133667,0.5398524403572083,2.113842010498047,1.1704263877187273
14,7.329076290130615,0.546640932559967,2.1170904636383057,1.181135351330699
14,7.351500034332275,0.5531286597251892,2.120656967163086,1.1902475794044163
14,7.373992443084717,0.5593625903129578,2.1245687007904053,1.1976642903832126
14,7.396377086639404,0.5652754902839661,2.1287829875946045,1.2036232154742066
14,7.418628215789795,0.5708466172218323,2.1332714557647705,1.207908945643875
14,7.440786361694336,0.5760830640792847,2.138017177581787,1.2105128167595034
14,7.463043689727783,0.5810340046882629,2.143054723739624,1.211204545833678
14,7.4853081703186035,0.5856741070747375,2.1483516693115234,1.210059542520428
14,7.507497787475586,0.5899799466133118,2.1538660526275635,1.2075091614372904
14,7.529604911804199,0.593956470489502,2.1595749855041504,1.2037373944536498
14,7.551635265350342,0.597611665725708,2.1654601097106934,1.198912939291108
14,7.573554992675781,0.6009361743927002,2.171492338180542,1.1930689452099887
14,7.595633029937744,0.6039692163467407,2.1777448654174805,1.1859669445801115
14,7.617602348327637,0.606670081615448,2.1841375827789307,1.1780681485988749
14,7.639523506164551,0.6090352535247803,2.190673589706421,1.1691690414202374
14,7.66145658493042,0.611055314540863,2.1973583698272705,1.1595337936467818
14,7.683343887329102,0.612712025642395,2.2041707038879395,1.1492722109933198
14,7.705188751220703,0.6139828562736511,2.211106777191162,1.1383196469260188
14,7.7270026206970215,0.6148401498794556,2.2181732654571533,1.127052452023224
14,7.748745441436768,0.6152507066726685,2.2253870964050293,1.1158178727085597
14,7.770381927490234,0.615168035030365,2.232786178588867,1.1046045572708678
14,7.7919087409973145,0.6145310401916504,2.24045729637146,1.0950269205778926
14,7.813307762145996,0.6132482290267944,2.2485406398773193,1.087719172041508
14,7.834433555603027,0.6111790537834167,2.257171154022217,1.0825457077439373
14,7.855079650878906,0.6081213355064392,2.2664668560028076,1.079619303252688
14,7.875168800354004,0.6038283705711365,2.276463508605957,1.0770025984197875
14,7.894750595092773,0.5981318354606628,2.286996603012085,1.0689331630919492
14,7.913668632507324,0.591074526309967,2.29768705368042,1.0522787844213366
14,7.9321393966674805,0.582796573638916,2.3081867694854736,1.0296634402133353
14,7.950351715087891,0.5734996795654297,2.3182010650634766,0.9992137737914816
14,7.968459606170654,0.5633240342140198,2.3275322914123535,0.963067001535308
14,7.986546993255615,0.5524414777755737,2.3360435962677,0.9299402815111817
14,8.004603385925293,0.5410063862800598,2.343844175338745,0.8993186667642586
14,8.022476196289062,0.5290998220443726,2.3511593341827393,0.8771868268416082
14,8.040096282958984,0.5166871547698975,2.3582441806793213,0.8583774534418812
14,8.057276725769043,0.5037354230880737,2.365277051925659,0.8426764396488523
14,8.073959350585938,0.4901720881462097,2.372314691543579,0.8292708521517554
14,8.090049743652344,0.47594255208969116,2.3793489933013916,0.8173768439476786
14,8.105484008789062,0.46101728081703186,2.3863096237182617,0.8048968027735643
14,8.120237350463867,0.44536033272743225,2.3931217193603516,0.7929176831158377
14,8.13426685333252,0.4289650022983551,2.3996753692626953,0.7808365334425841
14,8.147537231445312,0.41187530755996704,2.4058637619018555,0.767376899590441
14,8.160058975219727,0.39408761262893677,2.4116036891937256,0.7542895880967829
14,8.171836853027344,0.3756232261657715,2.4168193340301514,0.7411050051927414
14,8.182854652404785,0.3565419614315033,2.4214422702789307,0.7275592591624169
14,8.193116188049316,0.33687150478363037,2.4254369735717773,0.7146887837490776
14,8.202584266662598,0.3167577087879181,2.4287784099578857,0.7028444462970976
14,8.211294174194336,0.2961641550064087,2.431474447250366,0.6920399373533122
14,8.219234466552734,0.2751385569572449,2.433547258377075,0.6830420498096517
14,8.226348876953125,0.25383517146110535,2.4350273609161377,0.6752685782159952
14,8.232666015625,0.2321985512971878,2.4359517097473145,0.6689452628382137
14,8.238165855407715,0.21029366552829742,2.4363512992858887,0.6641035436243289
14,8.242819786071777,0.18820765614509583,2.4362664222717285,0.6607665202553182
14,8.246622085571289,0.16594643890857697,2.4357264041900635,0.6585388447370866
14,8.249567985534668,0.1435655802488327,2.4347517490386963,0.6573087535489578
14,8.251654624938965,0.1211102306842804,2.433361768722534,0.6569692921297593
14,8.252885818481445,0.09861981123685837,2.4315738677978516,0.6574218485586374
14,8.253267288208008,0.07613237202167511,2.4294044971466064,0.6585564832976806
14,8.25280475616455,0.05368445813655853,2.4268715381622314,0.6602994843196456
14,8.251507759094238,0.031310807913541794,2.4239938259124756,0.6626077861982429
14,8.249388694763184,0.009044165723025799,2.4207923412323,0.6654095208021038
14,8.246463775634766,-0.013085193000733852,2.417288064956665,0.6686161552327567
14,8.242756843566895,-0.0350508838891983,2.413505792617798,0.6720068341921828
14,8.238295555114746,-0.05683024972677231,2.4094698429107666,0.6756512819076769
14,8.2330961227417,-0.07840096950531006,2.405202627182007,0.6795068738581898
14,8.227167129516602,-0.09973987191915512,2.400726079940796,0.6835392844368346
14,8.220520973205566,-0.12082573026418686,2.396061420440674,0.687549379575018
14,8.213178634643555,-0.14164100587368011,2.391228675842285,0.69138928828379
14,8.205174446105957,-0.1621754765510559,2.3862464427948,0.6951165820467331
14,8.19650936126709,-0.18240639567375183,2.381129503250122,0.6987874350522308
14,8.187191009521484,-0.20231398940086365,2.3758931159973145,0.7022825681545917
14,8.177227973937988,-0.2218778282403946,2.3705501556396484,0.7055285999417852
14,8.166630744934082,-0.24107785522937775,2.365107297897339,0.7083583178485289
14,8.155413627624512,-0.2598956823348999,2.35957407951355,0.7110023073873549
14,8.143564224243164,-0.2782972753047943,2.353957414627075,0.7137372721248767
14,8.131078720092773,-0.296249121427536,2.348266124725342,0.7161063293306322
14,8.11796760559082,-0.31372395157814026,2.342498302459717,0.7182880094671826
14,8.104228973388672,-0.3306844234466553,2.3366572856903076,0.7205519134764685
14,8.089849472045898,-0.34708118438720703,2.330749034881592,0.7232852950404675
14,8.074823379516602,-0.36286377906799316,2.3247768878936768,0.7258152862898911
14,8.059163093566895,-0.3779880106449127,2.318732500076294,0.728947642904938
14,8.042866706848145,-0.39239737391471863,2.312624931335449,0.7327819188809729
14,8.025928497314453,-0.4060196876525879,2.306457042694092,0.7376661709298932
14,8.008367538452148,-0.41879862546920776,2.3002266883850098,0.7432844932767623
14,7.990206241607666,-0.43067553639411926,2.2939343452453613,0.750668871381687
14,7.97145938873291,-0.4415753483772278,2.287590980529785,0.760134004684979
14,7.952162742614746,-0.4514350891113281,2.2811954021453857,0.7714848864421022
14,7.932366371154785,-0.46021029353141785,2.2747466564178467,0.785549798080117
14,7.912119388580322,-0.4678472876548767,2.2682509422302246,0.8035745011429029
14,7.89148473739624,-0.47430747747421265,2.2616970539093018,0.8251208294236257
14,7.87053918838501,-0.4795782268047333,2.2550652027130127,0.8504737792998355
14,7.8493571281433105,-0.4836448132991791,2.248338222503662,0.8819610429041824
14,7.828016757965088,-0.48649701476097107,2.241488456726074,0.919343041178064
14,7.806601047515869,-0.4881407916545868,2.2344789505004883,0.9632197515340941
14,7.785205841064453,-0.4885633885860443,2.2272305488586426,1.0176408124709533
14,7.763903617858887,-0.4876950681209564,2.2197530269622803,1.0835464035666034
14,7.742611408233643,-0.48549407720565796,2.2125253677368164,1.1594752388967957
14,7.721139430999756,-0.4822326600551605,2.2063050270080566,1.2209005639583086
14,7.69932746887207,-0.4784017503261566,2.2018630504608154,1.2398273803437716
14,7.677181720733643,-0.4746173918247223,2.199510097503662,1.2189611061451502
14,7.66765832901001,-0.47314220666885376,2.199022054672241,1.1983348854279752
14,7.645273685455322,-0.4704146981239319,2.197643995285034,1.0985370260098841
14,7.623032569885254,-0.4691097140312195,2.1940622329711914,0.9763229823489309
14,7.606879711151123,-0.4691358208656311,2.1887009143829346,0.9021481569837334
14,7.592867851257324,-0.4694412648677826,2.1819255352020264,0.8491695300014269
14,7.573676109313965,-0.4692263603210449,2.1700196266174316,0.7794912094927045
14,7.555506229400635,-0.4674138128757477,2.156724452972412,0.7129331340034396
14,7.538155555725098,-0.4637524485588074,2.142732858657837,0.6482571841902226
14,7.521621227264404,-0.4583604633808136,2.128314733505249,0.5803284594955065
14,7.505952835083008,-0.45143231749534607,2.113589286804199,0.513291130657966
14,7.491267204284668,-0.4432428479194641,2.098501682281494,0.4431344768791823
14,7.47780704498291,-0.4339112639427185,2.0829434394836426,0.37755903084429726
14,7.466037750244141,-0.42369046807289124,2.0665981769561768,0.3198663067252266
14,7.45654296875,-0.4126993417739868,2.049309015274048,0.27217963208237345
14,7.450188159942627,-0.40115097165107727,2.03098464012146,0.24177611497880003
14,7.447597026824951,-0.3907141387462616,2.014291524887085,0.22688362255864428
14,7.447910785675049,-0.3785954713821411,1.9952458143234253,0.22159150307863876
14,7.451033115386963,-0.36612987518310547,1.976672887802124,0.2226684042415976
14,7.456128120422363,-0.35305649042129517,1.9589695930480957,0.22798432945177063
14,7.462388515472412,-0.33907270431518555,1.9423693418502808,0.2344427664140414
14,7.469151496887207,-0.3238915205001831,1.9270691871643066,0.24100583760013056
14,7.475944995880127,-0.3073522448539734,1.913266897201538,0.24656479982185595
14,7.482283115386963,-0.2893543839454651,1.9011834859848022,0.25512740654372584
14,7.487904071807861,-0.26996129751205444,1.891066312789917,0.26374184412954643
14,7.492514610290527,-0.24933944642543793,1.8831002712249756,0.2739855119787169
14,7.495951175689697,-0.22775639593601227,1.8774147033691406,0.2841567763495219
14,7.498151779174805,-0.20552858710289001,1.8740894794464111,0.29497290977826096
14,7.499074459075928,-0.18298456072807312,1.8731393814086914,0.3064085618979784
14,7.498650550842285,-0.16044999659061432,1.8745492696762085,0.31692916048364744
14,7.496756076812744,-0.13825950026512146,1.8782826662063599,0.32706048236509383
14,7.493279457092285,-0.11674974113702774,1.8842148780822754,0.3384669647943845
14,7.4881110191345215,-0.09622889757156372,1.8920997381210327,0.3511852675909443
14,7.481137275695801,-0.07693621516227722,1.9015421867370605,0.36925543112875664
14,7.472398281097412,-0.058933526277542114,1.91201913356781,0.39076146003034795
14,7.463709354400635,-0.04380654916167259,1.9215248823165894,0.4140249727925574
14,7.453123569488525,-0.026874074712395668,1.9320979118347168,0.4451609771645006
14,7.442524433135986,-0.009512485936284065,1.9419310092926025,0.47675377860833174
14,7.434247016906738,0.005836825352162123,1.9493330717086792,0.5083780675528453
14,7.42779016494751,0.020146643742918968,1.9551362991333008,0.5441747858343449
14,7.421414375305176,0.03783727437257767,1.9612897634506226,0.591270854981065
14,7.416990756988525,0.05484744533896446,1.96653413772583,0.6400261196837188
14,7.413795471191406,0.07633817195892334,1.9727004766464233,0.706969452889379
14,7.412833213806152,0.09798635542392731,1.979076623916626,0.7771875076684617
14,7.413882732391357,0.1194605752825737,1.9860047101974487,0.8414743828687368
14,7.416770935058594,0.1405184268951416,1.9936548471450806,0.8998268660896976
14,7.421183109283447,0.1609707772731781,2.0021743774414062,0.9526710959521174
14,7.426787853240967,0.18070881068706512,2.0116281509399414,0.9967925129653581
14,7.43332052230835,0.19968242943286896,2.022007942199707,1.0307312479445485
14,7.440575122833252,0.217843160033226,2.0333216190338135,1.0580851090494248
14,7.448358535766602,0.2351512312889099,2.045581340789795,1.0770879546532548
14,7.456486225128174,0.25156086683273315,2.0588135719299316,1.0878185299844407
14,7.464837551116943,0.26698845624923706,2.073049783706665,1.095468905599519
14,7.473296165466309,0.2812848389148712,2.0883612632751465,1.0969248074815376
14,7.4817914962768555,0.29434987902641296,2.1047167778015137,1.0961673652066128
14,7.490089416503906,0.306021124124527,2.1221883296966553,1.0945534306149607
14,7.498159408569336,0.3161948621273041,2.1406726837158203,1.094557246290405
14,7.5056962966918945,0.3247451186180115,2.1601743698120117,1.0953706023675587
14,7.512467861175537,0.3316402733325958,2.1805918216705322,1.1057465489204101
14,7.518310546875,0.33691170811653137,2.201765537261963,1.1239608402649521
14,7.5229363441467285,0.3405894935131073,2.223567008972168,1.1533776967456926
14,7.5261712074279785,0.34276410937309265,2.245816707611084,1.1952973820359252
14,7.527996063232422,0.34351590275764465,2.268319845199585,1.2494757480575474
14,7.528549671173096,0.34290415048599243,2.2908952236175537,1.314898885341051
14,7.528058052062988,0.3409682512283325,2.3133983612060547,1.3890537603119093
14,7.52676248550415,0.33772513270378113,2.335719108581543,1.470375355854175
14,7.524878978729248,0.33318689465522766,2.3577709197998047,1.557833999747895
14,7.5226216316223145,0.3273298144340515,2.37947416305542,1.650570165247221
14,7.5205888748168945,0.32135096192359924,2.3974673748016357,1.7250219053581997
14,7.518065452575684,0.31305432319641113,2.4183297157287598,1.8078122518046067
14,7.515403747558594,0.3035597503185272,2.438657760620117,1.882860001206372
14,7.512631893157959,0.29304105043411255,2.458461284637451,1.9323926601695047
14,7.509616374969482,0.28172117471694946,2.477782726287842,1.963130755159124
14,7.506398677825928,0.26987385749816895,2.4967525005340576,1.9715261550565748
14,7.50283670425415,0.25772687792778015,2.515470027923584,1.948864020456271
14,7.498964786529541,0.2455301731824875,2.5340933799743652,1.9056739261245106
14,7.494680881500244,0.2336273193359375,2.5528156757354736,1.8458986840671074
14,7.4903883934021,0.22347119450569153,2.5699877738952637,1.78912084642526
14,7.485172271728516,0.21333327889442444,2.589491844177246,1.7329032113515082
14,7.479585647583008,0.2047058343887329,2.6096088886260986,1.6923580302108991
14,7.473787307739258,0.19777928292751312,2.630314588546753,1.6648981156510756
14,7.468077659606934,0.1925271898508072,2.651529312133789,1.6484985194235227
14,7.462652206420898,0.18867316842079163,2.673095703125,1.6333206256252915
14,7.457632064819336,0.18579921126365662,2.694880723953247,1.6094639462949196
14,7.453121662139893,0.18351009488105774,2.716846227645874,1.567964959417344
14,7.449292182922363,0.18146736919879913,2.738922357559204,1.507379672034104
14,7.446378231048584,0.17936308681964874,2.7613823413848877,1.4286205870752156
14,7.4448018074035645,0.17694169282913208,2.7841594219207764,1.3376674663595198
14,7.44503927230835,0.17398567497730255,2.807143211364746,1.244198872234583
14,7.447500228881836,0.1703777313232422,2.829899787902832,1.1587813364397883
14,7.452331066131592,0.16611789166927338,2.85239839553833,1.0857588797262212
14,7.459322929382324,0.16140605509281158,2.8744664192199707,1.0227438525224326
14,7.468071937561035,0.15656159818172455,2.8961117267608643,0.9646281064620479
14,7.478151798248291,0.1519933044910431,2.9173567295074463,0.9088138969017859
14,7.489512920379639,0.14808319509029388,2.9386544227600098,0.8581018655727923
14,7.5016655921936035,0.14539334177970886,2.9591598510742188,0.8169428066955824
14,7.514946460723877,0.14412084221839905,2.979346513748169,0.7871216691673307
14,7.529355525970459,0.14442355930805206,2.9989192485809326,0.7693590738527352
14,7.544935703277588,0.1462307721376419,3.017631769180298,0.7620446215019377
14,7.561764240264893,0.14930781722068787,3.035330057144165,0.763286596995185
14,7.579773426055908,0.15329183638095856,3.0517849922180176,0.771174975154565
14,7.598851680755615,0.15779276192188263,3.0668609142303467,0.7833270173410034
14,7.6190009117126465,0.16243350505828857,3.0806097984313965,0.798271954012439
14,7.64012336730957,0.1669035404920578,3.0930638313293457,0.81468612632506
14,7.661958694458008,0.1709393709897995,3.1042072772979736,0.8323561777809817
14,7.684719562530518,0.17440493404865265,3.114292621612549,0.8506543256322421
14,7.707845211029053,0.17707371711730957,3.1231517791748047,0.8691681776964267
14,7.7318830490112305,0.17902089655399323,3.131178140640259,0.8873499794704592
14,7.7558770179748535,0.18010498583316803,3.1381125450134277,0.9052564737157675
14,7.780057430267334,0.18044614791870117,3.144138813018799,0.9222910635754861
14,7.804360866546631,0.18013471364974976,3.149289608001709,0.9386294869653711
14,7.828677654266357,0.17930853366851807,3.1535537242889404,0.9520501226780557
14,7.853330135345459,0.17815139889717102,3.1569981575012207,0.9604844923514015
14,7.8779296875,0.1768532693386078,3.1595730781555176,0.9615609654756703
14,7.902524471282959,0.1755274534225464,3.161324977874756,0.9551358751226632
14,7.92708683013916,0.17421011626720428,3.1622984409332275,0.9425307265447579
14,7.951098918914795,0.1729002594947815,3.162522077560425,0.9261597598498718
14,7.975706100463867,0.17147690057754517,3.162020444869995,0.9081834153309062
14,8.00003433227539,0.16992931067943573,3.160796880722046,0.8905742508386506
14,8.02374267578125,0.16824625432491302,3.158892869949341,0.8757405962471279
14,8.048279762268066,0.16630423069000244,3.1562001705169678,0.8625684526462608
14,8.072627067565918,0.1641499400138855,3.1527912616729736,0.8518522000843989
14,8.096660614013672,0.16177301108837128,3.1487174034118652,0.8434850760805913
14,8.120390892028809,0.15915541350841522,3.1440303325653076,0.8374499195610505
14,8.14388656616211,0.15627314150333405,3.138777732849121,0.8336016282568656
14,8.167144775390625,0.15311497449874878,3.1330301761627197,0.8318496199874436
14,8.190166473388672,0.14967837929725647,3.1268627643585205,0.8319188551940025
14,8.212455749511719,0.1460646688938141,3.120485782623291,0.8323410662290087
14,8.234603881835938,0.14220809936523438,3.1137969493865967,0.8335028236995817
14,8.256547927856445,0.13813738524913788,3.1068575382232666,0.8359313104323206
14,8.260313034057617,0.1374145895242691,3.1056365966796875,0.8364479964150715
15,0.7116706371307373,-0.42399704456329346,0.9897816181182861,1.0626211840655104
15,0.8049917817115784,-0.4241469204425812,0.916254997253418,1.0696422789296136
15,0.8967614769935608,-0.4243364930152893,0.8406821489334106,1.083797784544068
15,0.9898556470870972,-0.4245826005935669,0.7634526491165161,1.1053667384507908
15,1.0309492349624634,-0.42471078038215637,0.7299943566322327,1.1214223176484697
15,1.0774238109588623,-0.4248718321323395,0.6931992173194885,1.147630640248791
15,1.1746982336044312,-0.42528700828552246,0.6195261478424072,1.2425621752518763
15,1.2756645679473877,-0.42584848403930664,0.5508977174758911,1.3912420441695208
15,1.335928201675415,-0.4262043535709381,0.5120760202407837,1.5221141465496688
15,1.4406852722167969,-0.42681995034217834,0.4490220844745636,1.817244262716607
15,1.4800219535827637,-0.4270423948764801,0.42717409133911133,1.9433569662965489
15,1.5921554565429688,-0.4275827407836914,0.3734322190284729,2.4062582318384775
15,1.708470106124878,-0.4279879331588745,0.329546719789505,2.996510123960931
15,1.7702035903930664,-0.4281315207481384,0.3124106526374817,3.3145110535737676
15,1.8330477476119995,-0.42820003628730774,0.299963116645813,3.6069386406825137
15,1.8857481479644775,-0.4281997084617615,0.2929233908653259,3.818153648637057
15,1.9496617317199707,-0.4281432628631592,0.2884711027145386,4.021686491838697
15,2.011002779006958,-0.4280855655670166,0.28748467564582825,4.134835647263663
15,2.058983564376831,-0.42806971073150635,0.2885403335094452,4.201617041264547
15,2.1202523708343506,-0.4281221330165863,0.2917247414588928,4.179946310513813
15,2.1652450561523438,-0.4282293915748596,0.2953607141971588,4.110623520119901
15,2.2288143634796143,-0.4284905195236206,0.3033469319343567,3.8903908383463164
15,2.277351140975952,-0.4287993013858795,0.3126603662967682,3.6725981652669697
15,2.3385043144226074,-0.4293936491012573,0.3316100537776947,3.4126413289708744
15,2.37320613861084,-0.4298829436302185,0.34689271450042725,3.246677198868089
15,2.4107019901275635,-0.4303833544254303,0.3661373555660248,3.0422570651822265
15,2.4410347938537598,-0.43076804280281067,0.38397300243377686,2.9128808508700805
15,2.4646639823913574,-0.4310612380504608,0.39916709065437317,2.8126244822406057
15,2.4940478801727295,-0.4313894808292389,0.418356329202652,2.693051528271254
15,2.5398447513580322,-0.43182089924812317,0.44794559478759766,2.565367182598582
15,2.6456592082977295,-0.43230247497558594,0.5092371106147766,2.4265443072181934
15,2.723888397216797,-0.43224793672561646,0.5465291142463684,2.324631047330824
15,2.838038444519043,-0.4320034384727478,0.5906080007553101,2.1987325790601204
15,2.8759424686431885,-0.4319109320640564,0.6032053232192993,2.1427715027772436
15,2.9925739765167236,-0.4316646456718445,0.6403356194496155,1.9432452748238491
15,3.1097023487091064,-0.4314812123775482,0.6760203242301941,1.7182204257881524
15,3.2272915840148926,-0.4313260316848755,0.7101487517356873,1.5294658469409919
15,3.2923223972320557,-0.43123650550842285,0.7276661992073059,1.4611475991757104
15,3.3625688552856445,-0.43117085099220276,0.745647132396698,1.4037365149259062
15,3.481936454772949,-0.431145578622818,0.7729860544204712,1.3180081067659417
15,3.6019790172576904,-0.4311986267566681,0.797205924987793,1.2664788338369088
15,3.7225682735443115,-0.4313078224658966,0.8185415863990784,1.229083588068586
15,3.843519449234009,-0.4314514398574829,0.8375924229621887,1.2005932344748185
15,3.9647884368896484,-0.4316275715827942,0.8545093536376953,1.1792875143855006
15,4.086092948913574,-0.4318382740020752,0.8695337176322937,1.1608377460955035
15,4.20649528503418,-0.43208757042884827,0.8828688859939575,1.1457711232542955
15,4.327045917510986,-0.43238189816474915,0.8947943449020386,1.1327925803443448
15,4.444471836090088,-0.4327194094657898,0.9052656292915344,1.121445797410717
15,4.555659294128418,-0.4330926537513733,0.914241373538971,1.112000719597079
15,4.666910171508789,-0.4335259795188904,0.9223952293395996,1.1030774052888772
15,4.769753456115723,-0.43399032950401306,0.9292793869972229,1.095225502865328
15,4.86576509475708,-0.43448975682258606,0.9351981282234192,1.0880589978364954
15,4.9618024826049805,-0.4350622892379761,0.940676748752594,1.081148289827006
15,5.056321144104004,-0.4357059895992279,0.9456864595413208,1.0745295031221933
15,5.151581287384033,-0.4364440441131592,0.9503875374794006,1.0679933034091762
15,5.248783588409424,-0.43729907274246216,0.9548501372337341,1.061419349318502
15,5.348240375518799,-0.43829143047332764,0.9590833783149719,1.0547324593723872
15,5.447709083557129,-0.43941450119018555,0.9629886150360107,1.047979077898917
15,5.549112796783447,-0.44070732593536377,0.9666345119476318,1.0409747594012624
15,5.651900291442871,-0.44218721985816956,0.969980776309967,1.0337311005042433
15,5.755462646484375,-0.44387006759643555,0.9729801416397095,1.0262590851351068
15,5.859185695648193,-0.44576969742774963,0.9755783677101135,1.0185590353870533
15,5.962481498718262,-0.4478982388973236,0.9777182340621948,1.010545479501926
15,6.0657806396484375,-0.45028984546661377,0.979357898235321,1.0021555730636973
15,6.169227123260498,-0.4529792070388794,0.9804314970970154,0.9934060032052623
15,6.271472454071045,-0.4559638798236847,0.980845034122467,0.9844055046190865
15,6.372145175933838,-0.4592610001564026,0.9805202484130859,0.9751484553737216
15,6.471429347991943,-0.46290460228919983,0.9793707728385925,0.9656559812920149
15,6.569404125213623,-0.4669381380081177,0.9772911071777344,0.9562652627926258
15,6.66595458984375,-0.47139808535575867,0.9741993546485901,0.9478865838333184
15,6.762435436248779,-0.4763931334018707,0.9699603915214539,0.9373151657185412
15,6.7866387367248535,-0.4777362644672394,0.9686911106109619,0.9346186345327794
15,6.810597896575928,-0.47910869121551514,0.9673342704772949,0.9320437570542442
15,6.834403038024902,-0.4805188477039337,0.9658786058425903,0.929522397862714
15,6.858105182647705,-0.481972873210907,0.964316189289093,0.9270285764657701
15,6.881730079650879,-0.48347535729408264,0.9626414775848389,0.924557430152108
15,6.905290126800537,-0.4850297272205353,0.9608503580093384,0.9221034524193772
15,6.928789138793945,-0.4866390824317932,0.9589388370513916,0.9196552919204785
15,6.952273845672607,-0.4883086383342743,0.9569008350372314,0.9172851863068407
15,6.975917339324951,-0.4900542199611664,0.9547156095504761,0.914863893137074
15,6.999208927154541,-0.49184122681617737,0.9524250626564026,0.9125380525977652
15,7.022621154785156,-0.4937078058719635,0.949980616569519,0.9102099547119372
15,7.0459136962890625,-0.49563950300216675,0.9473990201950073,0.9079303826768499
15,7.0692853927612305,-0.49765637516975403,0.9446530342102051,0.9057000679351266
15,7.093084812164307,-0.4997946619987488,0.9416921138763428,0.9035025665282251
15,7.117380142211914,-0.5020691752433777,0.9384948015213013,0.9013380348183465
15,7.141390323638916,-0.5044140219688416,0.9351549744606018,0.8992395234827135
15,7.165252685546875,-0.506847083568573,0.9316517114639282,0.8971758210415065
15,7.1890668869018555,-0.5093845725059509,0.9279677271842957,0.8951461476430552
15,7.212725639343262,-0.5120214223861694,0.9241179823875427,0.8931881423122756
15,7.236225128173828,-0.5147632360458374,0.920103907585144,0.8913138341785991
15,7.259560585021973,-0.5176161527633667,0.9159275889396667,0.8895365778120115
15,7.282728672027588,-0.5205864310264587,0.9115913510322571,0.887869880262245
15,7.305726528167725,-0.5236804485321045,0.9070971608161926,0.8863266037678762
15,7.328551292419434,-0.526902973651886,0.9024459719657898,0.8849132007768225
15,7.35133171081543,-0.5302752256393433,0.8976085186004639,0.8836006110625695
15,7.374042987823486,-0.5337937474250793,0.8925821185112,0.8823120420223497
15,7.396580219268799,-0.5374337434768677,0.887381911277771,0.881061037420474
15,7.418942928314209,-0.5411784052848816,0.8819990158081055,0.8797843050771801
15,7.441134452819824,-0.5450034737586975,0.8764218091964722,0.8784260005309178
15,7.46315860748291,-0.5488809943199158,0.8706387281417847,0.8769521224934905
15,7.485021591186523,-0.5527792572975159,0.864639937877655,0.875340837057914
15,7.506871223449707,-0.5566917061805725,0.858380913734436,0.8735010045624583
15,7.528580665588379,-0.5605635046958923,0.8519065976142883,0.8715644955596435
15,7.550167083740234,-0.5643700957298279,0.84524005651474,0.8695298411562279
15,7.57171106338501,-0.5681056976318359,0.8383995890617371,0.8674336813538667
15,7.59316873550415,-0.5717523097991943,0.8314568996429443,0.8653005447510577
15,7.614573001861572,-0.5753164887428284,0.8244747519493103,0.8631550110577942
15,7.636064529418945,-0.5788313150405884,0.8174823522567749,0.861198365581452
15,7.65754508972168,-0.5822972655296326,0.8105831742286682,0.8595642107702163
15,7.679037094116211,-0.5857346653938293,0.8038315176963806,0.8583490681598605
15,7.700560092926025,-0.5891599655151367,0.7972736954689026,0.8576314694767795
15,7.722126483917236,-0.5925827622413635,0.7909422516822815,0.8575867908286624
15,7.743760108947754,-0.5960099101066589,0.7848448157310486,0.8581638138582715
15,7.765446662902832,-0.5994395017623901,0.7789788842201233,0.8591975591964317
15,7.7871623039245605,-0.6028661131858826,0.7733296751976013,0.8605158181267054
15,7.809035301208496,-0.6063078045845032,0.7678394317626953,0.8619437963652387
15,7.830946922302246,-0.6097437739372253,0.7625150680541992,0.863335081550261
15,7.852889537811279,-0.6131711006164551,0.7573375105857849,0.8646324051799767
15,7.874847412109375,-0.6165857315063477,0.7522943615913391,0.8658114490277072
15,7.8968119621276855,-0.619985818862915,0.7473754286766052,0.8668744626234044
15,7.9188032150268555,-0.6233744621276855,0.7425686717033386,0.8678007398022163
15,7.940694332122803,-0.6267328262329102,0.7378965616226196,0.8686568147751386
15,7.962388515472412,-0.6300471425056458,0.7333753108978271,0.869450935049281
15,7.98411226272583,-0.6333537101745605,0.7289562225341797,0.8701466382822849
15,8.005956649780273,-0.6366686820983887,0.7246221303939819,0.8707847915749182
15,8.027831077575684,-0.6399803161621094,0.7203922867774963,0.8713779863635467
15,8.049729347229004,-0.6432901620864868,0.7162677645683289,0.8719297716425353
15,8.071647644042969,-0.6466000080108643,0.712249219417572,0.8724410810587235
15,8.093585014343262,-0.6499118208885193,0.7083362340927124,0.8728963724545167
15,8.115540504455566,-0.6532270908355713,0.7045283317565918,0.8733129460526821
15,8.137513160705566,-0.6565472483634949,0.7008246183395386,0.8736816576206733
15,8.159502983093262,-0.6598737835884094,0.6972240805625916,0.8740000659343666
15,8.181509017944336,-0.6632081270217896,0.6937256455421448,0.874267085558782
15,8.203529357910156,-0.6665514707565308,0.6903283596038818,0.874440811873975
15,8.225626945495605,-0.6699146032333374,0.6870222687721252,0.8745422388375502
15,8.2477388381958,-0.6732885837554932,0.6838167905807495,0.8745956656080298
15,8.269862174987793,-0.6766738295555115,0.680711567401886,0.8746072716923393
15,8.29199504852295,-0.6800698637962341,0.6777068376541138,0.87457533259248
15,8.314140319824219,-0.6834772825241089,0.6748025417327881,0.8745161288894737
15,8.336291313171387,-0.6868951916694641,0.6719996333122253,0.8744416984097104
15,8.358443260192871,-0.6903228759765625,0.6692991852760315,0.8743620881412635
15,8.38058853149414,-0.6937589049339294,0.6667026877403259,0.8742873102795725
15,8.402714729309082,-0.6972012519836426,0.6642118692398071,0.8742270994066444
15,8.424810409545898,-0.7006475329399109,0.6618285179138184,0.8741895701144204
15,8.44684886932373,-0.7040926814079285,0.6595557332038879,0.8741784088332278
15,8.46883773803711,-0.707537055015564,0.6573927402496338,0.8742052906842273
15,8.490769386291504,-0.7109788060188293,0.6553400754928589,0.8742795626282062
15,8.512709617614746,-0.7144272923469543,0.6533917188644409,0.8744093771970051
15,8.534585952758789,-0.7178703546524048,0.6515542268753052,0.8745972722767772
15,8.556391716003418,-0.7213059663772583,0.6498275399208069,0.8748475993437974
15,8.578128814697266,-0.7247335314750671,0.6482105851173401,0.8751631715790241
15,8.599788665771484,-0.7281500101089478,0.6467033624649048,0.8755327143889626
15,8.621368408203125,-0.7315540909767151,0.6453046798706055,0.875969605213066
15,8.642885208129883,-0.7349470853805542,0.6440123915672302,0.8764769481991382
15,8.66438102722168,-0.7383345365524292,0.6428229808807373,0.8770574866463662
15,8.685861587524414,-0.7417160272598267,0.6417355537414551,0.8777130677683872
15,8.707322120666504,-0.7450894713401794,0.6407496333122253,0.8784450397017929
15,8.72875690460205,-0.7484527826309204,0.6398645043373108,0.8792548471840885
15,8.750161170959473,-0.7518038749694824,0.6390793323516846,0.8801322905507308
15,8.77160930633545,-0.7551527619361877,0.6383904814720154,0.8810819783404941
15,8.793024063110352,-0.7584857940673828,0.6377995014190674,0.8821081201826589
15,8.814400672912598,-0.76180100440979,0.637304961681366,0.8832085170097077
15,8.835735321044922,-0.7650963664054871,0.6369050145149231,0.8843837238522025
15,8.857024192810059,-0.7683700919151306,0.6365979313850403,0.8856316068288912
15,8.878263473510742,-0.7716202139854431,0.6363816857337952,0.8869498526255647
15,8.89945125579834,-0.7748451232910156,0.6362541317939758,0.8883353941517211
15,8.920583724975586,-0.7780430316925049,0.6362127065658569,0.8897516023469995
15,8.94171142578125,-0.7812201380729675,0.636255145072937,0.8912300507930931
15,8.962719917297363,-0.784358024597168,0.6363785862922668,0.892759790290912
15,8.98372745513916,-0.7874732613563538,0.6365811824798584,0.8943438298333285
15,9.004745483398438,-0.7905665040016174,0.6368612051010132,0.8959789632628277
15,9.025776863098145,-0.793636679649353,0.6372168660163879,0.8976617107749136
15,9.046820640563965,-0.7966827154159546,0.6376463770866394,0.8993879800375553
15,9.067877769470215,-0.7997034192085266,0.6381478309631348,0.9011538022987547
15,9.088948249816895,-0.8026978373527527,0.6387193202972412,0.9029163846252007
15,9.110093116760254,-0.8056731224060059,0.6393604278564453,0.9047097922868303
15,9.131253242492676,-0.8086198568344116,0.6400678157806396,0.9065298141541652
15,9.15242862701416,-0.8115370869636536,0.640839695930481,0.9083767118729984
15,9.173632621765137,-0.8144258856773376,0.6416749358177185,0.9102455005820008
15,9.194853782653809,-0.8172834515571594,0.6425713300704956,0.9121320986352592
15,9.216090202331543,-0.8201090097427368,0.6435273289680481,0.9140342911800405
15,9.237343788146973,-0.8229019045829773,0.6445413827896118,0.9159501944383829
15,9.258613586425781,-0.8256613612174988,0.6456118226051331,0.917866702699443
15,9.279966354370117,-0.8283953070640564,0.6467404365539551,0.9197633194647249
15,9.3013334274292,-0.831093966960907,0.647922158241272,0.9216666789049152
15,9.322713851928711,-0.8337569236755371,0.6491555571556091,0.9235694670917919
15,9.344060897827148,-0.836377739906311,0.6504364609718323,0.9254303190380929
15,9.365422248840332,-0.8389620780944824,0.6517664194107056,0.9272955522120968
15,9.386797904968262,-0.8415093421936035,0.6531442403793335,0.929165517120691
15,9.408196449279785,-0.844020426273346,0.6545694470405579,0.9310409847796784
15,9.429606437683105,-0.8464933633804321,0.6560402512550354,0.9329199936003774
15,9.451027870178223,-0.8489277958869934,0.6575554013252258,0.9348022008293809
15,9.472457885742188,-0.8513233065605164,0.659113883972168,0.9366580617840522
15,9.493934631347656,-0.8536834716796875,0.6607167720794678,0.9384949992178349
15,9.515417098999023,-0.8560035824775696,0.6623601913452148,0.9403319233843637
15,9.536905288696289,-0.8582831621170044,0.6640431880950928,0.942168274793962
15,9.55839729309082,-0.8605219721794128,0.6657648086547852,0.9440034871944578
15,9.5798921585083,-0.8627195358276367,0.6675240397453308,0.9458371621093461
15,9.601390838623047,-0.8648756146430969,0.6693201661109924,0.9476684127609466
15,9.622889518737793,-0.8669898509979248,0.6711519956588745,0.9494959498911737
15,9.644389152526855,-0.8690618276596069,0.6730188131332397,0.9513190950246381
15,9.665888786315918,-0.871091365814209,0.6749196648597717,0.9531373530771486
15,9.687387466430664,-0.8730782270431519,0.6768538355827332,0.9549502858318543
15,9.708884239196777,-0.8750221729278564,0.6788203120231628,0.9567573571748031
15,9.730393409729004,-0.8769242167472839,0.6808190941810608,0.9585114181393789
15,9.75190258026123,-0.8787833452224731,0.6828481554985046,0.9602614788622403
15,9.773406982421875,-0.8805989027023315,0.6849061250686646,0.962007804753935
15,9.794907569885254,-0.8823709487915039,0.6869920492172241,0.9637514350870691
15,9.81640338897705,-0.8840994834899902,0.6891051530838013,0.9654940747585542
15,9.837894439697266,-0.8857844471931458,0.6912444829940796,0.9671858091946888
15,9.859381675720215,-0.8874256014823914,0.6934089660644531,0.9688505687515144
15,9.880868911743164,-0.8890234231948853,0.695598304271698,0.9705111541062846
15,9.902350425720215,-0.8905773162841797,0.6978108286857605,0.9721812801203232
15,9.923831939697266,-0.892087996006012,0.7000463604927063,0.97385598817309
15,9.945314407348633,-0.8935554623603821,0.7023038864135742,0.9755377335048524
15,9.966797828674316,-0.8949797749519348,0.7045825719833374,0.9772257122460655
15,9.988282203674316,-0.8963611125946045,0.7068814039230347,0.9789206799125391
15,10.009766578674316,-0.8976996541023254,0.7091994881629944,0.9806233385453935
15,10.031250953674316,-0.8989955186843872,0.7115358710289001,0.9823343351908782
15,10.05273723602295,-0.9002490043640137,0.7138896584510803,0.9840468230733063
15,10.074223518371582,-0.9014601707458496,0.7162595391273499,0.9856946324838435
15,10.095710754394531,-0.9026288390159607,0.7186443209648132,0.9873137485148168
15,10.117198944091797,-0.9037551283836365,0.7210431098937988,0.9889432290107903
15,10.138687133789062,-0.9048393368721008,0.7234549522399902,0.9905858339633445
15,10.16018295288086,-0.9058820009231567,0.7258797883987427,0.9922476736400964
15,10.181750297546387,-0.9068861603736877,0.7283239364624023,0.9939386570843263
15,10.20363998413086,-0.9078625440597534,0.7308151721954346,0.9956797512864334
15,10.226428985595703,-0.9088338017463684,0.7334191799163818,0.9975094595195059
15,10.24921989440918,-0.909759521484375,0.7360326647758484,0.9993350167804748
15,10.273712158203125,-0.9107047915458679,0.7388507723808289,1.0012969770366078
15,10.300426483154297,-0.9116784930229187,0.7419340014457703,1.003367921421197
15,10.327141761779785,-0.9125928282737732,0.7450258135795593,1.0054129107548049
15,10.355826377868652,-0.9135099053382874,0.7483534216880798,1.0076294896651257
15,10.385675430297852,-0.9143944978713989,0.7518232464790344,1.009979655647675
15,10.415526390075684,-0.9152093529701233,0.7552989721298218,1.012370112362064
15,10.445820808410645,-0.9159665703773499,0.7588303089141846,1.014840348225056
15,10.476116180419922,-0.9166551828384399,0.7623644471168518,1.0173605963564691
15,10.506512641906738,-0.9172788262367249,0.765911340713501,1.0198977844834447
15,10.536919593811035,-0.9178365468978882,0.7694585919380188,1.0223872929498297
15,10.567328453063965,-0.9183295369148254,0.773003876209259,1.024916994115312
15,10.597738265991211,-0.918760359287262,0.7765458822250366,1.0274889635523705
15,10.62814998626709,-0.9191312193870544,0.7800838351249695,1.0301058768057676
15,10.658562660217285,-0.9194445013999939,0.7836170196533203,1.0327670107994442
15,10.688976287841797,-0.9197028279304504,0.7871445417404175,1.03547430838823
15,10.719390869140625,-0.9199084043502808,0.7906659245491028,1.0382026348713231
15,10.74980640411377,-0.9200630784034729,0.7941797971725464,1.040874595406131
15,10.780223846435547,-0.9201688170433044,0.7976853251457214,1.043583854054299
15,10.81064224243164,-0.9202280640602112,0.8011820912361145,1.0463356151578485
15,10.84106159210205,-0.9202435612678528,0.8046696186065674,1.049127107605471
15,10.871481895446777,-0.9202172756195068,0.8081476092338562,1.0519550447773884
15,10.90190315246582,-0.920151948928833,0.8116156458854675,1.0548276950987956
15,10.932326316833496,-0.9200498461723328,0.8150736093521118,1.0577285216953778
15,10.962749481201172,-0.9199123978614807,0.8185208439826965,1.060548969217693
15,10.99317455291748,-0.9197415113449097,0.8219566941261292,1.063405457152899
15,11.023600578308105,-0.9195390343666077,0.8253812789916992,1.0662934558121273
15,11.054027557373047,-0.9193072319030762,0.8287944793701172,1.0692254161621733
15,11.084455490112305,-0.919048011302948,0.8321962952613831,1.0721905362589468
15,11.114884376525879,-0.9187632203102112,0.8355868458747864,1.0752006889576144
15,11.14531421661377,-0.9184549450874329,0.8389659523963928,1.0782557257159826
15,11.175745010375977,-0.9181245565414429,0.8423335552215576,1.0812673599019542
15,11.206177711486816,-0.9177731871604919,0.8456889390945435,1.0842865869383014
15,11.236613273620605,-0.9174025654792786,0.8490317463874817,1.0873495245618505
15,11.267049789428711,-0.9170144200325012,0.8523616194725037,1.090458043771282
15,11.29749584197998,-0.9166104197502136,0.8556784987449646,1.0936126565294244
15,11.327942848205566,-0.9161922931671143,0.8589808344841003,1.0968035597240369
15,11.358415603637695,-0.9157611727714539,0.8622702360153198,1.1000401181365738
15,11.388956069946289,-0.9153183102607727,0.865549623966217,1.1033037100098249
15,11.4194974899292,-0.9148653745651245,0.8688106536865234,1.1064529675174504
15,11.450181007385254,-0.9144011735916138,0.8720663189888,1.1096252192199687
15,11.480866432189941,-0.9139299988746643,0.8752994537353516,1.1129649422753913
15,11.51180362701416,-0.9134504199028015,0.878533661365509,1.1163184990249477
15,11.548027992248535,-0.9128823280334473,0.8822858333587646,1.1201044489897345
15,11.584256172180176,-0.9123046398162842,0.8859946727752686,1.1233949780596497
15,11.649908065795898,-0.9112460017204285,0.8925998210906982,1.1300502496191918
15,11.715576171875,-0.9101820588111877,0.8990485072135925,1.1367890307044344
15,11.78708553314209,-0.909006655216217,0.9058675765991211,1.1408601922658446
15,11.916373252868652,-0.9067956805229187,0.9175182580947876,1.1503593364176483
15,12.045740127563477,-0.9046410322189331,0.9282662272453308,1.1613221093605888
15,12.124730110168457,-0.9034107327461243,0.9342851042747498,1.1682596883157192
16,0.7002829909324646,0.5355280041694641,0.42593324184417725,0.6825344888515541
16,0.7423213720321655,0.5356370806694031,0.39928093552589417,0.7122411994426028
16,0.8145651817321777,0.5358270406723022,0.36334607005119324,0.79741251845127
16,0.8436870574951172,0.5358902812004089,0.35083702206611633,0.8356562047943534
16,0.8663572669029236,0.5359277725219727,0.3412463665008545,0.8648706334219034
16,0.9824433922767639,0.5358798503875732,0.29666218161582947,0.96983221468161
16,1.0436570644378662,0.5356098413467407,0.2775794565677643,1.0380896135805118
16,1.085123896598816,0.5353285074234009,0.26806148886680603,1.1396083065852896
16,1.1459177732467651,0.534825325012207,0.2599627375602722,1.3077478987298534
16,1.2071361541748047,0.534324586391449,0.25588223338127136,1.5573363518951215
16,1.2649611234664917,0.5339602828025818,0.2532685101032257,1.7975347585536365
16,1.326208472251892,0.5337238311767578,0.2496720552444458,2.058449864391315
16,1.3873687982559204,0.5336315035820007,0.24480971693992615,2.3341327349232714
16,1.4484171867370605,0.5336865782737732,0.23870141804218292,2.6209941028890995
16,1.51035475730896,0.5338727235794067,0.231698676943779,2.932636877752983
16,1.5722532272338867,0.5341911911964417,0.22436285018920898,3.2429744852379434
16,1.6341748237609863,0.5346387624740601,0.2172311395406723,3.556772137844538
16,1.6961466073989868,0.5351994633674622,0.2105618715286255,3.824634094919413
16,1.7530107498168945,0.5357570648193359,0.20521672070026398,4.039438884026032
16,1.81516432762146,0.5363509654998779,0.2005508989095688,4.132456625229734
16,1.877408504486084,0.5368319749832153,0.1972918063402176,4.15652626450996
16,1.9397138357162476,0.5369741320610046,0.19552482664585114,4.1286640800529115
16,1.9957647323608398,0.536608874797821,0.1951780766248703,4.0556585256745254
16,2.0580906867980957,0.5357572436332703,0.195417582988739,3.987514011542718
16,2.1204159259796143,0.5348078012466431,0.1956046223640442,3.834520031756
16,2.1827445030212402,0.534149706363678,0.19579793512821198,3.5976893505639373
16,2.234321355819702,0.5338900685310364,0.19698145985603333,3.3913511758309447
16,2.2963433265686035,0.5338042974472046,0.20287318527698517,3.211177785014507
16,2.3570668697357178,0.5338204503059387,0.2167024314403534,3.0897905548789217
16,2.415740728378296,0.5337252616882324,0.23767083883285522,2.916808835011462
16,2.440154790878296,0.5336340665817261,0.2484232485294342,2.8511192539810177
16,2.4635655879974365,0.5335273146629333,0.26010188460350037,2.778380754558572
16,2.517805337905884,0.5331831574440002,0.28877344727516174,2.6161928422396126
16,2.5497171878814697,0.5329466462135315,0.30606546998023987,2.522762389302263
16,2.6066322326660156,0.532628059387207,0.3354945778846741,2.3679711501497285
16,2.665083408355713,0.5325706005096436,0.3617272973060608,2.218568745237058
16,2.7250609397888184,0.5328751802444458,0.3842551112174988,2.1020615130784743
16,2.815333366394043,0.5339307188987732,0.4109427034854889,1.9886500583120454
16,2.8466873168945312,0.5344340801239014,0.41817164421081543,1.953677838758623
16,2.9276673793792725,0.5358549952507019,0.4340932071208954,1.8569075902249315
16,3.0012450218200684,0.5371435284614563,0.4465656280517578,1.7530989210033545
16,3.052062749862671,0.5380122065544128,0.45391425490379333,1.6733267238571492
16,3.1732842922210693,0.539872407913208,0.4701913595199585,1.5346900195844355
16,3.294560670852661,0.5413408875465393,0.48609715700149536,1.4112227272737412
16,3.415860652923584,0.5424115061759949,0.5018541812896729,1.3289401457911647
16,3.5372211933135986,0.5430755615234375,0.5171607136726379,1.2737842348075286
16,3.658672332763672,0.5434398055076599,0.5317394733428955,1.2307212861833088
16,3.7802276611328125,0.5436320304870605,0.5453255772590637,1.2016009798005176
16,3.9019010066986084,0.5437720417976379,0.5578089952468872,1.1717948486506988
16,4.023570537567139,0.5439489483833313,0.5691361427307129,1.1483399104135976
16,4.145341873168945,0.544191837310791,0.5793135166168213,1.129008838861299
16,4.266216278076172,0.5445164442062378,0.5884068608283997,1.1115563297570414
16,4.384108066558838,0.5449231266975403,0.5964093208312988,1.0970624546581333
16,4.502050876617432,0.5454285740852356,0.6036131978034973,1.0835151448415603
16,4.613844394683838,0.5460143089294434,0.6097313761711121,1.0713336068264256
16,4.717201232910156,0.5466707944869995,0.6147946119308472,1.0602181394106756
16,4.820581436157227,0.5474656224250793,0.6193212270736694,1.0487938540823236
16,4.918807029724121,0.5483914613723755,0.6231842041015625,1.0375017647677063
16,5.015713691711426,0.5495034456253052,0.6266288757324219,1.0258335421044662
16,5.112972259521484,0.5508528351783752,0.629768431186676,1.014079818371756
16,5.209532260894775,0.5524585247039795,0.6326082944869995,1.0026785973157102
16,5.307941913604736,0.5544036626815796,0.6352418065071106,0.9913072713397574
16,5.408453464508057,0.5567425489425659,0.6376649141311646,0.9798756899704792
16,5.5106706619262695,0.5595099925994873,0.6398645639419556,0.968373055065586
16,5.613979339599609,0.5627390146255493,0.6418482065200806,0.9569880358661247
16,5.717276096343994,0.5664429068565369,0.6436187624931335,0.9462087574260136
16,5.821001052856445,0.5706807971000671,0.6451913714408875,0.9358582156698816
16,5.924503803253174,0.5754565596580505,0.6465359926223755,0.9258366381758714
16,6.0271759033203125,0.5807563662528992,0.6476316452026367,0.9160895656931924
16,6.128480911254883,0.5865647196769714,0.6484737992286682,0.9066800285117029
16,6.227980136871338,0.5928700566291809,0.6490533351898193,0.8978517550565617
16,6.3274383544921875,0.5998094081878662,0.6493568420410156,0.889522199170345
16,6.424781799316406,0.6072601675987244,0.6493402123451233,0.8818805916419391
16,6.5203986167907715,0.6152592897415161,0.6489599347114563,0.875133527916594
16,6.614476680755615,0.6238420605659485,0.6481534838676453,0.8695238380008089
16,6.709159851074219,0.6332818865776062,0.6467635631561279,0.8653415282558781
16,6.760487079620361,0.6387579441070557,0.6457303762435913,0.8621669734491214
16,6.783738613128662,0.6413230895996094,0.6451911330223083,0.8605994231133255
16,6.806797504425049,0.6439226269721985,0.6446030735969543,0.8591339516629404
16,6.829725742340088,0.6465666890144348,0.6439576148986816,0.8577269538173576
16,6.852543354034424,0.6492606401443481,0.6432483792304993,0.8563321357380961
16,6.875417232513428,0.6520270109176636,0.6424654126167297,0.8549232531631409
16,6.898242950439453,0.6548562049865723,0.6416075825691223,0.8535073665865972
16,6.921048164367676,0.6577540636062622,0.6406699419021606,0.8520832731761571
16,6.943802356719971,0.6607191562652588,0.6396496891975403,0.8506518268798565
16,6.966509819030762,0.6637543439865112,0.6385418772697449,0.8492213334735956
16,6.9891743659973145,0.6668629050254822,0.6373409032821655,0.8477983644914131
16,7.011894226074219,0.6700614094734192,0.6360358595848083,0.8463835134228205
16,7.034510135650635,0.6733309626579285,0.6346285939216614,0.8449945386895311
16,7.057026386260986,0.6766753792762756,0.633111834526062,0.8436439801600453
16,7.0796284675598145,0.68012535572052,0.631464958190918,0.8423402902695812
16,7.10217809677124,0.683664083480835,0.6296886205673218,0.8411101015000132
16,7.124584197998047,0.6872813105583191,0.6277800798416138,0.8399841685319821
16,7.14706563949585,0.6910160779953003,0.6257100105285645,0.8389788919590605
16,7.169513702392578,0.6948543190956116,0.6234760284423828,0.8381502774476991
16,7.191905498504639,0.698794960975647,0.6210667490959167,0.8375419348320298
16,7.214240074157715,0.7028383016586304,0.6184684038162231,0.8372126325042878
16,7.2366228103637695,0.7070016860961914,0.6156526207923889,0.8372419906959201
16,7.258939743041992,0.711259663105011,0.6126179099082947,0.8377331328946342
16,7.281187534332275,0.7156035304069519,0.6093500852584839,0.8388808779818673
16,7.30336332321167,0.7200237512588501,0.6058343052864075,0.8410276593507027
16,7.326143264770508,0.7246541976928711,0.6019359230995178,0.8449468215892969
16,7.349501609802246,0.7295008897781372,0.5976101756095886,0.8520879589956856
16,7.372753620147705,0.7344421744346619,0.5929220914840698,0.8645010489512058
16,7.3949713706970215,0.7392851114273071,0.5880690217018127,0.8820608684953991
16,7.417013168334961,0.7441349029541016,0.5830438733100891,0.9107857745750547
16,7.439098834991455,0.7488880157470703,0.5781225562095642,0.9419691263471964
16,7.461266040802002,0.7533657550811768,0.5737254619598389,0.9657302366387688
16,7.483499050140381,0.7574585676193237,0.5701794028282166,0.976960103656385
16,7.505874156951904,0.7612128853797913,0.5675345063209534,0.9717313195189174
16,7.528316497802734,0.7647550106048584,0.5655998587608337,0.9497822884791495
16,7.550803184509277,0.7682238817214966,0.5640807151794434,0.9251761887108223
16,7.573258399963379,0.7717052102088928,0.5627021789550781,0.9065898654148439
16,7.595671653747559,0.7752159833908081,0.5613147020339966,0.8946179357928081
16,7.618068695068359,0.7787371277809143,0.5598925948143005,0.8874392227011249
16,7.640430927276611,0.7822527289390564,0.5584389567375183,0.8830087293430819
16,7.6627607345581055,0.7857633233070374,0.5569558143615723,0.8801838068165223
16,7.685062885284424,0.7892721891403198,0.5554496645927429,0.8785403489707662
16,7.707342147827148,0.7927805781364441,0.5539310574531555,0.8778975620371382
16,7.729621410369873,0.7962899208068848,0.5524115562438965,0.8779540559576939
16,7.751893520355225,0.7997953295707703,0.5509039759635925,0.8785166517239508
16,7.774168014526367,0.8032935261726379,0.5494179129600525,0.8794486194655727
16,7.796446323394775,0.8067793846130371,0.5479608178138733,0.8806671586851295
16,7.818729400634766,0.8102479577064514,0.546537458896637,0.8820923372538767
16,7.841018199920654,0.8136947154998779,0.5451494455337524,0.8836573544774702
16,7.8633131980896,0.817115843296051,0.5437958836555481,0.8853117155816546
16,7.885614395141602,0.8205081820487976,0.5424739122390747,0.8870151853148494
16,7.90792179107666,0.8238692283630371,0.5411792993545532,0.8887359360105311
16,7.930235385894775,0.8271967768669128,0.5399067997932434,0.8904393362386924
16,7.9525556564331055,0.8304892778396606,0.5386504530906677,0.8920980290982767
16,7.974881172180176,0.8337454199790955,0.5374045968055725,0.8936901712409471
16,7.997212886810303,0.8369641900062561,0.5361635088920593,0.895195076606987
16,8.019550323486328,0.8401447534561157,0.5349221229553223,0.8965946250766295
16,8.041892051696777,0.8432866334915161,0.5336760878562927,0.8978736363936146
16,8.064239501953125,0.8463894128799438,0.5324216485023499,0.8990205892761535
16,8.086591720581055,0.8494528532028198,0.531156063079834,0.9000284068966048
16,8.10894775390625,0.8524770140647888,0.5298771858215332,0.9008930300305799
16,8.131309509277344,0.8554620742797852,0.528583824634552,0.9016027278877615
16,8.153674125671387,0.8584083914756775,0.5272755026817322,0.9021819993281247
16,8.176043510437012,0.8613163232803345,0.5259526371955872,0.9026446518988577
16,8.198417663574219,0.8641864061355591,0.524616003036499,0.9030057664775828
16,8.220794677734375,0.8670192956924438,0.5232669115066528,0.9032814594075045
16,8.243176460266113,0.8698155879974365,0.5219069719314575,0.9034880457516334
16,8.265562057495117,0.8725757598876953,0.5205378532409668,0.9036416149469854
16,8.287951469421387,0.8753005862236023,0.5191614031791687,0.9037566153349957
16,8.310344696044922,0.8779906630516052,0.517779529094696,0.9038434723319527
16,8.332740783691406,0.8806464672088623,0.5163940787315369,0.9039176967132228
16,8.355141639709473,0.8832684755325317,0.515006959438324,0.9039921060548237
16,8.377546310424805,0.8858569264411926,0.5136199593544006,0.9040777780306328
16,8.399955749511719,0.8884121775627136,0.5122348070144653,0.9041835518028498
16,8.422368049621582,0.8909341096878052,0.5108534097671509,0.9043171669627244
16,8.444784164428711,0.8934229016304016,0.5094771981239319,0.9044859056148948
16,8.467206001281738,0.8958783745765686,0.5081077218055725,0.90469625825451
16,8.489630699157715,0.8983004093170166,0.5067463517189026,0.9049536973689304
16,8.512059211730957,0.9006888270378113,0.5053942203521729,0.905261509328992
16,8.534454345703125,0.9030393958091736,0.504054605960846,0.9056203309817114
16,8.556804656982422,0.905350923538208,0.5027289390563965,0.9060374803351006
16,8.5791597366333,0.9076282382011414,0.5014151334762573,0.9065159264559267
16,8.60145378112793,0.9098644852638245,0.5001174807548523,0.907049754212942
16,8.623684883117676,0.9120594263076782,0.49883657693862915,0.9076376869258203
16,8.64585018157959,0.9142126441001892,0.4975731372833252,0.9082789064459225
16,8.667943000793457,0.916323721408844,0.4963277578353882,0.9089729192570581
16,8.689958572387695,0.9183921813964844,0.49510103464126587,0.9097201635455544
16,8.711894035339355,0.9204179644584656,0.4938935339450836,0.9105218438517099
16,8.733745574951172,0.9224008917808533,0.49270567297935486,0.9113797724597965
16,8.755510330200195,0.9243409633636475,0.4915378987789154,0.9122962575649607
16,8.777185440063477,0.9262382984161377,0.49039047956466675,0.9132702111735431
16,8.798783302307129,0.9280941486358643,0.4892629384994507,0.9143059254366123
16,8.820317268371582,0.9299100637435913,0.4881546199321747,0.9154080297527015
16,8.841812133789062,0.9316881895065308,0.48706433176994324,0.9165790471228814
16,8.863263130187988,0.9334284067153931,0.48599228262901306,0.9178192514588053
16,8.884665489196777,0.9351305961608887,0.48493844270706177,0.9191279300417824
16,8.906018257141113,0.9367947578430176,0.48390278220176697,0.9205033174034624
16,8.927316665649414,0.9384210705757141,0.48288509249687195,0.9219428813230798
16,8.94856071472168,0.9400096535682678,0.48188504576683044,0.9234435578185983
16,8.969745635986328,0.9415608048439026,0.4809022843837738,0.9250018702983526
16,8.990880012512207,0.9430752992630005,0.4799360930919647,0.9266147295552547
16,9.01202392578125,0.9445580244064331,0.4789831340312958,0.9282839277602419
16,9.033184051513672,0.9460093975067139,0.478042870759964,0.9300070508275998
16,9.054361343383789,0.9474296569824219,0.4771149158477783,0.9317820390361894
16,9.075553894042969,0.9488190412521362,0.4761989712715149,0.9335759810626736
16,9.096704483032227,0.9501739740371704,0.4752974808216095,0.935363372147923
16,9.11793327331543,0.9515025615692139,0.4744049608707428,0.9371948246332386
16,9.139198303222656,0.9528021812438965,0.47352322936058044,0.9390704832943311
16,9.160482406616211,0.9540721774101257,0.4726528823375702,0.9409902713364665
16,9.181785583496094,0.955312967300415,0.4717938303947449,0.9429564499933587
16,9.203108787536621,0.9565250873565674,0.4709460735321045,0.9449711820235027
16,9.224452018737793,0.9577089548110962,0.4701095223426819,0.9470368243318462
16,9.24581527709961,0.958865225315094,0.46928414702415466,0.9491560084774566
16,9.267215728759766,0.959995448589325,0.46846920251846313,0.9513308715012008
16,9.28863525390625,0.9610991477966309,0.46766525506973267,0.9535594906783619
16,9.310074806213379,0.9621769785881042,0.4668722450733185,0.9557219991953336
16,9.331482887268066,0.9632269740104675,0.46609196066856384,0.9578891486019074
16,9.352910995483398,0.9642524123191833,0.4653223752975464,0.9601068383836434
16,9.374374389648438,0.9652547240257263,0.46456268429756165,0.9623739249845613
16,9.395854949951172,0.9662336111068726,0.46381330490112305,0.9646888852463875
16,9.417351722717285,0.9671899080276489,0.4630739986896515,0.9670499063654358
16,9.438863754272461,0.9681240916252136,0.4623444974422455,0.9694545738451126
16,9.460390090942383,0.9690369367599487,0.46162450313568115,0.9718999905087258
16,9.48193073272705,0.9699289202690125,0.46091386675834656,0.9742317768349679
16,9.503448486328125,0.9707990884780884,0.46021348237991333,0.9765729561525277
16,9.524991035461426,0.9716499447822571,0.45952147245407104,0.9789501308283919
16,9.546545028686523,0.9724816679954529,0.45883792638778687,0.9813609201504102
16,9.568109512329102,0.9732947945594788,0.45816248655319214,0.9838019891113977
16,9.589682579040527,0.9740898609161377,0.4574947953224182,0.9862702474284809
16,9.6112642288208,0.9748674035072327,0.45683449506759644,0.9887626156153831
16,9.632853507995605,0.9756279587745667,0.45618119835853577,0.9912723127187927
16,9.654473304748535,0.9763728380203247,0.4555337429046631,0.9938010794052288
16,9.676095962524414,0.9771014451980591,0.4548926055431366,0.9962126234794066
16,9.697707176208496,0.9778136014938354,0.45425790548324585,0.9986345535912167
16,9.719321250915527,0.9785102605819702,0.4536285698413849,1.0010703296475811
16,9.74094009399414,0.979191780090332,0.4530041515827179,1.0035149877786953
16,9.762561798095703,0.9798583388328552,0.4523841142654419,1.0059631951387547
16,9.784186363220215,0.9805102348327637,0.45176804065704346,1.0084099073956307
16,9.805813789367676,0.9811475276947021,0.45115548372268677,1.010849956941267
16,9.82744312286377,0.9817702770233154,0.4505460262298584,1.0132784139805133
16,9.849074363708496,0.9823785424232483,0.4499393105506897,1.0156889200883197
16,9.870705604553223,0.9829721450805664,0.44933512806892395,1.0180759178669554
16,9.892338752746582,0.9835510849952698,0.4487331509590149,1.0204339790762724
16,9.913976669311523,0.9841152429580688,0.4481331408023834,1.022764588086494
16,9.935612678527832,0.9846642017364502,0.4475352466106415,1.0250673134547617
16,9.957247734069824,0.9851976037025452,0.44693949818611145,1.0273403818183593
16,9.97888469696045,0.9857152700424194,0.4463459849357605,1.0295806288813492
16,10.000521659851074,0.9862167239189148,0.4457550048828125,1.0317867652214747
16,10.0221586227417,0.9867016077041626,0.44516685605049133,1.033952696399409
16,10.043795585632324,0.9871696829795837,0.44458192586898804,1.0360810986898779
16,10.065434455871582,0.98762047290802,0.4440007209777832,1.03817244222563
16,10.087072372436523,0.9880536198616028,0.4434238374233246,1.0402256335160938
16,10.108712196350098,0.9884688258171082,0.4428519010543823,1.0422403041410917
16,10.130351066589355,0.9888657331466675,0.4422856569290161,1.0442172836571915
16,10.151998519897461,0.9892441034317017,0.4417256712913513,1.0461602532860277
16,10.17371654510498,0.9896047115325928,0.44117122888565063,1.0480793610433752
16,10.195435523986816,0.9899458885192871,0.4406251013278961,1.0499732861879658
16,10.21747875213623,0.990272045135498,0.4400804042816162,1.051864406595177
16,10.24042797088623,0.9905899167060852,0.43952465057373047,1.0537509713670503
16,10.265091896057129,0.990906834602356,0.4389415979385376,1.0557296565857501
16,10.289756774902344,0.9911982417106628,0.43837445974349976,1.0576476282231952
16,10.316658020019531,0.9914871454238892,0.43777525424957275,1.059714938608446
16,10.345541000366211,0.9917634129524231,0.43715572357177734,1.0619002428406576
16,10.374424934387207,0.99200439453125,0.4365614950656891,1.064041262836667
16,10.404481887817383,0.9922171235084534,0.4359705448150635,1.0662393375255073
16,10.43498420715332,0.9923925399780273,0.4353996217250824,1.0683842857664436
16,10.46548843383789,0.9925264120101929,0.43485772609710693,1.0704493692839632
16,10.496092796325684,0.9926177859306335,0.43434351682662964,1.0724430275237358
16,10.526697158813477,0.9926654100418091,0.43385934829711914,1.0742735892751083
16,10.557312965393066,0.9926681518554688,0.4334058165550232,1.076029793985848
16,10.587928771972656,0.9926251769065857,0.43298470973968506,1.077633312919951
16,10.618544578552246,0.9925358891487122,0.43259716033935547,1.0791208600483257
16,10.649160385131836,0.9923995733261108,0.43224576115608215,1.0805345091566567
16,10.679776191711426,0.9922161102294922,0.4319324791431427,1.0817987694708808
16,10.710392951965332,0.9919852614402771,0.4316595792770386,1.0830251436169331
16,10.741009712219238,0.991706907749176,0.4314296245574951,1.084184018857797
16,10.771626472473145,0.991381049156189,0.4312439560890198,1.0852929328959309
16,10.802242279052734,0.9910076260566711,0.4311045706272125,1.0863870900361765
16,10.832858085632324,0.9905864596366882,0.43101242184638977,1.0874282550197336
16,10.863472938537598,0.9901174902915955,0.43096819519996643,1.0884541535134402
16,10.894086837768555,0.9896005988121033,0.4309721291065216,1.0894571115327636
16,10.924699783325195,0.9890357851982117,0.4310241639614105,1.0903884966113933
16,10.955312728881836,0.9884230494499207,0.43112409114837646,1.0913012897048646
16,10.985923767089844,0.9877627491950989,0.43127191066741943,1.09211969388089
16,11.016533851623535,0.9870551228523254,0.4314679205417633,1.092895880463403
16,11.047142028808594,0.9863007664680481,0.43171295523643494,1.0936462171880823
16,11.07774829864502,0.985500156879425,0.4320079982280731,1.0943456907585705
16,11.108353614807129,0.984653651714325,0.43235424160957336,1.095071606739668
16,11.138956069946289,0.9837613105773926,0.4327530562877655,1.0958119835891265
16,11.169556617736816,0.9828232526779175,0.4332052767276764,1.0966048629584233
16,11.200156211853027,0.9818392992019653,0.43371179699897766,1.097458107813721
16,11.230753898620605,0.9808096885681152,0.43427273631095886,1.0983902637943035
16,11.26134967803955,0.9797347784042358,0.43488791584968567,1.0994065674675075
16,11.291950225830078,0.9786146283149719,0.43555620312690735,1.1005172346694283
16,11.322548866271973,0.9774498343467712,0.43627607822418213,1.1017195412396634
16,11.353167533874512,0.9762397408485413,0.43704551458358765,1.1030022696088075
16,11.383844375610352,0.974982500076294,0.4378616511821747,1.1043784613563035
16,11.414519309997559,0.9736802577972412,0.43871966004371643,1.1057495058711886
16,11.445320129394531,0.972326397895813,0.43961822986602783,1.1071229139552516
16,11.476118087768555,0.97092604637146,0.44055113196372986,1.1084203886500381
16,11.507155418395996,0.9694676399230957,0.44152259826660156,1.109573289535486
16,11.543359756469727,0.9677062034606934,0.44268694519996643,1.110330526737448
16,11.579561233520508,0.9658831357955933,0.4438778758049011,1.1104079149304633
16,11.645308494567871,0.9624212980270386,0.4460778534412384,1.1107787859869702
16,11.711045265197754,0.9587940573692322,0.4483555853366852,1.1097309717327115
16,11.782408714294434,0.9546903371810913,0.45097312331199646,1.1076024608039161
16,11.91195297241211,0.9468882083892822,0.4563498795032501,1.1015773030740723
16,12.041440963745117,0.9387925267219543,0.4625948667526245,1.098417174901583
16,12.163320541381836,0.9312227368354797,0.4690572917461395,1.0963350284532274
16,12.285209655761719,0.9240447282791138,0.4755907654762268,1.0924657170837864
16,12.382678985595703,0.9187428951263428,0.4806196093559265,1.0888915176612102
16,12.392074584960938,0.9182555675506592,0.4810802638530731,1.0883974462591461
17,0.8097378015518188,-0.43284010887145996,2.423539400100708,0.9675083850731522
17,0.9212881922721863,-0.43298467993736267,2.3827128410339355,0.9473940440875157
17,1.034423828125,-0.43315309286117554,2.3400566577911377,0.9241089075637162
17,1.147216558456421,-0.4333442151546478,2.2965009212493896,0.897747288259536
17,1.2607452869415283,-0.43356239795684814,2.252007484436035,0.8689352823304192
17,1.374551773071289,-0.43381085991859436,2.2071502208709717,0.8373578506900858
17,1.4542336463928223,-0.4340049624443054,2.1757283210754395,0.8137438347855814
17,1.5683326721191406,-0.43431583046913147,2.131301164627075,0.7779482726191401
17,1.6709858179092407,-0.4346334934234619,2.0922930240631104,0.7433721690060056
17,1.786219835281372,-0.43503883481025696,2.0508313179016113,0.7039311169083449
17,1.8443069458007812,-0.4352649450302124,2.031248092651367,0.682972442737501
17,1.9208451509475708,-0.4355865716934204,2.0073227882385254,0.6591602804728639
17,2.039268970489502,-0.43613773584365845,1.9761664867401123,0.6240696319646019
17,2.1596298217773438,-0.4367579221725464,1.9537253379821777,0.607493436914268
17,2.281522274017334,-0.4374292194843292,1.9422909021377563,0.606063131023472
17,2.4039571285247803,-0.4381173253059387,1.9417314529418945,0.6271005000802425
17,2.5261032581329346,-0.4387962520122528,1.9504135847091675,0.6613515112031076
17,2.647675037384033,-0.43944376707077026,1.9651626348495483,0.7014336788073275
17,2.7687573432922363,-0.44005465507507324,1.9835569858551025,0.7432612867653068
17,2.852008581161499,-0.44045373797416687,1.9973372220993042,0.7708572414521987
17,2.972749710083008,-0.4410049021244049,2.017861843109131,0.80646952068778
17,3.0935022830963135,-0.44152772426605225,2.038320779800415,0.8383822586202652
17,3.214364767074585,-0.44203007221221924,2.058117628097534,0.8662453895087999
17,3.3353545665740967,-0.4425181448459625,2.077122449874878,0.8895094854441831
17,3.4565062522888184,-0.44299986958503723,2.095065116882324,0.910436695759302
17,3.577812671661377,-0.44348251819610596,2.1119296550750732,0.9265225698296725
17,3.69926381111145,-0.4439723491668701,2.127718448638916,0.9408103660229553
17,3.820826768875122,-0.44447824358940125,2.1424577236175537,0.9527070262770078
17,3.9425036907196045,-0.4450055956840515,2.1562235355377197,0.9621927599605404
17,4.06406307220459,-0.4455615282058716,2.1690452098846436,0.9705774637434287
17,4.184621810913086,-0.44614970684051514,2.180907726287842,0.9765617729945728
17,4.30525541305542,-0.4467813968658447,2.191983222961426,0.9815774409664604
17,4.4227166175842285,-0.4474485516548157,2.2020654678344727,0.9854773345234744
17,4.5402302742004395,-0.4481760859489441,2.2115132808685303,0.9878844611281818
17,4.651463508605957,-0.4489303529262543,2.2199177742004395,0.9895309901536004
17,4.754276275634766,-0.4496951699256897,2.2272636890411377,0.9903525580703207
17,4.857113838195801,-0.4505346417427063,2.2342400550842285,0.9901928735410437
17,4.952097415924072,-0.45138588547706604,2.240382671356201,0.989451527582561
17,5.04191255569458,-0.45226842164993286,2.2459497451782227,0.988196812727501
17,5.129309177398682,-0.45321011543273926,2.2511603832244873,0.9864082295347049
17,5.2159318923950195,-0.4542366564273834,2.2561399936676025,0.9840719603297284
17,5.302408218383789,-0.4553692638874054,2.260941982269287,0.9811458527546238
17,5.389842510223389,-0.4566427767276764,2.2656400203704834,0.9773920885001534
17,5.477282524108887,-0.45806679129600525,2.270195245742798,0.9729049009761462
17,5.568461894989014,-0.4597384035587311,2.274810552597046,0.9674202629174521
17,5.663656711578369,-0.4617277979850769,2.2795000076293945,0.9607880920348841
17,5.762521266937256,-0.46412017941474915,2.284240245819092,0.9528859383561111
17,5.864536762237549,-0.46702539920806885,2.288989305496216,0.94309295846959
17,5.966541767120361,-0.4704807698726654,2.2935831546783447,0.9315287030019285
17,6.071016788482666,-0.47474461793899536,2.2981133460998535,0.9179460344004542
17,6.177151679992676,-0.48004862666130066,2.3025224208831787,0.9022783389848612
17,6.284030437469482,-0.4867120385169983,2.3067514896392822,0.8842491939252968
17,6.390793323516846,-0.4951237738132477,2.310765027999878,0.8632741855701028
17,6.497219085693359,-0.5058285593986511,2.3145878314971924,0.8409332365861135
17,6.602224349975586,-0.5194487571716309,2.318284749984741,0.8185484111430379
17,6.7067437171936035,-0.5370984673500061,2.3221323490142822,0.7990572293238389
17,6.7702317237854,-0.5505424737930298,2.324789524078369,0.784565500016059
17,6.796999931335449,-0.5569334030151367,2.3260414600372314,0.7803995601292059
17,6.822260856628418,-0.563414454460144,2.327303409576416,0.777235469697005
17,6.847132205963135,-0.5702695846557617,2.3286314010620117,0.77488536703103
17,6.871864318847656,-0.5775923728942871,2.3300530910491943,0.7731530602501503
17,6.8963541984558105,-0.5853732228279114,2.3315863609313965,0.7719770007217657
17,6.920535564422607,-0.593600869178772,2.333261013031006,0.7714017576216363
17,6.944418907165527,-0.602277398109436,2.3351118564605713,0.7713621729135837
17,6.968242645263672,-0.6114781498908997,2.3371901512145996,0.7716756449651004
17,6.991671562194824,-0.6210641860961914,2.3394994735717773,0.7720501641500245
17,7.014886856079102,-0.6310883164405823,2.342083692550659,0.7725838148137332
17,7.037924289703369,-0.6415156126022339,2.344958782196045,0.7732277355704483
17,7.060657024383545,-0.6522541642189026,2.3481249809265137,0.7740676600963147
17,7.083202362060547,-0.6633160710334778,2.3516111373901367,0.7746984651765957
17,7.1054558753967285,-0.674606442451477,2.3554069995880127,0.7757774171589839
17,7.127425193786621,-0.6860844492912292,2.3595187664031982,0.7760989563893498
17,7.149290084838867,-0.6978009343147278,2.363987445831299,0.7769144737482763
17,7.170894145965576,-0.7096348404884338,2.3687846660614014,0.7774379342653466
17,7.192356586456299,-0.7216196060180664,2.3739519119262695,0.7785444856385983
17,7.2135701179504395,-0.7336685061454773,2.379462480545044,0.7795533429608751
17,7.2346415519714355,-0.7458086609840393,2.3853561878204346,0.7814368177692904
17,7.255472660064697,-0.7579537034034729,2.3915936946868896,0.7828584403942456
17,7.276293754577637,-0.7702157497406006,2.398259401321411,0.7847554584973547
17,7.296884536743164,-0.7824382185935974,2.4052655696868896,0.787004472801227
17,7.317479610443115,-0.7947248220443726,2.4126970767974854,0.7899924999004178
17,7.337862968444824,-0.8069227933883667,2.4204518795013428,0.7932547553933526
17,7.3581929206848145,-0.8190930485725403,2.428586959838867,0.7973237140033181
17,7.3784403800964355,-0.8311794996261597,2.437049150466919,0.8017250287621911
17,7.398751258850098,-0.8432413339614868,2.4459030628204346,0.8059874778099735
17,7.419023036956787,-0.8551680445671082,2.4550490379333496,0.8109405980275912
17,7.439310073852539,-0.8669611215591431,2.464507818222046,0.8156257013157892
17,7.4596052169799805,-0.8785698413848877,2.4742183685302734,0.8212749431569824
17,7.47996187210083,-0.8899873495101929,2.4841880798339844,0.8257636777354072
17,7.500279426574707,-0.9011176228523254,2.4943184852600098,0.8315883018404481
17,7.520797252655029,-0.9120508432388306,2.5046966075897217,0.8350456571335018
17,7.541316986083984,-0.9226484894752502,2.5151937007904053,0.8397072101645163
17,7.5619611740112305,-0.93293297290802,2.5258233547210693,0.8422401537132167
17,7.582752227783203,-0.9428933262825012,2.536593437194824,0.8444659171015186
17,7.603696823120117,-0.9524890184402466,2.5474612712860107,0.8462361676908832
17,7.625239849090576,-0.9618828892707825,2.5586442947387695,0.8460546630935126
17,7.646702289581299,-0.9707341194152832,2.56974720954895,0.8451077850131249
17,7.667771339416504,-0.978905975818634,2.5805904865264893,0.8409249711967213
17,7.689587116241455,-0.9868173599243164,2.591700553894043,0.8340375378922701
17,7.711533546447754,-0.9942104816436768,2.6027019023895264,0.8244998836522258
17,7.733728885650635,-1.0011177062988281,2.613560914993286,0.8119217440409339
17,7.756181240081787,-1.0075490474700928,2.624180793762207,0.7922899373402492
17,7.778296947479248,-1.0133633613586426,2.6341350078582764,0.7694732039718978
17,7.8013715744018555,-1.0189471244812012,2.6438872814178467,0.7425609065353415
17,7.824807643890381,-1.0241681337356567,2.65301251411438,0.711733570038313
17,7.848485946655273,-1.0290262699127197,2.6614742279052734,0.6825414963777741
17,7.8716230392456055,-1.0333691835403442,2.669149875640869,0.6534405681000987
17,7.891941070556641,-1.0368163585662842,2.6755807399749756,0.6313477230990306
17,7.914202690124512,-1.0401709079742432,2.6825320720672607,0.6121739908157692
17,7.936344623565674,-1.043039083480835,2.68953537940979,0.5958794909836707
17,7.961700916290283,-1.0457160472869873,2.697817325592041,0.5788686427623938
17,7.986203193664551,-1.0476752519607544,2.7061607837677,0.5618962583397396
17,8.010562896728516,-1.049019455909729,2.714776039123535,0.5442711623114889
17,8.034768104553223,-1.0497713088989258,2.7235851287841797,0.5245361868690291
17,8.058841705322266,-1.0499513149261475,2.732522964477539,0.503002465566494
17,8.082860946655273,-1.0495864152908325,2.741523027420044,0.4805059584650422
17,8.106768608093262,-1.0486862659454346,2.750514268875122,0.45713950512849816
17,8.130563735961914,-1.0472593307495117,2.759467601776123,0.43382498824024623
17,8.15429401397705,-1.0453137159347534,2.7683732509613037,0.410779019419289
17,8.17779541015625,-1.0428581237792969,2.7771942615509033,0.38809720998977454
17,8.20118522644043,-1.0398882627487183,2.785996437072754,0.3665749234666682
17,8.224392890930176,-1.0364220142364502,2.7948038578033447,0.3455811330775591
17,8.24737548828125,-1.032468557357788,2.8036956787109375,0.32567481416607985
17,8.270139694213867,-1.0280708074569702,2.8127477169036865,0.3074775859773067
17,8.29260540008545,-1.0232727527618408,2.822044610977173,0.29110215548690677
17,8.314631462097168,-1.018212914466858,2.8316593170166016,0.27823149778962886
17,8.335951805114746,-1.0130702257156372,2.841517210006714,0.2679297869600527
17,8.35696029663086,-1.007804274559021,2.85189151763916,0.2600008878317526
17,8.377995491027832,-1.0023534297943115,2.8629658222198486,0.25520600670303445
17,8.39863395690918,-0.9968359470367432,2.874549388885498,0.2530094842296334
17,8.418889045715332,-0.9913167953491211,2.886613368988037,0.2538199716341559
17,8.43879508972168,-0.9857066869735718,2.8990790843963623,0.2554818522115928
17,8.458318710327148,-0.9798762798309326,2.911877393722534,0.2580361761582484
17,8.477479934692383,-0.9736893177032471,2.924910068511963,0.2608229574122435
17,8.496255874633789,-0.9670571684837341,2.9381320476531982,0.26494676182724297
17,8.514649391174316,-0.9598656296730042,2.9514529705047607,0.2684166779063367
17,8.532608985900879,-0.9519814848899841,2.9648165702819824,0.27137658000536496
17,8.5501127243042,-0.9433152079582214,2.9781405925750732,0.27508644947825117
17,8.567181587219238,-0.9337685704231262,2.9914298057556152,0.2788358085308481
17,8.583708763122559,-0.9233223795890808,3.004556894302368,0.2823022994366626
17,8.599573135375977,-0.912020742893219,3.0174007415771484,0.28727286375304345
17,8.614842414855957,-0.8998262286186218,3.029975175857544,0.29213659261275765
17,8.629509925842285,-0.8867510557174683,3.0422425270080566,0.29893159743032804
17,8.643630027770996,-0.8728201389312744,3.0541815757751465,0.3060792157382434
17,8.657167434692383,-0.8581072092056274,3.065708875656128,0.31483184040569967
17,8.670181274414062,-0.8427193760871887,3.0767462253570557,0.3243138598551596
17,8.682762145996094,-0.8266087770462036,3.087265729904175,0.334585306368849
17,8.694957733154297,-0.8099214434623718,3.0970916748046875,0.34487340825727003
17,8.706877708435059,-0.7926069498062134,3.1061394214630127,0.3559538720558103
17,8.718977928161621,-0.7740743160247803,3.114447832107544,0.3669577071829547
17,8.730537414550781,-0.7556138634681702,3.12121844291687,0.3761630600159166
17,8.742012023925781,-0.7366355061531067,3.1265416145324707,0.38487401086505846
17,8.751752853393555,-0.7200910449028015,3.129697561264038,0.3912623479507893
17,8.762977600097656,-0.7006752490997314,3.1314733028411865,0.3962602536958164
17,8.774141311645508,-0.6811555624008179,3.1309237480163574,0.3988698078403212
17,8.785266876220703,-0.6616929769515991,3.127671241760254,0.3982594333488833
17,8.79617977142334,-0.6428683400154114,3.1213877201080322,0.3946670546075067
17,8.806658744812012,-0.6252861618995667,3.111879587173462,0.3892886713022502
17,8.816476821899414,-0.6095091104507446,3.0990803241729736,0.3806295975406881
17,8.825382232666016,-0.5963222980499268,3.0830867290496826,0.3722552951332914
17,8.833152770996094,-0.5865426659584045,3.0643956661224365,0.36287663251610636
17,8.839698791503906,-0.580889880657196,3.0436463356018066,0.3575907466078565
17,8.843799591064453,-0.5796598196029663,3.0274014472961426,0.3565622008668998
17,8.848430633544922,-0.5820190906524658,3.005533456802368,0.35710826664005096
17,8.852409362792969,-0.5886220335960388,2.9844114780426025,0.3569542317454672
17,8.855717658996582,-0.5976160168647766,2.966855764389038,0.3563206793407304
17,8.85837459564209,-0.6063303351402283,2.9543068408966064,0.35551905211636536
17,8.862688064575195,-0.6213516592979431,2.938133478164673,0.3530256330759882
17,8.867680549621582,-0.6386160254478455,2.92472505569458,0.3532249971306198
17,8.873530387878418,-0.6575708985328674,2.9142515659332275,0.3558664885389875
17,8.880163192749023,-0.6776121854782104,2.9066503047943115,0.3600578760483862
17,8.887491226196289,-0.6981868743896484,2.9015872478485107,0.36251581087937856
17,8.895627975463867,-0.7193608283996582,2.8985419273376465,0.3626897107437787
17,8.90436840057373,-0.7404184937477112,2.897127151489258,0.3593198241368176
17,8.913713455200195,-0.7612628936767578,2.896817922592163,0.35306889598718066
17,8.923580169677734,-0.7815664410591125,2.8970861434936523,0.34428093633663925
17,8.933985710144043,-0.8013136386871338,2.8974974155426025,0.3333228550834352
17,8.945066452026367,-0.8206186294555664,2.8976781368255615,0.321919534870825
17,8.956876754760742,-0.8394097685813904,2.897320508956909,0.3106024362432508
17,8.969494819641113,-0.8576224446296692,2.8961541652679443,0.30051008824677955
17,8.982918739318848,-0.875058650970459,2.8940067291259766,0.2921474263722673
17,8.997173309326172,-0.8916293978691101,2.890805244445801,0.28626628425709894
17,9.012195587158203,-0.9071719646453857,2.8865678310394287,0.2822764204271627
17,9.027933120727539,-0.9216023087501526,2.8814289569854736,0.28003555675476466
17,9.044364929199219,-0.9349212646484375,2.875516414642334,0.2793488152295581
17,9.06135368347168,-0.9470990896224976,2.869069814682007,0.2797477066361608
17,9.078855514526367,-0.9581703543663025,2.862225294113159,0.28086580068007705
17,9.096824645996094,-0.9681985974311829,2.855196475982666,0.2824757293042098
17,9.115255355834961,-0.9772396087646484,2.8480241298675537,0.28476814901720027
17,9.134038925170898,-0.9853192567825317,2.8408687114715576,0.28761059247000037
17,9.153185844421387,-0.9925000071525574,2.83376145362854,0.29098350338894413
17,9.172654151916504,-0.9988097548484802,2.8266992568969727,0.2951492687517929
17,9.19239330291748,-1.0042822360992432,2.819693088531494,0.30012497158009466
17,9.212366104125977,-1.0089545249938965,2.8127667903900146,0.30585504311453826
17,9.232519149780273,-1.012858271598816,2.8058876991271973,0.31231025000338103
17,9.252802848815918,-1.01603102684021,2.7990167140960693,0.3195841837318563
17,9.273171424865723,-1.0185147523880005,2.792113780975342,0.3276598323946583
17,9.293584823608398,-1.0203543901443481,2.785142421722412,0.3364284262809658
17,9.314010620117188,-1.0215953588485718,2.7780721187591553,0.34586898085586604
17,9.334417343139648,-1.0222856998443604,2.7708747386932373,0.3559523616759194
17,9.354782104492188,-1.0224745273590088,2.7635269165039062,0.3665899120204547
17,9.37508487701416,-1.0222076177597046,2.7560129165649414,0.3776690170608053
17,9.39531135559082,-1.021531581878662,2.7483224868774414,0.3892551069414685
17,9.415452003479004,-1.0204921960830688,2.740447998046875,0.40120271546143893
17,9.435501098632812,-1.019131064414978,2.732389211654663,0.4133624951400012
17,9.45545482635498,-1.0174864530563354,2.7241504192352295,0.42572797576586346
17,9.475314140319824,-1.0155969858169556,2.7157373428344727,0.43821799446330484
17,9.495081901550293,-1.0134955644607544,2.707160711288452,0.4507459971972927
17,9.514762878417969,-1.0112099647521973,2.6984336376190186,0.4632388753971136
17,9.534364700317383,-1.0087697505950928,2.6895692348480225,0.4756154137740666
17,9.55389404296875,-1.0061968564987183,2.680583953857422,0.4877466584574644
17,9.573359489440918,-1.0035111904144287,2.671494245529175,0.49965033205304454
17,9.59277057647705,-1.000732183456421,2.662316083908081,0.5112350965869565
17,9.612136840820312,-0.997870922088623,2.6530697345733643,0.522299016296653
17,9.631471633911133,-0.9949377775192261,2.643779754638672,0.5329212628656513
17,9.65078353881836,-0.9919448494911194,2.634459972381592,0.5430722018425899
17,9.670079231262207,-0.9888989925384521,2.625123977661133,0.5527027586896217
17,9.68936538696289,-0.9858091473579407,2.615783214569092,0.5618213323002282
17,9.708648681640625,-0.9826820492744446,2.606449604034424,0.5703850860135549
17,9.727935791015625,-0.9795222282409668,2.597133159637451,0.5784315936977376
17,9.747230529785156,-0.976335883140564,2.587843418121338,0.5859093186354398
17,9.7665376663208,-0.9731248617172241,2.5785889625549316,0.5927083070415105
17,9.78586483001709,-0.9698906540870667,2.5693821907043457,0.5989474741507337
17,9.80521297454834,-0.9666370749473572,2.560228109359741,0.6046938217713381
17,9.824585914611816,-0.9633662104606628,2.5511319637298584,0.6099594312510122
17,9.843984603881836,-0.9600809812545776,2.5420966148376465,0.6146692497238403
17,9.863411903381348,-0.956783652305603,2.5331246852874756,0.6189330490696628
17,9.882866859436035,-0.9534760117530823,2.524219274520874,0.622781868595315
17,9.902351379394531,-0.9501603841781616,2.515381336212158,0.626238307230758
17,9.921866416931152,-0.9468377232551575,2.5066134929656982,0.6291782233068659
17,9.941411972045898,-0.9435083866119385,2.497917652130127,0.6317351266359803
17,9.960988998413086,-0.9401748180389404,2.489293336868286,0.6339789505943041
17,9.980596542358398,-0.9368381500244141,2.4807395935058594,0.6359220766280269
17,10.000234603881836,-0.9334997534751892,2.4722561836242676,0.637590561121881
17,10.019901275634766,-0.9301614165306091,2.4638407230377197,0.6389105655314792
17,10.039596557617188,-0.9268237352371216,2.4554920196533203,0.6399877984322945
17,10.059319496154785,-0.9234879016876221,2.4472084045410156,0.6408338284953754
17,10.079069137573242,-0.9201552271842957,2.438987970352173,0.641465993738722
17,10.098845481872559,-0.9168262481689453,2.43082857131958,0.6419002499161192
17,10.118646621704102,-0.9135017991065979,2.4227278232574463,0.6421173525736994
17,10.138470649719238,-0.910183310508728,2.414681911468506,0.6421967080266331
17,10.158324241638184,-0.9068702459335327,2.4066853523254395,0.6421594188123267
17,10.178262710571289,-0.9035534858703613,2.398711919784546,0.6420218195596293
17,10.198517799377441,-0.9001958966255188,2.390665292739868,0.6417680902944124
17,10.218791961669922,-0.8968474268913269,2.382661819458008,0.6413858279365146
17,10.239916801452637,-0.8933712840080261,2.374371290206909,0.6409151867179173
17,10.2626371383667,-0.8896476030349731,2.365501642227173,0.6403320903241279
17,10.28537368774414,-0.8859362006187439,2.3566691875457764,0.6395863571766199
17,10.310188293457031,-0.8819020390510559,2.3470723628997803,0.638799218630679
17,10.336844444274902,-0.8775879740715027,2.336801767349243,0.63781629841257
17,10.363515853881836,-0.8732905983924866,2.3265609741210938,0.6368691916301361
17,10.391281127929688,-0.8688383102416992,2.3159260749816895,0.6358723661617176
17,10.419054985046387,-0.86440509557724,2.3053078651428223,0.6349113767215632
17,10.447247505187988,-0.8599251508712769,2.294541120529175,0.6340444375817963
17,10.475443840026855,-0.8554631471633911,2.2837769985198975,0.6332015314967275
17,10.50373363494873,-0.851001501083374,2.2729763984680176,0.6325370231005867
17,10.532031059265137,-0.8465511798858643,2.2621638774871826,0.631931880649645
17,10.560327529907227,-0.8421094417572021,2.2513420581817627,0.6315297847605988
17,10.588619232177734,-0.8376713395118713,2.240507125854492,0.6312595823209173
17,10.61690616607666,-0.8332314491271973,2.2296605110168457,0.6312080714888967
17,10.645186424255371,-0.8287819623947144,2.2188029289245605,0.6313411018118207
17,10.673460960388184,-0.8243163228034973,2.2079362869262695,0.6316794624054848
17,10.701730728149414,-0.8198254108428955,2.197066068649292,0.6322289206319031
17,10.729995727539062,-0.8153010606765747,2.1861956119537354,0.6329820433741079
17,10.758255958557129,-0.8107333183288574,2.1753344535827637,0.6339791333468225
17,10.786514282226562,-0.8061109781265259,2.164489269256592,0.6351762543031501
17,10.81477165222168,-0.8014246821403503,2.153670072555542,0.6366232719642858
17,10.84303092956543,-0.7966617345809937,2.142888307571411,0.6382504717837302
17,10.871293067932129,-0.791813850402832,2.132153272628784,0.6400967185003061
17,10.899561882019043,-0.7868680953979492,2.1214799880981445,0.6421371450232081
17,10.927838325500488,-0.7818145155906677,2.1108791828155518,0.6443754809043586
17,10.95612621307373,-0.7766426205635071,2.1003663539886475,0.6468000378053502
17,10.984428405761719,-0.7713414430618286,2.0899548530578613,0.6493735892537059
17,11.01274585723877,-0.7659043669700623,2.079657554626465,0.6521051724475145
17,11.041083335876465,-0.7603204250335693,2.0694916248321533,0.6549812635808097
17,11.069439888000488,-0.7545836567878723,2.0594675540924072,0.657989196655903
17,11.097819328308105,-0.748685359954834,2.0496034622192383,0.6611121829420251
17,11.12622356414795,-0.7426206469535828,2.0399105548858643,0.6643140814907362
17,11.154651641845703,-0.7363847494125366,2.0304031372070312,0.667599178530584
17,11.18310832977295,-0.7299725413322449,2.021095037460327,0.6709596599196282
17,11.211591720581055,-0.723380982875824,2.011995792388916,0.6743755478992606
17,11.240103721618652,-0.7166076898574829,2.0031204223632812,0.67779484507396
17,11.268644332885742,-0.7096526026725769,1.9944777488708496,0.6812522196431535
17,11.297219276428223,-0.7025110721588135,1.9860764741897583,0.6847354164671479
17,11.325820922851562,-0.6951873898506165,1.9779285192489624,0.6881440448240713
17,11.354472160339355,-0.6876762509346008,1.970036268234253,0.6915772741369822
17,11.383210182189941,-0.6799679398536682,1.9623976945877075,0.6949685569910107
17,11.411972999572754,-0.6720828413963318,1.9550365209579468,0.698263909123073
17,11.440890312194824,-0.6639881134033203,1.947928786277771,0.7014672007643468
17,11.469829559326172,-0.655722975730896,1.9411122798919678,0.704693795411774
17,11.49902629852295,-0.6472257375717163,1.9345425367355347,0.7078844324956934
17,11.528243064880371,-0.6385750770568848,1.928269386291504,0.7109894626356567
17,11.562470436096191,-0.6282658576965332,1.9212877750396729,0.7144331752150392
17,11.62454605102539,-0.6091570854187012,1.9096084833145142,0.7200004249811838
18,1.126841425895691,-0.13068214058876038,0.759443998336792,1.165344224984045
18,1.1601948738098145,-0.13070829212665558,0.731235146522522,1.1933093393901482
18,1.255043625831604,-0.13071779906749725,0.6544645428657532,1.300664098564434
18,1.308807611465454,-0.13067325949668884,0.6123818755149841,1.3943929390695373
18,1.4064692258834839,-0.1304740607738495,0.5387385487556458,1.6187856770348583
18,1.4665532112121582,-0.13027048110961914,0.49674373865127563,1.7844904241384416
18,1.5708212852478027,-0.12985073029994965,0.43285706639289856,2.12424415648717
18,1.6294294595718384,-0.12958531081676483,0.40230366587638855,2.384511952844749
18,1.6834895610809326,-0.12933048605918884,0.3778144121170044,2.6284612081091248
18,1.7427148818969727,-0.12906333804130554,0.3557831645011902,2.9081040795361552
18,1.7793805599212646,-0.12890447676181793,0.3442232012748718,3.072107088903813
18,1.8002564907073975,-0.12882046401500702,0.33839064836502075,3.0899455928357145
18,1.9227194786071777,-0.12840865552425385,0.3174201250076294,3.683059305507189
18,1.9866845607757568,-0.12835970520973206,0.3137959837913513,3.8631492514015218
18,2.050755262374878,-0.1285158395767212,0.31401652097702026,3.984815525841201
18,2.1147356033325195,-0.12885017693042755,0.31744953989982605,3.949758178244075
18,2.1504569053649902,-0.12909984588623047,0.32078397274017334,3.9368134231259835
18,2.2137553691864014,-0.12964357435703278,0.33059391379356384,3.6917300292975948
18,2.2755448818206787,-0.13031229376792908,0.3473443388938904,3.437193689036952
18,2.3344380855560303,-0.13103750348091125,0.3724673390388489,3.142082398843882
18,2.4054672718048096,-0.13191528618335724,0.413757860660553,2.8427458362085423
18,2.4353513717651367,-0.13226845860481262,0.4344566762447357,2.7590057925905325
18,2.4551985263824463,-0.13249549269676208,0.44931158423423767,2.7053208260225032
18,2.554252862930298,-0.13330969214439392,0.5210566520690918,2.423815363111845
18,2.5964765548706055,-0.13346754014492035,0.5487265586853027,2.3774579463259564
18,2.7032740116119385,-0.13336963951587677,0.6084451675415039,2.257968950776957
18,2.813814401626587,-0.13272146880626678,0.660976767539978,2.090589024590428
18,2.8927195072174072,-0.13197773694992065,0.6961256265640259,1.9391115400110812
18,3.004884958267212,-0.13068731129169464,0.7452144622802734,1.7171482456568323
18,3.117772340774536,-0.1292365938425064,0.7926622629165649,1.524887860518651
18,3.232156276702881,-0.12807689607143402,0.8363624215126038,1.3968248993698447
18,3.28257155418396,-0.12770162522792816,0.8534629344940186,1.3570824784472117
18,3.3996729850769043,-0.12713488936424255,0.8892945051193237,1.2870296416471443
18,3.518242597579956,-0.12692013382911682,0.9199349284172058,1.2400887873464126
18,3.6377201080322266,-0.12686431407928467,0.9468280673027039,1.2058948416602278
18,3.757927179336548,-0.12689554691314697,0.9702561497688293,1.1810333415584042
18,3.8734657764434814,-0.12695032358169556,0.99002605676651,1.1617557052471363
18,3.994320869445801,-0.12701252102851868,1.0083284378051758,1.1458285322838608
18,4.115475177764893,-0.12707027792930603,1.0245343446731567,1.1324294638966839
18,4.235761642456055,-0.1271197497844696,1.038901686668396,1.1209431227891482
18,4.35621976852417,-0.12716159224510193,1.0517510175704956,1.1108731479948202
18,4.47357702255249,-0.12719561159610748,1.0629920959472656,1.1019480098492385
18,4.584712505340576,-0.12722261250019073,1.0726326704025269,1.0941911820060795
18,4.695920467376709,-0.12724518775939941,1.081394076347351,1.086835311618428
18,4.798731327056885,-0.1272629201412201,1.0888020992279053,1.0802546484526268
18,4.893879413604736,-0.12727732956409454,1.0951290130615234,1.07427590227938
18,4.986168384552002,-0.12728971242904663,1.1008305549621582,1.0686141598762007
18,5.0784807205200195,-0.127300426363945,1.1061455011367798,1.0631142837059728
18,5.171339988708496,-0.12730900943279266,1.11113440990448,1.0576759891659582
18,5.265937805175781,-0.12731453776359558,1.115873098373413,1.0521736018351755
18,5.362634658813477,-0.12731535732746124,1.1203750371932983,1.046529826097853
18,5.461196422576904,-0.12730921804904938,1.1246174573898315,1.0406752932785515
18,5.559772968292236,-0.12729375064373016,1.1285126209259033,1.0346117763864837
18,5.6597580909729,-0.12726575136184692,1.1321027278900146,1.0282367480343955
18,5.7606401443481445,-0.12722113728523254,1.135339617729187,1.0215279762675167
18,5.8618974685668945,-0.12715548276901245,1.138169288635254,1.0144615047523364
18,5.963027477264404,-0.12706367671489716,1.140533447265625,1.0069700418685603
18,6.064167499542236,-0.12693949043750763,1.1423815488815308,0.9988757030475689
18,6.164719581604004,-0.12677675485610962,1.1436389684677124,0.990284306500715
18,6.264287948608398,-0.12656831741333008,1.144222617149353,0.981218904803102
18,6.362555503845215,-0.12630774080753326,1.1440446376800537,0.9716865083098261
18,6.459571361541748,-0.12598936259746552,1.1430107355117798,0.9617256446520112
18,6.555608749389648,-0.1256088763475418,1.1410006284713745,0.9516449172770391
18,6.651615142822266,-0.12515224516391754,1.1378543376922607,0.9413187577574873
18,6.746939182281494,-0.12459453195333481,1.133489727973938,0.9295111785999706
18,6.770802974700928,-0.12443310022354126,1.132185697555542,0.9264097089506937
18,6.794660568237305,-0.12426385283470154,1.1307770013809204,0.9233396983976359
18,6.818297863006592,-0.12409006804227829,1.1292654275894165,0.9202621746304237
18,6.841794013977051,-0.12391345947980881,1.1276391744613647,0.9172077712753974
18,6.8658766746521,-0.12373099476099014,1.1258394718170166,0.9141295809579532
18,6.8903093338012695,-0.12354660779237747,1.1238754987716675,0.9110388524413396
18,6.914612293243408,-0.12336549162864685,1.1217780113220215,0.9078548915576139
18,6.938783168792725,-0.12318885326385498,1.1195429563522339,0.9045656227899659
18,6.962928295135498,-0.1230168268084526,1.1171571016311646,0.9012766128878985
18,6.986904144287109,-0.12285131216049194,1.1146320104599,0.8979483834816492
18,7.010526657104492,-0.12269432842731476,1.111983060836792,0.8946020698999871
18,7.0340256690979,-0.12254524230957031,1.109182357788086,0.8912424328351275
18,7.057394981384277,-0.12240532040596008,1.106225609779358,0.8878546892103959
18,7.080741882324219,-0.12227548658847809,1.103094220161438,0.8844185835126362
18,7.103950023651123,-0.12215830385684967,1.0997980833053589,0.8809632263209602
18,7.127014636993408,-0.12205616384744644,1.096334457397461,0.8774882341574518
18,7.149929046630859,-0.12197183817625046,1.0927008390426636,0.8739931498633687
18,7.1726884841918945,-0.12190864980220795,1.088895320892334,0.8704775081795131
18,7.195286750793457,-0.12187043577432632,1.084916591644287,0.8669400804527885
18,7.217719078063965,-0.12186179310083389,1.080763339996338,0.8633017111177324
18,7.240112781524658,-0.12188827246427536,1.0764082670211792,0.8595911618432583
18,7.262334823608398,-0.12195654213428497,1.0718740224838257,0.8558432050191231
18,7.2844343185424805,-0.12207455188035965,1.0671494007110596,0.8520572521922357
18,7.306485176086426,-0.12225259840488434,1.0622167587280273,0.8482106645543032
18,7.328486919403076,-0.12250251322984695,1.0570729970932007,0.8442905144684963
18,7.350436210632324,-0.1228376254439354,1.0517158508300781,0.8402837626269679
18,7.3723297119140625,-0.12327251583337784,1.046141505241394,0.8361113997462999
18,7.394162654876709,-0.12382128834724426,1.0403436422348022,0.8317555327942948
18,7.415928363800049,-0.12449540942907333,1.0343103408813477,0.8272889904793942
18,7.437617301940918,-0.1252986043691635,1.0280225276947021,0.8227239822962901
18,7.459216594696045,-0.12622123956680298,1.0214492082595825,0.8182674015451692
18,7.480708122253418,-0.1272350400686264,1.0145454406738281,0.8140919125951168
18,7.5020670890808105,-0.12828496098518372,1.0072468519210815,0.8103341888555876
18,7.523266315460205,-0.12929761409759521,0.9994894862174988,0.8072938289278789
18,7.544288635253906,-0.13020046055316925,0.9912487864494324,0.8048488931035455
18,7.565153121948242,-0.13096261024475098,0.9825849533081055,0.8023941821443333
18,7.585916996002197,-0.13161511719226837,0.9736249446868896,0.7990107885360627
18,7.606617450714111,-0.13224643468856812,0.9645181894302368,0.7947500617370115
18,7.627345561981201,-0.1330006867647171,0.9553832411766052,0.7903531021914183
18,7.648176193237305,-0.13407954573631287,0.9463487863540649,0.7874452648570381
18,7.66909122467041,-0.13569124042987823,0.9375932812690735,0.7899920761838032
18,7.690256118774414,-0.13795916736125946,0.9292080402374268,0.8017181783604732
18,7.711549758911133,-0.1407446712255478,0.9213196635246277,0.8234956022022543
18,7.733029842376709,-0.1436760276556015,0.9138756394386292,0.8505239698226637
18,7.754664421081543,-0.14631597697734833,0.9067780375480652,0.8719107125095208
18,7.776268482208252,-0.14832045137882233,0.8999410271644592,0.8818776056795575
18,7.7976298332214355,-0.14953972399234772,0.893286943435669,0.8803226565668071
18,7.818808078765869,-0.15001417696475983,0.8866794109344482,0.8698697641525472
18,7.839969158172607,-0.14987953007221222,0.8799991607666016,0.8541600164349612
18,7.861721038818359,-0.14928415417671204,0.8730125427246094,0.8358683900225437
18,7.883535861968994,-0.14835834503173828,0.8658749461174011,0.8182270356228506
18,7.905243873596191,-0.14718250930309296,0.8586550354957581,0.8019099347795052
18,7.926864147186279,-0.1458074152469635,0.8513703346252441,0.786068389331031
18,7.948455333709717,-0.14429017901420593,0.8440269827842712,0.7707074599152242
18,7.969942092895508,-0.14270132780075073,0.8366767168045044,0.7562751525062614
18,7.991352558135986,-0.14109700918197632,0.8293375372886658,0.7428405165647947
18,8.012721061706543,-0.1395145207643509,0.8220226764678955,0.7301932239281165
18,8.034074783325195,-0.13797906041145325,0.8147408962249756,0.7186010074843736
18,8.055434226989746,-0.1365063488483429,0.8074979782104492,0.7079333181878993
18,8.07680892944336,-0.13510529696941376,0.8003005385398865,0.6980489939626162
18,8.098207473754883,-0.13377904891967773,0.7931589484214783,0.6879227283251669
18,8.11963176727295,-0.1325274109840393,0.7860874533653259,0.6780526026933978
18,8.141088485717773,-0.1313490867614746,0.7790974378585815,0.6683534816418005
18,8.162577629089355,-0.1302422434091568,0.77220219373703,0.6587772275830919
18,8.18410587310791,-0.12920594215393066,0.7654143571853638,0.6488346599420096
18,8.205676078796387,-0.12823858857154846,0.7587529420852661,0.6384636102816961
18,8.22729206085205,-0.127340629696846,0.7522289752960205,0.6281486954690455
18,8.248952865600586,-0.12651337683200836,0.7458499073982239,0.6179322521545055
18,8.270660400390625,-0.12575875222682953,0.7396202683448792,0.6077860143432672
18,8.292413711547852,-0.1250789612531662,0.7335434556007385,0.5974580062051609
18,8.314212799072266,-0.1244753822684288,0.7276265025138855,0.5869498563799443
18,8.336057662963867,-0.12395070493221283,0.7218682765960693,0.5768577330886685
18,8.357938766479492,-0.12350823730230331,0.7162652015686035,0.5671987942356238
18,8.37977409362793,-0.12315266579389572,0.7108310461044312,0.5580129185671147
18,8.401540756225586,-0.12288680672645569,0.7055621147155762,0.5493402266215135
18,8.423230171203613,-0.12271271646022797,0.7004501223564148,0.5410095505493936
18,8.444840431213379,-0.12263042479753494,0.6954876184463501,0.53304833398717
18,8.466361999511719,-0.1226406916975975,0.6906639337539673,0.5257445475928073
18,8.487791061401367,-0.1227443665266037,0.6859676837921143,0.5190940157313249
18,8.509122848510742,-0.12294204533100128,0.6813879013061523,0.5130895735516238
18,8.530470848083496,-0.12323601543903351,0.6768896579742432,0.5076991133421342
18,8.551714897155762,-0.12362609803676605,0.6724879145622253,0.5029446381968017
18,8.57285213470459,-0.12411313503980637,0.668173611164093,0.49874336487285725
18,8.593887329101562,-0.12469492852687836,0.6639389395713806,0.4949025632605283
18,8.614830017089844,-0.1253703236579895,0.6597740054130554,0.49171322338761536
18,8.636608123779297,-0.1261732131242752,0.6554886102676392,0.48923538269631117
18,8.6588773727417,-0.12710049748420715,0.6511479616165161,0.4872550118373055
18,8.68104076385498,-0.12813252210617065,0.6468653082847595,0.48592454503740384
18,8.703180313110352,-0.12927277386188507,0.6426210403442383,0.48523515751076385
18,8.725292205810547,-0.1305207908153534,0.6384128928184509,0.4851552291142838
18,8.747371673583984,-0.13187460601329803,0.634239912033081,0.48548199642729456
18,8.769347190856934,-0.13332514464855194,0.6301157474517822,0.4862611690928387
18,8.791285514831543,-0.13487473130226135,0.62602698802948,0.4875539377750072
18,8.81318187713623,-0.13652203977108002,0.6219732165336609,0.4893344536676822
18,8.835033416748047,-0.13826552033424377,0.6179546117782593,0.49157256810889466
18,8.856837272644043,-0.1401028037071228,0.6139726042747498,0.4942447242987779
18,8.878541946411133,-0.1420261561870575,0.610038161277771,0.49729657844939956
18,8.900192260742188,-0.14403538405895233,0.6061448454856873,0.5005488141768126
18,8.921743392944336,-0.1461208611726761,0.6023017764091492,0.50395899661656
18,8.943302154541016,-0.14829005300998688,0.598491370677948,0.5076786099190372
18,8.964866638183594,-0.15054136514663696,0.5947156548500061,0.5117414322791053
18,8.986370086669922,-0.15286590158939362,0.5909910798072815,0.5162338159063724
18,9.007881164550781,-0.1552685648202896,0.5873092412948608,0.5209650515892771
18,9.029399871826172,-0.15774688124656677,0.5836727619171143,0.5258917737752463
18,9.050861358642578,-0.16028857231140137,0.5800937414169312,0.5306549778772043
18,9.072332382202148,-0.1628972738981247,0.5765619874000549,0.5355818483878372
18,9.09381103515625,-0.1655706912279129,0.5730796456336975,0.5406527197863593
18,9.115300178527832,-0.16830667853355408,0.5696486234664917,0.5458518952405752
18,9.136804580688477,-0.17110420763492584,0.5662693381309509,0.5511870331135221
18,9.158317565917969,-0.17396000027656555,0.562944769859314,0.5565210798844744
18,9.17978286743164,-0.17686150968074799,0.5596834421157837,0.5618336703517858
18,9.201201438903809,-0.17980483174324036,0.5564883351325989,0.5672921922985489
18,9.222631454467773,-0.18279588222503662,0.5533521771430969,0.5728162139313693
18,9.244071006774902,-0.18583281338214874,0.550276517868042,0.5783905943711818
18,9.265521049499512,-0.18891377747058868,0.5472628474235535,0.5840009932898003
18,9.286979675292969,-0.1920352280139923,0.5443115830421448,0.5894091961267062
18,9.3084077835083,-0.19518733024597168,0.5414284467697144,0.5948425805599429
18,9.329843521118164,-0.19837456941604614,0.5386093854904175,0.6003110674284262
18,9.351287841796875,-0.20159529149532318,0.5358567237854004,0.6059008993381422
18,9.372695922851562,-0.20484021306037903,0.5331793427467346,0.6115933172197411
18,9.394112586975098,-0.20811374485492706,0.5305728316307068,0.6171128781221106
18,9.415498733520508,-0.21140645444393158,0.528041422367096,0.6225860656301433
18,9.436893463134766,-0.21472300589084625,0.525581955909729,0.6280862128807344
18,9.458296775817871,-0.2180623561143875,0.5231959819793701,0.6336095937746106
18,9.479705810546875,-0.2214234173297882,0.5208849310874939,0.6391464603496083
18,9.501118659973145,-0.22480498254299164,0.5186504125595093,0.6446348232733207
18,9.522506713867188,-0.22819918394088745,0.5164956450462341,0.6500896291457876
18,9.54387092590332,-0.23160292208194733,0.5144218802452087,0.6555598090950135
18,9.565238952636719,-0.23502036929130554,0.5124266147613525,0.6610336288510404
18,9.5866117477417,-0.23845070600509644,0.5105105042457581,0.6665030055017349
18,9.607986450195312,-0.24189306795597076,0.5086740255355835,0.6719617492737242
18,9.629364013671875,-0.24534668028354645,0.5069174766540527,0.6774030246242351
18,9.650741577148438,-0.24881041049957275,0.5052404403686523,0.6827225414002654
18,9.672103881835938,-0.2522789537906647,0.5036429762840271,0.6880267626084767
18,9.693450927734375,-0.2557494044303894,0.5021249055862427,0.693361970047713
18,9.714799880981445,-0.25922366976737976,0.5006842613220215,0.698672233161179
18,9.736151695251465,-0.2627007067203522,0.49932006001472473,0.7039509252562326
18,9.7575044631958,-0.2661794126033783,0.498031347990036,0.7091918320380275
18,9.778858184814453,-0.26965874433517456,0.49681687355041504,0.7143889832908307
18,9.800212860107422,-0.27313753962516785,0.49567535519599915,0.7195435693512781
18,9.821571350097656,-0.27661511301994324,0.49460527300834656,0.7247103116584557
18,9.842924118041992,-0.28008702397346497,0.49360594153404236,0.7298918130756198
18,9.864279747009277,-0.28355300426483154,0.49267539381980896,0.7350109751895628
18,9.885636329650879,-0.2870118021965027,0.4918117821216583,0.7400497294354222
18,9.907000541687012,-0.29046300053596497,0.49101293087005615,0.7450101791690172
18,9.928363800048828,-0.2939039468765259,0.4902775287628174,0.749906079369948
18,9.949729919433594,-0.2973339557647705,0.48960357904434204,0.7546907148182488
18,9.971100807189941,-0.30075135827064514,0.4889891445636749,0.7594002426202746
18,9.992475509643555,-0.3041532337665558,0.48843255639076233,0.7641140429905788
18,10.013854026794434,-0.3075372874736786,0.48793214559555054,0.76873269796703
18,10.035236358642578,-0.31090208888053894,0.48748624324798584,0.7732508238314902
18,10.056623458862305,-0.31424620747566223,0.48709332942962646,0.7776639098884772
18,10.078015327453613,-0.3175680339336395,0.48675209283828735,0.781967945149134
18,10.099411010742188,-0.3208661377429962,0.486461341381073,0.78615951093394
18,10.12081241607666,-0.3241390585899353,0.4862200617790222,0.7902336696897748
18,10.142216682434082,-0.32738468050956726,0.48602738976478577,0.7942699891510695
18,10.163634300231934,-0.33060118556022644,0.4858822226524353,0.7982324320774254
18,10.185126304626465,-0.3337961733341217,0.4857839047908783,0.8021126449548609
18,10.20694351196289,-0.3370044231414795,0.4857320487499237,0.805953445223531
18,10.229662895202637,-0.34030604362487793,0.48572877049446106,0.8098425013793494
18,10.252388954162598,-0.3435673415660858,0.48577648401260376,0.8135872629147723
18,10.276817321777344,-0.34702619910240173,0.48588380217552185,0.8174825204835319
18,10.303467750549316,-0.3507431447505951,0.48606616258621216,0.8216051543827638
18,10.330126762390137,-0.35439997911453247,0.4863152801990509,0.8256192900630196
18,10.358757019042969,-0.3582576513290405,0.48665598034858704,0.8298157923289745
18,10.388557434082031,-0.3621961176395416,0.48709118366241455,0.8340378759032784
18,10.418367385864258,-0.3660568594932556,0.4876082241535187,0.8381492735212357
18,10.448628425598145,-0.36989447474479675,0.4882168769836426,0.8422259237048721
18,10.478897094726562,-0.373650461435318,0.4889099895954132,0.8461963596818934
18,10.509273529052734,-0.37733545899391174,0.4896898865699768,0.8501394827816812
18,10.539667129516602,-0.3809356689453125,0.4905533492565155,0.8539552016064768
18,10.570069313049316,-0.38444915413856506,0.49149903655052185,0.857675617948862
18,10.600478172302246,-0.3878757357597351,0.49252694845199585,0.8613425016769539
18,10.630892753601074,-0.3912154734134674,0.49363598227500916,0.8650038182550145
18,10.661314964294434,-0.3944685459136963,0.49482491612434387,0.8686388965219859
18,10.691742897033691,-0.3976350426673889,0.4960918426513672,0.8722689704185784
18,10.722176551818848,-0.4007152318954468,0.49743491411209106,0.875899194911457
18,10.752615928649902,-0.40370839834213257,0.4988507330417633,0.8795161185939279
18,10.783060073852539,-0.40661489963531494,0.5003373622894287,0.8831400429873469
18,10.813508987426758,-0.4094356596469879,0.5018936395645142,0.8867622876230165
18,10.843961715698242,-0.4121719002723694,0.5035188794136047,0.8903939886473314
18,10.874418258666992,-0.4148249328136444,0.5052124857902527,0.8940601090083893
18,10.904877662658691,-0.41739630699157715,0.5069738030433655,0.8977518379903447
18,10.93533992767334,-0.41988781094551086,0.5088021755218506,0.9015093523975686
18,10.965804100036621,-0.42230111360549927,0.5106967091560364,0.9053257579784345
18,10.996271133422852,-0.42463818192481995,0.5126563310623169,0.9092046394940162
18,11.026738166809082,-0.4269007742404938,0.5146792531013489,0.9131579702817003
18,11.057208061218262,-0.42909011244773865,0.5167630910873413,0.9168968392300328
18,11.087677955627441,-0.431208074092865,0.5189059376716614,0.9206693551265361
18,11.118148803710938,-0.43325698375701904,0.521106481552124,0.9245222079608348
18,11.148618698120117,-0.43524011969566345,0.5233632326126099,0.9284483365657327
18,11.179089546203613,-0.4371601939201355,0.5256746411323547,0.9325021500105574
18,11.20956039428711,-0.4390200674533844,0.5280387997627258,0.9366406070019401
18,11.240032196044922,-0.4408225119113922,0.5304533839225769,0.9408952637187599
18,11.270503997802734,-0.442569375038147,0.5329155921936035,0.9452618496558317
18,11.300982475280762,-0.4442634582519531,0.5354226231575012,0.9497248957045487
18,11.331485748291016,-0.4459074139595032,0.5379727482795715,0.9542813048849251
18,11.361988067626953,-0.44750145077705383,0.5405610799789429,0.9588239999139913
18,11.39255428314209,-0.4490501582622528,0.543189287185669,0.9631189955952294
18,11.423120498657227,-0.45055142045021057,0.5458505153656006,0.967348461879021
18,11.453824996948242,-0.4520140290260315,0.5485565066337585,0.97163405712741
18,11.484776496887207,-0.4534442722797394,0.5513176918029785,0.9761262806139277
18,11.515727043151855,-0.4548320770263672,0.5541120767593384,0.9804670749660177
18,11.551934242248535,-0.4564070999622345,0.5574219226837158,0.9854992460097926
18,11.588141441345215,-0.4579266309738159,0.5607693195343018,0.9881315110875617
18,11.653769493103027,-0.4605434238910675,0.5669187903404236,0.9957754339424449
18,11.719388008117676,-0.46303215622901917,0.5732153654098511,1.003617671971985
18,11.79073429107666,-0.46565625071525574,0.5802944898605347,1.0060993040451987
18,11.919731140136719,-0.47046351432800293,0.5940864682197571,1.01135041463824
18,12.048598289489746,-0.47523263096809387,0.6090484261512756,1.020973765012196
18,12.16963005065918,-0.47939786314964294,0.6235413551330566,1.0332822296176463
18,12.291094779968262,-0.48283782601356506,0.6368862390518188,1.042561005602833
18,12.370711326599121,-0.4845910966396332,0.6445010304450989,1.044786287207711
18,12.492756843566895,-0.4860322177410126,0.6529611945152283,1.03594151137626
19,0.09258799254894257,-1.4381572008132935,3.124850273132324,1.0087646552521243
19,0.19522881507873535,-1.4381388425827026,3.1085095405578613,1.0077941009307407
19,0.3001430630683899,-1.4381670951843262,3.0898101329803467,1.0063393990542875
19,0.40466293692588806,-1.4382482767105103,3.069018602371216,1.003002710942736
19,0.5129268169403076,-1.4383906126022339,3.045222520828247,0.998381919163284
19,0.6250746846199036,-1.4386001825332642,3.018418550491333,0.9905255797273372
19,0.7367770671844482,-1.438869833946228,2.989811420440674,0.9800765644588774
19,0.851597249507904,-1.4391969442367554,2.959371328353882,0.9674086135366612
19,0.9662646055221558,-1.439570426940918,2.9283597469329834,0.9525876921783354
19,1.082939863204956,-1.4399945735931396,2.8966407775878906,0.9365624093971712
19,1.2006639242172241,-1.4404691457748413,2.864871025085449,0.9192931967096406
19,1.3185172080993652,-1.4409931898117065,2.833585023880005,0.9016933229170824
19,1.436971664428711,-1.4415725469589233,2.803051710128784,0.8834809974367417
19,1.5557156801223755,-1.4422088861465454,2.773667335510254,0.8661324230196535
19,1.6749438047409058,-1.4429062604904175,2.745802402496338,0.8490109324782366
19,1.7946417331695557,-1.4436664581298828,2.71991229057312,0.8335632298083184
19,1.9148244857788086,-1.4444916248321533,2.696380376815796,0.8201140026624023
19,2.0355312824249268,-1.4453805685043335,2.6756880283355713,0.8089222749451416
19,2.156738758087158,-1.4463310241699219,2.6581733226776123,0.802690265425687
19,2.278395414352417,-1.4473378658294678,2.6441171169281006,0.7993693885143833
19,2.400406837463379,-1.448394536972046,2.633577585220337,0.8010243467877165
19,2.5226688385009766,-1.449495553970337,2.6265151500701904,0.8065296318030215
19,2.645073175430298,-1.4506345987319946,2.6226274967193604,0.8149603625769488
19,2.7675352096557617,-1.4518084526062012,2.621553659439087,0.8270450085391712
19,2.8899948596954346,-1.4530150890350342,2.622866153717041,0.8402920309665002
19,3.012420892715454,-1.4542572498321533,2.6260437965393066,0.8547486921678609
19,3.134798049926758,-1.4555370807647705,2.6307437419891357,0.869356257047661
19,3.257129192352295,-1.4568613767623901,2.6365115642547607,0.8838779139475882
19,3.3794209957122803,-1.4582380056381226,2.6430537700653076,0.8975059271111977
19,3.5016815662384033,-1.4596740007400513,2.6501431465148926,0.9104503490846154
19,3.6239233016967773,-1.4611824750900269,2.6575381755828857,0.9225034097399762
19,3.746152639389038,-1.4627721309661865,2.665116310119629,0.9332560338314981
19,3.868358850479126,-1.4644567966461182,2.6727283000946045,0.9433588921911826
19,3.9903481006622314,-1.466249704360962,2.6802663803100586,0.9520861911081747
19,4.112342834472656,-1.4681657552719116,2.687688112258911,0.9600044002693995
19,4.233254909515381,-1.470207929611206,2.694871425628662,0.9671211041546494
19,4.354175567626953,-1.472408652305603,2.7018673419952393,0.9730440106393371
19,4.471862316131592,-1.474722981452942,2.708481550216675,0.9783350977899995
19,4.583224296569824,-1.4770920276641846,2.714564561843872,0.9826633317543103
19,4.6945905685424805,-1.4796526432037354,2.7204833030700684,0.9863952382213129
19,4.7974982261657715,-1.4822111129760742,2.725815534591675,0.9894885548545451
19,4.892528057098389,-1.4847569465637207,2.7306337356567383,0.9920151676773641
19,4.982370853424072,-1.487342119216919,2.7351057529449463,0.9940486137031284
19,5.072212219238281,-1.4901164770126343,2.739506483078003,0.9957990315259211
19,5.159619331359863,-1.4930137395858765,2.743729591369629,0.9972795004500369
19,5.246237754821777,-1.496094822883606,2.747868776321411,0.9985459682620593
19,5.332694053649902,-1.4993973970413208,2.7519679069519043,0.9996395465304074
19,5.419127464294434,-1.5029464960098267,2.7560484409332275,1.000590267064684
19,5.505549430847168,-1.5067650079727173,2.7601280212402344,1.0014254653669434
19,5.591957092285156,-1.5108773708343506,2.7642247676849365,1.0021609354972312
19,5.678347110748291,-1.5153088569641113,2.768357038497925,1.0028428707163446
19,5.764716148376465,-1.5200859308242798,2.7725448608398438,1.0035217986329787
19,5.851059436798096,-1.525238037109375,2.7768094539642334,1.004242075366689
19,5.937368869781494,-1.5307941436767578,2.781172513961792,1.0050508382526895
19,6.0236310958862305,-1.5367839336395264,2.7856552600860596,1.0060012177073765
19,6.110378742218018,-1.5432778596878052,2.7903079986572266,1.0071651314411136
19,6.198690414428711,-1.550403356552124,2.7952141761779785,1.008661799689498
19,6.2849812507629395,-1.5578832626342773,2.8001883029937744,1.01039987057499
19,6.372537612915039,-1.5660059452056885,2.8054709434509277,1.012559399211385
19,6.462987422943115,-1.5749716758728027,2.81136417388916,1.0158017978914178
19,6.4885358810424805,-1.5776084661483765,2.813164234161377,1.0167601143351253
19,6.5121026039123535,-1.5800840854644775,2.8148772716522217,1.017577626278507
19,6.535634517669678,-1.5825984477996826,2.816622734069824,1.0183935768938113
19,6.559159755706787,-1.585155725479126,2.8183884620666504,1.019241305807268
19,6.5826215744018555,-1.5877512693405151,2.8201591968536377,1.0201306948318238
19,6.606154918670654,-1.5904024839401245,2.8219399452209473,1.0210773152926869
19,6.629776954650879,-1.593113660812378,2.823730230331421,1.022090818442874
19,6.6534905433654785,-1.5958863496780396,2.8255321979522705,1.023178280592566
19,6.677293300628662,-1.5987204313278198,2.827348470687866,1.024344104237082
19,6.701179504394531,-1.6016151905059814,2.8291828632354736,1.0255867400522496
19,6.724883079528809,-1.6045374870300293,2.8310177326202393,1.0268912577756637
19,6.748659610748291,-1.6075177192687988,2.8328752517700195,1.0282711857281193
19,6.772804260253906,-1.6105931997299194,2.83478045463562,1.029737798360196
19,6.797028541564941,-1.613727331161499,2.8367116451263428,1.0312706598886903
19,6.821245193481445,-1.6169085502624512,2.8386623859405518,1.0329002795512254
19,6.845255374908447,-1.6201097965240479,2.840616226196289,1.03458860847025
19,6.8693156242370605,-1.6233646869659424,2.8425939083099365,1.0363572450980685
19,6.893420219421387,-1.626672387123108,2.844595193862915,1.038205255662537
19,6.917230129241943,-1.6299855709075928,2.8465914726257324,1.0401084557109772
19,6.941076278686523,-1.6333491802215576,2.8486104011535645,1.0420958324246932
19,6.964953899383545,-1.636762261390686,2.8506522178649902,1.0441693893832418
19,6.988857269287109,-1.6402239799499512,2.8527166843414307,1.0463308294039397
19,7.012782573699951,-1.6437333822250366,2.8548038005828857,1.0485820398180694
19,7.03672981262207,-1.6472902297973633,2.8569135665893555,1.0509247017105885
19,7.060693264007568,-1.6508930921554565,2.859046220779419,1.0533588944623857
19,7.084425926208496,-1.6545041799545288,2.8611791133880615,1.0558581138321135
19,7.1081671714782715,-1.6581586599349976,2.8633337020874023,1.0584487899680681
19,7.131911754608154,-1.6618552207946777,2.865509271621704,1.0611305132069935
19,7.155654430389404,-1.6655927896499634,2.8677051067352295,1.0639014620870244
19,7.179311752319336,-1.669357180595398,2.8699121475219727,1.0667496758563484
19,7.2029595375061035,-1.6731595993041992,2.8721368312835693,1.0696834925578018
19,7.226593494415283,-1.676998496055603,2.874377727508545,1.0726999423946721
19,7.2499799728393555,-1.6808346509933472,2.8766119480133057,1.0757648258439751
19,7.273346424102783,-1.6847038269042969,2.878859758377075,1.0789056902557315
19,7.296689987182617,-1.6886043548583984,2.8811192512512207,1.082141225224493
19,7.320026397705078,-1.6925374269485474,2.8833906650543213,1.0853848643747055
19,7.343626022338867,-1.696547508239746,2.8856990337371826,1.0887632086501982
19,7.367056369781494,-1.700560450553894,2.8880012035369873,1.0922197007254335
19,7.3899383544921875,-1.704508900642395,2.8902580738067627,1.0956959331972347
19,7.4126105308532715,-1.7084484100341797,2.892500638961792,1.099125729439781
19,7.435514450073242,-1.7124536037445068,2.8947699069976807,1.1026931062086633
19,7.458388328552246,-1.716477870941162,2.897037982940674,1.1063525076001763
19,7.481229782104492,-1.7205190658569336,2.8993029594421387,1.1101098336815571
19,7.504035472869873,-1.7245746850967407,2.901561975479126,1.1139802598869275
19,7.526803016662598,-1.7286423444747925,2.903812885284424,1.1179540346965247
19,7.549325466156006,-1.732682704925537,2.9060332775115967,1.122007496449274
19,7.572061061859131,-1.736775279045105,2.9082655906677246,1.1262740680461334
19,7.594742774963379,-1.740869164466858,2.9104807376861572,1.130693806059911
19,7.61737060546875,-1.744960904121399,2.9126758575439453,1.135250147620882
19,7.63938570022583,-1.7489449977874756,2.9147939682006836,1.1399294084909393
19,7.6613664627075195,-1.752922773361206,2.9168872833251953,1.1448302879207162
19,7.683294773101807,-1.7568854093551636,2.9189510345458984,1.149751631272101
19,7.705247402191162,-1.760840654373169,2.920987844467163,1.1548574481953338
19,7.727222919464111,-1.7647812366485596,2.922992706298828,1.1601402241143353
19,7.74920654296875,-1.7686960697174072,2.924959421157837,1.1655279218929826
19,7.771173000335693,-1.7725712060928345,2.926880359649658,1.1709309606558151
19,7.793120384216309,-1.77639639377594,2.928750991821289,1.1762412016527715
19,7.814863681793213,-1.7801294326782227,2.9305529594421387,1.1812703619338882
19,7.836588382720947,-1.7837938070297241,2.932300090789795,1.18592944268218
19,7.858293533325195,-1.7873823642730713,2.9339935779571533,1.1900478877516314
19,7.879981994628906,-1.7908936738967896,2.935638427734375,1.193507706217084
19,7.901642322540283,-1.7943296432495117,2.9372406005859375,1.1962953169318424
19,7.9232707023620605,-1.7976953983306885,2.938805103302002,1.1984042815194347
19,7.944910526275635,-1.8010021448135376,2.940337657928467,1.200051463589426
19,7.966290473937988,-1.804212212562561,2.9418184757232666,1.2014646003305431
19,7.987666130065918,-1.807368278503418,2.9432637691497803,1.202799461364989
19,8.00904655456543,-1.8104749917984009,2.9446732997894287,1.204140312875951
19,8.030435562133789,-1.8135359287261963,2.9460458755493164,1.20555106303686
19,8.051833152770996,-1.8165534734725952,2.9473793506622314,1.2070755515578777
19,8.07323932647705,-1.8195288181304932,2.94867205619812,1.208739023877617
19,8.094654083251953,-1.8224619626998901,2.9499216079711914,1.210540009568552
19,8.116077423095703,-1.8253521919250488,2.9511256217956543,1.2124429512483064
19,8.137508392333984,-1.828197717666626,2.9522817134857178,1.214345727167557
19,8.15894889831543,-1.8309966325759888,2.953388214111328,1.2162820873207858
19,8.180398941040039,-1.8337470293045044,2.95444393157959,1.2182170018527159
19,8.20185661315918,-1.8364473581314087,2.9554481506347656,1.2201157674092415
19,8.223322868347168,-1.8390966653823853,2.9564015865325928,1.2219324116183747
19,8.24479866027832,-1.8416945934295654,2.9573047161102295,1.2236351982853204
19,8.266282081604004,-1.8442413806915283,2.9581596851348877,1.2252264139540285
19,8.287772178649902,-1.8467379808425903,2.958967924118042,1.2267085420367427
19,8.309270858764648,-1.8491859436035156,2.9597315788269043,1.2280947156126485
19,8.33077621459961,-1.8515870571136475,2.9604525566101074,1.2293468792200206
19,8.352287292480469,-1.8539434671401978,2.961132526397705,1.2305250155874219
19,8.373804092407227,-1.8562573194503784,2.961773157119751,1.2316953125356456
19,8.395326614379883,-1.8585302829742432,2.9623754024505615,1.2329068532717655
19,8.416853904724121,-1.8607639074325562,2.962939500808716,1.2341985826429813
19,8.438386917114258,-1.8629590272903442,2.963465929031372,1.23560002470211
19,8.45992374420166,-1.8651158809661865,2.963954210281372,1.237134359375171
19,8.481466293334961,-1.8672337532043457,2.9644033908843994,1.2388167069551244
19,8.503012657165527,-1.8693110942840576,2.9648125171661377,1.2406543515257142
19,8.524564743041992,-1.8713451623916626,2.9651801586151123,1.2426480048921567
19,8.546121597290039,-1.8733329772949219,2.9655046463012695,1.244804585315967
19,8.567683219909668,-1.8752707242965698,2.9657843112945557,1.2470743851909045
19,8.589250564575195,-1.8771547079086304,2.966017961502075,1.249384246335893
19,8.610823631286621,-1.8789807558059692,2.9662041664123535,1.2517670552495528
19,8.632401466369629,-1.8807449340820312,2.9663426876068115,1.2541942634480547
19,8.653985023498535,-1.8824436664581299,2.966432809829712,1.2566359278851238
19,8.67557430267334,-1.8840736150741577,2.966475248336792,1.2590621841691243
19,8.697168350219727,-1.8856323957443237,2.966470718383789,1.261433368377085
19,8.718768119812012,-1.887117624282837,2.9664201736450195,1.2637260660657395
19,8.740372657775879,-1.8885281085968018,2.966325283050537,1.2659255619669316
19,8.761981964111328,-1.8898624181747437,2.9661879539489746,1.2680207735512656
19,8.783595085144043,-1.8911200761795044,2.9660093784332275,1.270005986049259
19,8.805212020874023,-1.8923006057739258,2.965792179107666,1.2718802193007681
19,8.826833724975586,-1.8934040069580078,2.9655375480651855,1.273646623379346
19,8.848458290100098,-1.8944300413131714,2.96524715423584,1.2753029202324402
19,8.870085716247559,-1.8953784704208374,2.9649224281311035,1.2768577603783982
19,8.891715049743652,-1.8962489366531372,2.964564561843872,1.2783283615491057
19,8.913348197937012,-1.897040605545044,2.9641737937927246,1.279724116572515
19,8.934983253479004,-1.8977525234222412,2.9637510776519775,1.2810500772419722
19,8.956619262695312,-1.8983827829360962,2.9632959365844727,1.2823079077110602
19,8.978257179260254,-1.8989295959472656,2.962808609008789,1.2834964043576698
19,8.999897003173828,-1.8993902206420898,2.9622883796691895,1.2846098358487983
19,9.021536827087402,-1.8997619152069092,2.9617345333099365,1.285616302606536
19,9.043177604675293,-1.9000415802001953,2.961146354675293,1.28651716774084
19,9.064818382263184,-1.90022611618042,2.9605231285095215,1.2872936299507125
19,9.086459159851074,-1.900312066078186,2.9598636627197266,1.287930000356227
19,9.108098983764648,-1.9002964496612549,2.959167242050171,1.2884058792832185
19,9.129735946655273,-1.9001764059066772,2.958432912826538,1.2887012125294282
19,9.151371955871582,-1.8999497890472412,2.957660436630249,1.2887955761214194
19,9.173004150390625,-1.8996144533157349,2.9568495750427246,1.2886368245576132
19,9.194634437561035,-1.8991695642471313,2.9560000896453857,1.288216892613205
19,9.216259002685547,-1.8986142873764038,2.9551124572753906,1.2875469166923255
19,9.237879753112793,-1.8979486227035522,2.9541871547698975,1.2866207652109036
19,9.25949478149414,-1.8971736431121826,2.9532246589660645,1.2854364243413166
19,9.28110408782959,-1.8962903022766113,2.952225923538208,1.2839948740628897
19,9.30270767211914,-1.8953006267547607,2.9511919021606445,1.2823004044307222
19,9.324304580688477,-1.8942068815231323,2.9501235485076904,1.280349551631605
19,9.345893859863281,-1.8930116891860962,2.949021339416504,1.278125825689579
19,9.367475509643555,-1.8917176723480225,2.9478862285614014,1.2756819844426721
19,9.389049530029297,-1.89032781124115,2.946718454360962,1.2730288739773787
19,9.410615921020508,-1.8888453245162964,2.9455180168151855,1.270176207849109
19,9.432174682617188,-1.8872731924057007,2.944284439086914,1.2671327480687393
19,9.453723907470703,-1.8856145143508911,2.94301700592041,1.2639062938143135
19,9.475265502929688,-1.883872389793396,2.9417147636413574,1.260503423905493
19,9.496797561645508,-1.8820499181747437,2.940376043319702,1.2569000188926107
19,9.518320083618164,-1.8801504373550415,2.9389994144439697,1.2531219396413167
19,9.539834022521973,-1.878177285194397,2.9375827312469482,1.249181971537803
19,9.561339378356934,-1.8761343955993652,2.936123847961426,1.2450880060694813
19,9.582834243774414,-1.874025583267212,2.9346210956573486,1.2408317457769213
19,9.604320526123047,-1.871854543685913,2.9330735206604004,1.236415930339346
19,9.6257963180542,-1.8696260452270508,2.9314792156219482,1.2318668389741723
19,9.647263526916504,-1.8673452138900757,2.9298367500305176,1.2271850330013718
19,9.668722152709961,-1.8650177717208862,2.928144931793213,1.222401599944243
19,9.69017219543457,-1.86264967918396,2.926403045654297,1.2175384354664307
19,9.711614608764648,-1.8602478504180908,2.9246103763580322,1.212615713292979
19,9.733049392700195,-1.857818841934204,2.922767162322998,1.2076543625629115
19,9.754477500915527,-1.8553698062896729,2.9208738803863525,1.2026759298610623
19,9.775899887084961,-1.852907657623291,2.918930768966675,1.1977019938761921
19,9.797317504882812,-1.8504393100738525,2.9169392585754395,1.1927635886914718
19,9.818730354309082,-1.8479713201522827,2.914900064468384,1.1878252563151743
19,9.840139389038086,-1.8455098867416382,2.912815570831299,1.1829288641476814
19,9.86154556274414,-1.8430616855621338,2.910686731338501,1.1781130495227286
19,9.882948875427246,-1.8406330347061157,2.908514976501465,1.1733898978285116
19,9.904352188110352,-1.838229775428772,2.906301975250244,1.1687697404568278
19,9.925753593444824,-1.8358577489852905,2.9040489196777344,1.1642607980562985
19,9.947155952453613,-1.833522081375122,2.9017579555511475,1.15988721429736
19,9.968558311462402,-1.8312278985977173,2.8994300365448,1.1556414762403235
19,9.989961624145508,-1.8289796113967896,2.8970675468444824,1.1515222192439658
19,10.011366844177246,-1.8267821073532104,2.894672393798828,1.1475323158623356
19,10.032773971557617,-1.824639081954956,2.8922464847564697,1.1436647985737294
19,10.054183959960938,-1.8225539922714233,2.889791965484619,1.1398874101007286
19,10.075596809387207,-1.8205305337905884,2.8873116970062256,1.1362374258484476
19,10.097012519836426,-1.8185714483261108,2.884807825088501,1.1327439003396438
19,10.11843204498291,-1.8166794776916504,2.8822829723358154,1.129390373689243
19,10.13985538482666,-1.814856767654419,2.87973952293396,1.1261689960515437
19,10.161290168762207,-1.8131048679351807,2.8771793842315674,1.1230712226170543
19,10.182798385620117,-1.8114203214645386,2.8745970726013184,1.1200817978573308
19,10.204632759094238,-1.8097869157791138,2.871964693069458,1.1171657361186724
19,10.227367401123047,-1.8081681728363037,2.8692145347595215,1.1142792612694208
19,10.250107765197754,-1.806632161140442,2.866456985473633,1.1115672736304159
19,10.274551391601562,-1.8050721883773804,2.86348819732666,1.108780018304368
19,10.301217079162598,-1.8034747838974,2.8602490425109863,1.10589710867164
19,10.327889442443848,-1.8019835948944092,2.857011556625366,1.1031767269859123
19,10.35653305053711,-1.8004974126815796,2.8535423278808594,1.1003473296171657
19,10.386345863342285,-1.799072504043579,2.8499443531036377,1.0975133156721506
19,10.416167259216309,-1.797768473625183,2.8463616371154785,1.0947368417264138
19,10.446436882019043,-1.7965620756149292,2.8427467346191406,1.0919785349099942
19,10.476714134216309,-1.7954685688018799,2.8391551971435547,1.0892325172416346
19,10.507097244262695,-1.7944786548614502,2.8355793952941895,1.086485157284177
19,10.537496566772461,-1.7935880422592163,2.8320329189300537,1.0837084710750438
19,10.567902565002441,-1.7927922010421753,2.828518867492676,1.0808929421807856
19,10.59831428527832,-1.7920829057693481,2.825039863586426,1.0780552522931113
19,10.628732681274414,-1.7914549112319946,2.8215975761413574,1.0751091213549233
19,10.65915584564209,-1.7909023761749268,2.8181936740875244,1.072134177717975
19,10.68958568572998,-1.7904189825057983,2.814828634262085,1.069077702624382
19,10.720020294189453,-1.7900010347366333,2.8115034103393555,1.0659479301038008
19,10.750459671020508,-1.7896422147750854,2.808218240737915,1.0627882944793594
19,10.780904769897461,-1.7893385887145996,2.8049731254577637,1.0595429521362598
19,10.81135368347168,-1.789086103439331,2.801767110824585,1.0562847523443502
19,10.84180736541748,-1.7888799905776978,2.7985990047454834,1.052994103148574
19,10.872265815734863,-1.78871750831604,2.7954678535461426,1.0496906464071976
19,10.902726173400879,-1.7885940074920654,2.7923715114593506,1.0463855853687907
19,10.933191299438477,-1.7885061502456665,2.7893078327178955,1.0430916625958628
19,10.963659286499023,-1.7884509563446045,2.7862749099731445,1.0398184423148331
19,10.99413013458252,-1.7884247303009033,2.7832696437835693,1.0365700726443785
19,11.024603843688965,-1.7884249687194824,2.780289649963379,1.0333812244201477
19,11.055079460144043,-1.788448452949524,2.777332067489624,1.0302210545145603
19,11.085556030273438,-1.7884924411773682,2.7743935585021973,1.0271408715743242
19,11.116035461425781,-1.7885549068450928,2.771472215652466,1.024120581533975
19,11.146514892578125,-1.7886329889297485,2.768564462661743,1.0211527790642794
19,11.176996231079102,-1.7887248992919922,2.7656679153442383,1.018303841191229
19,11.207478523254395,-1.7888284921646118,2.76278018951416,1.0155056377486762
19,11.23796272277832,-1.788941740989685,2.7598984241485596,1.012820311185801
19,11.268447875976562,-1.7890630960464478,2.757021427154541,1.0102311007952907
19,11.298940658569336,-1.7891907691955566,2.754146099090576,1.0077017800582013
19,11.32943344116211,-1.789323329925537,2.7512717247009277,1.0053416997108793
19,11.359951972961426,-1.789459466934204,2.7483949661254883,1.0030402219706795
19,11.390534400939941,-1.789597988128662,2.7455108165740967,1.000855479432829
19,11.421116828918457,-1.7897379398345947,2.7426247596740723,0.9988094246262933
19,11.451839447021484,-1.7898794412612915,2.7397232055664062,0.9968238972125126
19,11.482810020446777,-1.790022373199463,2.736795425415039,0.9950151502992507
19,11.513781547546387,-1.7901651859283447,2.7338643074035645,0.9932859280209048
19,11.550040245056152,-1.7903279066085815,2.730422019958496,0.9914111317198883
19,11.586297035217285,-1.7904826402664185,2.726964235305786,0.9897771161406567
19,11.651988983154297,-1.7907434701919556,2.7206742763519287,0.987103038604911
19,11.717679023742676,-1.7909687757492065,2.714362382888794,0.9851708359867045
19,11.789191246032715,-1.7911547422409058,2.7074832916259766,0.9833289036954572
19,11.918427467346191,-1.7912389039993286,2.6950595378875732,0.9814627003556986
19,12.004331588745117,-1.7910993099212646,2.6868343353271484,0.9811577720740481
20,0.9396941065788269,1.455425500869751,3.0339527130126953,0.9587053086094637
20,1.056770920753479,1.4557918310165405,3.0037496089935303,0.9441434612818124
20,1.1748894453048706,1.4561957120895386,2.973478078842163,0.9285201085231561
20,1.2931313514709473,1.4566348791122437,2.9436933994293213,0.9125453956883036
20,1.4119571447372437,1.4571123123168945,2.9146370887756348,0.8963479631196482
20,1.5310359001159668,1.4576281309127808,2.8866372108459473,0.8806883694862082
20,1.6505554914474487,1.4581845998764038,2.8600454330444336,0.8651464955217466
20,1.7704780101776123,1.4587832689285278,2.8352103233337402,0.8518380891712799
20,1.890815258026123,1.4594260454177856,2.8124730587005615,0.8394469968482098
20,2.0115952491760254,1.4601150751113892,2.7921993732452393,0.829628333540376
20,2.132802963256836,1.4608515501022339,2.7746689319610596,0.8231602889100655
20,2.2544047832489014,1.4616369009017944,2.760124444961548,0.8190384171390304
20,2.376333713531494,1.4624720811843872,2.7486414909362793,0.8199267360487286
20,2.498511552810669,1.4633575677871704,2.7402126789093018,0.8233305319931465
20,2.620852470397949,1.4642952680587769,2.734628677368164,0.8298113966561285
20,2.7432854175567627,1.4652856588363647,2.7316770553588867,0.8390969080148539
20,2.8657517433166504,1.4663312435150146,2.730989694595337,0.8497823276104991
20,2.9882144927978516,1.4674354791641235,2.7321784496307373,0.8620386815629252
20,3.110651731491089,1.4686012268066406,2.7349348068237305,0.8746450216954814
20,3.2330565452575684,1.4698349237442017,2.738867998123169,0.8874496311323683
20,3.3554270267486572,1.4711416959762573,2.7437360286712646,0.8998222144583538
20,3.4777679443359375,1.4725288152694702,2.7492783069610596,0.9118512219514596
20,3.6000864505767822,1.4740067720413208,2.7552764415740967,0.9230786359059475
20,3.7223877906799316,1.475582480430603,2.7615950107574463,0.9335347765275626
20,3.8446593284606934,1.4772698879241943,2.7680673599243164,0.9434391489386108
20,3.966925859451294,1.4790810346603394,2.7746059894561768,0.9521038165858682
20,4.088972091674805,1.48102605342865,2.7811152935028076,0.9602512930080177
20,4.2099289894104,1.4831079244613647,2.787485122680664,0.9674773995203588
20,4.330888748168945,1.4853559732437134,2.793747663497925,0.9739071377161209
20,4.448609352111816,1.487724781036377,2.799708843231201,0.979731727306459
20,4.559999942779541,1.4901490211486816,2.80522084236145,0.9845150232782663
20,4.67139196395874,1.4927667379379272,2.81060528755188,0.9889499041397326
20,4.774322032928467,1.495377779006958,2.8154683113098145,0.992748354496812
20,4.869370460510254,1.497969388961792,2.8198676109313965,0.9959449737271855
20,4.964417457580566,1.5007493495941162,2.8241841793060303,0.9988925553859355
20,5.0542755126953125,1.5035659074783325,2.8281946182250977,1.0014795695624212
20,5.141699314117432,1.5064963102340698,2.8320348262786865,1.0038258744794364
20,5.228334426879883,1.509598731994629,2.8357863426208496,1.0060165426366305
20,5.3148088455200195,1.5129066705703735,2.839484214782715,1.0081069108434022
20,5.401261806488037,1.516440510749817,2.8431432247161865,1.0101448825897954
20,5.487705707550049,1.5202168226242065,2.846773624420166,1.0121496838371742
20,5.574138641357422,1.5242522954940796,2.8503856658935547,1.0141710100566521
20,5.660558700561523,1.5285637378692627,2.853989362716675,1.0162489602562106
20,5.7469635009765625,1.5331693887710571,2.857595920562744,1.0184262244749447
20,5.833349704742432,1.5380858182907104,2.8612160682678223,1.0207491398302424
20,5.919712066650391,1.5433292388916016,2.8648602962493896,1.023268216122858
20,6.006039619445801,1.5489132404327393,2.8685381412506104,1.0260380962275364
20,6.092425346374512,1.5548570156097412,2.8722634315490723,1.0291253351789198
20,6.178667068481445,1.5611560344696045,2.87603497505188,1.0326516314692262
20,6.264825344085693,1.5678168535232544,2.8798604011535645,1.036508650731725
20,6.351612567901611,1.5748859643936157,2.883800983428955,1.0407797216963695
20,6.438363075256348,1.58226478099823,2.887986183166504,1.0457434224082125
20,6.487401962280273,1.5865414142608643,2.8905816078186035,1.048866659178306
20,6.510737419128418,1.5886019468307495,2.891883134841919,1.0501970472922424
20,6.533912181854248,1.5906658172607422,2.8931972980499268,1.0514969583372602
20,6.557129859924316,1.592751383781433,2.8945207595825195,1.0528225343369086
20,6.580345630645752,1.594855546951294,2.895841360092163,1.0541693082344177
20,6.603641986846924,1.5969860553741455,2.897157669067383,1.0555515639498736
20,6.627035617828369,1.5991448163986206,2.898468017578125,1.0569761685979868
20,6.6505303382873535,1.6013319492340088,2.899773359298706,1.0584437545496566
20,6.67385721206665,1.6035213470458984,2.9010608196258545,1.0599346850065952
20,6.69727897644043,1.6057367324829102,2.9023478031158447,1.0614613062423959
20,6.720789432525635,1.6079764366149902,2.9036362171173096,1.063018524747106
20,6.744382858276367,1.610239028930664,2.904928207397461,1.0646030139984723
20,6.768054485321045,1.6125231981277466,2.9062249660491943,1.0662127493082958
20,6.792052745819092,1.6148524284362793,2.907541275024414,1.0678518388084812
20,6.816050052642822,1.6171940565109253,2.9088597297668457,1.0694964721743863
20,6.840129852294922,1.6195555925369263,2.9101850986480713,1.0711753242623618
20,6.864054203033447,1.621912956237793,2.9115045070648193,1.0728497126912102
20,6.888035297393799,1.62428617477417,2.9128293991088867,1.074530161114561
20,6.912066459655762,1.626673936843872,2.9141595363616943,1.0762173078535744
20,6.93588924407959,1.6290496587753296,2.915480613708496,1.0778908380693748
20,6.95975399017334,1.6314376592636108,2.916806221008301,1.0795653295210705
20,6.983654975891113,1.6338367462158203,2.9181363582611084,1.0812383076520153
20,7.0074896812438965,1.6362359523773193,2.9194655418395996,1.0829005913307062
20,7.03135347366333,1.6386443376541138,2.9207987785339355,1.0845570486202476
20,7.055245399475098,1.6410613059997559,2.9221365451812744,1.0862056305620846
20,7.079160213470459,1.6434860229492188,2.923478603363037,1.0878443986082835
20,7.103092670440674,1.645917534828186,2.9248244762420654,1.0894714204731053
20,7.12703800201416,1.6483551263809204,2.9261741638183594,1.0910850121701363
20,7.1509904861450195,1.6507980823516846,2.92752742767334,1.0926855185803772
20,7.174705982208252,1.6532213687896729,2.92887020111084,1.0942577102866617
20,7.198421478271484,1.655648946762085,2.93021559715271,1.0958151372752256
20,7.222132682800293,1.6580806970596313,2.93156361579895,1.0973581369460077
20,7.245843410491943,1.6605168581008911,2.9329140186309814,1.0988920208999018
20,7.269545555114746,1.662956953048706,2.9342663288116455,1.1004186453266513
20,7.293233871459961,1.6654009819030762,2.9356203079223633,1.1019422301445605
20,7.316904544830322,1.6678489446640015,2.9369754791259766,1.1034271534288431
20,7.340860843658447,1.6703331470489502,2.9383490085601807,1.1049378919367059
20,7.364654064178467,1.672808289527893,2.9397149085998535,1.106462788586304
20,7.388064861297607,1.6752527952194214,2.9410600662231445,1.1079897557156457
20,7.4110026359558105,1.6776580810546875,2.9423773288726807,1.109483593302874
20,7.434248447418213,1.680106520652771,2.9437100887298584,1.1110618021738663
20,7.457467079162598,1.682563304901123,2.9450366497039795,1.1127210264881102
20,7.480655193328857,1.685028076171875,2.9463555812835693,1.1144562078407365
20,7.503809928894043,1.6875005960464478,2.9476659297943115,1.1162700140282755
20,7.5269269943237305,1.6899807453155518,2.9489662647247314,1.118171408645572
20,7.550003528594971,1.6924681663513184,2.950256109237671,1.1201747449355712
20,7.573037147521973,1.694962978363037,2.9515345096588135,1.122299096270686
20,7.596024990081787,1.6974648237228394,2.952800989151001,1.1245697868417308
20,7.618967056274414,1.699973702430725,2.9540553092956543,1.1270163576065488
20,7.641864776611328,1.7024896144866943,2.955296754837036,1.1296465192536311
20,7.664522647857666,1.7049901485443115,2.956514835357666,1.1324794253856534
20,7.687134265899658,1.7074953317642212,2.957718849182129,1.135564887594678
20,7.70969820022583,1.7100030183792114,2.9589076042175293,1.1389300806294451
20,7.7323784828186035,1.7125277519226074,2.9600882530212402,1.1425627099919167
20,7.755059719085693,1.7150520086288452,2.961251974105835,1.1465596971019303
20,7.777547836303711,1.7175475358963013,2.962385892868042,1.1509245989730534
20,7.799676418304443,1.7199872732162476,2.963477611541748,1.1553554420050105
20,7.8220720291137695,1.722428798675537,2.964552640914917,1.1600143160004062
20,7.844779014587402,1.7248611450195312,2.965604543685913,1.1647218367314132
20,7.867012023925781,1.7271841764450073,2.9665892124176025,1.169105814446616
20,7.889022350311279,1.7294104099273682,2.9675111770629883,1.1730474638359842
20,7.91099739074707,1.731544852256775,2.968372106552124,1.1763362621098294
20,7.933131217956543,1.7335937023162842,2.9691734313964844,1.1788132273183114
20,7.9552178382873535,1.7355284690856934,2.9699037075042725,1.1803398420748328
20,7.9772491455078125,1.7373476028442383,2.9705655574798584,1.1808750776718715
20,7.999156475067139,1.73905348777771,2.971165180206299,1.1805575894388476
20,8.021071434020996,1.740669846534729,2.9717178344726562,1.1798219829733545
20,8.042832374572754,1.7422008514404297,2.972230911254883,1.1790155341703565
20,8.064555168151855,1.743669867515564,2.9727158546447754,1.1782410632732325
20,8.086254119873047,1.7450875043869019,2.973175525665283,1.1775388587809779
20,8.107909202575684,1.7464576959609985,2.973609209060669,1.1769447417343266
20,8.129534721374512,1.7477830648422241,2.9740145206451416,1.17648879649097
20,8.15114688873291,1.7490648031234741,2.97438907623291,1.176177257430041
20,8.172760009765625,1.7503020763397217,2.974729537963867,1.1759999696899004
20,8.194375991821289,1.7514925003051758,2.9750325679779053,1.1758973630731147
20,8.215994834899902,1.7526332139968872,2.975295305252075,1.1758255098374555
20,8.237616539001465,1.753720998764038,2.9755148887634277,1.1757234300811283
20,8.259242057800293,1.7547534704208374,2.975688934326172,1.1755247448743287
20,8.28087043762207,1.755729079246521,2.9758167266845703,1.1751647577675268
20,8.302501678466797,1.7566475868225098,2.9758975505828857,1.1745874337710884
20,8.324134826660156,1.7575106620788574,2.9759328365325928,1.1737409318410192
20,8.345769882202148,1.7583212852478027,2.975923538208008,1.1725986846046552
20,8.36740779876709,1.7590835094451904,2.97587251663208,1.1712427538944556
20,8.389045715332031,1.7598024606704712,2.975782632827759,1.169742263957266
20,8.410685539245605,1.7604830265045166,2.975656747817993,1.1681700683146419
20,8.432326316833496,1.7611292600631714,2.9754979610443115,1.166586456406289
20,8.453967094421387,1.7617440223693848,2.9753081798553467,1.1650307018520454
20,8.475608825683594,1.7623292207717896,2.975088596343994,1.163519824877154
20,8.4972505569458,1.7628858089447021,2.9748404026031494,1.1620611906037657
20,8.518893241882324,1.7634143829345703,2.9745635986328125,1.1606408615173578
20,8.540535926818848,1.7639153003692627,2.9742581844329834,1.1592456232195507
20,8.562178611755371,1.7643887996673584,2.973924398422241,1.1578624236825517
20,8.583821296691895,1.7648351192474365,2.973562002182007,1.1564788620257374
20,8.605464935302734,1.7652544975280762,2.9731712341308594,1.1550838398807501
20,8.627107620239258,1.765647530555725,2.9727518558502197,1.1536682309995008
20,8.648750305175781,1.7660150527954102,2.972304582595825,1.1522233271418894
20,8.670392990112305,1.7663583755493164,2.971829891204834,1.1507445725170822
20,8.692035675048828,1.7666785717010498,2.9713284969329834,1.1492360628822176
20,8.713677406311035,1.7669774293899536,2.9708011150360107,1.1477017527890514
20,8.735320091247559,1.767256736755371,2.9702489376068115,1.1461468697339507
20,8.75696086883545,1.767518401145935,2.969672918319702,1.1445780622684558
20,8.77860164642334,1.7677642107009888,2.969074249267578,1.1430025950190528
20,8.80024242401123,1.7679957151412964,2.968454122543335,1.141427061587246
20,8.821882247924805,1.7682145833969116,2.96781325340271,1.139858413675532
20,8.843522071838379,1.7684221267700195,2.967153310775757,1.1382985062237492
20,8.865160942077637,1.7686195373535156,2.966474771499634,1.1367474920803946
20,8.886799812316895,1.7688076496124268,2.9657788276672363,1.1352047240032888
20,8.908437728881836,1.7689872980117798,2.9650661945343018,1.133669114020619
20,8.930075645446777,1.769159197807312,2.9643380641937256,1.1321372105428333
20,8.951712608337402,1.7693243026733398,2.963595151901245,1.1306102354534717
20,8.973349571228027,1.769482970237732,2.9628381729125977,1.1290884716369045
20,8.994986534118652,1.7696361541748047,2.9620678424835205,1.12757220304168
20,9.016622543334961,1.7697844505310059,2.96128511428833,1.1260618408159362
20,9.038257598876953,1.7699284553527832,2.9604907035827637,1.1245585272250767
20,9.059892654418945,1.7700691223144531,2.9596853256225586,1.1230634175201846
20,9.081527709960938,1.7702070474624634,2.958869695663452,1.1215774401319611
20,9.103161811828613,1.7703428268432617,2.9580445289611816,1.1201014173405222
20,9.124795913696289,1.7704771757125854,2.9572103023529053,1.118635813112137
20,9.146430015563965,1.7706105709075928,2.9563679695129395,1.117182136847935
20,9.168063163757324,1.770743727684021,2.9555180072784424,1.1157378497603265
20,9.189696311950684,1.7708770036697388,2.9546608924865723,1.1143017697216322
20,9.211329460144043,1.7710108757019043,2.9537971019744873,1.1128733068533447
20,9.232962608337402,1.7711459398269653,2.952927350997925,1.1114513944229796
20,9.254594802856445,1.7712825536727905,2.952052116394043,1.1100354401764454
20,9.276226997375488,1.7714213132858276,2.951171875,1.108625090698753
20,9.297859191894531,1.7715624570846558,2.950286865234375,1.1072209612930555
20,9.319491386413574,1.7717065811157227,2.9493980407714844,1.105822876552242
20,9.3411226272583,1.7718541622161865,2.9485056400299072,1.1044310350476565
20,9.362753868103027,1.772005558013916,2.9476101398468018,1.10304569952585
20,9.384385108947754,1.7721612453460693,2.9467122554779053,1.1016673758667628
20,9.40601634979248,1.7723215818405151,2.9458119869232178,1.1002964566690654
20,9.427647590637207,1.7724870443344116,2.9449100494384766,1.0989332191158008
20,9.449278831481934,1.772657871246338,2.94400691986084,1.0975779176496039
20,9.47091007232666,1.7728344202041626,2.9431025981903076,1.0962310127158374
20,9.492541313171387,1.7730169296264648,2.942197799682617,1.094891219147169
20,9.514171600341797,1.7732056379318237,2.9412927627563477,1.093558220127939
20,9.535801887512207,1.7734007835388184,2.940387487411499,1.092231696739419
20,9.557433128356934,1.7736024856567383,2.9394829273223877,1.0909100283381592
20,9.579063415527344,1.7738112211227417,2.9385788440704346,1.0895933674786777
20,9.60069465637207,1.7740269899368286,2.937675714492798,1.0882824557660953
20,9.62232494354248,1.7742499113082886,2.9367735385894775,1.0869779825626562
20,9.643956184387207,1.7744803428649902,2.935873031616211,1.085679201477444
20,9.665586471557617,1.774718165397644,2.934973955154419,1.0843858048702721
20,9.687217712402344,1.7749638557434082,2.9340765476226807,1.083097467842695
20,9.708847999572754,1.7752171754837036,2.9331812858581543,1.0818126731293052
20,9.730478286743164,1.775478482246399,2.93228816986084,1.0805320468813198
20,9.75210952758789,1.775747537612915,2.9313974380493164,1.0792557372214102
20,9.7737398147583,1.7760246992111206,2.930509090423584,1.0779833998982917
20,9.795370101928711,1.776309847831726,2.9296233654022217,1.0767145806421878
20,9.817001342773438,1.7766029834747314,2.9287402629852295,1.0754482558392815
20,9.838631629943848,1.7769042253494263,2.9278600215911865,1.0741839687878059
20,9.860262870788574,1.777213454246521,2.9269824028015137,1.0729210216873133
20,9.881893157958984,1.7775306701660156,2.926107883453369,1.071658832942101
20,9.903523445129395,1.7778559923171997,2.925236225128174,1.0703967001195513
20,9.925154685974121,1.7781893014907837,2.924367666244507,1.0691341570788542
20,9.946784973144531,1.7785305976867676,2.923501968383789,1.0678696497509703
20,9.968415260314941,1.7788797616958618,2.9226396083831787,1.0666028478919392
20,9.990046501159668,1.7792367935180664,2.9217801094055176,1.0653325655839787
20,10.011676788330078,1.779601812362671,2.9209237098693848,1.0640578532362805
20,10.033307075500488,1.7799745798110962,2.9200704097747803,1.0627779977455278
20,10.054938316345215,1.7803550958633423,2.919220209121704,1.0614916901609237
20,10.076568603515625,1.7807432413101196,2.9183731079101562,1.0601978604411988
20,10.098198890686035,1.7811390161514282,2.917529344558716,1.0588940152616835
20,10.119830131530762,1.781542420387268,2.9166882038116455,1.0575780618420443
20,10.141460418701172,1.7819530963897705,2.9158504009246826,1.0562479564101144
20,10.163098335266113,1.7823712825775146,2.9150149822235107,1.0548983779930419
20,10.184805870056152,1.7827980518341064,2.9141793251037598,1.0535160456436319
20,10.20683765411377,1.783238410949707,2.9133331775665283,1.052088865096155
20,10.229774475097656,1.7837042808532715,2.91245436668396,1.0505821708591008
20,10.252711296081543,1.7841774225234985,2.911576986312866,1.049059932052403
20,10.277359962463379,1.7846938371658325,2.9106357097625732,1.0474093170350962
20,10.304244041442871,1.7852659225463867,2.909611463546753,1.0455930858288072
20,10.331127166748047,1.7858468294143677,2.908590078353882,1.0437129001818362
20,10.359991073608398,1.7864797115325928,2.907496929168701,1.041653572122753
20,10.39002513885498,1.7871476411819458,2.9063634872436523,1.0394190883329038
20,10.420059204101562,1.7878243923187256,2.905233860015869,1.0370718054389534
20,10.450539588928223,1.7885189056396484,2.9040913581848145,1.0346271289497073
20,10.481118202209473,1.7892227172851562,2.9029479026794434,1.0319741373197737
20,10.511697769165039,1.7899324893951416,2.9018070697784424,1.0292371403404137
20,10.54228687286377,1.790647029876709,2.900667190551758,1.026363169572353
20,10.5728759765625,1.791365385055542,2.8995280265808105,1.0233197112544032
20,10.603464126586914,1.7920863628387451,2.8983888626098633,1.0201952325726389
20,10.634053230285645,1.7928086519241333,2.8972485065460205,1.0168775311227083
20,10.664641380310059,1.7935316562652588,2.896106481552124,1.0134703199930892
20,10.695230484008789,1.7942545413970947,2.8949615955352783,1.0099646761425969
20,10.725818634033203,1.7949769496917725,2.893812894821167,1.0063428000365222
20,10.756406784057617,1.7956985235214233,2.8926596641540527,1.0026840846001805
20,10.786995887756348,1.796419620513916,2.89150071144104,0.998970637341574
20,10.817583084106445,1.7971402406692505,2.8903353214263916,0.9952650232665466
20,10.84817123413086,1.797861099243164,2.88916277885437,0.9915531228764859
20,10.878758430480957,1.7985830307006836,2.8879826068878174,0.9879447914047268
20,10.909345626831055,1.799306869506836,2.8867945671081543,0.9844093191226306
20,10.939931869506836,1.800033450126648,2.8855981826782227,0.9810212453122122
20,10.970518112182617,1.8007631301879883,2.8843934535980225,0.9778218721518289
20,11.001104354858398,1.8014966249465942,2.883180618286133,0.9747437351638876
20,11.031689643859863,1.8022348880767822,2.8819587230682373,0.9719803060336354
20,11.062274932861328,1.8029789924621582,2.880727529525757,0.9693266172904158
20,11.092859268188477,1.8037312030792236,2.879486322402954,0.966830401671854
20,11.123442649841309,1.8044930696487427,2.878234386444092,0.9645022947299373
20,11.154025077819824,1.8052669763565063,2.8769710063934326,0.9622556942807151
20,11.18460750579834,1.8060545921325684,2.875694751739502,0.9601915798215628
20,11.215188980102539,1.8068568706512451,2.8744049072265625,0.9582305251793554
20,11.245770454406738,1.8076756000518799,2.873100519180298,0.9563738696984018
20,11.276351928710938,1.8085113763809204,2.8717803955078125,0.9546866319811023
20,11.306939125061035,1.8093656301498413,2.870443344116211,0.9530726389313704
20,11.337550163269043,1.8102399110794067,2.8690872192382812,0.9516068911666815
20,11.368159294128418,1.8111343383789062,2.8677124977111816,0.9502527379305811
20,11.398832321166992,1.8120518922805786,2.8663148880004883,0.9489756731942072
20,11.42950439453125,1.8129923343658447,2.864896774291992,0.9478808116388594
20,11.46031379699707,1.8139617443084717,2.863450527191162,0.9468513881079895
20,11.491372108459473,1.8149662017822266,2.861969232559204,0.9459453516970987
20,11.522428512573242,1.8159980773925781,2.860462188720703,0.945130549117315
20,11.558784484863281,1.8172374963760376,2.8586585521698,0.944270384979579
20,11.624649047851562,1.8195651769638062,2.855273962020874,0.9431764485659885
20,11.690503120422363,1.8220009803771973,2.85174560546875,0.9425016198211306
20,11.76218032836914,1.824774146080017,2.8477466106414795,0.9421013892927608
20,11.833843231201172,1.8276760578155518,2.8435680866241455,0.9422432438948969
20,11.96330738067627,1.833228349685669,2.8355515003204346,0.9430692326812247
20,12.08473014831543,1.838803768157959,2.8274717330932617,0.9453654240696789
20,12.206097602844238,1.8447235822677612,2.8188390731811523,0.9485971686776079
20,12.327744483947754,1.8509799242019653,2.8095827102661133,0.9529425742448947
20,12.449326515197754,1.857526183128357,2.799708127975464,0.9585952672898255
20,12.571028709411621,1.8643314838409424,2.7891759872436523,0.9650818216781223
20,12.692750930786133,1.8713096380233765,2.7780025005340576,0.9730673250945013
20,12.814410209655762,1.878363847732544,2.7662196159362793,0.9821601049488756
20,12.910533905029297,1.8838807344436646,2.756516695022583,0.9900893606944009
21,1.2691205739974976,-0.8314242362976074,2.4185919761657715,0.8783033747005834
21,1.3847557306289673,-0.8318302035331726,2.37868595123291,0.8510904604374389
21,1.5006029605865479,-0.832284152507782,2.3394012451171875,0.8226668519967308
21,1.6169817447662354,-0.8327934145927429,2.3013477325439453,0.7928395109026695
21,1.7192333936691284,-0.833289384841919,2.2695295810699463,0.767219343444696
21,1.836981177330017,-0.8339221477508545,2.2358694076538086,0.7378280977567301
21,1.9557650089263916,-0.8346314430236816,2.206089973449707,0.7132678158123203
21,2.075749158859253,-0.8354222774505615,2.1815922260284424,0.692979524170087
21,2.1968796253204346,-0.8362895846366882,2.1636385917663574,0.6841310974625805
21,2.3188672065734863,-0.8372226357460022,2.1529762744903564,0.6863313807098805
21,2.441270112991333,-0.8381959795951843,2.149437189102173,0.698133931432179
21,2.56370210647583,-0.8391870856285095,2.1521077156066895,0.7210697088878286
21,2.6859333515167236,-0.8401750326156616,2.1596546173095703,0.7474065837106734
21,2.8079211711883545,-0.8411459922790527,2.170488119125366,0.7765580085109058
21,2.929687738418579,-0.8420966863632202,2.183595657348633,0.8050388297761357
21,3.051328659057617,-0.8430277705192566,2.1978273391723633,0.8325100139314368
21,3.172908067703247,-0.8439465165138245,2.2125797271728516,0.8566359391110354
21,3.294480562210083,-0.8448606729507446,2.2273876667022705,0.8787387947805212
21,3.416090726852417,-0.8457826972007751,2.2418830394744873,0.898167197788043
21,3.5377495288848877,-0.8467212319374084,2.2559611797332764,0.9148188530377301
21,3.6594746112823486,-0.8476899266242981,2.2694549560546875,0.9299744667800421
21,3.7812469005584717,-0.8487016558647156,2.2823219299316406,0.9419626391777545
21,3.9030849933624268,-0.8497674465179443,2.2945451736450195,0.9526124219637522
21,4.024768352508545,-0.8509018421173096,2.30609130859375,0.9616199444646606
21,4.146509170532227,-0.8521178960800171,2.317004919052124,0.9687400360562387
21,4.267214298248291,-0.8534204363822937,2.3272087574005127,0.9750285633100273
21,4.384727478027344,-0.8547993302345276,2.336587429046631,0.9796319022320794
21,4.502279281616211,-0.8563025593757629,2.3454530239105225,0.9834247327110719
21,4.613537311553955,-0.8578609824180603,2.3534059524536133,0.9863804277773763
21,4.716364860534668,-0.8594359159469604,2.3604073524475098,0.9880971635761617
21,4.819210529327393,-0.8611577749252319,2.36710262298584,0.9893042457211664
21,4.9141950607299805,-0.8628976345062256,2.373039484024048,0.9898926037895721
21,5.004005432128906,-0.8646917939186096,2.3784563541412354,0.9899502236630736
21,5.091392993927002,-0.866594135761261,2.3835620880126953,0.9894864895710486
21,5.1787848472595215,-0.8686702251434326,2.3885226249694824,0.9885464024143078
21,5.265395164489746,-0.8709210157394409,2.393312692642212,0.9871915613318928
21,5.351850509643555,-0.8733861446380615,2.397987127304077,0.9854170084965104
21,5.438289165496826,-0.8760995268821716,2.4025731086730957,0.9831952010764815
21,5.524906635284424,-0.8791054487228394,2.407100200653076,0.9805021942488805
21,5.613893032073975,-0.8825344443321228,2.411703109741211,0.9772719058242368
21,5.707042694091797,-0.8865491151809692,2.416496515274048,0.9733274628060757
21,5.800168991088867,-0.8910636901855469,2.421290874481201,0.9688343306920599
21,5.8972883224487305,-0.8963912129402161,2.426321029663086,0.9637080347213893
21,5.998005390167236,-0.9027042984962463,2.4316012859344482,0.9579343395106525
21,6.101763725280762,-0.9101976752281189,2.4371492862701416,0.9515745571095366
21,6.207863807678223,-0.9190938472747803,2.4429986476898193,0.9448204858447146
21,6.315486431121826,-0.9296309947967529,2.4492039680480957,0.9379362668505195
21,6.4228997230529785,-0.9419178366661072,2.455789804458618,0.9317254613351907
21,6.530032157897949,-0.9561922550201416,2.4629194736480713,0.9265759888309097
21,6.636549949645996,-0.9727022647857666,2.4708821773529053,0.9236414398898342
21,6.690435886383057,-0.9820175766944885,2.475412368774414,0.9230357775247008
21,6.7178730964660645,-0.9870307445526123,2.4778473377227783,0.9230127795160943
21,6.7450361251831055,-0.992193341255188,2.4803273677825928,0.9232780978693464
21,6.772451877593994,-0.9976101517677307,2.482893943786621,0.9238248864474092
21,6.799269199371338,-1.003128170967102,2.4854724407196045,0.9246482693400848
21,6.825952529907227,-1.0088441371917725,2.488112211227417,0.9258151017118185
21,6.852550506591797,-1.0147706270217896,2.4908246994018555,0.9273804704108192
21,6.879067420959473,-1.0209133625030518,2.493616819381714,0.9293795934569418
21,6.905493259429932,-1.0272749662399292,2.496492385864258,0.9318257379083436
21,6.931839942932129,-1.0338634252548218,2.4994566440582275,0.9347508483973458
21,6.958194732666016,-1.040704369544983,2.5025219917297363,0.9381851763630537
21,6.984444618225098,-1.047768473625183,2.5056772232055664,0.942071717533114
21,7.010582447052002,-1.0550479888916016,2.5089221000671387,0.946297667697011
21,7.036627769470215,-1.0625379085540771,2.512260675430298,0.9507717672253275
21,7.062559604644775,-1.0702136754989624,2.515688419342041,0.9553968641323132
21,7.088377475738525,-1.0780521631240845,2.5192017555236816,0.9600373534824493
21,7.114190101623535,-1.0860612392425537,2.522813558578491,0.9645977187554845
21,7.139898777008057,-1.0941851139068604,2.5265071392059326,0.9690871492238026
21,7.165506362915039,-1.1023998260498047,2.5302791595458984,0.9734723369790119
21,7.191040515899658,-1.1106932163238525,2.53413462638855,0.9777238102291163
21,7.216480255126953,-1.1190401315689087,2.5380711555480957,0.9819579573517333
21,7.241906642913818,-1.1274502277374268,2.5420989990234375,0.9861826876609883
21,7.2672624588012695,-1.1358917951583862,2.5462143421173096,0.9903434871455604
21,7.2924652099609375,-1.1443248987197876,2.5504050254821777,0.9945216484058407
21,7.317576885223389,-1.1527585983276367,2.554680347442627,0.9986947937062823
21,7.342618942260742,-1.161190152168274,2.559049606323242,1.0027834168084286
21,7.367647647857666,-1.1696269512176514,2.56352162361145,1.006856756509696
21,7.392590045928955,-1.1780340671539307,2.568080425262451,1.010816073014723
21,7.417458534240723,-1.1864055395126343,2.5727322101593018,1.0145410392337177
21,7.4422430992126465,-1.194727897644043,2.577471971511841,1.0181214274787478
21,7.467016220092773,-1.2030147314071655,2.582305431365967,1.0214509719141993
21,7.491711139678955,-1.211233377456665,2.587222099304199,1.0244169495279327
21,7.516326904296875,-1.219374418258667,2.5922155380249023,1.02710170728743
21,7.541476249694824,-1.2276300191879272,2.597403049468994,1.0294501320269456
21,7.565481662750244,-1.235442876815796,2.6024436950683594,1.0311373079641721
21,7.590001583099365,-1.2433459758758545,2.607679843902588,1.0325880198354345
21,7.614479064941406,-1.2511513233184814,2.612985134124756,1.0337503097066745
21,7.638862133026123,-1.2588367462158203,2.618351697921753,1.0342292588283737
21,7.6632256507873535,-1.2664207220077515,2.6237874031066895,1.0340639406189716
21,7.68743371963501,-1.2738595008850098,2.6292362213134766,1.0328314739620172
21,7.711584091186523,-1.2811834812164307,2.6346776485443115,1.029879298601661
21,7.736334323883057,-1.2885915040969849,2.640190839767456,1.025014036957454
21,7.76107931137085,-1.2959028482437134,2.6455342769622803,1.016639867019217
21,7.784418106079102,-1.302714467048645,2.650285482406616,1.0066084383922442
21,7.808959484100342,-1.309794545173645,2.6548562049865723,0.9919457795462547
21,7.833539009094238,-1.3168057203292847,2.658871650695801,0.9752722275954538
21,7.858149528503418,-1.323740005493164,2.6622934341430664,0.9589415813650419
21,7.882795810699463,-1.3305672407150269,2.6652400493621826,0.9451349605858795
21,7.907357215881348,-1.337212085723877,2.6679532527923584,0.9354481209983545
21,7.931882381439209,-1.3436565399169922,2.670701265335083,0.9299699375524151
21,7.956271171569824,-1.3498492240905762,2.6736578941345215,0.9272573083775811
21,7.980594635009766,-1.3557883501052856,2.676906108856201,0.9250012746214101
21,8.004775047302246,-1.3614531755447388,2.6804091930389404,0.9228594709788638
21,8.028889656066895,-1.3668814897537231,2.6840925216674805,0.9201273404178503
21,8.052950859069824,-1.3721100091934204,2.687847375869751,0.9165384092748436
21,8.076863288879395,-1.3771528005599976,2.691568613052368,0.9119438504095483
21,8.100637435913086,-1.3820385932922363,2.695197582244873,0.9067607514334675
21,8.124353408813477,-1.3868039846420288,2.6987149715423584,0.9015994196152047
21,8.148009300231934,-1.3914639949798584,2.702108144760132,0.8966536424385375
21,8.171600341796875,-1.3960295915603638,2.7053775787353516,0.8920596997640072
21,8.195123672485352,-1.4005098342895508,2.708531379699707,0.8878490143602275
21,8.218414306640625,-1.4048796892166138,2.7115604877471924,0.8837880318802569
21,8.241640090942383,-1.4091770648956299,2.7144999504089355,0.8802616556172161
21,8.264801979064941,-1.4134091138839722,2.717362403869629,0.8772824674911721
21,8.287898063659668,-1.4175814390182495,2.7201597690582275,0.8748735486852317
21,8.310924530029297,-1.4216996431350708,2.7229018211364746,0.8730548170873811
21,8.333879470825195,-1.4257689714431763,2.725597381591797,0.8717594712003023
21,8.356680870056152,-1.4297791719436646,2.7282426357269287,0.8707074511840004
21,8.379408836364746,-1.4337493181228638,2.7308528423309326,0.8702911350727207
21,8.402139663696289,-1.4376968145370483,2.7334420680999756,0.8704536983051816
21,8.424762725830078,-1.4416056871414185,2.736004114151001,0.8712311228386163
21,8.447227478027344,-1.4454683065414429,2.738539457321167,0.8726520032108611
21,8.469588279724121,-1.4492932558059692,2.741060733795166,0.874672609965768
21,8.491870880126953,-1.4530807733535767,2.7435786724090576,0.8769109931685976
21,8.513984680175781,-1.4568101167678833,2.746090888977051,0.8795789583191185
21,8.536022186279297,-1.4604889154434204,2.748616933822632,0.8827263719178754
21,8.557982444763184,-1.464107871055603,2.751166820526123,0.8863123781024212
21,8.579867362976074,-1.4676563739776611,2.7537496089935303,0.8903061868315176
21,8.601757049560547,-1.4711345434188843,2.75638484954834,0.8946693972254688
21,8.623571395874023,-1.4745162725448608,2.759071111679077,0.899342640468067
21,8.645313262939453,-1.4777883291244507,2.76181697845459,0.9039490942927288
21,8.666892051696777,-1.4809242486953735,2.764617681503296,0.9086982993100963
21,8.688399314880371,-1.483924388885498,2.7674906253814697,0.9136985673373872
21,8.709793090820312,-1.4867712259292603,2.7704339027404785,0.9188281100283385
21,8.731118202209473,-1.4894601106643677,2.7734577655792236,0.9240521865535517
21,8.752401351928711,-1.4919843673706055,2.776568651199341,0.9293432753368122
21,8.773683547973633,-1.4943386316299438,2.779775857925415,0.9346835198754133
21,8.794968605041504,-1.4965143203735352,2.7830827236175537,0.9400326375690288
21,8.816256523132324,-1.4985029697418213,2.786491870880127,0.9453411459822855
21,8.837544441223145,-1.5002965927124023,2.7900049686431885,0.9505269270978307
21,8.858831405639648,-1.501888632774353,2.7936227321624756,0.9555085570937119
21,8.880114555358887,-1.503272533416748,2.7973456382751465,0.9603532257800221
21,8.90139102935791,-1.5044426918029785,2.8011746406555176,0.9650239136306007
21,8.922659873962402,-1.5053938627243042,2.8051106929779053,0.969462624269769
21,8.943917274475098,-1.5061203241348267,2.809154510498047,0.9736358207752948
21,8.965160369873047,-1.5066169500350952,2.8133065700531006,0.977526427934471
21,8.9863862991333,-1.5068777799606323,2.817566156387329,0.981184731970933
21,9.00759220123291,-1.5068973302841187,2.8219306468963623,0.9845712728076956
21,9.028775215148926,-1.5066697597503662,2.8263978958129883,0.9876254486129562
21,9.049932479858398,-1.5061893463134766,2.830965995788574,0.990340342391983
21,9.071062088012695,-1.5054503679275513,2.8356313705444336,0.9926830275489088
21,9.092159271240234,-1.504447340965271,2.84039044380188,0.9947184816442668
21,9.113222122192383,-1.5031757354736328,2.845236301422119,0.9965764128208933
21,9.134247779846191,-1.5016316175460815,2.850161075592041,0.9981523337611924
21,9.155235290527344,-1.4998111724853516,2.8551580905914307,0.999443354210201
21,9.176180839538574,-1.497712254524231,2.860219717025757,1.000228795290532
21,9.197083473205566,-1.4953335523605347,2.8653368949890137,1.0007679266158354
21,9.217940330505371,-1.4926749467849731,2.8704993724823,1.001190524068371
21,9.238751411437988,-1.4897364377975464,2.875697612762451,1.0014012411133395
21,9.259513854980469,-1.4865182638168335,2.880922317504883,1.0014119896125837
21,9.280226707458496,-1.4830206632614136,2.886164426803589,1.0012305409669051
21,9.300889015197754,-1.4792444705963135,2.8914148807525635,1.000881783106406
21,9.32149887084961,-1.4751914739608765,2.896660566329956,1.0003491931877637
21,9.342059135437012,-1.4708642959594727,2.9018874168395996,0.9989897853646539
21,9.362567901611328,-1.466265320777893,2.9070792198181152,0.9973116169261931
21,9.383027076721191,-1.4613947868347168,2.9122226238250732,0.995329913201172
21,9.403435707092285,-1.4562528133392334,2.9173014163970947,0.9930584058164037
21,9.423794746398926,-1.4508402347564697,2.9222958087921143,0.9904643003701507
21,9.444107055664062,-1.4451593160629272,2.927182674407959,0.9868382276634446
21,9.464376449584961,-1.4392141103744507,2.931934356689453,0.9827432947047215
21,9.484602928161621,-1.433005690574646,2.936526298522949,0.9783069949618804
21,9.504788398742676,-1.426536202430725,2.9409334659576416,0.9735700116363528
21,9.524937629699707,-1.419813871383667,2.9451231956481934,0.9680719105591052
21,9.54505729675293,-1.4128518104553223,2.9490559101104736,0.9620666340821197
21,9.565149307250977,-1.4056590795516968,2.952704429626465,0.9559306538669397
21,9.585216522216797,-1.3982492685317993,2.9560396671295166,0.9496180644664475
21,9.605268478393555,-1.390647530555725,2.959021806716919,0.9429289542079079
21,9.625308990478516,-1.3828785419464111,2.961621046066284,0.9364059666595332
21,9.645341873168945,-1.374967098236084,2.9638173580169678,0.9300089942734813
21,9.665373802185059,-1.3669483661651611,2.9655821323394775,0.9235314403565585
21,9.685415267944336,-1.3588629961013794,2.9668924808502197,0.9174687870719688
21,9.70546817779541,-1.3507457971572876,2.9677417278289795,0.9118860271558514
21,9.725540161132812,-1.342639684677124,2.9681172370910645,0.9066292232068583
21,9.745638847351074,-1.3345915079116821,2.968008041381836,0.901779208108953
21,9.765766143798828,-1.3266369104385376,2.9674196243286133,0.897516419799139
21,9.785926818847656,-1.3188185691833496,2.966355085372925,0.8938831131130953
21,9.806127548217773,-1.311184287071228,2.964812994003296,0.8909525351455613
21,9.826369285583496,-1.3037679195404053,2.9628098011016846,0.8887200421027049
21,9.846652030944824,-1.2966020107269287,2.960362434387207,0.8872137643794792
21,9.86697769165039,-1.2897266149520874,2.9574809074401855,0.8865717970964444
21,9.887346267700195,-1.2831662893295288,2.9541897773742676,0.8867584115299382
21,9.907752990722656,-1.2769379615783691,2.950519561767578,0.887748748927535
21,9.928197860717773,-1.2710561752319336,2.946500539779663,0.8896670571931382
21,9.948678016662598,-1.265535831451416,2.9421629905700684,0.8922895218419007
21,9.96919059753418,-1.2603750228881836,2.937544345855713,0.8953110262568829
21,9.989733695983887,-1.2555681467056274,2.932682514190674,0.8986898468745704
21,10.010303497314453,-1.2511022090911865,2.9276175498962402,0.9023018684900331
21,10.030900001525879,-1.246961236000061,2.922386884689331,0.906078610164036
21,10.051523208618164,-1.2431265115737915,2.9170265197753906,0.9097490819345319
21,10.072172164916992,-1.2395732402801514,2.911571502685547,0.9129463333900463
21,10.092845916748047,-1.2362773418426514,2.906052589416504,0.9156151889072662
21,10.113546371459961,-1.2332124710083008,2.9004971981048584,0.9177665648994837
21,10.134272575378418,-1.2303529977798462,2.894930124282837,0.9193469615145663
21,10.15503215789795,-1.227673888206482,2.8893702030181885,0.9203258613418787
21,10.175886154174805,-1.2251473665237427,2.883817672729492,0.9206712570074261
21,10.1970796585083,-1.2227282524108887,2.8782238960266113,0.9202428519608039
21,10.218300819396973,-1.220436930656433,2.872682571411133,0.9192212710964713
21,10.240423202514648,-1.2181687355041504,2.8669772148132324,0.9176773878846131
21,10.264228820800781,-1.2158446311950684,2.8609230518341064,0.9155543392142365
21,10.288064956665039,-1.2136231660842896,2.854951858520508,0.9126294619220332
21,10.314093589782715,-1.2113025188446045,2.84853458404541,0.9092734003819163
21,10.342076301574707,-1.20891273021698,2.841754198074341,0.9051542100862149
21,10.37009334564209,-1.2066205739974976,2.835085391998291,0.9006472808823217
21,10.39928150177002,-1.204326868057251,2.828259229660034,0.895850286545102
21,10.428502082824707,-1.202121376991272,2.8215432167053223,0.8905332374539474
21,10.458186149597168,-1.1999679803848267,2.8148326873779297,0.8851451122850528
21,10.487993240356445,-1.197888731956482,2.8081958293914795,0.8794986684051972
21,10.517827033996582,-1.1958893537521362,2.8016469478607178,0.8737635821145155
21,10.547690391540527,-1.193965196609497,2.7951698303222656,0.8680118042091872
21,10.5775728225708,-1.1921156644821167,2.788756847381592,0.8620813192359185
21,10.607471466064453,-1.1903393268585205,2.782398223876953,0.8562581597278869
21,10.637383460998535,-1.1886358261108398,2.7760841846466064,0.8503900731678496
21,10.667306900024414,-1.1870055198669434,2.7698075771331787,0.8446057885698887
21,10.697240829467773,-1.185449481010437,2.7635581493377686,0.8389586955150982
21,10.727182388305664,-1.183969259262085,2.7573301792144775,0.8335145624652321
21,10.757131576538086,-1.1825664043426514,2.7511162757873535,0.8282801663219523
21,10.787084579467773,-1.1812419891357422,2.7449071407318115,0.8232770824515034
21,10.817041397094727,-1.1799968481063843,2.7386972904205322,0.818554125247771
21,10.846999168395996,-1.1788309812545776,2.7324790954589844,0.8141300801674805
21,10.876956939697266,-1.177743911743164,2.726247787475586,0.8100316005956003
21,10.906913757324219,-1.1767340898513794,2.719996690750122,0.8061609793932021
21,10.936867713928223,-1.1757985353469849,2.713718891143799,0.8025974445184941
21,10.966816902160645,-1.1749346256256104,2.707411766052246,0.7993117847876094
21,10.996760368347168,-1.1741374731063843,2.7010691165924072,0.7962332072509013
21,11.026698112487793,-1.1734029054641724,2.6946873664855957,0.7934291679430515
21,11.05662727355957,-1.1727259159088135,2.6882617473602295,0.790797045405727
21,11.0865478515625,-1.1720995903015137,2.6817896366119385,0.7884308017221372
21,11.11645793914795,-1.1715190410614014,2.675269603729248,0.7862574121515858
21,11.146358489990234,-1.1709767580032349,2.668699026107788,0.7842529752120418
21,11.176247596740723,-1.1704667806625366,2.6620776653289795,0.7825031947662583
21,11.206127166748047,-1.1699812412261963,2.6554064750671387,0.780916481695072
21,11.235997200012207,-1.1695120334625244,2.6486854553222656,0.7795378987353111
21,11.265856742858887,-1.1690527200698853,2.6419169902801514,0.7783173789156872
21,11.295714378356934,-1.1685940027236938,2.635100841522217,0.7772776879120804
21,11.3255615234375,-1.1681281328201294,2.628243923187256,0.7764467074964367
21,11.355423927307129,-1.1676464080810547,2.6213433742523193,0.7757294580324328
21,11.385342597961426,-1.1671394109725952,2.614393949508667,0.7751948872703388
21,11.415253639221191,-1.166601300239563,2.6074161529541016,0.7748364875887201
21,11.445294380187988,-1.1660208702087402,2.600384473800659,0.7746017185751198
21,11.47533130645752,-1.16539466381073,2.593334913253784,0.7745380498516626
21,11.505607604980469,-1.1647096872329712,2.5862154960632324,0.774605392681812
21,11.54104995727539,-1.163826823234558,2.5778701305389404,0.7749359224441185
21,11.576488494873047,-1.1628464460372925,2.5695202350616455,0.7754591940524631
21,11.640697479248047,-1.160787582397461,2.554421901702881,0.7767061295789357
21,11.704911231994629,-1.1583276987075806,2.539402723312378,0.778492711583738
21,11.77484130859375,-1.1551194190979004,2.523252248764038,0.7809031122238582
21,11.90129566192627,-1.1477936506271362,2.494767189025879,0.7865140681491617
21,12.027871131896973,-1.138312578201294,2.4674808979034424,0.7925508581119953
21,12.146747589111328,-1.1273003816604614,2.443268060684204,0.798591817470515
21,12.265737533569336,-1.1142206192016602,2.420699119567871,0.8050536570946707
21,12.385173797607422,-1.0990835428237915,2.4000096321105957,0.8112991609390395
21,12.504883766174316,-1.0819765329360962,2.3814399242401123,0.8168092518585917
21,12.624642372131348,-1.0630120038986206,2.3651208877563477,0.8209207694382338
21,12.744497299194336,-1.0423154830932617,2.351137399673462,0.8237612975770608
21,12.864301681518555,-1.0199564695358276,2.339472770690918,0.8222442180138826
21,12.98402214050293,-0.9960065484046936,2.3299777507781982,0.8179845516326676
21,12.994307518005371,-0.9938750267028809,2.3292481899261475,0.8172463275677475
22,0.17364190518856049,-0.24374200403690338,2.046482563018799,1.0147033667998078
22,0.277197003364563,-0.24370813369750977,2.0213475227355957,1.015991502792706
22,0.37957367300987244,-0.24368925392627716,1.9917834997177124,1.0173862069241324
22,0.4844079911708832,-0.24369601905345917,1.9558006525039673,1.020704984975614
22,0.5914760231971741,-0.2437317818403244,1.9130233526229858,1.0145720231846174
22,0.6963363885879517,-0.243796244263649,1.8650871515274048,1.0069747291010367
22,0.8024511933326721,-0.2438858300447464,1.8117135763168335,0.9897872134765855
22,0.8763942122459412,-0.24396252632141113,1.771658182144165,0.9768568153167382
22,0.9811767339706421,-0.24409067630767822,1.7113348245620728,0.9526717662806382
22,1.083971381187439,-0.24424156546592712,1.6476855278015137,0.9277410869630034
22,1.1853290796279907,-0.24442335963249207,1.5799115896224976,0.9004782319816468
22,1.2837334871292114,-0.244642436504364,1.5079230070114136,0.8741548634915897
22,1.3784632682800293,-0.24491573870182037,1.4305557012557983,0.8481518396811492
22,1.4575079679489136,-0.24521459639072418,1.3568280935287476,0.8355511743784623
22,1.5390902757644653,-0.24565176665782928,1.2656124830245972,0.8255900879028815
22,1.6081470251083374,-0.24622489511966705,1.1646251678466797,0.8634469257413788
22,1.653806209564209,-0.24677619338035583,1.075226068496704,0.9457335550692173
22,1.67306387424469,-0.24707594513893127,1.0288549661636353,0.9859241308683332
22,1.714909315109253,-0.24783867597579956,0.9137653708457947,1.1141484171793146
22,1.7630369663238525,-0.24848563969135284,0.8012517094612122,1.2127276949174561
22,1.832791805267334,-0.24883881211280823,0.7009984850883484,1.2877217979012112
22,1.8505491018295288,-0.24887599050998688,0.6825923323631287,1.3068644159972431
22,1.9544613361358643,-0.2491927593946457,0.6199950575828552,1.2828161278910621
22,2.075465202331543,-0.25012046098709106,0.6119654774665833,1.335285099687387
22,2.189398765563965,-0.25174203515052795,0.6548936367034912,1.5170992840384399
22,2.291948080062866,-0.2535170316696167,0.7217004895210266,1.7595936913277381
22,2.331263780593872,-0.2540695071220398,0.7473373413085938,1.8109171602745633
22,2.433371067047119,-0.2553333342075348,0.8149325847625732,1.8570484433819963
22,2.4707260131835938,-0.2557592988014221,0.8408908843994141,1.8286173817323321
22,2.56684947013855,-0.25703880190849304,0.9166507124900818,1.51949668001686
22,2.650418996810913,-0.25857025384902954,1.0059940814971924,1.2539081713074216
22,2.724189519882202,-0.2597616910934448,1.1037333011627197,1.0349986645279665
22,2.80601167678833,-0.260268896818161,1.1947153806686401,0.9591718149766653
22,2.866964101791382,-0.26038262248039246,1.2470686435699463,0.9492415926506139
22,2.96850323677063,-0.26049375534057617,1.3153932094573975,0.9462303187550359
22,3.0771920680999756,-0.26059746742248535,1.3717414140701294,0.9646605386438629
22,3.190159559249878,-0.2607307732105255,1.41898512840271,0.9757244488476591
22,3.271106719970703,-0.26084622740745544,1.4477136135101318,0.9868085838610666
22,3.388136148452759,-0.2610311210155487,1.483790397644043,0.9966928305267992
22,3.4727890491485596,-0.26117342710494995,1.5065702199935913,1.0046882782929591
22,3.591916799545288,-0.261380136013031,1.53498375415802,1.010975838966082
22,3.7118163108825684,-0.26159217953681946,1.559948444366455,1.0174173264583357
22,3.8322534561157227,-0.26180893182754517,1.5820698738098145,1.0225785262103952
22,3.9531145095825195,-0.26203179359436035,1.6017488241195679,1.0252709214326514
22,4.074075222015381,-0.26226308941841125,1.619343638420105,1.0278319301621939
22,4.194192409515381,-0.26250436902046204,1.635066270828247,1.0287177897761846
22,4.314497947692871,-0.2627600133419037,1.6492756605148315,1.0291560505201862
22,4.431719779968262,-0.26302653551101685,1.661847710609436,1.0291777366908041
22,4.549056053161621,-0.2633138597011566,1.6733086109161377,1.0280313131942604
22,4.660165309906006,-0.2636083662509918,1.683240532875061,1.0266541965894245
22,4.7628936767578125,-0.2639037072658539,1.6917139291763306,1.0249780504189723
22,4.857800483703613,-0.2641991376876831,1.6989903450012207,1.0228188445652397
22,4.952743053436279,-0.26451918482780457,1.7057826519012451,1.020301443744956
22,5.042532444000244,-0.2648475766181946,1.7117955684661865,1.0175481958738046
22,5.129916667938232,-0.2651940882205963,1.7172901630401611,1.0145054288326403
22,5.216536521911621,-0.26556700468063354,1.7224092483520508,1.0111198702458966
22,5.303042888641357,-0.2659724950790405,1.7272098064422607,1.0073295438060899
22,5.390524387359619,-0.26642054319381714,1.7317564487457275,1.0029369419022975
22,5.478020668029785,-0.2669116258621216,1.7360007762908936,0.9980721452848795
22,5.5684943199157715,-0.26746997237205505,1.7400752305984497,0.9924890137826876
22,5.663390636444092,-0.2681184709072113,1.7440022230148315,0.9859637073631273
22,5.762218475341797,-0.2688729763031006,1.7476977109909058,0.9783830590825006
22,5.864480018615723,-0.269754558801651,1.7510552406311035,0.9695015511712057
22,5.966756343841553,-0.27075856924057007,1.7538726329803467,0.959284707123041
22,6.071897983551025,-0.27194416522979736,1.7561088800430298,0.9474080745976745
22,6.179200172424316,-0.2733502984046936,1.757562279701233,0.9337070700610036
22,6.286507606506348,-0.2750024199485779,1.7579936981201172,0.9182623805665338
22,6.395581245422363,-0.2770002484321594,1.7571402788162231,0.9001116561494498
22,6.504622459411621,-0.27939581871032715,1.7546945810317993,0.8795967926314716
22,6.613108158111572,-0.28228145837783813,1.7503145933151245,0.8571778478161599
22,6.720609188079834,-0.2858092188835144,1.7435513734817505,0.8321596250863139
22,6.7783331871032715,-0.2880575358867645,1.7388066053390503,0.8169009405066262
22,6.804956912994385,-0.28919845819473267,1.73629891872406,0.809846087601542
22,6.8312458992004395,-0.29040825366973877,1.733572006225586,0.8028742080112495
22,6.8572845458984375,-0.29170262813568115,1.7305967807769775,0.7958954784595961
22,6.883118629455566,-0.2930958867073059,1.7273569107055664,0.7889275215873721
22,6.908907890319824,-0.2946098744869232,1.72382390499115,0.7818871704717023
22,6.934504508972168,-0.2962508797645569,1.7200098037719727,0.7749389913624717
22,6.9599080085754395,-0.2980349063873291,1.7159074544906616,0.7680654376459419
22,6.98426628112793,-0.2999112904071808,1.7116621732711792,0.7617013667707623
22,7.008389472961426,-0.3019449710845947,1.707148551940918,0.7556326505675386
22,7.032406330108643,-0.3041616678237915,1.7023365497589111,0.7496741464284099
22,7.056213855743408,-0.30656668543815613,1.697243571281433,0.7437247004365366
22,7.079931259155273,-0.3091846704483032,1.6918445825576782,0.7377951339157122
22,7.103421211242676,-0.3120105564594269,1.6861767768859863,0.731881906690495
22,7.126666069030762,-0.3150474727153778,1.68025803565979,0.7259678990259697
22,7.149668216705322,-0.31829604506492615,1.6741033792495728,0.7200684921268672
22,7.172422409057617,-0.3217528462409973,1.6677310466766357,0.7141673367699969
22,7.194924831390381,-0.3254125714302063,1.6611591577529907,0.7080175605745752
22,7.2174201011657715,-0.32930988073349,1.6543315649032593,0.7016788974509086
22,7.239658355712891,-0.33339446783065796,1.6473395824432373,0.6952246870035257
22,7.261646270751953,-0.3376561403274536,1.6401981115341187,0.6886981344130206
22,7.283384323120117,-0.34208324551582336,1.6329214572906494,0.6821105265790243
22,7.304874420166016,-0.34666362404823303,1.6255220174789429,0.6753600845617493
22,7.326117992401123,-0.35138168931007385,1.618011474609375,0.6682946073742726
22,7.347378253936768,-0.3562815189361572,1.610304355621338,0.6611061590306313
22,7.368402004241943,-0.36129266023635864,1.6024959087371826,0.6539076879550081
22,7.389194011688232,-0.3663981258869171,1.5945875644683838,0.6466123627306326
22,7.4097771644592285,-0.3715799152851105,1.5865716934204102,0.6393139121322537
22,7.430199146270752,-0.3768281042575836,1.5784244537353516,0.6321589257910201
22,7.450535297393799,-0.38213056325912476,1.5701100826263428,0.6251728084953682
22,7.470789432525635,-0.38745394349098206,1.5616127252578735,0.6180321836770275
22,7.490959644317627,-0.39275267720222473,1.5529130697250366,0.611016839634233
22,7.511048793792725,-0.3979719579219818,1.5439811944961548,0.6041615078087611
22,7.5310564041137695,-0.4030442535877228,1.5347856283187866,0.597404470243353
22,7.550985336303711,-0.4078749716281891,1.5252948999404907,0.5907153863924793
22,7.570831775665283,-0.41236716508865356,1.5154701471328735,0.583863045004862
22,7.590584754943848,-0.4164254069328308,1.5052770376205444,0.5765893210359984
22,7.610236644744873,-0.4199354350566864,1.4946917295455933,0.5688126833157349
22,7.629782676696777,-0.42280903458595276,1.483726143836975,0.5604128083096813
22,7.649241924285889,-0.4249992370605469,1.4724522829055786,0.5507929227457979
22,7.6686601638793945,-0.4265051782131195,1.4609973430633545,0.5393009033818421
22,7.688096523284912,-0.4273872971534729,1.4495067596435547,0.5253020853322572
22,7.707620143890381,-0.42771589756011963,1.438136339187622,0.5095067036432137
22,7.7273125648498535,-0.4276166260242462,1.4270564317703247,0.49224476912371123
22,7.7472429275512695,-0.4272145628929138,1.4164174795150757,0.47352588080429975
22,7.767463207244873,-0.42662110924720764,1.4063504934310913,0.45395946938269816
22,7.788002014160156,-0.42595016956329346,1.3969558477401733,0.43414014994284505
22,7.808863639831543,-0.4252842366695404,1.3883024454116821,0.4143597654855521
22,7.830031871795654,-0.4246755540370941,1.380422592163086,0.394912536866582
22,7.851471424102783,-0.4241620898246765,1.3733081817626953,0.37577966077135333
22,7.87314510345459,-0.42375069856643677,1.3669331073760986,0.3568047766070997
22,7.89501428604126,-0.42342522740364075,1.361259937286377,0.3378396232120551
22,7.917047023773193,-0.42314890027046204,1.356256127357483,0.3188003515890224
22,7.939215660095215,-0.4228876829147339,1.3518909215927124,0.29969797631742934
22,7.961496353149414,-0.4226086139678955,1.348142147064209,0.2807942340251282
22,7.983868598937988,-0.42228052020072937,1.3449872732162476,0.26220472140750456
22,8.006311416625977,-0.4218725264072418,1.3423981666564941,0.2440392647704785
22,8.028807640075684,-0.42135074734687805,1.340334177017212,0.22642620375596775
22,8.051336288452148,-0.4206759035587311,1.3387268781661987,0.20947994986648577
22,8.073881149291992,-0.41979894042015076,1.337490200996399,0.1932783089375204
22,8.096426963806152,-0.41865962743759155,1.3365086317062378,0.17788564619436917
22,8.118958473205566,-0.4171857535839081,1.3356326818466187,0.1633684367317908
22,8.141454696655273,-0.4152933955192566,1.3346836566925049,0.14980361505401316
22,8.163887977600098,-0.41289031505584717,1.3334459066390991,0.13729895511943466
22,8.186211585998535,-0.4098827838897705,1.3316775560379028,0.12606516082257616
22,8.208353996276855,-0.4061875343322754,1.3291187286376953,0.11623527258053601
22,8.23021125793457,-0.40174901485443115,1.3255127668380737,0.1079035727756947
22,8.2516508102417,-0.39656057953834534,1.3206406831741333,0.10120267806683393
22,8.272534370422363,-0.39068523049354553,1.3143641948699951,0.09608419410415983
22,8.292731285095215,-0.3842537999153137,1.3066303730010986,0.09268132539183715
22,8.312199592590332,-0.37744140625,1.2974697351455688,0.09056594731426115
22,8.33092975616455,-0.37046292424201965,1.28702974319458,0.08950953177554874
22,8.348994255065918,-0.36353546380996704,1.2755111455917358,0.0896204389230549
22,8.366494178771973,-0.3568471074104309,1.2631033658981323,0.09032079900420066
22,8.38354778289795,-0.3505444824695587,1.249991774559021,0.0916425001681877
22,8.400301933288574,-0.34476369619369507,1.236369013786316,0.09355435621231815
22,8.416927337646484,-0.3395896255970001,1.2223584651947021,0.09611993442017668
22,8.433465003967285,-0.3351023495197296,1.208147406578064,0.09913226072909903
22,8.45004940032959,-0.3313180208206177,1.1937986612319946,0.10269304576224172
22,8.466693878173828,-0.3282614052295685,1.1794636249542236,0.10663560155195086
22,8.483489990234375,-0.32591596245765686,1.165171504020691,0.11132322391674272
22,8.500411033630371,-0.3242691159248352,1.1510542631149292,0.11625116587640266
22,8.517454147338867,-0.32329267263412476,1.1371880769729614,0.12184203895330124
22,8.534667015075684,-0.3229373097419739,1.1235817670822144,0.12754478459979993
22,8.552021980285645,-0.3231554925441742,1.1102802753448486,0.1338830824749565
22,8.569382667541504,-0.3238860070705414,1.097408413887024,0.1401583301194977
22,8.586846351623535,-0.32507869601249695,1.0848886966705322,0.14704348109933724
22,8.604523658752441,-0.32669660449028015,1.072656273841858,0.15398950452275703
22,8.622291564941406,-0.3286948502063751,1.0607967376708984,0.16135552645868328
22,8.640152931213379,-0.33102571964263916,1.0493181943893433,0.1687220871813269
22,8.658088684082031,-0.33365514874458313,1.038214087486267,0.176281628690346
22,8.676100730895996,-0.33654195070266724,1.0274839401245117,0.1840564933226715
22,8.694170951843262,-0.3396585285663605,1.017118215560913,0.191615758940465
22,8.712443351745605,-0.34300094842910767,1.0070416927337646,0.19979137963426802
22,8.730778694152832,-0.3465207815170288,0.9973206520080566,0.2076387953925592
22,8.74921703338623,-0.3502085208892822,0.9879163503646851,0.21579408378765338
22,8.76775074005127,-0.35403957962989807,0.9788375496864319,0.2242730903012701
22,8.787178993225098,-0.3581790626049042,0.9697134494781494,0.23275233079281338
22,8.807435989379883,-0.3626115620136261,0.96060711145401,0.2420730593034516
22,8.827740669250488,-0.36714550852775574,0.9518882036209106,0.25137169257358033
22,8.848108291625977,-0.37177127599716187,0.9435298442840576,0.2604173966237357
22,8.868566513061523,-0.3764806091785431,0.9355093240737915,0.26995319785762056
22,8.888996124267578,-0.3812260627746582,0.9278804659843445,0.279694573150659
22,8.909525871276855,-0.3860296607017517,0.9205781817436218,0.2891780302101162
22,8.930147171020508,-0.39088326692581177,0.9135884642601013,0.2986213420518998
22,8.950787544250488,-0.39575496315956116,0.9069285988807678,0.3085000940722049
22,8.971510887145996,-0.4006515145301819,0.9005645513534546,0.31815079740215396
22,8.992254257202148,-0.4055519700050354,0.8945099115371704,0.32789288594479543
22,9.013072967529297,-0.41046401858329773,0.8887399435043335,0.33768836413978454
22,9.033899307250977,-0.41536006331443787,0.8832652568817139,0.3478035230671823
22,9.054795265197754,-0.4202493727207184,0.8780575394630432,0.35762657729479236
22,9.075753211975098,-0.42512866854667664,0.8731061816215515,0.3671803648197534
22,9.096714973449707,-0.4299792945384979,0.8684183359146118,0.3768814058711637
22,9.117734909057617,-0.43480488657951355,0.8639761805534363,0.3871121841789932
22,9.138752937316895,-0.4395851194858551,0.8597826957702637,0.39704716204036206
22,9.159823417663574,-0.44433191418647766,0.8558162450790405,0.4066892826499654
22,9.180941581726074,-0.44904404878616333,0.8520684838294983,0.4160494449032162
22,9.202105522155762,-0.4537181556224823,0.8485329747200012,0.4255274358790109
22,9.223212242126465,-0.45832186937332153,0.8452190160751343,0.43536593127433176
22,9.244361877441406,-0.46287405490875244,0.8421011567115784,0.4449077052702977
22,9.265551567077637,-0.4673745632171631,0.8391727805137634,0.4541696716462325
22,9.28677749633789,-0.47182348370552063,0.8364279270172119,0.46316490778603087
22,9.308036804199219,-0.4762203097343445,0.8338607549667358,0.47196936750505114
22,9.329283714294434,-0.48055046796798706,0.831468939781189,0.4809292129429136
22,9.350520133972168,-0.48480892181396484,0.8292422890663147,0.48976714616009687
22,9.371787071228027,-0.489004522562027,0.8271709084510803,0.4983540415349765
22,9.393082618713379,-0.49313801527023315,0.8252503275871277,0.506716201067548
22,9.414401054382324,-0.497209757566452,0.823476254940033,0.5148437486435558
22,9.435742378234863,-0.5012201070785522,0.8218442797660828,0.5227628136153293
22,9.45706844329834,-0.5051600337028503,0.8203497529029846,0.5305007765698914
22,9.478384971618652,-0.5090283155441284,0.8189839124679565,0.5381301110300611
22,9.499722480773926,-0.5128298401832581,0.8177387714385986,0.5455285646713918
22,9.521077156066895,-0.5165656208992004,0.8166109323501587,0.5526986890395362
22,9.542447090148926,-0.520236611366272,0.815596878528595,0.5596416110665104
22,9.56383228302002,-0.5238435864448547,0.8146931529045105,0.5663569906525473
22,9.585229873657227,-0.527386486530304,0.813895583152771,0.572801229854304
22,9.606616020202637,-0.5308595895767212,0.8131986856460571,0.579000061724589
22,9.628013610839844,-0.5342670679092407,0.8125990033149719,0.5849841316318939
22,9.649423599243164,-0.5376085638999939,0.8120945692062378,0.59075853578826
22,9.670843124389648,-0.5408830046653748,0.811684250831604,0.596331710781994
22,9.692272186279297,-0.5440888404846191,0.811367928981781,0.6017330537620783
22,9.713700294494629,-0.5472233891487122,0.8111448287963867,0.60701206610122
22,9.735138893127441,-0.550289511680603,0.8110139966011047,0.6122000901829227
22,9.756576538085938,-0.5532867908477783,0.8109720349311829,0.6173034510978722
22,9.778024673461914,-0.5562177896499634,0.8110154271125793,0.6223632689931325
22,9.799482345581055,-0.5590841770172119,0.8111415505409241,0.6273902399784779
22,9.820947647094727,-0.5618870854377747,0.8113479614257812,0.6323913367932005
22,9.842421531677246,-0.5646275877952576,0.8116320967674255,0.6373337820665947
22,9.863907814025879,-0.56730717420578,0.811991810798645,0.6422473028513028
22,9.885395050048828,-0.5699250102043152,0.812424898147583,0.6471264799331624
22,9.906888008117676,-0.5724824070930481,0.8129293918609619,0.6519635790001289
22,9.928386688232422,-0.5749800801277161,0.8135033249855042,0.6567583804430566
22,9.94989013671875,-0.5774174332618713,0.8141438961029053,0.6614947761611654
22,9.97139835357666,-0.5797942876815796,0.8148482441902161,0.6662042989352641
22,9.992911338806152,-0.5821109414100647,0.8156145215034485,0.6708801600446157
22,10.01442813873291,-0.5843675136566162,0.8164408802986145,0.675516109037811
22,10.035948753356934,-0.5865644812583923,0.8173256516456604,0.6801097929382022
22,10.057473182678223,-0.588702380657196,0.8182674646377563,0.6846608505980117
22,10.079000473022461,-0.5907816886901855,0.8192647695541382,0.6891687543343408
22,10.100530624389648,-0.5928029417991638,0.8203162550926208,0.6936329847184285
22,10.122063636779785,-0.5947664976119995,0.8214205503463745,0.6980607436520146
22,10.143599510192871,-0.5966728925704956,0.8225762844085693,0.7024494854651412
22,10.165143966674805,-0.5985230803489685,0.8237825036048889,0.706809239078412
22,10.186760902404785,-0.600322425365448,0.8250417709350586,0.7111535135430712
22,10.208702087402344,-0.6020898818969727,0.8263675570487976,0.7155056439089101
22,10.231547355651855,-0.6038675308227539,0.8277965188026428,0.719983868888695
22,10.256099700927734,-0.6057085990905762,0.8293853402137756,0.7247051247871593
22,10.280653953552246,-0.6074795126914978,0.8310267925262451,0.7293283217669905
22,10.307435989379883,-0.6093335151672363,0.8328741192817688,0.7342680888702949
22,10.336191177368164,-0.6112366318702698,0.8349208831787109,0.7394815728097806
22,10.364948272705078,-0.6130514144897461,0.8370303511619568,0.7446104198860606
22,10.394872665405273,-0.6148488521575928,0.8392888903617859,0.7498671664282186
22,10.424797058105469,-0.6165552139282227,0.8416087031364441,0.7550744856450391
22,10.455166816711426,-0.6181948184967041,0.8440213203430176,0.760273655957878
22,10.485634803771973,-0.6197494864463806,0.8464978337287903,0.7654115897882902
22,10.516103744506836,-0.6212162971496582,0.8490277528762817,0.7704533560893092
22,10.546582221984863,-0.6225989460945129,0.8516091108322144,0.7754057673357
22,10.577059745788574,-0.6238997578620911,0.8542385101318359,0.7802568430028459
22,10.607537269592285,-0.6251218914985657,0.8569134473800659,0.7850126066416301
22,10.638012886047363,-0.6262683272361755,0.8596305847167969,0.7896364204687102
22,10.668487548828125,-0.6273415684700012,0.862387478351593,0.7941631060348004
22,10.698962211608887,-0.6283453106880188,0.8651816248893738,0.7986064407944982
22,10.729435920715332,-0.6292812824249268,0.8680099248886108,0.8029489736284093
22,10.759908676147461,-0.6301518678665161,0.8708697557449341,0.8072036829695266
22,10.790379524230957,-0.6309604644775391,0.8737584948539734,0.8113554527757727
22,10.820850372314453,-0.6317098736763,0.8766745328903198,0.815400979980611
22,10.851319313049316,-0.6324036121368408,0.8796151876449585,0.8193642718354285
22,10.881787300109863,-0.6330445408821106,0.8825783133506775,0.8232025674543909
22,10.912254333496094,-0.6336355805397034,0.8855617642402649,0.8269561178522585
22,10.928312301635742,-0.6339281797409058,0.8871414661407471,0.828889556177059
23,0.4358215034008026,-0.33077743649482727,3.847168207168579,1.0022109642943113
23,0.5450988411903381,-0.33080196380615234,3.828228712081909,0.9986454804043032
23,0.6585400700569153,-0.3308389484882355,3.807474136352539,0.9940451998962986
23,0.7718468904495239,-0.33088675141334534,3.7859957218170166,0.987752878636161
23,0.8885079026222229,-0.3309459686279297,3.7635796070098877,0.9807993014338164
23,1.007261872291565,-0.33101582527160645,3.740828037261963,0.9730823700808076
23,1.1260652542114258,-0.3310953974723816,3.7183358669281006,0.9650426330522195
23,1.2459636926651,-0.3311863839626312,3.6961324214935303,0.956652283168243
23,1.3659735918045044,-0.3312889635562897,3.6745400428771973,0.9486462089803448
23,1.4865015745162964,-0.3314042389392853,3.653632640838623,0.9407455345726076
23,1.6072940826416016,-0.33153271675109863,3.633592128753662,0.9333620859905654
23,1.7282452583312988,-0.3316746652126312,3.614532709121704,0.9266190876204285
23,1.849390983581543,-0.33183035254478455,3.5965754985809326,0.9202927426247104
23,1.9707090854644775,-0.33199965953826904,3.579822063446045,0.9154091800648477
23,2.092203140258789,-0.3321824371814728,3.5643649101257324,0.9111770534060624
23,2.2138640880584717,-0.332378089427948,3.5502798557281494,0.9081143947284975
23,2.335681200027466,-0.3325861692428589,3.5376148223876953,0.9063278148304589
23,2.457639694213867,-0.3328058123588562,3.526395797729492,0.9052961423665506
23,2.5797221660614014,-0.33303627371788025,3.516615152359009,0.9058727828971502
23,2.7019100189208984,-0.33327698707580566,3.5082523822784424,0.9072477127113245
23,2.8241822719573975,-0.33352723717689514,3.5012359619140625,0.909582721739772
23,2.946521759033203,-0.3337867558002472,3.4955058097839355,0.912876251696209
23,3.06891131401062,-0.3340553641319275,3.490962028503418,0.916664994833117
23,3.191335916519165,-0.334333211183548,3.4874942302703857,0.9211178191643755
23,3.313784599304199,-0.3346206843852997,3.485013484954834,0.9258544105959171
23,3.4362478256225586,-0.3349186182022095,3.4833920001983643,0.9308264085218758
23,3.558718681335449,-0.3352281153202057,3.4825398921966553,0.935874604939525
23,3.681192636489868,-0.3355505168437958,3.482354164123535,0.9409166285849632
23,3.8036458492279053,-0.3358880877494812,3.4827375411987305,0.9458123828721983
23,3.9260966777801514,-0.33624255657196045,3.483626127243042,0.9504593124365583
23,4.048324108123779,-0.33661651611328125,3.4849348068237305,0.9549452680572155
23,4.1705474853515625,-0.33701369166374207,3.4866151809692383,0.9588762956199846
23,4.291672706604004,-0.33743348717689514,3.4886021614074707,0.9625338556769976
23,4.409546852111816,-0.3378722071647644,3.4908065795898438,0.9657134892353539
23,4.5274152755737305,-0.3383447527885437,3.4932610988616943,0.9684068713807106
23,4.6389384269714355,-0.33882901072502136,3.4957997798919678,0.9706743483187636
23,4.741983890533447,-0.33931463956832886,3.498333215713501,0.9724052690848468
23,4.845024108886719,-0.33984240889549255,3.501051902770996,0.9737443423121073
23,4.940170764923096,-0.34037330746650696,3.503736972808838,0.9746930900237412
23,5.030119895935059,-0.34091946482658386,3.5064401626586914,0.9753043027651348
23,5.117630481719971,-0.3414982259273529,3.5092320442199707,0.9756164269049763
23,5.204350471496582,-0.3421248197555542,3.512166738510132,0.9756491231639475
23,5.2909088134765625,-0.34281110763549805,3.5152790546417236,0.975375605242956
23,5.377458572387695,-0.34356775879859924,3.51859450340271,0.974814725575261
23,5.463984489440918,-0.3444059491157532,3.5221383571624756,0.9739817277432604
23,5.550498008728027,-0.3453398048877716,3.5259413719177246,0.9728727586843124
23,5.636997699737549,-0.3463855981826782,3.5300333499908447,0.9714961210491013
23,5.723479270935059,-0.3475639820098877,3.5344438552856445,0.9698679512398001
23,5.81017541885376,-0.34890490770339966,3.5392181873321533,0.968002380184091
23,5.898630619049072,-0.3504736125469208,3.5445027351379395,0.9658656093090021
23,5.985159873962402,-0.35224294662475586,3.5501370429992676,0.9636395083407324
23,6.072996616363525,-0.3543217182159424,3.556401491165161,0.9614156516780116
23,6.163483619689941,-0.35682129859924316,3.5635268688201904,0.9592994501856431
23,6.25699520111084,-0.35986319184303284,3.5717201232910156,0.9574873689265647
23,6.353158950805664,-0.36356961727142334,3.581141710281372,0.956302338667068
23,6.450809478759766,-0.3680422008037567,3.5919055938720703,0.9562312673998057
23,6.522960662841797,-0.3718748390674591,3.6008331775665283,0.9569316857866981
23,6.548415660858154,-0.37334519624710083,3.6042330265045166,0.9572406315330891
23,6.574213981628418,-0.3749040961265564,3.607799768447876,0.9576925423473487
23,6.599767208099365,-0.3765193521976471,3.611433267593384,0.9583461597453005
23,6.625411510467529,-0.378213495016098,3.6151649951934814,0.9592048916861187
23,6.651091575622559,-0.3799874782562256,3.6189820766448975,0.9602459822345722
23,6.676827430725098,-0.3818482458591461,3.6228911876678467,0.9614589137069122
23,6.702621936798096,-0.3838021159172058,3.6268999576568604,0.9628361454059574
23,6.728256702423096,-0.38583725690841675,3.630981683731079,0.964376598529745
23,6.753940582275391,-0.3879725933074951,3.6351726055145264,0.9661103342231333
23,6.779665470123291,-0.39020949602127075,3.6394717693328857,0.9680544222801448
23,6.805366039276123,-0.3925434947013855,3.6438639163970947,0.9702098429887178
23,6.8311004638671875,-0.3949815332889557,3.6483542919158936,0.9725888638051675
23,6.856861591339111,-0.3975265920162201,3.6529366970062256,0.9751991229824843
23,6.882441520690918,-0.4001621901988983,3.6575698852539062,0.9780388094747567
23,6.908027648925781,-0.4029107093811035,3.6622848510742188,0.9811295790980759
23,6.933624267578125,-0.4057769775390625,3.6670806407928467,0.9844987824840471
23,6.959235191345215,-0.4087657928466797,3.6719558238983154,0.9881651462163052
23,6.984856128692627,-0.41188111901283264,3.676907539367676,0.9921801828563931
23,7.01027774810791,-0.41510123014450073,3.6818909645080566,0.9965522313057524
23,7.035698890686035,-0.418452650308609,3.686940908432007,1.0013459585606275
23,7.061113357543945,-0.421936571598053,3.6920528411865234,1.0066011637008374
23,7.086514949798584,-0.4255535304546356,3.6972217559814453,1.012365237402798
23,7.111684799194336,-0.42927125096321106,3.7024013996124268,1.0187027092968575
23,7.136834144592285,-0.4331173002719879,3.7076330184936523,1.0255656977756302
23,7.161957740783691,-0.4370858371257782,3.71291184425354,1.0329406392707128
23,7.187052249908447,-0.4411694407463074,3.7182323932647705,1.0408485340669527
23,7.212100028991699,-0.4453563988208771,3.7235844135284424,1.0492095091526668
23,7.236917018890381,-0.44960227608680725,3.7289185523986816,1.0579040912220372
23,7.261695861816406,-0.4539251923561096,3.734267473220825,1.0669112013088085
23,7.286419868469238,-0.4583074748516083,3.739619016647339,1.0762310087287066
23,7.3111066818237305,-0.46273815631866455,3.7449634075164795,1.0858184606653647
23,7.335563659667969,-0.46716779470443726,3.750246524810791,1.095783851193566
23,7.359987735748291,-0.4716172218322754,3.7554965019226074,1.1058411878214978
23,7.384958744049072,-0.476176381111145,3.760819673538208,1.115981274863477
23,7.40958833694458,-0.48066842555999756,3.7660157680511475,1.126323599422148
23,7.433565616607666,-0.485023558139801,3.771009922027588,1.1363295219494065
23,7.458065032958984,-0.4894384741783142,3.776031732559204,1.1463540350473256
23,7.48229455947876,-0.4937587380409241,3.780902862548828,1.1558641536823313
23,7.5064544677734375,-0.4980109632015228,3.7856521606445312,1.1657266131266832
23,7.5296430587768555,-0.5020316243171692,3.7900962829589844,1.1741221125143646
23,7.5537285804748535,-0.506134569644928,3.794588088989258,1.1829219263005102
23,7.57754373550415,-0.5101078152656555,3.7988953590393066,1.191230716114076
23,7.601337432861328,-0.5139890313148499,3.803056240081787,1.199080313589515
23,7.62510871887207,-0.5177743434906006,3.807063579559326,1.20646755039023
23,7.648855209350586,-0.521460771560669,3.8109114170074463,1.213394109444653
23,7.672575950622559,-0.5250464081764221,3.8145956993103027,1.219865912089094
23,7.696232318878174,-0.5285206437110901,3.818110704421997,1.226063072015468
23,7.719671249389648,-0.5318571925163269,3.8214361667633057,1.2317188694486734
23,7.743610858917236,-0.5351583361625671,3.8246731758117676,1.236942475808513
23,7.767012596130371,-0.5382792353630066,3.82767915725708,1.2418286244107084
23,7.790370464324951,-0.5412907004356384,3.8305253982543945,1.2461952041034168
23,7.813681125640869,-0.5441946983337402,3.8332157135009766,1.250302264388909
23,7.836315631866455,-0.546916127204895,3.8356828689575195,1.2539642978515526
23,7.859616756439209,-0.549622118473053,3.838082790374756,1.257271210751494
23,7.882870197296143,-0.5522266626358032,3.8403401374816895,1.260435158856249
23,7.905991077423096,-0.5547207593917847,3.8424534797668457,1.2633927497301662
23,7.929070949554443,-0.5571181178092957,3.844438314437866,1.2661417336697798
23,7.951936721801758,-0.5594056844711304,3.8462882041931152,1.268714472865242
23,7.974748134613037,-0.5616045594215393,3.848024368286133,1.2711939312329799
23,7.997503280639648,-0.5637192726135254,3.8496553897857666,1.2736501304656038
23,8.020200729370117,-0.5657546520233154,3.851189136505127,1.2761531789766083
23,8.04283618927002,-0.5677165985107422,3.852635622024536,1.2788261840382413
23,8.06542682647705,-0.5696125626564026,3.8540022373199463,1.281811751202124
23,8.087900161743164,-0.5714455842971802,3.855292320251465,1.2850452842941347
23,8.110282897949219,-0.5732269883155823,3.8565094470977783,1.28867716583078
23,8.132600784301758,-0.5749645829200745,3.8576478958129883,1.2927174749635937
23,8.154851913452148,-0.576659083366394,3.858691692352295,1.2970704809049507
23,8.17699146270752,-0.5783003568649292,3.8596136569976807,1.3014908378574066
23,8.199140548706055,-0.5798832774162292,3.860386371612549,1.3056279530814503
23,8.221226692199707,-0.5813819766044617,3.8609704971313477,1.3090724915939667
23,8.243249893188477,-0.5827727913856506,3.861334800720215,1.311425046984824
23,8.26520824432373,-0.584032416343689,3.8614556789398193,1.3123495449460167
23,8.287099838256836,-0.5851430296897888,3.8613264560699463,1.3116232136542114
23,8.308919906616211,-0.5860980153083801,3.8609609603881836,1.3091509817726328
23,8.330667495727539,-0.586904764175415,3.860393762588501,1.3049759223640711
23,8.35234260559082,-0.5875827074050903,3.8596725463867188,1.299301451770803
23,8.373976707458496,-0.5881596803665161,3.8588502407073975,1.2925195694841443
23,8.395609855651855,-0.5886617302894592,3.85797119140625,1.2853273754265357
23,8.417237281799316,-0.5891098976135254,3.857072353363037,1.278326348064459
23,8.438865661621094,-0.5895206928253174,3.856180191040039,1.271879470705214
23,8.460495948791504,-0.5899067521095276,3.8553128242492676,1.2662563346660087
23,8.48212718963623,-0.590277910232544,3.854480743408203,1.2616269338224921
23,8.50376033782959,-0.5906416177749634,3.8536882400512695,1.2580689620917884
23,8.525394439697266,-0.5910026431083679,3.852933645248413,1.25558651632575
23,8.547030448913574,-0.5913628339767456,3.8522095680236816,1.254317059972988
23,8.568666458129883,-0.5917214751243591,3.851503610610962,1.2538993553641764
23,8.590302467346191,-0.5920752882957458,3.850799560546875,1.2540733133177806
23,8.611939430236816,-0.5924179553985596,3.8500778675079346,1.2547529738162109
23,8.633573532104492,-0.5927391648292542,3.849318265914917,1.2558723824673934
23,8.655206680297852,-0.5930249691009521,3.848497152328491,1.2573008208486733
23,8.676837921142578,-0.5932599306106567,3.8475942611694336,1.2588070763412456
23,8.698464393615723,-0.5934281349182129,3.8465921878814697,1.2601022708419263
23,8.720086097717285,-0.5935157537460327,3.845479965209961,1.2608926262507314
23,8.74170207977295,-0.5935117602348328,3.8442535400390625,1.2610647465209008
23,8.763311386108398,-0.5934093594551086,3.8429155349731445,1.2605520372452976
23,8.784913063049316,-0.5932076573371887,3.841477632522583,1.2593709122958363
23,8.80650806427002,-0.592911958694458,3.8399569988250732,1.2576245649558895
23,8.828097343444824,-0.5925328731536865,3.8383750915527344,1.2554542085518656
23,8.849682807922363,-0.5920860171318054,3.8367557525634766,1.253231163833414
23,8.87126636505127,-0.591590166091919,3.835120677947998,1.251354031473895
23,8.892848014831543,-0.5910650491714478,3.833487033843994,1.2499949397519636
23,8.91443157196045,-0.5905290842056274,3.8318660259246826,1.2492161053687745
23,8.936016082763672,-0.5899984836578369,3.8302624225616455,1.2490509179725227
23,8.957602500915527,-0.5894866585731506,3.8286755084991455,1.2495089988413188
23,8.979190826416016,-0.5890059471130371,3.827099561691284,1.250568593996249
23,9.000779151916504,-0.5885668396949768,3.8255250453948975,1.2521605107849638
23,9.022367477416992,-0.5881769061088562,3.823937177658081,1.2541954252639633
23,9.043954849243164,-0.587840735912323,3.822319269180298,1.2564543056161928
23,9.065539360046387,-0.5875590443611145,3.8206512928009033,1.2587763475042058
23,9.087119102478027,-0.5873286724090576,3.81891131401062,1.261023515984889
23,9.108691215515137,-0.5871432423591614,3.8170785903930664,1.2630692738030889
23,9.130253791809082,-0.5869929790496826,3.8151321411132812,1.2648017240084715
23,9.151803970336914,-0.5868661403656006,3.8130548000335693,1.266160580767971
23,9.17333984375,-0.5867500901222229,3.810831308364868,1.2669492999263605
23,9.194859504699707,-0.5866338610649109,3.808452606201172,1.2671082489010224
23,9.216360092163086,-0.5865081548690796,3.8059144020080566,1.2667005838172918
23,9.237841606140137,-0.5863667726516724,3.8032169342041016,1.265742078668693
23,9.259303092956543,-0.5862085819244385,3.800365447998047,1.2642524071624106
23,9.280744552612305,-0.5860379338264465,3.7973697185516357,1.2622552454493368
23,9.302167892456055,-0.5858639478683472,3.794243097305298,1.2597858877545902
23,9.32357406616211,-0.5856993794441223,3.7910027503967285,1.2568927839685986
23,9.344964981079102,-0.5855573415756226,3.7876651287078857,1.2536872383182904
23,9.36634349822998,-0.5854508280754089,3.7842442989349365,1.2503361089712584
23,9.387710571289062,-0.5853919386863708,3.780755043029785,1.2469158812475436
23,9.409069061279297,-0.5853909254074097,3.777208089828491,1.2434599534975181
23,9.430418014526367,-0.5854566097259521,3.7736101150512695,1.2399753000536786
23,9.451759338378906,-0.5855956077575684,3.7699642181396484,1.2364448267785888
23,9.473091125488281,-0.5858123302459717,3.766270637512207,1.232815177798466
23,9.494414329528809,-0.5861093997955322,3.762526035308838,1.2289178011157489
23,9.515725135803223,-0.5864883065223694,3.7587244510650635,1.224721568221721
23,9.537022590637207,-0.5869467258453369,3.7548604011535645,1.2202075370342629
23,9.558306694030762,-0.5874802470207214,3.7509281635284424,1.2153269330684053
23,9.579575538635254,-0.5880823731422424,3.7469234466552734,1.2100483825686765
23,9.600828170776367,-0.5887451171875,3.74284291267395,1.2043622192581123
23,9.622063636779785,-0.5894595384597778,3.7386860847473145,1.198157366214067
23,9.643282890319824,-0.5902178287506104,3.734452724456787,1.1914306944287698
23,9.664485931396484,-0.5910105109214783,3.730146884918213,1.1844485081106433
23,9.685674667358398,-0.5918270945549011,3.7257750034332275,1.1772817370803155
23,9.7068510055542,-0.5926585793495178,3.7213451862335205,1.169997835146962
23,9.72801685333252,-0.5934966206550598,3.7168664932250977,1.1626544015045834
23,9.749174118041992,-0.5943344235420227,3.7123494148254395,1.155123213492521
23,9.770325660705566,-0.5951669216156006,3.7078030109405518,1.1475033426807981
23,9.791473388671875,-0.5959890484809875,3.7032370567321777,1.1399022503556588
23,9.812620162963867,-0.5967959761619568,3.6986615657806396,1.1322921589179062
23,9.83376693725586,-0.5975831151008606,3.6940855979919434,1.1246391715147368
23,9.8549165725708,-0.5983457565307617,3.6895182132720947,1.116876842198767
23,9.876070976257324,-0.5990796089172363,3.6849677562713623,1.1087539661058414
23,9.897231101989746,-0.5997798442840576,3.6804425716400146,1.1005082451763895
23,9.918400764465332,-0.6004404425621033,3.675950288772583,1.0921716463699833
23,9.939579963684082,-0.6010554432868958,3.6714982986450195,1.0837498591408248
23,9.960769653320312,-0.6016184687614441,3.667093515396118,1.0752615408587407
23,9.981972694396973,-0.6021235585212708,3.6627421379089355,1.0666071199103417
23,10.003189086914062,-0.6025656461715698,3.658449649810791,1.0578738058381136
23,10.024419784545898,-0.6029403209686279,3.654221296310425,1.0492816852409022
23,10.045663833618164,-0.6032444834709167,3.65006160736084,1.0409739941520126
23,10.066924095153809,-0.6034772396087646,3.645974636077881,1.0329869055188534
23,10.088199615478516,-0.6036397814750671,3.6419644355773926,1.0253824579631152
23,10.109490394592285,-0.6037363409996033,3.6380345821380615,1.0181065579839503
23,10.130796432495117,-0.6037733554840088,3.634187936782837,1.0112015690785277
23,10.152125358581543,-0.6037588119506836,3.6304256916046143,1.0047533370986592
23,10.173538208007812,-0.6037021279335022,3.626737594604492,0.9987285444197167
23,10.194965362548828,-0.60361248254776,3.623135805130005,0.9930977704112073
23,10.216727256774902,-0.6034969091415405,3.619567394256592,0.9877241145196891
23,10.239397048950195,-0.6033600568771362,3.6159415245056152,0.9824525680196331
23,10.263774871826172,-0.6032037138938904,3.612140655517578,0.9770357720091657
23,10.288166999816895,-0.6030442714691162,3.6084344387054443,0.9720096756845756
23,10.314785957336426,-0.6028733849525452,3.6044952869415283,0.9667542071492582
23,10.343381881713867,-0.6026995182037354,3.6003806591033936,0.9614046719804336
23,10.371994018554688,-0.602537989616394,3.5963826179504395,0.9562504027092269
23,10.40178394317627,-0.602386474609375,3.5923409461975098,0.9510356211585224
23,10.432031631469727,-0.6022513508796692,3.588355541229248,0.9459131685953025
23,10.462292671203613,-0.6021363139152527,3.584479331970215,0.9408979885605566
23,10.49266529083252,-0.6020424962043762,3.580683708190918,0.9360372404502191
23,10.52304744720459,-0.6019707322120667,3.5769710540771484,0.9313558887920066
23,10.553448677062988,-0.6019214391708374,3.5733232498168945,0.9267646782027129
23,10.583854675292969,-0.6018940210342407,3.5697286128997803,0.922314585180339
23,10.614267349243164,-0.6018880009651184,3.5661776065826416,0.9179258300457733
23,10.644682884216309,-0.6019023656845093,3.5626578330993652,0.9135411147554583
23,10.675100326538086,-0.6019366979598999,3.5591628551483154,0.9091850771573275
23,10.705521583557129,-0.6019906997680664,3.55568528175354,0.9048430355665453
23,10.735942840576172,-0.6020645499229431,3.5522193908691406,0.9005206269532988
23,10.766366004943848,-0.602158784866333,3.5487618446350098,0.8961899438651679
23,10.796789169311523,-0.6022746562957764,3.5453078746795654,0.8918484039438989
23,10.8272123336792,-0.6024135947227478,3.5418553352355957,0.8874688356640937
23,10.857634544372559,-0.6025774478912354,3.5384011268615723,0.8830240129542295
23,10.888056755065918,-0.6027688384056091,3.5349419116973877,0.8784830597122604
23,10.918477058410645,-0.6029900312423706,3.531475305557251,0.8738765479960615
23,10.948896408081055,-0.6032443642616272,3.527998447418213,0.8692203998549
23,10.979313850402832,-0.6035350561141968,3.524508237838745,0.8644405097947887
23,11.009729385375977,-0.6038655638694763,3.5210018157958984,0.8595930493918474
23,11.040142059326172,-0.604240357875824,3.5174753665924072,0.8546310119759916
23,11.070551872253418,-0.6046630144119263,3.513925313949585,0.8495162225952041
23,11.100956916809082,-0.6051392555236816,3.5103461742401123,0.8442742648848319
23,11.131356239318848,-0.6056743860244751,3.506732940673828,0.838820890269698
23,11.161749839782715,-0.6062736511230469,3.5030808448791504,0.8332553693017921
23,11.192137718200684,-0.6069443225860596,3.499382972717285,0.8275261293896616
23,11.222517013549805,-0.6076921820640564,3.495634078979492,0.8215871483389048
23,11.252888679504395,-0.6085255742073059,3.4918267726898193,0.8155294430394981
23,11.283256530761719,-0.6094532012939453,3.487952470779419,0.8091800377898805
23,11.31361198425293,-0.6104831099510193,3.4840047359466553,0.8026702156341453
23,11.343977928161621,-0.6116269826889038,3.479970932006836,0.7959925390767757
23,11.3743257522583,-0.6128923892974854,3.475846767425537,0.7890853284916765
23,11.404719352722168,-0.6142932176589966,3.4716148376464844,0.7820808903210672
23,11.435230255126953,-0.6158464550971985,3.4672579765319824,0.7749266557861534
23,11.465715408325195,-0.6175565719604492,3.4627907276153564,0.7676133083561741
23,11.496421813964844,-0.6194530129432678,3.45817232131958,0.760097137894114
23,11.527098655700684,-0.6215243935585022,3.453433036804199,0.7524777322806887
23,11.562973022460938,-0.6241636276245117,3.447720766067505,0.7437798577070988
23,11.627861976623535,-0.6294814944267273,3.436946392059326,0.7288445978974474
23,11.692604064941406,-0.6354745030403137,3.4256508350372314,0.7146576700009665
23,11.762916564941406,-0.6426904201507568,3.412792205810547,0.6998100119429493
23,11.83304214477539,-0.6505577564239502,3.399311065673828,0.6861014130488666
23,11.959239959716797,-0.6662865877151489,3.3731915950775146,0.6623309048481507
23,12.076943397521973,-0.6827002763748169,3.346437454223633,0.6409688565124003
23,12.173095703125,-0.6971784830093384,3.322676420211792,0.6250319386702329
23,12.289870262145996,-0.7152424454689026,3.2916977405548096,0.6065138331864344
23,12.301799774169922,-0.7170917391777039,3.2884039878845215,0.6046986009392281
24,0.9424222707748413,0.9759211540222168,2.44120454788208,0.9438757669781165
24,1.056083083152771,0.9762163758277893,2.3999686241149902,0.9212135634799032
24,1.1704797744750977,0.9765409231185913,2.357757091522217,0.8952166538888456
24,1.2847603559494019,0.9768933653831482,2.315232515335083,0.8674399923898688
24,1.3994404077529907,0.9772769808769226,2.2726593017578125,0.8374014677401518
24,1.514281153678894,0.9776935577392578,2.230522394180298,0.8056674666372573
24,1.629630208015442,0.9781482815742493,2.1894519329071045,0.771652386086545
24,1.7456079721450806,0.9786468744277954,2.1501989364624023,0.7378168183420316
24,1.8534027338027954,0.9791529774665833,2.1167047023773193,0.7052038628749707
24,1.9716010093688965,0.97976154088974,2.0846755504608154,0.6760595422081053
24,2.0662877559661865,0.9802932143211365,2.0637075901031494,0.6558606553084011
24,2.18719744682312,0.9810305833816528,2.0443718433380127,0.6449996230046278
24,2.2739195823669434,0.9815986752510071,2.036121129989624,0.6438815964590671
24,2.396301031112671,0.982448160648346,2.032144069671631,0.6585104976426878
24,2.4688174724578857,0.9829742312431335,2.0337486267089844,0.6715669417006469
24,2.5910356044769287,0.9838874340057373,2.0414490699768066,0.703193072474854
24,2.663346767425537,0.9844405055046082,2.0485000610351562,0.7228695583741586
24,2.7849624156951904,0.9853847622871399,2.062929630279541,0.7584969032748278
24,2.8662259578704834,0.9860239028930664,2.0739095211029053,0.7815892583086066
24,2.9874765872955322,0.9869894981384277,2.0911529064178467,0.8138818808159917
24,3.080547332763672,0.9877413511276245,2.1047580242156982,0.8368048653062795
24,3.2017552852630615,0.9887407422065735,2.1222970485687256,0.86324047354806
24,3.3230202198028564,0.9897693991661072,2.1394357681274414,0.8861758964005032
24,3.444383144378662,0.9908395409584045,2.1558635234832764,0.9071235738557224
24,3.565847158432007,0.9919620752334595,2.1715197563171387,0.9237564702616966
24,3.687417507171631,0.9931492209434509,2.1863253116607666,0.9388513222625923
24,3.8090696334838867,0.994418203830719,2.2002615928649902,0.9513269721936393
24,3.9308130741119385,0.9957805871963501,2.2133655548095703,0.9617195813475024
24,4.052421569824219,0.9972541332244873,2.2256362438201904,0.9710425086393726
24,4.173015594482422,0.9988439679145813,2.237043857574463,0.9779518821787384
24,4.293672561645508,1.000579833984375,2.2477381229400635,0.9842715285000003
24,4.411147594451904,1.002434492111206,2.257504940032959,0.9893947365207972
24,4.528667449951172,1.0044705867767334,2.266680955886841,0.9934159752010183
24,4.639899730682373,1.006589412689209,2.2748610973358154,0.9967075767273503
24,4.742705821990967,1.0087370872497559,2.2820210456848145,0.9991246361507091
24,4.845531940460205,1.0110876560211182,2.2888264656066895,1.0009686620800669
24,4.9404988288879395,1.0134612321853638,2.2948215007781982,1.0023059229547762
24,5.030292987823486,1.0159058570861816,2.3002543449401855,1.0032348554868318
24,5.117663860321045,1.018491268157959,2.3053383827209473,1.0038405121976557
24,5.204255104064941,1.021275520324707,2.3101954460144043,1.0041831689635516
24,5.290692329406738,1.0242985486984253,2.314878463745117,1.0042740931214194
24,5.377127647399902,1.0275912284851074,2.319410562515259,1.0041726066702776
24,5.463543891906738,1.031182050704956,2.3238048553466797,1.0039231554215646
24,5.549951553344727,1.0351067781448364,2.328075647354126,1.0035506155376168
24,5.637583255767822,1.0394688844680786,2.3322932720184326,1.0030970239662047
24,5.72878360748291,1.044460654258728,2.336576223373413,1.002615523651446
24,5.823883533477783,1.0502101182937622,2.340942621231079,1.0021810949275058
24,5.920120716094971,1.0566576719284058,2.3452720642089844,1.0019006664342238
24,6.016312122344971,1.0638009309768677,2.3495194911956787,1.002056052337781
24,6.115729808807373,1.071991205215454,2.3538320064544678,1.0028582798189996
24,6.217835426330566,1.081339716911316,2.3581836223602295,1.0046390391459468
24,6.321976184844971,1.0919235944747925,2.362550735473633,1.007707287752283
24,6.426003932952881,1.103591799736023,2.366859197616577,1.0122102828759407
24,6.532122611999512,1.1165730953216553,2.371302843093872,1.0187434584735218
24,6.623730659484863,1.1285210847854614,2.3754172325134277,1.028090656444138
24,6.653593063354492,1.1325236558914185,2.376864194869995,1.0312563062950721
24,6.680781841278076,1.1362130641937256,2.37821102142334,1.0341190249014
24,6.708590984344482,1.1400322914123535,2.379603385925293,1.0371131330294783
24,6.736330509185791,1.1438874006271362,2.3809993267059326,1.04025454195249
24,6.763179779052734,1.1476600170135498,2.3823561668395996,1.0433750288679153
24,6.7899885177612305,1.1514619588851929,2.3837194442749023,1.0465686449521598
24,6.816710472106934,1.1552813053131104,2.3850910663604736,1.0498223841076455
24,6.843386173248291,1.1591178178787231,2.386477470397949,1.0530719924358702
24,6.87005090713501,1.1629705429077148,2.3878848552703857,1.0563265123202004
24,6.8967061042785645,1.1668341159820557,2.389317035675049,1.0595708602892824
24,6.923345565795898,1.1707026958465576,2.3907761573791504,1.0627682958825226
24,6.9499640464782715,1.1745703220367432,2.392263650894165,1.0658862528272912
24,6.9766340255737305,1.1784428358078003,2.3937854766845703,1.0689182114334919
24,7.003255367279053,1.1823018789291382,2.395336627960205,1.0718158081120817
24,7.029846668243408,1.1861459016799927,2.396919012069702,1.074552211457923
24,7.056403160095215,1.1899704933166504,2.3985321521759033,1.0771042064677447
24,7.082960605621338,1.1937772035598755,2.400178909301758,1.0794637491793322
24,7.109478950500488,1.1975570917129517,2.4018564224243164,1.0816266569090847
24,7.135953903198242,1.2013064622879028,2.403563976287842,1.0835994271873266
24,7.1623759269714355,1.205020785331726,2.4053001403808594,1.0853841687270713
24,7.188751220703125,1.2086982727050781,2.407064437866211,1.0869567323579457
24,7.215075969696045,1.2123368978500366,2.408856153488159,1.08830650147492
24,7.241347312927246,1.2159351110458374,2.4106736183166504,1.0894207011337858
24,7.267642498016357,1.2195029258728027,2.4125216007232666,1.0902978644584254
24,7.293877601623535,1.223029375076294,2.4143924713134766,1.0909296995590456
24,7.32004976272583,1.2265146970748901,2.416285276412964,1.0913135355231987
24,7.346091270446777,1.2299511432647705,2.4181926250457764,1.091455692347255
24,7.372064590454102,1.2333486080169678,2.420117139816284,1.091343497795626
24,7.3979668617248535,1.2367093563079834,2.4220564365386963,1.090978159302359
24,7.423795223236084,1.240035891532898,2.4240076541900635,1.0903619904078423
24,7.449547290802002,1.2433310747146606,2.4259674549102783,1.0894931493836735
24,7.476151943206787,1.2467161417007446,2.4280037879943848,1.0883580160877697
24,7.502758979797363,1.2500869035720825,2.4300479888916016,1.087001936286625
24,7.5289740562438965,1.2533966302871704,2.4320647716522217,1.085407749475711
24,7.554765701293945,1.256645679473877,2.434046983718872,1.0835604973265434
24,7.579769134521484,1.259791612625122,2.435962200164795,1.0815617929390773
24,7.605567932128906,1.2630367279052734,2.4379284381866455,1.0792254869665752
24,7.631011009216309,1.2662383317947388,2.439854145050049,1.0766342067176418
24,7.65636682510376,1.269432544708252,2.441758394241333,1.0738127445121544
24,7.681541919708252,1.2726104259490967,2.4436328411102295,1.0707276919365927
24,7.706113815307617,1.2757197618484497,2.4454445838928223,1.0674883846953946
24,7.731353282928467,1.278918981552124,2.4472851753234863,1.064087687413292
24,7.7569661140441895,1.2821621894836426,2.449130058288574,1.0604301198601152
24,7.782516956329346,1.2853771448135376,2.4509434700012207,1.0565070351256014
24,7.808008193969727,1.2885369062423706,2.4527206420898438,1.0522581858264608
24,7.8334431648254395,1.2915964126586914,2.4544553756713867,1.0475401372276563
24,7.858828544616699,1.2944828271865845,2.456141948699951,1.0421134797030425
24,7.884097576141357,1.2970830202102661,2.457775354385376,1.0357452313154683
24,7.909326553344727,1.299303650856018,2.459367275238037,1.0288742293970001
24,7.934510231018066,1.3011345863342285,2.460923671722412,1.0222532023623836
24,7.95966911315918,1.3026798963546753,2.462442636489868,1.016237556609829
24,7.984757900238037,1.304065465927124,2.4639110565185547,1.0105900469399434
24,8.009771347045898,1.3053746223449707,2.4653146266937256,1.0049904317290168
24,8.03470516204834,1.3066385984420776,2.4666404724121094,0.999410824906987
24,8.05955982208252,1.3078588247299194,2.4678802490234375,0.9939829189962495
24,8.084243774414062,1.3090193271636963,2.469027519226074,0.9887734513033606
24,8.108845710754395,1.3101089000701904,2.4700894355773926,0.9837620977881847
24,8.1333646774292,1.3111109733581543,2.4710707664489746,0.9789245762573197
24,8.157797813415527,1.3120120763778687,2.4719767570495605,0.9742280991958339
24,8.182144165039062,1.3128015995025635,2.4728121757507324,0.9696456905396913
24,8.206403732299805,1.3134746551513672,2.4735805988311768,0.9651701886628257
24,8.230481147766113,1.3140289783477783,2.47428297996521,0.9608135730482275
24,8.254467964172363,1.31447172164917,2.4749245643615723,0.9566040550603551
24,8.278363227844238,1.3148107528686523,2.4755077362060547,0.9525613062227466
24,8.301911354064941,1.315050482749939,2.4760284423828125,0.9486952106731111
24,8.325335502624512,1.3152018785476685,2.4764931201934814,0.9450136497674483
24,8.349069595336914,1.3152722120285034,2.4769105911254883,0.9414229219266649
24,8.37267017364502,1.3152645826339722,2.4772722721099854,0.9379396716435379
24,8.396201133728027,1.315185546875,2.4775795936584473,0.9345080430472552
24,8.419661521911621,1.3150408267974854,2.4778330326080322,0.9311009638789375
24,8.4430513381958,1.3148354291915894,2.478034019470215,0.9277134567218777
24,8.466371536254883,1.3145732879638672,2.4781832695007324,0.924350592331522
24,8.489622116088867,1.3142578601837158,2.4782824516296387,0.9210113008388927
24,8.512803077697754,1.3138923645019531,2.4783337116241455,0.9176860445678292
24,8.535914421081543,1.3134796619415283,2.4783387184143066,0.9143690046476307
24,8.55888843536377,1.3130232095718384,2.478300094604492,0.9110770203555628
24,8.581794738769531,1.3125231266021729,2.478219985961914,0.9078165152521186
24,8.604634284973145,1.3119791746139526,2.478100061416626,0.9046013910438186
24,8.627405166625977,1.311390995979309,2.4779419898986816,0.901435365549207
24,8.65010929107666,1.3107585906982422,2.477747678756714,0.8983104978307985
24,8.672745704650879,1.310082197189331,2.4775185585021973,0.895209453521076
24,8.695316314697266,1.3093633651733398,2.4772560596466064,0.8921091453249463
24,8.71782112121582,1.3086044788360596,2.476962089538574,0.8889848890544398
24,8.74026107788086,1.3078091144561768,2.4766385555267334,0.8858136972963384
24,8.762635231018066,1.3069809675216675,2.476287364959717,0.8825781014964348
24,8.784945487976074,1.306124210357666,2.4759113788604736,0.8792690162881454
24,8.807191848754883,1.3052423000335693,2.4755125045776367,0.875886035855858
24,8.829375267028809,1.304337739944458,2.475093126296997,0.8724368270580469
24,8.851496696472168,1.3034119606018066,2.4746551513671875,0.8689332689783165
24,8.873556137084961,1.3024652004241943,2.4742000102996826,0.8653882620248519
24,8.895554542541504,1.3014971017837524,2.473729133605957,0.8618115756265929
24,8.917491912841797,1.300506830215454,2.473243236541748,0.8582084173664873
24,8.939369201660156,1.2994935512542725,2.472743511199951,0.8545759123444149
24,8.961228370666504,1.298454761505127,2.4722304344177246,0.8509034555467762
24,8.98302936553955,1.297392725944519,2.471705913543701,0.8471956029471462
24,9.00477409362793,1.2963080406188965,2.4711716175079346,0.8434476283625916
24,9.026461601257324,1.2952022552490234,2.4706296920776367,0.8396567526688847
24,9.048099517822266,1.2940765619277954,2.4700818061828613,0.8358214243979994
24,9.069735527038574,1.2929295301437378,2.4695284366607666,0.8319214127429048
24,9.091348648071289,1.2917633056640625,2.468972682952881,0.8279676199926277
24,9.112959861755371,1.2905775308609009,2.4684157371520996,0.8239628591158816
24,9.134570121765137,1.2893719673156738,2.4678590297698975,0.8199138134123557
24,9.15617847442627,1.2881462574005127,2.4673044681549072,0.8158266147855784
24,9.177785873413086,1.2868995666503906,2.4667530059814453,0.8117069402641667
24,9.199392318725586,1.2856311798095703,2.4662060737609863,0.8075601982372197
24,9.22099781036377,1.2843401432037354,2.465664863586426,0.8033915946647202
24,9.242602348327637,1.283026099205017,2.4651308059692383,0.7992044784303446
24,9.264204978942871,1.2816886901855469,2.4646048545837402,0.7950023169576084
24,9.285806655883789,1.2803280353546143,2.4640891551971436,0.7907864752309515
24,9.30740737915039,1.278944492340088,2.4635846614837646,0.786558276874493
24,9.32900619506836,1.2775384187698364,2.4630930423736572,0.7823196530974857
24,9.350605010986328,1.2761104106903076,2.462616205215454,0.7780728542170064
24,9.372201919555664,1.2746609449386597,2.462155342102051,0.7738214702235374
24,9.393797874450684,1.2731901407241821,2.461711883544922,0.7695675404678819
24,9.415392875671387,1.271698236465454,2.4612865447998047,0.7653149144103353
24,9.436986923217773,1.2701853513717651,2.460880756378174,0.761066078591815
24,9.458579063415527,1.2686513662338257,2.4604947566986084,0.7568235277130072
24,9.480171203613281,1.2670965194702148,2.4601292610168457,0.7525893273048659
24,9.501761436462402,1.2655205726623535,2.4597842693328857,0.7483650460094099
24,9.52334976196289,1.2639236450195312,2.4594600200653076,0.7441539002644392
24,9.544938087463379,1.2623058557510376,2.4591562747955322,0.739957118832159
24,9.566524505615234,1.2606672048568726,2.4588725566864014,0.7357727864264262
24,9.588109970092773,1.2590080499649048,2.4586081504821777,0.7316013621259863
24,9.609694480895996,1.2573285102844238,2.458362579345703,0.7274428517177915
24,9.63127613067627,1.2556288242340088,2.458134174346924,0.7232974034536709
24,9.652857780456543,1.2539089918136597,2.4579215049743652,0.7191651798751623
24,9.674437522888184,1.252168893814087,2.4577224254608154,0.7150471950669074
24,9.696015357971191,1.250408411026001,2.4575347900390625,0.7109471141986254
24,9.717592239379883,1.2486271858215332,2.457355499267578,0.7068640246026663
24,9.739167213439941,1.2468247413635254,2.457181692123413,0.7027966824495014
24,9.76073932647705,1.2450007200241089,2.4570095539093018,0.6987450379642915
24,9.782310485839844,1.2431552410125732,2.4568357467651367,0.6947096206257999
24,9.803879737854004,1.241288423538208,2.4566569328308105,0.6906907041571877
24,9.825447082519531,1.2394007444381714,2.4564692974090576,0.6866901690850374
24,9.847012519836426,1.2374931573867798,2.4562697410583496,0.6827234980394351
24,9.868577003479004,1.2355672121047974,2.456055164337158,0.6787869526660809
24,9.890138626098633,1.2336241006851196,2.4558229446411133,0.6748831079820852
24,9.911698341369629,1.231665849685669,2.455570697784424,0.6710213108308114
24,9.933258056640625,1.2296942472457886,2.455296039581299,0.6672098000498435
24,9.954814910888672,1.227711796760559,2.454996347427368,0.6634544195282378
24,9.976371765136719,1.2257208824157715,2.4546687602996826,0.6597599688812228
24,9.997926712036133,1.2237244844436646,2.454310417175293,0.6561476661127614
24,10.019481658935547,1.2217254638671875,2.453918218612671,0.6526176685643876
24,10.041035652160645,1.2197270393371582,2.45348858833313,0.649163942646451
24,10.062588691711426,1.217732548713684,2.4530186653137207,0.6457896112160681
24,10.084141731262207,1.2157453298568726,2.4525058269500732,0.6424976446588547
24,10.105694770812988,1.2137688398361206,2.451946496963501,0.6392905055504595
24,10.12724781036377,1.2118065357208252,2.451338052749634,0.636169623113548
24,10.148807525634766,1.209861397743225,2.450676918029785,0.6331394514728813
24,10.170368194580078,1.2079373598098755,2.449960470199585,0.6302012091212785
24,10.191998481750488,1.2060316801071167,2.4491827487945557,0.6273356099712939
24,10.21395206451416,1.2041264772415161,2.448329210281372,0.6245198246321905
24,10.236806869506836,1.2021774053573608,2.447369337081909,0.6216879707755886
24,10.261368751525879,1.2001255750656128,2.446254014968872,0.6187767577061712
24,10.285930633544922,1.1981220245361328,2.445049285888672,0.6160448512007135
24,10.312718391418457,1.1959967613220215,2.443631649017334,0.6131609810281344
24,10.341477394104004,1.193790316581726,2.441986322402954,0.6102395097503037
24,10.370235443115234,1.1916673183441162,2.440211057662964,0.6074687026345823
24,10.400158882141113,1.1895545721054077,2.438222885131836,0.6046922859624275
24,10.430078506469727,1.187546968460083,2.4360878467559814,0.6021472077002422
24,10.46043872833252,1.185623288154602,2.4337685108184814,0.5996630162527932
24,10.49089241027832,1.183815360069275,2.4312849044799805,0.5973338213889023
24,10.521340370178223,1.1821345090866089,2.428643226623535,0.5951669533132103
24,10.551791191101074,1.1805857419967651,2.4258413314819336,0.5931029401710955
24,10.582234382629395,1.1791738271713257,2.422880172729492,0.5912319464427807
24,10.612667083740234,1.1779028177261353,2.4197604656219482,0.5894660211526327
24,10.643088340759277,1.1767760515213013,2.416483163833618,0.5878319134389529
24,10.673498153686523,1.175796389579773,2.4130496978759766,0.5863576695955084
24,10.70389461517334,1.1749671697616577,2.4094626903533936,0.5849933985249008
24,10.734275817871094,1.174290418624878,2.405724287033081,0.5837870772786473
24,10.764642715454102,1.1737676858901978,2.4018375873565674,0.5826898564299969
24,10.794992446899414,1.1734000444412231,2.397805690765381,0.5817091966646315
24,10.825324058532715,1.173188328742981,2.393632173538208,0.5808676105361658
24,10.85563850402832,1.1731328964233398,2.3893208503723145,0.5801350989401342
24,10.885931968688965,1.1732343435287476,2.3848767280578613,0.5795714718170043
24,10.916205406188965,1.173492431640625,2.3803036212921143,0.5791283406373796
24,10.94645881652832,1.173906683921814,2.3756067752838135,0.5788056176134322
24,10.976691246032715,1.174475908279419,2.370790481567383,0.578627230515214
24,11.006901741027832,1.175199031829834,2.3658597469329834,0.5785670503597117
24,11.037090301513672,1.1760741472244263,2.3608202934265137,0.5786909252652354
24,11.067255973815918,1.1771000623703003,2.355677604675293,0.5789581720096146
24,11.097400665283203,1.1782739162445068,2.3504374027252197,0.5793570457873273
24,11.127522468566895,1.1795932054519653,2.345104694366455,0.5799109176804977
24,11.157621383666992,1.1810551881790161,2.3396847248077393,0.5805995088671808
24,11.187700271606445,1.182656168937683,2.334183931350708,0.5814951313582083
24,11.217756271362305,1.184393048286438,2.3286070823669434,0.5825365029679189
24,11.247794151306152,1.1862616539001465,2.3229598999023438,0.5837174242222025
24,11.277810096740723,1.1882578134536743,2.317247152328491,0.5850603543282941
24,11.307814598083496,1.1903777122497559,2.311472177505493,0.5865804536776523
24,11.337824821472168,1.192617416381836,2.305637836456299,0.5882783861804978
24,11.367815017700195,1.1949710845947266,2.2997522354125977,0.5901268624676097
24,11.397851943969727,1.1974388360977173,2.2938082218170166,0.5921209349349251
24,11.427871704101562,1.200011968612671,2.2878215312957764,0.594267354218727
24,11.458012580871582,1.2026982307434082,2.2817704677581787,0.5966068164075885
24,11.488382339477539,1.205502986907959,2.2756381034851074,0.599156596305969
24,11.51873779296875,1.2083969116210938,2.269475221633911,0.6018359611142367
24,11.55426025390625,1.2118757963180542,2.2622222900390625,0.6051831242327892
24,11.618590354919434,1.2183650732040405,2.249008893966675,0.6115569595717407
24,11.682881355285645,1.2250629663467407,2.235713243484497,0.6183742885516554
24,11.752842903137207,1.2324997186660767,2.221169948577881,0.6264189462279495
24,11.822790145874023,1.2400007247924805,2.2065913677215576,0.6352343650507422
24,11.949182510375977,1.2533797025680542,2.180091381072998,0.6512968200987734
24,12.075581550598145,1.2663222551345825,2.1534106731414795,0.6676861878671866
24,12.176717758178711,1.276152491569519,2.1319334506988525,0.68127477617069
24,12.295753479003906,1.2866750955581665,2.1065876483917236,0.6974705068700027
24,12.414880752563477,1.295844316482544,2.0811502933502197,0.7129285366636071
24,12.534296989440918,1.3034124374389648,2.0556347370147705,0.7278519178576106
24,12.653813362121582,1.3092254400253296,2.0301294326782227,0.7413695543638059
24,12.75232982635498,1.312558889389038,2.009272336959839,0.7526348947872872
25,0.8969970345497131,-0.4184194803237915,3.5344045162200928,0.9753025885688947
25,1.0153850317001343,-0.4185159206390381,3.5098347663879395,0.9658573596076192
25,1.1338200569152832,-0.4186251163482666,3.485492467880249,0.955988642067231
25,1.2533611059188843,-0.4187491834163666,3.461441993713379,0.9456833028866697
25,1.373419165611267,-0.418888658285141,3.4379870891571045,0.9358025319862368
25,1.4936378002166748,-0.4190441966056824,3.4153695106506348,0.9260088507274352
25,1.614156723022461,-0.4192168116569519,3.393744945526123,0.9167838880343137
25,1.7348766326904297,-0.4194068908691406,3.3732733726501465,0.9085255369483237
25,1.8558398485183716,-0.4196148216724396,3.3541266918182373,0.9008108331399339
25,1.977029800415039,-0.41984057426452637,3.3364455699920654,0.8948920086635356
25,2.098440647125244,-0.42008405923843384,3.32035231590271,0.8898645718257705
25,2.220064163208008,-0.4203445613384247,3.3059511184692383,0.8863337484463413
25,2.3418827056884766,-0.4206215739250183,3.293304204940796,0.8846769567059338
25,2.4638726711273193,-0.42091402411460876,3.2824385166168213,0.8841333527006161
25,2.5860061645507812,-0.4212211072444916,3.273322582244873,0.8856336452240113
25,2.708254814147949,-0.4215420186519623,3.2659125328063965,0.88825209019294
25,2.830589532852173,-0.4218761920928955,3.260089874267578,0.8920166886331474
25,2.9529857635498047,-0.42222335934638977,3.255751132965088,0.8969863132232115
25,3.075422525405884,-0.42258355021476746,3.252749443054199,0.9025010029945395
25,3.1978821754455566,-0.4229573905467987,3.2509212493896484,0.9086803676859205
25,3.3203535079956055,-0.42334553599357605,3.2501442432403564,0.9151027380490458
25,3.442826986312866,-0.4237496256828308,3.250246047973633,0.9216923104117702
25,3.5652976036071777,-0.42417144775390625,3.2511069774627686,0.9281804880961346
25,3.6877620220184326,-0.42461326718330383,3.2526018619537354,0.9345548581236213
25,3.810199022293091,-0.42507874965667725,3.254608392715454,0.9406354419518154
25,3.9326281547546387,-0.42557063698768616,3.2570533752441406,0.9462738618880685
25,4.054830551147461,-0.42609307169914246,3.2598369121551514,0.9516471016758126
25,4.175933837890625,-0.42664670944213867,3.262878656387329,0.95621215510417
25,4.297030448913574,-0.42724090814590454,3.266157627105713,0.9604158178843771
25,4.414875507354736,-0.42786598205566406,3.269538402557373,0.9640284617774321
25,4.532715320587158,-0.42854368686676025,3.2730908393859863,0.9669708273914333
25,4.644211292266846,-0.42924216389656067,3.276597738265991,0.9693918620058868
25,4.7472310066223145,-0.42994624376296997,3.279966354370117,0.9711944943968204
25,4.850246429443359,-0.4307147264480591,3.283465623855591,0.972468024245487
25,4.945369720458984,-0.4314902424812317,3.286825180053711,0.9732775196769425
25,5.035297393798828,-0.43229034543037415,3.290126085281372,0.9736806667335898
25,5.122786521911621,-0.43314042687416077,3.293463945388794,0.9737171171287273
25,5.2094855308532715,-0.43406298756599426,3.296907424926758,0.9734039799752441
25,5.296021461486816,-0.4350760877132416,3.300497531890869,0.9727261570252131
25,5.382549285888672,-0.4361957609653473,3.3042633533477783,0.9716472603600161
25,5.469051361083984,-0.4374389052391052,3.308232545852661,0.970206294420811
25,5.555540561676025,-0.4388263523578644,3.3124375343322754,0.9683878119864942
25,5.6420135498046875,-0.4403837025165558,3.3169121742248535,0.9661966160865763
25,5.729115009307861,-0.4421578645706177,3.321727752685547,0.963634158344733
25,5.81897497177124,-0.4442484676837921,3.327061891555786,0.9606547612918388
25,5.912804126739502,-0.44677260518074036,3.3330907821655273,0.9572381035834014
25,6.010424613952637,-0.449849396944046,3.339956521987915,0.9533984585635469
25,6.107971668243408,-0.45348507165908813,3.3475449085235596,0.9495775088352792
25,6.204720973968506,-0.45776546001434326,3.355924606323242,0.9460391431589034
25,6.301339149475098,-0.46286290884017944,3.3652944564819336,0.9431368872109126
25,6.403745174407959,-0.4693387746810913,3.3764729499816895,0.9413454024565209
25,6.506335735321045,-0.4771519899368286,3.389159917831421,0.9416909994270346
25,6.556900978088379,-0.4815469980239868,3.396050453186035,0.9428470805165975
25,6.607362747192383,-0.486328125,3.4034299850463867,0.9453652561113014
25,6.634668827056885,-0.48908936977386475,3.407609462738037,0.9469454495893774
25,6.661651611328125,-0.49194490909576416,3.411841869354248,0.9488935536904819
25,6.6885762214660645,-0.4949246346950531,3.4161553382873535,0.951214946997643
25,6.715491771697998,-0.49803832173347473,3.420555591583252,0.9538948072639571
25,6.742419719696045,-0.501292884349823,3.425048351287842,0.9569302310509876
25,6.769352436065674,-0.5046899914741516,3.429635524749756,0.9603283224875857
25,6.796298503875732,-0.5082318186759949,3.4343180656433105,0.9641259956424632
25,6.823120594024658,-0.5118995904922485,3.439066171646118,0.9683249934789834
25,6.849946975708008,-0.5157087445259094,3.4438931941986084,0.9729559852210107
25,6.876771926879883,-0.5196571350097656,3.4487884044647217,0.9780335345883624
25,6.9035964012146,-0.5237445831298828,3.4537417888641357,0.9835760930022923
25,6.930426120758057,-0.5279721617698669,3.458744764328003,0.9896139616306238
25,6.957120418548584,-0.5323171615600586,3.463763952255249,0.9961697376969505
25,6.983814716339111,-0.5367990732192993,3.468816041946411,1.0032762230571963
25,7.010502815246582,-0.5414130091667175,3.4738917350769043,1.010911965701033
25,7.037181377410889,-0.5461517572402954,3.4789814949035645,1.0190432127623743
25,7.063722133636475,-0.5509821772575378,3.4840524196624756,1.0276165178523098
25,7.090238094329834,-0.5559101104736328,3.489119529724121,1.0364097112273443
25,7.116740703582764,-0.560921847820282,3.49417781829834,1.0454680227380622
25,7.143228054046631,-0.566001296043396,3.499217987060547,1.0547763168840942
25,7.169698238372803,-0.5711315870285034,3.504232406616211,1.064414876922666
25,7.196028232574463,-0.5762705206871033,3.5091912746429443,1.0744114898564525
25,7.222326755523682,-0.5814235210418701,3.5141143798828125,1.0848154968527637
25,7.248579025268555,-0.586571455001831,3.5189952850341797,1.095602662963803
25,7.274807453155518,-0.5917009115219116,3.5238304138183594,1.1066663762288695
25,7.3008904457092285,-0.5967666506767273,3.5285916328430176,1.1180810201977178
25,7.326952934265137,-0.6017715930938721,3.5332956314086914,1.129581528761742
25,7.352975368499756,-0.606692910194397,3.5379390716552734,1.1410913941502863
25,7.378976345062256,-0.6115167140960693,3.54251766204834,1.1524839529716657
25,7.4049553871154785,-0.6162253618240356,3.5470194816589355,1.1639837902316967
25,7.430788040161133,-0.620774507522583,3.5514161586761475,1.1746831992662814
25,7.457337856292725,-0.6252996921539307,3.5558412075042725,1.1855798358788394
25,7.482596397399902,-0.6294428706169128,3.55995774269104,1.1961257758229782
25,7.508951663970947,-0.633592426776886,3.5641510486602783,1.2058531026955528
25,7.534724235534668,-0.6374695301055908,3.5681376457214355,1.2153641991476596
25,7.560340881347656,-0.6411317586898804,3.5719823837280273,1.2241745233213892
25,7.585926055908203,-0.6445922255516052,3.5756986141204834,1.232514319536693
25,7.611477851867676,-0.6478440165519714,3.5792739391326904,1.2405458230082764
25,7.636958599090576,-0.6508863568305969,3.5826961994171143,1.2477092750977765
25,7.662367820739746,-0.6537184715270996,3.5859668254852295,1.2544560962520601
25,7.687736511230469,-0.6563436388969421,3.5890860557556152,1.2606998889934447
25,7.713059902191162,-0.6587603092193604,3.5920517444610596,1.266357421260937
25,7.738199710845947,-0.6609532237052917,3.594850778579712,1.2714572799989197
25,7.763286113739014,-0.6629369258880615,3.5974972248077393,1.2761036768518261
25,7.788313865661621,-0.6647198796272278,3.5999927520751953,1.279850414780916
25,7.813183307647705,-0.6663041114807129,3.602332592010498,1.283216762437537
25,7.836930751800537,-0.6676346063613892,3.6044349670410156,1.2860175525618387
25,7.861815452575684,-0.668849527835846,3.6065075397491455,1.2881828182574602
25,7.886626720428467,-0.6698845624923706,3.608447313308716,1.289795835960453
25,7.911360263824463,-0.6707432866096497,3.610260248184204,1.2907510361005445
25,7.936202526092529,-0.6714383363723755,3.6119699478149414,1.2910443574998451
25,7.960842609405518,-0.6719679236412048,3.6135683059692383,1.2905182447289818
25,7.985253810882568,-0.6723305583000183,3.615067720413208,1.2888694251500774
25,8.009462356567383,-0.6725407838821411,3.6164817810058594,1.2861220847103203
25,8.033578872680664,-0.6726222038269043,3.6178221702575684,1.2817092534512744
25,8.057602882385254,-0.6726012229919434,3.6190829277038574,1.2751780622784183
25,8.081533432006836,-0.6725146174430847,3.620243549346924,1.266168257263777
25,8.10537338256836,-0.6724003553390503,3.6212663650512695,1.254470574290678
25,8.129130363464355,-0.6722894310951233,3.6220908164978027,1.2402114758012444
25,8.152804374694824,-0.6721956729888916,3.6226375102996826,1.224140067348621
25,8.176392555236816,-0.6720988154411316,3.622819185256958,1.2077686366798062
25,8.199889183044434,-0.6719306111335754,3.6225626468658447,1.193178736300137
25,8.223281860351562,-0.671582818031311,3.6218361854553223,1.1824104624123006
25,8.24655818939209,-0.6709415912628174,3.6206657886505127,1.1767816411136864
25,8.2698974609375,-0.6699168086051941,3.619117498397827,1.17643028349404
25,8.293113708496094,-0.6684877872467041,3.617314338684082,1.180377554009317
25,8.316194534301758,-0.6666892766952515,3.615380048751831,1.186708527651484
25,8.339146614074707,-0.6645864248275757,3.6134190559387207,1.193653655383216
25,8.361454963684082,-0.6623060703277588,3.6115496158599854,1.1996532154479198
25,8.383763313293457,-0.6598562598228455,3.609753370285034,1.2039388500278208
25,8.406037330627441,-0.6572957634925842,3.6080434322357178,1.2063341330528201
25,8.428275108337402,-0.6546676158905029,3.6064131259918213,1.2069433179067928
25,8.45047378540039,-0.6520012021064758,3.6048476696014404,1.2058978755961272
25,8.472630500793457,-0.6493145227432251,3.6033287048339844,1.203287116138941
25,8.494912147521973,-0.6466009020805359,3.6018259525299072,1.1991814440201256
25,8.517105102539062,-0.6438961625099182,3.600330114364624,1.1938012013941737
25,8.53920841217041,-0.6412061452865601,3.598815679550171,1.187471091460974
25,8.561222076416016,-0.6385307312011719,3.5972557067871094,1.1807020628503597
25,8.583142280578613,-0.6358588337898254,3.5956246852874756,1.174259467611139
25,8.604965209960938,-0.633162796497345,3.593904495239258,1.1691508587958757
25,8.62668514251709,-0.6303992867469788,3.5920917987823486,1.1664041323354617
25,8.648381233215332,-0.6275089979171753,3.5901925563812256,1.166737258863903
25,8.669962882995605,-0.6244504451751709,3.5882365703582764,1.169580072571449
25,8.69156265258789,-0.621148943901062,3.5862343311309814,1.1748299993075564
25,8.713031768798828,-0.6175777316093445,3.584214210510254,1.1822978605249295
25,8.734363555908203,-0.6137022972106934,3.582185983657837,1.1914599601116023
25,8.755553245544434,-0.6095015406608582,3.580150842666626,1.2016778990151356
25,8.776627540588379,-0.6049633622169495,3.578096866607666,1.2122992195559918
25,8.797616958618164,-0.6000877618789673,3.5759990215301514,1.2224409304548192
25,8.818523406982422,-0.5948968529701233,3.5738255977630615,1.2304916518957556
25,8.839345932006836,-0.5894264578819275,3.5715348720550537,1.2369180230800574
25,8.860086441040039,-0.5837257504463196,3.569075584411621,1.241661946612849
25,8.880753517150879,-0.5778552293777466,3.566396713256836,1.2448354661703276
25,8.90135383605957,-0.5718836784362793,3.5634498596191406,1.2452511224092668
25,8.921900749206543,-0.565886914730072,3.560189723968506,1.2429599197280756
25,8.942400932312012,-0.5599335432052612,3.556577444076538,1.2396100380931947
25,8.962861061096191,-0.5540952682495117,3.552576780319214,1.2354709129326689
25,8.983290672302246,-0.5484505891799927,3.548156976699829,1.23033003505467
25,9.003694534301758,-0.5430857539176941,3.5432987213134766,1.2238282367478577
25,9.024079322814941,-0.5380850434303284,3.537991523742676,1.2167829798285648
25,9.044445991516113,-0.5335332155227661,3.532230854034424,1.2092291218802715
25,9.064791679382324,-0.5295001864433289,3.526024341583252,1.2027707004869175
25,9.085107803344727,-0.526039719581604,3.519392490386963,1.1976484640621043
25,9.105382919311523,-0.5231806635856628,3.512362003326416,1.1925885964468572
25,9.125605583190918,-0.5209328532218933,3.504965305328369,1.187568206093846
25,9.145759582519531,-0.5192709565162659,3.4972333908081055,1.1833976905052987
25,9.165831565856934,-0.5181521773338318,3.489198684692383,1.179236996953008
25,9.185818672180176,-0.517538845539093,3.480900287628174,1.1733830803644119
25,9.205720901489258,-0.5173971056938171,3.4723780155181885,1.1670047529724232
25,9.225542068481445,-0.5177004337310791,3.463674306869507,1.1596857294330019
25,9.245293617248535,-0.5184569358825684,3.4548399448394775,1.149831309224399
25,9.264984130859375,-0.5196810960769653,3.4459240436553955,1.1396929640287154
25,9.284624099731445,-0.5213866829872131,3.436974287033081,1.1292230061983568
25,9.304222106933594,-0.5236099362373352,3.428046941757202,1.1184729288537436
25,9.323781967163086,-0.5263632535934448,3.4191837310791016,1.1077263866859
25,9.343302726745605,-0.5296403169631958,3.4104127883911133,1.0960700881589316
25,9.362785339355469,-0.5334262847900391,3.401762008666992,1.0844698455366886
25,9.382225036621094,-0.5376639366149902,3.3932271003723145,1.0729723835519174
25,9.401622772216797,-0.5422796010971069,3.3847897052764893,1.0606696313455493
25,9.420979499816895,-0.5471923351287842,3.3764288425445557,1.0470600167287507
25,9.440299034118652,-0.5523309111595154,3.3681154251098633,1.0322230598567683
25,9.459582328796387,-0.5576269626617432,3.3598172664642334,1.0164854327827388
25,9.478837966918945,-0.5630277991294861,3.3515233993530273,1.0013982888581567
25,9.49807071685791,-0.5685011148452759,3.3432228565216064,0.9870873940285835
25,9.517285346984863,-0.5740228295326233,3.334912061691284,0.973183731584693
25,9.536490440368652,-0.5795651078224182,3.3265938758850098,0.9588361560431964
25,9.55568790435791,-0.5851097106933594,3.3182592391967773,0.9450558952214283
25,9.574881553649902,-0.5906374454498291,3.309905767440796,0.9314596660439829
25,9.594083786010742,-0.5961124897003174,3.301535129547119,0.9177984409463908
25,9.613298416137695,-0.6015053987503052,3.2931413650512695,0.9040559326377974
25,9.632534980773926,-0.6067774295806885,3.2847201824188232,0.8901917847402326
25,9.65180778503418,-0.6118746399879456,3.276276111602783,0.8766430794755479
25,9.671127319335938,-0.6167601346969604,3.2678110599517822,0.8634861528185839
25,9.69050121307373,-0.6213964223861694,3.259331464767456,0.8510681300787531
25,9.709942817687988,-0.6257407665252686,3.2508533000946045,0.8393769459338131
25,9.72945785522461,-0.629771888256073,3.2423887252807617,0.8283522150796448
25,9.749051094055176,-0.6334736943244934,3.2339532375335693,0.818560263362556
25,9.768726348876953,-0.6368325352668762,3.225567102432251,0.809736526392369
25,9.788483619689941,-0.6398486495018005,3.21724271774292,0.801673289774698
25,9.808320045471191,-0.6425271034240723,3.2089922428131104,0.794812978371513
25,9.828235626220703,-0.6448745727539062,3.2008306980133057,0.7888324774666887
25,9.848224639892578,-0.6469045877456665,3.192763566970825,0.7835486612007517
25,9.868281364440918,-0.6486316919326782,3.184797763824463,0.7792544257135443
25,9.888404846191406,-0.6500737071037292,3.176940441131592,0.7757000428408468
25,9.908587455749512,-0.6512507200241089,3.169194459915161,0.772671174151261
25,9.928826332092285,-0.6521836519241333,3.161561965942383,0.7702318759527889
25,9.949118614196777,-0.6528951525688171,3.154046058654785,0.7682916301016842
25,9.96945858001709,-0.6534064412117004,3.1466476917266846,0.7665625356124811
25,9.989845275878906,-0.6537378430366516,3.1393661499023438,0.7650024310055439
25,10.010275840759277,-0.6539103984832764,3.132201671600342,0.7637068965526254
25,10.030746459960938,-0.6539425253868103,3.1251533031463623,0.7624178825993526
25,10.05125617980957,-0.6538507342338562,3.118218183517456,0.7610958301242119
25,10.071802139282227,-0.6536499261856079,3.111394166946411,0.7597494588013567
25,10.092382431030273,-0.6533535122871399,3.10467791557312,0.7583586384854232
25,10.112996101379395,-0.6529732942581177,3.0980660915374756,0.7568573454128374
25,10.133638381958008,-0.6525195837020874,3.0915539264678955,0.7552433366594236
25,10.154316902160645,-0.6520012617111206,3.085134506225586,0.7536045931305992
25,10.175088882446289,-0.6514245271682739,3.078784942626953,0.7518812228493631
25,10.195884704589844,-0.6507977247238159,3.0725207328796387,0.7500278376734029
25,10.21701431274414,-0.650116503238678,3.0662453174591064,0.7480674334238105
25,10.239034652709961,-0.6493657827377319,3.059793472290039,0.746033714033983
25,10.262722969055176,-0.6485200524330139,3.052946090698242,0.7437685566713366
25,10.2864351272583,-0.6476418375968933,3.0461831092834473,0.741282171803589
25,10.312320709228516,-0.6466566324234009,3.038898229598999,0.7385152637197526
25,10.340139389038086,-0.6455796360969543,3.0311756134033203,0.7353618229285499
25,10.3679838180542,-0.6444908976554871,3.0235488414764404,0.732020630231636
25,10.396984100341797,-0.643358051776886,3.0157032012939453,0.7284269242064164
25,10.426005363464355,-0.6422327160835266,3.0079398155212402,0.724577958443959
25,10.455476760864258,-0.6411073803901672,3.0001320838928223,0.7206152131478547
25,10.485060691833496,-0.6400038599967957,2.99235463142395,0.7163842573271175
25,10.514656066894531,-0.6389321684837341,2.9846208095550537,0.7120507749253485
25,10.544269561767578,-0.6379005908966064,2.9769084453582764,0.7075819633453811
25,10.573887825012207,-0.6369155645370483,2.969207286834717,0.7028835716887079
25,10.603506088256836,-0.6359847187995911,2.9614992141723633,0.6981086962966931
25,10.633118629455566,-0.6351155638694763,2.953765630722046,0.6930908497824958
25,10.66272258758545,-0.634314239025116,2.945991277694702,0.6879502029552065
25,10.692312240600586,-0.6335893273353577,2.9381539821624756,0.6826480018573169
25,10.721882820129395,-0.6329468488693237,2.9302380084991455,0.6771601684371471
25,10.751428604125977,-0.6323952078819275,2.922220230102539,0.6715838613833431
25,10.7809419631958,-0.6319417357444763,2.91408109664917,0.6657855470114156
25,10.810417175292969,-0.6315932869911194,2.9058010578155518,0.6599489874659463
25,10.839847564697266,-0.6313579082489014,2.8973560333251953,0.6540068660080572
25,10.86922550201416,-0.6312413811683655,2.888730525970459,0.6480146448244232
25,10.898544311523438,-0.6312501430511475,2.8799028396606445,0.642088065816022
25,10.92779541015625,-0.6313880681991577,2.870859146118164,0.6361940370841587
25,10.956974983215332,-0.6316586136817932,2.861586570739746,0.6304560380747755
25,10.986078262329102,-0.6320610046386719,2.8520796298980713,0.6249717374052177
25,11.015100479125977,-0.6325936317443848,2.842336654663086,0.6197366276906917
25,11.04404067993164,-0.6332511305809021,2.8323614597320557,0.6148700167484294
25,11.072898864746094,-0.6340261101722717,2.8221588134765625,0.6103044823845276
25,11.101673126220703,-0.6349114775657654,2.8117291927337646,0.6059701074664571
25,11.130359649658203,-0.6358965635299683,2.801072359085083,0.6019363047662396
25,11.158957481384277,-0.6369717717170715,2.7901856899261475,0.5980982644525035
25,11.187463760375977,-0.6381215453147888,2.7790706157684326,0.5946432173595103
25,11.215880393981934,-0.6393304467201233,2.767730951309204,0.5914260479106564
25,11.244208335876465,-0.6405771970748901,2.7561728954315186,0.5885646869361244
25,11.27245044708252,-0.6418390274047852,2.7444074153900146,0.5859972916932419
25,11.300617218017578,-0.6430906057357788,2.732443332672119,0.5837450111947805
25,11.32873249053955,-0.6443017721176147,2.7202913761138916,0.5818033654438072
25,11.356780052185059,-0.6454442143440247,2.7079761028289795,0.5801465097620616
25,11.384830474853516,-0.6464828252792358,2.6954970359802246,0.5787596186996113
25,11.412832260131836,-0.6473883986473083,2.6828975677490234,0.5776421659829993
25,11.440926551818848,-0.6481255292892456,2.670151710510254,0.5767553231410323
25,11.468993186950684,-0.6486645340919495,2.6573362350463867,0.5760922517603241
25,11.497275352478027,-0.6489694714546204,2.644380807876587,0.5756068581525338
25,11.525550842285156,-0.6490105986595154,2.6314079761505127,0.5754462538677461
25,11.558658599853516,-0.6486853361129761,2.6162307262420654,0.5755008076514656
25,11.618705749511719,-0.6469519734382629,2.588916301727295,0.5763164357085944
25,11.678881645202637,-0.6436210870742798,2.562035083770752,0.5780330057127675
25,11.744588851928711,-0.6380119919776917,2.5335395336151123,0.5805675924422283
25,11.810542106628418,-0.630127489566803,2.506171703338623,0.5842999785078312
25,11.930387496948242,-0.6106677055358887,2.460252523422241,0.591948843471742
25,12.050834655761719,-0.5843750834465027,2.4196197986602783,0.6003320584244335
25,12.164238929748535,-0.5540019273757935,2.3871912956237793,0.6087249334479535
25,12.278080940246582,-0.5186553001403809,2.3605732917785645,0.6166617987139351
25,12.391757011413574,-0.47901275753974915,2.339963674545288,0.6233384210385806
25,12.505149841308594,-0.4355984032154083,2.325047492980957,0.6276265833648988
25,12.56972599029541,-0.40928393602371216,2.3189990520477295,0.6292847411284772
26,1.2634330987930298,-0.6387391686439514,1.0978702306747437,1.0237130906050198
26,1.3463866710662842,-0.6390478610992432,1.0079957246780396,1.0742660302451827
26,1.4240779876708984,-0.6393985748291016,0.9135221242904663,1.1754279059973427
26,1.497743010520935,-0.6398663520812988,0.8158760666847229,1.3115319385229594
26,1.569726824760437,-0.6406087875366211,0.7168384194374084,1.4831038183504321
26,1.6470270156860352,-0.6416258215904236,0.6219589114189148,1.7066492362759973
26,1.6890807151794434,-0.6420975923538208,0.5798693895339966,1.7707019655101466
26,1.7884252071380615,-0.6424376368522644,0.5088249444961548,1.992335734898702
26,1.9012025594711304,-0.6415252089500427,0.4622822403907776,2.287115594929078
26,2.0222256183624268,-0.6387118697166443,0.44713059067726135,2.520682421602414
26,2.0951499938964844,-0.6362671852111816,0.4520868957042694,2.5192048411196906
26,2.211841344833374,-0.6318726539611816,0.48698991537094116,2.369146953138465
26,2.3143322467803955,-0.628322184085846,0.5532471537590027,2.18806445314014
26,2.412351369857788,-0.6271201968193054,0.6265413761138916,2.225385971007307
26,2.4478631019592285,-0.6271043419837952,0.6519169211387634,2.268101150770641
26,2.4941067695617676,-0.6272246241569519,0.6827386021614075,2.2442869973305135
26,2.5999276638031006,-0.6277735829353333,0.7442886829376221,2.2017362358505754
26,2.6701748371124268,-0.6281431317329407,0.7829340100288391,2.083073562730191
26,2.7756171226501465,-0.6285983324050903,0.8451906442642212,1.8137522853517918
26,2.8769211769104004,-0.6293419599533081,0.9139703512191772,1.5346331181264086
26,2.97622013092041,-0.6306475400924683,0.9856355786323547,1.3323480825450924
26,3.079613447189331,-0.632529079914093,1.051193118095398,1.2258554095576761
26,3.1884374618530273,-0.6341496109962463,1.107264757156372,1.168294906055883
26,3.2501938343048096,-0.6348351836204529,1.1338152885437012,1.1537060480841679
26,3.36506724357605,-0.6357977986335754,1.1762299537658691,1.126194898236399
26,3.482130289077759,-0.636492908000946,1.2121806144714355,1.1117165844729142
26,3.6005945205688477,-0.637054979801178,1.2432328462600708,1.0999476930590715
26,3.7200779914855957,-0.6375528573989868,1.2701077461242676,1.0924484743063971
26,3.840237855911255,-0.6380508542060852,1.2936787605285645,1.086747098042687
26,3.960918664932251,-0.6385756731033325,1.3144267797470093,1.0810241110721317
26,4.081762313842773,-0.6391510367393494,1.3327997922897339,1.0766046910044582
26,4.201803207397461,-0.6397883892059326,1.3490804433822632,1.0722581144987957
26,4.322064399719238,-0.6405017971992493,1.3636406660079956,1.0681920524433313
26,4.439261436462402,-0.6412824988365173,1.3764252662658691,1.0644605599578258
26,4.550269603729248,-0.6421104073524475,1.3874032497406006,1.0606393933810945
26,4.661368370056152,-0.6430361270904541,1.3974133729934692,1.0569194651831904
26,4.764091491699219,-0.6439915895462036,1.4059007167816162,1.0534341705074977
26,4.8589959144592285,-0.6449701189994812,1.4131468534469604,1.0500038875772597
26,4.95393705368042,-0.6460518836975098,1.4198734760284424,1.0464756234282522
26,5.043726444244385,-0.6471812129020691,1.4257971048355103,1.0430215173159996
26,5.1311116218566895,-0.6483902931213379,1.4311834573745728,1.0395263354627573
26,5.218484401702881,-0.6497200727462769,1.4362187385559082,1.0358764685770498
26,5.3079514503479,-0.6512212157249451,1.4410303831100464,1.031972835032946
26,5.396585941314697,-0.6528633832931519,1.445467472076416,1.0279309371714138
26,5.485232353210449,-0.6546773910522461,1.4495857954025269,1.0236430827725964
26,5.576414108276367,-0.656743049621582,1.4534924030303955,1.0189645148595408
26,5.67004919052124,-0.6591023802757263,1.4571553468704224,1.0138405753316604
26,5.765864372253418,-0.6617984771728516,1.4605293273925781,1.0082045482327235
26,5.863534927368164,-0.6648815274238586,1.4635621309280396,1.0019699832815954
26,5.963292121887207,-0.6684340238571167,1.4662045240402222,0.9950127816861845
26,6.0628132820129395,-0.672451913356781,1.4683277606964111,0.9872662832404991
26,6.162321090698242,-0.677018940448761,1.469861388206482,0.9792709320637214
26,6.263418197631836,-0.6822971701622009,1.470727562904358,0.9710203380873976
26,6.364478588104248,-0.6882964372634888,1.4707934856414795,0.9624635081347701
26,6.468280792236328,-0.6953357458114624,1.4698811769485474,0.9533160902406581
26,6.573755264282227,-0.7035835385322571,1.46779465675354,0.9435636234280115
26,6.679091453552246,-0.7131176590919495,1.4645172357559204,0.9336504880562947
26,6.705822944641113,-0.7157554030418396,1.4634954929351807,0.931109255594472
26,6.732539653778076,-0.7184990048408508,1.4623650312423706,0.9286280900178115
26,6.758996963500977,-0.7213372588157654,1.4611170291900635,0.9262210209066319
26,6.785266876220703,-0.7242868542671204,1.459739089012146,0.9238990402348523
26,6.811397552490234,-0.7273567318916321,1.4582281112670898,0.9216775176025712
26,6.8374738693237305,-0.7305586338043213,1.4565824270248413,0.9195559979478417
26,6.863401412963867,-0.7338842153549194,1.4548107385635376,0.9175564286005236
26,6.889297962188721,-0.7373531460762024,1.4529062509536743,0.9157183868331958
26,6.915163040161133,-0.7409738898277283,1.4508668184280396,0.914032405744725
26,6.940882205963135,-0.7447398900985718,1.4486980438232422,0.9125340138567357
26,6.9665141105651855,-0.7486697435379028,1.446392297744751,0.911239589335004
26,6.992047309875488,-0.7527706027030945,1.44394850730896,0.9101572042665442
26,7.017550468444824,-0.757061243057251,1.441359281539917,0.9093011534180796
26,7.042941570281982,-0.7615353465080261,1.438633918762207,0.9086904396562505
26,7.068212032318115,-0.7661975026130676,1.4357763528823853,0.9083352345260404
26,7.093427658081055,-0.7710665464401245,1.4327824115753174,0.9082439120853332
26,7.118511199951172,-0.7761343717575073,1.4296653270721436,0.9084100982275555
26,7.1435465812683105,-0.7814233899116516,1.4264190196990967,0.9088084725265393
26,7.168424129486084,-0.7869168519973755,1.4230635166168213,0.9094465179445042
26,7.1931538581848145,-0.792620837688446,1.4196046590805054,0.9103230954356364
26,7.217731952667236,-0.7985363602638245,1.4160511493682861,0.9114234924376904
26,7.242153644561768,-0.8046626448631287,1.4124120473861694,0.9126845003208048
26,7.26652193069458,-0.8110244870185852,1.4086798429489136,0.9141147959700187
26,7.290732383728027,-0.8175941109657288,1.4048792123794556,0.9157050156760234
26,7.314783573150635,-0.8243677020072937,1.401019811630249,0.9174316351038422
26,7.338760852813721,-0.831364631652832,1.3970962762832642,0.9191857081424248
26,7.362688064575195,-0.8385876417160034,1.393111228942871,0.9210281633997643
26,7.3864593505859375,-0.8459986448287964,1.3890892267227173,0.9229217326104195
26,7.410064220428467,-0.8535841107368469,1.385037899017334,0.9247731890634159
26,7.433628082275391,-0.8613699078559875,1.3809367418289185,0.9265198586242142
26,7.457047939300537,-0.8693047165870667,1.3768023252487183,0.9281568137797134
26,7.480329513549805,-0.8773669004440308,1.3726297616958618,0.9295750764538123
26,7.503587245941162,-0.8855668902397156,1.368388056755066,0.9306416974721842
26,7.526723384857178,-0.8938390612602234,1.3640835285186768,0.9314231385433228
26,7.549745559692383,-0.902155339717865,1.3597016334533691,0.9318083518804414
26,7.572763442993164,-0.9105236530303955,1.3552050590515137,0.9316595165630723
26,7.596028804779053,-0.9190035462379456,1.3505337238311768,0.931112618138497
26,7.618857383728027,-0.927318274974823,1.3458168506622314,0.9299506441496491
26,7.641701698303223,-0.935602068901062,1.3409610986709595,0.9281623350472207
26,7.66447639465332,-0.9437976479530334,1.335993766784668,0.9259267777151692
26,7.687190532684326,-0.9518885016441345,1.3309326171875,0.9232511219458854
26,7.709942817687988,-0.959889829158783,1.325783371925354,0.920039411242353
26,7.7326555252075195,-0.9677621126174927,1.320600986480713,0.9166147319379536
26,7.75563383102417,-0.9756049513816833,1.3153616189956665,0.9132267760268834
26,7.778375625610352,-0.9832429885864258,1.3102257251739502,0.9095098318590308
26,7.800833225250244,-0.990663468837738,1.3052476644515991,0.905900919648328
26,7.823676109313965,-0.9980933666229248,1.3003193140029907,0.9027285298095769
26,7.846532344818115,-1.00541353225708,1.2955571413040161,0.8995732786676605
26,7.869470596313477,-1.0126476287841797,1.2909741401672363,0.8966906226150815
26,7.8924241065979,-1.019777774810791,1.2866010665893555,0.8941874080783222
26,7.915390968322754,-1.0268055200576782,1.2824468612670898,0.8919528088143419
26,7.938416004180908,-1.033742904663086,1.2785062789916992,0.8898591054110392
26,7.9614481925964355,-1.040574550628662,1.2747834920883179,0.8880296810500552
26,7.9840216636657715,-1.0471630096435547,1.2713438272476196,0.8865101186709565
26,8.007107734680176,-1.0537933111190796,1.2680249214172363,0.8851501102383934
26,8.030235290527344,-1.0603232383728027,1.264892816543579,0.8838643739214824
26,8.053353309631348,-1.0667376518249512,1.2619450092315674,0.8828165621207851
26,8.076457977294922,-1.073035717010498,1.2591726779937744,0.8819990568814811
26,8.099546432495117,-1.0792161226272583,1.2565689086914062,0.8811692278877981
26,8.12258529663086,-1.085268497467041,1.254132866859436,0.8803730499386518
26,8.145599365234375,-1.0911991596221924,1.2518595457077026,0.8797421825202522
26,8.168584823608398,-1.0970115661621094,1.2497411966323853,0.8795423919404219
26,8.191214561462402,-1.1026296615600586,1.2477984428405762,0.8794059640629918
26,8.215456008911133,-1.1085327863693237,1.2458741664886475,0.8792369691082492
26,8.239622116088867,-1.114298939704895,1.2441179752349854,0.8792007504100989
26,8.263768196105957,-1.1199429035186768,1.2425235509872437,0.8793205543846507
26,8.28789234161377,-1.1254655122756958,1.2410882711410522,0.8795806056313411
26,8.312047958374023,-1.1308799982070923,1.2398072481155396,0.8797989557577968
26,8.336175918579102,-1.1361734867095947,1.2386815547943115,0.8801405512739789
26,8.360272407531738,-1.141347050666809,1.2377084493637085,0.8805896081829373
26,8.384336471557617,-1.1464009284973145,1.2368855476379395,0.8811253636061918
26,8.408364295959473,-1.1513357162475586,1.2362098693847656,0.8817276246009573
26,8.432628631591797,-1.1562068462371826,1.2356719970703125,0.8822659925402715
26,8.45674991607666,-1.1609371900558472,1.2352800369262695,0.8828640157082002
26,8.480829238891602,-1.1655477285385132,1.2350281476974487,0.8835220201391492
26,8.504794120788574,-1.170026183128357,1.2349133491516113,0.8842250053093955
26,8.52871036529541,-1.174385905265808,1.2349318265914917,0.884962456626417
26,8.55257511138916,-1.178626537322998,1.235080599784851,0.885591710297566
26,8.576432228088379,-1.1827561855316162,1.2353569269180298,0.8862205561476837
26,8.60023307800293,-1.1867663860321045,1.2357577085494995,0.886861855935735
26,8.623974800109863,-1.1906572580337524,1.2362797260284424,0.8875073984229087
26,8.647656440734863,-1.1944289207458496,1.2369199991226196,0.8881489407051466
26,8.671302795410156,-1.1980855464935303,1.2376762628555298,0.8887788701194058
26,8.694862365722656,-1.2016195058822632,1.2385436296463013,0.8893329018222538
26,8.718430519104004,-1.2050451040267944,1.2395225763320923,0.889800407383155
26,8.741963386535645,-1.2083557844161987,1.2406085729599,0.8902417294785652
26,8.765460014343262,-1.2115514278411865,1.2417986392974854,0.8906505010983754
26,8.788919448852539,-1.2146319150924683,1.2430899143218994,0.8910204546186652
26,8.812339782714844,-1.217597246170044,1.2444791793823242,0.8913486404019421
26,8.835674285888672,-1.2204416990280151,1.2459602355957031,0.8916279821632785
26,8.858966827392578,-1.223171591758728,1.2475327253341675,0.8918522108847208
26,8.882216453552246,-1.225786805152893,1.2491933107376099,0.8919910616781521
26,8.905448913574219,-1.228290319442749,1.250939965248108,0.8920134626085607
26,8.928634643554688,-1.2306792736053467,1.2527673244476318,0.8919756413371696
26,8.951772689819336,-1.2329540252685547,1.2546718120574951,0.891877556761012
26,8.974808692932129,-1.235109806060791,1.2566455602645874,0.891724025949565
26,8.997794151306152,-1.2371524572372437,1.2586891651153564,0.89149758710991
26,9.02072811126709,-1.2390823364257812,1.2607992887496948,0.8912001376741233
26,9.044000625610352,-1.2409309148788452,1.263009786605835,0.8908202322971377
26,9.067338943481445,-1.2426735162734985,1.265293836593628,0.8903773667986336
26,9.090633392333984,-1.244301438331604,1.2676377296447754,0.8898421407280708
26,9.113770484924316,-1.2458090782165527,1.2700258493423462,0.8892709658600868
26,9.136497497558594,-1.2471829652786255,1.272426962852478,0.8886207145738562
26,9.159101486206055,-1.2484447956085205,1.2748667001724243,0.8879099253463829
26,9.181644439697266,-1.2495992183685303,1.2773476839065552,0.8871320679949397
26,9.204124450683594,-1.2506473064422607,1.2798664569854736,0.8862707567936965
26,9.226536750793457,-1.2515897750854492,1.2824187278747559,0.8853394811391576
26,9.248881340026855,-1.2524278163909912,1.2850013971328735,0.8843489085571562
26,9.271124839782715,-1.2531614303588867,1.2876068353652954,0.8833018946298425
26,9.293299674987793,-1.2537931203842163,1.2902358770370483,0.882204590847984
26,9.315403938293457,-1.254323959350586,1.2928850650787354,0.881060086405511
26,9.337437629699707,-1.2547552585601807,1.2955513000488281,0.8798718227861966
26,9.359399795532227,-1.255088210105896,1.2982317209243774,0.878643179082904
26,9.381291389465332,-1.255324363708496,1.3009231090545654,0.8773776493484823
26,9.403111457824707,-1.255464792251587,1.303622841835022,0.8760789019054305
26,9.424859046936035,-1.2555110454559326,1.3063277006149292,0.8747541712428573
26,9.44660472869873,-1.2554640769958496,1.3090441226959229,0.87340164906104
26,9.468279838562012,-1.2553250789642334,1.3117605447769165,0.8720287664791891
26,9.489882469177246,-1.2550954818725586,1.3144744634628296,0.8706363243279616
26,9.511414527893066,-1.2547767162322998,1.3171833753585815,0.869221325320994
26,9.532892227172852,-1.2543696165084839,1.319886565208435,0.8677964828866113
26,9.554368019104004,-1.2538743019104004,1.322588324546814,0.8663648481671886
26,9.575841903686523,-1.253291130065918,1.3252861499786377,0.8649271739813533
26,9.59731388092041,-1.252621054649353,1.3279780149459839,0.8634946477406349
26,9.618783950805664,-1.2518646717071533,1.330661416053772,0.8620666247870439
26,9.640253067016602,-1.2510230541229248,1.3333340883255005,0.8606450481883133
26,9.66171932220459,-1.2500969171524048,1.3359941244125366,0.859234161210136
26,9.683184623718262,-1.2490874528884888,1.3386389017105103,0.8578201047963308
26,9.704647064208984,-1.247995376586914,1.34126615524292,0.8564191399409825
26,9.726107597351074,-1.2468218803405762,1.3438735008239746,0.8550374472225628
26,9.747567176818848,-1.2455681562423706,1.3464587926864624,0.8536902950903978
26,9.769023895263672,-1.2442352771759033,1.3490201234817505,0.8523784962165661
26,9.79047966003418,-1.242824673652649,1.3515558242797852,0.8511029883214335
26,9.811932563781738,-1.2413376569747925,1.3540639877319336,0.849868151433149
26,9.83338451385498,-1.2397756576538086,1.356542944908142,0.8486781286585262
26,9.854833602905273,-1.2381402254104614,1.3589911460876465,0.8475370105367258
26,9.876280784606934,-1.2364330291748047,1.3614070415496826,0.8464488987452874
26,9.897727012634277,-1.2346556186676025,1.3637892007827759,0.8454243951762875
26,9.919170379638672,-1.2328096628189087,1.3661364316940308,0.8444614256003772
26,9.94061279296875,-1.2308969497680664,1.368447184562683,0.8435598145188378
26,9.962052345275879,-1.228919267654419,1.3707201480865479,0.8427256606654018
26,9.983489990234375,-1.2268786430358887,1.3729547262191772,0.841962171742987
26,10.004926681518555,-1.2247769832611084,1.3751497268676758,0.841269098875224
26,10.026360511779785,-1.222616195678711,1.3773040771484375,0.8406236029027911
26,10.047794342041016,-1.220398187637329,1.3794164657592773,0.8400642226484526
26,10.069225311279297,-1.2181251049041748,1.3814866542816162,0.8395909632776605
26,10.090655326843262,-1.21579909324646,1.3835140466690063,0.839201837611454
26,10.112083435058594,-1.2134222984313965,1.3854987621307373,0.8388991587625306
26,10.133509635925293,-1.2109968662261963,1.38744056224823,0.838686485510846
26,10.15494155883789,-1.208524227142334,1.3893400430679321,0.8385693171145763
26,10.17644214630127,-1.2059991359710693,1.3912025690078735,0.8385522344062171
26,10.198262214660645,-1.2033931016921997,1.3930480480194092,0.8386562910960095
26,10.220081329345703,-1.2007461786270142,1.3948485851287842,0.8388650804203556
26,10.24279499053955,-1.1979495286941528,1.3966752290725708,0.8391397906556775
26,10.267204284667969,-1.1949009895324707,1.3985838890075684,0.839511482213077
26,10.293824195861816,-1.1915295124053955,1.4006030559539795,0.8400396435834754
26,10.320444107055664,-1.1881135702133179,1.40255868434906,0.8406931700868163
26,10.349023818969727,-1.1844019889831543,1.404590368270874,0.8415255599881566
26,10.377602577209473,-1.1806493997573853,1.406553864479065,0.8425670520536676
26,10.407341003417969,-1.1767065525054932,1.4085270166397095,0.8437971336261474
26,10.437520027160645,-1.1726715564727783,1.4104593992233276,0.8452262326837788
26,10.467700004577637,-1.168607234954834,1.4123215675354004,0.8468119876240319
26,10.497979164123535,-1.1645065546035767,1.4141234159469604,0.8485638440892301
26,10.52825927734375,-1.1603878736495972,1.4158625602722168,0.8505190275214173
26,10.558550834655762,-1.1562556028366089,1.4175435304641724,0.8526093919782095
26,10.588845252990723,-1.1521168947219849,1.41917085647583,0.8548675523797679
26,10.619141578674316,-1.1479759216308594,1.4207481145858765,0.8572400632428296
26,10.64944076538086,-1.143837571144104,1.4222787618637085,0.8597025179866533
26,10.679741859436035,-1.1397058963775635,1.4237669706344604,0.8623170304125543
26,10.710047721862793,-1.135585069656372,1.4252177476882935,0.865039435811798
26,10.7403564453125,-1.1314797401428223,1.426636815071106,0.8678783779544202
26,10.770668983459473,-1.1273926496505737,1.4280284643173218,0.8708194670352475
26,10.800986289978027,-1.1233279705047607,1.4293981790542603,0.873818474207558
26,10.831307411193848,-1.1192874908447266,1.4307481050491333,0.8768531800730042
26,10.861632347106934,-1.1152738332748413,1.4320824146270752,0.8799578907179065
26,10.891961097717285,-1.1112897396087646,1.4334064722061157,0.8831246574534571
26,10.922294616699219,-1.1073368787765503,1.43472421169281,0.8863350439241803
26,10.952632904052734,-1.1034175157546997,1.4360407590866089,0.8895965187230964
26,10.982975959777832,-1.0995330810546875,1.4373606443405151,0.8928613254986397
26,11.013322830200195,-1.0956839323043823,1.4386852979660034,0.8960786103307056
26,11.043673515319824,-1.0918707847595215,1.4400184154510498,0.8993098385885779
26,11.074028968811035,-1.0880942344665527,1.4413628578186035,0.9025192903536867
26,11.104388236999512,-1.084355115890503,1.4427225589752197,0.9057443839147136
26,11.134750366210938,-1.0806537866592407,1.4441012144088745,0.9089292290248888
26,11.165116310119629,-1.0769904851913452,1.445501446723938,0.912099849929503
26,11.195487022399902,-1.0733649730682373,1.4469268321990967,0.9152134023441088
26,11.225860595703125,-1.0697760581970215,1.4483774900436401,0.9182089783452745
26,11.256237983703613,-1.066223382949829,1.449856162071228,0.921191005460126
26,11.286626815795898,-1.0627059936523438,1.4513657093048096,0.9240977583324139
26,11.317017555236816,-1.0592243671417236,1.4529078006744385,0.9269480440638364
26,11.347434997558594,-1.0557754039764404,1.4544858932495117,0.929758869522379
26,11.37785530090332,-1.0523616075515747,1.4561001062393188,0.9324685172917045
26,11.408341407775879,-1.048974871635437,1.457755208015442,0.9351102999652924
26,11.438968658447266,-1.0456057786941528,1.459455132484436,0.9375633951724007
26,11.469597816467285,-1.0422700643539429,1.4611926078796387,0.9400311425537383
26,11.50047779083252,-1.038943886756897,1.462982416152954,0.9425341294236771
26,11.53135871887207,-1.035651683807373,1.464808464050293,0.9448647670878098
26,11.567514419555664,-1.031834602355957,1.4669848680496216,0.947438556412123
26,11.633028984069824,-1.0250012874603271,1.4710015058517456,0.9518326507783852
26,11.698549270629883,-1.0182843208312988,1.4751309156417847,0.9559174881533303
26,11.76988410949707,-1.011107087135315,1.4797383546829224,0.9598061597436002
26,11.898818969726562,-0.9983850717544556,1.488111972808838,0.9655118062171255
26,12.027776718139648,-0.985935628414154,1.496549129486084,0.9707159279255058
26,12.14879035949707,-0.9743042588233948,1.5043169260025024,0.9751324092910792
26,12.269810676574707,-0.962530255317688,1.5117319822311401,0.9767344564974544
26,12.39117431640625,-0.9504393935203552,1.5186243057250977,0.976995147474829
26,12.512739181518555,-0.9381412267684937,1.5249109268188477,0.9733306637204575
26,12.578592300415039,-0.9314701557159424,1.528102159500122,0.9703484091453008
27,1.6369915008544922,-0.003995150327682495,2.3067588806152344,0.7892346829630266
27,1.6837818622589111,-0.004023596178740263,2.2922861576080322,0.7777661425578251
27,1.8013746738433838,-0.004099279176443815,2.2580809593200684,0.7491902618025497
27,1.9199237823486328,-0.004180522169917822,2.2273664474487305,0.7235108219899119
27,2.0396296977996826,-0.004262648057192564,2.201523780822754,0.7009656894263419
27,2.1604769229888916,-0.004340674728155136,2.1817259788513184,0.6901882992198441
27,2.2822673320770264,-0.004408431705087423,2.1689727306365967,0.6875821928979483
27,2.4045934677124023,-0.004461628384888172,2.16328763961792,0.6977620514445552
27,2.5270540714263916,-0.004499028902500868,2.164127826690674,0.7169512052858362
27,2.649376153945923,-0.00452170567587018,2.170076370239258,0.7412978632856762
27,2.7714626789093018,-0.004531957674771547,2.1797847747802734,0.7698680356115972
27,2.8564507961273193,-0.004532908089458942,2.1881203651428223,0.789641297594978
27,2.9782018661499023,-0.004526330623775721,2.201409101486206,0.8171397363436761
27,3.0638461112976074,-0.004516396205872297,2.21138334274292,0.8356765150748673
27,3.1854634284973145,-0.004494159482419491,2.22584867477417,0.859245028780925
27,3.2758214473724365,-0.004471208434551954,2.236659288406372,0.8755427576751725
27,3.3974568843841553,-0.0044301580637693405,2.2509703636169434,0.8947762837920605
27,3.519134998321533,-0.004376506432890892,2.2649121284484863,0.9116407566182526
27,3.6408751010894775,-0.0043080877512693405,2.2783031463623047,0.9267282293342329
27,3.762678384780884,-0.0042230975814163685,2.291107177734375,0.9386321276914512
27,3.884526014328003,-0.004119350109249353,2.3032820224761963,0.9493818258673423
27,4.0062174797058105,-0.003994135186076164,2.3147995471954346,0.9580408388366933
27,4.127965450286865,-0.0038452469743788242,2.3256986141204834,0.9651458661322481
27,4.248677730560303,-0.0036705369129776955,2.3358983993530273,0.9713409206870055
27,4.366198539733887,-0.0034710601903498173,2.3452811241149902,0.9755188449630219
27,4.483758926391602,-0.003238885896280408,2.354156017303467,0.979063054485389
27,4.595026969909668,-0.0029837866313755512,2.362121343612671,0.9815157531847687
27,4.706322193145752,-0.0026900325901806355,2.369697332382202,0.9827946900620645
27,4.809182643890381,-0.0023795152083039284,2.3763813972473145,0.983321442938933
27,4.9041829109191895,-0.0020553788635879755,2.382309913635254,0.9831503063160855
27,4.994010925292969,-0.001712202443741262,2.3877198696136475,0.9823302028498728
27,5.0838494300842285,-0.001329103484749794,2.3929572105407715,0.9807463433639453
27,5.171265602111816,-0.0009129763348028064,2.397902250289917,0.9785762730074162
27,5.25790548324585,-0.0004522705858107656,2.4026689529418945,0.9757344060678125
27,5.34442663192749,6.33831150480546e-05,2.407308340072632,0.9721457618687268
27,5.433072090148926,0.000657309836242348,2.4119515419006348,0.9676542866766484
27,5.525308132171631,0.0013546186964958906,2.416682004928589,0.9620821207387911
27,5.6208600997924805,0.002172288950532675,2.4214890003204346,0.9549294293000642
27,5.716415882110596,0.003098437562584877,2.4262053966522217,0.9462231932857148
27,5.815724849700928,0.004192614462226629,2.4310011863708496,0.9354932248344962
27,5.917487144470215,0.005478876177221537,2.435777425765991,0.9225229696024885
27,6.019904136657715,0.006979343481361866,2.440397024154663,0.9057841871177731
27,6.122328281402588,0.00872885063290596,2.4447648525238037,0.8847676049567431
27,6.224761486053467,0.010784066282212734,2.448763370513916,0.859308046603099
27,6.327792167663574,0.013237073086202145,2.4521656036376953,0.8286344348636515
27,6.429862976074219,0.016143837943673134,2.4545400142669678,0.7858268575987961
27,6.531937122344971,0.019668998196721077,2.4552180767059326,0.7339426828643699
27,6.632317066192627,0.023966995999217033,2.4526729583740234,0.6714464852356922
27,6.734478950500488,0.029645061120390892,2.4437506198883057,0.5908433947300328
27,6.7532124519348145,0.030942609533667564,2.441023588180542,0.5713296618072421
27,6.808441638946533,0.03587649390101433,2.4309582710266113,0.5112637791931798
27,6.836352348327637,0.03959844261407852,2.4246692657470703,0.46722963196119494
27,6.862153053283691,0.044717349112033844,2.418649911880493,0.42176076700194465
27,6.884674549102783,0.05151228606700897,2.4137330055236816,0.37756353032820406
27,6.905975818634033,0.061678025871515274,2.410311460494995,0.3429924630936373
27,6.924471378326416,0.07635117322206497,2.4095864295959473,0.33159906909556586
27,6.93890905380249,0.0950225293636322,2.41176700592041,0.3597864931557486
27,6.949192523956299,0.11579229682683945,2.416245460510254,0.4127428817971713
27,6.9571404457092285,0.1374027281999588,2.4218382835388184,0.47359396721948516
27,6.96261739730835,0.15459993481636047,2.426609516143799,0.5242555162278503
27,6.969153881072998,0.17643694579601288,2.433051347732544,0.588442245694281
27,6.97585391998291,0.19823111593723297,2.4397521018981934,0.6503750998049562
27,6.983129501342773,0.2198067158460617,2.446556329727173,0.7096804130679116
27,6.99122953414917,0.24113720655441284,2.4534850120544434,0.7691692562372752
27,7.0001935958862305,0.26202353835105896,2.4606058597564697,0.8268930019539963
27,7.010193347930908,0.28249940276145935,2.4678845405578613,0.8831033628121828
27,7.021223068237305,0.30238452553749084,2.475311279296875,0.9384887626449444
27,7.033327102661133,0.321749210357666,2.4830055236816406,0.9918392083693819
27,7.046433448791504,0.3403846025466919,2.490856647491455,1.042529722969894
27,7.060466766357422,0.35818833112716675,2.4988749027252197,1.0926567588416507
27,7.075560092926025,0.3753526508808136,2.507155418395996,1.1420876453530797
27,7.091497421264648,0.39160940051078796,2.5155813694000244,1.1878553970319612
27,7.108234405517578,0.4069021940231323,2.5241053104400635,1.2330662066876579
27,7.1258392333984375,0.421348512172699,2.5327978134155273,1.2770810281204064
27,7.14404821395874,0.43466904759407043,2.541450262069702,1.3182370765548876
27,7.162993431091309,0.447016179561615,2.5501863956451416,1.3591147297847217
27,7.182616710662842,0.4582909047603607,2.5588762760162354,1.3959293503234644
27,7.202838897705078,0.4684717357158661,2.5675690174102783,1.4317400359797767
27,7.2238545417785645,0.4775424599647522,2.576215982437134,1.4660962182428152
27,7.2453999519348145,0.4853847622871399,2.584787368774414,1.4950386097067938
27,7.267361640930176,0.49194982647895813,2.593209981918335,1.5195840954326965
27,7.2895894050598145,0.49718189239501953,2.6013824939727783,1.5407911357342279
27,7.312008857727051,0.5010804533958435,2.609283685684204,1.557331911879048
27,7.334856033325195,0.5037078261375427,2.6170761585235596,1.568626135307113
27,7.357727527618408,0.505017876625061,2.6246516704559326,1.5762411989389105
27,7.380551815032959,0.5050449967384338,2.6320109367370605,1.5799068620110033
27,7.4034271240234375,0.5038207769393921,2.6392157077789307,1.5791319712134688
27,7.42625093460083,0.5013626217842102,2.646266222000122,1.5747177661077574
27,7.448999404907227,0.4976952373981476,2.653193235397339,1.566177112131747
27,7.47125768661499,0.4929279088973999,2.659938097000122,1.5548107677768912
27,7.493160724639893,0.4870806038379669,2.666567087173462,1.5423436156980517
27,7.514674663543701,0.4802115559577942,2.673084020614624,1.5288951785936324
27,7.53587532043457,0.47233593463897705,2.67952036857605,1.5130200666849336
27,7.556515693664551,0.4635533094406128,2.685842275619507,1.4949573128074511
27,7.576898574829102,0.45376527309417725,2.6921513080596924,1.4776159887127722
27,7.596795082092285,0.44310033321380615,2.698373794555664,1.4580448323271527
27,7.616003036499023,0.43168047070503235,2.704472780227661,1.4387049417799647
27,7.634713649749756,0.41942232847213745,2.7104928493499756,1.4182006258316282
27,7.652857303619385,0.4063650965690613,2.7164394855499268,1.3968441305919619
27,7.670468807220459,0.39249205589294434,2.7223317623138428,1.3752797010001605
27,7.6873250007629395,0.37793466448783875,2.728118419647217,1.3521092437549533
27,7.703382968902588,0.3627128005027771,2.7338080406188965,1.3272403893364477
27,7.718699932098389,0.3467257022857666,2.7394964694976807,1.3010760943281323
27,7.733041763305664,0.3300341069698334,2.745166540145874,1.2755402934642588
27,7.74635648727417,0.3125024735927582,2.750856399536133,1.2625231775063088
27,7.758245944976807,0.2941220700740814,2.7564992904663086,1.2718489617181723
27,7.768332004547119,0.27461594343185425,2.761953115463257,1.321522137732715
27,7.776976585388184,0.2544623017311096,2.767119884490967,1.4149301264487328
27,7.785152435302734,0.23399536311626434,2.771799325942993,1.4846558353361987
27,7.79362678527832,0.2135898619890213,2.7757017612457275,1.524219932362635
27,7.8029656410217285,0.19327038526535034,2.7787797451019287,1.541622703980029
27,7.813706874847412,0.17360003292560577,2.78080415725708,1.5051162551548587
27,7.826605319976807,0.15542256832122803,2.781388521194458,1.4665993296310755
27,7.841841220855713,0.13916632533073425,2.7803966999053955,1.4104014001178495
27,7.8584818840026855,0.12449036538600922,2.7780115604400635,1.3503501188023803
27,7.875142574310303,0.11010764539241791,2.7746739387512207,1.2534098789606873
27,7.8910064697265625,0.09501733630895615,2.770659923553467,1.1934329044932361
27,7.905759811401367,0.07904104888439178,2.7661325931549072,1.1518628362874208
27,7.919477939605713,0.06231067329645157,2.7610974311828613,1.1256955655642573
27,7.932111740112305,0.04510880634188652,2.75557017326355,1.1077162100661144
27,7.9437737464904785,0.027405142784118652,2.7495076656341553,1.097413740683816
27,7.954456329345703,0.009281706996262074,2.742903470993042,1.092047634078388
27,7.964152812957764,-0.009174808859825134,2.7357594966888428,1.0924625457639974
27,7.9728922843933105,-0.027967480942606926,2.7280566692352295,1.0952483062386047
27,7.9806413650512695,-0.046917274594306946,2.7198474407196045,1.1014123997942098
27,7.987461090087891,-0.0659605860710144,2.711162805557251,1.1094876362522137
27,7.99342155456543,-0.08508323132991791,2.702002763748169,1.1154991602224666
27,7.998617172241211,-0.10440144687891006,2.6923015117645264,1.1219993117717952
27,8.003067970275879,-0.12368184328079224,2.6821794509887695,1.126809158830027
27,8.006854057312012,-0.14299169182777405,2.6716036796569824,1.125012107374728
27,8.010017395019531,-0.16219303011894226,2.660670280456543,1.1227834915434032
27,8.012613296508789,-0.18127374351024628,2.649423360824585,1.1147663689182985
27,8.014684677124023,-0.2003394514322281,2.637843370437622,1.1060459372041478
27,8.016253471374512,-0.2193097174167633,2.626051187515259,1.0929289183476207
27,8.01732063293457,-0.23830267786979675,2.6140401363372803,1.079228534528955
27,8.017895698547363,-0.25723451375961304,2.6019625663757324,1.0648123845061275
27,8.017952919006348,-0.2761956751346588,2.5898494720458984,1.050562127874356
27,8.017492294311523,-0.2951502799987793,2.5778064727783203,1.0366890749336215
27,8.016470909118652,-0.3142181932926178,2.5658175945281982,1.0230629979536272
27,8.014890670776367,-0.3333015441894531,2.5539908409118652,1.0107422479734354
27,8.012710571289062,-0.3524506986141205,2.5423080921173096,0.9978762713569546
27,8.009933471679688,-0.37160149216651917,2.5308127403259277,0.9857207002644753
27,8.00652027130127,-0.39079010486602783,2.519458055496216,0.9709424937262541
27,8.002473831176758,-0.4099303185939789,2.50827693939209,0.9575325898122999
27,7.997766494750977,-0.42902398109436035,2.4972338676452637,0.9401726009165339
27,7.992384910583496,-0.44801875948905945,2.486328363418579,0.9239524630954875
27,7.986316680908203,-0.46687760949134827,2.475548505783081,0.9031997833123456
27,7.979521751403809,-0.4855875074863434,2.464852809906006,0.8827612964444148
27,7.971990585327148,-0.5040867328643799,2.454241991043091,0.860158130065988
27,7.963672637939453,-0.5223309993743896,2.4436769485473633,0.8362773916199808
27,7.95457124710083,-0.5402228236198425,2.4331557750701904,0.8114272676286336
27,7.944648742675781,-0.5576515197753906,2.4226438999176025,0.7850677716169698
27,7.933835983276367,-0.5745959281921387,2.4120535850524902,0.7603623792869536
27,7.922143936157227,-0.5908515453338623,2.401374101638794,0.7334006661625123
27,7.909549236297607,-0.6062824726104736,2.390531063079834,0.7101212430258366
27,7.895961284637451,-0.620826244354248,2.3793890476226807,0.6869070695782348
27,7.88145637512207,-0.6342407464981079,2.3679118156433105,0.6685492117193651
27,7.866075038909912,-0.6463801860809326,2.3560214042663574,0.6531803463226038
27,7.8499627113342285,-0.6570864915847778,2.343656301498413,0.6444016620239263
27,7.833263874053955,-0.6663035154342651,2.330721855163574,0.6404690820425305
27,7.816254138946533,-0.6739919781684875,2.317131757736206,0.6433381306329211
27,7.799359321594238,-0.6801745295524597,2.302835702896118,0.6518588706501235
27,7.782717227935791,-0.6850216388702393,2.287633180618286,0.6613499530301568
27,7.766547203063965,-0.6887266039848328,2.2713801860809326,0.6758971277321174
27,7.750952243804932,-0.6914909482002258,2.254206895828247,0.6739130008027585
27,7.736108303070068,-0.6935338377952576,2.236391067504883,0.6705297969162025
27,7.721714973449707,-0.6952748894691467,2.218106985092163,0.6446669608820961
27,7.70767879486084,-0.6971083879470825,2.1995294094085693,0.613573873457374
27,7.693707466125488,-0.6997945308685303,2.1808838844299316,0.5661693153185331
27,7.679952144622803,-0.7040765285491943,2.162381649017334,0.5183642214231132
27,7.667015552520752,-0.7104398608207703,2.143766403198242,0.4731252057994926
27,7.656085968017578,-0.7190762162208557,2.124699592590332,0.43998420505254404
27,7.649374961853027,-0.7277308702468872,2.1081955432891846,0.43137725935548704
27,7.645232200622559,-0.737633466720581,2.089962959289551,0.4404468776761026
27,7.644262313842773,-0.7443442940711975,2.0774590969085693,0.45626328098886826
27,7.645077705383301,-0.7523611783981323,2.062068462371826,0.4860740166217425
27,7.648905277252197,-0.7626362442970276,2.0406389236450195,0.5290303118506335
27,7.6555962562561035,-0.7719311714172363,2.0193991661071777,0.5717379506394222
27,7.660010814666748,-0.7763265371322632,2.00882887840271,0.5919627800295677
27,7.669833183288574,-0.7836506962776184,1.991281509399414,0.5849053073095705
27,7.684812068939209,-0.7917490005493164,1.9739888906478882,0.5807789097373267
27,7.704164981842041,-0.7998431921005249,1.96202552318573,0.5894417067413029
27,7.726243495941162,-0.8078890442848206,1.9563171863555908,0.613804040955934
27,7.742976188659668,-0.813715934753418,1.9551503658294678,0.6037951446163419
27,7.752508640289307,-0.8170034289360046,1.9551403522491455,0.5979375794048393
27,7.775416851043701,-0.824754536151886,1.9555811882019043,0.5378199204582264
27,7.798438549041748,-0.8321466445922852,1.9551745653152466,0.47365627124928616
27,7.821609973907471,-0.8389495611190796,1.9529318809509277,0.43696982373893933
27,7.844955921173096,-0.845008134841919,1.9489010572433472,0.41221094006695674
27,7.867939472198486,-0.8501753807067871,1.9435561895370483,0.3918165539101815
27,7.89066743850708,-0.8545334935188293,1.9372307062149048,0.37524744244056135
27,7.913568019866943,-0.8582257628440857,1.9300594329833984,0.3603693867054352
27,7.936333179473877,-0.861251950263977,1.9223406314849854,0.34730729518493725
27,7.958989143371582,-0.8636898398399353,1.914254903793335,0.33563264381863567
27,7.981555461883545,-0.8656186461448669,1.9059313535690308,0.3250787406926242
27,8.004033088684082,-0.867125391960144,1.897444248199463,0.31558750258377116
27,8.02643871307373,-0.8682936429977417,1.8888510465621948,0.3073169230975244
27,8.048783302307129,-0.8692009449005127,1.8802014589309692,0.3002799973221144
27,8.071072578430176,-0.8699232935905457,1.8715256452560425,0.2939261857477722
27,8.093021392822266,-0.8705248236656189,1.8629481792449951,0.28888474603218506
27,8.115265846252441,-0.871088981628418,1.8542683124542236,0.2847455306996259
27,8.137476921081543,-0.8716577887535095,1.845647931098938,0.28145350009126274
27,8.159655570983887,-0.8722859025001526,1.8371094465255737,0.27899826076597317
27,8.181814193725586,-0.8730146288871765,1.828682780265808,0.2772975216556063
27,8.203963279724121,-0.8738747239112854,1.820401906967163,0.276266707125849
27,8.226106643676758,-0.874894380569458,1.8122910261154175,0.27588336684518594
27,8.24824047088623,-0.8760972619056702,1.8043726682662964,0.2761520486828703
27,8.27043628692627,-0.8774980902671814,1.7966490983963013,0.2769412235629559
27,8.29262924194336,-0.8790964484214783,1.7891660928726196,0.27820399598131884
27,8.314746856689453,-0.8808895945549011,1.781958818435669,0.2799542192647956
27,8.336854934692383,-0.8828774690628052,1.7750164270401,0.2820400002498561
27,8.358952522277832,-0.8850473761558533,1.7683523893356323,0.28440090019159203
27,8.381037712097168,-0.887383222579956,1.761976718902588,0.28698173628412615
27,8.403106689453125,-0.8898701667785645,1.7558932304382324,0.28981189333225105
27,8.425152778625488,-0.8924912214279175,1.7501050233840942,0.29277147557547656
27,8.447176933288574,-0.8952251076698303,1.7446157932281494,0.29581610411058057
27,8.469176292419434,-0.8980496525764465,1.7394269704818726,0.2989441341274613
27,8.491065979003906,-0.9009310603141785,1.7345560789108276,0.30213716520109335
27,8.512971878051758,-0.9038640260696411,1.729964256286621,0.30551583288575274
27,8.534843444824219,-0.9068220853805542,1.7256556749343872,0.3088495267613307
27,8.556679725646973,-0.9097836017608643,1.7216261625289917,0.31212295053949785
27,8.578455924987793,-0.9127246737480164,1.71787428855896,0.315325526835896
27,8.600239753723145,-0.9156352281570435,1.7143815755844116,0.31842849459328915
27,8.622032165527344,-0.9184966087341309,1.71114182472229,0.3214179459663049
27,8.643832206726074,-0.9212924838066101,1.7081468105316162,0.32432935019445797
27,8.665604591369629,-0.924003541469574,1.7053914070129395,0.32712492113960556
27,8.687384605407715,-0.9266173243522644,1.702860951423645,0.3298781059954813
27,8.709218978881836,-0.9291214942932129,1.700535535812378,0.3325426585698813
27,8.731057167053223,-0.9314952492713928,1.6984107494354248,0.3350517152919299
27,8.752870559692383,-0.933722198009491,1.6964786052703857,0.33740798303606107
27,8.774686813354492,-0.9357930421829224,1.6947247982025146,0.33959894169749566
27,8.796504974365234,-0.9376961588859558,1.6931376457214355,0.341631321014167
27,8.81832504272461,-0.9394221901893616,1.6917040348052979,0.3435252374188881
27,8.840144157409668,-0.940961480140686,1.6904112100601196,0.34527686691005055
27,8.861939430236816,-0.942302942276001,1.6892476081848145,0.34687151571542396
27,8.8837308883667,-0.9434393644332886,1.6881983280181885,0.34831597360217714
27,8.905518531799316,-0.9443623423576355,1.6872496604919434,0.34961620027782414
27,8.927299499511719,-0.9450640678405762,1.6863878965377808,0.35077859901849934
27,8.949070930480957,-0.9455372095108032,1.6855984926223755,0.3518099434582923
27,8.970832824707031,-0.9457750916481018,1.6848671436309814,0.35272642179060226
27,8.992566108703613,-0.9457716941833496,1.6841791868209839,0.353527649759751
27,9.01428508758545,-0.9455215930938721,1.6835191249847412,0.35422410460930526
27,9.035987854003906,-0.9450199007987976,1.6828713417053223,0.3548273791631694
27,9.057670593261719,-0.9442626237869263,1.6822205781936646,0.35536311708838386
27,9.079333305358887,-0.9432466626167297,1.6815509796142578,0.3558350141752725
27,9.100972175598145,-0.9419686794281006,1.680847406387329,0.35625266423375357
27,9.122581481933594,-0.9404258728027344,1.6800944805145264,0.3566294187218416
27,9.144161224365234,-0.9386159777641296,1.6792773008346558,0.3569785346017289
27,9.165705680847168,-0.9365373253822327,1.6783812046051025,0.3573133294993601
27,9.187213897705078,-0.9341889023780823,1.677391767501831,0.3576468904747481
27,9.208680152893066,-0.9315702319145203,1.6762953996658325,0.3579917875779113
27,9.230101585388184,-0.9286816716194153,1.6750786304473877,0.3583602944471118
27,9.25147533416748,-0.9255240559577942,1.6737290620803833,0.3587651840008111
27,9.272798538208008,-0.9220986366271973,1.6722323894500732,0.3593993144644323
27,9.294057846069336,-0.9184090495109558,1.6705739498138428,0.36013795687970357
27,9.315258979797363,-0.9144574999809265,1.6687431335449219,0.3609509254605106
27,9.336397171020508,-0.9102479815483093,1.6667306423187256,0.36184405745971754
27,9.35747241973877,-0.9057844281196594,1.664528489112854,0.3628320485295511
27,9.37846851348877,-0.9010763764381409,1.6621322631835938,0.3639466923936454
27,9.399385452270508,-0.8961305022239685,1.6595345735549927,0.3653955533618704
27,9.420219421386719,-0.8909553289413452,1.6567273139953613,0.3670297624444911
27,9.44096851348877,-0.8855586647987366,1.6537083387374878,0.36876230718070113
27,9.461627960205078,-0.8799489140510559,1.6504768133163452,0.37058567416517785
27,9.482196807861328,-0.8741342425346375,1.6470330953598022,0.3725425158297194
27,9.502673149108887,-0.8681260347366333,1.643375039100647,0.3748723322619084
27,9.523054122924805,-0.8619344830513,1.6395031213760376,0.3772814141642162
27,9.543341636657715,-0.8555713295936584,1.6354217529296875,0.37981706481269223
27,9.563536643981934,-0.849047064781189,1.6311357021331787,0.38245167947849246
27,9.583638191223145,-0.8423744440078735,1.626648187637329,0.38543345335066925
27,9.603649139404297,-0.8355638384819031,1.621963620185852,0.38842950933670817
27,9.623568534851074,-0.8286228775978088,1.6170880794525146,0.3914293443620955
27,9.643399238586426,-0.8215603828430176,1.612027883529663,0.3946597097890787
27,9.663146018981934,-0.8143942356109619,1.6067904233932495,0.3980946826401538
27,9.682812690734863,-0.8071324229240417,1.6013826131820679,0.4014921465757872
27,9.702400207519531,-0.7997804284095764,1.595810890197754,0.40485023148519367
27,9.721911430358887,-0.7923475503921509,1.590082049369812,0.40848858644989955
27,9.741351127624512,-0.7848461866378784,1.5842039585113525,0.4121664169554555
27,9.760725021362305,-0.7772845029830933,1.578184962272644,0.41576688888805424
27,9.780035018920898,-0.7696675062179565,1.5720311403274536,0.41950131694912945
27,9.799284934997559,-0.7620043754577637,1.5657496452331543,0.423238153992273
27,9.81847858428955,-0.7543006539344788,1.5593469142913818,0.4269784100580263
27,9.837621688842773,-0.7465641498565674,1.5528312921524048,0.43075133498636936
27,9.856718063354492,-0.7388028502464294,1.546209692955017,0.43457433671081563
27,9.875768661499023,-0.7310180068016052,1.5394868850708008,0.4382973692008727
27,9.894779205322266,-0.7232151627540588,1.5326696634292603,0.4420585695054354
27,9.913755416870117,-0.715404212474823,1.5257668495178223,0.4458965517055533
27,9.932699203491211,-0.7075863480567932,1.5187830924987793,0.4496236479491095
27,9.951610565185547,-0.6997607946395874,1.5117218494415283,0.4532829639968798
27,9.970498085021973,-0.6919382810592651,1.5045931339263916,0.4570779903089305
27,9.989364624023438,-0.68412184715271,1.4974027872085571,0.46076293563522136
27,10.008210182189941,-0.6763083338737488,1.4901533126831055,0.46433888579851285
27,10.02703857421875,-0.668502926826477,1.4828519821166992,0.4680114940705618
27,10.045857429504395,-0.6607133746147156,1.4755076169967651,0.4716069644292672
27,10.064664840698242,-0.6529355645179749,1.4681226015090942,0.4750949348680217
27,10.08346176147461,-0.6451689600944519,1.4607009887695312,0.4785919685355853
27,10.102258682250977,-0.6374239921569824,1.453253984451294,0.4820560097444519
27,10.121053695678711,-0.6296977996826172,1.445784568786621,0.48541426746545235
27,10.139846801757812,-0.6219862103462219,1.4382948875427246,0.488727721969831
27,10.158652305603027,-0.6142959594726562,1.4307934045791626,0.4920411099626019
27,10.17752742767334,-0.606604814529419,1.4232631921768188,0.49528253533346517
27,10.196691513061523,-0.598818838596344,1.4156184196472168,0.49851418848353146
27,10.21586799621582,-0.5910578966140747,1.4079806804656982,0.5017251518587518
27,10.23585033416748,-0.5830094218254089,1.400044560432434,0.5049462108999373
27,10.257345199584961,-0.5743885040283203,1.391534447669983,0.5082379521450334
27,10.278862953186035,-0.5657996535301208,1.3830525875091553,0.5114185102772536
27,10.302366256713867,-0.556475818157196,1.3738455772399902,0.5147131135333701
27,10.325902938842773,-0.5471877455711365,1.3646866083145142,0.5178134087005036
27,10.351218223571777,-0.5372633934020996,1.3549238443374634,0.5210122130648955
27,10.376585960388184,-0.5273887515068054,1.3452448844909668,0.5239560465089773
27,10.403037071228027,-0.5171594619750977,1.3352714776992798,0.5269164291106286
27,10.429951667785645,-0.506839394569397,1.3252750635147095,0.5296188456459573
27,10.456933975219727,-0.49657145142555237,1.3154100179672241,0.5321749874608597
27,10.484082221984863,-0.4863298833370209,1.3056657314300537,0.534427746670207
27,10.511311531066895,-0.47615036368370056,1.2960835695266724,0.5364402299063995
27,10.5386323928833,-0.46602606773376465,1.286672830581665,0.538249323226165
27,10.566043853759766,-0.45597144961357117,1.2774512767791748,0.5397044897849057
27,10.593544006347656,-0.44598421454429626,1.2684251070022583,0.5409685452422351
27,10.621137619018555,-0.43606698513031006,1.259608268737793,0.5418891697009627
27,10.648828506469727,-0.42623060941696167,1.2510082721710205,0.5425760631068374
27,10.676615715026855,-0.4164738059043884,1.2426315546035767,0.5429417766247062
27,10.704501152038574,-0.4068017601966858,1.2344882488250732,0.5431015332135712
27,10.732488632202148,-0.39722582697868347,1.2265796661376953,0.5428399128354865
27,10.760576248168945,-0.38774988055229187,1.2189149856567383,0.5424781186711477
27,10.788765907287598,-0.37837880849838257,1.211495280265808,0.5417538039432857
27,10.817056655883789,-0.36912497878074646,1.2043203115463257,0.5407676350824051
27,10.845452308654785,-0.3600018620491028,1.1973955631256104,0.5396456331628854
27,10.87394905090332,-0.3510119616985321,1.1907165050506592,0.5380954237164698
27,10.902547836303711,-0.3421711027622223,1.184281587600708,0.5365659900703971
27,10.931253433227539,-0.3335014879703522,1.1780885457992554,0.5346270947924497
27,10.960062026977539,-0.32501187920570374,1.1721304655075073,0.5325382875281459
27,10.988974571228027,-0.31672266125679016,1.1664011478424072,0.5303772301709775
27,11.017993927001953,-0.30865442752838135,1.1608976125717163,0.5280332413110487
27,11.047121047973633,-0.3008365035057068,1.1556051969528198,0.5256051390329249
27,11.076355934143066,-0.2932929992675781,1.1505181789398193,0.5230643180627809
27,11.10570240020752,-0.2860546112060547,1.1456298828125,0.5205677277023825
27,11.135159492492676,-0.27915260195732117,1.1409279108047485,0.517920508919852
27,11.164728164672852,-0.27261701226234436,1.136405348777771,0.5155100869633105
27,11.194411277770996,-0.26649466156959534,1.1320546865463257,0.5133349801778279
27,11.21012020111084,-0.2634398341178894,1.1298280954360962,0.5122356697019522
28,1.5714935064315796,-0.9948617815971375,2.2402193546295166,0.7937440775116027
28,1.6874229907989502,-0.9955257773399353,2.2008216381073,0.7605648890917854
28,1.8041942119598389,-0.9962743520736694,2.163917064666748,0.7275331081406353
28,1.922052025794983,-0.9971197843551636,2.1306636333465576,0.6974715383089736
28,2.041306734085083,-0.9980732798576355,2.102842092514038,0.6703629005745221
28,2.1619744300842285,-0.9991360902786255,2.0820438861846924,0.657658593898357
28,2.283790111541748,-1.0002952814102173,2.0696651935577393,0.6554904938432755
28,2.4061715602874756,-1.001513957977295,2.065697431564331,0.6692663061615688
28,2.528573751449585,-1.002758502960205,2.069282293319702,0.6938732612810942
28,2.6506900787353516,-1.0039886236190796,2.0784406661987305,0.7240050812330017
28,2.7724668979644775,-1.0051860809326172,2.0914177894592285,0.7578346137015727
28,2.8529999256134033,-1.0059566497802734,2.1013846397399902,0.7797618508563298
28,2.974402666091919,-1.0070877075195312,2.1175100803375244,0.810883886506823
28,3.095720052719116,-1.0081865787506104,2.1342697143554688,0.8394630079611285
28,3.217045545578003,-1.0092681646347046,2.1509721279144287,0.8651330629789323
28,3.3384087085723877,-1.0103442668914795,2.1673977375030518,0.8871652338554101
28,3.459853410720825,-1.0114309787750244,2.1832079887390137,0.9072450925907167
28,3.5813896656036377,-1.01254403591156,2.1982970237731934,0.9233196968531596
28,3.703019142150879,-1.0136960744857788,2.2126107215881348,0.9376187978442202
28,3.824720621109009,-1.0149058103561401,2.226114511489868,0.9498209886009897
28,3.946504831314087,-1.0161856412887573,2.238842725753784,0.9595640710672969
28,4.068146705627441,-1.0175504684448242,2.250790596008301,0.9684309577424556
28,4.18876838684082,-1.0190072059631348,2.2619194984436035,0.9751758868914299
28,4.309448719024658,-1.0205820798873901,2.2723734378814697,0.9809398996949416
28,4.426942825317383,-1.0222512483596802,2.281939744949341,0.985703550811248
28,4.5444793701171875,-1.0240741968154907,2.290950059890747,0.9890657837970263
28,4.655725002288818,-1.0259621143341064,2.2990033626556396,0.991708658260643
28,4.758542060852051,-1.0278700590133667,2.3060734272003174,0.9935889067126406
28,4.853503704071045,-1.0297889709472656,2.3123111724853516,0.9945827854887789
28,4.9484782218933105,-1.0318773984909058,2.3182942867279053,0.9951710184624613
28,5.0382795333862305,-1.0340275764465332,2.3237392902374268,0.9952947150881384
28,5.125657081604004,-1.0363026857376099,2.3288581371307373,0.9950141888701846
28,5.212255001068115,-1.0387561321258545,2.333775043487549,0.9943649959181875
28,5.298698902130127,-1.0414267778396606,2.338545799255371,0.993358799209469
28,5.385140895843506,-1.0443458557128906,2.3431975841522217,0.9919617398598946
28,5.471564769744873,-1.0475435256958008,2.347747802734375,0.9902310645750516
28,5.557980537414551,-1.0510565042495728,2.3522162437438965,0.9881367087748278
28,5.644510746002197,-1.0549339056015015,2.3566300868988037,0.9856942539288354
28,5.732985019683838,-1.0593159198760986,2.361102819442749,0.9828699370135882
28,5.825262546539307,-1.0643939971923828,2.365750551223755,0.9796029970721222
28,5.92132043838501,-1.0703099966049194,2.370598077774048,0.9758853201736928
28,6.01732873916626,-1.0769550800323486,2.3754782676696777,0.9718947606538482
28,6.116724014282227,-1.084714412689209,2.3805971145629883,0.9676003094246542
28,6.218976974487305,-1.093776822090149,2.385976791381836,0.9631582263979162
28,6.323429584503174,-1.104325294494629,2.391650676727295,0.9588508937624707
28,6.429332733154297,-1.1165151596069336,2.3976736068725586,0.955075475084578
28,6.535233020782471,-1.1304067373275757,2.4041342735290527,0.95169981531455
28,6.58840274810791,-1.1380808353424072,2.4076461791992188,0.9510203280792516
28,6.646706581115723,-1.14705491065979,2.4118001461029053,0.9509088948279306
28,6.673830986022949,-1.1514461040496826,2.413820743560791,0.9508775563045174
28,6.701457977294922,-1.1560708284378052,2.4159154891967773,0.9509172058116736
28,6.728196620941162,-1.1607099771499634,2.4179742336273193,0.9510937125444225
28,6.7549147605896,-1.165511965751648,2.420062780380249,0.9514465679655517
28,6.781516075134277,-1.1704655885696411,2.4221789836883545,0.952020105708829
28,6.808100700378418,-1.1755890846252441,2.4243357181549072,0.9528361014843211
28,6.834583759307861,-1.1808701753616333,2.4265315532684326,0.953889827921142
28,6.861008644104004,-1.18632173538208,2.4287736415863037,0.955232882057741
28,6.887390613555908,-1.1919517517089844,2.431065320968628,0.9568917624329093
28,6.913724422454834,-1.197764277458191,2.4334070682525635,0.9588924086062117
28,6.940001010894775,-1.2037622928619385,2.4357988834381104,0.9612391871161066
28,6.9661736488342285,-1.2099398374557495,2.438236713409424,0.9639468506778608
28,6.992278099060059,-1.2163059711456299,2.4407236576080322,0.9670313639844651
28,7.018375873565674,-1.2228739261627197,2.443265438079834,0.9704609307949326
28,7.0443949699401855,-1.229621171951294,2.445854663848877,0.9741439995822346
28,7.070296764373779,-1.2365288734436035,2.4484870433807373,0.9779988675614727
28,7.0961174964904785,-1.243592619895935,2.451164960861206,0.9819578029808069
28,7.12185525894165,-1.250795602798462,2.453885316848755,0.9859375291844766
28,7.147476673126221,-1.2581106424331665,2.4566433429718018,0.9898051381939682
28,7.173018932342529,-1.2655304670333862,2.4594409465789795,0.993601506545144
28,7.198548316955566,-1.273056983947754,2.4622833728790283,0.997330776362454
28,7.2239990234375,-1.2806564569473267,2.4651620388031006,1.0009259961044934
28,7.249336242675781,-1.2883057594299316,2.468074321746826,1.00444369692323
28,7.274596691131592,-1.296005368232727,2.4710240364074707,1.0079245390123392
28,7.299779415130615,-1.3037452697753906,2.474010467529297,1.0113400253001141
28,7.324845314025879,-1.3115065097808838,2.477031707763672,1.014695782853841
28,7.349893569946289,-1.319312572479248,2.480099678039551,1.0180528655960028
28,7.3748626708984375,-1.3271385431289673,2.4832072257995605,1.0213871655616382
28,7.399705410003662,-1.334965467453003,2.486351490020752,1.024651186014846
28,7.424466609954834,-1.3428031206130981,2.489539861679077,1.0278513625563575
28,7.449075698852539,-1.3506245613098145,2.492763042449951,1.0309693540134222
28,7.474130630493164,-1.3586140871047974,2.496101140975952,1.0339239738864392
28,7.49876594543457,-1.3664907217025757,2.4994406700134277,1.0367322527131204
28,7.522724628448486,-1.3741685152053833,2.502746105194092,1.039313321394403
28,7.547332763671875,-1.3820642232894897,2.506199836730957,1.0416963577675242
28,7.571627616882324,-1.3898662328720093,2.5096747875213623,1.0438951320874494
28,7.595835208892822,-1.397645115852356,2.513211250305176,1.0458939623448442
28,7.620596885681152,-1.4056020975112915,2.5169007778167725,1.047603706210606
28,7.6438140869140625,-1.4130656719207764,2.5204343795776367,1.0487455074486285
28,7.667094707489014,-1.4205546379089355,2.5240330696105957,1.0492140339965268
28,7.690492630004883,-1.4280881881713867,2.527669668197632,1.0484071409379638
28,7.714576721191406,-1.4358481168746948,2.531374454498291,1.0456933478446166
28,7.73862361907959,-1.4435962438583374,2.5349442958831787,1.0405467417691536
28,7.762650489807129,-1.451324462890625,2.538243532180786,1.0320541050391863
28,7.786584377288818,-1.4589933156967163,2.5410473346710205,1.018060803222232
28,7.810496807098389,-1.466599464416504,2.5431225299835205,0.999830776351942
28,7.834426403045654,-1.4740955829620361,2.5444133281707764,0.9833641235453359
28,7.8583598136901855,-1.4814132452011108,2.545180559158325,0.9729490572970694
28,7.88218355178833,-1.488484263420105,2.545839309692383,0.9686746202267993
28,7.905994892120361,-1.495308518409729,2.5467236042022705,0.9694516177445258
28,7.929790019989014,-1.501840591430664,2.548027992248535,0.9738129013316266
28,7.953458786010742,-1.5080208778381348,2.549760103225708,0.9796327186814389
28,7.977099895477295,-1.5138976573944092,2.551802396774292,0.9852569289443118
28,8.000628471374512,-1.519507646560669,2.553987979888916,0.989525334761356
28,8.024115562438965,-1.5249282121658325,2.55619740486145,0.9927172407194792
28,8.047554969787598,-1.5301975011825562,2.558356761932373,0.9950343815865168
28,8.070843696594238,-1.535315990447998,2.5604209899902344,0.9969087917083775
28,8.094079971313477,-1.5403213500976562,2.5623862743377686,0.9985418143025476
28,8.117263793945312,-1.5452219247817993,2.5642518997192383,1.0000398000494897
28,8.140389442443848,-1.5500218868255615,2.566023349761963,1.0014707800416756
28,8.163360595703125,-1.554702877998352,2.5677027702331543,1.0028175109037096
28,8.186283111572266,-1.5592859983444214,2.569308280944824,1.0041831233576104
28,8.209155082702637,-1.5637705326080322,2.570849657058716,1.0056402901562744
28,8.231975555419922,-1.5681554079055786,2.572335720062256,1.0072556116839273
28,8.254744529724121,-1.5724397897720337,2.573775053024292,1.0090869575657193
28,8.277386665344238,-1.5766104459762573,2.5751700401306152,1.011113915113855
28,8.29987621307373,-1.5806642770767212,2.5765256881713867,1.0132869012293146
28,8.322439193725586,-1.584644079208374,2.577859878540039,1.0157122057907007
28,8.34486198425293,-1.588515281677246,2.5791633129119873,1.0183377129260198
28,8.367226600646973,-1.5922958850860596,2.5804433822631836,1.0211711343985224
28,8.389532089233398,-1.5959891080856323,2.58170223236084,1.0241930424215377
28,8.411778450012207,-1.599597454071045,2.5829415321350098,1.027386499747234
28,8.433963775634766,-1.6031222343444824,2.5841634273529053,1.0305853080073422
28,8.455989837646484,-1.6065484285354614,2.585364818572998,1.0338777756574422
28,8.47802734375,-1.6099019050598145,2.586557626724243,1.037299839656066
28,8.500003814697266,-1.6131694316864014,2.587740421295166,1.0408357572640816
28,8.52192211151123,-1.6163477897644043,2.588916540145874,1.0444821864501053
28,8.543779373168945,-1.619433045387268,2.5900895595550537,1.048241760138603
28,8.5655517578125,-1.622416377067566,2.591262102127075,1.052109199300411
28,8.587263107299805,-1.6252963542938232,2.5924391746520996,1.056052091046855
28,8.60881519317627,-1.6280550956726074,2.5936200618743896,1.0598988578215853
28,8.630311965942383,-1.6307015419006348,2.5948145389556885,1.0638078876951433
28,8.65178394317627,-1.6332345008850098,2.5960278511047363,1.0677730711186688
28,8.673263549804688,-1.6356525421142578,2.59726619720459,1.071794949591138
28,8.694754600524902,-1.6379508972167969,2.5985333919525146,1.0758516820352364
28,8.716256141662598,-1.6401249170303345,2.59983229637146,1.0799116819670862
28,8.73776912689209,-1.6421704292297363,2.6011664867401123,1.0839489952009396
28,8.75929069519043,-1.644083857536316,2.602538585662842,1.0879372650585626
28,8.780821800231934,-1.6458618640899658,2.6039512157440186,1.0918488704027196
28,8.802361488342285,-1.6475017070770264,2.6054065227508545,1.0956557924464472
28,8.823907852172852,-1.6490005254745483,2.6069061756134033,1.099321383379835
28,8.845460891723633,-1.6503558158874512,2.608452320098877,1.102769531569385
28,8.867018699645996,-1.6515647172927856,2.610046625137329,1.1059414045901297
28,8.888580322265625,-1.652624249458313,2.6116909980773926,1.1088996755188616
28,8.91014575958252,-1.6535310745239258,2.6133859157562256,1.1116255453102384
28,8.931713104248047,-1.6542816162109375,2.615133047103882,1.114105044463296
28,8.953280448913574,-1.654872179031372,2.6169321537017822,1.1163518763861018
28,8.974847793579102,-1.6552983522415161,2.618783473968506,1.1183264904227508
28,8.996413230895996,-1.655556082725525,2.620687484741211,1.1199831437506593
28,9.017974853515625,-1.6556411981582642,2.62264347076416,1.1213615965023755
28,9.039531707763672,-1.6555492877960205,2.6246509552001953,1.1224633028537931
28,9.06108283996582,-1.6552765369415283,2.626708984375,1.123291513166101
28,9.082625389099121,-1.6548192501068115,2.6288161277770996,1.1238513220727868
28,9.104159355163574,-1.6541744470596313,2.6309707164764404,1.1241493798404816
28,9.125680923461914,-1.6533397436141968,2.6331706047058105,1.1241927635316715
28,9.147191047668457,-1.6523135900497437,2.635413408279419,1.1239642787295034
28,9.168685913085938,-1.6510950326919556,2.6376969814300537,1.1234908127668808
28,9.190165519714355,-1.6496838331222534,2.6400187015533447,1.122744470684406
28,9.211627960205078,-1.6480810642242432,2.6423749923706055,1.1216472552273111
28,9.233071327209473,-1.6462876796722412,2.644763231277466,1.12028424232509
28,9.254494667053223,-1.6443054676055908,2.64717960357666,1.1186509788955108
28,9.275897979736328,-1.6421360969543457,2.649620771408081,1.1167410605369394
28,9.29727840423584,-1.6397809982299805,2.652082920074463,1.1145145731231112
28,9.318636894226074,-1.6372419595718384,2.654561996459961,1.1119794678148411
28,9.339970588684082,-1.6345202922821045,2.657053232192993,1.1091405848371865
28,9.361279487609863,-1.6316171884536743,2.659550666809082,1.1059956989744415
28,9.382562637329102,-1.6285336017608643,2.662048578262329,1.102546691446147
28,9.403820991516113,-1.6252700090408325,2.664539337158203,1.0987993671054175
28,9.42505168914795,-1.621827244758606,2.6670148372650146,1.0943962719527782
28,9.446256637573242,-1.6182068586349487,2.669466018676758,1.089632800057789
28,9.46743392944336,-1.614409327507019,2.6718826293945312,1.0846132606559309
28,9.488584518432617,-1.610435962677002,2.6742546558380127,1.0793720900000536
28,9.5097074508667,-1.6062889099121094,2.676570415496826,1.0739471457854668
28,9.530803680419922,-1.6019710302352905,2.6788177490234375,1.0683796792298692
28,9.551873207092285,-1.5974868535995483,2.68098521232605,1.0624236086822998
28,9.572917938232422,-1.5928435325622559,2.6830592155456543,1.0561702526404695
28,9.593938827514648,-1.5880478620529175,2.685028076171875,1.0499028323522164
28,9.614936828613281,-1.5831080675125122,2.686880350112915,1.0436696085453248
28,9.635913848876953,-1.5780344009399414,2.6886043548583984,1.037506097089767
28,9.656871795654297,-1.5728381872177124,2.6901888847351074,1.0312249796327517
28,9.677813529968262,-1.567533254623413,2.6916215419769287,1.0247692287696362
28,9.698741912841797,-1.562133550643921,2.692891836166382,1.0184554315691245
28,9.719657897949219,-1.5566521883010864,2.6939902305603027,1.0122901727197555
28,9.740565299987793,-1.551102876663208,2.6949081420898438,1.006298524291158
28,9.761466026306152,-1.5455018281936646,2.6956350803375244,1.0001215019565237
28,9.782362937927246,-1.5398660898208618,2.696159601211548,0.9940825537979332
28,9.80325984954834,-1.534211277961731,2.6964738368988037,0.988298885901668
28,9.82415771484375,-1.5285537242889404,2.696571111679077,0.98279012530582
28,9.845059394836426,-1.5229098796844482,2.6964447498321533,0.9774392733898595
28,9.865966796875,-1.5172990560531616,2.69608473777771,0.9722332706838746
28,9.886882781982422,-1.5117394924163818,2.6954870223999023,0.967433902535608
28,9.907808303833008,-1.506248116493225,2.6946499347686768,0.9630655945039185
28,9.92874526977539,-1.5008412599563599,2.6935741901397705,0.9591478009639326
28,9.949694633483887,-1.4955366849899292,2.6922597885131836,0.9555458639884
28,9.970658302307129,-1.4903521537780762,2.690706729888916,0.9524042088755648
28,9.9916353225708,-1.48530113697052,2.688920736312866,0.9497528312086384
28,10.012626647949219,-1.4803965091705322,2.686910390853882,0.9475751367372788
28,10.033632278442383,-1.4756485223770142,2.684684991836548,0.9458540400503115
28,10.05465316772461,-1.4710676670074463,2.682252883911133,0.944531335851802
28,10.07568645477295,-1.4666630029678345,2.679622173309326,0.9436124807025517
28,10.096733093261719,-1.462438941001892,2.6768054962158203,0.9430162815549664
28,10.117792129516602,-1.458397626876831,2.6738157272338867,0.9427086843577701
28,10.138862609863281,-1.4545398950576782,2.670666456222534,0.9426422078828649
28,10.15994930267334,-1.450863003730774,2.667370557785034,0.9427640908648461
28,10.18111515045166,-1.44735586643219,2.6639304161071777,0.9430219584896093
28,10.202606201171875,-1.443980097770691,2.66031551361084,0.9433348892220326
28,10.224987983703613,-1.4406541585922241,2.656437635421753,0.943528374243129
28,10.247379302978516,-1.4375101327896118,2.652458667755127,0.9435520176511254
28,10.271451950073242,-1.4343184232711792,2.648090124130249,0.9434826190335704
28,10.29771614074707,-1.4310386180877686,2.643239736557007,0.9430109635300609
28,10.323989868164062,-1.427953839302063,2.6383163928985596,0.9420867416250657
28,10.352210998535156,-1.424835443496704,2.6329753398895264,0.9409825111452342
28,10.381590843200684,-1.42178475856781,2.627375841140747,0.9389012913881882
28,10.410983085632324,-1.4189144372940063,2.621750593185425,0.9366939370681278
28,10.440825462341309,-1.416163444519043,2.6160330772399902,0.9339723689366712
28,10.470681190490723,-1.4135634899139404,2.6103157997131348,0.9307872703393548
28,10.50064754486084,-1.4110875129699707,2.6045925617218018,0.9275161063203621
28,10.53063678741455,-1.408732295036316,2.5988855361938477,0.9236925121138544
28,10.560639381408691,-1.4064881801605225,2.593200445175171,0.9198827438490434
28,10.590654373168945,-1.4043442010879517,2.5875403881073,0.9158814297138941
28,10.620680809020996,-1.4022949934005737,2.5819075107574463,0.9117653915470401
28,10.650716781616211,-1.4003318548202515,2.5763022899627686,0.907702710406646
28,10.680764198303223,-1.3984501361846924,2.57072377204895,0.9035011057181467
28,10.710821151733398,-1.3966456651687622,2.565171003341675,0.8994079677467223
28,10.740886688232422,-1.3949127197265625,2.559642791748047,0.895352195924857
28,10.770960807800293,-1.3932486772537231,2.554137945175171,0.8913796320921574
28,10.801041603088379,-1.391648530960083,2.548654317855835,0.8875345717900137
28,10.83112907409668,-1.3901090621948242,2.543189287185669,0.8837916232037388
28,10.861223220825195,-1.388627052307129,2.537741184234619,0.8802118508674617
28,10.891321182250977,-1.3871980905532837,2.532308578491211,0.8767900549193544
28,10.921424865722656,-1.385819435119629,2.5268900394439697,0.8735517381749431
28,10.951533317565918,-1.3844867944717407,2.5214834213256836,0.8704707587367024
28,10.981644630432129,-1.383196473121643,2.5160865783691406,0.8676088508274292
28,11.011759757995605,-1.3819451332092285,2.5106992721557617,0.864933225709819
28,11.041877746582031,-1.3807278871536255,2.5053205490112305,0.862455206217129
28,11.071998596191406,-1.3795417547225952,2.499950647354126,0.8601988027968267
28,11.102121353149414,-1.378381609916687,2.4945881366729736,0.8580994194481796
28,11.132246971130371,-1.3772432804107666,2.4892332553863525,0.8562548871964469
28,11.162373542785645,-1.3761228322982788,2.4838876724243164,0.8545928704860756
28,11.192503929138184,-1.3750144243240356,2.4785521030426025,0.85312214194091
28,11.222637176513672,-1.3739145994186401,2.4732282161712646,0.8518702929808983
28,11.25277328491211,-1.3728179931640625,2.46791672706604,0.8507571025792636
28,11.282919883728027,-1.3717190027236938,2.4626193046569824,0.8498869062387581
28,11.313070297241211,-1.3706138134002686,2.4573402404785156,0.8491703020485459
28,11.343247413635254,-1.3694953918457031,2.452078342437744,0.8486122907064081
28,11.373428344726562,-1.368360996246338,2.446840524673462,0.8482408098234208
28,11.403677940368652,-1.3672031164169312,2.4416186809539795,0.8479765970613331
28,11.434070587158203,-1.3660153150558472,2.436403751373291,0.8479005623374867
28,11.46446704864502,-1.3647996187210083,2.4312233924865723,0.847963363042769
28,11.495116233825684,-1.3635421991348267,2.426038980484009,0.8481792963269048
28,11.525769233703613,-1.362249493598938,2.4208922386169434,0.8485901012813563
28,11.561663627624512,-1.3606841564178467,2.4149110317230225,0.8492186426181737
28,11.626712799072266,-1.3576881885528564,2.404207944869995,0.8507481698857656
28,11.691783905029297,-1.3544702529907227,2.3936972618103027,0.8526867119248247
28,11.762651443481445,-1.3506890535354614,2.3825266361236572,0.8552738722615129
28,11.890793800354004,-1.3429983854293823,2.3631210327148438,0.8608705910197447
28,12.019017219543457,-1.3341076374053955,2.344794750213623,0.8669672147151972
28,12.139391899108887,-1.324594259262085,2.328702211380005,0.8731455866824064
28,12.259824752807617,-1.3139585256576538,2.3137924671173096,0.8797227532041958
28,12.380636215209961,-1.3021559715270996,2.3000941276550293,0.8862780259263064
28,12.501662254333496,-1.2892247438430786,2.2876815795898438,0.8924114433133066
28,12.622697830200195,-1.275225281715393,2.2765913009643555,0.8976949990740228
28,12.743813514709473,-1.2602342367172241,2.266810655593872,0.9023048246806962
28,12.864907264709473,-1.2443256378173828,2.2582807540893555,0.9041367190734706
28,12.985990524291992,-1.227534294128418,2.2509286403656006,0.9039836844180327
28,13.107019424438477,-1.209929347038269,2.2445075511932373,0.9005368096101978
28,13.227970123291016,-1.1915487051010132,2.238821029663086,0.8939349110623749
28,13.348825454711914,-1.1724566221237183,2.233506917953491,0.8852879848262987
28,13.38464641571045,-1.1666516065597534,2.23197340965271,0.881315997396791
29,0.25439777970314026,-1.8444589376449585,2.1867868900299072,1.0136082611052608
29,0.35750994086265564,-1.844525933265686,2.159888505935669,1.0139949894470484
29,0.463446706533432,-1.8447251319885254,2.1272833347320557,1.0147271871136314
29,0.5678402781486511,-1.8450590372085571,2.090026378631592,1.008752697744408
29,0.6746923923492432,-1.8455432653427124,2.046710252761841,1.0013393239074482
29,0.7831743359565735,-1.846161961555481,1.9983277320861816,0.9828733101176459
29,0.8901990056037903,-1.8468868732452393,1.9468036890029907,0.9624143079076198
29,0.9978436231613159,-1.8477236032485962,1.8917523622512817,0.9366011067388094
29,1.0706591606140137,-1.8483548164367676,1.8525820970535278,0.917734984702349
29,1.176843523979187,-1.8493841886520386,1.7926526069641113,0.8857322534647508
29,1.2677327394485474,-1.8503873348236084,1.73819100856781,0.8564011691103928
29,1.370753526687622,-1.851702094078064,1.6722543239593506,0.8178908730819379
29,1.4361238479614258,-1.852663516998291,1.6273889541625977,0.7927769059062209
29,1.532466173171997,-1.8543334007263184,1.5553730726242065,0.7467514777446699
29,1.6216799020767212,-1.8562920093536377,1.479300856590271,0.7028089325385519
29,1.6607168912887573,-1.8573447465896606,1.4412673711776733,0.6815170009436422
29,1.7024612426757812,-1.8586827516555786,1.3958722352981567,0.6540931070803447
29,1.7735874652862549,-1.8619390726089478,1.2964582443237305,0.6177943989690295
29,1.8098313808441162,-1.864821195602417,1.21720290184021,0.6314572891939829
29,1.8366395235061646,-1.8696144819259644,1.0980433225631714,0.7361640961378595
29,1.8471620082855225,-1.8752554655075073,0.9761695265769958,0.8943128924688797
29,1.8668330907821655,-1.88161039352417,0.8557689785957336,0.9798256778451829
29,1.8734471797943115,-1.882686972618103,0.8362734913825989,0.9817117217994394
29,1.8818532228469849,-1.8837684392929077,0.8165037631988525,0.9736368465869903
29,1.9624824523925781,-1.888085126876831,0.7269421815872192,0.9462941148074897
29,2.0236563682556152,-1.8882685899734497,0.7045087218284607,0.9652560214154587
29,2.106177568435669,-1.8864350318908691,0.7052860856056213,1.1168561860075386
29,2.1836836338043213,-1.8835374116897583,0.7279656529426575,1.34093138777813
29,2.224311113357544,-1.8817733526229858,0.7456972599029541,1.461145878397051
29,2.332040309906006,-1.8766016960144043,0.8036673069000244,1.5551675807432177
29,2.4360835552215576,-1.8708475828170776,0.8679191470146179,1.5356901775902112
29,2.479654312133789,-1.867840051651001,0.9008609652519226,1.413355894665902
29,2.5660035610198975,-1.8604745864868164,0.9871004819869995,1.1165203099235355
29,2.634613037109375,-1.854212999343872,1.0882452726364136,0.9315776834875581
29,2.6578376293182373,-1.8526421785354614,1.1239869594573975,0.8868342935796367
29,2.6709485054016113,-1.8519803285598755,1.1433639526367188,0.8591095345355922
29,2.7500839233398438,-1.8501012325286865,1.2365679740905762,0.8207035532849071
29,2.8443901538848877,-1.8499435186386108,1.3145211935043335,0.8550913795141861
29,2.9483652114868164,-1.8506289720535278,1.379104495048523,0.8789165321429347
29,3.0583596229553223,-1.8517941236495972,1.4328718185424805,0.9152075213746887
29,3.1720094680786133,-1.8531755208969116,1.4784430265426636,0.9384643422302165
29,3.2880454063415527,-1.8546607494354248,1.517563819885254,0.9618178966644549
29,3.405686140060425,-1.8561922311782837,1.5515691041946411,0.978571238334403
29,3.524475336074829,-1.8577650785446167,1.5813249349594116,0.9925990818040951
29,3.6440882682800293,-1.8593862056732178,1.6075764894485474,1.0049200456571397
29,3.7643136978149414,-1.8610694408416748,1.630866289138794,1.0123372898760756
29,3.884979724884033,-1.8628318309783936,1.651633858680725,1.0199155804401163
29,4.005774974822998,-1.8646926879882812,1.6702401638031006,1.0253773214719388
29,4.126840591430664,-1.8666695356369019,1.6869838237762451,1.0296434934745429
29,4.247025966644287,-1.8687670230865479,1.7020317316055298,1.0334031412296483
29,4.364142894744873,-1.870958685874939,1.7153738737106323,1.0355460370423997
29,4.481379985809326,-1.8733168840408325,1.7275831699371338,1.0376319032449883
29,4.592398166656494,-1.8757237195968628,1.7382230758666992,1.039202489866011
29,4.703486442565918,-1.8783174753189087,1.7480579614639282,1.0404086947731548
29,4.806185245513916,-1.880899429321289,1.7565041780471802,1.0414009956013341
29,4.901055335998535,-1.8834589719772339,1.7638112306594849,1.0421744272797033
29,4.9907732009887695,-1.8860480785369873,1.7703245878219604,1.0427739009480252
29,5.080511093139648,-1.8888154029846191,1.7764872312545776,1.0432590642141668
29,5.167835712432861,-1.8916925191879272,1.7821754217147827,1.0436711074164098
29,5.254388332366943,-1.8947376012802124,1.7875380516052246,1.04404102684251
29,5.340793609619141,-1.8979852199554443,1.792640209197998,1.0443903134589212
29,5.427189350128174,-1.9014569520950317,1.7975103855133057,1.0447352961662772
29,5.513586521148682,-1.9051711559295654,1.8021671772003174,1.0450905853110055
29,5.599982738494873,-1.9091473817825317,1.8066270351409912,1.0454716573250347
29,5.686374664306641,-1.9134057760238647,1.8109052181243896,1.045894823037611
29,5.772758960723877,-1.917967677116394,1.815015435218811,1.046388420078367
29,5.859132289886475,-1.9228549003601074,1.818971037864685,1.046975705949573
29,5.945487976074219,-1.9280918836593628,1.822784662246704,1.0476834441799348
29,6.031813621520996,-1.933701992034912,1.826467752456665,1.0485426637075175
29,6.11808443069458,-1.9397083520889282,1.830031156539917,1.0495899944966813
29,6.204258441925049,-1.9461321830749512,1.8334850072860718,1.0508641857492322
29,6.290277481079102,-1.9529922008514404,1.8368382453918457,1.0523316709706878
29,6.3762593269348145,-1.960323691368103,1.8401345014572144,1.0540160339556537
29,6.44144868850708,-1.9661983251571655,1.8426706790924072,1.0558506615790977
29,6.490191459655762,-1.9707963466644287,1.844656229019165,1.0572975473637154
29,6.511950492858887,-1.9729053974151611,1.8455628156661987,1.0578671694666435
29,6.533590316772461,-1.9750391244888306,1.8464641571044922,1.0584593549996733
29,6.55516242980957,-1.9772025346755981,1.8473548889160156,1.0590773061548135
29,6.576699256896973,-1.979399561882019,1.848231315612793,1.059730408956289
29,6.598221778869629,-1.9816323518753052,1.849091649055481,1.0604305058726344
29,6.619740962982178,-1.9839026927947998,1.8499354124069214,1.0611836345738077
29,6.6412529945373535,-1.9862102270126343,1.850763201713562,1.0619868500457867
29,6.662761211395264,-1.9885553121566772,1.8515770435333252,1.0628383595261774
29,6.684265613555908,-1.9909380674362183,1.852378487586975,1.0637358938915686
29,6.705765724182129,-1.9933582544326782,1.853169560432434,1.0646772500894655
29,6.727262020111084,-1.9958158731460571,1.853951334953308,1.0656606534690165
29,6.748754501342773,-1.9983108043670654,1.854724645614624,1.0666867710345924
29,6.770243167877197,-2.000843048095703,1.8554898500442505,1.0677543600704535
29,6.791727542877197,-2.0034122467041016,1.8562469482421875,1.0688596683981406
29,6.813207626342773,-2.006018877029419,1.856995701789856,1.070013559597241
29,6.834683418273926,-2.008662223815918,1.8577361106872559,1.0712199236659217
29,6.856154918670654,-2.011343002319336,1.8584678173065186,1.0724824916558735
29,6.877622127532959,-2.0140604972839355,1.859190821647644,1.0738031931834155
29,6.89908504486084,-2.016814947128296,1.8599050045013428,1.0751858764465612
29,6.920543670654297,-2.019605875015259,1.8606103658676147,1.0766360871902
29,6.941997528076172,-2.022432804107666,1.8613070249557495,1.0781496077366668
29,6.963449954986572,-2.025296211242676,1.8619951009750366,1.0797282416739358
29,6.984894752502441,-2.0281946659088135,1.8626744747161865,1.0813661725035044
29,7.006335258483887,-2.0311286449432373,1.8633455038070679,1.0830770060368051
29,7.02777099609375,-2.03409743309021,1.8640079498291016,1.0848648799524185
29,7.0492024421691895,-2.0371007919311523,1.8646619319915771,1.0867372042278984
29,7.070629119873047,-2.0401387214660645,1.8653074502944946,1.0887076922669745
29,7.092051029205322,-2.043210506439209,1.8659443855285645,1.0907689552002533
29,7.113469123840332,-2.046315908432007,1.8665729761123657,1.0929239654078162
29,7.134885787963867,-2.049454927444458,1.8671928644180298,1.0951761927609494
29,7.156304836273193,-2.0526270866394043,1.8678042888641357,1.0975161967521752
29,7.177709102630615,-2.0558295249938965,1.8684065341949463,1.0999535469049408
29,7.199108600616455,-2.059062957763672,1.868999719619751,1.1024992843264785
29,7.220503807067871,-2.062326192855835,1.8695837259292603,1.1051671714482099
29,7.2418951988220215,-2.0656182765960693,1.8701584339141846,1.1079436614859914
29,7.263282299041748,-2.0689380168914795,1.8707236051559448,1.1108295677212086
29,7.284665584564209,-2.0722837448120117,1.8712791204452515,1.1138250699122663
29,7.3060455322265625,-2.0756542682647705,1.871824860572815,1.1169256185843432
29,7.32742166519165,-2.079047441482544,1.8723605871200562,1.1201163595612056
29,7.348794937133789,-2.0824618339538574,1.8728861808776855,1.1234191225991568
29,7.3701653480529785,-2.08589506149292,1.8734015226364136,1.126837570667284
29,7.391533374786377,-2.0893449783325195,1.8739064931869507,1.1303502908783392
29,7.412899494171143,-2.092808723449707,1.8744009733200073,1.1339501602706115
29,7.434263706207275,-2.096283435821533,1.8748849630355835,1.1376287147322026
29,7.455626964569092,-2.099766254425049,1.8753582239151,1.141375426311174
29,7.47698974609375,-2.103254556655884,1.8758208751678467,1.1451626000391903
29,7.498352527618408,-2.1067450046539307,1.876272439956665,1.1490024422412863
29,7.519715785980225,-2.110234260559082,1.8767131567001343,1.1528813884694082
29,7.541079521179199,-2.1137194633483887,1.8771426677703857,1.1567771924004262
29,7.562445163726807,-2.117197036743164,1.8775609731674194,1.1606761395707421
29,7.583812713623047,-2.1206634044647217,1.8779675960540771,1.1645642042289592
29,7.605182647705078,-2.124115228652954,1.8783625364303589,1.1684274134570762
29,7.626555919647217,-2.127549886703491,1.8787453174591064,1.1722456452662426
29,7.647932052612305,-2.130964756011963,1.8791155815124512,1.1760083911280654
29,7.669312477111816,-2.134357213973999,1.8794728517532349,1.179701440094723
29,7.690696716308594,-2.137725353240967,1.8798165321350098,1.1833158776524562
29,7.712085247039795,-2.141066312789917,1.8801460266113281,1.1868437529261995
29,7.733479022979736,-2.144378900527954,1.8804606199264526,1.190279853717569
29,7.754877090454102,-2.1476614475250244,1.8807594776153564,1.1936218110581358
29,7.776280403137207,-2.150912284851074,1.8810417652130127,1.1968685115475566
29,7.797688961029053,-2.1541309356689453,1.8813061714172363,1.200013841531605
29,7.819102764129639,-2.157315731048584,1.8815518617630005,1.203069084467458
29,7.840521812438965,-2.1604654788970947,1.8817776441574097,1.2060451406596835
29,7.861946105957031,-2.163578748703003,1.881982445716858,1.2089467878463085
29,7.883376598358154,-2.166654348373413,1.8821654319763184,1.2117756367756376
29,7.904812812805176,-2.1696903705596924,1.8823256492614746,1.2145279427277638
29,7.926254749298096,-2.1726856231689453,1.8824623823165894,1.2171957313470525
29,7.947702407836914,-2.17563796043396,1.882575273513794,1.2197336346369585
29,7.969156742095947,-2.1785452365875244,1.8826639652252197,1.2220753653534873
29,7.990617752075195,-2.181405544281006,1.8827283382415771,1.224231653958442
29,8.0120849609375,-2.1842167377471924,1.882768154144287,1.2262250417097278
29,8.03355884552002,-2.1869781017303467,1.882783055305481,1.228076668972319
29,8.055039405822754,-2.1896886825561523,1.88277268409729,1.2298030673343578
29,8.076525688171387,-2.1923482418060303,1.8827366828918457,1.2314135522187544
29,8.098018646240234,-2.194956064224243,1.8826749324798584,1.2329055333645358
29,8.119518280029297,-2.197512149810791,1.8825874328613281,1.2342972301411932
29,8.141022682189941,-2.2000155448913574,1.8824739456176758,1.235607303992404
29,8.1625337600708,-2.2024664878845215,1.882334589958191,1.2368149514104465
29,8.184050559997559,-2.204864263534546,1.8821696043014526,1.2379519614461176
29,8.205573081970215,-2.2072091102600098,1.881978988647461,1.239022176480975
29,8.22710132598877,-2.209500551223755,1.881762981414795,1.2400288974412528
29,8.248634338378906,-2.211738109588623,1.8815218210220337,1.2409685303924034
29,8.270173072814941,-2.2139222621917725,1.8812557458877563,1.2418401043642648
29,8.291716575622559,-2.216052770614624,1.8809648752212524,1.242653418533521
29,8.313264846801758,-2.2181293964385986,1.880649447441101,1.2434088943608204
29,8.334817886352539,-2.2201521396636963,1.880309820175171,1.244107074333403
29,8.356375694274902,-2.222121000289917,1.879946231842041,1.244748105460587
29,8.377938270568848,-2.22403621673584,1.8795589208602905,1.2453323507583172
29,8.399504661560059,-2.225897789001465,1.8791483640670776,1.2458483500699196
29,8.421074867248535,-2.227705717086792,1.878714680671692,1.2462874008456084
29,8.442649841308594,-2.2294607162475586,1.878258228302002,1.2466717105261453
29,8.464227676391602,-2.2311623096466064,1.877779483795166,1.2470020045918215
29,8.485810279846191,-2.232811212539673,1.8772788047790527,1.2472787210595773
29,8.50739574432373,-2.234407424926758,1.8767564296722412,1.2475026439409416
29,8.528984069824219,-2.2359511852264404,1.8762127161026,1.247674417066327
29,8.550576210021973,-2.237442970275879,1.8756481409072876,1.2477943071746442
29,8.57217025756836,-2.2388827800750732,1.8750629425048828,1.2478540184894493
29,8.593768119812012,-2.2402713298797607,1.874457597732544,1.2478613957909874
29,8.615368843078613,-2.2416086196899414,1.8738324642181396,1.2478189292955246
29,8.636971473693848,-2.2428953647613525,1.8731880187988281,1.2477269564100992
29,8.658576011657715,-2.244131565093994,1.872524380683899,1.2475858047010009
29,8.680183410644531,-2.2453179359436035,1.8718421459197998,1.2473955559205476
29,8.70179271697998,-2.2464547157287598,1.8711416721343994,1.2471567663302703
29,8.723404884338379,-2.247542142868042,1.8704233169555664,1.2468646289449832
29,8.745018005371094,-2.2485809326171875,1.8696873188018799,1.2465187552095403
29,8.766633033752441,-2.2495713233947754,1.868934154510498,1.24612495827981
29,8.788249015808105,-2.250513792037964,1.8681640625,1.2456790307989276
29,8.809866905212402,-2.251408815383911,1.8673776388168335,1.2451827150281163
29,8.831485748291016,-2.2522568702697754,1.8665751218795776,1.2446396307349252
29,8.853106498718262,-2.253058671951294,1.8657567501068115,1.244050327914472
29,8.874728202819824,-2.253814458847046,1.8649228811264038,1.2434140512736238
29,8.896349906921387,-2.2545249462127686,1.8640738725662231,1.2427229616520288
29,8.917972564697266,-2.255190372467041,1.8632097244262695,1.2419870755126343
29,8.939597129821777,-2.2558114528656006,1.8623310327529907,1.241206937368484
29,8.961221694946289,-2.2563889026641846,1.8614376783370972,1.240382978940864
29,8.9828462600708,-2.256922960281372,1.860530138015747,1.239515511307744
29,9.004471778869629,-2.2574143409729004,1.8596084117889404,1.2386052048553813
29,9.026097297668457,-2.257863759994507,1.8586727380752563,1.2376526123816676
29,9.047723770141602,-2.2582716941833496,1.8577232360839844,1.2366522582873294
29,9.069350242614746,-2.258638620376587,1.856760025024414,1.2356082494882148
29,9.090975761413574,-2.258965253829956,1.855783224105835,1.2345240937725992
29,9.112602233886719,-2.2592520713806152,1.8547929525375366,1.2334005801017789
29,9.134227752685547,-2.259500026702881,1.853789210319519,1.2322384978296927
29,9.155854225158691,-2.259709358215332,1.8527721166610718,1.2310386361174663
29,9.17747974395752,-2.259881019592285,1.8517416715621948,1.229801784328194
29,9.199104309082031,-2.2600154876708984,1.8506978750228882,1.2285268407583843
29,9.220728874206543,-2.26011323928833,1.8496408462524414,1.227211397459921
29,9.242353439331055,-2.2601754665374756,1.848570466041565,1.2258622736751155
29,9.263976097106934,-2.260202407836914,1.8474868535995483,1.2244802538689958
29,9.285599708557129,-2.260195016860962,1.8463897705078125,1.223066598394271
29,9.307221412658691,-2.2601537704467773,1.8452794551849365,1.2216222125381133
29,9.328843116760254,-2.2600793838500977,1.8441556692123413,1.220148358782862
29,9.3504638671875,-2.2599728107452393,1.8430184125900269,1.2186459415113249
29,9.372082710266113,-2.2598345279693604,1.8418676853179932,1.2171113363695365
29,9.393701553344727,-2.2596654891967773,1.8407033681869507,1.2155505555311394
29,9.415319442749023,-2.2594664096832275,1.8395254611968994,1.213966055830727
29,9.436935424804688,-2.259237766265869,1.8383337259292603,1.212359819697936
29,9.458551406860352,-2.2589807510375977,1.8371282815933228,1.2107320306542704
29,9.480165481567383,-2.2586958408355713,1.8359090089797974,1.2090839559780735
29,9.501778602600098,-2.2583837509155273,1.8346757888793945,1.207416864567176
29,9.523390769958496,-2.2580456733703613,1.8334285020828247,1.2057304319090374
29,9.545001983642578,-2.2576818466186523,1.832167148590088,1.2040264954867292
29,9.566611289978027,-2.257293701171875,1.8308916091918945,1.2023082800728182
29,9.58821964263916,-2.2568814754486084,1.829601764678955,1.200577293273947
29,9.609827041625977,-2.256446361541748,1.828297734260559,1.1988349351502328
29,9.63143253326416,-2.2559890747070312,1.826979160308838,1.197082604964952
29,9.653036117553711,-2.2555103302001953,1.8256462812423706,1.1953217041450879
29,9.674639701843262,-2.2550108432769775,1.8242987394332886,1.1935534981640334
29,9.69624137878418,-2.2544918060302734,1.8229366540908813,1.1917786352794917
29,9.717841148376465,-2.2539539337158203,1.821560025215149,1.190000234460879
29,9.739439964294434,-2.2533979415893555,1.8201687335968018,1.1882193644161425
29,9.76103687286377,-2.252824544906616,1.8187626600265503,1.1864376859353445
29,9.782632827758789,-2.252234935760498,1.817341923713684,1.1846565109049858
29,9.804227828979492,-2.251629590988159,1.8159065246582031,1.18287692019426
29,9.825820922851562,-2.251009464263916,1.8144562244415283,1.1811016568000554
29,9.847413063049316,-2.250375509262085,1.8129912614822388,1.1793332390390834
29,9.869003295898438,-2.249728202819824,1.811511516571045,1.1775681536509945
29,9.890592575073242,-2.2490687370300293,1.8100172281265259,1.1758064539161328
29,9.912179946899414,-2.2483975887298584,1.808508276939392,1.174052862365029
29,9.93376636505127,-2.247715711593628,1.8069846630096436,1.172308374437743
29,9.955350875854492,-2.247023582458496,1.8054466247558594,1.1705744641011264
29,9.976934432983398,-2.2463226318359375,1.8038939237594604,1.1688518980273443
29,9.998517036437988,-2.245612859725952,1.8023269176483154,1.167142721457341
29,10.020097732543945,-2.2448954582214355,1.8007456064224243,1.165448720991171
29,10.041677474975586,-2.244171142578125,1.7991498708724976,1.1637694542110106
29,10.063255310058594,-2.243440628051758,1.7975400686264038,1.1621060707881476
29,10.084833145141602,-2.242704391479492,1.7959160804748535,1.1604594878732006
29,10.106409072875977,-2.2419633865356445,1.7942781448364258,1.1588302894373346
29,10.127983093261719,-2.241218090057373,1.7926263809204102,1.1572187447706326
29,10.149563789367676,-2.240469217300415,1.7909603118896484,1.1556238818513351
29,10.171143531799316,-2.2397172451019287,1.7892804145812988,1.154045066768371
29,10.192791938781738,-2.2389602661132812,1.787581205368042,1.1524748750250637
29,10.214762687683105,-2.2381904125213623,1.7858425378799438,1.1509010984163945
29,10.23763370513916,-2.2373874187469482,1.7840173244476318,1.1492911424622052
29,10.262211799621582,-2.2365238666534424,1.782038927078247,1.1476033006361377
29,10.286788940429688,-2.2356598377227783,1.780043601989746,1.1459740302302488
29,10.313591957092285,-2.2347185611724854,1.7778489589691162,1.1442283383338279
29,10.342367172241211,-2.2337095737457275,1.7754720449447632,1.142405497474554
29,10.37114143371582,-2.2327029705047607,1.7730745077133179,1.1406262695105354
29,10.401081085205078,-2.2316596508026123,1.7705585956573486,1.138802239621173
29,10.431462287902832,-2.2306058406829834,1.7679840326309204,1.137015086644905
29,10.46184253692627,-2.229557752609253,1.7653883695602417,1.1352609387208963
29,10.492321014404297,-2.228512763977051,1.7627636194229126,1.1335572651289691
29,10.522797584533691,-2.2274749279022217,1.7601186037063599,1.1319139142557029
29,10.553282737731934,-2.2264442443847656,1.757453441619873,1.1303029818954224
29,10.583765983581543,-2.225421905517578,1.7547696828842163,1.1287595852877281
29,10.614248275756836,-2.224407434463501,1.7520679235458374,1.127249169679891
29,10.644729614257812,-2.223400831222534,1.749349594116211,1.1257776439099647
29,10.675209045410156,-2.222402334213257,1.7466150522232056,1.1243650205748117
29,10.705687522888184,-2.2214114665985107,1.7438656091690063,1.122982430038773
29,10.736166000366211,-2.2204275131225586,1.7411022186279297,1.1216550645978718
29,10.766642570495605,-2.2194504737854004,1.7383257150650024,1.1203747999691316
29,10.797118186950684,-2.2184791564941406,1.7355376482009888,1.1191343311611746
29,10.827593803405762,-2.217513084411621,1.7327388525009155,1.1179483006542688
29,10.858068466186523,-2.2165515422821045,1.7299305200576782,1.1167887462005133
29,10.888541221618652,-2.2155933380126953,1.727113962173462,1.1156724345359943
29,10.919013977050781,-2.214637279510498,1.724290132522583,1.114591950629731
29,10.94948673248291,-2.213682174682617,1.7214604616165161,1.1135369516405949
29,10.976555824279785,-2.2128334045410156,1.7189427614212036,1.1126416808226838
30,0.7651656270027161,0.9725102782249451,0.7238213419914246,1.003926441108788
30,0.8580949306488037,0.9728963971138,0.6487706899642944,1.0149649564707892
30,0.9536542296409607,0.9732714295387268,0.5771200060844421,1.0458829317358163
30,1.0554744005203247,0.9735821485519409,0.5108792781829834,1.120015803721015
30,1.1626769304275513,0.9735745191574097,0.45235416293144226,1.2794279639452324
30,1.227892279624939,0.9733431339263916,0.4213525950908661,1.3851168185488982
30,1.2594020366668701,0.9732024073600769,0.40776151418685913,1.45172255614047
30,1.2925567626953125,0.9730314612388611,0.39398762583732605,1.5394798242218208
30,1.371224284172058,0.9724794030189514,0.3630864918231964,1.7832351945226657
30,1.4021539688110352,0.9721962809562683,0.3515468239784241,1.8996879986850796
30,1.4221820831298828,0.971994161605835,0.3441925346851349,1.9732516096896677
30,1.442082166671753,0.9717859029769897,0.33665233850479126,2.0071210133589976
30,1.4647696018218994,0.9715391993522644,0.3289172053337097,2.193596872625623
30,1.5258185863494873,0.9708543419837952,0.30946382880210876,2.5171680532823224
30,1.5874354839324951,0.970088541507721,0.29190370440483093,2.8756559365079895
30,1.6470649242401123,0.969257652759552,0.2774982154369354,3.245419085901235
30,1.7072426080703735,0.9683325886726379,0.2656090557575226,3.587652636705908
30,1.7678769826889038,0.9673243165016174,0.2563237249851227,3.8989098795809607
30,1.8288837671279907,0.9663388133049011,0.24993710219860077,4.12610047353666
30,1.8901171684265137,0.9654750823974609,0.24627864360809326,4.254277713728202
30,1.95145583152771,0.9649295806884766,0.24526795744895935,4.321013642150401
30,2.012800693511963,0.9647731184959412,0.24620267748832703,4.295823887369457
30,2.057831048965454,0.9649397730827332,0.24779950082302094,4.266216200729381
30,2.1191070079803467,0.9654122591018677,0.2508406639099121,4.130000961460466
30,2.161858081817627,0.9658703804016113,0.2535637319087982,4.01561182771983
30,2.2228972911834717,0.9665965437889099,0.2596564292907715,3.7755574082788423
30,2.2509653568267822,0.9669507741928101,0.2636374533176422,3.679246783688035
30,2.310864210128784,0.9676516056060791,0.2767239212989807,3.458707137886382
30,2.3685250282287598,0.9682431221008301,0.2975463569164276,3.28803409822756
30,2.425830364227295,0.9687418341636658,0.3261493444442749,3.0581683695637043
30,2.480494737625122,0.9691685438156128,0.35957208275794983,2.847488245819312
30,2.53493595123291,0.9696095585823059,0.3933667540550232,2.6145334008055032
30,2.6137096881866455,0.9702786207199097,0.4392874538898468,2.435465699388409
30,2.712216854095459,0.9708638787269592,0.4886052906513214,2.2569605022028116
30,2.8259716033935547,0.9713998436927795,0.5334556102752686,2.1169378168568063
30,2.888005495071411,0.9716899394989014,0.5533356666564941,2.027115907080571
30,3.005321502685547,0.9724506139755249,0.5882298350334167,1.818070854275812
30,3.12337327003479,0.9734436869621277,0.6205474138259888,1.652599220927295
30,3.2419612407684326,0.9743382930755615,0.6508356928825378,1.4933291312565953
30,3.361163854598999,0.9750691056251526,0.6786161661148071,1.4008034405227483
30,3.452594041824341,0.975484311580658,0.6980445981025696,1.3388571973631476
30,3.572826623916626,0.9759045839309692,0.7211994528770447,1.2923584199501585
30,3.6556198596954346,0.9761437177658081,0.7357218861579895,1.2624795357040264
30,3.7765095233917236,0.9764811396598816,0.7550402879714966,1.2313280994992601
30,3.8667826652526855,0.9767513871192932,0.7680927515029907,1.2101827045983358
30,3.9879672527313232,0.9771813154220581,0.7840008735656738,1.1888169089336162
30,4.109363079071045,0.9777140617370605,0.7982054948806763,1.1704948061517948
30,4.229829788208008,0.978371262550354,0.8108866810798645,1.154981067819809
30,4.350421905517578,0.9791718125343323,0.8223118185997009,1.142177245851611
30,4.467874050140381,0.9801042079925537,0.8324077725410461,1.131071702139552
30,4.579075336456299,0.9811416864395142,0.8411381840705872,1.1219798052770003
30,4.690332889556885,0.9823445677757263,0.8491240739822388,1.1131831807223198
30,4.79317569732666,0.9836235046386719,0.8559076189994812,1.105576558653215
30,4.888171672821045,0.9849671125411987,0.8617069721221924,1.0989036092707043
30,4.978003025054932,0.9863997101783752,0.8668122291564941,1.0928601280980919
30,5.067850112915039,0.9880092144012451,0.871580183506012,1.087101014662316
30,5.156069755554199,0.9897805452346802,0.875959575176239,1.0817405775123368
30,5.246101379394531,0.9918016791343689,0.8801424503326416,1.0765067676976108
30,5.339148044586182,0.9941384196281433,0.8841779232025146,1.0712666535979392
30,5.4350905418396,0.9968371987342834,0.8880476951599121,1.0659747920486047
30,5.53359317779541,0.9999446868896484,0.8917282819747925,1.0606245139852413
30,5.63209342956543,1.0034269094467163,0.8951247334480286,1.0553639350435218
30,5.732730865478516,1.0074090957641602,0.8983094096183777,1.0500478694680138
30,5.835040092468262,1.011939287185669,0.9012545943260193,1.0446862067082858
30,5.938537120819092,1.0170634984970093,0.9039362668991089,1.039304559894723
30,6.043498992919922,1.0228643417358398,0.9063536524772644,1.0338686358347295
30,6.148094654083252,1.029311180114746,0.9084588885307312,1.0285221408637326
30,6.251864910125732,1.0364216566085815,0.9102469086647034,1.0234042699938188
30,6.355681896209717,1.0443021059036255,0.9117189049720764,1.0183883765624067
30,6.458618640899658,1.0529407262802124,0.9128443002700806,1.0138028016622571
30,6.558630466461182,1.0621187686920166,0.9136283993721008,1.0113187661343672
30,6.658565521240234,1.0721185207366943,0.9141289591789246,1.0074983732906284
30,6.6844048500061035,1.0748379230499268,0.9142076969146729,1.0062580276602766
30,6.710038661956787,1.077600359916687,0.9142556190490723,1.0050655652964606
30,6.735546588897705,1.0804204940795898,0.9142695069313049,1.003920330520599
30,6.761577129364014,1.0833754539489746,0.9142476320266724,1.0027559580784215
30,6.786972522735596,1.086338758468628,0.9141901135444641,1.0016292979398358
30,6.8123087882995605,1.0893748998641968,0.9140979647636414,1.0005360861157797
30,6.837587356567383,1.0924842357635498,0.9139714241027832,0.9994571694425065
30,6.862524032592773,1.0956318378448486,0.9138118028640747,0.9984088264089545
30,6.887319564819336,1.0988414287567139,0.913617730140686,0.9974222107690479
30,6.912741184234619,1.1022154092788696,0.913381040096283,0.996427890629084
30,6.937892913818359,1.105639934539795,0.9131070375442505,0.9954424123631375
30,6.962754249572754,1.1091158390045166,0.9127944707870483,0.9944533009964915
30,6.987592697143555,1.1126816272735596,0.9124383926391602,0.9935130720868138
30,7.012787818908691,1.1163948774337769,0.9120301604270935,0.9926267973291999
30,7.037967681884766,1.1202071905136108,0.91157066822052,0.99182529799024
30,7.063033580780029,1.1241060495376587,0.9110585451126099,0.9911401037077942
30,7.088649272918701,1.128196358680725,0.9104773998260498,0.990538007138385
30,7.1140336990356445,1.1323597431182861,0.9098399877548218,0.9900653136113958
30,7.139389514923096,1.1366331577301025,0.9091383814811707,0.9897446416271122
30,7.164708614349365,1.1410198211669922,0.9083690643310547,0.9896036863839052
30,7.189981937408447,1.145522952079773,0.9075281023979187,0.9896988623867038
30,7.2152299880981445,1.1501504182815552,0.9066102504730225,0.9900853838093564
30,7.240477561950684,1.1549118757247925,0.9056087136268616,0.9907233915209495
30,7.265461444854736,1.159763216972351,0.9045279622077942,0.991778704127176
30,7.290714263916016,1.1648101806640625,0.9033406972885132,0.9934373080082183
30,7.315756320953369,1.1699628829956055,0.902061939239502,0.9959445251634332
30,7.340715408325195,1.1752450466156006,0.9006801247596741,0.9996272775750462
30,7.365654468536377,1.1806633472442627,0.8991850018501282,1.004691125352696
30,7.390560626983643,1.1861966848373413,0.8975709080696106,1.0122469215483447
30,7.4153900146484375,1.1917850971221924,0.8958426713943481,1.0231144022693681
30,7.440163612365723,1.197319746017456,0.8940214514732361,1.0351014408957198
30,7.464919567108154,1.2026243209838867,0.892153799533844,1.044137239500827
30,7.489741325378418,1.2075767517089844,0.8902713060379028,1.0475140450412892
30,7.514551639556885,1.2121152877807617,0.8884024024009705,1.0434739096790724
30,7.53936243057251,1.21632719039917,0.8865354061126709,1.0339138274401918
30,7.564128398895264,1.2203524112701416,0.8846456408500671,1.0235658524548534
30,7.588900566101074,1.2243194580078125,0.8827096819877625,1.015665908573385
30,7.613595962524414,1.2282730340957642,0.8807356953620911,1.0100004410662051
30,7.638298988342285,1.2322441339492798,0.8787339925765991,1.0060880076686565
30,7.662924289703369,1.236222267150879,0.8767317533493042,1.003481242239564
30,7.687474727630615,1.2401986122131348,0.8747496008872986,1.0017513084687333
30,7.711954116821289,1.244160771369934,0.8728058338165283,1.0005922562172276
30,7.736364364624023,1.2480946779251099,0.8709152936935425,0.9997927968937513
30,7.760709762573242,1.2519880533218384,0.869088888168335,0.9991629128211241
30,7.785087585449219,1.2558451890945435,0.8673273324966431,0.9986186233139175
30,7.8094096183776855,1.259643793106079,0.8656402826309204,0.9981290384887
30,7.833682537078857,1.2633798122406006,0.8640263080596924,0.997636628729193
30,7.857785224914551,1.2670317888259888,0.8624890446662903,0.9971061383333879
30,7.881900310516357,1.2706269025802612,0.8610098361968994,0.996554853006219
30,7.905969142913818,1.2741572856903076,0.8595840930938721,0.9959459954304947
30,7.930021286010742,1.277627944946289,0.8582022190093994,0.9952842822442319
30,7.954127788543701,1.2810510396957397,0.8568513989448547,0.994606852371801
30,7.978187561035156,1.284414529800415,0.8555288314819336,0.9939350490084432
30,8.002201080322266,1.2877206802368164,0.8542271256446838,0.9932812403394407
30,8.02617073059082,1.2909719944000244,0.8529398441314697,0.9926558793584046
30,8.050097465515137,1.2941701412200928,0.851661741733551,0.992067481901222
30,8.073983192443848,1.2973169088363647,0.8503886461257935,0.9915203056679704
30,8.097829818725586,1.3004134893417358,0.8491171002388,0.9910192505652959
30,8.121950149536133,1.303501009941101,0.8478277325630188,0.9905525383974433
30,8.145925521850586,1.3065258264541626,0.8465408682823181,0.9901332909614691
30,8.169778823852539,1.3094913959503174,0.8452537655830383,0.9897670297782915
30,8.193808555603027,1.3124356269836426,0.8439489603042603,0.9894540688554037
30,8.217801094055176,1.315332055091858,0.8426370620727539,0.9891869247995829
30,8.241756439208984,1.318181037902832,0.8413171172142029,0.9889670537588686
30,8.265676498413086,1.3209831714630127,0.8399884700775146,0.9887932518011006
30,8.28956127166748,1.3237390518188477,0.8386504650115967,0.988664766136924
30,8.313411712646484,1.3264490365982056,0.8373027443885803,0.988575630386838
30,8.337315559387207,1.329123616218567,0.835939884185791,0.9885265757790619
30,8.361184120178223,1.331752896308899,0.8345667719841003,0.9885198623375632
30,8.384917259216309,1.3343267440795898,0.8331892490386963,0.9885576524392216
30,8.408616065979004,1.3368568420410156,0.8318015933036804,0.9886366722062699
30,8.432072639465332,1.3393217325210571,0.8304162621498108,0.9887553496343647
30,8.455557823181152,1.341750979423523,0.829017698764801,0.9889209308571774
30,8.479259490966797,1.3441636562347412,0.8275949954986572,0.9891325169556219
30,8.502923965454102,1.3465338945388794,0.8261637687683105,0.9893879349748026
30,8.526548385620117,1.3488619327545166,0.8247246146202087,0.9896881733089941
30,8.55013370513916,1.3511483669281006,0.8232783675193787,0.9900289220793628
30,8.573748588562012,1.3534003496170044,0.8218215107917786,0.9904116620672758
30,8.597318649291992,1.3556112051010132,0.8203593492507935,0.9908428118430828
30,8.6207914352417,1.3577766418457031,0.8188960552215576,0.9913185544026087
30,8.64421558380127,1.359901785850525,0.8174295425415039,0.9918390761219991
30,8.667588233947754,1.3619869947433472,0.8159608840942383,0.9924048399777275
30,8.690908432006836,1.3640328645706177,0.8144909739494324,0.9930097150795091
30,8.713626861572266,1.3659926652908325,0.8130555748939514,0.9936379170170169
30,8.73637866973877,1.3679221868515015,0.8116155862808228,0.9943074727285589
30,8.759649276733398,1.3698623180389404,0.8101409673690796,0.9950323584474513
30,8.78286075592041,1.3717641830444336,0.8086692094802856,0.9957994603421276
30,8.805988311767578,1.3736262321472168,0.8072028160095215,0.9966106680002514
30,8.8291015625,1.3754547834396362,0.8057381510734558,0.9974619612674637
30,8.852256774902344,1.377254605293274,0.8042725324630737,0.998351674465429
30,8.875394821166992,1.3790216445922852,0.802810549736023,0.9992824350344734
30,8.898513793945312,1.380756139755249,0.8013530373573303,1.0002534116542094
30,8.921613693237305,1.3824585676193237,0.7999008297920227,1.0012516699472405
30,8.944637298583984,1.3841252326965332,0.7984583377838135,1.0022610804107601
30,8.967620849609375,1.3857595920562744,0.7970238924026489,1.003306564585484
30,8.990585327148438,1.3873634338378906,0.7955970168113708,1.004387857191151
30,9.013528823852539,1.38893723487854,0.794178307056427,1.0055046106601953
30,9.036450386047363,1.3904814720153809,0.7927684187889099,1.006656483159863
30,9.05935001373291,1.3919966220855713,0.7913678884506226,1.0078430802876028
30,9.082200050354004,1.3934814929962158,0.7899788618087769,1.0090635873417095
30,9.105023384094238,1.3949382305145264,0.7886003255844116,1.0103175647299232
30,9.127820014953613,1.3963673114776611,0.7872326970100403,1.011604253012138
30,9.150589942932129,1.3977693319320679,0.7858763933181763,1.0128979956864175
30,9.173297882080078,1.3991426229476929,0.7845338582992554,1.014191856118857
30,9.195978164672852,1.4004898071289062,0.7832033634185791,1.015514372578462
30,9.218650817871094,1.4018129110336304,0.7818838953971863,1.0168646910847887
30,9.241255760192871,1.4031087160110474,0.7805792093276978,1.0182417618193333
30,9.263825416564941,1.4043797254562378,0.7792874574661255,1.01964655265008
30,9.286357879638672,1.405626654624939,0.7780086994171143,1.0210781478847015
30,9.308852195739746,1.4068498611450195,0.7767430543899536,1.0225351447258448
30,9.331307411193848,1.4080498218536377,0.7754905223846436,1.02401624718153
30,9.353721618652344,1.4092270135879517,0.7742512226104736,1.0254779513939134
30,9.376083374023438,1.4103813171386719,0.7730258107185364,1.0269500374946947
30,9.398404121398926,1.4115136861801147,0.7718135714530945,1.0284436576290659
30,9.420681953430176,1.4126248359680176,0.7706142663955688,1.0299573644123874
30,9.442915916442871,1.4137150049209595,0.7694279551506042,1.0314894695268237
30,9.465106010437012,1.4147846698760986,0.768254280090332,1.0330382649409702
30,9.487249374389648,1.4158344268798828,0.7670931220054626,1.0346022747638195
30,9.509346008300781,1.4168643951416016,0.7659443020820618,1.03617977635801
30,9.531394958496094,1.4178751707077026,0.7648076415061951,1.0377689167113155
30,9.553396224975586,1.4188672304153442,0.7636827826499939,1.0393681837365012
30,9.575346946716309,1.419840693473816,0.7625695466995239,1.0409701298849061
30,9.59725570678711,1.420796275138855,0.7614675164222717,1.0425509339197343
30,9.619114875793457,1.4217342138290405,0.7603766918182373,1.0441399731122902
30,9.640925407409668,1.4226547479629517,0.7592968344688416,1.0457362958949294
30,9.662686347961426,1.4235581159591675,0.7582277059555054,1.0473387076666634
30,9.684398651123047,1.4244447946548462,0.7571691870689392,1.0489456800443362
30,9.706060409545898,1.4253149032592773,0.7561209797859192,1.0505537132862655
30,9.727676391601562,1.4261689186096191,0.7550827860832214,1.0521605565669474
30,9.749285697937012,1.4270087480545044,0.7540525197982788,1.0537783661996865
30,9.770896911621094,1.4278345108032227,0.7530297636985779,1.0554032087843557
30,9.792508125305176,1.4286465644836426,0.7520146369934082,1.0570340154198863
30,9.814120292663574,1.4294447898864746,0.751007080078125,1.058670441686219
30,9.835733413696289,1.4302294254302979,0.7500072717666626,1.0603124993996862
30,9.857348442077637,1.4310005903244019,0.749015212059021,1.061960196451015
30,9.878962516784668,1.431758165359497,0.7480310797691345,1.0636135423791597
30,9.900578498840332,1.4325025081634521,0.747055172920227,1.0652729077005982
30,9.922195434570312,1.4332334995269775,0.7460877299308777,1.0669392689651929
30,9.94381332397461,1.4339512586593628,0.7451289892196655,1.068612809270058
30,9.965431213378906,1.4346556663513184,0.7441793084144592,1.070293581056202
30,9.987051010131836,1.4353468418121338,0.7432390451431274,1.0719823401332707
30,10.008670806884766,1.4360246658325195,0.7423086762428284,1.0736793812454015
30,10.030291557312012,1.4366892576217651,0.7413886189460754,1.075385249424741
30,10.051913261413574,1.437340497970581,0.7404792904853821,1.0771003811725357
30,10.073535919189453,1.4379783868789673,0.739581286907196,1.078815388043214
30,10.095159530639648,1.4386026859283447,0.7386951446533203,1.0805297411211408
30,10.11678409576416,1.4392133951187134,0.7378213405609131,1.0822546495084568
30,10.138408660888672,1.4398103952407837,0.7369604706764221,1.0839921646782802
30,10.160042762756348,1.4403938055038452,0.7361127734184265,1.0857470451078948
30,10.181747436523438,1.4409650564193726,0.7352763414382935,1.0875281376807568
30,10.203776359558105,1.4415302276611328,0.7344424724578857,1.0893569993554666
30,10.226712226867676,1.4421029090881348,0.7335909008979797,1.0912782145020918
30,10.249648094177246,1.4426594972610474,0.7327566742897034,1.0932019970520892
30,10.274298667907715,1.443239688873291,0.7318799495697021,1.0952716069455108
30,10.30118465423584,1.4438515901565552,0.7309480309486389,1.0975317600840195
30,10.328072547912598,1.4444414377212524,0.7300421595573425,1.099814109200041
30,10.356941223144531,1.4450501203536987,0.7290998101234436,1.1022782377779627
30,10.386983871459961,1.445656180381775,0.7281538844108582,1.1048865691970684
30,10.417027473449707,1.446234107017517,0.7272444367408752,1.1075291147301924
30,10.447519302368164,1.446791172027588,0.7263604998588562,1.1102375628851548
30,10.478012084960938,1.4473183155059814,0.7255167961120605,1.1129988695171609
30,10.50860595703125,1.4478166103363037,0.724712073802948,1.1157849791425418
30,10.53921127319336,1.4482841491699219,0.723950207233429,1.1186051490005322
30,10.569818496704102,1.4487203359603882,0.7232322096824646,1.1214484458183935
30,10.600427627563477,1.4491249322891235,0.7225594520568848,1.124302115867782
30,10.631036758422852,1.4494975805282593,0.7219328880310059,1.1271843383234665
30,10.66164779663086,1.4498380422592163,0.7213533520698547,1.1300698683317414
30,10.6922607421875,1.450145959854126,0.7208220958709717,1.1329633679265563
30,10.72287368774414,1.4504212141036987,0.7203396558761597,1.135861092681665
30,10.753488540649414,1.4506633281707764,0.7199071049690247,1.1387556798994622
30,10.784104347229004,1.4508720636367798,0.7195253968238831,1.1416500423617817
30,10.81472110748291,1.4510470628738403,0.7191951274871826,1.1445367957916188
30,10.845337867736816,1.451188087463379,0.7189173102378845,1.14741560562968
30,10.875955581665039,1.4512947797775269,0.7186925411224365,1.1502850538684475
30,10.906573295593262,1.4513665437698364,0.7185215950012207,1.1531440064162735
30,10.9371919631958,1.4514031410217285,0.7184051871299744,1.1559921268327085
30,10.96781063079834,1.451404333114624,0.7183437347412109,1.1588299695992896
30,10.998429298400879,1.4513694047927856,0.718337893486023,1.161657577928223
30,11.029047966003418,1.4512979984283447,0.7183879017829895,1.1644775537053356
30,11.05966567993164,1.4511899948120117,0.7184940576553345,1.1672889937367685
30,11.09028434753418,1.4510446786880493,0.7186564207077026,1.1700944296892561
30,11.120901107788086,1.4508620500564575,0.7188748121261597,1.1728948219265167
30,11.151517868041992,1.4506415128707886,0.7191490530967712,1.1756887632657365
30,11.182133674621582,1.4503830671310425,0.7194786071777344,1.1784808804667883
30,11.212749481201172,1.4500863552093506,0.7198628187179565,1.1812655380062516
30,11.243364334106445,1.4497514963150024,0.7203007340431213,1.1840416209239624
30,11.273979187011719,1.4493783712387085,0.7207912802696228,1.1868079554676962
30,11.30459976196289,1.4489668607711792,0.7213333249092102,1.1895649446685292
30,11.335244178771973,1.4485167264938354,0.7219256162643433,1.1922962196856988
30,11.365887641906738,1.448028564453125,0.7225664258003235,1.1950146660498242
30,11.396594047546387,1.447501540184021,0.7232548594474792,1.1977275785280876
30,11.427298545837402,1.4469367265701294,0.7239879965782166,1.2003480492700633
30,11.458142280578613,1.4463316202163696,0.7247676849365234,1.2029811007735116
30,11.48923397064209,1.4456826448440552,0.7255955338478088,1.2056829269983085
30,11.520323753356934,1.4449949264526367,0.726463258266449,1.208234206249997
30,11.556719779968262,1.4441419839859009,0.7275235652923584,1.2110836258149797
30,11.59311294555664,1.443235993385315,0.7286250591278076,1.2130657456801137
30,11.65904712677002,1.441461443901062,0.7307135462760925,1.2176957566049127
30,11.730814933776855,1.4393316507339478,0.733113706111908,1.2214087733325982
30,11.802572250366211,1.4369902610778809,0.7356364727020264,1.223917035418417
30,11.932217597961426,1.4321733713150024,0.7404748797416687,1.2280858518072568
30,12.061827659606934,1.4266102313995361,0.7455597519874573,1.231719717065869
30,12.18342113494873,1.4207385778427124,0.7503628730773926,1.2355044820706453
30,12.294655799865723,1.4149525165557861,0.7544934153556824,1.2390990480809017
31,0.5894017815589905,-1.0331236124038696,2.0106592178344727,1.0099682746607048
31,0.6952746510505676,-1.0333690643310547,1.964999794960022,1.0011140254245925
31,0.8026793599128723,-1.0336804389953613,1.9142705202102661,0.9829765881550456
31,0.8792210221290588,-1.0339372158050537,1.8754949569702148,0.9687119478247617
31,0.9858093857765198,-1.034334421157837,1.8184218406677246,0.9431734753502291
31,1.0672109127044678,-1.0346670150756836,1.7722299098968506,0.9228577424426048
31,1.1717056035995483,-1.0351309776306152,1.7093961238861084,0.8917407651201799
31,1.2740403413772583,-1.03562331199646,1.6431074142456055,0.8597438473705541
31,1.3739475011825562,-1.036138892173767,1.5725394487380981,0.8243671690927822
31,1.4699305295944214,-1.0366549491882324,1.4967350959777832,0.7904952088144803
31,1.5601263046264648,-1.0371451377868652,1.4141567945480347,0.7523435933996078
31,1.640754222869873,-1.03753662109375,1.322127103805542,0.7343900657858192
31,1.7059111595153809,-1.037721037864685,1.218652606010437,0.7350820292607625
31,1.7489067316055298,-1.0376029014587402,1.1096302270889282,0.802929559754818
31,1.7771226167678833,-1.0371177196502686,0.9904977083206177,0.943593906315772
31,1.8065077066421509,-1.0364723205566406,0.871685802936554,1.0767196398381707
31,1.8582473993301392,-1.036018967628479,0.7611706852912903,1.1360386245842369
31,1.9042888879776,-1.0361552238464355,0.7130292654037476,1.1126762549386824
31,1.9610172510147095,-1.0367388725280762,0.6822091341018677,1.1030472012937451
31,2.0165112018585205,-1.0376919507980347,0.6708069443702698,1.1193601581546435
31,2.1033554077148438,-1.0400211811065674,0.6809768676757812,1.2451457706854874
31,2.1858291625976562,-1.043287754058838,0.71458500623703,1.4440752613404775
31,2.2899012565612793,-1.0488988161087036,0.7787156701087952,1.5996548791173149
31,2.39007568359375,-1.0554813146591187,0.8488293886184692,1.5636674004411617
31,2.480811357498169,-1.0630028247833252,0.930486261844635,1.306194838947669
31,2.504209518432617,-1.0653668642044067,0.9577913284301758,1.207356065930817
31,2.5703651905059814,-1.0729069709777832,1.0602941513061523,0.9387569764444444
31,2.6307690143585205,-1.078832745552063,1.1666432619094849,0.8239506430272084
31,2.6574158668518066,-1.0806678533554077,1.2050933837890625,0.8086603216266942
31,2.6943392753601074,-1.0826219320297241,1.2493207454681396,0.7871757743364498
31,2.7855191230773926,-1.0858733654022217,1.3307727575302124,0.8066799441922685
31,2.8473944664001465,-1.0874000787734985,1.3733335733413696,0.8383216263995952
31,2.920362949371338,-1.088813304901123,1.415676474571228,0.8563205987792426
31,3.0308830738067627,-1.090433120727539,1.4683479070663452,0.8942943957330232
31,3.1448240280151367,-1.0917258262634277,1.5131937265396118,0.920296152722894
31,3.261033535003662,-1.0928404331207275,1.5518107414245605,0.9464482185424501
31,3.378777265548706,-1.0938678979873657,1.5854789018630981,0.9636360210965625
31,3.497627019882202,-1.0948618650436401,1.6150171756744385,0.9793434909288555
31,3.6172728538513184,-1.0958753824234009,1.641151785850525,0.9912108121208265
31,3.7375216484069824,-1.0969265699386597,1.6643569469451904,1.0005160506076796
31,3.8582029342651367,-1.0980430841445923,1.6850804090499878,1.0088894379230173
31,3.9790117740631104,-1.0992408990859985,1.7036523818969727,1.0138171651257009
31,4.100088119506836,-1.1005369424819946,1.7203857898712158,1.0182324867547152
31,4.2202839851379395,-1.1019388437271118,1.7354316711425781,1.0213658062127497
31,4.340641975402832,-1.1034709215164185,1.7491073608398438,1.0233418024313665
31,4.457897186279297,-1.1051074266433716,1.7612624168395996,1.024929678145457
31,4.568935394287109,-1.1068084239959717,1.7718316316604614,1.0255513395933682
31,4.6800456047058105,-1.1086747646331787,1.7815773487091064,1.025722675596022
31,4.782766819000244,-1.1105687618255615,1.7899314165115356,1.0255425889801455
31,4.877659797668457,-1.112480640411377,1.79714035987854,1.0249975181232993
31,4.97258186340332,-1.114566683769226,1.8039045333862305,1.0240652831674415
31,5.0623459815979,-1.1167173385620117,1.8099249601364136,1.0229232290297214
31,5.149698257446289,-1.1189945936203003,1.8154616355895996,1.0215701453339767
31,5.236279487609863,-1.121450424194336,1.8206589221954346,1.0200020543147634
31,5.3227152824401855,-1.1241211891174316,1.8255788087844849,1.0182163208950064
31,5.40914249420166,-1.1270352602005005,1.830246925354004,1.01621127371789
31,5.495573043823242,-1.1302217245101929,1.8346787691116333,1.0139693474708236
31,5.582002639770508,-1.1337121725082397,1.8388862609863281,1.0114486080396665
31,5.668478488922119,-1.1375454664230347,1.842881202697754,1.0086809403550716
31,5.757000923156738,-1.141865849494934,1.8467572927474976,1.005623840777525
31,5.849263668060303,-1.1468456983566284,1.8505775928497314,1.002200255357824
31,5.945284366607666,-1.1526105403900146,1.854322910308838,0.9983798602536655
31,6.04187536239624,-1.1590845584869385,1.8578543663024902,0.9943086940244076
31,6.141528606414795,-1.166573166847229,1.8612397909164429,0.9899544574147734
31,6.241117477416992,-1.1749851703643799,1.8643447160720825,0.9854236355603196
31,6.343230247497559,-1.1846904754638672,1.8672211170196533,0.980788551368734
31,6.447245121002197,-1.1958295106887817,1.8698338270187378,0.9762735306354032
31,6.551234245300293,-1.2083451747894287,1.872241735458374,0.9724781808536739
31,6.609169960021973,-1.2159982919692993,1.873594880104065,0.9707993405214613
31,6.636255741119385,-1.2197554111480713,1.8742083311080933,0.9698412618231974
31,6.663190841674805,-1.2236257791519165,1.874779224395752,0.9689557571086188
31,6.691131114959717,-1.227790117263794,1.8753200769424438,0.9680340262541702
31,6.717872142791748,-1.2319302558898926,1.8757855892181396,0.9672571956564391
31,6.744600296020508,-1.2362178564071655,1.8762041330337524,0.9666484567398135
31,6.771320343017578,-1.2406537532806396,1.8765809535980225,0.9662065329015558
31,6.798027038574219,-1.2452397346496582,1.876919150352478,0.9659333509379636
31,6.824712753295898,-1.2499804496765137,1.8772200345993042,0.965834526686949
31,6.851369857788086,-1.2548828125,1.8774833679199219,0.9658954456423767
31,6.87791109085083,-1.259938359260559,1.877707600593567,0.9661676228511071
31,6.904436111450195,-1.265173077583313,1.877893328666687,0.9666814559223972
31,6.930935382843018,-1.2705914974212646,1.8780404329299927,0.9674681538894967
31,6.957400798797607,-1.2761971950531006,1.878149390220642,0.9685496046708217
31,6.983730792999268,-1.2819724082946777,1.8782206773757935,0.9699267775310711
31,7.01001501083374,-1.2879401445388794,1.878255844116211,0.9716444915484501
31,7.036244869232178,-1.2941017150878906,1.8782564401626587,0.9737097480723879
31,7.062412738800049,-1.3004573583602905,1.8782240152359009,0.9761179326148323
31,7.0884246826171875,-1.3069841861724854,1.8781605958938599,0.9788167868973742
31,7.114365577697754,-1.3137012720108032,1.8780674934387207,0.9818078745653149
31,7.140230655670166,-1.3206019401550293,1.8779464960098267,0.98505076226999
31,7.165631294250488,-1.3275710344314575,1.8778009414672852,0.9884147219201924
31,7.191284656524658,-1.3347957134246826,1.8776262998580933,0.9918925245205974
31,7.217724323272705,-1.342423915863037,1.877416729927063,0.9956085527186688
31,7.243743419647217,-1.3501111268997192,1.8771767616271973,0.9992619115563006
31,7.268649578094482,-1.3576093912124634,1.8769139051437378,1.002471486556058
31,7.293494701385498,-1.365209937095642,1.8766142129898071,1.0055229365427987
31,7.318294048309326,-1.3729054927825928,1.876271367073059,1.008382190976463
31,7.343028545379639,-1.3806788921356201,1.875877857208252,1.010950019455602
31,7.3676252365112305,-1.3884968757629395,1.875425934791565,1.013245722596085
31,7.39215612411499,-1.396375060081482,1.8749040365219116,1.0152602417394307
31,7.416618824005127,-1.404307246208191,1.8742992877960205,1.016906032572615
31,7.440937042236328,-1.4122642278671265,1.8735969066619873,1.0180799035366344
31,7.465182781219482,-1.4202663898468018,1.8727747201919556,1.0186133240067445
31,7.489351749420166,-1.4283102750778198,1.8718056678771973,1.0182094564824358
31,7.513307571411133,-1.4363501071929932,1.8706543445587158,1.01640928788171
31,7.538060665130615,-1.444730520248413,1.8692020177841187,1.0124475262882193
31,7.562740325927734,-1.4531738758087158,1.8673875331878662,1.008740778432172
31,7.5863423347473145,-1.4613088369369507,1.8651353120803833,1.0104833159259563
31,7.610259532928467,-1.4695782661437988,1.862151026725769,1.00602522297135
31,7.633613586425781,-1.477598786354065,1.858620047569275,0.9883817129728167
31,7.656451225280762,-1.4853618144989014,1.8553330898284912,0.9712306190330436
31,7.673810005187988,-1.491250991821289,1.8536657094955444,0.9745482403015061
31,7.697263717651367,-1.499170184135437,1.8531856536865234,1.0175271866354005
31,7.713685035705566,-1.5046982765197754,1.8540599346160889,1.056568693758955
31,7.736879825592041,-1.5125348567962646,1.8562617301940918,1.0769321015098299
31,7.760014057159424,-1.5202817916870117,1.8588155508041382,1.0681360129322592
31,7.783172607421875,-1.5278552770614624,1.8611282110214233,1.0510953072397784
31,7.806309700012207,-1.5351557731628418,1.8629305362701416,1.0455292127326041
31,7.829504489898682,-1.5422165393829346,1.86427903175354,1.0457941457559892
31,7.852715492248535,-1.5490716695785522,1.8653002977371216,1.047262700219893
31,7.875926971435547,-1.5557388067245483,1.8660861253738403,1.0488597108855735
31,7.899045467376709,-1.5621974468231201,1.866689920425415,1.0504461449141647
31,7.922152042388916,-1.5684765577316284,1.8671493530273438,1.052000655899244
31,7.945241451263428,-1.5745784044265747,1.8674893379211426,1.0535965380898333
31,7.968310832977295,-1.580503225326538,1.8677318096160889,1.0553695587503544
31,7.991273403167725,-1.5862300395965576,1.86789870262146,1.0572506493421812
31,8.014211654663086,-1.591782569885254,1.868011474609375,1.0592735226303096
31,8.037055969238281,-1.5971472263336182,1.8680872917175293,1.0614502144229134
31,8.059868812561035,-1.6023427248001099,1.8681410551071167,1.0638043098767591
31,8.08257007598877,-1.6073553562164307,1.8681840896606445,1.0662907482785093
31,8.105237007141113,-1.6122084856033325,1.8682252168655396,1.0688639341527686
31,8.127866744995117,-1.6169071197509766,1.8682706356048584,1.071499731639709
31,8.150459289550781,-1.6214572191238403,1.8683245182037354,1.0741728863345632
31,8.173019409179688,-1.6258658170700073,1.8683897256851196,1.076856999118757
31,8.19548225402832,-1.630125880241394,1.868468165397644,1.0794979417138995
31,8.217914581298828,-1.6342556476593018,1.8685609102249146,1.082093664864089
31,8.240314483642578,-1.6382591724395752,1.8686686754226685,1.084635525034654
31,8.262682914733887,-1.64214026927948,1.8687920570373535,1.0871185603943057
31,8.285016059875488,-1.6459019184112549,1.8689314126968384,1.0895411921808664
31,8.3073148727417,-1.64954674243927,1.86908757686615,1.0919043764465124
31,8.329578399658203,-1.6530767679214478,1.869261384010315,1.0941506417328208
31,8.351740837097168,-1.6564840078353882,1.8694531917572021,1.0963170947731304
31,8.373866081237793,-1.6597803831100464,1.8696649074554443,1.0984225459154358
31,8.395956039428711,-1.662967324256897,1.8698976039886475,1.1004700791839113
31,8.418010711669922,-1.6660457849502563,1.8701528310775757,1.1024617526400076
31,8.440028190612793,-1.6690168380737305,1.870431900024414,1.1043977302175576
31,8.462008476257324,-1.6718811988830566,1.8707361221313477,1.1062771063002275
31,8.483952522277832,-1.6746398210525513,1.8710668087005615,1.1080977906113576
31,8.505860328674316,-1.6772936582565308,1.8714252710342407,1.1097878588629837
31,8.527666091918945,-1.6798359155654907,1.8718113899230957,1.1113919137718575
31,8.549482345581055,-1.6822807788848877,1.8722281455993652,1.1129224581308126
31,8.571261405944824,-1.6846232414245605,1.8726752996444702,1.1143736900353272
31,8.593003273010254,-1.686863899230957,1.873153805732727,1.115740863582788
31,8.614707946777344,-1.6890037059783936,1.873664140701294,1.1170188627712454
31,8.636375427246094,-1.6910430192947388,1.874206781387329,1.1182024183519068
31,8.65800666809082,-1.6929826736450195,1.8747820854187012,1.1192869270115737
31,8.679600715637207,-1.6948233842849731,1.8753904104232788,1.1202685279114957
31,8.701175689697266,-1.6965668201446533,1.8760322332382202,1.1211451794997096
31,8.722752571105957,-1.6982147693634033,1.876708745956421,1.1219018955635423
31,8.744336128234863,-1.6997675895690918,1.8774200677871704,1.1225365154865243
31,8.765924453735352,-1.70122492313385,1.8781665563583374,1.122999480876209
31,8.787518501281738,-1.7025866508483887,1.8789482116699219,1.1233271321198972
31,8.80911636352539,-1.7038527727127075,1.8797651529312134,1.1235244603813983
31,8.830718994140625,-1.7050230503082275,1.8806169033050537,1.1235874224929487
31,8.852324485778809,-1.7060973644256592,1.8815035820007324,1.1235120498393856
31,8.873932838439941,-1.707075595855713,1.8824247121810913,1.1232879814878485
31,8.89554500579834,-1.7079576253890991,1.8833798170089722,1.1229028156939407
31,8.917158126831055,-1.7087434530258179,1.8843684196472168,1.1223693452009396
31,8.938774108886719,-1.7094330787658691,1.8853899240493774,1.121685107438807
31,8.9603910446167,-1.710026502609253,1.8864434957504272,1.1208480539941719
31,8.982008934020996,-1.7105237245559692,1.8875283002853394,1.1198565358828325
31,9.003626823425293,-1.7109249830245972,1.888643503189087,1.1187093111728024
31,9.02524471282959,-1.7112303972244263,1.8897879123687744,1.1174053051447583
31,9.046862602233887,-1.7114402055740356,1.8909602165222168,1.1159263154818435
31,9.068479537963867,-1.7115546464920044,1.8921594619750977,1.1142903473764807
31,9.090095520019531,-1.7115740776062012,1.8933839797973633,1.1124984726114993
31,9.111710548400879,-1.711498737335205,1.894632339477539,1.1105516264332909
31,9.133322715759277,-1.7113291025161743,1.8959029912948608,1.1084510517836286
31,9.154932975769043,-1.7110655307769775,1.8971941471099854,1.1061986631331358
31,9.176541328430176,-1.710708737373352,1.8985041379928589,1.103796219420825
31,9.19814682006836,-1.710259199142456,1.8998310565948486,1.1012365125963768
31,9.219748497009277,-1.7097173929214478,1.9011728763580322,1.0985257234804964
31,9.241347312927246,-1.709084153175354,1.9025276899337769,1.0956760142337305
31,9.262943267822266,-1.708360195159912,1.9038933515548706,1.0926914125880087
31,9.284534454345703,-1.7075462341308594,1.905267596244812,1.0895764120697344
31,9.306121826171875,-1.7066433429718018,1.9066481590270996,1.0863355015277132
31,9.327705383300781,-1.7056523561477661,1.908032774925232,1.0829735183250733
31,9.349285125732422,-1.7045743465423584,1.9094188213348389,1.079493738325049
31,9.37086009979248,-1.7034105062484741,1.910804033279419,1.0758965801931988
31,9.392430305480957,-1.7021619081497192,1.9121859073638916,1.0721981271298389
31,9.413995742797852,-1.7008297443389893,1.9135619401931763,1.068404685274608
31,9.43555736541748,-1.699415683746338,1.9149292707443237,1.0644938365339973
31,9.457113265991211,-1.6979210376739502,1.9162852764129639,1.0604668270448474
31,9.478665351867676,-1.6963474750518799,1.917627215385437,1.0563622278123406
31,9.500211715698242,-1.6946965456008911,1.9189523458480835,1.0521865851846899
31,9.521754264831543,-1.6929700374603271,1.9202579259872437,1.0479462106203443
31,9.543292045593262,-1.6911697387695312,1.9215412139892578,1.0436520978613941
31,9.564825057983398,-1.6892974376678467,1.9227994680404663,1.039311773136288
31,9.586352348327637,-1.6873552799224854,1.9240299463272095,1.0349329244868133
31,9.607876777648926,-1.6853454113006592,1.9252299070358276,1.0305232006549632
31,9.629395484924316,-1.68326997756958,1.9263966083526611,1.0260901809547156
31,9.650911331176758,-1.681131362915039,1.9275271892547607,1.0216418591905032
31,9.672422409057617,-1.678931713104248,1.928619146347046,1.0171905041357765
31,9.693928718566895,-1.6766735315322876,1.9296698570251465,1.0127427346087465
31,9.715432167053223,-1.6743594408035278,1.9306765794754028,1.0082781154067284
31,9.736931800842285,-1.6719920635223389,1.9316363334655762,1.0037602173215854
31,9.758427619934082,-1.6695741415023804,1.9325464963912964,0.9992676982434602
31,9.77992057800293,-1.6671086549758911,1.9334046840667725,0.9948081991488412
31,9.801409721374512,-1.6645982265472412,1.9342083930969238,0.9903890137486334
31,9.822896957397461,-1.6620460748672485,1.934955358505249,0.9860243780913226
31,9.844380378723145,-1.6594548225402832,1.9356434345245361,0.9817202348099515
31,9.865861892700195,-1.6568278074264526,1.9362703561782837,0.9774786517492207
31,9.887341499328613,-1.6541680097579956,1.9368343353271484,0.973306312306263
31,9.908818244934082,-1.6514785289764404,1.9373332262039185,0.9692094490573975
31,9.930294036865234,-1.648762583732605,1.9377652406692505,0.9651516448397156
31,9.951766967773438,-1.6460236310958862,1.9381279945373535,0.9611318926888941
31,9.97323989868164,-1.6432645320892334,1.9384198188781738,0.957214271294841
31,9.994710922241211,-1.640488624572754,1.9386392831802368,0.9534043898597832
31,10.016180038452148,-1.637699007987976,1.9387850761413574,0.9497002356030398
31,10.037649154663086,-1.6348986625671387,1.9388560056686401,0.9461063067310045
31,10.05911636352539,-1.6320908069610596,1.9388508796691895,0.9426268538739588
31,10.080583572387695,-1.6292784214019775,1.9387691020965576,0.9392658705004671
31,10.102049827575684,-1.6264643669128418,1.9386096000671387,0.9360266127239123
31,10.123516082763672,-1.6236515045166016,1.9383718967437744,0.9328823957869284
31,10.144981384277344,-1.620842456817627,1.9380546808242798,0.9298362550185716
31,10.166452407836914,-1.6180388927459717,1.937657117843628,0.9269194190561642
31,10.187994003295898,-1.6152352094650269,1.9371771812438965,0.924126424527026
31,10.209856033325195,-1.6124014854431152,1.9366066455841064,0.9214313228411031
31,10.23261547088623,-1.6094664335250854,1.9359235763549805,0.9187717867553096
31,10.257074356079102,-1.6063315868377686,1.9350897073745728,0.9161157522449226
31,10.281532287597656,-1.6032192707061768,1.9341542720794678,0.9136369070441656
31,10.308206558227539,-1.5998529195785522,1.9330216646194458,0.9110932709383476
31,10.336843490600586,-1.5962741374969482,1.931677222251892,0.9085621267352145
31,10.365478515625,-1.5927340984344482,1.9302021265029907,0.9062313217876794
31,10.39527416229248,-1.5890940427780151,1.9285327196121216,0.9040214203823699
31,10.425066947937012,-1.585499882698059,1.9267288446426392,0.9020706117140148
31,10.455299377441406,-1.581900954246521,1.9247654676437378,0.900272638854285
31,10.485627174377441,-1.57833993434906,1.9226665496826172,0.8987120510671543
31,10.515953063964844,-1.5748289823532104,1.920443058013916,0.8973361087819414
31,10.546284675598145,-1.5713664293289185,1.9181009531021118,0.8961098925427603
31,10.576613426208496,-1.5679527521133423,1.9156467914581299,0.895091335011008
31,10.606938362121582,-1.5645869970321655,1.9130882024765015,0.8942724732687882
31,10.637260437011719,-1.5612682104110718,1.9104338884353638,0.8936513750211034
31,10.667579650878906,-1.5579949617385864,1.9076905250549316,0.8931814871153444
31,10.697896957397461,-1.5547653436660767,1.904868483543396,0.8928478733775685
31,10.728211402893066,-1.5515779256820679,1.9019755125045776,0.8926659677541608
31,10.758523941040039,-1.548431158065796,1.8990206718444824,0.8926073474275297
31,10.788835525512695,-1.5453230142593384,1.8960144519805908,0.8926862527453789
31,10.819147109985352,-1.5422524213790894,1.892964482307434,0.8928803180762558
31,10.849458694458008,-1.539217472076416,1.8898823261260986,0.8931864220940003
31,10.87977123260498,-1.5362168550491333,1.8867770433425903,0.8936776374092688
31,10.910085678100586,-1.5332497358322144,1.8836584091186523,0.8942600373495704
31,10.94040298461914,-1.5303140878677368,1.880537748336792,0.8949268206081331
31,10.970724105834961,-1.5274087190628052,1.8774224519729614,0.8956660778978816
31,11.001049041748047,-1.524531364440918,1.8743237257003784,0.8964946774468538
31,11.031379699707031,-1.521680474281311,1.8712494373321533,0.897412910619036
31,11.061715126037598,-1.5188541412353516,1.8682068586349487,0.8984141257416195
31,11.092057228088379,-1.516049861907959,1.8652050495147705,0.8994903677197214
31,11.122406005859375,-1.5132668018341064,1.8622492551803589,0.9007052565504798
31,11.15276050567627,-1.5105030536651611,1.8593469858169556,0.9020014121854703
31,11.183123588562012,-1.5077570676803589,1.8565043210983276,0.9033593042135999
31,11.213493347167969,-1.5050278902053833,1.8537256717681885,0.9047856305968685
31,11.243873596191406,-1.5023136138916016,1.8510172367095947,0.9062749739280944
31,11.274260520935059,-1.4996137619018555,1.8483827114105225,0.9078199690483498
31,11.30466365814209,-1.4969263076782227,1.8458259105682373,0.9094483163399579
31,11.335099220275879,-1.4942482709884644,1.8433494567871094,0.9111131998476739
31,11.3655424118042,-1.4915813207626343,1.8409582376480103,0.9128290717740828
32,0.015058604069054127,-0.57300865650177,0.5679022073745728,1.089321259887321
32,0.04812069237232208,-0.572954535484314,0.5434883236885071,1.0841533113411104
32,0.12316126376390457,-0.5728041529655457,0.47459664940834045,1.1296746506523783
32,0.14936619997024536,-0.5727340579032898,0.4450235664844513,1.1168653792346777
32,0.21804213523864746,-0.5725111365318298,0.34514951705932617,1.2424423359261803
32,0.23856118321418762,-0.5723845362663269,0.28198856115341187,1.4351983915513842
32,0.24254734814167023,-0.5721322894096375,0.21940940618515015,1.9226242661275064
32,0.2422914355993271,-0.5720129609107971,0.19350987672805786,2.186034295427313
32,0.24233481287956238,-0.5719360709190369,0.1686275154352188,2.425897999512983
32,0.24353358149528503,-0.5719020366668701,0.13992904126644135,2.6348192946258977
32,0.24701383709907532,-0.5719300508499146,0.10915466398000717,2.7332446760168256
32,0.25164756178855896,-0.5720142126083374,0.08910766243934631,2.696668275439448
32,0.2645336389541626,-0.5722153186798096,0.06122548505663872,2.6145104427358397
32,0.2834782004356384,-0.5723544359207153,0.03697371855378151,2.9180592039825455
32,0.2994990348815918,-0.5723751783370972,0.02764752507209778,3.9093111128342413
32,0.32319435477256775,-0.5723599195480347,0.022905148565769196,4.377892049634086
32,0.3536740243434906,-0.572314441204071,0.025633957237005234,4.161251075359755
32,0.3835580050945282,-0.5722733736038208,0.0324566550552845,4.225436702953545
32,0.4050109088420868,-0.5722458362579346,0.037344738841056824,4.847653345846837
32,0.43503352999687195,-0.5722079873085022,0.04340330511331558,5.007586327884308
32,0.45274338126182556,-0.5721863508224487,0.0471189059317112,4.767444228509632
32,0.48219096660614014,-0.5721574425697327,0.055473439395427704,4.2035718786623
32,0.511134684085846,-0.572145938873291,0.0654698982834816,4.8557042835197795
32,0.5406681299209595,-0.5721388459205627,0.07356127351522446,4.7478152402848535
32,0.5520505905151367,-0.5721357464790344,0.07642021775245667,4.628228441363318
32,0.5809871554374695,-0.5721175074577332,0.08634084463119507,3.662389715623298
32,0.5892432928085327,-0.5721076130867004,0.09041685611009598,3.539592853503253
32,0.6170584559440613,-0.5720533728599548,0.10308146476745605,3.5070982403086197
32,0.647335410118103,-0.5719947814941406,0.10707265138626099,3.8845075644107196
32,0.6705144643783569,-0.5719659328460693,0.10619499534368515,4.266116491985581
32,0.701033890247345,-0.571953296661377,0.10350078344345093,4.859377695629947
32,0.7315966486930847,-0.5719578266143799,0.10140775144100189,4.946594186936734
32,0.7533124685287476,-0.5719677805900574,0.1011340469121933,4.9470136348361935
32,0.783942699432373,-0.5719833970069885,0.10187316685914993,4.513276070001315
32,0.8000758290290833,-0.5719910264015198,0.10280895978212357,4.25640530018507
32,0.8306449055671692,-0.5720078349113464,0.1049065962433815,3.7188960618576816
32,0.8514333367347717,-0.5720217823982239,0.10612361878156662,3.388595035559149
32,0.8820634484291077,-0.5720424652099609,0.10661321133375168,3.095737214537667
32,0.9039356708526611,-0.5720549821853638,0.10539709776639938,2.9594351002051917
32,0.934343159198761,-0.5720570087432861,0.10167422145605087,2.8893177565727464
32,0.9644662737846375,-0.5720376968383789,0.0960736870765686,2.8012735331081844
32,0.9946046471595764,-0.5720010995864868,0.09054818004369736,2.709893194085155
32,1.0119554996490479,-0.5719767212867737,0.08777081966400146,2.6115881591186345
32,1.0424598455429077,-0.571958065032959,0.08519257605075836,2.4742122111873255
32,1.0649592876434326,-0.5719627737998962,0.0853031575679779,2.403630156421134
32,1.0954840183258057,-0.5719656348228455,0.08767971396446228,2.356198337665216
32,1.111627459526062,-0.571956217288971,0.0898774117231369,2.3265874036532215
32,1.1419470310211182,-0.5718920826911926,0.0942024290561676,2.235229573970571
32,1.1722620725631714,-0.5717657208442688,0.09865821152925491,2.2003253337135305
32,1.202607274055481,-0.5715675950050354,0.10290070623159409,2.1837904992196586
32,1.232975959777832,-0.5712869763374329,0.10696785151958466,2.1749178618066787
32,1.2633670568466187,-0.570917010307312,0.11085444688796997,2.1809739247482227
32,1.2938036918640137,-0.5704970955848694,0.11436057090759277,2.2056222742994853
32,1.3243123292922974,-0.5700523853302002,0.11715555936098099,2.2268303670731955
32,1.3549275398254395,-0.5696097612380981,0.11891935765743256,2.233894048953614
32,1.3855793476104736,-0.5691834092140198,0.11987843364477158,2.2102077019814566
32,1.416245460510254,-0.5687970519065857,0.12020016461610794,2.17856611819762
32,1.4469146728515625,-0.5685167908668518,0.12024187296628952,2.1434670677861773
32,1.4775832891464233,-0.5683676600456238,0.11996357142925262,2.0978420235319555
32,1.508244514465332,-0.5683673620223999,0.11922099441289902,2.0367811630834565
32,1.5388942956924438,-0.5684657692909241,0.11810306459665298,1.9541567107024762
32,1.5695310831069946,-0.5686261653900146,0.1166771799325943,1.8871715646113316
32,1.6001627445220947,-0.5687728524208069,0.11513841152191162,1.829714728482987
32,1.6307625770568848,-0.5689125061035156,0.11355707794427872,1.8525130703020725
32,1.6613625288009644,-0.5690741539001465,0.11197840422391891,1.8952772487598404
32,1.6919578313827515,-0.5693565011024475,0.11032851040363312,1.9649744272274128
32,1.7225468158721924,-0.5697690844535828,0.1085914596915245,2.036092983599221
32,1.7531276941299438,-0.5703017115592957,0.10674834251403809,2.105270396324766
32,1.7837141752243042,-0.5708730220794678,0.1050134003162384,2.161961564049066
32,1.8143149614334106,-0.5714355707168579,0.10355211794376373,2.2187810324509445
32,1.8449376821517944,-0.5719597935676575,0.10264544934034348,2.278398021886835
32,1.875573754310608,-0.5724027752876282,0.10239649564027786,2.355333412110053
32,1.9062087535858154,-0.572695791721344,0.10288694500923157,2.4464624483848705
32,1.9368343353271484,-0.5727143287658691,0.10385202616453171,2.5458813643098224
32,1.967451572418213,-0.5724257826805115,0.10502276569604874,2.6301640814902116
32,1.9980775117874146,-0.5719285607337952,0.10583625733852386,2.6948037293833162
32,2.0287110805511475,-0.5713338255882263,0.10602501779794693,2.7120558061386872
32,2.059337615966797,-0.570784330368042,0.10530297458171844,2.709644222859871
32,2.0899295806884766,-0.570273220539093,0.10366751998662949,2.6933427384365807
32,2.1204729080200195,-0.5697776675224304,0.1012764722108841,2.689878343934627
32,2.1509993076324463,-0.5692157745361328,0.09868869930505753,2.7080498997779237
32,2.1815476417541504,-0.5686107277870178,0.09639134258031845,2.7380867496297943
32,2.208923101425171,-0.5680813789367676,0.09490085393190384,2.7663510020752846
32,2.2395474910736084,-0.5676231384277344,0.09404356777667999,2.7884866097037344
32,2.270186185836792,-0.5673977136611938,0.09410668909549713,2.771461249029863
32,2.3008055686950684,-0.5675848722457886,0.09519291669130325,2.739818222233159
32,2.3313651084899902,-0.5683302283287048,0.09727074950933456,2.6278115238141018
32,2.3618152141571045,-0.5697630643844604,0.10035354644060135,2.5092627219302344
32,2.392138957977295,-0.5718142986297607,0.10423211753368378,2.361187489872217
32,2.422311305999756,-0.5744143128395081,0.10889225453138351,2.205984892016162
32,2.4523799419403076,-0.5772684216499329,0.11404785513877869,2.046372376459345
32,2.4823639392852783,-0.5801747441291809,0.11964898556470871,1.8837069892607974
32,2.512308120727539,-0.5829474925994873,0.12567593157291412,1.7312015456088703
32,2.542212963104248,-0.5854983925819397,0.13198962807655334,1.5942608022983469
32,2.5721070766448975,-0.5877870321273804,0.13845311105251312,1.4813991348698647
32,2.6020212173461914,-0.5898316502571106,0.14490601420402527,1.3723663508545978
32,2.6320199966430664,-0.5916602611541748,0.15127214789390564,1.2905406378827529
32,2.6620852947235107,-0.5933012962341309,0.15736965835094452,1.2159850390017906
32,2.692246198654175,-0.594796895980835,0.16301368176937103,1.156580254058417
32,2.7225139141082764,-0.5961593389511108,0.16809312999248505,1.1099194313604146
32,2.7542285919189453,-0.5974610447883606,0.17292284965515137,1.0661656888037387
32,2.7860138416290283,-0.5986501574516296,0.1772986650466919,1.0318749057994172
32,2.8178658485412598,-0.599733293056488,0.18118883669376373,1.0010893400516603
32,2.8497703075408936,-0.6007241606712341,0.1846504956483841,0.9750129119126278
32,2.8817219734191895,-0.6016262173652649,0.18767081201076508,0.954892882787095
32,2.9137179851531982,-0.6024413108825684,0.19021029770374298,0.9357871994438621
32,2.945737838745117,-0.6031703948974609,0.19246114790439606,0.9213426917743824
32,2.977771759033203,-0.6038163900375366,0.1945306658744812,0.908677010492247
32,3.0098206996917725,-0.6043797731399536,0.1963793784379959,0.8958804875493163
32,3.072063446044922,-0.6052769422531128,0.19959872961044312,0.8753973229570422
32,3.134324550628662,-0.6059495210647583,0.20250514149665833,0.857199705265408
32,3.196592330932617,-0.6064218282699585,0.2053072601556778,0.8409570058582393
32,3.2588582038879395,-0.6067245006561279,0.2081732600927353,0.8261782414716111
32,3.3211166858673096,-0.6068894267082214,0.21120327711105347,0.8128869565168586
32,3.3833649158477783,-0.6069413423538208,0.21444271504878998,0.801195277877503
32,3.445603132247925,-0.60690838098526,0.21787139773368835,0.7905892115982722
32,3.507833957672119,-0.6068115830421448,0.22142735123634338,0.7812629260414847
32,3.570061206817627,-0.6066725850105286,0.2250455915927887,0.7724593446990197
32,3.6322879791259766,-0.606511116027832,0.22867587208747864,0.764200012693099
32,3.694514751434326,-0.6063376665115356,0.23230084776878357,0.7565668647041263
32,3.756741523742676,-0.6061643362045288,0.23592503368854523,0.7493321289709759
32,3.8189685344696045,-0.6060009002685547,0.239547997713089,0.7432106969768884
32,3.881197690963745,-0.605857253074646,0.24313093721866608,0.7376757117985938
32,3.9424610137939453,-0.605755627155304,0.24646101891994476,0.7324162111436178
32,4.003739356994629,-0.6057045459747314,0.24950440227985382,0.7266906766595611
32,4.065035343170166,-0.6057157516479492,0.2521733343601227,0.72006321317177
32,4.126344680786133,-0.6057775020599365,0.254559725522995,0.712328714799215
32,4.187661647796631,-0.6058816313743591,0.2567349672317505,0.7050264714476576
32,4.248989582061768,-0.6060149073600769,0.25883692502975464,0.6980538184475178
32,4.310319900512695,-0.6061761975288391,0.2608702778816223,0.6931942496755434
32,4.371659278869629,-0.6063646674156189,0.26281940937042236,0.688549753262322
32,4.432950019836426,-0.6065707802772522,0.2646010220050812,0.6843139676488511
32,4.4942474365234375,-0.6067893505096436,0.2661544680595398,0.6800015009303285
32,4.555086135864258,-0.6070107817649841,0.267372727394104,0.6752049299831866
32,4.614330768585205,-0.6072359085083008,0.26819729804992676,0.6696667345690904
32,4.673579216003418,-0.607478678226471,0.26863741874694824,0.6628183711016042
32,4.729400157928467,-0.6077427864074707,0.2687061131000519,0.6554358875306684
32,4.780887603759766,-0.6080402135848999,0.2684819996356964,0.6482561004253812
32,4.832372665405273,-0.6084173321723938,0.2679916024208069,0.6405411357510956
32,4.8808770179748535,-0.6088776588439941,0.2672877311706543,0.6330526102763756
32,4.927960395812988,-0.6094540953636169,0.26636219024658203,0.6253810940043524
32,4.974817276000977,-0.610190212726593,0.26521003246307373,0.6172692823714737
32,5.022073745727539,-0.61113440990448,0.26385030150413513,0.608771566770384
32,5.069910526275635,-0.6123272776603699,0.2623459994792938,0.6001493693492939
32,5.117739677429199,-0.6137677431106567,0.26081180572509766,0.5922088706188792
32,5.166218280792236,-0.6154569983482361,0.2593378722667694,0.5852895111558919
32,5.215764999389648,-0.6173552870750427,0.2580091059207916,0.5801852872207356
32,5.2658257484436035,-0.6194016933441162,0.2568264901638031,0.5765927282599832
32,5.316351890563965,-0.6215744018554688,0.2556897699832916,0.5733090097564301
32,5.367290496826172,-0.6238651275634766,0.25451087951660156,0.5695711697549902
32,5.4182233810424805,-0.6262486577033997,0.2532660961151123,0.5655019278821327
32,5.4695143699646,-0.628706157207489,0.25193479657173157,0.5611768589392477
32,5.521108150482178,-0.6311692595481873,0.25053706765174866,0.5565140423698449
32,5.572708606719971,-0.6335752606391907,0.24931670725345612,0.5527468709077059
32,5.613890647888184,-0.6354812979698181,0.24867762625217438,0.5616618858668826
32,5.665925025939941,-0.6379071474075317,0.2483804076910019,0.5527638221791367
32,5.693420886993408,-0.6392197608947754,0.24838615953922272,0.5537191347820213
32,5.7201666831970215,-0.6405249238014221,0.2484731823205948,0.5547369192012533
32,5.747652530670166,-0.6418954133987427,0.2486325204372406,0.5559459941068249
32,5.774425983428955,-0.6432586908340454,0.2488458752632141,0.5572112204932221
32,5.801867485046387,-0.6446766257286072,0.24911008775234222,0.5585585120356944
32,5.828642845153809,-0.6460697054862976,0.24940240383148193,0.5599988159319685
32,5.855417728424072,-0.6474630832672119,0.24972374737262726,0.5615191203602484
32,5.882784366607666,-0.6488826870918274,0.25007882714271545,0.5631833476814353
32,5.909536838531494,-0.6502698063850403,0.25044581294059753,0.5648258471691365
32,5.937461853027344,-0.6517240405082703,0.250841349363327,0.5665541219540554
32,5.964803218841553,-0.653163492679596,0.2512335479259491,0.568196881208811
32,5.992595195770264,-0.6546469926834106,0.25163328647613525,0.5698487054239167
32,6.019863605499268,-0.6561233401298523,0.252025306224823,0.5714272567059677
32,6.0474934577941895,-0.6576377153396606,0.252422571182251,0.5730238259827766
32,6.074662685394287,-0.659140944480896,0.2528155744075775,0.5745427983044558
32,6.102104187011719,-0.6606693863868713,0.2532183825969696,0.5760091326162322
32,6.129151344299316,-0.662183940410614,0.25362274050712585,0.57735435838587
32,6.156382083892822,-0.6637163162231445,0.25403523445129395,0.5784623831317025
32,6.18361234664917,-0.6652570366859436,0.2544490396976471,0.5794030735029633
32,6.210009574890137,-0.6667611598968506,0.2548486590385437,0.5802219457180068
32,6.236487865447998,-0.668283224105835,0.2552492022514343,0.5808755270147333
32,6.262977600097656,-0.6698222160339355,0.2556549906730652,0.581338636534748
32,6.289704322814941,-0.6713940501213074,0.25607508420944214,0.5817266010504265
32,6.3162713050842285,-0.6729796528816223,0.2565111219882965,0.5821330164632336
32,6.342809200286865,-0.6745908260345459,0.2569722831249237,0.582666505094035
32,6.3692522048950195,-0.6762307286262512,0.25746241211891174,0.5833842035328346
32,6.395205020904541,-0.6778802871704102,0.25797393918037415,0.5842789701502945
32,6.421133041381836,-0.6795738339424133,0.2585145831108093,0.5853149592686747
32,6.4468255043029785,-0.6812990307807922,0.2590795159339905,0.586411983183884
32,6.472504615783691,-0.6830742955207825,0.259672611951828,0.5876967444204936
32,6.498076915740967,-0.6848962903022766,0.26028865575790405,0.5890490257386336
32,6.523731708526611,-0.6867843270301819,0.2609312832355499,0.5906508900355993
32,6.549100399017334,-0.688715934753418,0.26159271597862244,0.5922659912872783
32,6.574609756469727,-0.690729558467865,0.2622915208339691,0.5942362586223782
32,6.5997724533081055,-0.6927904486656189,0.2630242109298706,0.5963267593852362
32,6.624926567077637,-0.6949291825294495,0.26381373405456543,0.599166987527065
32,6.6502885818481445,-0.697167158126831,0.26466843485832214,0.6022487784043032
32,6.675222396850586,-0.6994497776031494,0.26555678248405457,0.6058664696478221
32,6.700411319732666,-0.7018393874168396,0.2664581537246704,0.6104589571734447
32,6.722212314605713,-0.7039764523506165,0.2671761214733124,0.6140690917295163
32,6.745988368988037,-0.7063636779785156,0.26790833473205566,0.6178006467926592
32,6.769608020782471,-0.7087951302528381,0.26852965354919434,0.6210864700901729
32,6.793112277984619,-0.7112723588943481,0.2690233588218689,0.6239294416872562
32,6.816593647003174,-0.7138034105300903,0.26938384771347046,0.6263693791457783
32,6.8399224281311035,-0.7163748145103455,0.2696090638637543,0.6284605880473851
32,6.863193035125732,-0.7189989686012268,0.26970598101615906,0.6302321708334063
32,6.886414527893066,-0.7216787934303284,0.2696791887283325,0.6317295108959963
32,6.909592151641846,-0.7244168519973755,0.2695312201976776,0.6329528390186907
32,6.93277645111084,-0.7272214889526367,0.2692660391330719,0.633925586378601
32,6.955972671508789,-0.7300975918769836,0.2688930928707123,0.6346472162644041
32,6.9791579246521,-0.7330490350723267,0.2684275507926941,0.6353389358164448
32,7.002318859100342,-0.7360826134681702,0.26788821816444397,0.6362095570217351
32,7.0254693031311035,-0.7392072081565857,0.26729249954223633,0.6376155059675167
32,7.048535346984863,-0.7424173355102539,0.2666493356227875,0.6396572091366587
32,7.0716047286987305,-0.7457246780395508,0.26594576239585876,0.642231674765042
32,7.094637393951416,-0.74912029504776,0.2651555836200714,0.645027827279015
32,7.117633819580078,-0.7525988817214966,0.26424479484558105,0.6476808598524444
32,7.140617847442627,-0.7561569809913635,0.26318028569221497,0.6498271205253571
32,7.163670539855957,-0.759800136089325,0.2619420289993286,0.6513053627094112
32,7.18668270111084,-0.7635043263435364,0.26053643226623535,0.6522034871647313
32,7.209655284881592,-0.7672640681266785,0.2589816749095917,0.6527640043939494
32,7.2325897216796875,-0.7710762023925781,0.2573052942752838,0.6533105035015072
32,7.255487442016602,-0.7749392986297607,0.255535364151001,0.6541119447909454
32,7.278348922729492,-0.7788503170013428,0.25369346141815186,0.6553914996315499
32,7.301619529724121,-0.7828801274299622,0.2517637610435486,0.6570627935325244
32,7.324698448181152,-0.7869164943695068,0.24981887638568878,0.6592302129698097
32,7.347770690917969,-0.7909824252128601,0.24786293506622314,0.6622271364337085
32,7.370754241943359,-0.7950541377067566,0.24592053890228271,0.6658679469537863
32,7.393647193908691,-0.7991232872009277,0.24400795996189117,0.670139655172081
32,7.4165215492248535,-0.8031957149505615,0.24213816225528717,0.6750164513577895
32,7.439277172088623,-0.8072469830513,0.24034449458122253,0.6804322022147071
32,7.461935043334961,-0.8112786412239075,0.23863625526428223,0.6862296672369744
32,7.484489917755127,-0.8152907490730286,0.23700347542762756,0.6920350787185233
32,7.5070481300354,-0.8193042278289795,0.23541899025440216,0.6975733039426688
32,7.529497146606445,-0.8233014345169067,0.23387490212917328,0.7028380242414446
32,7.551833152770996,-0.8272834420204163,0.2323642075061798,0.7079321226660219
32,7.57409143447876,-0.83125901222229,0.230881929397583,0.7129041220561495
32,7.596289157867432,-0.835234522819519,0.22942711412906647,0.7177703510655558
32,7.6184844970703125,-0.8392247557640076,0.22799921035766602,0.7225657062591623
32,7.640678405761719,-0.8432353138923645,0.22660332918167114,0.7273330712061851
32,7.662869453430176,-0.8472727537155151,0.2252451628446579,0.7321139711062918
32,7.685057163238525,-0.8513438701629639,0.22392886877059937,0.7369023710996259
32,7.707240104675293,-0.8554537296295166,0.22265689074993134,0.7416585675549341
32,7.7294182777404785,-0.8596051931381226,0.22143235802650452,0.7463551536056998
32,7.751591205596924,-0.8637989163398743,0.22026053071022034,0.7509990868401699
32,7.773759365081787,-0.8680334091186523,0.21915015578269958,0.7557021093033668
32,7.795924186706543,-0.8723053336143494,0.21811425685882568,0.7606579959955898
32,7.818087100982666,-0.8766088485717773,0.21717394888401031,0.7661676314312769
32,7.840250492095947,-0.880933940410614,0.21635600924491882,0.77264828769562
32,7.862417221069336,-0.8852685689926147,0.2156776338815689,0.7804938184471444
32,7.884589195251465,-0.889598548412323,0.2151348739862442,0.7899515319134869
32,7.90676736831665,-0.893907904624939,0.21470016241073608,0.8003906018626173
32,7.928954601287842,-0.8981812000274658,0.21432621777057648,0.8112021280622319
32,7.951153755187988,-0.9024035930633545,0.2139560580253601,0.8218085600862042
32,7.973362445831299,-0.9065623879432678,0.21354027092456818,0.8317333595154808
32,7.995584011077881,-0.9106479287147522,0.213039368391037,0.8406056534035303
32,8.017820358276367,-0.9146504998207092,0.21242184937000275,0.8481195924129595
32,8.040069580078125,-0.9185613989830017,0.2116663157939911,0.8540327361423123
32,8.062331199645996,-0.9223737716674805,0.21076014637947083,0.8581604009261762
32,8.084603309631348,-0.9260842204093933,0.20970092713832855,0.8601608402327636
32,8.106880187988281,-0.9296892881393433,0.2084992527961731,0.8603728170565597
32,8.129166603088379,-0.9331888556480408,0.20718078315258026,0.8591750194816681
32,8.151464462280273,-0.936583936214447,0.20579008758068085,0.8571538819159971
32,8.17377758026123,-0.9398783445358276,0.20438411831855774,0.8549771513204383
32,8.196106910705566,-0.9430769085884094,0.203018456697464,0.8533070029434926
32,8.218454360961914,-0.9461835026741028,0.20173481106758118,0.8527083277912599
32,8.240818977355957,-0.9492013454437256,0.20054468512535095,0.8534644755749639
32,8.26319694519043,-0.9521363973617554,0.19942452013492584,0.8553095344578258
32,8.285584449768066,-0.9550004601478577,0.19832700490951538,0.8572966524751661
32,8.307977676391602,-0.9578128457069397,0.19720521569252014,0.8583683248014348
32,8.330370903015137,-0.9605940580368042,0.19602324068546295,0.8580832145998583
32,8.352762222290039,-0.9633612036705017,0.19476118683815002,0.856220026837018
32,8.375147819519043,-0.9661272764205933,0.19341689348220825,0.8527728340550911
32,8.397529602050781,-0.9688987731933594,0.19200937449932098,0.8480161527943478
32,8.41990852355957,-0.9716766476631165,0.19057686626911163,0.8424860664507114
32,8.442289352416992,-0.9744558334350586,0.18917246162891388,0.8369248554333416
32,8.464676856994629,-0.9772253036499023,0.18785573542118073,0.8322288993596881
32,8.487075805664062,-0.9799700379371643,0.18668033182621002,0.829344949577862
32,8.509486198425293,-0.9826766848564148,0.1856687068939209,0.8291234165221859
32,8.531908988952637,-0.9853354096412659,0.1847992241382599,0.8308940494078013
32,8.554340362548828,-0.9879434108734131,0.18401171267032623,0.833090466871765
32,8.576777458190918,-0.9905065298080444,0.1832343488931656,0.8344338226988487
32,8.599217414855957,-0.9930349588394165,0.182413250207901,0.8342471980931764
32,8.621648788452148,-0.9955342411994934,0.18152450025081635,0.8322643182606864
32,8.644054412841797,-0.998005211353302,0.18056663870811462,0.8285242599282542
32,8.666422843933105,-1.0004470348358154,0.17955464124679565,0.823332104359072
32,8.68874454498291,-1.0028573274612427,0.17851261794567108,0.8171523412886768
32,8.711021423339844,-1.0052345991134644,0.1774701178073883,0.8105278292407091
32,8.733246803283691,-1.0075771808624268,0.17645956575870514,0.8039102936196659
32,8.755416870117188,-1.0098830461502075,0.1755106896162033,0.7976439913503449
32,8.777527809143066,-1.0121506452560425,0.17464739084243774,0.79189965615807
32,8.799572944641113,-1.014379858970642,0.17389054596424103,0.7867473976447292
32,8.821625709533691,-1.0165804624557495,0.17326080799102783,0.782384342953198
32,8.843607902526855,-1.0187478065490723,0.1727815866470337,0.779176797415424
32,8.865516662597656,-1.0208821296691895,0.17245739698410034,0.7771705796771651
32,8.887347221374512,-1.0229804515838623,0.17226912081241608,0.7759321190895679
32,8.909008026123047,-1.0250308513641357,0.1721874326467514,0.7749588925274542
32,8.930612564086914,-1.0270421504974365,0.1721883863210678,0.7740146823578075
32,8.952132225036621,-1.0290106534957886,0.17225776612758636,0.773145685119375
32,8.973566055297852,-1.0309348106384277,0.17238612473011017,0.772394022382075
32,8.994935989379883,-1.0328140258789062,0.17256714403629303,0.7717873173763036
32,9.016297340393066,-1.0346497297286987,0.1727970987558365,0.7713634818607543
32,9.037650108337402,-1.0364389419555664,0.17307256162166595,0.7711667898075334
32,9.05899715423584,-1.0381802320480347,0.1733868271112442,0.7711290928450649
32,9.080338478088379,-1.039874792098999,0.17372837662696838,0.771052090866051
32,9.101676940917969,-1.0415257215499878,0.17408618330955505,0.7707573766295596
32,9.123013496398926,-1.0431352853775024,0.17445401847362518,0.7701858000317541
32,9.144349098205566,-1.0447046756744385,0.17483192682266235,0.7693639846114378
32,9.165684700012207,-1.046233892440796,0.17522507905960083,0.7683444131392727
32,9.187024116516113,-1.0477226972579956,0.17564472556114197,0.7673040258499774
32,9.208365440368652,-1.0491719245910645,0.176108255982399,0.7665580394635688
32,9.229711532592773,-1.0505832433700562,0.17663533985614777,0.7664901246788416
32,9.251115798950195,-1.0519646406173706,0.17724087834358215,0.7673943882065236
32,9.272522926330566,-1.0533199310302734,0.17791993916034698,0.7692437007623939
32,9.293933868408203,-1.0546561479568481,0.17864757776260376,0.7715499037021443
32,9.315357208251953,-1.0559755563735962,0.17939184606075287,0.7736016193322776
32,9.336787223815918,-1.0572752952575684,0.18013054132461548,0.7751162997781262
32,9.358226776123047,-1.058550238609314,0.18085743486881256,0.7761583444806818
32,9.379673957824707,-1.05979585647583,0.18157832324504852,0.7769613647832525
32,9.401128768920898,-1.061009407043457,0.18230585753917694,0.7778308644827953
32,9.422592163085938,-1.0621905326843262,0.18305306136608124,0.7790439017304307
32,9.444063186645508,-1.0633416175842285,0.1838255077600479,0.7806060287270884
32,9.465556144714355,-1.0644670724868774,0.18462041020393372,0.7819973705067116
32,9.487054824829102,-1.0655673742294312,0.1854267567396164,0.7834053741637809
32,9.508561134338379,-1.0666416883468628,0.18623362481594086,0.7845464573527783
32,9.530074119567871,-1.0676885843276978,0.1870356947183609,0.7853126262948192
32,9.551592826843262,-1.06870698928833,0.1878342181444168,0.7857442607529802
32,9.573118209838867,-1.0696970224380493,0.18863703310489655,0.7860047315543227
32,9.594647407531738,-1.0706603527069092,0.1894577294588089,0.7863668023353142
32,9.616182327270508,-1.0715996026992798,0.1903078407049179,0.7870940891966984
32,9.637720108032227,-1.0725164413452148,0.1911902278661728,0.7882915176149959
32,9.659262657165527,-1.073412299156189,0.19209803640842438,0.7898272038240197
32,9.68080997467041,-1.0742872953414917,0.19301843643188477,0.7914077878338142
32,9.702362060546875,-1.0751404762268066,0.19393834471702576,0.792747944695563
32,9.723937034606934,-1.0759708881378174,0.19484961032867432,0.7937048443492715
32,9.745516777038574,-1.076776146888733,0.19574937224388123,0.7943198850184662
32,9.76710033416748,-1.0775554180145264,0.1966407299041748,0.7947228691649452
32,9.788689613342285,-1.0783079862594604,0.19752873480319977,0.7950653942653911
32,9.810284614562988,-1.0790328979492188,0.19841913878917694,0.7954874051242924
32,9.831884384155273,-1.0797290802001953,0.19931472837924957,0.7960482410915595
32,9.85349178314209,-1.080395221710205,0.2002105563879013,0.7966514379876534
32,9.875106811523438,-1.0810303688049316,0.2010943740606308,0.7970546042968965
32,9.896734237670898,-1.0816338062286377,0.2019530087709427,0.7969073704656526
32,9.918363571166992,-1.0822046995162964,0.20277655124664307,0.7960348455975325
32,9.939992904663086,-1.0827425718307495,0.20356199145317078,0.7945369048962898
32,9.961625099182129,-1.0832467079162598,0.20431214570999146,0.7925981354614501
32,9.983258247375488,-1.0837150812149048,0.20502853393554688,0.7903390877402345
32,10.004894256591797,-1.084143877029419,0.20570704340934753,0.7877605910143868
32,10.026532173156738,-1.0845292806625366,0.2063409984111786,0.7847683952161386
32,10.048171997070312,-1.0848684310913086,0.2069249153137207,0.7812331047162429
32,10.069814682006836,-1.0851596593856812,0.2074553519487381,0.7772400724959465
32,10.091458320617676,-1.0854018926620483,0.20792779326438904,0.7729315125028712
32,10.113104820251465,-1.085594654083252,0.20833224058151245,0.7681910483289801
32,10.13475227355957,-1.0857349634170532,0.2086551934480667,0.7628888726479041
32,10.156408309936523,-1.0858170986175537,0.2088952362537384,0.7571000563396003
32,10.178135871887207,-1.0858346223831177,0.2090587466955185,0.7510865518170282
32,10.200188636779785,-1.0857834815979004,0.20913496613502502,0.7448856492491914
32,10.222240447998047,-1.0856643915176392,0.20910122990608215,0.738053691596157
32,10.245197296142578,-1.0854707956314087,0.20894460380077362,0.7304647829152868
32,10.269866943359375,-1.085185170173645,0.20869307219982147,0.7222052635023339
32,10.296772003173828,-1.0847715139389038,0.20844189822673798,0.7142028238123602
32,10.323675155639648,-1.0842399597167969,0.20827755331993103,0.7073927516264072
32,10.352557182312012,-1.0835174322128296,0.20820027589797974,0.7008815659288479
32,10.382606506347656,-1.0825968980789185,0.20812222361564636,0.694174224206353
32,10.412649154663086,-1.081506609916687,0.20794104039669037,0.6866837673442646
32,10.443129539489746,-1.0802477598190308,0.20758435130119324,0.6778618969451348
32,10.473602294921875,-1.0788522958755493,0.20707109570503235,0.6682577670909606
32,10.504168510437012,-1.0773427486419678,0.20649442076683044,0.6585516675948154
32,10.534740447998047,-1.0757396221160889,0.20596806704998016,0.6501174117578501
32,10.56531047821045,-1.0740537643432617,0.20556117594242096,0.6427714067118991
32,10.595876693725586,-1.0722910165786743,0.20527686178684235,0.6364914490442308
32,10.626440048217773,-1.0704582929611206,0.20508207380771637,0.6312068211638966
32,10.656999588012695,-1.068562626838684,0.2049226462841034,0.6261909288167786
32,10.687554359436035,-1.0666002035140991,0.20478373765945435,0.6214523408344712
32,10.71810531616211,-1.064563274383545,0.20465749502182007,0.6170022967538262
32,10.748649597167969,-1.0624353885650635,0.20453371107578278,0.6127645473647583
32,10.779187202453613,-1.0602065324783325,0.20438775420188904,0.6088050893490566
32,10.809715270996094,-1.0578683614730835,0.20418740808963776,0.6047129859371485
32,10.840235710144043,-1.055427074432373,0.20391616225242615,0.600329194923524
32,10.870746612548828,-1.0528863668441772,0.20356620848178864,0.5958595580869314
32,10.901248931884766,-1.0502609014511108,0.20315062999725342,0.5912798958788564
32,10.931745529174805,-1.047563076019287,0.20270730555057526,0.5874109810447343
32,10.962236404418945,-1.0448029041290283,0.20228365063667297,0.5839738815655017
32,10.99272346496582,-1.0419827699661255,0.20193037390708923,0.5812796730786214
32,11.023204803466797,-1.0390985012054443,0.2016732096672058,0.5792034775276513
32,11.053680419921875,-1.0361456871032715,0.20154038071632385,0.5774518419894685
32,11.084148406982422,-1.0331146717071533,0.2015376091003418,0.5762135536679867
32,11.114607810974121,-1.029997706413269,0.20167772471904755,0.5753835841432516
32,11.145054817199707,-1.026780128479004,0.20197148621082306,0.5750577352860556
32,11.17548942565918,-1.0234568119049072,0.2024279087781906,0.5753140347518176
32,11.205909729003906,-1.0200270414352417,0.20302879810333252,0.5758306242126168
32,11.236315727233887,-1.016491413116455,0.20375113189220428,0.5764367821881496
32,11.266707420349121,-1.0128551721572876,0.20458441972732544,0.5770161115373068
32,11.297089576721191,-1.009124755859375,0.20550498366355896,0.5775760718095123
32,11.327459335327148,-1.0053094625473022,0.20649868249893188,0.5783297185580205
32,11.357830047607422,-1.0014159679412842,0.20754291117191315,0.579317870457183
32,11.388226509094238,-0.9974582195281982,0.20862071216106415,0.5807166719326673
32,11.418615341186523,-0.9934587478637695,0.20973140001296997,0.5826670914236279
32,11.449060440063477,-0.989425003528595,0.2109033614397049,0.585103186361188
32,11.479498863220215,-0.9853705167770386,0.21215476095676422,0.5888109761191578
32,11.510011672973633,-0.9812861680984497,0.21349994838237762,0.5931278823603885
32,11.5114164352417,-0.9810978174209595,0.21356379985809326,0.5933638298604227
33,1.7306030988693237,-0.4697851240634918,2.3998236656188965,0.7892044958164932
33,1.8493058681488037,-0.47015297412872314,2.369697332382202,0.7650200205950963
33,1.9688652753829956,-0.47056010365486145,2.3431882858276367,0.7466538475148263
33,2.089343547821045,-0.4710061550140381,2.3212192058563232,0.7316288324432433
33,2.2106704711914062,-0.4714861512184143,2.3045809268951416,0.7244133122499564
33,2.3326492309570312,-0.4719942510128021,2.293710708618164,0.726280579960211
33,2.4550013542175293,-0.47251957654953003,2.2885124683380127,0.7345131991120648
33,2.577467679977417,-0.47305285930633545,2.2883498668670654,0.7517837519050037
33,2.69986891746521,-0.4735866189002991,2.2924118041992188,0.7720648068138287
33,2.8221325874328613,-0.4741152822971344,2.2995307445526123,0.7949677321470027
33,2.9316513538360596,-0.4745839238166809,2.307900905609131,0.8158264824124808
33,3.0536575317382812,-0.4751002788543701,2.318580150604248,0.8387591872382933
33,3.175584316253662,-0.4756125211715698,2.3301384449005127,0.8597395613535914
33,3.297468662261963,-0.4761234521865845,2.3421361446380615,0.8792322613064575
33,3.419346809387207,-0.4766380786895752,2.354196071624756,0.8968962768996591
33,3.541234016418457,-0.4771602749824524,2.3661651611328125,0.9121031278510282
33,3.663149118423462,-0.4776962101459503,2.3778445720672607,0.926051115481089
33,3.7850797176361084,-0.47825250029563904,2.389146566390991,0.9373661417848829
33,3.9070487022399902,-0.47883450984954834,2.4000258445739746,0.9473961172955104
33,4.028840065002441,-0.4794495701789856,2.410413980484009,0.9560347985015234
33,4.150671005249023,-0.48010486364364624,2.4203290939331055,0.9628374823365344
33,4.271450042724609,-0.4808027446269989,2.429680824279785,0.9688277523710958
33,4.389023780822754,-0.4815385639667511,2.4383461475372314,0.973213469932038
33,4.506627082824707,-0.48233842849731445,2.4466025829315186,0.9766965099838781
33,4.617927074432373,-0.4831669330596924,2.454063892364502,0.9793182544435005
33,4.720788955688477,-0.48400527238845825,2.460679769515991,0.9806934281373961
33,4.823665142059326,-0.4849236011505127,2.467050075531006,0.9814336187287261
33,4.918676376342773,-0.48585429787635803,2.472738742828369,0.9815031155918397
33,5.008510589599609,-0.4868175685405731,2.4779655933380127,0.9809740166933923
33,5.095921039581299,-0.48784440755844116,2.482926607131958,0.9798587406681388
33,5.18333625793457,-0.48897331953048706,2.4877798557281494,0.9780939543466709
33,5.269970893859863,-0.49020934104919434,2.492499589920044,0.975762164483391
33,5.356452465057373,-0.49157950282096863,2.4971392154693604,0.9727776842652885
33,5.443394184112549,-0.4931197762489319,2.501751184463501,0.9690810210977998
33,5.533629894256592,-0.49492043256759644,2.5065066814422607,0.9645068312145104
33,5.628150463104248,-0.4970698654651642,2.5114827156066895,0.9588913790894208
33,5.7266974449157715,-0.49966540932655334,2.516695022583008,0.9518785086425589
33,5.825229167938232,-0.5027084946632385,2.5219576358795166,0.9435998229041713
33,5.927330493927002,-0.5064550638198853,2.5274932384490967,0.9337033197169694
33,6.032374382019043,-0.5111123323440552,2.533320903778076,0.9220783607675551
33,6.1395769119262695,-0.516956627368927,2.5394790172576904,0.9087354543139019
33,6.248015403747559,-0.5243509411811829,2.546029567718506,0.8931535930802329
33,6.356273174285889,-0.5336934924125671,2.5530412197113037,0.8766414145870621
33,6.464613914489746,-0.5456557869911194,2.5607693195343018,0.8605682353331517
33,6.571874141693115,-0.5608153343200684,2.5694668292999268,0.8467122789690066
33,6.677986145019531,-0.579940676689148,2.5796122550964355,0.838713249138542
33,6.782944679260254,-0.6036441922187805,2.5918335914611816,0.8388202767330216
33,6.8093438148498535,-0.6104976534843445,2.595398187637329,0.8411706391614711
33,6.83534049987793,-0.617615818977356,2.5991086959838867,0.8446109650267635
33,6.861050128936768,-0.6250187754631042,2.602992057800293,0.849032244635932
33,6.886490345001221,-0.6326990723609924,2.6070730686187744,0.8543878453567909
33,6.9117937088012695,-0.6406873464584351,2.6114048957824707,0.8607430345590142
33,6.936837673187256,-0.6489183902740479,2.6159920692443848,0.8676805821472308
33,6.961766242980957,-0.6573967337608337,2.6208765506744385,0.874944432890684
33,6.986575126647949,-0.6660772562026978,2.6260812282562256,0.882497241880067
33,7.011157989501953,-0.6748740673065186,2.6315910816192627,0.8902221664118691
33,7.035518646240234,-0.6837366819381714,2.6374144554138184,0.8977563461391458
33,7.059906005859375,-0.6927090287208557,2.6436212062835693,0.9054172082770122
33,7.084085464477539,-0.7016638517379761,2.650160312652588,0.9131959867713155
33,7.108184814453125,-0.7106075286865234,2.6570866107940674,0.9208677688266682
33,7.1323065757751465,-0.719541609287262,2.6644444465637207,0.9287543116608198
33,7.156232833862305,-0.7283512949943542,2.6721694469451904,0.9368854190232712
33,7.180087089538574,-0.737042248249054,2.6803252696990967,0.9450435406505286
33,7.2038726806640625,-0.745580792427063,2.6889078617095947,0.9535334988591456
33,7.227473258972168,-0.7538905739784241,2.6978659629821777,0.9622334400456016
33,7.251019477844238,-0.7619748711585999,2.7072558403015137,0.9706576766336162
33,7.274517059326172,-0.7698004245758057,2.717059850692749,0.9795312063808658
33,7.297853946685791,-0.7772984504699707,2.7272019386291504,0.9882376653828454
33,7.32128381729126,-0.7845070362091064,2.7377867698669434,0.9966740199602039
33,7.344569683074951,-0.7913146018981934,2.7486870288848877,1.0049797859296257
33,7.3678483963012695,-0.7977367639541626,2.7599215507507324,1.013325256767571
33,7.391007423400879,-0.8037115335464478,2.7714061737060547,1.0208569322715424
33,7.4142889976501465,-0.8092605471611023,2.7832460403442383,1.0279188881982668
33,7.437469959259033,-0.8143004179000854,2.7952911853790283,1.0342659894047292
33,7.460677623748779,-0.8188419342041016,2.8075637817382812,1.0404018562331763
33,7.483804702758789,-0.8228440284729004,2.819969892501831,1.0453775577428264
33,7.506973743438721,-0.8263102173805237,2.8325393199920654,1.0498617567270994
33,7.530279636383057,-0.8292226195335388,2.845301389694214,1.0525909766221533
33,7.553520202636719,-0.8315356969833374,2.8581125736236572,1.054830518296299
33,7.576801300048828,-0.8332517147064209,2.870997667312622,1.055929383288391
33,7.600020885467529,-0.8343465328216553,2.8838722705841064,1.056190881334097
33,7.623632431030273,-0.8348341584205627,2.8969521522521973,1.0562017657158667
33,7.6471991539001465,-0.8346741795539856,2.909975528717041,1.054157626175942
33,7.6700029373168945,-0.8338756561279297,2.9225316047668457,1.0524640696652972
33,7.693387031555176,-0.8324071764945984,2.9353256225585938,1.0488456646182251
33,7.716691970825195,-0.8302647471427917,2.947972297668457,1.0447444767210805
33,7.7400431632995605,-0.8274246454238892,2.960508346557617,1.0389803511410098
33,7.763166904449463,-0.8238995671272278,2.972761631011963,1.0316517702184769
33,7.786220073699951,-0.8196476101875305,2.984776735305786,1.022494849833158
33,7.809172630310059,-0.8146530985832214,2.9965097904205322,1.0112993773006096
33,7.831467628479004,-0.8090097904205322,3.0076417922973633,0.9985864932147712
33,7.854549407958984,-0.8023396134376526,3.018864393234253,0.9838930452740459
33,7.8765411376953125,-0.7951040863990784,3.0292153358459473,0.9677559344662318
33,7.8993353843688965,-0.7866766452789307,3.039573907852173,0.9511166077235118
33,7.921940803527832,-0.7772971391677856,3.049447536468506,0.9337730582512422
33,7.944242000579834,-0.7669577598571777,3.058795928955078,0.9181560366147584
33,7.966134071350098,-0.755666971206665,3.067598342895508,0.9038711166730388
33,7.98763370513916,-0.7433802485466003,3.075906991958618,0.8915769129041643
33,8.007830619812012,-0.7306119203567505,3.08341383934021,0.8834929272381279
33,8.028437614440918,-0.7163161635398865,3.0908141136169434,0.8780267052373341
33,8.048396110534668,-0.7011438012123108,3.097733736038208,0.8758485553959855
33,8.06769847869873,-0.685113251209259,3.1041958332061768,0.8765225985951735
33,8.086285591125488,-0.6683126091957092,3.1101932525634766,0.8790093464246684
33,8.104257583618164,-0.6507166028022766,3.1157541275024414,0.8838168025240701
33,8.121543884277344,-0.6324537992477417,3.120852470397949,0.8904069304940635
33,8.13812255859375,-0.613631546497345,3.125476598739624,0.8985165332013304
33,8.154085159301758,-0.5942513346672058,3.129638910293579,0.9068149701312571
33,8.169445037841797,-0.5744379758834839,3.133324146270752,0.915578886478993
33,8.184218406677246,-0.5543026924133301,3.136528491973877,0.9239824380481888
33,8.198541641235352,-0.5337784290313721,3.1392741203308105,0.931764111753497
33,8.212373733520508,-0.5130593180656433,3.141545057296753,0.9386052964739441
33,8.22581672668457,-0.4921162724494934,3.1433539390563965,0.9437840568445053
33,8.238863945007324,-0.4710880517959595,3.144693374633789,0.9472339496279318
33,8.251615524291992,-0.44993409514427185,3.1455681324005127,0.9482106131384356
33,8.264063835144043,-0.42878490686416626,3.145970582962036,0.9461390892239137
33,8.276335716247559,-0.40752923488616943,3.1458959579467773,0.9409924369354217
33,8.288386344909668,-0.38635334372520447,3.145333766937256,0.9327832373304379
33,8.300301551818848,-0.36520352959632874,3.1442689895629883,0.9210897453592379
33,8.312060356140137,-0.3441995680332184,3.1426751613616943,0.9058605942774357
33,8.323979377746582,-0.3228602707386017,3.140488862991333,0.88670868788478
33,8.335612297058105,-0.3020586669445038,3.13775372505188,0.8633675655283988
33,8.347244262695312,-0.2813522219657898,3.134371280670166,0.8360358064579394
33,8.358855247497559,-0.2608672082424164,3.130307912826538,0.8048685777124055
33,8.37048053741455,-0.2406616359949112,3.125505208969116,0.7705467853294348
33,8.382161140441895,-0.22081923484802246,3.119870185852051,0.7332529586091038
33,8.393465995788574,-0.2023240178823471,3.1135547161102295,0.6946156984295035
33,8.405109405517578,-0.18441158533096313,3.10617733001709,0.6556600617073659
33,8.417211532592773,-0.1673329472541809,3.09765362739563,0.61937494215136
33,8.429945945739746,-0.15148641169071198,3.0878117084503174,0.5890109680955254
33,8.443611145019531,-0.13731637597084045,3.076589822769165,0.5689119439391402
33,8.458551406860352,-0.12513183057308197,3.0639150142669678,0.5615010646227518
33,8.474433898925781,-0.11564943939447403,3.050403356552124,0.5708455911238863
33,8.491172790527344,-0.10888418555259705,3.0364320278167725,0.5908424392393259
33,8.50850772857666,-0.10468407720327377,3.022441864013672,0.6191893787262632
33,8.526288032531738,-0.10274549573659897,3.008652448654175,0.6507811664605765
33,8.544371604919434,-0.10280192643404007,2.9952478408813477,0.6836752128580456
33,8.562612533569336,-0.10460899770259857,2.9823262691497803,0.715464055632207
33,8.580853462219238,-0.10796171426773071,2.96997332572937,0.7449713758739378
33,8.599089622497559,-0.11270549893379211,2.9581501483917236,0.7725090345924901
33,8.617175102233887,-0.11866789311170578,2.946887731552124,0.7961248172752942
33,8.635124206542969,-0.12573972344398499,2.936126470565796,0.8192266815615388
33,8.652939796447754,-0.13382631540298462,2.9257771968841553,0.8365024117839532
33,8.670476913452148,-0.142757385969162,2.9158260822296143,0.8533508331384325
33,8.687759399414062,-0.1524449586868286,2.9062139987945557,0.8684524586773533
33,8.704764366149902,-0.1627606898546219,2.8968398571014404,0.8789999205185416
33,8.72149658203125,-0.17361854016780853,2.8876547813415527,0.8914973314720929
33,8.738221168518066,-0.18510028719902039,2.8784618377685547,0.8980510148906744
33,8.754430770874023,-0.1967451274394989,2.869472026824951,0.90436747903859
33,8.770419120788574,-0.2086850255727768,2.8605332374572754,0.9102657459750453
33,8.786205291748047,-0.22086353600025177,2.8516197204589844,0.9112987162691781
33,8.801814079284668,-0.23324625194072723,2.8427278995513916,0.912177984288573
33,8.817314147949219,-0.24585455656051636,2.8338515758514404,0.9117326783593137
33,8.83262825012207,-0.25859230756759644,2.8250479698181152,0.9076185109268742
33,8.847860336303711,-0.271535724401474,2.816293239593506,0.9039549884565489
33,8.862985610961914,-0.28466686606407166,2.8076319694519043,0.8963980004362376
33,8.877994537353516,-0.29797038435935974,2.799079418182373,0.8878691493408322
33,8.892885208129883,-0.31146231293678284,2.7906594276428223,0.8779656085039391
33,8.907654762268066,-0.32514217495918274,2.78236985206604,0.8652150464972405
33,8.922333717346191,-0.3390407860279083,2.7741799354553223,0.8507690460179018
33,8.936877250671387,-0.35312139987945557,2.7661030292510986,0.8353110753561815
33,8.951286315917969,-0.3673604428768158,2.7581000328063965,0.8172531910968851
33,8.965559959411621,-0.38173314929008484,2.750133752822876,0.798453395065636
33,8.979744911193848,-0.3962525427341461,2.742141008377075,0.7782564476448127
33,8.993786811828613,-0.4107963740825653,2.7341034412384033,0.7568343685302378
33,9.007761001586914,-0.42538022994995117,2.7259364128112793,0.7355186016526765
33,9.021689414978027,-0.4399443566799164,2.7175869941711426,0.713143680239169
33,9.035554885864258,-0.45437178015708923,2.7090342044830322,0.6913654219079068
33,9.049447059631348,-0.468658447265625,2.700195074081421,0.6699986529838736
33,9.063347816467285,-0.4826776087284088,2.6910667419433594,0.6493766459970278
33,9.077340126037598,-0.4964023530483246,2.681584119796753,0.6299042547313045
33,9.09143352508545,-0.5097377896308899,2.671736717224121,0.6114908565986221
33,9.105676651000977,-0.5226173996925354,2.661498785018921,0.5947044019749087
33,9.120085716247559,-0.5349575877189636,2.6508662700653076,0.5792589067332287
33,9.134693145751953,-0.5466828942298889,2.6398370265960693,0.5655463257684292
33,9.149514198303223,-0.5577263832092285,2.628420352935791,0.5535520547507262
33,9.164572715759277,-0.568034827709198,2.6166303157806396,0.543446591907867
33,9.17986011505127,-0.5775637030601501,2.604504108428955,0.5352224516162606
33,9.195369720458984,-0.5862983465194702,2.5920820236206055,0.5286900140249597
33,9.211085319519043,-0.5942427515983582,2.5794076919555664,0.5237437716455148
33,9.226978302001953,-0.6014255881309509,2.5665292739868164,0.520095924659578
33,9.243043899536133,-0.6078895926475525,2.553471326828003,0.5174099342921051
33,9.259239196777344,-0.6136683821678162,2.540288209915161,0.5155712945004807
33,9.275680541992188,-0.6188458800315857,2.5269007682800293,0.5143234603180129
33,9.292234420776367,-0.6234191060066223,2.513428211212158,0.5136177076106774
33,9.308765411376953,-0.6273911595344543,2.499995470046997,0.5131683914222552
33,9.325385093688965,-0.6308361887931824,2.486522674560547,0.5129475114662401
33,9.34207534790039,-0.6337869763374329,2.4730312824249268,0.512832403870327
33,9.358829498291016,-0.6362748146057129,2.4595324993133545,0.5128341963688596
33,9.37563705444336,-0.6383289098739624,2.4460394382476807,0.5128764836490286
33,9.392496109008789,-0.6399756073951721,2.432556390762329,0.5129017171690413
33,9.409399032592773,-0.6412385106086731,2.4190917015075684,0.5129267493294791
33,9.426351547241211,-0.6421402096748352,2.405644178390503,0.512906754813751
33,9.44333553314209,-0.6426993012428284,2.392228603363037,0.5128547026838521
33,9.460351943969727,-0.642933189868927,2.3788444995880127,0.5127238448793339
33,9.477397918701172,-0.6428581476211548,2.365495443344116,0.5125896609438888
33,9.494467735290527,-0.6424891948699951,2.3521840572357178,0.5123444609614164
33,9.511560440063477,-0.6418394446372986,2.338911533355713,0.5120870287049749
33,9.528672218322754,-0.6409220099449158,2.3256795406341553,0.5117503588575626
33,9.54580020904541,-0.6397486925125122,2.312488079071045,0.511389313655928
33,9.56294059753418,-0.6383299231529236,2.29933762550354,0.5109558973653889
33,9.58009147644043,-0.6366762518882751,2.2862279415130615,0.5105098195448673
33,9.597249984741211,-0.6347972750663757,2.273158073425293,0.5100135734587187
33,9.614412307739258,-0.6327018141746521,2.260126829147339,0.509487883235411
33,9.631576538085938,-0.6303982734680176,2.247133493423462,0.5089392424563774
33,9.648738861083984,-0.6278952956199646,2.234175443649292,0.5083793476710546
33,9.665898323059082,-0.6251999735832214,2.2212514877319336,0.5077897663386224
33,9.683052062988281,-0.6223200559616089,2.2083587646484375,0.5071069543296935
33,9.700196266174316,-0.6192629337310791,2.19549560546875,0.5064216388651056
33,9.717329978942871,-0.6160354018211365,2.1826584339141846,0.5057211159607905
33,9.73444938659668,-0.6126435399055481,2.1698453426361084,0.5050402637197465
33,9.751551628112793,-0.6090941429138184,2.1570522785186768,0.5043832676459282
33,9.768633842468262,-0.6053932905197144,2.1442766189575195,0.503741831591794
33,9.78569507598877,-0.6015466451644897,2.131514310836792,0.5031362578226076
33,9.80273151397705,-0.5975601673126221,2.118762254714966,0.5025073325297733
33,9.819741249084473,-0.5934399366378784,2.1060168743133545,0.5018759651123557
33,9.836721420288086,-0.5891908407211304,2.093275308609009,0.5013010528038429
33,9.853671073913574,-0.5848183631896973,2.080533027648926,0.5008021477913797
33,9.870586395263672,-0.5803277492523193,2.0677874088287354,0.5003704552972967
33,9.887465476989746,-0.5757234692573547,2.055034637451172,0.5000266466440935
33,9.90430736541748,-0.5710103511810303,2.0422720909118652,0.49967145696381293
33,9.921110153198242,-0.566193163394928,2.029496192932129,0.49940443190803724
33,9.937871932983398,-0.5612757205963135,2.01670503616333,0.4992345492881416
33,9.954591751098633,-0.5562621355056763,2.0038962364196777,0.4991948784170059
33,9.971267700195312,-0.5511559844017029,1.9910675287246704,0.4992646378310617
33,9.987900733947754,-0.5459604859352112,1.9782174825668335,0.49938094257189836
33,10.004488945007324,-0.5406791567802429,1.9653457403182983,0.49959405229539205
33,10.021032333374023,-0.5353146195411682,1.9524513483047485,0.4999585463660804
33,10.037532806396484,-0.529869019985199,1.9395344257354736,0.500451238860993
33,10.053988456726074,-0.5243444442749023,1.926594853401184,0.5010884043748689
33,10.070402145385742,-0.5187430381774902,1.9136344194412231,0.5017547898853408
33,10.086774826049805,-0.5130661725997925,1.9006552696228027,0.502574961128409
33,10.103107452392578,-0.5073148608207703,1.8876584768295288,0.5035375557682076
33,10.119402885437012,-0.5014901757240295,1.874647617340088,0.5046482253558239
33,10.135662078857422,-0.49559247493743896,1.8616249561309814,0.5058107034990009
33,10.151895523071289,-0.48962074518203735,1.8485915660858154,0.5070868258871513
33,10.16815185546875,-0.48355692625045776,1.8355122804641724,0.5085132487352023
33,10.184383392333984,-0.47742071747779846,1.8224352598190308,0.5100825844787523
33,10.200834274291992,-0.47111862897872925,1.8091696500778198,0.5117361740248493
33,10.217267036437988,-0.46474188566207886,1.795918583869934,0.5134640608599154
33,10.234360694885254,-0.4580230712890625,1.7821433544158936,0.5153826005179161
33,10.252718925476074,-0.4507107436656952,1.7673702239990234,0.5175624786386078
33,10.27107048034668,-0.4433022439479828,1.752636432647705,0.5197041949209572
33,10.291086196899414,-0.4351113438606262,1.7366245985031128,0.5221441280357242
33,10.31110954284668,-0.4268037676811218,1.7206820249557495,0.524692883346175
33,10.332623481750488,-0.41775134205818176,1.703656554222107,0.5273706834652393
33,10.354166984558105,-0.40856093168258667,1.6867420673370361,0.5301511680489325
33,10.376626014709473,-0.3988485336303711,1.669274926185608,0.5330805951978214
33,10.399136543273926,-0.3889824450016022,1.6519626379013062,0.5359113616769386
33,10.421711921691895,-0.3789619505405426,1.6348235607147217,0.5388063981558796
33,10.444697380065918,-0.36863431334495544,1.6176248788833618,0.5416776969231966
33,10.46777057647705,-0.35814717411994934,1.6006413698196411,0.5444167617208414
33,10.491015434265137,-0.347464919090271,1.5838357210159302,0.5471744120937148
33,10.514368057250977,-0.3366253972053528,1.5672812461853027,0.5497403457253377
33,10.537843704223633,-0.325624942779541,1.5509899854660034,0.552221837638523
33,10.561439514160156,-0.31447166204452515,1.5349804162979126,0.5544991154534498
33,10.585166931152344,-0.30317020416259766,1.5192714929580688,0.5566886160194846
33,10.609027862548828,-0.2917243242263794,1.503871202468872,0.5586233116881185
33,10.633030891418457,-0.28014180064201355,1.4887990951538086,0.5604909328265539
33,10.657176971435547,-0.26842981576919556,1.4740597009658813,0.5620678635452552
33,10.681474685668945,-0.25659552216529846,1.4596694707870483,0.563496906039733
33,10.705923080444336,-0.24465028941631317,1.4456310272216797,0.564770965341429
33,10.730527877807617,-0.2326028198003769,1.4319579601287842,0.5657567311836407
33,10.755289077758789,-0.22046683728694916,1.4186499118804932,0.5666912548466292
33,10.7802095413208,-0.20825374126434326,1.4057170152664185,0.5672418017295316
33,10.805291175842285,-0.19597966969013214,1.3931560516357422,0.5678009755674828
33,10.830534934997559,-0.18365897238254547,1.3809727430343628,0.5679333191901539
33,10.855941772460938,-0.1713104397058487,1.3691608905792236,0.5680783397301395
33,10.881512641906738,-0.15895137190818787,1.3577224016189575,0.5678138322836601
33,10.907248497009277,-0.14660418033599854,1.3466472625732422,0.5674998949533273
33,10.93315315246582,-0.13428892195224762,1.3359332084655762,0.5668599542471641
33,10.95922565460205,-0.12203177064657211,1.3255668878555298,0.5660352421213413
33,10.98547077178955,-0.10985910892486572,1.3155412673950195,0.5650177734092727
33,11.011889457702637,-0.09779631346464157,1.3058420419692993,0.563648097510262
33,11.03848648071289,-0.08588171750307083,1.2964550256729126,0.5620607076383984
33,11.065262794494629,-0.07413879036903381,1.287366509437561,0.5603054885700265
33,11.0922269821167,-0.062614805996418,1.2785563468933105,0.558124284150211
33,11.11938190460205,-0.05134328454732895,1.2700090408325195,0.5557929434849189
33,11.14673137664795,-0.04036615788936615,1.2617034912109375,0.5532472894810498
33,11.174283981323242,-0.02973536029458046,1.253621220588684,0.5502667210815594
33,11.202042579650879,-0.019496221095323563,1.2457387447357178,0.54735931557844
33,11.230012893676758,-0.00970012042671442,1.2380412817001343,0.5440973015611363
33,11.258198738098145,-0.0004041123029310256,1.2305078506469727,0.5409139330427641
33,11.286609649658203,0.008331040851771832,1.2231192588806152,0.5376596019100507
33,11.315237045288086,0.016454078257083893,1.2158708572387695,0.534623668090186
33,11.34410285949707,0.023907210677862167,1.2087434530258179,0.531947658532517
33,11.37317943572998,0.030629374086856842,1.2017451524734497,0.529637697413064
33,11.402520179748535,0.03657945618033409,1.1948676109313965,0.5279601337123588
33,11.432185173034668,0.041723284870386124,1.1881047487258911,0.5269195757610915
33,11.46202564239502,0.04600035026669502,1.1815118789672852,0.5268865290030097
33,11.492270469665527,0.04939860850572586,1.1750754117965698,0.5277164521869002
33,11.522652626037598,0.051884375512599945,1.168874740600586,0.5296010927771954
33,11.55836296081543,0.05367949232459068,1.161942481994629,0.5333557934837249
33,11.623346328735352,0.054212577641010284,1.1505085229873657,0.5433468931913189
33,11.6885347366333,0.05153382197022438,1.1406441926956177,0.5552449224407934
33,11.759599685668945,0.045642953366041183,1.1319578886032104,0.5710490072552477
33,11.830684661865234,0.03746085613965988,1.125586986541748,0.58916591626032
33,11.95907974243164,0.01915743388235569,1.1201292276382446,0.6217165271850565
33,12.079363822937012,4.82464674860239e-05,1.1218178272247314,0.6535155089500854
33,12.199377059936523,-0.019280768930912018,1.129607915878296,0.6859621855781128
33,12.319181442260742,-0.0375109426677227,1.1419681310653687,0.7200212374594643
33,12.385395050048828,-0.047024715691804886,1.150372862815857,0.7382138202723099
33,12.390257835388184,-0.04770764708518982,1.15101158618927,0.7394880388325116
34,0.6103371977806091,0.3593679666519165,0.46522942185401917,0.6676381394115435
34,0.6459875702857971,0.3593827188014984,0.43286824226379395,0.6338241754717455
34,0.6724607944488525,0.35938113927841187,0.41270703077316284,0.6321658892595942
34,0.7105401754379272,0.3593541979789734,0.3882429599761963,0.6580264617749373
34,0.7780929803848267,0.35926663875579834,0.3551875054836273,0.7445009736059224
34,0.7994859218597412,0.3592323958873749,0.3463973104953766,0.7726688395329989
34,0.8265706300735474,0.35918962955474854,0.3351916968822479,0.8069878836965828
34,0.8547955751419067,0.3591364622116089,0.32464879751205444,0.8609578894221385
34,0.9150505065917969,0.35900387167930603,0.3027029037475586,0.9210134029081004
34,0.9753891825675964,0.35884717106819153,0.28099530935287476,0.9910355995966472
34,1.0342313051223755,0.35869550704956055,0.2636313736438751,1.061396958032512
34,1.0730973482131958,0.3586007356643677,0.25490114092826843,1.1415415178798118
34,1.1339224576950073,0.35849854350090027,0.24704599380493164,1.3129181905913274
34,1.1745496988296509,0.35845834016799927,0.2447371482849121,1.461851900960181
34,1.235866904258728,0.3584448993206024,0.24259106814861298,1.719580936665965
34,1.273246169090271,0.3584561347961426,0.2415858805179596,1.8743114187480971
34,1.3345311880111694,0.35848140716552734,0.2386939525604248,2.1411002672942745
34,1.3967093229293823,0.35854199528694153,0.234330415725708,2.418230718718168
34,1.4587825536727905,0.3587203323841095,0.2286601960659027,2.6982107446271417
34,1.520784854888916,0.3590671420097351,0.22226372361183167,2.996926647476189
34,1.5827525854110718,0.3595653772354126,0.2155483216047287,3.298014666682699
34,1.6447268724441528,0.36018630862236023,0.20890390872955322,3.6090249800305556
34,1.706738829612732,0.3608826994895935,0.2026309221982956,3.8569743846623155
34,1.7688261270523071,0.3615185022354126,0.19715148210525513,4.056067305637107
34,1.8298861980438232,0.3620038628578186,0.19297392666339874,4.148342327803984
34,1.887191891670227,0.36242297291755676,0.1904621124267578,4.127682773351131
34,1.9495121240615845,0.36298906803131104,0.18950362503528595,4.1438351991298275
34,1.9978199005126953,0.363607794046402,0.18977536261081696,4.0337084336187905
34,2.0441219806671143,0.36426812410354614,0.19035224616527557,4.008790958411297
34,2.1035850048065186,0.36504483222961426,0.1906164288520813,3.799418931788309
34,2.1318366527557373,0.36532026529312134,0.1905616670846939,3.6994542211910577
34,2.1554372310638428,0.3654867112636566,0.19042964279651642,3.5618499987601355
34,2.1875438690185547,0.36564818024635315,0.19047604501247406,3.4014167829941373
34,2.2196462154388428,0.3657645881175995,0.19094084203243256,3.2631864445427716
34,2.2445802688598633,0.36584728956222534,0.19222573935985565,3.1954749037250596
34,2.2685999870300293,0.3659155070781708,0.1944488137960434,3.1295769849481623
34,2.3298091888427734,0.3659987151622772,0.20595215260982513,3.0303321867065716
34,2.3545565605163574,0.36602455377578735,0.21329981088638306,2.994332290953765
34,2.378561496734619,0.36608514189720154,0.2217087298631668,2.93478086828074
34,2.4359211921691895,0.36645862460136414,0.24604728817939758,2.7808172568811753
34,2.450068950653076,0.3666015863418579,0.2531951069831848,2.7503554996687534
34,2.503990411758423,0.36729878187179565,0.28245460987091064,2.5881719670365073
34,2.538160800933838,0.36781445145606995,0.30152368545532227,2.4930306774105238
34,2.5767431259155273,0.36833685636520386,0.32276690006256104,2.3917423370107938
34,2.6339662075042725,0.36869457364082336,0.35158583521842957,2.245795748688147
34,2.682377815246582,0.3685169816017151,0.37264999747276306,2.1352002700071675
34,2.7285258769989014,0.3679516017436981,0.3902524411678314,2.0583479567274425
34,2.823931932449341,0.3657964766025543,0.41961923241615295,1.9480923055569357
34,2.8508152961730957,0.36497437953948975,0.42607271671295166,1.918890261704568
34,2.8803176879882812,0.3640132248401642,0.4325654208660126,1.8873486218206719
34,2.9605724811553955,0.3613200783729553,0.44874364137649536,1.785358640189117
34,3.081204414367676,0.3571218252182007,0.46852385997772217,1.6207058354664212
34,3.2021634578704834,0.3531985282897949,0.48631802201271057,1.490170026078409
34,3.323255777359009,0.3498480021953583,0.5033025145530701,1.3914619990734778
34,3.444434881210327,0.34737706184387207,0.5198113322257996,1.3154163252681064
34,3.5657341480255127,0.34577128291130066,0.5355253219604492,1.27332789626321
34,3.687162160873413,0.34486955404281616,0.5502713322639465,1.2309050419485619
34,3.808777093887329,0.344401091337204,0.5639592409133911,1.1978005185784883
34,3.930522918701172,0.344225138425827,0.5764352679252625,1.171590734594508
34,4.052199840545654,0.3442114591598511,0.587684690952301,1.1491713904832788
34,4.173000812530518,0.3443204462528229,0.597715437412262,1.1317243401559067
34,4.293882369995117,0.344523549079895,0.6067182421684265,1.1155593734589802
34,4.41178035736084,0.3448032736778259,0.6146278977394104,1.1015664173549462
34,4.529731273651123,0.3451662063598633,0.6217107176780701,1.0886591486967934
34,4.641532897949219,0.3455960154533386,0.6276921033859253,1.0767028498306153
34,4.745244979858398,0.3460899591445923,0.6326487064361572,1.0656524613392853
34,4.848979473114014,0.34669849276542664,0.637092113494873,1.0537543825293783
34,4.948721885681152,0.347419410943985,0.6409522294998169,1.0417302964428201
34,5.046628952026367,0.34828177094459534,0.644410252571106,1.0295882783037429
34,5.144415378570557,0.3493201434612274,0.6475880742073059,1.017509708535351
34,5.243422031402588,0.35057976841926575,0.6505602598190308,1.00566578792585
34,5.342519283294678,0.3520766496658325,0.6533030867576599,0.9941050120517154
34,5.4432854652404785,0.35386374592781067,0.6558541655540466,0.9824897870116073
34,5.545286655426025,0.35596272349357605,0.6581980586051941,0.9708646783749719
34,5.647873401641846,0.35839468240737915,0.6603420972824097,0.9593784276834508
34,5.750362396240234,0.3611770570278168,0.662289023399353,0.9484097816454505
34,5.85284423828125,0.36434006690979004,0.6640344262123108,0.937873458271729
34,5.954565525054932,0.36788058280944824,0.665535569190979,0.9276254598500487
34,6.054919242858887,0.37179112434387207,0.6667603254318237,0.9176488602090931
34,6.1533894538879395,0.37606295943260193,0.6676909923553467,0.9080047941149955
34,6.249581336975098,0.3806861937046051,0.6683058142662048,0.8988738761707549
34,6.3457512855529785,0.3857811987400055,0.6685823798179626,0.8899526859475948
34,6.439931392669678,0.39125579595565796,0.6684624552726746,0.8818651726745486
34,6.532405376434326,0.3971366882324219,0.6678808331489563,0.874172394696111
34,6.624486446380615,0.40354156494140625,0.6667282581329346,0.866891315870332
34,6.721370220184326,0.4109463393688202,0.6647608280181885,0.8611497048485749
34,6.7716803550720215,0.4150930941104889,0.6634075045585632,0.8570118762670512
34,6.794528961181641,0.41704654693603516,0.6626957654953003,0.855000675490051
34,6.81719446182251,0.4190286099910736,0.6619201898574829,0.8530283733993127
34,6.839759349822998,0.4210475981235504,0.6610701084136963,0.8510438201890163
34,6.862271308898926,0.4231095612049103,0.6601369976997375,0.8490043875072022
34,6.884775161743164,0.4252210259437561,0.659113347530365,0.8469075442663422
34,6.907262802124023,0.4273839294910431,0.6579943895339966,0.8447545172892601
34,6.929723739624023,0.42959997057914734,0.6567760109901428,0.8425349315411685
34,6.95216703414917,0.4318729043006897,0.6554527282714844,0.8402421674251137
34,6.974595069885254,0.4342060983181,0.6540188789367676,0.837872152994309
34,6.997004508972168,0.436602383852005,0.6524683237075806,0.835423363177157
34,7.019404411315918,0.43906623125076294,0.6507932543754578,0.83289229036985
34,7.041777610778809,0.4415992796421051,0.6489871144294739,0.8302773857843151
34,7.064121723175049,0.444205105304718,0.6470412611961365,0.8275775055880108
34,7.08644437789917,0.446888267993927,0.6449456214904785,0.8247735796054726
34,7.108741760253906,0.44965195655822754,0.6426900625228882,0.8218723499342874
34,7.130995273590088,0.4524970054626465,0.6402652859687805,0.8188827522313503
34,7.15322208404541,0.45542794466018677,0.6376572251319885,0.8157840429226506
34,7.175402641296387,0.4584439694881439,0.6348544359207153,0.812559088934016
34,7.197554588317871,0.4615480601787567,0.6318408846855164,0.8091893297414019
34,7.219651699066162,0.46473538875579834,0.6286052465438843,0.8056687311069367
34,7.2416863441467285,0.4680020809173584,0.625133752822876,0.8019695600830294
34,7.263649940490723,0.4713425934314728,0.621412992477417,0.7980540937367427
34,7.285534858703613,0.47474974393844604,0.6174299120903015,0.793918525267851
34,7.307355880737305,0.47822117805480957,0.6131641864776611,0.7894882063752463
34,7.32909631729126,0.4817540943622589,0.6085967421531677,0.7848408751306846
34,7.351198196411133,0.4854322373867035,0.6035854816436768,0.7796765423747035
34,7.373325824737549,0.48923009634017944,0.5981036424636841,0.7737691404297867
34,7.395175933837891,0.4931509494781494,0.59207683801651,0.7667880105208794
34,7.416653633117676,0.49730393290519714,0.5853205323219299,0.7590289720404435
34,7.437702178955078,0.5018485188484192,0.5778389573097229,0.7521524042471842
34,7.458632946014404,0.5067881345748901,0.5701457858085632,0.749979520271187
34,7.479772090911865,0.5118620991706848,0.563149094581604,0.755038630561117
34,7.501354217529297,0.5166723728179932,0.557814359664917,0.7688308496723589
34,7.523378372192383,0.5209680795669556,0.5545781850814819,0.7860865083040939
34,7.537208080291748,0.5233547687530518,0.5535085797309875,0.7963315949049492
34,7.559510231018066,0.5269079804420471,0.5526021718978882,0.8085584765826046
34,7.581882953643799,0.5303449630737305,0.5519444942474365,0.8149458723365092
34,7.604238033294678,0.533824622631073,0.5509908199310303,0.8198924385903935
34,7.626528739929199,0.5373626947402954,0.5496450662612915,0.823866815808247
34,7.6487860679626465,0.5409235954284668,0.5480251908302307,0.8269943403428771
34,7.6710309982299805,0.5444778800010681,0.5462551116943359,0.8297746794903654
34,7.693271636962891,0.5480148792266846,0.5443960428237915,0.8324896194935205
34,7.715510368347168,0.5515316724777222,0.542483925819397,0.8351718743547935
34,7.73775053024292,0.5550277233123779,0.5405447483062744,0.8378640425734314
34,7.759993553161621,0.5585015416145325,0.5386016368865967,0.8405881207856778
34,7.7822418212890625,0.5619509816169739,0.5366738438606262,0.8433473561841709
34,7.804496765136719,0.565373420715332,0.5347765684127808,0.8461198517501273
34,7.8267598152160645,0.5687659978866577,0.5329207181930542,0.8488844162195817
34,7.849031925201416,0.5721262097358704,0.5311131477355957,0.8516286861790235
34,7.871313095092773,0.5754518508911133,0.529356837272644,0.8543430427342451
34,7.893603801727295,0.5787414908409119,0.5276505947113037,0.857022728804536
34,7.915903091430664,0.5819944143295288,0.5259909629821777,0.8596390291400733
34,7.938210487365723,0.5852107405662537,0.524372398853302,0.8621776062356082
34,7.960525989532471,0.5883914828300476,0.5227881073951721,0.8646212136906845
34,7.982848167419434,0.5915378332138062,0.5212299823760986,0.8669487537876372
34,8.005175590515137,0.5946516394615173,0.5196897983551025,0.8691130754132722
34,8.027508735656738,0.5977347493171692,0.5181592106819153,0.8711020671655496
34,8.049844741821289,0.6007890701293945,0.5166303515434265,0.8728849784754378
34,8.072185516357422,0.6038161516189575,0.5150961875915527,0.8744294073127298
34,8.094528198242188,0.6068174839019775,0.5135508179664612,0.875726097129176
34,8.116872787475586,0.6097944378852844,0.5119903087615967,0.8767679907782391
34,8.139220237731934,0.6127482056617737,0.5104119181632996,0.8775582001772575
34,8.161568641662598,0.6156794428825378,0.5088146924972534,0.8781096831121885
34,8.183918952941895,0.6185885667800903,0.5071989893913269,0.8784439878156249
34,8.206270217895508,0.6214758157730103,0.5055664777755737,0.8785813978310328
34,8.228623390197754,0.6243410110473633,0.5039196014404297,0.8785592549364597
34,8.25097942352295,0.6271838545799255,0.502261757850647,0.8784167221532042
34,8.273337364196777,0.6300035119056702,0.500596821308136,0.8781944769079971
34,8.295697212219238,0.6327993273735046,0.4989287853240967,0.8779254024139328
34,8.318061828613281,0.6355707049369812,0.4972614347934723,0.8776358657236573
34,8.340428352355957,0.6383166909217834,0.49559828639030457,0.8773481882020837
34,8.362799644470215,0.6410362720489502,0.4939427077770233,0.8770808022383558
34,8.385174751281738,0.6437286138534546,0.492297500371933,0.8768478238018069
34,8.407554626464844,0.6463927030563354,0.4906652569770813,0.8766600138897123
34,8.429938316345215,0.6490274667739868,0.489048033952713,0.8765290656818864
34,8.452326774597168,0.6516318321228027,0.4874475598335266,0.8764516380019965
34,8.474720001220703,0.6542048454284668,0.48586544394493103,0.8764286339918751
34,8.497118949890137,0.656745433807373,0.4843026101589203,0.8764624219477084
34,8.519522666931152,0.6592525839805603,0.4827598035335541,0.876551357625802
34,8.54193115234375,0.6617254614830017,0.48123741149902344,0.8766931896499592
34,8.564346313476562,0.6641632914543152,0.47973576188087463,0.8768857939988521
34,8.58676528930664,0.6665651798248291,0.4782549738883972,0.8771272424979049
34,8.609189987182617,0.6689303517341614,0.4767952561378479,0.8774161596430194
34,8.631573677062988,0.6712537407875061,0.4753594994544983,0.8777514499945763
34,8.653854370117188,0.6735286712646484,0.4739515781402588,0.8781359400481403
34,8.676140785217285,0.6757659316062927,0.472564697265625,0.8785660232148762
34,8.69828987121582,0.6779511570930481,0.4712078273296356,0.8790367741640929
34,8.720315933227539,0.6800863742828369,0.46987980604171753,0.879559313810941
34,8.742218971252441,0.6821718811988831,0.46858054399490356,0.8801376204785495
34,8.763998031616211,0.6842080950737,0.4673098623752594,0.8807758037882331
34,8.785651206970215,0.6861956715583801,0.46606749296188354,0.881478057799915
34,8.807178497314453,0.6881350874900818,0.46485310792922974,0.8822479375879326
34,8.828582763671875,0.6900271773338318,0.4636662006378174,0.8830882104606799
34,8.849861145019531,0.6918727159500122,0.46250611543655396,0.8840006197044306
34,8.871017456054688,0.6936724781990051,0.46137210726737976,0.8849857951404941
34,8.892051696777344,0.695427417755127,0.46026328206062317,0.8860433663024965
34,8.912986755371094,0.6971399784088135,0.45917755365371704,0.8871728891030335
34,8.933846473693848,0.6988130211830139,0.4581127166748047,0.8883735598581805
34,8.954632759094238,0.700447142124176,0.457067608833313,0.8896389444692893
34,8.97539234161377,0.7020465731620789,0.4560389816761017,0.8909623381826008
34,8.996079444885254,0.7036082148551941,0.4550279378890991,0.892347103650549
34,9.016697883605957,0.7051330804824829,0.4540332853794098,0.8937893404464069
34,9.03731918334961,0.7066270112991333,0.4530504047870636,0.8952908599247856
34,9.057951927185059,0.7080909013748169,0.45207810401916504,0.8968485177334224
34,9.078597068786621,0.7095252275466919,0.45111536979675293,0.8984605008441265
34,9.099255561828613,0.7109304666519165,0.4501613974571228,0.9001258991515009
34,9.119929313659668,0.7123070955276489,0.4492153525352478,0.9018425882808688
34,9.140564918518066,0.7136520147323608,0.44827914237976074,0.9034971599285282
34,9.161219596862793,0.7149691581726074,0.4473498463630676,0.9052224023199137
34,9.18205738067627,0.7162684798240662,0.44641992449760437,0.9069941482447583
34,9.203310012817383,0.7175642848014832,0.4454789459705353,0.9088400189224267
34,9.224599838256836,0.718833327293396,0.4445435404777527,0.9107432367856655
34,9.245924949645996,0.7200758457183838,0.44361361861228943,0.9127100352038949
34,9.266889572143555,0.7212700843811035,0.4427063465118408,0.9146920702448277
34,9.287678718566895,0.7224282622337341,0.4418133795261383,0.9167199294465144
34,9.30849552154541,0.7235625386238098,0.44092580676078796,0.9188187324927045
34,9.329370498657227,0.7246747612953186,0.4400424063205719,0.9209117827828921
34,9.350227355957031,0.7257611155509949,0.4391665756702423,0.9229390836409808
34,9.37116527557373,0.726827085018158,0.4382941722869873,0.925039405787193
34,9.392132759094238,0.7278704047203064,0.43742722272872925,0.9272112412218689
34,9.413130760192871,0.7288916707038879,0.4365656077861786,0.9294540149501243
34,9.434158325195312,0.7298914194107056,0.4357092082500458,0.931766424385346
34,9.455216407775879,0.7308701276779175,0.43485787510871887,0.9341451635036763
34,9.47633171081543,0.7318295240402222,0.43401038646698,0.9365912138182123
34,9.497475624084473,0.7327685952186584,0.4331679046154022,0.9388841504144207
34,9.5186128616333,0.7336860299110413,0.4323318302631378,0.9412186910356808
34,9.539779663085938,0.7345839142799377,0.4315005838871002,0.9436138514688442
34,9.560975074768066,0.7354626655578613,0.4306740164756775,0.9460652371888115
34,9.582198143005371,0.7363227605819702,0.42985203862190247,0.9485687985397513
34,9.603449821472168,0.7371645569801331,0.429034560918808,0.9511206682343204
34,9.62472915649414,0.7379884719848633,0.42822158336639404,0.9537176467011783
34,9.646034240722656,0.7387948632240295,0.42741310596466064,0.9563569168729082
34,9.667366981506348,0.7395837903022766,0.4266091585159302,0.9588533727085595
34,9.688703536987305,0.7403546571731567,0.42581069469451904,0.9613770224087422
34,9.710066795349121,0.7411084771156311,0.4250167906284332,0.9639446778572947
34,9.731457710266113,0.7418455481529236,0.4242273271083832,0.9665515145465154
34,9.752875328063965,0.7425659894943237,0.42344221472740173,0.96919205505036
34,9.774319648742676,0.7432699203491211,0.42266130447387695,0.9718598613183187
34,9.79578971862793,0.7439574003219604,0.4218844175338745,0.9745480695112948
34,9.817285537719727,0.7446283102035522,0.4211113154888153,0.977249151742335
34,9.838807106018066,0.7452827095985413,0.420341819524765,0.9799555725134776
34,9.86035442352295,0.7459204196929932,0.41957569122314453,0.9826595506762427
34,9.881926536560059,0.7465412616729736,0.41881275177001953,0.9853533620154259
34,9.903523445129395,0.7471449375152588,0.4180528223514557,0.9880286052307732
34,9.925146102905273,0.7477313280105591,0.4172956943511963,0.9906747220999056
34,9.946775436401367,0.7482995390892029,0.4165419042110443,0.9932858409882903
34,9.968406677246094,0.7488490343093872,0.41579166054725647,0.9958630543626614
34,9.99003791809082,0.7493793964385986,0.4150450527667999,0.9983996735951091
34,10.011669158935547,0.749890148639679,0.41430220007896423,1.0008258158053196
34,10.03330135345459,0.7503806352615356,0.41356325149536133,1.003191359564587
34,10.054935455322266,0.7508503794670105,0.4128284454345703,1.0054999766803863
34,10.076568603515625,0.7512986660003662,0.41209813952445984,1.0077493891528018
34,10.0982027053833,0.7517249584197998,0.4113727807998657,1.009930554331322
34,10.119837760925293,0.752128541469574,0.41065284609794617,1.0120424824093481
34,10.141473770141602,0.7525087594985962,0.4099389314651489,1.0140907947771236
34,10.163116455078125,0.7528648972511292,0.40923142433166504,1.0160808438027211
34,10.184831619262695,0.7531971335411072,0.40852904319763184,1.0180214103405036
34,10.206870079040527,0.753507673740387,0.4078245759010315,1.019932485182621
34,10.229814529418945,0.7538018226623535,0.4071011543273926,1.0218533716631353
34,10.252760887145996,0.7540656924247742,0.4063888192176819,1.0236674662663607
34,10.277420997619629,0.7543152570724487,0.40563660860061646,1.0255416374359765
34,10.304316520690918,0.7545469999313354,0.40483349561691284,1.0275049739404574
34,10.33121395111084,0.7547364234924316,0.4040495753288269,1.0293375644737228
34,10.360093116760254,0.7548925876617432,0.40323060750961304,1.0312411016000624
34,10.390144348144531,0.7550035119056702,0.40240535140037537,1.0331075956672962
34,10.420197486877441,0.7550622224807739,0.40160882472991943,1.0348801164992059
34,10.45069694519043,0.7550694942474365,0.4008318781852722,1.0366184830397525
34,10.481295585632324,0.7550245523452759,0.40008485317230225,1.0382422181475566
34,10.511896133422852,0.7549280524253845,0.39937078952789307,1.0397861072414063
34,10.54250717163086,0.754780113697052,0.3986894488334656,1.0412152203386715
34,10.573118209838867,0.7545809149742126,0.3980412483215332,1.0424494641189492
34,10.603729248046875,0.7543303966522217,0.3974270820617676,1.04357850474559
34,10.6343412399292,0.7540284991264343,0.39684927463531494,1.044469279179549
34,10.664952278137207,0.7536753416061401,0.39630991220474243,1.0452459251692807
34,10.695564270019531,0.7532712817192078,0.3958132863044739,1.0459067569738623
34,10.726176261901855,0.7528165578842163,0.3953624963760376,1.046464716862841
34,10.75678825378418,0.7523115873336792,0.39496177434921265,1.0470031394135528
34,10.787400245666504,0.7517566680908203,0.39461442828178406,1.047540052864562
34,10.818011283874512,0.7511517405509949,0.3943220376968384,1.04809896077343
34,10.84862232208252,0.7504960894584656,0.39408519864082336,1.0486810857167121
34,10.879232406616211,0.749788761138916,0.39390283823013306,1.0492033164657588
34,10.90984058380127,0.749028205871582,0.39377361536026,1.049664456256179
34,10.940447807312012,0.7482126355171204,0.3936965763568878,1.0500012865455355
34,10.971054077148438,0.7473412156105042,0.3936719298362732,1.0501757129406322
34,11.001659393310547,0.7464129328727722,0.393701434135437,1.0502867514107197
34,11.032261848449707,0.7454277276992798,0.39378872513771057,1.0502387579718544
34,11.062862396240234,0.7443856596946716,0.3939371407032013,1.0502181900668248
34,11.093461036682129,0.7432871460914612,0.39415213465690613,1.0502256433967578
34,11.124055862426758,0.7421327233314514,0.3944360911846161,1.050371065445062
34,11.154648780822754,0.7409231066703796,0.39479175209999084,1.0506300021303565
34,11.1852388381958,0.7396596670150757,0.39521852135658264,1.0510795347898303
34,11.215825080871582,0.7383436560630798,0.3957153260707855,1.0516558757487118
34,11.246410369873047,0.7369774580001831,0.396278977394104,1.0523566722579676
34,11.276991844177246,0.7355633974075317,0.3969065845012665,1.0531829352713102
34,11.307577133178711,0.7341042160987854,0.3975945711135864,1.0540989072420137
34,11.338183403015137,0.7326034903526306,0.39833903312683105,1.0551024702287588
34,11.368786811828613,0.7310659289360046,0.3991360068321228,1.056205279984586
34,11.39944839477539,0.7294946908950806,0.3999812602996826,1.0573893220765864
34,11.430106163024902,0.7278971076011658,0.4008685350418091,1.0586082015021323
34,11.460887908935547,0.7262711524963379,0.401796817779541,1.059873104414171
34,11.4918851852417,0.7246170043945312,0.40276315808296204,1.0611657475318987
34,11.522879600524902,0.7229480743408203,0.4037568271160126,1.0621201002547942
34,11.559006690979004,0.7209850549697876,0.40493661165237427,1.0620692322117216
34,11.62460708618164,0.7173547148704529,0.4071143865585327,1.0606776086045497
34,11.690201759338379,0.7136378288269043,0.40935298800468445,1.0606310315428582
34,11.761995315551758,0.7093697786331177,0.4119548499584198,1.057924300587374
34,11.894155502319336,0.7005888819694519,0.4173984229564667,1.0523682999995922
34,12.026212692260742,0.6908150911331177,0.42361557483673096,1.052528981482344
34,12.063055038452148,0.6880122423171997,0.4254183769226074,1.0527875733916783
35,1.6891156435012817,0.3729172646999359,2.328622579574585,0.7835354475315842
35,1.8070369958877563,0.3730892539024353,2.295567512512207,0.7563778924190991
35,1.9258615970611572,0.3732876777648926,2.2659361362457275,0.7327225854226879
35,2.0457677841186523,0.3735194802284241,2.2410366535186768,0.7123867800227259
35,2.166717290878296,0.3737887144088745,2.2218618392944336,0.7027206067019263
35,2.2885234355926514,0.3740972578525543,2.209238290786743,0.700527550356082
35,2.4108333587646484,0.37443965673446655,2.2031850814819336,0.7095334770029846
35,2.5332977771759033,0.3748089075088501,2.2032296657562256,0.7273189433161991
35,2.6556663513183594,0.37519529461860657,2.2081329822540283,0.7497772911400002
35,2.777841091156006,0.37559351325035095,2.2166473865509033,0.7763736454043737
35,2.899813652038574,0.3760007917881012,2.22770094871521,0.8028135248346148
35,3.02164888381958,0.3764183223247528,2.2401862144470215,0.8286187987662068
35,3.1433892250061035,0.37684890627861023,2.253568649291992,0.8522009259254398
35,3.255660057067871,0.37726178765296936,2.266176223754883,0.8727855059958138
35,3.3773720264434814,0.3777316212654114,2.279813289642334,0.8917109647153266
35,3.484989643096924,0.3781698942184448,2.2916626930236816,0.9071314099260339
35,3.606771945953369,0.37869951128959656,2.3046529293060303,0.9221045755150553
35,3.728605031967163,0.37927016615867615,2.3171579837799072,0.934877675234189
35,3.8504745960235596,0.3798920810222626,2.3290963172912598,0.9464348248641655
35,3.972179889678955,0.38057270646095276,2.3404433727264404,0.955217143890321
35,4.093937397003174,0.3813220262527466,2.35121488571167,0.9632515551437254
35,4.214654445648193,0.3821459412574768,2.3613245487213135,0.9697765977196889
35,4.335415363311768,0.3830605745315552,2.3708925247192383,0.9748849185452692
35,4.452976226806641,0.38405394554138184,2.379707098007202,0.9791524303518341
35,4.564242839813232,0.38510361313819885,2.387627124786377,0.9819400795434966
35,4.675534725189209,0.3862736225128174,2.3951656818389893,0.9839977303081898
35,4.778390407562256,0.38747987151145935,2.401820659637451,0.9852848193515299
35,4.873384952545166,0.38871556520462036,2.407724142074585,0.9857794991320726
35,4.968390464782715,0.39008307456970215,2.413414478302002,0.9855902994572572
35,5.058220386505127,0.39151328802108765,2.4186160564422607,0.9848582656055156
35,5.145626068115234,0.39305147528648376,2.42352557182312,0.9836121063728768
35,5.232252597808838,0.39473891258239746,2.4282565116882324,0.9818444889235471
35,5.318726539611816,0.39661046862602234,2.4328575134277344,0.9795184012737822
35,5.4064459800720215,0.39873170852661133,2.4374122619628906,0.9765375349701871
35,5.498086452484131,0.4012256860733032,2.4420647621154785,0.9726430572233976
35,5.589722156524658,0.4040479063987732,2.446622848510742,0.9679219188693857
35,5.685368537902832,0.4074057936668396,2.451289176940918,0.9621694129746564
35,5.784666538238525,0.4114311933517456,2.4560320377349854,0.9552340534781746
35,5.887077808380127,0.4162960946559906,2.460794448852539,0.9469824314989846
35,5.991901874542236,0.42222511768341064,2.465496778488159,0.936669144429544
35,6.096659183502197,0.4293704032897949,2.469970226287842,0.9249174375536349
35,6.181469917297363,0.43630504608154297,2.4733712673187256,0.9148307316956591
35,6.288337230682373,0.4470047950744629,2.4772469997406006,0.9016529965146116
35,6.394905090332031,0.46051719784736633,2.480473518371582,0.8887523411961954
35,6.5017170906066895,0.47775161266326904,2.4828038215637207,0.8803083232644413
35,6.606845378875732,0.4994050860404968,2.483853340148926,0.882410404067424
35,6.710319519042969,0.5262079834938049,2.4834444522857666,0.9027152213440428
35,6.76754903793335,0.5433682799339294,2.4826977252960205,0.9255578784567837
35,6.796079158782959,0.552446722984314,2.482243061065674,0.941028039417468
35,6.821448802947998,0.5607553720474243,2.481804370880127,0.956445745629118
35,6.846490859985352,0.569131076335907,2.4813473224639893,0.9732694038686652
35,6.871285438537598,0.577544093132019,2.480888605117798,0.9917639301348458
35,6.896178245544434,0.5860620737075806,2.4804391860961914,1.0113222951926124
35,6.920909404754639,0.5945357084274292,2.4800288677215576,1.0316480269532258
35,6.945522308349609,0.6029139757156372,2.479684829711914,1.0523466980509644
35,6.970172882080078,0.6111966967582703,2.479423761367798,1.073423947378001
35,6.994748592376709,0.6192901134490967,2.47926664352417,1.094436732185829
35,7.01943302154541,0.6271966099739075,2.479231357574463,1.115382997253279
35,7.044416904449463,0.6349329352378845,2.479330539703369,1.1365434611739755
35,7.069399356842041,0.6423609852790833,2.47957706451416,1.1567227199621661
35,7.0944437980651855,0.6494573354721069,2.479979991912842,1.1755686927302054
35,7.11895227432251,0.6560308933258057,2.480531930923462,1.1939562894128024
35,7.143570423126221,0.6622446775436401,2.4812488555908203,1.2111054087872146
35,7.168139934539795,0.6680309772491455,2.482128858566284,1.2266052837423387
35,7.192779064178467,0.6733969449996948,2.4831748008728027,1.2404377495840437
35,7.21735954284668,0.6782994270324707,2.484379529953003,1.2533173455144828
35,7.242191791534424,0.6827871203422546,2.4857633113861084,1.2645712323977
35,7.266956329345703,0.6867865920066833,2.487307548522949,1.2737350589113146
35,7.291645050048828,0.6902942061424255,2.4890058040618896,1.2808318892762913
35,7.316249847412109,0.6933103203773499,2.4908509254455566,1.2859143823757089
35,7.340762615203857,0.6958395838737488,2.4928364753723145,1.28904762434016
35,7.365176200866699,0.6978905200958252,2.4949560165405273,1.2903032670572372
35,7.38948392868042,0.699474573135376,2.4972031116485596,1.289744783086046
35,7.413814544677734,0.7006124258041382,2.4995856285095215,1.2875781475901142
35,7.438229560852051,0.7013121843338013,2.5021095275878906,1.2837450848351664
35,7.462528228759766,0.7015805840492249,2.5047504901885986,1.2782647254906656
35,7.4867072105407715,0.7014371156692505,2.507503032684326,1.2712445619787647
35,7.510866641998291,0.7008996605873108,2.510374069213867,1.262742628422192
35,7.534900188446045,0.6999906897544861,2.5133461952209473,1.2531133614552254
35,7.558743476867676,0.6987389326095581,2.5164055824279785,1.2426875965716897
35,7.582464694976807,0.697165846824646,2.519554615020752,1.2314197316338618
35,7.606067180633545,0.695297122001648,2.52278733253479,1.2194087728682734
35,7.629556655883789,0.6931568384170532,2.526096820831299,1.2066866915424252
35,7.652939319610596,0.690769612789154,2.529475688934326,1.1934583733417794
35,7.67642879486084,0.688141405582428,2.532942771911621,1.1796526815144244
35,7.699743747711182,0.6853301525115967,2.5364432334899902,1.1652137038070014
35,7.723064422607422,0.682341456413269,2.53999400138855,1.1505626651597693
35,7.746234893798828,0.6792205572128296,2.543571710586548,1.1356935239567825
35,7.7693963050842285,0.6759473085403442,2.5472099781036377,1.1203448799816729
35,7.792513847351074,0.6724566221237183,2.550922393798828,1.1051426273603602
35,7.815456390380859,0.668582558631897,2.554718017578125,1.0906512422373742
35,7.838187217712402,0.6639715433120728,2.558663845062256,1.0797361775797583
35,7.8605217933654785,0.6580624580383301,2.562887668609619,1.0767966393686048
35,7.88216495513916,0.6502896547317505,2.5674970149993896,1.0817881358539192
35,7.898881435394287,0.6427302956581116,2.571368932723999,1.0872143346919567
35,7.9190168380737305,0.6322954297065735,2.5761146545410156,1.0832347922048984
35,7.938907146453857,0.6212640404701233,2.5805368423461914,1.0634819018942752
35,7.958784103393555,0.6102664470672607,2.5842506885528564,1.0314740135813347
35,7.979156970977783,0.5995705127716064,2.5870020389556885,0.9976553263502287
35,7.999865531921387,0.5893425345420837,2.58890962600708,0.9689110046341908
35,8.020788192749023,0.5793786644935608,2.5903494358062744,0.9471768868931615
35,8.041740417480469,0.5694546103477478,2.591641664505005,0.9298862310350555
35,8.062785148620605,0.5593275427818298,2.5929625034332275,0.914683393533814
35,8.083697319030762,0.5489864945411682,2.594370126724243,0.9015598946239964
35,8.104304313659668,0.5384075045585632,2.5958712100982666,0.890153377309268
35,8.124687194824219,0.5274439454078674,2.597451686859131,0.8805448785966777
35,8.144804954528809,0.5160337090492249,2.599050521850586,0.8718471121495975
35,8.164535522460938,0.504203736782074,2.600569009780884,0.8633514563050216
35,8.184089660644531,0.4918445944786072,2.6019160747528076,0.854228838853997
35,8.203277587890625,0.47913792729377747,2.6029646396636963,0.8443812149424633
35,8.222237586975098,0.46609368920326233,2.603638172149658,0.8332583520600989
35,8.24093246459961,0.4528456926345825,2.603867769241333,0.821035876703393
35,8.259478569030762,0.43941497802734375,2.6036248207092285,0.808077587702692
35,8.27786636352539,0.42590004205703735,2.6029090881347656,0.7951992807152314
35,8.29626178741455,0.41221749782562256,2.601755142211914,0.7825501769058758
35,8.31446361541748,0.39850860834121704,2.600238561630249,0.7713133418762733
35,8.332472801208496,0.3847331702709198,2.598435163497925,0.7612447675975759
35,8.350308418273926,0.37079551815986633,2.5964155197143555,0.7523115915638462
35,8.3678617477417,0.3567019999027252,2.5942344665527344,0.744324311699996
35,8.385065078735352,0.34244778752326965,2.591918468475342,0.7370715737507159
35,8.402055740356445,0.3278767764568329,2.589442729949951,0.7301220584081337
35,8.418745994567871,0.3130371570587158,2.5867979526519775,0.7233069867370618
35,8.435065269470215,0.29799124598503113,2.5839695930480957,0.7165779317610215
35,8.451041221618652,0.28272873163223267,2.580932140350342,0.7098564051174543
35,8.466696739196777,0.26724234223365784,2.5776641368865967,0.7031349457419519
35,8.48193073272705,0.2516598105430603,2.57417893409729,0.6965603596878968
35,8.496878623962402,0.23585902154445648,2.570446729660034,0.6902356460320557
35,8.511463165283203,0.21993446350097656,2.566490888595581,0.6842177095241101
35,8.525681495666504,0.20389926433563232,2.5623230934143066,0.6785844890626199
35,8.539609909057617,0.18766869604587555,2.5579326152801514,0.6734129133470673
35,8.55316162109375,0.17133879661560059,2.553356885910034,0.6686385037740503
35,8.566330909729004,0.15491610765457153,2.5486111640930176,0.6643282999432492
35,8.579153060913086,0.13835203647613525,2.543691873550415,0.6603472200833865
35,8.591582298278809,0.12170489132404327,2.538623809814453,0.6567068444787629
35,8.603611946105957,0.10498400777578354,2.5334153175354004,0.6534053835141636
35,8.615312576293945,0.08808507770299911,2.5280356407165527,0.6504325666684603
35,8.62682819366455,0.07078048586845398,2.5224084854125977,0.6476563344381342
35,8.637978553771973,0.05333457142114639,2.516613245010376,0.644838729713842
35,8.64853286743164,0.03613949567079544,2.5107779502868652,0.6422718746758829
35,8.658719062805176,0.018855778500437737,2.5047850608825684,0.6397224307576007
35,8.668680191040039,0.001246813451871276,2.4985415935516357,0.6371220842182016
35,8.678299903869629,-0.016482695937156677,2.492108106613159,0.634340577966445
35,8.687361717224121,-0.0338759645819664,2.4856414794921875,0.6314517075599168
35,8.696142196655273,-0.05140863358974457,2.4789562225341797,0.6283318422837102
35,8.704608917236328,-0.0689949244260788,2.472069025039673,0.6247840762700957
35,8.71277904510498,-0.08663420379161835,2.4649627208709717,0.6208259891292518
35,8.720669746398926,-0.1043139100074768,2.4576222896575928,0.6164132433386134
35,8.728310585021973,-0.12206821888685226,2.4500136375427246,0.6114335681591027
35,8.735652923583984,-0.1397549957036972,2.442178726196289,0.6058817169796322
35,8.742741584777832,-0.157430037856102,2.434070587158203,0.5997940074197251
35,8.749604225158691,-0.1751268357038498,2.4256505966186523,0.5930786916130713
35,8.756229400634766,-0.1927851140499115,2.416921854019165,0.5856392347436712
35,8.762600898742676,-0.2103034108877182,2.407905340194702,0.5776208397062581
35,8.768774032592773,-0.22777341306209564,2.398521900177002,0.5689468142960252
35,8.774758338928223,-0.24517981708049774,2.3887431621551514,0.5595675112161025
35,8.78053092956543,-0.2623666226863861,2.378613233566284,0.5495850035570702
35,8.786141395568848,-0.2794189453125,2.368041753768921,0.5390644531071946
35,8.791592597961426,-0.29624584317207336,2.357032537460327,0.5280572890531736
35,8.796899795532227,-0.3127991855144501,2.345562696456909,0.5165374633705156
35,8.802104949951172,-0.32909780740737915,2.3335564136505127,0.5048190027541952
35,8.807214736938477,-0.34503111243247986,2.3210275173187256,0.4928168644849822
35,8.812249183654785,-0.36053720116615295,2.307953119277954,0.4808318861976841
35,8.817240715026855,-0.3755612373352051,2.294306755065918,0.4690318923701612
35,8.82221508026123,-0.3900361657142639,2.2800726890563965,0.4574787377927033
35,8.827199935913086,-0.4038929343223572,2.265239715576172,0.44650577862155894
35,8.832232475280762,-0.41706225275993347,2.2498013973236084,0.4361225404726765
35,8.837334632873535,-0.4294676184654236,2.2337679862976074,0.42664235410894974
35,8.842544555664062,-0.4410439729690552,2.217150926589966,0.41808789069686253
35,8.847865104675293,-0.45169270038604736,2.200040340423584,0.41068992534436394
35,8.853351593017578,-0.4614357054233551,2.182361364364624,0.4043839945178164
35,8.858979225158691,-0.47017306089401245,2.16428279876709,0.3992577983910735
35,8.864744186401367,-0.47790035605430603,2.1458613872528076,0.39522776406286547
35,8.870665550231934,-0.48466527462005615,2.1270663738250732,0.3920695523539169
35,8.876707077026367,-0.4904699921607971,2.1079986095428467,0.38975252030348767
35,8.882861137390137,-0.49535608291625977,2.0886666774749756,0.3880806784622222
35,8.88910961151123,-0.49935343861579895,2.069124698638916,0.38691267750805475
35,8.895440101623535,-0.5024989247322083,2.049410820007324,0.3860517035761266
35,8.901811599731445,-0.5048342943191528,2.02962589263916,0.3853513255469273
35,8.908218383789062,-0.5064107775688171,2.0097768306732178,0.38487627355695075
35,8.914687156677246,-0.5072752237319946,1.9897724390029907,0.38442330178606643
35,8.921165466308594,-0.5074673891067505,1.9697539806365967,0.38401786072003224
35,8.927644729614258,-0.5070344805717468,1.9497331380844116,0.383551343794676
35,8.934111595153809,-0.5060214400291443,1.9297285079956055,0.3830497098956836
35,8.940561294555664,-0.5044708847999573,1.9097468852996826,0.3823952492483448
35,8.94698429107666,-0.502422571182251,1.8898035287857056,0.38165035823616894
35,8.953377723693848,-0.4999147355556488,1.8698978424072266,0.3808293100499646
35,8.959718704223633,-0.49699389934539795,1.8500903844833374,0.3796935044473887
35,8.966025352478027,-0.4936888813972473,1.8303260803222656,0.37848098329927643
35,8.972294807434082,-0.4900319278240204,1.8106062412261963,0.37711297134860494
35,8.978528022766113,-0.4860513210296631,1.7909343242645264,0.37565047304300375
35,8.984725952148438,-0.4817749559879303,1.7713079452514648,0.37416412113678726
35,8.99089527130127,-0.477228581905365,1.751721739768982,0.37263517105325045
35,8.99703598022461,-0.47243890166282654,1.7321786880493164,0.37092039242235414
35,9.00313663482666,-0.46744900941848755,1.712728500366211,0.36896597409531473
35,9.00921630859375,-0.4622667729854584,1.6933141946792603,0.36697295667978114
35,9.01528263092041,-0.4569142758846283,1.6739354133605957,0.3650337086300725
35,9.021340370178223,-0.4514129161834717,1.6545895338058472,0.36313724291993427
35,9.027400016784668,-0.44578084349632263,1.6352652311325073,0.36096351194687665
35,9.03345012664795,-0.44005879759788513,1.61601722240448,0.3586772590050661
35,9.039512634277344,-0.43425053358078003,1.5967987775802612,0.3564269242353301
35,9.045598983764648,-0.42836815118789673,1.5775909423828125,0.3542618756125022
35,9.051716804504395,-0.422432541847229,1.55840265750885,0.35199979865436876
35,9.057859420776367,-0.4164787828922272,1.5392792224884033,0.34953501346188387
35,9.064056396484375,-0.4105042815208435,1.5201631784439087,0.3470780359954264
35,9.070311546325684,-0.40452510118484497,1.5010610818862915,0.3447221560214953
35,9.076642036437988,-0.39855167269706726,1.4819575548171997,0.3423217991786097
35,9.08304214477539,-0.39261943101882935,1.4629117250442505,0.3397027840793217
35,9.08953857421875,-0.38672953844070435,1.4438791275024414,0.33711881512841807
35,9.096147537231445,-0.38088908791542053,1.4248491525650024,0.3345591751936022
35,9.102876663208008,-0.3751138746738434,1.4058343172073364,0.3320946502454614
35,9.109742164611816,-0.3694190979003906,1.3868372440338135,0.3293176994965209
35,9.116753578186035,-0.3638257086277008,1.3678858280181885,0.3266240265687093
35,9.123933792114258,-0.35833775997161865,1.3489595651626587,0.32393859461005087
35,9.131301879882812,-0.3529612123966217,1.3300483226776123,0.3213094365451116
35,9.13886833190918,-0.34771329164505005,1.311172604560852,0.3186379220020766
35,9.14664077758789,-0.3426196575164795,1.2923810482025146,0.31587794798997787
35,9.154664039611816,-0.3376752436161041,1.2736198902130127,0.3131839805306942
35,9.162942886352539,-0.33289822936058044,1.2549268007278442,0.3105559226135609
35,9.171512603759766,-0.32829275727272034,1.2362853288650513,0.30809722173925036
35,9.180639266967773,-0.32375970482826233,1.217224359512329,0.305685113175748
35,9.190572738647461,-0.31923165917396545,1.1973251104354858,0.30293480261318695
35,9.200894355773926,-0.31495505571365356,1.1775684356689453,0.30054471558416734
35,9.21155834197998,-0.31097111105918884,1.1581223011016846,0.2984238334786685
35,9.222641944885254,-0.3072678744792938,1.138911247253418,0.2965821993370791
35,9.234180450439453,-0.3038504123687744,1.1199321746826172,0.29507232931251826
35,9.246173858642578,-0.3007335066795349,1.101243019104004,0.2939051270231534
35,9.258666038513184,-0.29791948199272156,1.0828346014022827,0.2930910797511475
35,9.271672248840332,-0.29542192816734314,1.0647592544555664,0.29269046672156507
35,9.285201072692871,-0.2932470142841339,1.0470507144927979,0.2928001512242053
35,9.299247741699219,-0.29139894247055054,1.0297529697418213,0.29349890266961365
35,9.313822746276855,-0.2898782193660736,1.0128865242004395,0.2947461760117579
35,9.328903198242188,-0.2886860966682434,0.9965074062347412,0.2965433904696118
35,9.344491004943848,-0.2878167927265167,0.9806288480758667,0.2990819581345868
35,9.360577583312988,-0.2872639000415802,0.965267539024353,0.3021781261465487
35,9.377128601074219,-0.2870192229747772,0.9504675269126892,0.3058762090536314
35,9.394133567810059,-0.28707054257392883,0.9362284541130066,0.3103185923062462
35,9.411574363708496,-0.2874051034450531,0.9225600957870483,0.31517932598144344
35,9.429405212402344,-0.28800687193870544,0.9094851613044739,0.32083990727416367
35,9.447608947753906,-0.2888604402542114,0.8969917297363281,0.32686834501842144
35,9.466145515441895,-0.2899465560913086,0.8850906491279602,0.3335378341333742
35,9.48499584197998,-0.2912497818470001,0.8737614154815674,0.34053687963282214
35,9.504122734069824,-0.2927491068840027,0.8630061745643616,0.34809253702757237
35,9.523506164550781,-0.29443007707595825,0.852800190448761,0.35580060914943273
35,9.543132781982422,-0.2962738573551178,0.8431277275085449,0.3641113038969288
35,9.562968254089355,-0.2982639670372009,0.8339747190475464,0.3723902116071125
35,9.582988739013672,-0.3003852367401123,0.825321614742279,0.3811619330469375
35,9.60315227508545,-0.30261465907096863,0.8171660900115967,0.39007726703104895
35,9.623464584350586,-0.3049432337284088,0.8094736337661743,0.3989147693309019
35,9.643898963928223,-0.3073532283306122,0.8022254109382629,0.4082333924883971
35,9.664449691772461,-0.3098306953907013,0.7953949570655823,0.41739912087653464
35,9.685097694396973,-0.3123677670955658,0.7889555096626282,0.4264118363689117
35,9.705829620361328,-0.31495583057403564,0.7828822731971741,0.43560686774486296
35,9.726632118225098,-0.31758397817611694,0.7771525382995605,0.444709205506502
35,9.747512817382812,-0.3202519416809082,0.7717381715774536,0.4536061543880442
35,9.76844596862793,-0.32295507192611694,0.7666242718696594,0.46229825101749417
35,9.789422035217285,-0.32568997144699097,0.7617931962013245,0.471004774127626
35,9.810437202453613,-0.32844868302345276,0.7572312355041504,0.479748984397339
35,9.831487655639648,-0.3312286138534546,0.7529240250587463,0.48828658946426257
35,9.852577209472656,-0.33402878046035767,0.748856246471405,0.4966290999458175
35,9.873697280883789,-0.33684661984443665,0.7450170516967773,0.5048151429354739
35,9.894853591918945,-0.33968132734298706,0.7413944005966187,0.5128420989387957
35,9.91604232788086,-0.34253010153770447,0.7379785776138306,0.5208065164200326
35,9.937260627746582,-0.34538793563842773,0.7347599864006042,0.5286732517628168
35,9.958505630493164,-0.3482525646686554,0.7317306995391846,0.5363838817518094
35,9.979776382446289,-0.35112202167510986,0.7288833856582642,0.5440071623609422
35,10.001068115234375,-0.35399264097213745,0.7262129187583923,0.5515806405906722
35,10.022381782531738,-0.3568621575832367,0.7237128615379333,0.5590117887879318
35,10.04371452331543,-0.3597286343574524,0.7213770747184753,0.5663030273204809
35,10.065064430236816,-0.36259016394615173,0.7191995978355408,0.5734576186309773
35,10.086429595947266,-0.3654448091983795,0.7171750664710999,0.5804783132163754
35,10.107810974121094,-0.3682907223701477,0.7152982354164124,0.5873687513591653
35,10.129204750061035,-0.3711252510547638,0.7135640382766724,0.5941786871687629
35,10.150618553161621,-0.37394630908966064,0.7119668126106262,0.6008733046743814
35,10.172113418579102,-0.37675973773002625,0.710498571395874,0.6075678400306527
35,10.193620681762695,-0.3795526921749115,0.709161102771759,0.6142078738480689
35,10.215457916259766,-0.3823643922805786,0.7079331278800964,0.6208224954999408
35,10.238203048706055,-0.38526540994644165,0.706788182258606,0.6275624079226383
35,10.26265811920166,-0.3883519470691681,0.7057034373283386,0.6346301051997696
35,10.287123680114746,-0.3914049565792084,0.7047632932662964,0.6415072028369373
35,10.313817024230957,-0.39469513297080994,0.7038958072662354,0.648830912422356
35,10.342486381530762,-0.3981800079345703,0.703140139579773,0.6564952475599489
35,10.371167182922363,-0.4016132056713104,0.7025587558746338,0.664052639904809
35,10.401021003723145,-0.4051261246204376,0.7021309733390808,0.671809860236317
35,10.431327819824219,-0.4086264371871948,0.7018736600875854,0.6795140433940519
35,10.46164321899414,-0.41205981373786926,0.7017871141433716,0.6870394593856759
35,10.492064476013184,-0.4154354929924011,0.7018646597862244,0.6944218242876208
35,10.522493362426758,-0.4187408685684204,0.7020998597145081,0.701642145417928
35,10.552937507629395,-0.4219759404659271,0.7024862170219421,0.7087039611812332
35,10.583388328552246,-0.4251386523246765,0.703016996383667,0.7156253301639184
35,10.613842964172363,-0.4282270073890686,0.7036849856376648,0.7224877795737433
35,10.644302368164062,-0.43123936653137207,0.7044829726219177,0.729208489816134
35,10.674765586853027,-0.4341757893562317,0.7054048776626587,0.7358027487646298
35,10.705232620239258,-0.4370364248752594,0.706444501876831,0.7422651886606559
35,10.735702514648438,-0.4398215115070343,0.7075956463813782,0.748616626993654
35,10.766175270080566,-0.4425315260887146,0.7088527083396912,0.7548568444388749
35,10.796649932861328,-0.44516700506210327,0.7102095484733582,0.7609885775808368
35,10.827127456665039,-0.4477286636829376,0.711660623550415,0.7670409061850639
35,10.857605934143066,-0.45021727681159973,0.7132002711296082,0.7729988668436396
35,10.88808536529541,-0.4526329040527344,0.714821457862854,0.7789155648573289
35,10.918566703796387,-0.45497554540634155,0.7165186405181885,0.784737408909116
35,10.949049949645996,-0.45724549889564514,0.7182854413986206,0.7904676463078657
35,10.979535102844238,-0.4594440162181854,0.7201169729232788,0.7961649842025317
35,11.01002025604248,-0.461572527885437,0.7220081686973572,0.8017888421766388
35,11.040508270263672,-0.46363240480422974,0.7239538431167603,0.8073733434164438
35,11.070996284484863,-0.46562516689300537,0.7259501218795776,0.8129373529396321
35,11.101486206054688,-0.4675523340702057,0.7279922962188721,0.818447622625108
35,11.131977081298828,-0.4694153964519501,0.7300765514373779,0.8239981481922846
35,11.162467956542969,-0.4712159335613251,0.7321993112564087,0.8295270576261887
35,11.192961692810059,-0.4729554355144501,0.7343565821647644,0.8350681333774159
35,11.223456382751465,-0.4746352732181549,0.7365449666976929,0.8406698684736351
35,11.253952980041504,-0.4762565791606903,0.7387605309486389,0.8462644043388658
35,11.284460067749023,-0.4778206944465637,0.7410001158714294,0.8519243076087251
35,11.314967155456543,-0.47932755947113037,0.7432604432106018,0.8575524158029314
35,11.345501899719238,-0.4807787239551544,0.7455413937568665,0.8632053951660675
35,11.376036643981934,-0.4821743667125702,0.7478398084640503,0.8689698302125224
35,11.406638145446777,-0.48351866006851196,0.7501598000526428,0.8747325541017954
35,11.43738079071045,-0.4848144054412842,0.752507746219635,0.8805460695303378
35,11.468123435974121,-0.4860563576221466,0.7548732161521912,0.8865326564886501
35,11.499116897583008,-0.48725625872612,0.757277250289917,0.8926940892013936
35,11.530110359191895,-0.48840537667274475,0.7597002387046814,0.8988640433298329
35,11.566396713256836,-0.4896874725818634,0.7625612020492554,0.9057190948027023
35,11.632145881652832,-0.49181675910949707,0.7678027153015137,0.9182933886981487
35,11.697896003723145,-0.4937080442905426,0.7731120586395264,0.9312709207645173
35,11.763638496398926,-0.4954468607902527,0.7785698771476746,0.943941796262359
35,11.892887115478516,-0.49887821078300476,0.7903409600257874,0.9697235685961298
35,12.013147354125977,-0.5019233822822571,0.8023989200592041,0.9957713508026711
36,1.2252066135406494,0.16617225110530853,1.7150169610977173,0.8726473569557394
36,1.2663668394088745,0.16616669297218323,1.6888490915298462,0.8592985097161409
36,1.3678739070892334,0.16613788902759552,1.620595932006836,0.8215528549326324
36,1.466012954711914,0.16607655584812164,1.5475956201553345,0.7840415879584287
36,1.5594093799591064,0.16596658527851105,1.4684600830078125,0.7401874803554368
36,1.6447854042053223,0.16577109694480896,1.3807950019836426,0.7081812014471802
36,1.6827642917633057,0.1656230092048645,1.3329620361328125,0.6882546786590418
36,1.7449686527252197,0.1651708334684372,1.2277159690856934,0.6834287160991663
36,1.783206820487976,0.16440144181251526,1.1116091012954712,0.7630719958325551
36,1.8040313720703125,0.1632215827703476,0.9909590482711792,0.9076130070454543
36,1.8296705484390259,0.16163378953933716,0.871347963809967,1.0295176547789826
36,1.8848786354064941,0.1597340703010559,0.7631319761276245,1.0372842425251518
36,1.921132206916809,0.1589798480272293,0.7307264804840088,1.024486721799897
36,1.962935209274292,0.15824274718761444,0.7085636258125305,1.0225324380957501
36,2.0182266235351562,0.15736018121242523,0.6959889531135559,1.0418847954530954
36,2.103740692138672,0.15637168288230896,0.7051712274551392,1.172394202559836
36,2.18929386138916,0.15652279555797577,0.740321934223175,1.391633784121571
36,2.292271375656128,0.15811020135879517,0.8064202070236206,1.5118071913065787
36,2.389620065689087,0.16067267954349518,0.880579948425293,1.4164625510820927
36,2.472592830657959,0.16377367079257965,0.9702526926994324,1.1666214843291194
36,2.494121789932251,0.1647733598947525,1.002017855644226,1.0602057637945905
36,2.510112762451172,0.1655968725681305,1.030124306678772,0.9740861927173667
36,2.5220894813537598,0.1662706434726715,1.0547927618026733,0.9208050127471489
36,2.575218439102173,0.16889655590057373,1.1651051044464111,0.7656707385274227
36,2.629865884780884,0.17059026658535004,1.2490595579147339,0.7376653498790913
36,2.6578457355499268,0.17120881378650665,1.2822991609573364,0.7448427347768983
36,2.7489068508148193,0.17255888879299164,1.3639044761657715,0.7664172767011368
36,2.851548194885254,0.17345106601715088,1.4305781126022339,0.8206314560221809
36,2.960686683654785,0.17404629290103912,1.486056923866272,0.8568179456045447
36,3.073796033859253,0.1744556874036789,1.5329710245132446,0.894353245846975
36,3.1894288063049316,0.17477180063724518,1.5732916593551636,0.9211467295830111
36,3.306774854660034,0.17503736913204193,1.608331322669983,0.9440997788182584
36,3.425328254699707,0.17528751492500305,1.639050841331482,0.9622062511493378
36,3.5447592735290527,0.17553594708442688,1.6661659479141235,0.975849347673391
36,3.664842128753662,0.17579638957977295,1.690234899520874,0.9882756819113936
36,3.7853927612304688,0.17607928812503815,1.7117315530776978,0.9961275382289253
36,3.906320095062256,0.1763918548822403,1.7309998273849487,1.0029443562602434
36,4.027315139770508,0.17674311995506287,1.7483572959899902,1.0083190049573967
36,4.1485371589660645,0.17713922262191772,1.7640506029129028,1.0117455420344668
36,4.268851280212402,0.17758457362651825,1.778184413909912,1.0146083009911293
36,4.386073589324951,0.1780780851840973,1.7907482385635376,1.0158898775904412
36,4.50340461730957,0.17863869667053223,1.8022509813308716,1.0165245607838114
36,4.614504814147949,0.1792425960302353,1.8122713565826416,1.0166386711511597
36,4.717222690582275,0.17987339198589325,1.820853352546692,1.0158399783077252
36,4.819987773895264,0.18058329820632935,1.8288415670394897,1.014626105776794
36,4.914920330047607,0.18131953477859497,1.8357384204864502,1.01305275898882
36,5.00469970703125,0.18209616839885712,1.8418676853179932,1.0111361119408642
36,5.092072010040283,0.1829366534948349,1.8474907875061035,1.0088274210649781
36,5.179462909698486,0.18387152254581451,1.8527982234954834,1.0060803554485143
36,5.266086578369141,0.1849040538072586,1.8577619791030884,1.0029145555649432
36,5.35259485244751,0.18605667352676392,1.8624341487884521,0.9992910959177107
36,5.4411492347717285,0.18738119304180145,1.8669308423995972,0.9951100844101034
36,5.533640384674072,0.1889444887638092,1.8713266849517822,0.9902241591452865
36,5.629907608032227,0.19079983234405518,1.875576376914978,0.9844528311452316
36,5.726183891296387,0.192929208278656,1.8794834613800049,0.9777353857936537
36,5.825888156890869,0.195476695895195,1.8831418752670288,0.9700114866342859
36,5.928511619567871,0.19854286313056946,1.8864398002624512,0.9612075903515412
36,6.033401012420654,0.202249675989151,1.8892353773117065,0.9512862263279568
36,6.139777660369873,0.2067495435476303,1.8913609981536865,0.9398305277416946
36,6.246124744415283,0.21217963099479675,1.8926355838775635,0.927273077555747
36,6.353047847747803,0.21884097158908844,1.8928815126419067,0.9139368320331169
36,6.460320472717285,0.22708851099014282,1.8918784856796265,0.9003422611172006
36,6.5664262771606445,0.2372821867465973,1.8893860578536987,0.8876362402270265
36,6.671422481536865,0.24985946714878082,1.8854252099990845,0.8769913132872316
36,6.775920867919922,0.2656266689300537,1.8800041675567627,0.8705703932568131
36,6.802639007568359,0.27028071880340576,1.878428339958191,0.8697768530778455
36,6.828332424163818,0.27502214908599854,1.8768396377563477,0.8695453677561742
36,6.853770732879639,0.2799929082393646,1.8751872777938843,0.8698053068620477
36,6.878912448883057,0.2851937711238861,1.873476505279541,0.8706162208840514
36,6.904016494750977,0.290687620639801,1.871700406074524,0.8720379384564705
36,6.92918062210083,0.2965090572834015,1.869867205619812,0.8740938639525234
36,6.954104423522949,0.302593857049942,1.8680192232131958,0.8767402628162504
36,6.978618621826172,0.30889710783958435,1.8661887645721436,0.8799538097920606
36,7.002900123596191,0.31545907258987427,1.8643821477890015,0.8838450347507557
36,7.026942253112793,0.3222768306732178,1.8626192808151245,0.8884489456104245
36,7.050759315490723,0.32935282588005066,1.860918402671814,0.893669809883395
36,7.074605941772461,0.3367582857608795,1.8592811822891235,0.8995996358560525
36,7.098390579223633,0.34446588158607483,1.8577392101287842,0.9063424630665822
36,7.121725559234619,0.3523414731025696,1.8563421964645386,0.9136500026997569
36,7.144911289215088,0.36046308279037476,1.855094075202942,0.9214079254609595
36,7.167844772338867,0.3687802851200104,1.8540257215499878,0.929897674288704
36,7.19052791595459,0.37727662920951843,1.8531627655029297,0.9390185301578864
36,7.213101863861084,0.3859844505786896,1.8525221347808838,0.9485094055149943
36,7.235435485839844,0.3948324918746948,1.85213041305542,0.958768563739513
36,7.2576985359191895,0.4038652181625366,1.852007508277893,0.9696166893347786
36,7.279881954193115,0.41305384039878845,1.8521711826324463,0.9808964892413063
36,7.301848411560059,0.42231324315071106,1.852637767791748,0.9931252702708278
36,7.323609828948975,0.43161484599113464,1.8534159660339355,1.0056211128184434
36,7.34524393081665,0.4409564137458801,1.8545118570327759,1.018812608792159
36,7.366702556610107,0.4502750337123871,1.855924129486084,1.032964278856265
36,7.388306140899658,0.4596666991710663,1.8576687574386597,1.0469238943121129
36,7.409770965576172,0.468960702419281,1.8597108125686646,1.061608846727913
36,7.4311203956604,0.478109747171402,1.862026333808899,1.0763821262510955
36,7.452483177185059,0.48712119460105896,1.8645997047424316,1.090470534932054
36,7.473708629608154,0.49587467312812805,1.8673722743988037,1.1042970482635845
36,7.494874954223633,0.5043454170227051,1.8703070878982544,1.1167407808891816
36,7.516290664672852,0.5126155018806458,1.8734157085418701,1.1274052958225813
36,7.537684440612793,0.5205277800559998,1.876613974571228,1.135755392876991
36,7.559084415435791,0.5280487537384033,1.8798590898513794,1.1406308431102994
36,7.580671310424805,0.5352210998535156,1.8831573724746704,1.1413281918367622
36,7.602288722991943,0.54196697473526,1.8864649534225464,1.1377648822257074
36,7.623942852020264,0.5482762455940247,1.8897812366485596,1.129851738369499
36,7.6456298828125,0.5541577935218811,1.8931258916854858,1.1166231726592384
36,7.667582988739014,0.5596952438354492,1.896582841873169,1.0994860189432
36,7.689544677734375,0.5648510456085205,1.9001717567443848,1.0798292999124406
36,7.711457252502441,0.5696582794189453,1.9039682149887085,1.0589469902357627
36,7.7333245277404785,0.5741608142852783,1.9080694913864136,1.0379186823559667
36,7.755123615264893,0.5783933401107788,1.9125860929489136,1.0168735299877667
36,7.776979923248291,0.5824018120765686,1.917675256729126,0.9968381430553775
36,7.798692226409912,0.5861466526985168,1.9234168529510498,0.9786071851798004
36,7.820240497589111,0.5895789265632629,1.9299204349517822,0.9620123138488802
36,7.841562747955322,0.5926068425178528,1.937272310256958,0.9464446475874596
36,7.862588882446289,0.5950941443443298,1.9455180168151855,0.9312839363174943
36,7.883318901062012,0.5968807339668274,1.954634428024292,0.9157863380325587
36,7.903753757476807,0.5978289246559143,1.9645155668258667,0.8991702076604944
36,7.923903942108154,0.5978357195854187,1.9750077724456787,0.8808794547675156
36,7.943792819976807,0.5968392491340637,1.9859495162963867,0.8619851285326309
36,7.963443279266357,0.5948333740234375,1.9971777200698853,0.8428921593522956
36,7.982899188995361,0.5918423533439636,2.0085976123809814,0.8240625446031027
36,8.0021333694458,0.5879180431365967,2.0201332569122314,0.8068801433146823
36,8.02112102508545,0.5831159949302673,2.031749725341797,0.7911601636811648
36,8.039838790893555,0.5774996876716614,2.043464422225952,0.7769698949281381
36,8.058239936828613,0.5711020827293396,2.0553061962127686,0.7637582523999406
36,8.076168060302734,0.5639654994010925,2.067241907119751,0.7513076440648656
36,8.093677520751953,0.5560382008552551,2.079338312149048,0.7393767354807005
36,8.110705375671387,0.5472977757453918,2.0915451049804688,0.7274930374402641
36,8.127157211303711,0.5377202033996582,2.10380220413208,0.7148704960303628
36,8.14306926727295,0.5272279381752014,2.116100788116455,0.7027197314585897
36,8.158373832702637,0.515799343585968,2.1283607482910156,0.6897101375312106
36,8.172979354858398,0.5034552812576294,2.140476942062378,0.6772978833877654
36,8.1868896484375,0.49015897512435913,2.15242338180542,0.6646667017973505
36,8.200032234191895,0.4759487211704254,2.164113998413086,0.653040322736697
36,8.212384223937988,0.46082577109336853,2.175523281097412,0.6413914708477921
36,8.223895072937012,0.44483891129493713,2.1865899562835693,0.6309756619235521
36,8.234521865844727,0.42802363634109497,2.1972897052764893,0.6215460747678976
36,8.244232177734375,0.41043245792388916,2.207587718963623,0.6127993229605228
36,8.252988815307617,0.39209696650505066,2.2174646854400635,0.6056020270168258
36,8.260746002197266,0.3731083869934082,2.226893186569214,0.5995739538206546
36,8.267488479614258,0.35349905490875244,2.2358641624450684,0.594631255220339
36,8.273179054260254,0.3333476483821869,2.244349956512451,0.5908407447777915
36,8.277807235717773,0.3127271831035614,2.2523398399353027,0.5883888299955782
36,8.281353950500488,0.29170793294906616,2.259828567504883,0.5873169055278652
36,8.283811569213867,0.27036044001579285,2.2668087482452393,0.5874382427254549
36,8.285191535949707,0.24875643849372864,2.2732772827148438,0.5885420703477657
36,8.285506248474121,0.22696442902088165,2.2792351245880127,0.5906475293021647
36,8.284768104553223,0.20505033433437347,2.284686803817749,0.5937229779068225
36,8.282994270324707,0.18307723104953766,2.289640188217163,0.5977426179156587
36,8.280218124389648,0.16110342741012573,2.2941062450408936,0.602347605788326
36,8.276473999023438,0.13918177783489227,2.298098564147949,0.6077117452509833
36,8.271783828735352,0.11736416816711426,2.301635980606079,0.6138290375291247
36,8.2661771774292,0.09569692611694336,2.304736852645874,0.6205049611141344
36,8.259687423706055,0.07422081381082535,2.307417869567871,0.6276511116363124
36,8.252350807189941,0.052972011268138885,2.3096976280212402,0.63507383602373
36,8.244187355041504,0.03198970481753349,2.3115999698638916,0.6430290368060536
36,8.235223770141602,0.011306670494377613,2.313145399093628,0.6512718942948579
36,8.22549819946289,-0.009052123874425888,2.31435227394104,0.6598671161088714
36,8.215024948120117,-0.029053326696157455,2.3152434825897217,0.6689124003651309
36,8.203836441040039,-0.048674486577510834,2.3158373832702637,0.6780886257678137
36,8.191949844360352,-0.06788774579763412,2.3161540031433105,0.6876559257297776
36,8.179384231567383,-0.08666684478521347,2.316211462020874,0.6974363030993437
36,8.166162490844727,-0.10498850792646408,2.3160276412963867,0.7078925730927261
36,8.152300834655762,-0.12282802164554596,2.3156187534332275,0.7186072557028881
36,8.137812614440918,-0.1401551216840744,2.3150010108947754,0.7298909296716808
36,8.122715950012207,-0.1569468230009079,2.314188241958618,0.7418118685762816
36,8.107022285461426,-0.173172265291214,2.3131937980651855,0.7545255038239298
36,8.090749740600586,-0.1888052225112915,2.3120291233062744,0.7680006093473517
36,8.0739107131958,-0.20381373167037964,2.310704469680786,0.7825358036915424
36,8.056523323059082,-0.2181670218706131,2.309227466583252,0.7981543181275103
36,8.038604736328125,-0.23183563351631165,2.3076045513153076,0.8152114408876731
36,8.020177841186523,-0.24479228258132935,2.3058412075042725,0.8333938699593937
36,8.00126838684082,-0.2570115327835083,2.3039324283599854,0.8528574799442344
36,7.981903076171875,-0.2684705853462219,2.3018786907196045,0.8743314420021114
36,7.96211051940918,-0.2791440784931183,2.299673080444336,0.8978861853340435
36,7.941921710968018,-0.2890103757381439,2.2973082065582275,0.9235548197761663
36,7.921370983123779,-0.29805025458335876,2.2947640419006348,0.9519142046934054
36,7.900496482849121,-0.3062508702278137,2.2920150756835938,0.9828383339057383
36,7.879342555999756,-0.31360694766044617,2.289029598236084,1.0162065701887855
36,7.857956409454346,-0.32012465596199036,2.285759449005127,1.052389433123041
36,7.83638858795166,-0.3258093297481537,2.2821500301361084,1.0921354342511196
36,7.814690589904785,-0.3306644856929779,2.278132438659668,1.1357994937496145
36,7.792931079864502,-0.33470603823661804,2.2735815048217773,1.182404845029262
36,7.771214008331299,-0.33799344301223755,2.2682836055755615,1.2296274775872285
36,7.749576091766357,-0.34048813581466675,2.2622766494750977,1.2789468562421389
36,7.7279052734375,-0.34208476543426514,2.2560853958129883,1.3234756310813554
36,7.705955982208252,-0.3425816595554352,2.2507851123809814,1.3872802859965576
36,7.683572292327881,-0.34166839718818665,2.2480573654174805,1.5148547360111995
36,7.661132335662842,-0.33933666348457336,2.248857259750366,1.6808795608611613
36,7.646989345550537,-0.33729586005210876,2.2508544921875,1.7896384125253142
36,7.625133514404297,-0.3335844874382019,2.2552149295806885,1.8830798216300977
36,7.603485584259033,-0.3295038044452667,2.2602455615997314,1.8826577007488488
36,7.581854820251465,-0.3253230154514313,2.2652671337127686,1.7912110422651502
36,7.560075283050537,-0.32132554054260254,2.2697620391845703,1.6209888225711986
36,7.538019180297852,-0.3179115056991577,2.2732691764831543,1.401167300244353
36,7.5234198570251465,-0.3162303566932678,2.2748279571533203,1.2404819406272733
36,7.500918865203857,-0.31465521454811096,2.276066541671753,1.0316472958828578
36,7.478334903717041,-0.31398165225982666,2.2763633728027344,0.8979058765421114
36,7.458738803863525,-0.3133654296398163,2.2766976356506348,0.8253414641083245
36,7.441153526306152,-0.31221863627433777,2.2776777744293213,0.7809528856890364
36,7.418882846832275,-0.309617280960083,2.2803995609283447,0.7476074532877445
36,7.3971123695373535,-0.30582213401794434,2.285065174102783,0.7330995903499558
36,7.376035690307617,-0.30116555094718933,2.2917189598083496,0.7312491586006686
36,7.355762958526611,-0.2959924340248108,2.3002350330352783,0.7358303775050694
36,7.3363518714904785,-0.2905815541744232,2.310446262359619,0.7431478059524075
36,7.317823886871338,-0.2851477563381195,2.322174549102783,0.7544137425303188
36,7.300161838531494,-0.27980363368988037,2.335209369659424,0.7695436451699501
36,7.283351421356201,-0.2746277153491974,2.34938907623291,0.7835266893454659
36,7.267378807067871,-0.2696446478366852,2.3645715713500977,0.7989315958343458
36,7.252217769622803,-0.2648817300796509,2.3806796073913574,0.8178670321782452
36,7.237810134887695,-0.26031601428985596,2.397670030593872,0.8344546464418094
36,7.22422981262207,-0.255910724401474,2.415417432785034,0.853089588767083
36,7.211447238922119,-0.25163698196411133,2.4339487552642822,0.8730361082722767
36,7.199567794799805,-0.2474493533372879,2.4530911445617676,0.8913962367089766
36,7.188592433929443,-0.24333855509757996,2.472848415374756,0.9121851729987476
36,7.178538799285889,-0.23920558393001556,2.4932048320770264,0.9337320293244816
36,7.169425964355469,-0.23502182960510254,2.5141539573669434,0.9536049778507002
36,7.161321640014648,-0.23074883222579956,2.5355238914489746,0.974947395221297
36,7.154229164123535,-0.2263314127922058,2.5572218894958496,0.9964750082717897
36,7.1480937004089355,-0.22173449397087097,2.5792930126190186,1.0160094191397235
36,7.142902851104736,-0.21695078909397125,2.6016058921813965,1.0360220857185418
36,7.138601303100586,-0.21193167567253113,2.6242170333862305,1.0553938458649614
36,7.135166168212891,-0.20666073262691498,2.6470863819122314,1.0734486057342247
36,7.132575988769531,-0.2011297196149826,2.6701786518096924,1.089738229137553
36,7.130792140960693,-0.1952676624059677,2.693720817565918,1.1044269567873202
36,7.129814147949219,-0.18915493786334991,2.717289924621582,1.1170759772113041
36,7.129623889923096,-0.18284575641155243,2.74074387550354,1.127000823215412
36,7.1302008628845215,-0.17629629373550415,2.7643063068389893,1.1355106779597939
36,7.131532669067383,-0.1695159375667572,2.787956714630127,1.142224551908709
36,7.133601188659668,-0.1625450849533081,2.8115756511688232,1.1478588603571283
36,7.136410236358643,-0.1553758680820465,2.835244655609131,1.1533261009961644
36,7.1399712562561035,-0.14804048836231232,2.858947515487671,1.1542670247334876
36,7.144236087799072,-0.14070147275924683,2.8822720050811768,1.1533486118838652
36,7.1492719650268555,-0.13324297964572906,2.9055957794189453,1.1540086853572797
36,7.15509033203125,-0.12567485868930817,2.9288928508758545,1.1545394685105008
36,7.161704063415527,-0.11809496581554413,2.9520206451416016,1.1507998408247415
36,7.169318199157715,-0.11033163219690323,2.975508213043213,1.1504672584087903
36,7.177828788757324,-0.10253163427114487,2.9989051818847656,1.1476369493125291
36,7.187203407287598,-0.09477519243955612,3.022043466567993,1.1461988696657404
36,7.197203159332275,-0.08721274137496948,3.04441237449646,1.142485397057637
36,7.208005905151367,-0.07969174534082413,3.066481113433838,1.1418013272339909
36,7.219972610473633,-0.07198064029216766,3.0889534950256348,1.1377020805122846
36,7.232314109802246,-0.06457065790891647,3.1103708744049072,1.1348420705083657
36,7.24536657333374,-0.05721808224916458,3.1314456462860107,1.1320683475492577
36,7.259127616882324,-0.049879737198352814,3.152247905731201,1.1269347656460782
36,7.2734832763671875,-0.04259548336267471,3.172645330429077,1.1217852252981724
36,7.2883806228637695,-0.035374805331230164,3.1926097869873047,1.1162592508377396
36,7.303875923156738,-0.028152471408247948,3.2122766971588135,1.108907741915013
36,7.319850921630859,-0.020953327417373657,3.2315385341644287,1.100192142807655
36,7.336458683013916,-0.013714255765080452,3.250600814819336,1.0909998228471516
36,7.353527545928955,-0.006483018863946199,3.2692911624908447,1.080350849342575
36,7.371030807495117,0.0007632436463609338,3.28759765625,1.0680140339272506
36,7.389354228973389,0.008196432143449783,3.305907726287842,1.055530580251885
36,7.4078168869018555,0.015547210350632668,3.3235599994659424,1.0419337375256557
36,7.426718235015869,0.02295447327196598,3.3408780097961426,1.0273477588764912
36,7.446037769317627,0.03042970597743988,3.357844352722168,1.0116259680675064
36,7.465417861938477,0.03785765916109085,3.3741495609283447,0.9945160741095435
36,7.485055923461914,0.045343127101659775,3.3899834156036377,0.9760504301182851
36,7.504693031311035,0.05280193313956261,3.405160665512085,0.9583562873637654
36,7.524648189544678,0.060348641127347946,3.4199612140655518,0.9415388178242727
36,7.544806480407715,0.0679565966129303,3.4343130588531494,0.9250644997400074
36,7.565433025360107,0.07575472444295883,3.448394775390625,0.9022795219691945
36,7.585236072540283,0.08325508236885071,3.46138596534729,0.8942302954497565
36,7.606916904449463,0.09146220982074738,3.4751055240631104,0.8768726488571964
36,7.627850532531738,0.09941887855529785,3.4878604412078857,0.8639142680278843
36,7.648874759674072,0.10743562132120132,3.500258445739746,0.8542550667230461
36,7.670032024383545,0.11550349742174149,3.5123801231384277,0.8455942060886746
36,7.691231727600098,0.12360143661499023,3.524224281311035,0.8380133620925754
36,7.712446689605713,0.13168185949325562,3.535834312438965,0.8339019995771914
36,7.733729839324951,0.13974282145500183,3.547301769256592,0.8317559946495702
36,7.754915714263916,0.14768719673156738,3.5585803985595703,0.8304460925799012
36,7.776081085205078,0.1555424928665161,3.569758653640747,0.8317679404550826
36,7.796879768371582,0.16314023733139038,3.5806663036346436,0.833836243715712
36,7.8176984786987305,0.17064419388771057,3.5915329456329346,0.8377880853192847
36,7.839513778686523,0.17837265133857727,3.602863073348999,0.8429158168005556
36,7.860602378845215,0.18575793504714966,3.613753318786621,0.8496368984785799
36,7.880627632141113,0.19272711873054504,3.6240179538726807,0.8571112107259475
36,7.901787281036377,0.20007582008838654,3.634768009185791,0.8658551933984872
36,7.922954082489014,0.20744144916534424,3.6453824043273926,0.8790727653779057
36,7.944036960601807,0.2148026078939438,3.655749559402466,0.8926754991320675
36,7.9651007652282715,0.22222664952278137,3.665889263153076,0.9081513102472079
36,7.986098289489746,0.22965627908706665,3.675710439682007,0.926760892940055
36,8.007091522216797,0.2370629608631134,3.685170888900757,0.9468146507320303
36,8.028169631958008,0.24438896775245667,3.6942553520202637,0.969352538597291
36,8.04930305480957,0.2514755427837372,3.7028865814208984,0.9924445651786522
36,8.070643424987793,0.2582285404205322,3.7110652923583984,1.0155635372819565
36,8.092208862304688,0.26449963450431824,3.7187492847442627,1.039258147160684
36,8.113921165466309,0.27015045285224915,3.72588849067688,1.0619905174946824
36,8.135871887207031,0.2751385271549225,3.7325029373168945,1.0834007624677657
36,8.150116920471191,0.27797478437423706,3.736462354660034,1.0954942359328705
37,0.3492209315299988,1.2067375183105469,2.4203221797943115,1.0101014447781853
37,0.4561828672885895,1.2068698406219482,2.391244888305664,1.0080551858783204
37,0.5620503425598145,1.207058072090149,2.358400583267212,1.000836550862871
37,0.6709982752799988,1.2073085308074951,2.3206517696380615,0.991576439717913
37,0.7821783423423767,1.2076141834259033,2.278831958770752,0.9734419860396616
37,0.8609079718589783,1.2078567743301392,2.2476179599761963,0.9599929334672136
37,0.9726912975311279,1.2082338333129883,2.2015364170074463,0.9355883589097272
37,1.0838382244110107,1.2086442708969116,2.1539409160614014,0.9090151851429281
37,1.1954072713851929,1.209091067314148,2.1047418117523193,0.8784677903630828
37,1.3064483404159546,1.2095704078674316,2.0543625354766846,0.8448854651861812
37,1.4174580574035645,1.2100838422775269,2.0029754638671875,0.8075424519234584
37,1.5069711208343506,1.210523009300232,1.960734248161316,0.7740733398972423
37,1.6175776720046997,1.2110967636108398,1.9082138538360596,0.7279587550328916
37,1.6953999996185303,1.2115200757980347,1.871025562286377,0.6922782935376729
37,1.777869701385498,1.211986780166626,1.8324189186096191,0.650993838601848
37,1.8894821405410767,1.2126433849334717,1.7820168733596802,0.5907403352267763
37,2.003408670425415,1.213344931602478,1.7371479272842407,0.5297891054534712
37,2.1208934783935547,1.2141000032424927,1.7028510570526123,0.4826191486575672
37,2.2422430515289307,1.2149462699890137,1.6876178979873657,0.4670856264958887
37,2.3644559383392334,1.2159092426300049,1.693479061126709,0.5097128786164586
37,2.485027313232422,1.2169854640960693,1.7146875858306885,0.5713276258470962
37,2.6042401790618896,1.2181347608566284,1.7427141666412354,0.6401052642279713
37,2.7227249145507812,1.2193198204040527,1.7736964225769043,0.7015468946013007
37,2.8412554264068604,1.2205095291137695,1.8045028448104858,0.7568872262372447
37,2.9600679874420166,1.2216944694519043,1.8341976404190063,0.8010557422949953
37,3.074770450592041,1.222826361656189,1.861102819442749,0.8392281713255104
37,3.1944305896759033,1.224003791809082,1.8871736526489258,0.8710085186785141
37,3.314490795135498,1.2251924276351929,1.911335825920105,0.8977140651006004
37,3.4349257946014404,1.2264108657836914,1.93355393409729,0.920607856075716
37,3.555673599243164,1.2276743650436401,1.9540027379989624,0.9383394627456088
37,3.6766903400421143,1.2289998531341553,1.9727897644042969,0.954439924558357
37,3.797912836074829,1.230407476425171,1.9900548458099365,0.9668656147537174
37,3.919323444366455,1.231911063194275,2.0059337615966797,0.977330120459176
37,4.0406718254089355,1.2335299253463745,2.020538568496704,0.9864034407017566
37,4.162148475646973,1.235283374786377,2.034017324447632,0.9930298596049965
37,4.282645225524902,1.2371737957000732,2.0463666915893555,0.9990699155373866
37,4.399994850158691,1.2391830682754517,2.0575098991394043,1.0037668222882141
37,4.517414569854736,1.2413767576217651,2.0678563117980957,1.0075949586598845
37,4.628570556640625,1.2436485290527344,2.0769848823547363,1.0107564015780848
37,4.731318473815918,1.2459381818771362,2.0848982334136963,1.0130387317089355
37,4.8340959548950195,1.2484294176101685,2.0923502445220947,1.0149302309546324
37,4.929026126861572,1.2509310245513916,2.098858594894409,1.0163919389919702
37,5.0187907218933105,1.2534916400909424,2.1047093868255615,1.0175211476921173
37,5.106137752532959,1.2561819553375244,2.110142230987549,1.0184035190722989
37,5.192708969116211,1.2590593099594116,2.1152939796447754,1.0190833529789054
37,5.279284477233887,1.262164831161499,2.120232105255127,1.0196211994697557
37,5.365706920623779,1.2655123472213745,2.1249659061431885,1.0200670591507288
37,5.452114105224609,1.2691295146942139,2.1295206546783447,1.0204530941995125
37,5.538516521453857,1.2730408906936646,2.1339125633239746,1.020813920946102
37,5.624911308288574,1.2772724628448486,2.1381568908691406,1.0211852278645692
37,5.711308479309082,1.2818536758422852,2.142268180847168,1.021612890108892
37,5.798893928527832,1.2868854999542236,2.1463143825531006,1.022149942509407
37,5.8864593505859375,1.2923353910446167,2.1502532958984375,1.0228635226531066
37,5.976975917816162,1.2984397411346436,2.1542296409606934,1.023859814761917
37,6.070715427398682,1.3053010702133179,2.1582648754119873,1.0252544137655328
37,6.1673054695129395,1.3129808902740479,2.1623566150665283,1.0272053654250468
37,6.266270637512207,1.3215234279632568,2.166504144668579,1.0298429560877587
37,6.367084503173828,1.3309472799301147,2.1707122325897217,1.033204871803462
37,6.469281196594238,1.34120774269104,2.1750755310058594,1.0369268626532482
37,6.571398735046387,1.3520708084106445,2.1798248291015625,1.0436808210217259
37,6.598562240600586,1.3550446033477783,2.1811842918395996,1.045171798624668
37,6.6245951652526855,1.3579329252243042,2.1825058460235596,1.046622087177637
37,6.650537967681885,1.3608509302139282,2.1838302612304688,1.048055603468688
37,6.676384449005127,1.3637995719909668,2.185150623321533,1.0495177959883826
37,6.702365398406982,1.3668051958084106,2.1864774227142334,1.0509999875587104
37,6.728341579437256,1.3698511123657227,2.1878042221069336,1.0525325684146472
37,6.754337310791016,1.3729385137557983,2.1891353130340576,1.054110703132836
37,6.780349254608154,1.3760648965835571,2.190474271774292,1.0557298549638006
37,6.806246280670166,1.3792121410369873,2.19181752204895,1.0573741784207278
37,6.832152366638184,1.3823931217193604,2.193174123764038,1.05903287276499
37,6.858061790466309,1.3856052160263062,2.194545269012451,1.0607204153412373
37,6.883834362030029,1.3888297080993652,2.19592547416687,1.0623992617254772
37,6.909964561462402,1.3921271562576294,2.1973414421081543,1.0640819402892119
37,6.936094760894775,1.3954517841339111,2.198775053024292,1.0657518195699902
37,6.962219715118408,1.398801565170288,2.2002265453338623,1.067395928061084
37,6.988332271575928,1.402174472808838,2.2016961574554443,1.0690118295162567
37,7.014327049255371,1.4055554866790771,2.2031781673431396,1.0705828893527993
37,7.0403032302856445,1.4089562892913818,2.2046782970428467,1.0721032559888104
37,7.066057205200195,1.4123488664627075,2.2061848640441895,1.0735503354784697
37,7.091792106628418,1.4157588481903076,2.207709550857544,1.0749308496936898
37,7.117502689361572,1.4191848039627075,2.209252119064331,1.076235774831387
37,7.143184185028076,1.4226255416870117,2.2108120918273926,1.0774565872090096
37,7.168832302093506,1.4260799884796143,2.212388277053833,1.0785915070368648
37,7.194342613220215,1.429533839225769,2.2139737606048584,1.0796258266915066
37,7.220638275146484,1.4331121444702148,2.215625524520874,1.0805730512699379
37,7.2469096183776855,1.4367053508758545,2.217292070388794,1.0814157340137713
37,7.272307872772217,1.440197467803955,2.218918561935425,1.0821414930892466
37,7.2976555824279785,1.4437012672424316,2.2205557823181152,1.0827434791564814
37,7.322948932647705,1.4472166299819946,2.2222018241882324,1.0832209211190882
37,7.348184585571289,1.4507436752319336,2.2238550186157227,1.0835705345337923
37,7.373219013214111,1.454262614250183,2.225504159927368,1.083790983849144
37,7.398191452026367,1.4577938318252563,2.227156639099121,1.0838757448940357
37,7.423098564147949,1.4613378047943115,2.2288105487823486,1.0838105704721448
37,7.447308540344238,1.4648058414459229,2.2304208278656006,1.083595842629528
37,7.472315311431885,1.4684126377105713,2.2320845127105713,1.083256303936361
37,7.497740268707275,1.4721070528030396,2.2337734699249268,1.0827267727234253
37,7.521961688995361,1.4756556749343872,2.2353768348693848,1.0820576472117682
37,7.546506404876709,1.479280948638916,2.2369916439056396,1.0812301785774319
37,7.570975303649902,1.4829267263412476,2.238586902618408,1.0802086668173236
37,7.595368385314941,1.4865961074829102,2.2401580810546875,1.0789598894110473
37,7.619948863983154,1.4903342723846436,2.2417163848876953,1.0774338986160148
37,7.644702911376953,1.4941445589065552,2.2432572841644287,1.0757603007193766
37,7.670152187347412,1.4981142282485962,2.244807720184326,1.0735418970385537
37,7.694679260253906,1.5019917488098145,2.246267557144165,1.0712543271268107
37,7.719117164611816,1.5059016942977905,2.2476866245269775,1.0684694557142032
37,7.743495464324951,1.5098434686660767,2.2490649223327637,1.0652102445844178
37,7.767813205718994,1.5138071775436401,2.250401020050049,1.061403591871549
37,7.7920708656311035,1.5177772045135498,2.2516942024230957,1.0568881924132447
37,7.815365791320801,1.5215797424316406,2.2528953552246094,1.051786046082867
37,7.839576721191406,1.525481939315796,2.2541027069091797,1.0460993565011507
37,7.863662242889404,1.5292532444000244,2.255263328552246,1.0398202679006858
37,7.8877153396606445,1.532828450202942,2.256387233734131,1.0329718403127386
37,7.911744117736816,1.5361210107803345,2.2574856281280518,1.0260910396349292
37,7.935750961303711,1.5390760898590088,2.2585716247558594,1.0203369366538624
37,7.959726333618164,1.5417101383209229,2.259650945663452,1.0166085525565902
37,7.983659267425537,1.544094204902649,2.260715961456299,1.0147325791762618
37,8.0075101852417,1.546297311782837,2.261751413345337,1.0138555260480502
37,8.031301498413086,1.5483695268630981,2.2627437114715576,1.0133723187684616
37,8.055027961730957,1.550339937210083,2.263681411743164,1.012965524205242
37,8.078612327575684,1.5522189140319824,2.264554500579834,1.0124731069716986
37,8.102130889892578,1.554021954536438,2.2653627395629883,1.0118146835843278
37,8.125581741333008,1.5557522773742676,2.266106605529785,1.010929642431644
37,8.148964881896973,1.557408332824707,2.2667887210845947,1.009815406383113
37,8.172279357910156,1.5589860677719116,2.2674143314361572,1.0085072902114676
37,8.195528030395508,1.5604807138442993,2.2679874897003174,1.007051098505793
37,8.218721389770508,1.5618884563446045,2.2685129642486572,1.0054878688192392
37,8.241859436035156,1.5632065534591675,2.268993377685547,1.003851816660005
37,8.264942169189453,1.564434289932251,2.2694308757781982,1.002169428823512
37,8.287968635559082,1.5655728578567505,2.269826889038086,1.0004599496991533
37,8.310938835144043,1.5666255950927734,2.27018141746521,0.9987381726846253
37,8.33385181427002,1.5675972700119019,2.2704946994781494,0.9970062763508848
37,8.356708526611328,1.5684939622879028,2.270766019821167,0.9952452467957343
37,8.379507064819336,1.5693234205245972,2.2709951400756836,0.9934219421878415
37,8.402188301086426,1.5700925588607788,2.2711806297302246,0.9915103627235415
37,8.424811363220215,1.5708122253417969,2.27132248878479,0.9895092964152774
37,8.447375297546387,1.571488857269287,2.271421194076538,0.987445902492718
37,8.469882011413574,1.5721261501312256,2.271477699279785,0.9853446424900755
37,8.492330551147461,1.5727254152297974,2.271493673324585,0.9832196891801604
37,8.514721870422363,1.5732868909835815,2.271470308303833,0.9810777775147708
37,8.537055015563965,1.5738102197647095,2.271409034729004,0.9789211811614669
37,8.5593900680542,1.574296474456787,2.271310806274414,0.9767434227996799
37,8.581665992736816,1.5747448205947876,2.271176815032959,0.9745475946047821
37,8.603885650634766,1.5751570463180542,2.271008253097534,0.9723356882575976
37,8.625985145568848,1.5755341053009033,2.2708065509796143,0.9701126588916654
37,8.648027420043945,1.5758804082870483,2.2705719470977783,0.9678601115701798
37,8.670014381408691,1.5761994123458862,2.270305633544922,0.9655769970173438
37,8.691944122314453,1.576494574546814,2.2700088024139404,0.9632639174877109
37,8.71381664276123,1.576769471168518,2.269681930541992,0.9609226974853669
37,8.735634803771973,1.5770268440246582,2.2693264484405518,0.9585557148659186
37,8.757396697998047,1.5772690773010254,2.2689435482025146,0.9561656801470153
37,8.779104232788086,1.5774974822998047,2.2685344219207764,0.9537552028493295
37,8.800764083862305,1.5777132511138916,2.268099784851074,0.951325920593634
37,8.822409629821777,1.577917218208313,2.2676401138305664,0.9488716240931581
37,8.844054222106934,1.5781099796295166,2.2671561241149902,0.9463854124323237
37,8.86569881439209,1.578291654586792,2.266648530960083,0.9438697487415633
37,8.887341499328613,1.5784631967544556,2.266118049621582,0.9413247507452699
37,8.908984184265137,1.5786253213882446,2.2655651569366455,0.9387503940173002
37,8.93062686920166,1.5787791013717651,2.264991044998169,0.9361469717876828
37,8.952268600463867,1.5789259672164917,2.2643964290618896,0.9335197250031577
37,8.973910331726074,1.5790672302246094,2.263782024383545,0.9308643395927384
37,8.995552062988281,1.5792042016983032,2.263148784637451,0.9281812992403923
37,9.017191886901855,1.5793380737304688,2.262497663497925,0.9254749911643103
37,9.03883171081543,1.5794696807861328,2.2618298530578613,0.9227468067928412
37,9.060471534729004,1.5795997381210327,2.261146306991577,0.9199976387658071
37,9.082110404968262,1.5797284841537476,2.2604479789733887,0.91722812191913
37,9.10374927520752,1.5798561573028564,2.2597360610961914,0.9144383371347534
37,9.125387191772461,1.579982876777649,2.259011745452881,0.911628344212731
37,9.147025108337402,1.5801087617874146,2.2582759857177734,0.9087950749220329
37,9.168662071228027,1.5802339315414429,2.2575294971466064,0.9059408841634946
37,9.190299987792969,1.5803587436676025,2.2567734718322754,0.9030659690373279
37,9.211935997009277,1.5804834365844727,2.2560088634490967,0.9001707237286957
37,9.233572959899902,1.5806087255477905,2.2552366256713867,0.8972555952139326
37,9.255208969116211,1.5807349681854248,2.254457950592041,0.8943212618588221
37,9.27684497833252,1.5808629989624023,2.253673791885376,0.8913687569877162
37,9.298480987548828,1.5809932947158813,2.252885103225708,0.8883980376142487
37,9.320116996765137,1.5811264514923096,2.2520928382873535,0.885410178478208
37,9.341753005981445,1.5812627077102661,2.251298189163208,0.8824082414782521
37,9.363388061523438,1.5814024209976196,2.250502347946167,0.8793934304568832
37,9.385024070739746,1.5815459489822388,2.2497060298919678,0.8763672648160844
37,9.406659126281738,1.581693410873413,2.248910427093506,0.8733313389977073
37,9.428295135498047,1.5818448066711426,2.2481162548065186,0.8702874380145167
37,9.449930191040039,1.5820002555847168,2.2473247051239014,0.867237352242552
37,9.471566200256348,1.5821599960327148,2.2465364933013916,0.864182984335906
37,9.493202209472656,1.5823242664337158,2.2457528114318848,0.8611275638719948
37,9.514838218688965,1.5824930667877197,2.24497389793396,0.8580736737035618
37,9.536474227905273,1.5826668739318848,2.244201183319092,0.8550238375606078
37,9.558110237121582,1.582845687866211,2.2434353828430176,0.8519804593261618
37,9.579747200012207,1.5830299854278564,2.2426769733428955,0.8489458824728818
37,9.601384162902832,1.5832197666168213,2.241926670074463,0.8459223295175277
37,9.623021125793457,1.5834150314331055,2.2411856651306152,0.8429130141454177
37,9.644658088684082,1.5836155414581299,2.2404539585113525,0.8399193029078459
37,9.666296005249023,1.5838210582733154,2.239732265472412,0.8369446909695067
37,9.687933921813965,1.5840309858322144,2.239020824432373,0.8339915887093621
37,9.709571838378906,1.5842444896697998,2.2383201122283936,0.8310547770232413
37,9.731210708618164,1.5844604969024658,2.2376303672790527,0.8281341545746085
37,9.752849578857422,1.584678292274475,2.2369513511657715,0.825229328804044
37,9.77448844909668,1.5848968029022217,2.236283302307129,0.8223407465296768
37,9.796128273010254,1.5851150751113892,2.235626220703125,0.819470785905599
37,9.817768096923828,1.5853326320648193,2.2349796295166016,0.8166179003339394
37,9.839407920837402,1.5855485200881958,2.2343437671661377,0.813783607125478
37,9.861048698425293,1.585762619972229,2.2337183952331543,0.8109692354422208
37,9.882689476013184,1.5859744548797607,2.233103036880493,0.8081767037508262
37,9.90433120727539,1.5861841440200806,2.2324976921081543,0.8054082211556003
37,9.925972938537598,1.5863913297653198,2.2319021224975586,0.802665990705402
37,9.947613716125488,1.5865964889526367,2.231315851211548,0.7999555672267985
37,9.969256401062012,1.5867996215820312,2.230738401412964,0.7972775773610125
37,9.990898132324219,1.587001085281372,2.2301697731018066,0.7946346354347482
37,10.012540817260742,1.587201476097107,2.229609251022339,0.7920277003179338
37,10.034183502197266,1.587401032447815,2.2290568351745605,0.7894527858182534
37,10.055826187133789,1.5876002311706543,2.2285118103027344,0.7869044636241016
37,10.077469825744629,1.5877991914749146,2.2279744148254395,0.7843802022927281
37,10.099112510681152,1.5879979133605957,2.2274444103240967,0.781883391513904
37,10.120756149291992,1.5881967544555664,2.226921319961548,0.7794185852453835
37,10.142399787902832,1.588395357131958,2.226405143737793,0.7769813129312588
37,10.164051055908203,1.58859384059906,2.2258949279785156,0.7745666930579667
37,10.185771942138672,1.5887928009033203,2.225388765335083,0.7721662064188877
37,10.207818031311035,1.5889942646026611,2.224879741668701,0.7697589678769214
37,10.230769157409668,1.5892034769058228,2.224353551864624,0.7672936319626731
37,10.2537202835083,1.589411973953247,2.223830223083496,0.7649298713910369
37,10.278386116027832,1.5896353721618652,2.2232699394226074,0.7624622190301565
37,10.30528736114502,1.5898785591125488,2.2226603031158447,0.7598406798418094
37,10.332188606262207,1.5901212692260742,2.222050905227661,0.7573686042333205
37,10.36107063293457,1.5903818607330322,2.2213950157165527,0.7547734112572312
37,10.391124725341797,1.5906537771224976,2.220708131790161,0.7521925350839351
37,10.421178817749023,1.5909271240234375,2.2200140953063965,0.7497488778071383
37,10.451678276062012,1.5912072658538818,2.2192986011505127,0.7473416094734724
37,10.482276916503906,1.5914926528930664,2.2185652256011963,0.745139779211596
37,10.512874603271484,1.5917837619781494,2.2178127765655518,0.7430388575376261
37,10.543481826782227,1.5920828580856323,2.217036008834839,0.7410770797069567
37,10.574089050292969,1.5923914909362793,2.2162318229675293,0.7393109233883887
37,10.604694366455078,1.5927118062973022,2.215395927429199,0.7376367262923592
37,10.635298728942871,1.5930463075637817,2.214524030685425,0.7361833344780028
37,10.665901184082031,1.593396782875061,2.2136130332946777,0.7348681329307714
37,10.696502685546875,1.5937658548355103,2.212658643722534,0.7336755924169305
37,10.727102279663086,1.594155192375183,2.211657762527466,0.7327033858756933
37,10.757699966430664,1.594567060470581,2.2106070518493652,0.7318242937658977
37,10.78829574584961,1.5950034856796265,2.209503412246704,0.7311299054704716
37,10.818889617919922,1.5954660177230835,2.2083444595336914,0.7305855462641718
37,10.849479675292969,1.5959564447402954,2.207127332687378,0.7301375546651561
37,10.880067825317383,1.5964763164520264,2.2058496475219727,0.7299192720811158
37,10.910651206970215,1.5970267057418823,2.204509735107422,0.7297893035816073
37,10.941232681274414,1.597609043121338,2.2031049728393555,0.7298106209814137
37,10.971809387207031,1.5982240438461304,2.201634407043457,0.7299914997875641
37,11.002382278442383,1.5988726615905762,2.200096368789673,0.7302582943103156
37,11.032951354980469,1.5995553731918335,2.1984894275665283,0.7307220719775748
37,11.063515663146973,1.600272536277771,2.196812629699707,0.7312838959439711
37,11.094075202941895,1.6010245084762573,2.1950647830963135,0.7319676297138306
37,11.124629974365234,1.601811408996582,2.1932454109191895,0.7328114840344578
37,11.15517807006836,1.6026328802108765,2.1913540363311768,0.7337319515183633
37,11.185722351074219,1.603488802909851,2.189389705657959,0.7348190872160849
37,11.21626091003418,1.604378581047058,2.1873528957366943,0.7360266322349535
37,11.246794700622559,1.6053014993667603,2.1852431297302246,0.7373233410037359
37,11.277322769165039,1.6062568426132202,2.183060884475708,0.7387737398044287
37,11.307851791381836,1.6072437763214111,2.1808059215545654,0.7402895472311862
37,11.338399887084961,1.6082618236541748,2.178476572036743,0.7419266458304712
37,11.368940353393555,1.6093090772628784,2.1760759353637695,0.7436672476387616
37,11.399540901184082,1.6103869676589966,2.173598527908325,0.7454801691042865
37,11.430133819580078,1.6114929914474487,2.1710498332977295,0.7474141765149854
37,11.460859298706055,1.612632393836975,2.1684186458587646,0.7494337718770622
37,11.491827011108398,1.6138098239898682,2.1656932830810547,0.7516143414849352
37,11.522787094116211,1.6150139570236206,2.162895679473877,0.7539115512481669
37,11.559024810791016,1.6164480447769165,2.1595304012298584,0.7567502178442345
37,11.624659538269043,1.6190992593765259,2.1531991958618164,0.7620725632458463
37,11.690263748168945,1.6218093633651733,2.1465818881988525,0.7676021719355773
37,11.761651992797852,1.624795913696289,2.139091730117798,0.7739418535929389
37,11.833011627197266,1.627791166305542,2.1313326358795166,0.7809602556320238
37,11.961910247802734,1.6330983638763428,2.1167240142822266,0.7938599792826619
37,12.082785606384277,1.6378391981124878,2.1023595333099365,0.8067813346025603
37,12.154504776000977,1.6405029296875,2.0935518741607666,0.8145204928525851
38,0.723703145980835,-0.901350200176239,1.6544725894927979,1.0184511612767269
38,0.7650704383850098,-0.9014544486999512,1.6310982704162598,1.0128358096018402
38,0.8667216897010803,-0.9017423391342163,1.569655418395996,1.0001859712769547
38,0.9677274823188782,-0.9020609855651855,1.5032061338424683,0.9811767967805818
38,1.0661104917526245,-0.9023911356925964,1.432935118675232,0.9655644568419801
38,1.1621841192245483,-0.9027197957038879,1.357864499092102,0.9505316421730458
38,1.2544127702713013,-0.9030213952064514,1.2781215906143188,0.9470051443822579
38,1.3355445861816406,-0.903246283531189,1.1990089416503906,0.951748351346278
38,1.4164711236953735,-0.9033805727958679,1.1073198318481445,0.9903162597955226
38,1.4897031784057617,-0.9033665060997009,1.0093858242034912,1.0652912780212902
38,1.5542110204696655,-0.9031980037689209,0.9053475260734558,1.195016428921028
38,1.614371418952942,-0.9029040932655334,0.7987059950828552,1.3765990252123714
38,1.6797062158584595,-0.9025490283966064,0.6952471733093262,1.5327994815000496
38,1.763343095779419,-0.9020388126373291,0.6062098145484924,1.6510949411851363
38,1.8657251596450806,-0.9009918570518494,0.5396273136138916,1.8326603643739086
38,1.9835551977157593,-0.8993896842002869,0.5095126032829285,2.002512114933732
38,2.1048734188079834,-0.897526741027832,0.5199724435806274,1.9991340427323299
38,2.215482473373413,-0.8964359760284424,0.5708737373352051,1.9688739087952372
38,2.3131284713745117,-0.8968242406845093,0.6446244120597839,1.9878999082954651
38,2.4115352630615234,-0.8986503481864929,0.7174506187438965,2.0754842064324777
38,2.511375665664673,-0.9012944102287292,0.7882828712463379,1.9744236615889288
38,2.6085550785064697,-0.9043607711791992,0.8627004623413086,1.737061961854345
38,2.6518149375915527,-0.9059049487113953,0.901421308517456,1.5959832796426987
38,2.735755681991577,-0.9091433882713318,0.9905003905296326,1.2877612565363183
38,2.817897081375122,-0.9120797514915466,1.0812747478485107,1.118417942605677
38,2.8834071159362793,-0.9139207601547241,1.142049789428711,1.0545528113116205
38,2.9823150634765625,-0.9159405827522278,1.214088797569275,1.0208418137252377
38,3.0484580993652344,-0.9169410467147827,1.2525492906570435,1.023422895524803
38,3.158752918243408,-0.9182317852973938,1.3056974411010742,1.0167170126021814
38,3.2727479934692383,-0.9192349314689636,1.3504018783569336,1.0235518087882425
38,3.389087677001953,-0.9200820326805115,1.388629674911499,1.0272215478676356
38,3.507037878036499,-0.9208443760871887,1.4215720891952515,1.0322063867996631
38,3.626073122024536,-0.9215999841690063,1.45035982131958,1.036537382780901
38,3.7459189891815186,-0.9223759174346924,1.4755699634552002,1.0391394223014718
38,3.8663275241851807,-0.9232070446014404,1.4978290796279907,1.042082048591462
38,3.9869492053985596,-0.9241132736206055,1.5175939798355103,1.042799771728286
38,4.107899188995361,-0.9251095652580261,1.5352367162704468,1.043455215446631
38,4.22800874710083,-0.9262033700942993,1.5509761571884155,1.0437024002886153
38,4.348311424255371,-0.9274140000343323,1.5651614665985107,1.0430052046324074
38,4.465532302856445,-0.9287209510803223,1.5776803493499756,1.042237405286043
38,4.576550483703613,-0.9300925135612488,1.5885001420974731,1.0409699475509193
38,4.687651634216309,-0.9316097497940063,1.5984148979187012,1.0393661844230235
38,4.790370464324951,-0.9331607222557068,1.60686457157135,1.0376787730602368
38,4.885266304016113,-0.9347363710403442,1.614115834236145,1.0358818302266368
38,4.975014686584473,-0.9363670945167542,1.620524287223816,1.0338625069826306
38,5.0647873878479,-0.9381501078605652,1.626532793045044,1.0316645832478228
38,5.152151584625244,-0.9400470852851868,1.6320241689682007,1.02933376592268
38,5.238748073577881,-0.9421019554138184,1.6371440887451172,1.0268322614721617
38,5.325201988220215,-0.9443463683128357,1.6419528722763062,1.0241447322048172
38,5.411651611328125,-0.9468054175376892,1.6464731693267822,1.021255762169766
38,5.49811315536499,-0.9495061635971069,1.6507171392440796,1.0181259945752195
38,5.584578990936279,-0.9524784684181213,1.6546911001205444,1.0146419506629067
38,5.67142391204834,-0.9557697772979736,1.6584157943725586,1.010907768203695
38,5.760709285736084,-0.9595096707344055,1.661971092224121,1.00680701239583
38,5.8539719581604,-0.9638490676879883,1.665387749671936,1.0022120775759136
38,5.9510884284973145,-0.9689011573791504,1.668614149093628,0.997071087677338
38,6.05171012878418,-0.9747915863990784,1.6715788841247559,0.9913842326106469
38,6.155345916748047,-0.9816644787788391,1.674188494682312,0.9851923144764115
38,6.258926868438721,-0.9894745349884033,1.6762911081314087,0.9786520997837946
38,6.3648810386657715,-0.9985750913619995,1.677854061126709,0.9718377873270246
38,6.472492694854736,-1.0091278553009033,1.6787769794464111,0.9650345755889546
38,6.520051002502441,-1.0142687559127808,1.6789662837982178,0.9620706301197345
38,6.625975131988525,-1.0268561840057373,1.6790543794631958,0.956227486001011
38,6.65366792678833,-1.030427098274231,1.6789987087249756,0.9546491787757276
38,6.681209087371826,-1.0341185331344604,1.6788746118545532,0.9530327736612345
38,6.708649158477783,-1.037950873374939,1.6786655187606812,0.9515081390670294
38,6.736083507537842,-1.0419424772262573,1.6783664226531982,0.9500961314244334
38,6.763047218322754,-1.0460278987884521,1.6779847145080566,0.9488363490843091
38,6.789409160614014,-1.0501797199249268,1.677531361579895,0.9477910595312486
38,6.815715789794922,-1.0544794797897339,1.6770039796829224,0.9469428344706438
38,6.841989994049072,-1.058935523033142,1.676403284072876,0.9462738088528344
38,6.868222713470459,-1.0635550022125244,1.6757285594940186,0.9458020744652819
38,6.894404411315918,-1.068346381187439,1.674978494644165,0.9455534082109444
38,6.920527935028076,-1.073318362236023,1.6741520166397095,0.9455611967827631
38,6.94661283493042,-1.0784825086593628,1.6732481718063354,0.9458357448163925
38,6.972634792327881,-1.0838406085968018,1.6722685098648071,0.9464161350852491
38,6.9986066818237305,-1.0894006490707397,1.6712146997451782,0.9473397178851743
38,7.024519920349121,-1.095165491104126,1.6700899600982666,0.9486283496312111
38,7.050365924835205,-1.101137399673462,1.668898105621338,0.9502903355299214
38,7.076128959655762,-1.1073169708251953,1.6676437854766846,0.9523051501699721
38,7.101813793182373,-1.1137076616287231,1.666331171989441,0.9547086949976032
38,7.127413272857666,-1.1203083992004395,1.6649659872055054,0.957505887219924
38,7.152953624725342,-1.127124547958374,1.6635527610778809,0.9606516980951985
38,7.178398132324219,-1.1341428756713867,1.6620991230010986,0.9640909658188347
38,7.203730583190918,-1.1413520574569702,1.6606123447418213,0.9678352830093573
38,7.228968143463135,-1.1487476825714111,1.6590979099273682,0.9718636959988421
38,7.254108428955078,-1.1563177108764648,1.6575618982315063,0.9760742206314179
38,7.279151916503906,-1.164048671722412,1.6560091972351074,0.9804685477427598
38,7.304100513458252,-1.1719245910644531,1.6544443368911743,0.9850086490680836
38,7.328956604003906,-1.1799256801605225,1.6528702974319458,0.9895592630533173
38,7.353724002838135,-1.1880300045013428,1.651287317276001,0.9941113633379867
38,7.3784074783325195,-1.1962171792984009,1.6496955156326294,0.9987385459783578
38,7.403008937835693,-1.204469084739685,1.6480947732925415,1.003429114352264
38,7.4275288581848145,-1.2127711772918701,1.6464844942092896,1.0082427321258587
38,7.451972007751465,-1.2211134433746338,1.64486563205719,1.0132422842426747
38,7.476338863372803,-1.2294853925704956,1.643240213394165,1.0183293635208663
38,7.500625133514404,-1.2378753423690796,1.6416096687316895,1.0234386400259756
38,7.524838924407959,-1.246275782585144,1.6399762630462646,1.028616561360736
38,7.549664497375488,-1.2549121379852295,1.6382988691329956,1.0334998726871423
38,7.573699951171875,-1.2632864713668823,1.636677861213684,1.0380310149647392
38,7.597666263580322,-1.2716407775878906,1.635071039199829,1.0419782147667616
38,7.621566295623779,-1.2799655199050903,1.6334848403930664,1.0450174156628425
38,7.645389556884766,-1.2882479429244995,1.6319242715835571,1.0469472079683622
38,7.669604301452637,-1.29664146900177,1.6303631067276,1.0477604131582257
38,7.6933135986328125,-1.3048279285430908,1.6288601160049438,1.0470983554593083
38,7.716517448425293,-1.3127989768981934,1.627408742904663,1.04515384250449
38,7.740209579467773,-1.320884108543396,1.6259410381317139,1.0421952822263272
38,7.763866424560547,-1.3288896083831787,1.62448251247406,1.0383062479120087
38,7.787466526031494,-1.3367916345596313,1.623026967048645,1.0338765314446199
38,7.811039924621582,-1.3445837497711182,1.6215699911117554,1.0290203375019673
38,7.83458948135376,-1.3522495031356812,1.6201151609420776,1.0245503699269947
38,7.858053684234619,-1.3597553968429565,1.6186742782592773,1.0201721092424854
38,7.881499767303467,-1.3671088218688965,1.6172531843185425,1.016277165915393
38,7.904927730560303,-1.3742995262145996,1.61586332321167,1.013006834466537
38,7.928339004516602,-1.381319284439087,1.6145180463790894,1.0102557486566777
38,7.951696872711182,-1.3881508111953735,1.6132315397262573,1.008180409710061
38,7.97503662109375,-1.3948020935058594,1.612012505531311,1.0067842546417458
38,7.99835729598999,-1.4012715816497803,1.6108691692352295,1.005999517774822
38,8.021615982055664,-1.4075475931167603,1.609809160232544,1.0056595797054328
38,8.04485034942627,-1.4136425256729126,1.6088331937789917,1.0058370059813861
38,8.067985534667969,-1.4195406436920166,1.6079442501068115,1.0064285933610921
38,8.091089248657227,-1.4252642393112183,1.60713791847229,1.007358764854436
38,8.114117622375488,-1.4308065176010132,1.606412649154663,1.0084207929490545
38,8.137102127075195,-1.436179518699646,1.6057636737823486,1.0096897230226496
38,8.160048484802246,-1.441389560699463,1.6051874160766602,1.0111197253423478
38,8.182952880859375,-1.4464406967163086,1.6046802997589111,1.0126725858161199
38,8.20581340789795,-1.451337218284607,1.6042393445968628,1.0142798383134939
38,8.228589057922363,-1.4560739994049072,1.6038628816604614,1.015843839781734
38,8.25124740600586,-1.4606496095657349,1.6035490036010742,1.017436889615752
38,8.273877143859863,-1.4650862216949463,1.6032949686050415,1.019056104879171
38,8.296476364135742,-1.4693870544433594,1.603100299835205,1.0206905052767685
38,8.319046020507812,-1.4735548496246338,1.6029644012451172,1.0223307954317575
38,8.341585159301758,-1.4775922298431396,1.6028873920440674,1.0238913564647925
38,8.364058494567871,-1.4814949035644531,1.6028693914413452,1.0253931768369806
38,8.386500358581543,-1.4852712154388428,1.6029107570648193,1.0268681508970419
38,8.408845901489258,-1.4889132976531982,1.6030113697052002,1.0283103016358508
38,8.432025909423828,-1.4925683736801147,1.6031793355941772,1.0297693882199603
38,8.455636978149414,-1.4961652755737305,1.6034175157546997,1.0312183381033708
38,8.47956371307373,-1.499686598777771,1.603725552558899,1.032643211406065
38,8.502880096435547,-1.5029969215393066,1.6040924787521362,1.0338737685439805
38,8.526365280151367,-1.506210207939148,1.6045293807983398,1.0350246732910098
38,8.549827575683594,-1.5093002319335938,1.6050337553024292,1.0361058247195118
38,8.573265075683594,-1.5122671127319336,1.6056054830551147,1.0371191665171282
38,8.596671104431152,-1.5151115655899048,1.6062438488006592,1.0380439574833014
38,8.620041847229004,-1.5178345441818237,1.6069482564926147,1.038870059051837
38,8.6433744430542,-1.5204367637634277,1.6077178716659546,1.0395906827228387
38,8.66666316986084,-1.5229188203811646,1.6085519790649414,1.0402001578536637
38,8.68990421295166,-1.525281310081482,1.6094496250152588,1.0406796753409153
38,8.712714195251465,-1.527489185333252,1.6103934049606323,1.0409507984166946
38,8.735459327697754,-1.5295826196670532,1.611395239830017,1.0411070309209431
38,8.758395195007324,-1.5315848588943481,1.6124663352966309,1.0411356638104343
38,8.781315803527832,-1.5334750413894653,1.6135975122451782,1.0410344521349202
38,8.804030418395996,-1.5352400541305542,1.614777684211731,1.0408002103658454
38,8.826667785644531,-1.5368916988372803,1.6160112619400024,1.0404315765397232
38,8.849223136901855,-1.5384312868118286,1.617296576499939,1.0399251469368314
38,8.871692657470703,-1.539859652519226,1.6186314821243286,1.039284142947467
38,8.894071578979492,-1.5411779880523682,1.620013952255249,1.0385085232918914
38,8.916327476501465,-1.5423864126205444,1.6214396953582764,1.0375914492753144
38,8.938372611999512,-1.5434820652008057,1.6229008436203003,1.0365421272731303
38,8.960338592529297,-1.544473648071289,1.624403715133667,1.0353616268577812
38,8.982224464416504,-1.5453623533248901,1.625946283340454,1.0340483599866623
38,9.004030227661133,-1.546149492263794,1.6275262832641602,1.032603923645654
38,9.02575397491455,-1.5468361377716064,1.6291418075561523,1.0310307571790043
38,9.047402381896973,-1.5474239587783813,1.6307907104492188,1.0293208698166454
38,9.069049835205078,-1.5479155778884888,1.632477045059204,1.0274766173562448
38,9.090641021728516,-1.5483101606369019,1.6341943740844727,1.0255069872189275
38,9.11221981048584,-1.5486092567443848,1.635944128036499,1.0234101994194016
38,9.133795738220215,-1.5488132238388062,1.6377251148223877,1.0211877742704096
38,9.155370712280273,-1.5489223003387451,1.6395353078842163,1.01884167663713
38,9.176942825317383,-1.5489368438720703,1.641372561454773,1.016376443787484
38,9.19851303100586,-1.54885733127594,1.6432346105575562,1.0137902424066436
38,9.220080375671387,-1.548684000968933,1.645119309425354,1.0110858594307044
38,9.241645812988281,-1.548417329788208,1.6470242738723755,1.0082724801222889
38,9.26320743560791,-1.5480577945709229,1.6489472389221191,1.0053540937085947
38,9.28476619720459,-1.5476058721542358,1.6508855819702148,1.0023347683051267
38,9.30632209777832,-1.5470621585845947,1.652836799621582,0.9992191254616574
38,9.327874183654785,-1.5464273691177368,1.6547985076904297,0.996011863246819
38,9.3494234085083,-1.5457020998001099,1.6567679643630981,0.9927175188673474
38,9.37096881866455,-1.5448869466781616,1.6587427854537964,0.989340323771276
38,9.392509460449219,-1.5439828634262085,1.6607201099395752,0.9858890555398047
38,9.414046287536621,-1.5429905652999878,1.662697434425354,0.9823692402451778
38,9.435580253601074,-1.5419108867645264,1.6646718978881836,0.9787864984755501
38,9.457109451293945,-1.5407449007034302,1.6666408777236938,0.9751517422505542
38,9.47863483428955,-1.5394935607910156,1.668601632118225,0.9714672297577153
38,9.50015640258789,-1.5381580591201782,1.6705515384674072,0.9677380649703874
38,9.521673202514648,-1.536739468574524,1.6724876165390015,0.963974155666492
38,9.54318618774414,-1.5352388620376587,1.6744072437286377,0.9601800495791724
38,9.564695358276367,-1.5336575508117676,1.6763077974319458,0.956361437320748
38,9.586199760437012,-1.5319969654083252,1.6781864166259766,0.9525248987089481
38,9.607701301574707,-1.5302584171295166,1.6800403594970703,0.9486764768159698
38,9.62919807434082,-1.5284435749053955,1.681867003440857,0.9448224257319201
38,9.650691032409668,-1.5265538692474365,1.6836636066436768,0.9409692216259996
38,9.67218017578125,-1.5245908498764038,1.6854275465011597,0.9371188191996559
38,9.693666458129883,-1.522556185722351,1.6871557235717773,0.933243292134123
38,9.715147972106934,-1.5204517841339111,1.6888455152511597,0.9293894214469782
38,9.736625671386719,-1.5182793140411377,1.690494179725647,0.9255656756938009
38,9.758100509643555,-1.5160409212112427,1.6920992136001587,0.921781059567815
38,9.779571533203125,-1.5137383937835693,1.6936583518981934,0.9180365566729927
38,9.801039695739746,-1.5113739967346191,1.6951693296432495,0.9143379475060872
38,9.822504997253418,-1.5089497566223145,1.6966297626495361,0.9106989722892884
38,9.843966484069824,-1.5064678192138672,1.6980376243591309,0.9071211338063377
38,9.865425109863281,-1.5039303302764893,1.6993910074234009,0.9036063751415049
38,9.886880874633789,-1.5013396739959717,1.7006876468658447,0.9001601966398199
38,9.908333778381348,-1.4986982345581055,1.7019257545471191,0.896764985809892
38,9.929784774780273,-1.496008276939392,1.703102707862854,0.8934269175402345
38,9.95123291015625,-1.493272304534912,1.7042169570922852,0.8901748601124615
38,9.972679138183594,-1.490492820739746,1.7052669525146484,0.8870211139959031
38,9.994122505187988,-1.4876720905303955,1.7062512636184692,0.8839664253454017
38,10.01556396484375,-1.48481285572052,1.7071689367294312,0.8810104237022808
38,10.037002563476562,-1.4819176197052002,1.7080188989639282,0.8781570051252203
38,10.058440208435059,-1.478988766670227,1.708800196647644,0.8754095372461006
38,10.079875946044922,-1.4760290384292603,1.7095121145248413,0.8727713859348425
38,10.101309776306152,-1.4730409383773804,1.7101540565490723,0.8702255487579011
38,10.12274169921875,-1.470026969909668,1.7107247114181519,0.8677945142156649
38,10.144172668457031,-1.4669896364212036,1.7112239599227905,0.8654888760988235
38,10.165608406066895,-1.4639301300048828,1.7116516828536987,0.8633065512264235
38,10.187113761901855,-1.4608421325683594,1.7120085954666138,0.8612452781926685
38,10.208937644958496,-1.4576913118362427,1.7122968435287476,0.8592858330910031
38,10.231657028198242,-1.45439612865448,1.7125184535980225,0.8573832841162095
38,10.256072044372559,-1.4508410692214966,1.712668776512146,0.855521163193175
38,10.280486106872559,-1.4472748041152954,1.712729811668396,0.8538048796999712
38,10.307110786437988,-1.4433766603469849,1.7126970291137695,0.852090987727566
38,10.33569622039795,-1.439185619354248,1.712550163269043,0.8505084436836385
38,10.364279747009277,-1.4349925518035889,1.71229088306427,0.8491287270094415
38,10.394022941589355,-1.430632472038269,1.7119066715240479,0.8479253402991836
38,10.423765182495117,-1.426279067993164,1.7114094495773315,0.8469912936510017
38,10.453948020935059,-1.421872615814209,1.710794448852539,0.8462522250293785
38,10.48422908782959,-1.417467474937439,1.7100707292556763,0.8457947713258449
38,10.514511108398438,-1.413081169128418,1.7092456817626953,0.8455628775263665
38,10.54480266571045,-1.408716082572937,1.7083275318145752,0.8455589386515467
38,10.575096130371094,-1.4043760299682617,1.7073231935501099,0.8458102642310282
38,10.605389595031738,-1.4000638723373413,1.706241250038147,0.8462584109431648
38,10.635685920715332,-1.395782232284546,1.7050899267196655,0.8469644050622108
38,10.665983200073242,-1.3915330171585083,1.7038755416870117,0.8478791699775126
38,10.696284294128418,-1.3873183727264404,1.7026084661483765,0.8489907422583035
38,10.726587295532227,-1.3831398487091064,1.701296329498291,0.8503320383908368
38,10.756895065307617,-1.37899911403656,1.6999479532241821,0.8518433696813156
38,10.787206649780273,-1.3748975992202759,1.6985728740692139,0.8535574590891043
38,10.817523002624512,-1.3708361387252808,1.6971771717071533,0.8554696658312524
38,10.847844123840332,-1.3668160438537598,1.6957697868347168,0.8575364760284417
38,10.878170013427734,-1.362837791442871,1.6943577527999878,0.8597849245289897
38,10.908501625061035,-1.3589019775390625,1.692948818206787,0.862162112982482
38,10.93883991241455,-1.355008840560913,1.6915513277053833,0.8646830291809239
38,10.969183921813965,-1.351158618927002,1.6901706457138062,0.8673280669939037
38,10.999534606933594,-1.3473511934280396,1.688814401626587,0.870128523290773
38,11.029891967773438,-1.3435864448547363,1.6874862909317017,0.8730517331154312
38,11.060256004333496,-1.339863657951355,1.6861920356750488,0.8760570222055734
38,11.09062671661377,-1.3361823558807373,1.6849379539489746,0.8791412254564629
38,11.121004104614258,-1.332541823387146,1.683727741241455,0.8822881293266105
38,11.151388168334961,-1.3289411067962646,1.6825674772262573,0.8854937563100796
38,11.181778907775879,-1.3253793716430664,1.681460976600647,0.8887327258789295
38,11.212176322937012,-1.3218554258346558,1.6804111003875732,0.8920094198155749
38,11.242581367492676,-1.3183674812316895,1.6794214248657227,0.8953060178370393
38,11.272993087768555,-1.3149149417877197,1.6784942150115967,0.8986021102550469
38,11.303418159484863,-1.3114955425262451,1.6776329278945923,0.9019156065723744
38,11.33387279510498,-1.3081060647964478,1.6768403053283691,0.9051993484499363
38,11.364333152770996,-1.30474853515625,1.6761187314987183,0.9084832060520237
38,11.394864082336426,-1.3014142513275146,1.6754695177078247,0.911766106000379
38,11.425398826599121,-1.298109531402588,1.6748950481414795,0.9149552791389988
38,11.456077575683594,-1.294817566871643,1.6743940114974976,0.9181518646644814
38,11.48701000213623,-1.2915273904800415,1.6739672422409058,0.921406050461396
38,11.517946243286133,-1.2882649898529053,1.6736186742782593,0.9246246028177035
38,11.554169654846191,-1.2844765186309814,1.673305869102478,0.9283834176489655
38,11.619810104370117,-1.277680516242981,1.6729553937911987,0.9350060945038702
38,11.685460090637207,-1.2709629535675049,1.6728951930999756,0.9413610571863124
38,11.756936073303223,-1.2637239694595337,1.6731626987457275,0.9480800126690268
38,11.780152320861816,-1.2613873481750488,1.673319697380066,0.9504232905491468
39,0.14902527630329132,1.5985416173934937,2.563469886779785,1.0110964876163202
39,0.18988098204135895,1.5985476970672607,2.555777072906494,1.0106617370420234
39,0.29417768120765686,1.5986106395721436,2.533904552459717,1.0101162523980034
39,0.39775484800338745,1.5987430810928345,2.5088465213775635,1.0075972843999208
39,0.4876003861427307,1.5989174842834473,2.484217882156372,1.0054372143772914
39,0.5978769659996033,1.5992045402526855,2.45054292678833,0.9958910473864828
39,0.7071075439453125,1.5995664596557617,2.41361403465271,0.9839341525410218
39,0.8188604116439819,1.5999988317489624,2.373349666595459,0.966279623139681
39,0.9299353361129761,1.600486397743225,2.331249237060547,0.9452086812427973
39,1.0425347089767456,1.6010313034057617,2.287200450897217,0.9212141156378391
39,1.1547430753707886,1.6016260385513306,2.242164373397827,0.8935905317370108
39,1.267616629600525,1.6022768020629883,2.1960384845733643,0.8635751142125445
39,1.3806970119476318,1.6029824018478394,2.149385929107666,0.8303499181352114
39,1.4577878713607788,1.603495478630066,2.117464303970337,0.8061281781966573
39,1.5710314512252808,1.6042958498001099,2.0709052085876465,0.7678205815875901
39,1.652831792831421,1.6049093008041382,2.0378293991088867,0.7380292604442199
39,1.7669693231582642,1.6058131456375122,1.993443489074707,0.6951052340610331
39,1.8822331428527832,1.6067800521850586,1.9520814418792725,0.6508346392445756
39,1.9993762969970703,1.6078155040740967,1.9164202213287354,0.6105014044981357
39,2.1187634468078613,1.6089212894439697,1.8892977237701416,0.5828231784151159
39,2.2402424812316895,1.6101065874099731,1.87423837184906,0.5731285147122082
39,2.3626413345336914,1.6113626956939697,1.8720412254333496,0.5946812572683451
39,2.4513323307037354,1.6123085021972656,1.877576231956482,0.6175401595807942
39,2.5729334354400635,1.6136351823806763,1.8920131921768188,0.6635442605776121
39,2.6938321590423584,1.614972710609436,1.9115184545516968,0.7097721975790174
39,2.8143630027770996,1.616310715675354,1.9332053661346436,0.7546488179563043
39,2.93471622467041,1.617651343345642,1.9558607339859009,0.7945098962608703
39,3.0551133155822754,1.6190013885498047,1.978281855583191,0.83108339303347
39,3.17564058303833,1.6203722953796387,1.9999887943267822,0.8608823838890919
39,3.2699239253997803,1.6214642524719238,2.0162460803985596,0.8824149230346974
39,3.390791177749634,1.6229034662246704,2.035966157913208,0.9049823402624411
39,3.5118496417999268,1.6243987083435059,2.0544731616973877,0.9248756747545223
39,3.633091449737549,1.625967264175415,2.07173228263855,0.9422334795383142
39,3.7544941902160645,1.627621054649353,2.0878100395202637,0.9559081788818533
39,3.876021146774292,1.6293753385543823,2.102748394012451,0.9683286585394177
39,3.997453212738037,1.6312447786331177,2.1166107654571533,0.9781838337760053
39,4.118989944458008,1.6332449913024902,2.1295011043548584,0.9866842306074506
39,4.239528656005859,1.635378360748291,2.1413919925689697,0.9941825526151234
39,4.360141754150391,1.637678623199463,2.152467966079712,1.0001237624446981
39,4.4775824546813965,1.640095829963684,2.1625218391418457,1.005444704082857
39,4.588751316070557,1.6425670385360718,2.171433687210083,1.0097835295186266
39,4.699957847595215,1.645233154296875,2.179805278778076,1.0134881048943385
39,4.8027424812316895,1.6478893756866455,2.1871018409729004,1.016617697804983
39,4.897676467895508,1.6505234241485596,2.1934964656829834,1.019241480486235
39,4.987443923950195,1.6531877517700195,2.199262857437134,1.0214711942818422
39,5.077220916748047,1.6560337543487549,2.2047791481018066,1.0234956842806608
39,5.164576530456543,1.6589895486831665,2.2099249362945557,1.0253271948827314
39,5.251153469085693,1.6621135473251343,2.214826822280884,1.0270447176160895
39,5.337577819824219,1.6654385328292847,2.219540596008301,1.0286971794159443
39,5.423988342285156,1.6689834594726562,2.224090337753296,1.0303187140836607
39,5.5103960037231445,1.6727633476257324,2.2284929752349854,1.0319382814607383
39,5.596799373626709,1.6767934560775757,2.2327637672424316,1.0335844174274713
39,5.683195114135742,1.6810884475708008,2.2369182109832764,1.035296603174244
39,5.7695817947387695,1.685662865638733,2.2409706115722656,1.0371136441051207
39,5.855955600738525,1.69053053855896,2.2449357509613037,1.0390757838358573
39,5.9423112869262695,1.695704698562622,2.248828172683716,1.0412098370493004
39,6.028637886047363,1.7011967897415161,2.2526628971099854,1.0435523980284689
39,6.114912509918213,1.707015872001648,2.2564537525177,1.0461430801786469
39,6.201528072357178,1.713197946548462,2.2602345943450928,1.0490416697765805
39,6.289281845092773,1.7198139429092407,2.264054536819458,1.0522112204681902
39,6.377006530761719,1.7267777919769287,2.2679219245910645,1.0556666263948393
39,6.464696407318115,1.7340556383132935,2.271993637084961,1.0597510158845476
39,6.490001201629639,1.7362072467803955,2.273253917694092,1.0609426225188523
39,6.513126850128174,1.7381938695907593,2.2744340896606445,1.0619176595219966
39,6.536211013793945,1.7401976585388184,2.275627374649048,1.06285929139637
39,6.559311866760254,1.7422245740890503,2.2768256664276123,1.0637980425496825
39,6.58241081237793,1.7442736625671387,2.2780208587646484,1.0647481380249637
39,6.605562210083008,1.7463500499725342,2.2792110443115234,1.065722750379943
39,6.628782749176025,1.7484557628631592,2.280395984649658,1.0667358224119667
39,6.652053356170654,1.750589370727539,2.2815754413604736,1.0677874474865203
39,6.675134658813477,1.7527282238006592,2.2827394008636475,1.0688606400073706
39,6.69830322265625,1.7548972368240356,2.283904790878296,1.0699696023760978
39,6.721536159515381,1.757094144821167,2.2850730419158936,1.0711134271698566
39,6.7448272705078125,1.7593181133270264,2.286245584487915,1.0722876097164458
39,6.768171787261963,1.761568546295166,2.287423849105835,1.073488265804618
39,6.79156494140625,1.7638447284698486,2.2886087894439697,1.0747136266629291
39,6.814955711364746,1.7661417722702026,2.289797782897949,1.0759586714585299
39,6.838389873504639,1.7684638500213623,2.2909939289093018,1.0772238257295899
39,6.8618621826171875,1.770810604095459,2.292196750640869,1.0785080252216892
39,6.8853678703308105,1.773181438446045,2.2934062480926514,1.0798114468472242
39,6.908914089202881,1.775577187538147,2.2946224212646484,1.081133652803069
39,6.932276248931885,1.7779746055603027,2.2958340644836426,1.0824610357737277
39,6.955661296844482,1.7803949117660522,2.2970519065856934,1.0838059604484032
39,6.979065418243408,1.7828373908996582,2.2982757091522217,1.0851680561606787
39,7.00248384475708,1.785301923751831,2.2995054721832275,1.0865469219970028
39,7.025918006896973,1.7877886295318604,2.300740957260132,1.0879424892063745
39,7.04936408996582,1.790297269821167,2.3019821643829346,1.0893544010774932
39,7.072818279266357,1.7928274869918823,2.3032286167144775,1.0907830277040325
39,7.096269607543945,1.79537832736969,2.3044795989990234,1.092227533754552
39,7.119725227355957,1.7979507446289062,2.3057353496551514,1.0936886278904245
39,7.1431803703308105,1.800544261932373,2.306995391845703,1.0951660081229113
39,7.16643762588501,1.803136944770813,2.308248281478882,1.0966455999519136
39,7.189689636230469,1.8057500123977661,2.309504270553589,1.0981425706330967
39,7.212932586669922,1.8083829879760742,2.310762882232666,1.0996572427998264
39,7.236163139343262,1.8110356330871582,2.312023162841797,1.1011906342227287
39,7.2593770027160645,1.8137072324752808,2.313284397125244,1.1027443139259543
39,7.282571315765381,1.8163973093032837,2.3145458698272705,1.1043259075768217
39,7.305743217468262,1.8191052675247192,2.3158061504364014,1.105931343376215
39,7.329147815704346,1.8218603134155273,2.3170785903930664,1.1075756236201653
39,7.352421283721924,1.8246197700500488,2.3183414936065674,1.1092757885426863
39,7.37537145614624,1.8273605108261108,2.3195836544036865,1.1110219507172736
39,7.398558139801025,1.8301494121551514,2.320833444595337,1.1127999687272139
39,7.42152214050293,1.8329318761825562,2.3220651149749756,1.1146735559467482
39,7.444453716278076,1.8357319831848145,2.3232877254486084,1.1166281460226302
39,7.467830181121826,1.838608741760254,2.324525833129883,1.1186771059852123
39,7.491204738616943,1.841508388519287,2.325754404067993,1.1208955198179522
39,7.5138678550720215,1.8443422317504883,2.326935291290283,1.1230887073210523
39,7.536839008331299,1.8472366333007812,2.3281209468841553,1.1254950558782635
39,7.559621334075928,1.8501291275024414,2.329284429550171,1.1279448012424331
39,7.582759380340576,1.8530877828598022,2.3304524421691895,1.1306126333350532
39,7.60550594329834,1.8560172319412231,2.3315861225128174,1.133435071637698
39,7.628224849700928,1.8589625358581543,2.3327033519744873,1.1364369708136355
39,7.650918006896973,1.861922264099121,2.3338029384613037,1.1397292365106453
39,7.6731343269348145,1.864835500717163,2.3348617553710938,1.143223146475634
39,7.695736408233643,1.8678112030029297,2.3359196186065674,1.1470154168446585
39,7.718311786651611,1.870789647102356,2.3369545936584473,1.1511428383258147
39,7.7408599853515625,1.873761773109436,2.3379642963409424,1.1555605306248828
39,7.7633795738220215,1.8767153024673462,2.3389458656311035,1.1601505207813148
39,7.785709857940674,1.8796136379241943,2.3398892879486084,1.1647852898111728
39,7.8080058097839355,1.8824585676193237,2.340796947479248,1.1694279335074276
39,7.830277442932129,1.8852317333221436,2.341665267944336,1.1739523555852183
39,7.8525614738464355,1.8879175186157227,2.3424904346466064,1.1781737371886485
39,7.874823570251465,1.890493631362915,2.343266725540161,1.1818062214933072
39,7.8970627784729,1.8929458856582642,2.34399151802063,1.1845175118369504
39,7.919279098510742,1.895269751548767,2.3446643352508545,1.1860495203817403
39,7.941469669342041,1.8974745273590088,2.345289945602417,1.186449187254906
39,7.963631629943848,1.8995798826217651,2.3458762168884277,1.1860640450630597
39,7.985760688781738,1.9016058444976807,2.346431016921997,1.1853204536851922
39,8.007710456848145,1.9035531282424927,2.346954345703125,1.1843653922506905
39,8.029624938964844,1.9054443836212158,2.347450017929077,1.1833402725558857
39,8.051502227783203,1.9072855710983276,2.347917079925537,1.1823569314130187
39,8.07334041595459,1.9090794324874878,2.348353624343872,1.1814764219033402
39,8.095182418823242,1.910829782485962,2.348759174346924,1.1806902010990432
39,8.116985321044922,1.9125319719314575,2.3491311073303223,1.1799749422166872
39,8.138747215270996,1.9141838550567627,2.349468231201172,1.1792988342742463
39,8.160468101501465,1.9157832860946655,2.3497695922851562,1.178628571852686
39,8.182147026062012,1.9173280000686646,2.350034713745117,1.177931890908564
39,8.203784942626953,1.9188168048858643,2.3502631187438965,1.1771799594228711
39,8.225398063659668,1.9202498197555542,2.350454330444336,1.1763477478274407
39,8.247004508972168,1.921628475189209,2.3506088256835938,1.1753943429277658
39,8.268614768981934,1.9229539632797241,2.3507256507873535,1.1743266802955656
39,8.290227890014648,1.9242278337478638,2.3508052825927734,1.173147847251965
39,8.311843872070312,1.925452709197998,2.3508472442626953,1.1718520082326325
39,8.333462715148926,1.9266314506530762,2.350851535797119,1.170444609249953
39,8.355083465576172,1.9277675151824951,2.350818395614624,1.168965244553177
39,8.37670612335205,1.9288642406463623,2.35074782371521,1.167433433817781
39,8.398330688476562,1.9299250841140747,2.350640058517456,1.1658667884104883
39,8.41995620727539,1.9309526681900024,2.3504955768585205,1.1642855276674076
39,8.441582679748535,1.9319496154785156,2.350314140319824,1.1627010581326414
39,8.463211059570312,1.9329177141189575,2.3500969409942627,1.1611168329693504
39,8.48483943939209,1.9338583946228027,2.349843740463257,1.1595326024234869
39,8.506468772888184,1.9347729682922363,2.349555492401123,1.1579464429438435
39,8.528099060058594,1.935662031173706,2.3492326736450195,1.1563554332158528
39,8.549729347229004,1.9365266561508179,2.3488757610321045,1.1547564531850258
39,8.57136058807373,1.9373676776885986,2.3484854698181152,1.1531452505339472
39,8.592991828918457,1.9381859302520752,2.34806227684021,1.151523441406054
39,8.614623069763184,1.938982605934143,2.347606658935547,1.1498915527928648
39,8.63625431060791,1.9397588968276978,2.347119092941284,1.1482516165391898
39,8.657885551452637,1.9405162334442139,2.3466005325317383,1.1466061958315787
39,8.679516792297363,1.9412559270858765,2.3460512161254883,1.1449577848460735
39,8.701147079467773,1.9419795274734497,2.3454716205596924,1.1433095260846322
39,8.7227783203125,1.9426883459091187,2.344862699508667,1.141664426109618
39,8.74440860748291,1.9433839321136475,2.3442249298095703,1.1400247909061285
39,8.766037940979004,1.9440674781799316,2.3435590267181396,1.1383916571956225
39,8.787666320800781,1.9447401762008667,2.342865467071533,1.1367655708667948
39,8.809295654296875,1.9454033374786377,2.3421449661254883,1.1351467437094211
39,8.830923080444336,1.9460580348968506,2.3413984775543213,1.133535297065784
39,8.852550506591797,1.9467052221298218,2.3406264781951904,1.131930673445069
39,8.874176979064941,1.9473458528518677,2.339829921722412,1.1303331898531
39,8.89580249786377,1.9479808807373047,2.3390092849731445,1.1287424664518755
39,8.917428016662598,1.9486110210418701,2.338165521621704,1.1271587304142097
39,8.939051628112793,1.94923734664917,2.337299346923828,1.1255822852064314
39,8.960675239562988,1.9498604536056519,2.336411714553833,1.124013804696112
39,8.982297897338867,1.9504812955856323,2.335502862930298,1.1224475269502578
39,9.00391960144043,1.9511005878448486,2.334573745727539,1.120888684051109
39,9.025540351867676,1.9517191648483276,2.333625316619873,1.1193396379252547
39,9.047161102294922,1.9523375034332275,2.332658290863037,1.1178022564712973
39,9.068779945373535,1.9529563188552856,2.3316729068756104,1.116274939874347
39,9.090398788452148,1.9535762071609497,2.3306703567504883,1.1147574709940093
39,9.112016677856445,1.954197883605957,2.329651117324829,1.1132491628919159
39,9.133633613586426,1.9548217058181763,2.328616142272949,1.1117497062032946
39,9.15524959564209,1.9554483890533447,2.3275656700134277,1.1102586930125433
39,9.176864624023438,1.9560784101486206,2.326500654220581,1.108775492629432
39,9.198478698730469,1.9567123651504517,2.3254220485687256,1.1073002383263253
39,9.2200927734375,1.9573508501052856,2.3243298530578613,1.105832882486259
39,9.241704940795898,1.9579941034317017,2.323225259780884,1.1043728877494736
39,9.263317108154297,1.9586429595947266,2.322108507156372,1.1029204359300748
39,9.284928321838379,1.9592976570129395,2.3209805488586426,1.1014755948587305
39,9.306539535522461,1.959958791732788,2.3198418617248535,1.100038335615461
39,9.32814884185791,1.9606266021728516,2.318692922592163,1.0986081803335157
39,9.34975814819336,1.9613016843795776,2.3175344467163086,1.0971845289939226
39,9.371366500854492,1.961984395980835,2.3163669109344482,1.0957668502167803
39,9.392973899841309,1.9626749753952026,2.3151910305023193,1.094354590621558
39,9.414580345153809,1.9633737802505493,2.314007043838501,1.0929462616887493
39,9.436186790466309,1.9640812873840332,2.3128159046173096,1.0915428570442316
39,9.457792282104492,1.9647974967956543,2.311617612838745,1.0901442199471598
39,9.479397773742676,1.9655228853225708,2.310412883758545,1.088750452794941
39,9.501002311706543,1.9662574529647827,2.309202194213867,1.0873612064161529
39,9.522605895996094,1.9670015573501587,2.307985782623291,1.0859752073259024
39,9.544208526611328,1.9677553176879883,2.306764602661133,1.0845917592431074
39,9.565811157226562,1.968518853187561,2.3055384159088135,1.0832103463754845
39,9.58741283416748,1.969292402267456,2.3043079376220703,1.081830614762314
39,9.609013557434082,1.970076084136963,2.3030734062194824,1.0804526772867682
39,9.630614280700684,1.9708698987960815,2.301835536956787,1.0790762831453127
39,9.652215003967285,1.9716739654541016,2.3005940914154053,1.0777012928218044
39,9.673813819885254,1.972488284111023,2.299349784851074,1.076327013465112
39,9.695413589477539,1.9733128547668457,2.298102617263794,1.0749518079123446
39,9.717011451721191,1.9741474390029907,2.2968530654907227,1.0735759129221836
39,9.738609313964844,1.9749921560287476,2.2956013679504395,1.0721977856257268
39,9.760207176208496,1.9758466482162476,2.2943475246429443,1.0707880432829289
39,9.781804084777832,1.9767107963562012,2.2930920124053955,1.0693694748377243
39,9.803400993347168,1.9775843620300293,2.291834831237793,1.0679406558282285
39,9.824995994567871,1.9784671068191528,2.2905759811401367,1.0665002706409366
39,9.84659194946289,1.9793587923049927,2.289315938949585,1.065041819711313
39,9.868186950683594,1.9802591800689697,2.2880547046661377,1.0635673680710875
39,9.889781951904297,1.9811680316925049,2.286792039871216,1.0620755635205261
39,9.911375999450684,1.98208487033844,2.2855284214019775,1.0605645925741565
39,9.93297004699707,1.9830094575881958,2.2842636108398438,1.0590326387625502
39,9.95456314086914,1.9839415550231934,2.2829980850219727,1.0574780033806792
39,9.976156234741211,1.9848804473876953,2.281731367111206,1.0558985144611348
39,9.997749328613281,1.985826015472412,2.280463695526123,1.0542865002880935
39,10.019341468811035,1.9867777824401855,2.2791950702667236,1.0526411883402365
39,10.040933609008789,1.9877351522445679,2.277925491333008,1.0509627666003838
39,10.062525749206543,1.9886977672576904,2.2766549587249756,1.049249194686184
39,10.08411693572998,1.989665150642395,2.275383234024048,1.0474986664426613
39,10.105708122253418,1.9906367063522339,2.2741103172302246,1.0457096189557407
39,10.127299308776855,1.9916120767593384,2.272836446762085,1.0438799074931173
39,10.148897171020508,1.9925910234451294,2.2715606689453125,1.0420020897124105
39,10.17049503326416,1.99357271194458,2.2702834606170654,1.0400632641288556
39,10.19216251373291,1.994559645652771,2.26900053024292,1.0380615005835783
39,10.214153289794922,1.9955627918243408,2.2676963806152344,1.0359829725422174
39,10.23704719543457,1.9966078996658325,2.26633620262146,1.0337870619756362
39,10.261651039123535,1.9977309703826904,2.264871597290039,1.0314019396038523
39,10.2862548828125,1.9988532066345215,2.263404130935669,1.0289886056733528
39,10.313088417053223,2.000075340270996,2.26180100440979,1.0263448257746024
39,10.341897964477539,2.0013833045959473,2.2600772380828857,1.0233796798350752
39,10.370708465576172,2.002685546875,2.258352041244507,1.0203921276109567
39,10.400688171386719,2.0040316581726074,2.2565555572509766,1.017286616973366
39,10.431112289428711,2.005385398864746,2.254732847213745,1.0141285348502322
39,10.46153736114502,2.0067241191864014,2.25291109085083,1.0110139389836044
39,10.49206256866455,2.008049964904785,2.251086711883545,1.0079375591476618
39,10.522588729858398,2.0093586444854736,2.2492668628692627,1.0049515438667012
39,10.553126335144043,2.0106515884399414,2.247452735900879,1.0020163123633812
39,10.58366584777832,2.011929750442505,2.2456464767456055,0.999193068641875
39,10.614205360412598,2.0131945610046387,2.2438485622406006,0.9964348787240406
39,10.644745826721191,2.01444673538208,2.2420597076416016,0.9937481717595333
39,10.675287246704102,2.015686511993408,2.240280866622925,0.9911581218988353
39,10.705829620361328,2.0169146060943604,2.2385122776031494,0.9886246063213509
39,10.736373901367188,2.0181310176849365,2.236755132675171,0.9861784514021243
39,10.766919136047363,2.0193355083465576,2.2350096702575684,0.9837896326297058
39,10.797465324401855,2.0205280780792236,2.233276844024658,0.9814471947473358
39,10.82801342010498,2.0217087268829346,2.2315571308135986,0.9791939131478473
39,10.858562469482422,2.0228769779205322,2.229851722717285,0.9769785159955846
39,10.889111518859863,2.0240330696105957,2.228161096572876,0.9748345308035924
39,10.919663429260254,2.0251762866973877,2.2264862060546875,0.972752985719972
39,10.950216293334961,2.0263068675994873,2.2248282432556152,0.9706868642475964
39,10.980770111083984,2.0274245738983154,2.2231876850128174,0.9687309864478879
39,11.01132583618164,2.028529167175293,2.2215654850006104,0.9668202864159812
39,11.04188346862793,2.029620885848999,2.2199628353118896,0.964983860658673
39,11.072442054748535,2.0306997299194336,2.2183802127838135,0.9632399696086722
39,11.103002548217773,2.0317654609680176,2.2168185710906982,0.9615421127799474
39,11.133563995361328,2.032818555831909,2.2152791023254395,0.9599647393366193
39,11.1641263961792,2.0338590145111084,2.2137622833251953,0.9584648649377923
39,11.19469165802002,2.0348873138427734,2.212268829345703,0.9570430011592987
39,11.225258827209473,2.0359034538269043,2.2108001708984375,0.955745063188377
39,11.255828857421875,2.0369081497192383,2.2093565464019775,0.9545012187826194
39,11.286408424377441,2.0379016399383545,2.2079386711120605,0.9533843837188433
39,11.316988945007324,2.038884401321411,2.206547975540161,0.9523581701151593
39,11.347596168518066,2.0398576259613037,2.205183744430542,0.9514026634710342
39,11.378205299377441,2.040820837020874,2.203848361968994,0.9506063376182816
39,11.408881187438965,2.0417768955230713,2.2025394439697266,0.9498705087466981
39,11.439699172973633,2.042728900909424,2.2012550830841064,0.9492637478630938
39,11.470518112182617,2.0436737537384033,2.200002670288086,0.948782529479283
39,11.501588821411133,2.044621706008911,2.1987736225128174,0.9483678784557555
39,11.532661437988281,2.0455636978149414,2.197575807571411,0.9481469875277817
39,11.56904125213623,2.0466578006744385,2.1962087154388428,0.9479893317837524
39,11.634961128234863,2.048621892929077,2.193821430206299,0.9482434458872283
39,11.700886726379395,2.0505669116973877,2.191555976867676,0.9489878834799687
39,11.772661209106445,2.0526628494262695,2.1892309188842773,0.9505606796857368
39,11.902382850646973,2.0563764572143555,2.185398578643799,0.9553814303603029
39,11.96225357055664,2.0580625534057617,2.183798313140869,0.9576294693180705
40,1.0799784660339355,-0.18148702383041382,2.384582757949829,0.9157446496992208
40,1.1942907571792603,-0.18159116804599762,2.342142343521118,0.8892411194390737
40,1.2754679918289185,-0.18167459964752197,2.311753749847412,0.869291495411321
40,1.3900600671768188,-0.1818077117204666,2.2689428329467773,0.839166952550142
40,1.4667280912399292,-0.18190783262252808,2.2404825687408447,0.817923745694393
40,1.581796646118164,-0.18207652866840363,2.198629856109619,0.7845269833822661
40,1.6973539590835571,-0.18227069079875946,2.158149480819702,0.7497445505892916
40,1.813821792602539,-0.18249225616455078,2.1202917098999023,0.7141951907259039
40,1.9314415454864502,-0.18274424970149994,2.0862016677856445,0.6818914610199331
40,2.050615072250366,-0.18302348256111145,2.0580310821533203,0.6530299481854177
40,2.1713521480560303,-0.18332217633724213,2.03764009475708,0.6410546510603188
40,2.272247552871704,-0.18357615172863007,2.0277650356292725,0.6385657304250218
40,2.394644021987915,-0.18387676775455475,2.024245262145996,0.6539856812581633
40,2.5170109272003174,-0.1841610223054886,2.0289576053619385,0.6806183965950908
40,2.6390187740325928,-0.1844228208065033,2.0395309925079346,0.7139483730524046
40,2.7606236934661865,-0.18466337025165558,2.054076671600342,0.7500866053604204
40,2.8756206035614014,-0.18487407267093658,2.0699925422668457,0.7832373592725981
40,2.9968032836914062,-0.1850816011428833,2.087733268737793,0.8155651559597257
40,3.1179378032684326,-0.1852765828371048,2.1057991981506348,0.8442893018967672
40,3.2391254901885986,-0.18546156585216522,2.123506546020508,0.8702279757837733
40,3.360395669937134,-0.1856381893157959,2.140636682510376,0.8912969654898251
40,3.4817726612091064,-0.18580779433250427,2.1569933891296387,0.9106219615925926
40,3.6032626628875732,-0.18597190082073212,2.172487735748291,0.926487479575102
40,3.724860191345215,-0.18613162636756897,2.18711519241333,0.9398381350206543
40,3.846540927886963,-0.18628859519958496,2.200856924057007,0.9516814435799154
40,3.968313455581665,-0.18644404411315918,2.2137601375579834,0.960378587385474
40,4.089950084686279,-0.1865989714860916,2.2258377075195312,0.9681411712087623
40,4.210571765899658,-0.18675385415554047,2.237058639526367,0.9741656113694193
40,4.33125638961792,-0.18691110610961914,2.2475788593292236,0.9788333256970656
40,4.448759078979492,-0.18706806004047394,2.2571892738342285,0.9826508727801896
40,4.5599822998046875,-0.18722166121006012,2.2657577991485596,0.98484807855411
40,4.671241283416748,-0.18738164007663727,2.2738535404205322,0.9863030372717956
40,4.774074077606201,-0.1875370293855667,2.280951499938965,0.9869679115293619
40,4.869053840637207,-0.1876887083053589,2.287208318710327,0.9867650503990057
40,4.96405029296875,-0.18785005807876587,2.293203115463257,0.9858392752130812
40,5.0538763999938965,-0.18801356852054596,2.298651695251465,0.9843374295346098
40,5.141283988952637,-0.18818528950214386,2.3037657737731934,0.9822616431387324
40,5.227917194366455,-0.18837052583694458,2.3086655139923096,0.9795637317964057
40,5.314458847045898,-0.18857401609420776,2.3134043216705322,0.9761661265160713
40,5.40330696105957,-0.1888066530227661,2.3181216716766357,0.9719211531151672
40,5.492162227630615,-0.18906937539577484,2.3227055072784424,0.9666232673095948
40,5.5847907066345215,-0.18938449025154114,2.327354907989502,0.9601047890589837
40,5.680915355682373,-0.18977311253547668,2.3320517539978027,0.952168351265398
40,5.780086040496826,-0.1902664750814438,2.3367550373077393,0.9426138930940887
40,5.88170051574707,-0.19090807437896729,2.341399908065796,0.9305125686415828
40,5.983322620391846,-0.1917358785867691,2.345834732055664,0.9157308973883383
40,6.086658477783203,-0.19284562766551971,2.3500773906707764,0.8979957663778574
40,6.190878868103027,-0.19436416029930115,2.3540072441101074,0.8770734567844681
40,6.295085430145264,-0.1964993178844452,2.357442617416382,0.8507376383190297
40,6.399289131164551,-0.19954928755760193,2.3602092266082764,0.8184754189981566
40,6.502517223358154,-0.2039906531572342,2.3620235919952393,0.7814210426333565
40,6.603808403015137,-0.21056851744651794,2.362440347671509,0.7406349758719929
40,6.706514835357666,-0.22112993896007538,2.3608341217041016,0.6927294895186579
40,6.735820293426514,-0.22518445551395416,2.359893798828125,0.6796252369534288
40,6.75173282623291,-0.2276364266872406,2.3592896461486816,0.6707266419635136
40,6.808333873748779,-0.23815278708934784,2.356727123260498,0.6419767656790741
40,6.835755825042725,-0.24444185197353363,2.355351686477661,0.6280876902365151
40,6.859890460968018,-0.25075581669807434,2.354203462600708,0.6162409576135194
40,6.883591175079346,-0.2577131688594818,2.3532826900482178,0.6031605703567586
40,6.907083034515381,-0.26538214087486267,2.3527441024780273,0.5886925975881708
40,6.929991245269775,-0.273632287979126,2.3528220653533936,0.5734747755321129
40,6.952475070953369,-0.2824849486351013,2.353748321533203,0.5572475948272332
40,6.974583148956299,-0.2919410169124603,2.355799913406372,0.5391634217262807
40,6.996249198913574,-0.30199310183525085,2.359241485595703,0.5208758025702721
40,7.017282485961914,-0.3125598430633545,2.364377975463867,0.5039803459377592
40,7.037397861480713,-0.32348716259002686,2.371445894241333,0.4921399372546515
40,7.056357383728027,-0.33456161618232727,2.3806190490722656,0.4828807372854206
40,7.07414436340332,-0.34565746784210205,2.392082929611206,0.4810941458549266
40,7.090423583984375,-0.3563757836818695,2.405677080154419,0.48824867020636403
40,7.105266094207764,-0.3665310740470886,2.421334981918335,0.5003335131361517
40,7.118618965148926,-0.37582167983055115,2.43858003616333,0.5219999297882946
40,7.13070011138916,-0.38416585326194763,2.457172393798828,0.5456906855168181
40,7.141704082489014,-0.3914947211742401,2.476825714111328,0.575736242325906
40,7.151867866516113,-0.39781802892684937,2.4972667694091797,0.607280318778389
40,7.161489963531494,-0.40320056676864624,2.5184757709503174,0.6408454940460806
40,7.170688152313232,-0.40763697028160095,2.5401878356933594,0.6768540132694192
40,7.179577827453613,-0.4111650586128235,2.5621047019958496,0.7098869347528259
40,7.188401699066162,-0.41387873888015747,2.584390163421631,0.7441476044668678
40,7.197174549102783,-0.41578105092048645,2.6067800521850586,0.7789977010984063
40,7.206089019775391,-0.41695648431777954,2.6293861865997314,0.8094922693043183
40,7.215128421783447,-0.41744568943977356,2.651870012283325,0.8403807967858136
40,7.224412441253662,-0.41726404428482056,2.674424648284912,0.8702111241916177
40,7.233963966369629,-0.4164775013923645,2.6968634128570557,0.8962900719789707
40,7.2438764572143555,-0.4150941073894501,2.7193119525909424,0.9234525731483868
40,7.254190921783447,-0.4131304621696472,2.741759777069092,0.9463839217043354
40,7.264867305755615,-0.41063636541366577,2.7640221118927,0.9696517454503415
40,7.2759623527526855,-0.40758785605430603,2.786226511001587,0.9905818883033467
40,7.287428379058838,-0.40403857827186584,2.8082175254821777,1.010633453407338
40,7.29931640625,-0.3999536335468292,2.8301165103912354,1.028750515331926
40,7.311507225036621,-0.3954133093357086,2.851652145385742,1.0446220318174155
40,7.324122905731201,-0.3903581202030182,2.8730642795562744,1.0577849604930534
40,7.337006092071533,-0.38488027453422546,2.894050121307373,1.0704092382669095
40,7.350310802459717,-0.3789060115814209,2.9148809909820557,1.0792637414016
40,7.3639607429504395,-0.37246719002723694,2.935438394546509,1.087567537831242
40,7.3778886795043945,-0.3656236231327057,2.955603837966919,1.0923208247020955
40,7.392209053039551,-0.35830262303352356,2.9755775928497314,1.095521714255998
40,7.40684700012207,-0.35055020451545715,2.9952597618103027,1.0983798404378118
40,7.421794891357422,-0.3423827290534973,3.01464581489563,1.0966276516990507
40,7.436915397644043,-0.3338777422904968,3.033581495285034,1.0923813655435366
40,7.452308654785156,-0.3249809443950653,3.0522284507751465,1.0876469265105118
40,7.467898845672607,-0.31576016545295715,3.0704994201660156,1.079667156599565
40,7.483806610107422,-0.30615517497062683,3.08854603767395,1.0702506754494674
40,7.499949932098389,-0.29621291160583496,3.1063029766082764,1.0585764292760362
40,7.5161614418029785,-0.2860630750656128,3.12357497215271,1.044296876865595
40,7.533033847808838,-0.27535220980644226,3.141009569168091,1.0307050760373262
40,7.550201892852783,-0.26432788372039795,3.158205032348633,1.0133992899233355
40,7.567111492156982,-0.25336214900016785,3.174618721008301,0.9956460351110712
40,7.584129333496094,-0.24222400784492493,3.190659999847412,0.9766836382970803
40,7.601296424865723,-0.23093543946743011,3.206350803375244,0.9579173613528593
40,7.618659496307373,-0.21946945786476135,3.2217648029327393,0.9381521966881124
40,7.636245250701904,-0.2078254222869873,3.2369160652160645,0.9177674505889496
40,7.6540093421936035,-0.19603784382343292,3.251795768737793,0.8978578396356667
40,7.672249794006348,-0.18394528329372406,3.266648054122925,0.8778319115598081
40,7.690072059631348,-0.17211803793907166,3.2807979583740234,0.858109901504136
40,7.70797061920166,-0.16024410724639893,3.2946643829345703,0.8397174807725258
40,7.7259721755981445,-0.14829391241073608,3.3083248138427734,0.8209744884380534
40,7.744001865386963,-0.13631956279277802,3.321756601333618,0.8038875481891566
40,7.762096405029297,-0.12429118901491165,3.3350322246551514,0.7870429246613261
40,7.780109405517578,-0.11228189617395401,3.348097801208496,0.7714330513054298
40,7.798137187957764,-0.10023132711648941,3.361060619354248,0.7568846649174409
40,7.816102027893066,-0.08815973997116089,3.3739190101623535,0.7429876042780534
40,7.8339715003967285,-0.076090969145298,3.386672258377075,0.7307987664714425
40,7.85191535949707,-0.0638839527964592,3.399477958679199,0.7186127165844414
40,7.869597434997559,-0.05175860598683357,3.4121038913726807,0.7084441513584051
40,7.886587142944336,-0.03998039290308952,3.424252510070801,0.6984796987678277
40,7.90401029586792,-0.027783025056123734,3.43670654296875,0.6896529182071841
40,7.921335697174072,-0.015496754087507725,3.449073314666748,0.680963191365485
40,7.9384684562683105,-0.003170259529724717,3.4612362384796143,0.6728344305884877
40,7.955822467803955,0.009503859095275402,3.4734385013580322,0.6647010775420666
40,7.973330497741699,0.022478144615888596,3.4855456352233887,0.6561419813072225
40,7.990784645080566,0.035625580698251724,3.4973344802856445,0.6482234866654132
40,8.008051872253418,0.04884430021047592,3.5086333751678467,0.6392207229349812
40,8.02529525756836,0.062272775918245316,3.519474744796753,0.6325940061059203
40,8.042579650878906,0.07598531246185303,3.529829263687134,0.62447726974842
40,8.059882164001465,0.08999944478273392,3.5396697521209717,0.6210658165724781
40,8.077109336853027,0.10424834489822388,3.5489840507507324,0.6183507945733033
40,8.094320297241211,0.11871737986803055,3.557887554168701,0.619152449450482
40,8.111458778381348,0.13324230909347534,3.5664706230163574,0.6231283238374247
40,8.128744125366211,0.14762260019779205,3.5748753547668457,0.6277384904619123
40,8.146286010742188,0.1615951508283615,3.583153486251831,0.6373614557213582
40,8.164383888244629,0.17481888830661774,3.591320276260376,0.6466235858879117
40,8.18319034576416,0.1868657022714615,3.599271535873413,0.6621220263296934
40,8.202917098999023,0.1974383294582367,3.606916666030884,0.6770876861238683
40,8.223543167114258,0.20629575848579407,3.6140801906585693,0.6968727260293496
40,8.244905471801758,0.21328051388263702,3.620551347732544,0.7189592323216203
40,8.266898155212402,0.21850979328155518,3.626232624053955,0.7424899518452206
40,8.288593292236328,0.22204840183258057,3.6308882236480713,0.7662769534969619
40,8.31129264831543,0.22444643080234528,3.634854555130005,0.7912413587144026
40,8.334123611450195,0.22585901618003845,3.638009786605835,0.8166999651490423
40,8.356955528259277,0.22659195959568024,3.6404495239257812,0.8416952532927516
40,8.379773139953613,0.22692610323429108,3.642320156097412,0.8649881802588093
40,8.403059005737305,0.22706881165504456,3.6437931060791016,0.8894006521209663
40,8.42526912689209,0.2271525114774704,3.6448967456817627,0.9116504004946032
40,8.447997093200684,0.22726203501224518,3.6458306312561035,0.9341142951699906
40,8.470653533935547,0.22742010653018951,3.6466317176818848,0.9565875040297669
40,8.4931640625,0.22760988771915436,3.6473376750946045,0.9784886738349379
40,8.515604019165039,0.22778566181659698,3.647963285446167,0.9993834066171405
40,8.53797435760498,0.22788609564304352,3.648496627807617,1.0187119851630244
40,8.560347557067871,0.22784847021102905,3.648909330368042,1.0360169607638035
40,8.582650184631348,0.22761772572994232,3.6491615772247314,1.0508427619544256
40,8.604880332946777,0.22715190052986145,3.649211883544922,1.0628872703532797
40,8.627032279968262,0.2264234721660614,3.649019956588745,1.0720140196793044
40,8.649101257324219,0.22542093694210052,3.6485493183135986,1.0783025221249922
40,8.671079635620117,0.22415003180503845,3.6477713584899902,1.0817936445287857
40,8.692964553833008,0.22263292968273163,3.6466681957244873,1.083023785465955
40,8.714749336242676,0.2209061235189438,3.645235538482666,1.0826026524904302
40,8.736433029174805,0.21901202201843262,3.643484115600586,1.0809795368299524
40,8.758018493652344,0.21699441969394684,3.6414389610290527,1.0785329686450291
40,8.779507637023926,0.21489368379116058,3.63913631439209,1.075627170581732
40,8.800975799560547,0.2127382457256317,3.636611223220825,1.072530904725697
40,8.822367668151855,0.21056020259857178,3.633916139602661,1.0692310926426294
40,8.843741416931152,0.2083718478679657,3.631087303161621,1.0658149425326555
40,8.865083694458008,0.20618563890457153,3.6281652450561523,1.0622643769405213
40,8.8864164352417,0.20400384068489075,3.6251800060272217,1.0585369490200007
40,8.907742500305176,0.20182476937770844,3.622150182723999,1.0545997916643708
40,8.92906379699707,0.19964435696601868,3.6190855503082275,1.0504287303425703
40,8.950380325317383,0.19745805859565735,3.6159873008728027,1.0460197124645776
40,8.97169017791748,0.19526171684265137,3.6128528118133545,1.0415002356624392
40,8.992992401123047,0.1930527538061142,3.609675884246826,1.036910723766272
40,9.01428508758545,0.1908298134803772,3.6064505577087402,1.032284017077844
40,9.035569190979004,0.18859311938285828,3.6031711101531982,1.027680426694493
40,9.056842803955078,0.18634428083896637,3.5998334884643555,1.0231522636498251
40,9.078104972839355,0.1840856671333313,3.5964367389678955,1.0187394985069393
40,9.099358558654785,0.18181978166103363,3.5929815769195557,1.0144715620166935
40,9.120601654052734,0.17954885959625244,3.5894713401794434,1.0103602756635395
40,9.141836166381836,0.1772758513689041,3.5859124660491943,1.006404933617815
40,9.163064002990723,0.17500239610671997,3.5823135375976562,1.002409940845387
40,9.184287071228027,0.17272862792015076,3.578686237335205,0.9982947888790296
40,9.205507278442383,0.17045417428016663,3.575042724609375,0.9939886954285186
40,9.226727485656738,0.16817867755889893,3.5713951587677,0.9894295198303902
40,9.247947692871094,0.1659022569656372,3.567753553390503,0.9845549827104921
40,9.269169807434082,0.16362519562244415,3.564124822616577,0.979455991773358
40,9.29039478302002,0.16134808957576752,3.5605111122131348,0.9742897561511771
40,9.31162166595459,0.159070685505867,3.556908369064331,0.9690436643168838
40,9.332849502563477,0.15679170191287994,3.5533087253570557,0.9637733155927795
40,9.35407543182373,0.1545093059539795,3.5497031211853027,0.9585087299118059
40,9.375298500061035,0.15222196280956268,3.546083927154541,0.9532476000903221
40,9.396517753601074,0.1499287188053131,3.5424461364746094,0.9479780390557361
40,9.417732238769531,0.14762933552265167,3.538788080215454,0.9427199469435338
40,9.438943862915039,0.145325168967247,3.5351107120513916,0.9374676266375402
40,9.460151672363281,0.1430179923772812,3.53141713142395,0.9321542345820326
40,9.48135757446289,0.14070940017700195,3.5277113914489746,0.9267851125541055
40,9.502562522888184,0.13840119540691376,3.5239973068237305,0.9213683099195863
40,9.523765563964844,0.13609500229358673,3.520277738571167,0.9159172526072652
40,9.544968605041504,0.13379213213920593,3.5165536403656006,0.9104509981629564
40,9.566171646118164,0.13149386644363403,3.512824773788452,0.9050572816238754
40,9.587374687194824,0.12920226156711578,3.509089231491089,0.8997351471905182
40,9.608575820922852,0.12691806256771088,3.5053443908691406,0.8944448714044085
40,9.629776000976562,0.12464208900928497,3.501587152481079,0.8892045141321402
40,9.650975227355957,0.12237530946731567,3.497814655303955,0.8840429166044169
40,9.672171592712402,0.1201191395521164,3.4940249919891357,0.8789668341437699
40,9.693367004394531,0.11787544190883636,3.490217685699463,0.8739752365270511
40,9.714560508728027,0.11564761400222778,3.486393690109253,0.869235246060844
40,9.735753059387207,0.11343980580568314,3.4825551509857178,0.8646119473406931
40,9.756946563720703,0.11125526577234268,3.4787042140960693,0.860103454467611
40,9.7781400680542,0.10909726470708847,3.4748430252075195,0.8557171568877604
40,9.799335479736328,0.10696908831596375,3.4709739685058594,0.8514637106578266
40,9.820533752441406,0.10487394034862518,3.467099189758301,0.8473637445049335
40,9.841734886169434,0.10281507670879364,3.4632210731506348,0.8434759731329264
40,9.86293888092041,0.10079683363437653,3.4593420028686523,0.8398137796995948
40,9.884147644042969,0.09882199019193649,3.4554638862609863,0.8362978963195032
40,9.90536117553711,0.09689267724752426,3.4515881538391113,0.8329219212034715
40,9.926579475402832,0.09501058608293533,3.447715997695923,0.8296756645429207
40,9.947802543640137,0.09317712485790253,3.4438486099243164,0.8265632846591672
40,9.96903133392334,0.0913933739066124,3.4399867057800293,0.8235726639004641
40,9.990264892578125,0.08966083079576492,3.4361319541931152,0.8207970886887733
40,10.011505126953125,0.08798066526651382,3.4322853088378906,0.8181135588803848
40,10.032750129699707,0.08635309338569641,3.428447961807251,0.8155137165802683
40,10.054001808166504,0.0847780704498291,3.424619674682617,0.8129892063430022
40,10.075258255004883,0.08325541764497757,3.4208011627197266,0.8105319481750592
40,10.096521377563477,0.08178471028804779,3.416992664337158,0.8081381525673335
40,10.117788314819336,0.08036549389362335,3.413193941116333,0.8058282312400951
40,10.139060974121094,0.0789976641535759,3.40940523147583,0.8035959384150486
40,10.160345077514648,0.07767994701862335,3.4056248664855957,0.8013946354998503
40,10.181703567504883,0.07640781998634338,3.4018406867980957,0.7992122819315607
40,10.203385353088379,0.0751667320728302,3.398007392883301,0.7970192598464341
40,10.225960731506348,0.073926642537117,3.394022226333618,0.7947621759341812
40,10.248539924621582,0.07273796200752258,3.3900413513183594,0.7925175225565783
40,10.272809028625488,0.07151585072278976,3.3857667446136475,0.7901683010018417
40,10.299281120300293,0.0702459067106247,3.3811073303222656,0.787600229922882
40,10.325757026672363,0.0690399780869484,3.376450777053833,0.7850036077695473
40,10.354186058044434,0.06781380623579025,3.371453285217285,0.7822050831195931
40,10.383771896362305,0.06661105901002884,3.3662538528442383,0.779225741362917
40,10.413360595703125,0.06548147648572922,3.361053943634033,0.776248325306956
40,10.443389892578125,0.06440751254558563,3.3557746410369873,0.7731839835142539
40,10.473421096801758,0.06340494006872177,3.3504912853240967,0.7700256145055157
40,10.503551483154297,0.06246817111968994,3.345183849334717,0.7668118160313504
40,10.533692359924316,0.061597876250743866,3.3398661613464355,0.7634706212511655
40,10.563833236694336,0.060792818665504456,3.3345372676849365,0.760087226978328
40,10.593973159790039,0.06005019322037697,3.3291945457458496,0.7566065952671551
40,10.62411117553711,0.059368278831243515,3.3238353729248047,0.7529718990335639
40,10.654247283935547,0.05874437838792801,3.3184571266174316,0.7492565127109684
40,10.684380531311035,0.058175791054964066,3.3130557537078857,0.7453614321020928
40,10.714509963989258,0.05766069516539574,3.307628631591797,0.7413494961115296
40,10.744634628295898,0.05719573795795441,3.302170753479004,0.7371920129383391
40,10.77475357055664,0.056778695434331894,3.2966785430908203,0.7328003018173166
40,10.804865837097168,0.05640629678964615,3.291147232055664,0.7282789151239605
40,10.83497142791748,0.05607491359114647,3.2855710983276367,0.7234841367827082
40,10.865066528320312,0.05578166991472244,3.279944658279419,0.7184783515082985
40,10.89515209197998,0.05552169680595398,3.2742605209350586,0.7132523613506287
40,10.925224304199219,0.05529126897454262,3.268512010574341,0.707668458850945
40,10.955284118652344,0.05508515611290932,3.262691020965576,0.7018668128972909
40,10.98532772064209,0.05489673092961311,3.256787061691284,0.6956390011839869
40,11.015353202819824,0.0547204352915287,3.250791072845459,0.6890920335644455
40,11.045357704162598,0.05454730987548828,3.244691848754883,0.6822249233222822
40,11.075339317321777,0.05436974763870239,3.2384796142578125,0.6748668370870384
40,11.105294227600098,0.05417672544717789,3.2321417331695557,0.6672023470853292
40,11.13521957397461,0.05395558848977089,3.2256686687469482,0.6590953614420485
40,11.16511344909668,0.053695593029260635,3.219052791595459,0.6507185625266008
40,11.194974899291992,0.05338121950626373,3.212289571762085,0.6420926697587206
40,11.224801063537598,0.05299932137131691,3.205378770828247,0.6332794581183447
40,11.254594802856445,0.05253518372774124,3.1983256340026855,0.6244188966894832
40,11.28436279296875,0.05197523161768913,3.1911404132843018,0.6155516076192478
40,11.31410026550293,0.051307860761880875,3.183835983276367,0.6067311138383013
40,11.343832969665527,0.050517525523900986,3.176424264907837,0.5978849699018995
40,11.373538970947266,0.04959176108241081,3.1689188480377197,0.5888599769841083
40,11.403282165527344,0.04851100593805313,3.161314010620117,0.5797011500746467
40,11.433135032653809,0.047252289950847626,3.153602123260498,0.5703476366642655
40,11.462964057922363,0.045803576707839966,3.145827293395996,0.5608638806384779
40,11.493010520935059,0.04413266479969025,3.137941360473633,0.5511554236168364
40,11.523032188415527,0.04223930090665817,3.130009889602661,0.5415862213785404
40,11.558144569396973,0.039736323058605194,3.120656728744507,0.5305574190200801
40,11.621674537658691,0.034426961094141006,3.1036078929901123,0.5120501024535993
40,11.685111045837402,0.028115561231970787,3.0865533351898193,0.49442835401331325
40,11.754122734069824,0.020217793062329292,3.068213701248169,0.4771357496536795
40,11.878898620605469,0.004491148050874472,3.0359718799591064,0.4530426050743249
40,11.9520902633667,-0.004847383126616478,3.0179834365844727,0.4409641455517648
40,12.059076309204102,-0.01711040735244751,2.993633270263672,0.42710045592155094
41,0.01744992658495903,0.7565353512763977,0.6376209855079651,1.0683962832776526
41,0.10277588665485382,0.7564694881439209,0.5804914832115173,1.03568666410946
41,0.1548226922750473,0.7564243674278259,0.535021185874939,1.023020287318741
41,0.23167288303375244,0.7563236355781555,0.44120845198631287,1.0012936056973045
41,0.2509184181690216,0.7562889456748962,0.4094114899635315,1.0242463972480447
41,0.26102685928344727,0.7562705278396606,0.3902322053909302,1.0330335397713473
41,0.280997633934021,0.7562225461006165,0.33029767870903015,1.1462381433189448
41,0.28540337085723877,0.7561646699905396,0.2678707242012024,1.3860069248931897
41,0.27756616473197937,0.7561035752296448,0.20623250305652618,1.920924329575716
41,0.2754320204257965,0.756085216999054,0.19343878328800201,2.0639207973578264
41,0.2743062674999237,0.7560755014419556,0.18671466410160065,2.0306474230219433
41,0.27268362045288086,0.7558294534683228,0.12357774376869202,2.406192300274161
41,0.277116060256958,0.7557846307754517,0.10310272872447968,2.315956522731975
41,0.28280919790267944,0.755786657333374,0.08952879905700684,2.2154191956128124
41,0.30194899439811707,0.7558354735374451,0.06561244279146194,2.1394341257337897
41,0.323670893907547,0.7558732628822327,0.052621979266405106,2.0287161049087916
41,0.3446134924888611,0.7558907866477966,0.04984516277909279,2.0281852439943653
41,0.3502455949783325,0.7558941841125488,0.05057455971837044,2.089348809404661
41,0.3805583417415619,0.7559086084365845,0.055139072239398956,2.782366490508636
41,0.4108874201774597,0.7559171319007874,0.05958499014377594,2.8912022879543167
41,0.4284137785434723,0.7559219598770142,0.06371315568685532,2.626963291380352
41,0.44350337982177734,0.7559266686439514,0.06918404251337051,2.6317468878993497
41,0.4511655569076538,0.7559289932250977,0.07229331880807877,2.713101913461183
41,0.48028749227523804,0.7559348344802856,0.08171486109495163,3.2895386698384725
41,0.5102078914642334,0.7559365630149841,0.08824171125888824,3.4759868883325473
41,0.5327755808830261,0.7559341192245483,0.09382756799459457,3.4632880888762116
41,0.5510398745536804,0.7559285163879395,0.1000879555940628,3.40645870253295
41,0.5793790221214294,0.7559102177619934,0.11173847317695618,3.21317444369179
41,0.5964275002479553,0.7558938264846802,0.11808384954929352,3.315651066270061
41,0.6064848303794861,0.7558842897415161,0.12113949656486511,3.3417920505718666
41,0.6368752121925354,0.7558713555335999,0.12462501972913742,3.4975843668701607
41,0.6674196124076843,0.7558817863464355,0.12202522903680801,3.8186336223263107
41,0.697766125202179,0.755918025970459,0.11759787052869797,4.3092250962916605
41,0.7281922698020935,0.7559664249420166,0.11386772990226746,4.34397463057552
41,0.758817195892334,0.7560170292854309,0.1137935072183609,4.096113626806841
41,0.7893272638320923,0.7560582160949707,0.1165061742067337,3.546214806248386
41,0.8008631467819214,0.7560696601867676,0.1183585375547409,3.298764245303702
41,0.8310759663581848,0.7560794353485107,0.12363483011722565,2.7786335359833525
41,0.8508912324905396,0.7560651898384094,0.12654688954353333,2.563544419136489
41,0.8814722299575806,0.7560089230537415,0.12863832712173462,2.470607608463389
41,0.9002330899238586,0.7559541463851929,0.1280919909477234,2.4885348070962725
41,0.9307510852813721,0.7558398246765137,0.12509463727474213,2.534428364528996
41,0.9610342383384705,0.7556996941566467,0.12025337666273117,2.58530525766419
41,0.9913268089294434,0.7555348873138428,0.11545906215906143,2.5805802556850144
41,1.0124784708023071,0.7554039359092712,0.11261775344610214,2.5485777016923947
41,1.0430526733398438,0.7551829814910889,0.11079327762126923,2.507160791384289
41,1.073665976524353,0.754939615726471,0.11182805895805359,2.5123750784544328
41,1.1040875911712646,0.7547034621238708,0.1154082790017128,2.562962817537959
41,1.1344022750854492,0.7544973492622375,0.12006162106990814,2.5337383179824107
41,1.1646891832351685,0.7543310523033142,0.12489435076713562,2.5181205245555964
41,1.1950249671936035,0.7541890144348145,0.1294095665216446,2.5049767099407814
41,1.225420594215393,0.7540642023086548,0.133503258228302,2.500220739156403
41,1.2558772563934326,0.7539510726928711,0.13711291551589966,2.514965126889049
41,1.2863974571228027,0.7538467049598694,0.1401389092206955,2.557661194982562
41,1.3169726133346558,0.7537510991096497,0.14254547655582428,2.5778802907162617
41,1.347646713256836,0.7536628842353821,0.1442333161830902,2.6020497117563037
41,1.3783514499664307,0.7535818815231323,0.14522340893745422,2.6086289939345324
41,1.4090702533721924,0.7535079717636108,0.14558100700378418,2.611034873392774
41,1.4397913217544556,0.7534428834915161,0.1455434411764145,2.6051300427249617
41,1.4705108404159546,0.7533866167068481,0.14521312713623047,2.591549445318849
41,1.5012269020080566,0.753336489200592,0.14465130865573883,2.5707059977095836
41,1.531937837600708,0.7532946467399597,0.14385350048542023,2.5574566554612215
41,1.5626415014266968,0.7532637715339661,0.14281491935253143,2.5554129903287075
41,1.5933349132537842,0.7532519698143005,0.14150561392307281,2.5732202661073202
41,1.6240147352218628,0.7532642483711243,0.13991090655326843,2.6078449491623
41,1.6546242237091064,0.7533069252967834,0.13798043131828308,2.6380876558809385
41,1.6852127313613892,0.7534030079841614,0.13574202358722687,2.67510245401554
41,1.7157821655273438,0.7535616159439087,0.13325971364974976,2.700568801037197
41,1.7463432550430298,0.7537761926651001,0.13068047165870667,2.7241815097737905
41,1.7769099473953247,0.7539995312690735,0.1281697154045105,2.743890585252652
41,1.8074994087219238,0.7541589736938477,0.1259504109621048,2.7849403321818613
41,1.8381232023239136,0.7541750073432922,0.12426699697971344,2.85990092660071
41,1.868774175643921,0.7540187239646912,0.1232004314661026,2.9630298046261494
41,1.899438738822937,0.753678023815155,0.12272986024618149,3.085591097476055
41,1.930105209350586,0.7531980276107788,0.122608482837677,3.182695251254214
41,1.9607703685760498,0.7526288628578186,0.12257365137338638,3.2509476274177405
41,1.991434097290039,0.7520827054977417,0.12224320322275162,3.2583222784700046
41,2.0220892429351807,0.7516282796859741,0.12141203880310059,3.1931503591823405
41,2.052713632583618,0.751382052898407,0.11977166682481766,3.086491561706191
41,2.0832786560058594,0.7513736486434937,0.1172434613108635,2.933341831279373
41,2.104619026184082,0.7515217065811157,0.11490928381681442,2.8327196346375128
41,2.135058879852295,0.7518450617790222,0.11141736060380936,2.7522037520497995
41,2.165531635284424,0.7522305250167847,0.10823954641819,2.744102066423183
41,2.1960906982421875,0.752582311630249,0.10604971647262573,2.7909818418504577
41,2.226710557937622,0.7528805136680603,0.10501892864704132,2.8274599678096477
41,2.2573471069335938,0.7531145811080933,0.10529813915491104,2.8545295163262425
41,2.287940502166748,0.753276526927948,0.10695146024227142,2.8439316214092045
41,2.318419933319092,0.7533636689186096,0.11006264388561249,2.7863759285848873
41,2.348693370819092,0.7533506751060486,0.1147671639919281,2.719304590108668
41,2.378689765930176,0.7532364130020142,0.12100658565759659,2.549081259090829
41,2.4083480834960938,0.7530069947242737,0.12868854403495789,2.398345321602295
41,2.437786102294922,0.752713143825531,0.13728855550289154,2.235669062113342
41,2.4670262336730957,0.7523707151412964,0.14653778076171875,2.0808301317589253
41,2.4961652755737305,0.7520217895507812,0.15626324713230133,1.9285735882320454
41,2.5251965522766113,0.7516775131225586,0.16630631685256958,1.802865115321444
41,2.5555145740509033,0.7513472437858582,0.17686927318572998,1.6772863376172376
41,2.585874557495117,0.751065731048584,0.18731273710727692,1.577400857310179
41,2.616338014602661,0.7508423924446106,0.19744838774204254,1.4932015045672236
41,2.64699649810791,0.7507116794586182,0.20698127150535583,1.42054451106889
41,2.6932625770568848,0.7507143616676331,0.219954252243042,1.3454889073349565
41,2.7490291595458984,0.7510973215103149,0.2330809235572815,1.2542330518297469
41,2.8102898597717285,0.7519721984863281,0.2445378601551056,1.2020797542295683
41,2.85088849067688,0.7527844309806824,0.25071197748184204,1.1602008851653949
41,2.911761999130249,0.7542058825492859,0.2582266628742218,1.1297792542748053
41,2.951718807220459,0.755203902721405,0.262206494808197,1.1062438932087686
41,3.0128355026245117,0.7567274570465088,0.2673708498477936,1.0864476947975388
41,3.074007511138916,0.7581654191017151,0.2718650698661804,1.0667461276904624
41,3.135206699371338,0.7594515681266785,0.27602317929267883,1.0500974885383048
41,3.196420431137085,0.7605605125427246,0.2800156772136688,1.0345682100540485
41,3.25763201713562,0.7614784240722656,0.28408995270729065,1.0195942211130062
41,3.318835973739624,0.7622191309928894,0.28830739855766296,1.0047150283392452
41,3.3800299167633057,0.7627934813499451,0.2926955819129944,0.9902625269369748
41,3.443932056427002,0.763244092464447,0.29743990302085876,0.9746633918859197
41,3.507826089859009,0.7635654211044312,0.30229997634887695,0.9613364686813367
41,3.5717172622680664,0.7637849450111389,0.3071993887424469,0.9487258242747164
41,3.6356096267700195,0.7639321684837341,0.31209152936935425,0.937055410765149
41,3.6995038986206055,0.7640255093574524,0.3169586956501007,0.9270197437129828
41,3.763401508331299,0.76408451795578,0.32178011536598206,0.9175564681890219
41,3.8273067474365234,0.7641339898109436,0.32649555802345276,0.9092803778607046
41,3.891223430633545,0.7641900777816772,0.33104947209358215,0.9024618434428376
41,3.9551634788513184,0.7642636299133301,0.3353111147880554,0.8959627121220967
41,4.019118785858154,0.7643594145774841,0.33925458788871765,0.8884353434942225
41,4.083092212677002,0.7644833922386169,0.3428823947906494,0.8810664146638633
41,4.14711856842041,0.7646428942680359,0.3462551236152649,0.8724353973945698
41,4.271165370941162,0.7650622725486755,0.3521793782711029,0.857709148502884
41,4.394526958465576,0.7656440138816833,0.3574628531932831,0.8435181617882217
41,4.517915725708008,0.7664275169372559,0.36204370856285095,0.8312001103779001
41,4.637927055358887,0.7673977017402649,0.3656417429447174,0.8197682208837841
41,4.748425006866455,0.7685106992721558,0.3681070804595947,0.8072139771175215
41,4.858935832977295,0.769944429397583,0.3696908950805664,0.7930769026343152
41,4.958707809448242,0.7716553211212158,0.37037572264671326,0.779029087474055
41,5.054786205291748,0.7738165855407715,0.37043479084968567,0.7649898886165006
41,5.151051044464111,0.7766149640083313,0.37001004815101624,0.7511380170988048
41,5.248961925506592,0.7801804542541504,0.36924678087234497,0.7382151540741408
41,5.348762035369873,0.7845262885093689,0.36824578046798706,0.7385740192634315
41,5.448523998260498,0.7895885109901428,0.36689329147338867,0.7140126069513262
41,5.503041744232178,0.7926473617553711,0.3660491406917572,0.7076543785676135
41,5.5563063621521,0.7958353757858276,0.36522600054740906,0.7017988988883588
41,5.611347198486328,0.7993355393409729,0.3644707500934601,0.6969205716411908
41,5.6651201248168945,0.8029652237892151,0.36387234926223755,0.693398848319837
41,5.719114303588867,0.8068212866783142,0.36340048909187317,0.6909743751227209
41,5.771979331970215,0.8108053207397461,0.36301568150520325,0.6892986552693176
41,5.8248291015625,0.8149929642677307,0.3626473546028137,0.6878568375890363
41,5.878818988800049,0.8194742798805237,0.3622477650642395,0.6864601956157107
41,5.931763648986816,0.8240679502487183,0.3618214726448059,0.6850513552599344
41,5.985541820526123,0.8289335370063782,0.36136919260025024,0.6835462416556294
41,6.0371317863464355,0.8337854743003845,0.36094972491264343,0.6821324956673869
41,6.088486194610596,0.8387870192527771,0.3605850040912628,0.6808929790054438
41,6.139558792114258,0.8439214825630188,0.36030060052871704,0.6796383492474399
41,6.190273761749268,0.8491736054420471,0.3601079285144806,0.6789257243149126
41,6.240972518920898,0.8545766472816467,0.3600050210952759,0.6783719303871693
41,6.291589260101318,0.8601270914077759,0.359983891248703,0.6782557069736703
41,6.341848373413086,0.8658034801483154,0.36003947257995605,0.6783204101350229
41,6.391714572906494,0.8716098070144653,0.36017125844955444,0.6789692935198756
41,6.4414286613464355,0.8775833249092102,0.3603796064853668,0.6803135424174778
41,6.490915298461914,0.8837205171585083,0.36065301299095154,0.6824271753753188
41,6.540118217468262,0.8900176286697388,0.360967218875885,0.6851929836056017
41,6.58889627456665,0.8964544534683228,0.36128532886505127,0.6882914665180002
41,6.63795804977417,0.9031105637550354,0.3615504205226898,0.6919766819401821
41,6.688764572143555,0.9101810455322266,0.3616900146007538,0.696187132573055
41,6.713935852050781,0.9137479066848755,0.36168959736824036,0.6981635355068673
41,6.738365173339844,0.9172497391700745,0.361640989780426,0.6998154406876553
41,6.7628021240234375,0.9207977056503296,0.36154186725616455,0.701321895494614
41,6.786868572235107,0.9243422150611877,0.3613896071910858,0.702817311769063
41,6.810869216918945,0.9279316067695618,0.3611801862716675,0.7041980875843777
41,6.834887504577637,0.9315810203552246,0.3609107434749603,0.7055708881570918
41,6.8588457107543945,0.9352805614471436,0.3605801463127136,0.7069239816401914
41,6.882746696472168,0.9390316009521484,0.3601859509944916,0.7082632792026237
41,6.906591892242432,0.9428346753120422,0.35972490906715393,0.7095628453767918
41,6.930425643920898,0.9466972947120667,0.35919156670570374,0.7108692468827785
41,6.954202651977539,0.9506114721298218,0.35858288407325745,0.7120469106871316
41,6.9782280921936035,0.9546265006065369,0.35788610577583313,0.713179355191785
41,7.002049446105957,0.9586654305458069,0.35710957646369934,0.7142117368313193
41,7.0256757736206055,0.9627258777618408,0.356253445148468,0.7150955449278894
41,7.049367904663086,0.9668484330177307,0.3553108870983124,0.7158455874627511
41,7.07300329208374,0.9710086584091187,0.3542896509170532,0.716580392594827
41,7.096365451812744,0.9751644134521484,0.3532063364982605,0.717187857555521
41,7.119992733001709,0.9794073104858398,0.3520441949367523,0.7179242135091233
41,7.143562316894531,0.9836772680282593,0.3508264720439911,0.7187877870038498
41,7.167283535003662,0.9880077838897705,0.349555104970932,0.7197136245997601
41,7.191075801849365,0.9923798441886902,0.34824731945991516,0.7209567842448694
41,7.214805603027344,0.9967644810676575,0.3469224274158478,0.7225562113479906
41,7.238468170166016,1.0011563301086426,0.3455929756164551,0.7245052135094582
41,7.262124061584473,1.0055625438690186,0.34426629543304443,0.7269193609317611
41,7.285778045654297,1.0099810361862183,0.34295061230659485,0.7297934111922958
41,7.309359550476074,1.0143957138061523,0.3416562080383301,0.7330411781896594
41,7.332864761352539,1.0188028812408447,0.34038683772087097,0.7366066939659714
41,7.356289386749268,1.0231983661651611,0.3391437530517578,0.7404117265999679
41,7.379630088806152,1.027578353881836,0.3379270136356354,0.7443749591766469
41,7.402955055236816,1.031951904296875,0.3367323577404022,0.7484268348844744
41,7.42628288269043,1.0363187789916992,0.3355601131916046,0.7525002189525867
41,7.449523448944092,1.0406590700149536,0.3344167172908783,0.7565581756611695
41,7.4726738929748535,1.0449696779251099,0.33330464363098145,0.760607855914091
41,7.495733261108398,1.0492478609085083,0.3322257995605469,0.7646628034854096
41,7.518700122833252,1.0534917116165161,0.3311808705329895,0.7687291329876632
41,7.541654586791992,1.0577139854431152,0.33016538619995117,0.7728198936927844
41,7.564516067504883,1.0618988275527954,0.3291815519332886,0.7769086117917207
41,7.5873823165893555,1.066062569618225,0.3282228112220764,0.7809827836174119
41,7.610156536102295,1.0701861381530762,0.3272901177406311,0.7849982839408751
41,7.632838726043701,1.0742685794830322,0.32637980580329895,0.7888932722536328
41,7.655428886413574,1.0783082246780396,0.325488418340683,0.7926254533985035
41,7.6780009269714355,1.082316279411316,0.32461097836494446,0.7961920446851928
41,7.7004852294921875,1.0862786769866943,0.32375022768974304,0.7995692982152058
41,7.722885608673096,1.0901947021484375,0.3229082226753235,0.802788349370359
41,7.745206832885742,1.0940639972686768,0.3220885992050171,0.8058841489622613
41,7.767488956451416,1.0978929996490479,0.3212934136390686,0.8089603481049
41,7.789777755737305,1.1016892194747925,0.32052308320999146,0.8120760347091189
41,7.812089443206787,1.1054556369781494,0.31977733969688416,0.8152252863330245
41,7.834371089935303,1.1091824769973755,0.31905537843704224,0.8183820624458517
41,7.856652736663818,1.1128737926483154,0.3183525800704956,0.8215342657166306
41,7.878941059112549,1.1165292263031006,0.3176650106906891,0.8246795662560571
41,7.901235580444336,1.1201473474502563,0.3169884979724884,0.8278188677217438
41,7.923536777496338,1.1237270832061768,0.3163178861141205,0.8309410683919884
41,7.9458441734313965,1.1272671222686768,0.3156464993953705,0.834007341781839
41,7.9681572914123535,1.13076651096344,0.3149663209915161,0.8369430917240913
41,7.990476608276367,1.13422429561615,0.3142687976360321,0.8396321713353058
41,8.012802124023438,1.1376396417617798,0.313545823097229,0.8419972992188559
41,8.03513240814209,1.1410117149353027,0.31279081106185913,0.8439754141182251
41,8.05746841430664,1.1443402767181396,0.3119991421699524,0.8455349125932023
41,8.079809188842773,1.1476248502731323,0.31116923689842224,0.8466793064633069
41,8.102154731750488,1.1508653163909912,0.3103022277355194,0.8474465997675983
41,8.124505996704102,1.1540614366531372,0.30940136313438416,0.847905472396662
41,8.146862983703613,1.1572128534317017,0.30847153067588806,0.8481494250900474
41,8.16922378540039,1.160319209098816,0.30751824378967285,0.8482794764172349
41,8.191591262817383,1.1633801460266113,0.3065459132194519,0.8483920669652623
41,8.213964462280273,1.1663949489593506,0.3055572509765625,0.8485481488583263
41,8.236342430114746,1.1693634986877441,0.3045524060726166,0.8487436685766353
41,8.2587251663208,1.1722854375839233,0.3035290539264679,0.8489286252364836
41,8.281113624572754,1.1751606464385986,0.3024829924106598,0.849020888474929
41,8.303506851196289,1.1779892444610596,0.3014095425605774,0.8489177529253178
41,8.325909614562988,1.180771827697754,0.30030500888824463,0.8485523479574576
41,8.348329544067383,1.1835098266601562,0.29916810989379883,0.8478807493618029
41,8.370765686035156,1.1862032413482666,0.29800114035606384,0.8469042467038552
41,8.393202781677246,1.1888502836227417,0.2968105673789978,0.845672477902138
41,8.415644645690918,1.1914513111114502,0.2956041693687439,0.8442716882269041
41,8.438100814819336,1.194007158279419,0.2943909764289856,0.8428497223265942
41,8.460592269897461,1.1965192556381226,0.29318001866340637,0.8415240739680496
41,8.483087539672852,1.1989829540252686,0.2919817864894867,0.8404068180352433
41,8.505583763122559,1.2013965845108032,0.29080331325531006,0.8395671233525082
41,8.528103828430176,1.203761100769043,0.28964611887931824,0.839020493914302
41,8.55061149597168,1.206071376800537,0.288510799407959,0.8387136582004788
41,8.573103904724121,1.2083262205123901,0.28739315271377563,0.8385308146929369
41,8.595573425292969,1.2105252742767334,0.28628796339035034,0.8383410427118843
41,8.61801528930664,1.212668538093567,0.2851908504962921,0.8380417566487312
41,8.640423774719238,1.2147564888000488,0.2840999662876129,0.8375805703633955
41,8.662795066833496,1.2167898416519165,0.28301629424095154,0.836955475497897
41,8.685124397277832,1.2187691926956177,0.2819436192512512,0.8362070894080342
41,8.707406997680664,1.2206954956054688,0.28088802099227905,0.8354071337780921
41,8.729640007019043,1.2225699424743652,0.2798568904399872,0.8346479384417825
41,8.751816749572754,1.2243939638137817,0.2788580358028412,0.8340115140083045
41,8.7738676071167,1.2261632680892944,0.2779015302658081,0.8335803856669568
41,8.795872688293457,1.22788667678833,0.27698811888694763,0.8334269868919011
41,8.817991256713867,1.2295773029327393,0.27611374855041504,0.8335144521488005
41,8.840046882629395,1.2312214374542236,0.2752860188484192,0.8338261643471363
41,8.86203670501709,1.232818603515625,0.2745041251182556,0.8343362706549655
41,8.88395881652832,1.2343683242797852,0.2737668752670288,0.8350280952898486
41,8.90581226348877,1.2358698844909668,0.27307233214378357,0.8358824193235036
41,8.927594184875488,1.2373225688934326,0.27241817116737366,0.8368711721387231
41,8.949323654174805,1.2387269735336304,0.2718012034893036,0.8379618486934517
41,8.971047401428223,1.2400851249694824,0.27121803164482117,0.8391272356543367
41,8.992767333984375,1.2413959503173828,0.27066725492477417,0.8403508613759003
41,9.014476776123047,1.2426576614379883,0.2701486349105835,0.8416284146690736
41,9.03618335723877,1.2438703775405884,0.26966241002082825,0.8429650523678665
41,9.05788803100586,1.2450339794158936,0.2692100405693054,0.8443755714653584
41,9.079591751098633,1.2461501359939575,0.26879405975341797,0.8458929226949113
41,9.101295471191406,1.2472211122512817,0.26841774582862854,0.84756695400939
41,9.122998237609863,1.2482508420944214,0.26808321475982666,0.8494338042585118
41,9.144701957702637,1.2492436170578003,0.267790287733078,0.8515076527848272
41,9.166404724121094,1.2502038478851318,0.26753705739974976,0.8537944177640148
41,9.188159942626953,1.2511379718780518,0.26731938123703003,0.8562675405381037
41,9.209914207458496,1.252047061920166,0.26713308691978455,0.8586083323595237
41,9.23169231414795,1.2529340982437134,0.2669723629951477,0.8609595617236884
41,9.253469467163086,1.253798484802246,0.2668319642543793,0.8633047898247528
41,9.275245666503906,1.2546391487121582,0.26670801639556885,0.8656061522889573
41,9.297019958496094,1.2554547786712646,0.26659902930259705,0.86786675277689
41,9.318793296813965,1.2562443017959595,0.26650556921958923,0.8701464063063717
41,9.340564727783203,1.2570075988769531,0.26642918586730957,0.8725098259167987
41,9.362334251403809,1.2577452659606934,0.2663711607456207,0.8750148149970767
41,9.384101867675781,1.2584587335586548,0.26633110642433167,0.8776811226655192
41,9.405865669250488,1.2591497898101807,0.2663061022758484,0.8804677200393911
41,9.427627563476562,1.2598192691802979,0.2662913203239441,0.8832871134733132
41,9.449384689331055,1.260467767715454,0.2662822902202606,0.8857660981882007
41,9.471146583557129,1.2610958814620972,0.2662758231163025,0.8880380830797048
41,9.492902755737305,1.2617027759552002,0.2662705183029175,0.8902325732479787
41,9.514652252197266,1.2622880935668945,0.2662668824195862,0.8923904494372346
41,9.536395072937012,1.2628514766693115,0.266266405582428,0.894575826387654
41,9.558131217956543,1.263393521308899,0.2662704586982727,0.8968496056207635
41,9.57986068725586,1.2639156579971313,0.26627907156944275,0.8992342221819953
41,9.60158634185791,1.264419436454773,0.2662900686264038,0.9016998251778231
41,9.623309135437012,1.264906644821167,0.2662999927997589,0.9041872266487518
41,9.645028114318848,1.2653783559799194,0.26630496978759766,0.9066386220135625
41,9.666741371154785,1.2658357620239258,0.26630130410194397,0.9090101051449329
41,9.688448905944824,1.2662793397903442,0.2662859261035919,0.9112695413299136
41,9.710149765014648,1.266709566116333,0.2662563621997833,0.913395995468863
41,9.731843948364258,1.2671269178390503,0.26621097326278687,0.9153802652931902
41,9.75352954864502,1.267531394958496,0.2661486268043518,0.9172229731026416
41,9.77520751953125,1.26792311668396,0.2660684287548065,0.9189142736520226
41,9.79688549041748,1.268302083015442,0.26596930623054504,0.9204322983489339
41,9.818553924560547,1.2686676979064941,0.2658502459526062,0.9217502282453139
41,9.840214729309082,1.269019365310669,0.26571041345596313,0.922860734514722
41,9.861867904663086,1.2693557739257812,0.26554930210113525,0.9237402080822137
41,9.883515357971191,1.2696754932403564,0.2653670608997345,0.9243744986312732
41,9.905162811279297,1.2699774503707886,0.26516443490982056,0.9247649770211284
41,9.926811218261719,1.2702600955963135,0.26494264602661133,0.9249084164321644
41,9.948458671569824,1.270522117614746,0.2647028863430023,0.9247681979052742
41,9.97010612487793,1.2707619667053223,0.2644461691379547,0.9243774323313817
41,9.991754531860352,1.2709778547286987,0.2641734778881073,0.923757757163643
41,10.013401985168457,1.2711678743362427,0.2638859152793884,0.9229206834366251
41,10.035049438476562,1.2713299989700317,0.2635846734046936,0.9218813306630175
41,10.056697845458984,1.271462321281433,0.2632705569267273,0.9206499820358974
41,10.07834529876709,1.2715635299682617,0.2629440128803253,0.9192268833775074
41,10.099993705749512,1.271632432937622,0.26260513067245483,0.9176018311145727
41,10.121642112731934,1.2716678380966187,0.2622542083263397,0.9157367968042756
41,10.143289566040039,1.271668791770935,0.26189184188842773,0.9136745307623043
41,10.16494369506836,1.2716343402862549,0.2615187168121338,0.9114254895189331
41,10.186668395996094,1.271562933921814,0.26113489270210266,0.9089923855726412
41,10.208717346191406,1.2714520692825317,0.2607373893260956,0.9063675533599714
41,10.231670379638672,1.2712955474853516,0.2603178918361664,0.9035104043093524
41,10.256338119506836,1.271081566810608,0.2598637044429779,0.9003490228971662
41,10.281005859375,1.27082097530365,0.25940829515457153,0.8971518198206881
41,10.307908058166504,1.270484447479248,0.25891196727752686,0.8936353827293984
41,10.336791038513184,1.2700624465942383,0.25837868452072144,0.8897955314302727
41,10.365673065185547,1.269576907157898,0.2578434646129608,0.8858543799121381
41,10.395726203918457,1.2690027952194214,0.25727975368499756,0.8816378165919674
41,10.425776481628418,1.268357515335083,0.25670716166496277,0.8771207381795052
41,10.456271171569824,1.26762855052948,0.2561153173446655,0.8724079479352327
41,10.486863136291504,1.2668237686157227,0.25551584362983704,0.8674538558901697
41,10.51745319366455,1.2659478187561035,0.2549158036708832,0.8625020241156359
41,10.548051834106445,1.2650079727172852,0.2543279528617859,0.8575737544875681
41,10.578649520874023,1.264011263847351,0.25376051664352417,0.8528822752418619
41,10.609245300292969,1.2629650831222534,0.2532220184803009,0.8483167600427706
41,10.639840126037598,1.2618749141693115,0.2527163028717041,0.8439466200641147
41,10.67043399810791,1.260743260383606,0.25224563479423523,0.8397185244604057
41,10.701026916503906,1.2595720291137695,0.2518119513988495,0.8356061436451223
41,10.731618881225586,1.258360505104065,0.2514171302318573,0.8316875307092338
41,10.76220989227295,1.2571079730987549,0.2510630786418915,0.8279274566584005
41,10.792799949645996,1.255810260772705,0.2507524788379669,0.8243684032219646
41,10.82338809967041,1.2544647455215454,0.2504895031452179,0.8211469391115301
41,10.853974342346191,1.2530673742294312,0.2502819299697876,0.8181840897543788
41,10.884557723999023,1.2516164779663086,0.2501440644264221,0.8158408786169108
41,10.915138244628906,1.2501106262207031,0.25008687376976013,0.8139860372325425
41,10.945717811584473,1.2485477924346924,0.25012192130088806,0.8126706985471179
41,10.976292610168457,1.246924877166748,0.25024598836898804,0.811861909358707
41,11.006864547729492,1.2452380657196045,0.2504499554634094,0.8112536274275239
41,11.037431716918945,1.243483304977417,0.2507183849811554,0.8107600957457798
41,11.067994117736816,1.241658091545105,0.25104424357414246,0.8103296232877699
41,11.098551750183105,1.239758849143982,0.25142359733581543,0.8099642600016442
41,11.12910270690918,1.2377843856811523,0.25186169147491455,0.8098682324076616
41,11.159648895263672,1.2357335090637207,0.2523654103279114,0.810007424505001
41,11.19018840789795,1.233604907989502,0.2529451549053192,0.8105331729640854
41,11.220720291137695,1.2313979864120483,0.25360676646232605,0.8115016392192084
41,11.251245498657227,1.2291100025177002,0.25435778498649597,0.8127991599750161
41,11.281768798828125,1.226737380027771,0.2551969885826111,0.8147055784881143
41,11.31228256225586,1.2242777347564697,0.2561211884021759,0.8169539781432796
41,11.342806816101074,1.221726417541504,0.2571186423301697,0.8196191646113297
41,11.369171142578125,1.2194485664367676,0.25803402066230774,0.8221957805698084
