id,x,y,z,speed
0,0.6470336318016052,-0.3330442011356354,3.7079312801361084,1.003011170832798
0,0.7623315453529358,-0.33306068181991577,3.7099521160125732,1.0043793510927552
0,0.8810970187187195,-0.3330804705619812,3.712402105331421,1.005965977283324
0,1.0019770860671997,-0.33310335874557495,3.715178966522217,1.0079537123593059
0,1.1228524446487427,-0.333128958940506,3.7181520462036133,1.0100381311784623
0,1.2447521686553955,-0.33315736055374146,3.7211694717407227,1.0122053733700964
0,1.3666547536849976,-0.3331885039806366,3.7240676879882812,1.014259668819797
0,1.4889544248580933,-0.3332228660583496,3.72670316696167,1.0162097610210512
0,1.6113790273666382,-0.3332613408565521,3.728881597518921,1.01794172516865
0,1.7338124513626099,-0.333304762840271,3.7304887771606445,1.0191753665337295
0,1.8562791347503662,-0.3333546817302704,3.731355905532837,1.0201491812225043
0,1.978752851486206,-0.3334123492240906,3.7314085960388184,1.020123571472505
0,2.1012237071990967,-0.3334789574146271,3.730593204498291,1.0196167530080034
0,2.223686695098877,-0.3335559368133545,3.7289206981658936,1.0184205707982836
0,2.3461356163024902,-0.33364418148994446,3.726430892944336,1.0163020189385226
0,2.468567371368408,-0.3337447941303253,3.723209857940674,1.0138076783740215
0,2.5909817218780518,-0.3338586688041687,3.719376802444458,1.0104910714083442
0,2.713378667831421,-0.3339865505695343,3.7150216102600098,1.006842954150724
0,2.835761308670044,-0.33412954211235046,3.7102863788604736,1.002873715116454
0,2.95813250541687,-0.33428865671157837,3.705258846282959,0.9985564662875548
0,3.080495834350586,-0.33446523547172546,3.700044870376587,0.9941399876786003
0,3.202855348587036,-0.3346611559391022,3.6947431564331055,0.9895730581533788
0,3.325213670730591,-0.33487799763679504,3.6894171237945557,0.9849740177118232
0,3.4475748538970947,-0.3351183831691742,3.684156656265259,0.980346960182097
0,3.569941282272339,-0.3353848159313202,3.679021120071411,0.9757758275497244
0,3.6923153400421143,-0.3356800377368927,3.6740710735321045,0.9712303481193053
0,3.8146793842315674,-0.33600807189941406,3.6693735122680664,0.9667467164609852
0,3.93705415725708,-0.3363720178604126,3.6649696826934814,0.9623570299605007
0,4.0592217445373535,-0.3367762863636017,3.66092848777771,0.9580205339199832
0,4.180309772491455,-0.3372223377227783,3.657320976257324,0.953905517306778
0,4.301409721374512,-0.3377181589603424,3.6541521549224854,0.949916977503299
0,4.419274806976318,-0.3382548987865448,3.651540994644165,0.9461929830944571
0,4.537149906158447,-0.3388500511646271,3.649432897567749,0.9427882643994008
0,4.648691177368164,-0.33947283029556274,3.6479408740997314,0.9397682681960866
0,4.751762390136719,-0.34010547399520874,3.6470303535461426,0.9372175379840595
0,4.854836940765381,-0.34079793095588684,3.646594524383545,0.9350213846790932
0,4.950019836425781,-0.34149524569511414,3.646634578704834,0.9332619682975205
0,5.040007591247559,-0.3422098457813263,3.647076368331909,0.9318718016530764
0,5.127557754516602,-0.34296002984046936,3.64788818359375,0.9307905723431487
0,5.214317798614502,-0.34375983476638794,3.6490650177001953,0.9299835694081285
0,5.30091667175293,-0.3446173071861267,3.6506078243255615,0.9294350373105306
0,5.387493133544922,-0.3455369472503662,3.6525161266326904,0.9291755191175676
0,5.47406005859375,-0.3465224504470825,3.6547868251800537,0.9291658836854345
0,5.5606160163879395,-0.34757763147354126,3.657417058944702,0.9293973858549262
0,5.647159576416016,-0.3487071394920349,3.660403251647949,0.9298616776375167
0,5.733688831329346,-0.34991589188575745,3.6637423038482666,0.930547897859004
0,5.820202350616455,-0.35120946168899536,3.667430877685547,0.9314465804950288
0,5.906695365905762,-0.3525939881801605,3.671466112136841,0.9325423910959423
0,5.99324893951416,-0.3540782332420349,3.675849676132202,0.9338379493551193
0,6.079782962799072,-0.35566839575767517,3.680574893951416,0.9352844548096547
0,6.167349815368652,-0.35739338397979736,3.685701608657837,0.936876510799626
0,6.257015228271484,-0.3592887818813324,3.6913070678710938,0.9385781008641927
0,6.3493499755859375,-0.36138442158699036,3.697450637817383,0.9403579140416576
0,6.4439377784729,-0.36369165778160095,3.704141616821289,0.9422432655682235
0,6.496240615844727,-0.3650423288345337,3.708024024963379,0.9433706804872358
0,6.521391868591309,-0.365710973739624,3.709939479827881,0.9438953420779891
0,6.546341896057129,-0.3663865327835083,3.7118709087371826,0.9443895889983319
0,6.571253776550293,-0.3670732080936432,3.7138307094573975,0.9448717276461355
0,6.59603214263916,-0.3677683472633362,3.715811014175415,0.945346053878413
0,6.620981693267822,-0.3684806227684021,3.717836380004883,0.9458123867729382
0,6.646013259887695,-0.36920782923698425,3.719900131225586,0.9462722966603511
0,6.671131134033203,-0.36995044350624084,3.7220027446746826,0.9467238944507314
0,6.696089267730713,-0.370701402425766,3.724123954772949,0.9471608122951756
0,6.721044540405273,-0.3714655041694641,3.7262766361236572,0.9475884494057234
0,6.74608039855957,-0.3722456395626068,3.728468418121338,0.94800851084385
0,6.771190166473389,-0.37304186820983887,3.7307000160217285,0.9484210746061563
0,6.796367168426514,-0.3738543391227722,3.732970952987671,0.9488264165640119
0,6.821605205535889,-0.37468311190605164,3.7352819442749023,0.9492248301627656
0,6.846897602081299,-0.3755282461643219,3.737633466720581,0.9496174553015626
0,6.872222423553467,-0.37638920545578003,3.7400240898132324,0.9500044994047018
0,6.897589683532715,-0.3772665560245514,3.7424559593200684,0.9503865283187365
0,6.9229936599731445,-0.37816035747528076,3.744929790496826,0.9507644921460295
0,6.948427200317383,-0.37907058000564575,3.747446298599243,0.9511374948450131
0,6.973664283752441,-0.37998929619789124,3.749983787536621,0.9515018437338293
0,6.998931884765625,-0.38092485070228577,3.75256609916687,0.9518653972304015
0,7.02422571182251,-0.3818773329257965,3.7551939487457275,0.9522296356920962
0,7.049539089202881,-0.3828468322753906,3.757868766784668,0.9525964714350774
0,7.074865818023682,-0.3838333487510681,3.760591745376587,0.9529679832344176
0,7.100200176239014,-0.38483697175979614,3.7633633613586426,0.9533468431524529
0,7.12553596496582,-0.3858577013015747,3.7661855220794678,0.9537357677367628
0,7.150867462158203,-0.3868955969810486,3.769059419631958,0.9541381956136058
0,7.1761884689331055,-0.38795068860054016,3.771986246109009,0.9545502314663014
0,7.2012858390808105,-0.38901421427726746,3.7749428749084473,0.9549750285647157
0,7.226365089416504,-0.39009493589401245,3.7779548168182373,0.955423512533992
0,7.251420974731445,-0.39119282364845276,3.781024217605591,0.9559008156042574
0,7.2764482498168945,-0.39230790734291077,3.7841525077819824,0.9564124783550978
0,7.301441669464111,-0.3934401273727417,3.787341356277466,0.9569650083318443
0,7.3263959884643555,-0.39458945393562317,3.790593147277832,0.9575674314861559
0,7.351306915283203,-0.39575594663619995,3.793910264968872,0.958220354752843
0,7.3765130043029785,-0.3969557583332062,3.797340154647827,0.958924145607856
0,7.4014058113098145,-0.3981606364250183,3.8008038997650146,0.9597062442234018
0,7.425661563873291,-0.39935463666915894,3.804257869720459,0.9605513378994273
0,7.450698375701904,-0.40060704946517944,3.8079044818878174,0.9615151972171696
0,7.475299835205078,-0.4018581807613373,3.8115735054016113,0.9625879886927058
0,7.4998393058776855,-0.40312668681144714,3.815321207046509,0.9637816357730576
0,7.524313449859619,-0.40441223978996277,3.8191494941711426,0.965092992358148
0,7.5485405921936035,-0.4057058095932007,3.823033332824707,0.9666028579395072
0,7.572636127471924,-0.40701407194137573,3.826995611190796,0.9682507244285529
0,7.5966477394104,-0.4083387851715088,3.8310422897338867,0.9701125970268706
0,7.620583534240723,-0.4096810519695282,3.835179090499878,0.9722309315575374
0,7.644439220428467,-0.4110412895679474,3.8394086360931396,0.9746516271410267
0,7.668146133422852,-0.41241613030433655,3.8437211513519287,0.9773479834894944
0,7.691588878631592,-0.4137992858886719,3.8480968475341797,0.9804068824122262
0,7.71508264541626,-0.4152100384235382,3.8525965213775635,0.9839341659228708
0,7.738868236541748,-0.4166640043258667,3.857268810272217,0.9880071478228442
0,7.762081146240234,-0.4181097447872162,3.861945629119873,0.9927993756479899
0,7.785196304321289,-0.41957756876945496,3.8667190074920654,0.9982394904293111
0,7.808051109313965,-0.4210570752620697,3.8715481758117676,1.004409746610397
0,7.830202579498291,-0.4225197434425354,3.876333236694336,1.0116275539923065
0,7.852947235107422,-0.42405012249946594,3.8813400268554688,1.0199977957600408
0,7.875608921051025,-0.42560282349586487,3.8864049911499023,1.0298515595741426
0,7.898166179656982,-0.42717355489730835,3.891494035720825,1.040958764856002
0,7.920475959777832,-0.4287479817867279,3.89654278755188,1.053220334533538
0,7.9427266120910645,-0.4303317964076996,3.9015450477600098,1.066957253779393
0,7.964936256408691,-0.43191128969192505,3.906421661376953,1.0810221276608762
0,7.987130165100098,-0.4334622323513031,3.911066770553589,1.0925401687802554
0,8.009324073791504,-0.4349546730518341,3.9153943061828613,1.0986163766592436
0,8.031353950500488,-0.43635955452919006,3.919360637664795,1.0990479894516165
0,8.053434371948242,-0.4376884996891022,3.9230620861053467,1.0934544588386597
0,8.075480461120605,-0.43895024061203003,3.92659068107605,1.0858321715878705
0,8.09747314453125,-0.4401651620864868,3.930049419403076,1.0787832814013314
0,8.119400978088379,-0.4413500130176544,3.933505058288574,1.073227756711403
0,8.141255378723145,-0.442516565322876,3.936995029449463,1.0693339612001833
0,8.163041114807129,-0.44367504119873047,3.9405460357666016,1.0671768899798009
0,8.184528350830078,-0.4448219835758209,3.944138288497925,1.066599377271326
0,8.205926895141602,-0.44597914814949036,3.9478225708007812,1.06796968983289
0,8.227248191833496,-0.4471610188484192,3.9516100883483887,1.0713836428071686
0,8.248517990112305,-0.44838178157806396,3.9554903507232666,1.076902947285237
0,8.269775390625,-0.44964227080345154,3.9594247341156006,1.083312050029764
0,8.29102897644043,-0.45092716813087463,3.963348627090454,1.0891602273033967
0,8.312296867370605,-0.4522123634815216,3.9671905040740967,1.0934496782049876
0,8.33359146118164,-0.45347580313682556,3.970890998840332,1.096112068216924
0,8.354918479919434,-0.4547010362148285,3.9744150638580322,1.0975978495537195
0,8.376276969909668,-0.4558793306350708,3.977759838104248,1.0979606287622117
0,8.397661209106445,-0.4570087790489197,3.9809494018554688,1.097158122644709
0,8.41906452178955,-0.45809313654899597,3.9840245246887207,1.0954928980494754
0,8.44048023223877,-0.45914047956466675,3.9870340824127197,1.093433519861822
0,8.461897850036621,-0.46016228199005127,3.9900271892547607,1.0913218486188536
0,8.483314514160156,-0.46116888523101807,3.9930405616760254,1.0888626228966003
0,8.504724502563477,-0.46216821670532227,3.9960973262786865,1.0867843319911075
0,8.526127815246582,-0.4631652534008026,3.999206304550171,1.0851558026243358
0,8.547524452209473,-0.46416163444519043,4.00236177444458,1.0839078090410394
0,8.568916320800781,-0.46515634655952454,4.005548477172852,1.0828975634177096
0,8.59030532836914,-0.46614694595336914,4.008748531341553,1.082057910780007
0,8.61169719696045,-0.4671306908130646,4.011942386627197,1.0813289905876884
0,8.633091926574707,-0.46810489892959595,4.015115261077881,1.0806518867042154
0,8.654491424560547,-0.4690665900707245,4.018255710601807,1.0796225078346642
0,8.675898551940918,-0.470013290643692,4.021355152130127,1.0786518756497183
0,8.697312355041504,-0.4709434509277344,4.02440881729126,1.0777268587664788
0,8.718733787536621,-0.47185635566711426,4.027416229248047,1.0768778033361817
0,8.740161895751953,-0.4727518558502197,4.030378341674805,1.076114674917928
0,8.7615966796875,-0.47363054752349854,4.033298969268799,1.0754373153570593
0,8.783037185668945,-0.47449347376823425,4.0361833572387695,1.074844091782989
0,8.804482460021973,-0.4753420948982239,4.039035797119141,1.0743345880255117
0,8.825931549072266,-0.4761779010295868,4.041861057281494,1.0737051176159815
0,8.847384452819824,-0.47700241208076477,4.04466438293457,1.073063308583893
0,8.868840217590332,-0.477817177772522,4.047447681427002,1.0725168068821678
0,8.890297889709473,-0.4786234498023987,4.050213813781738,1.072065183059794
0,8.911758422851562,-0.4794224202632904,4.052964210510254,1.071708868207787
0,8.933220863342285,-0.4802148938179016,4.055698394775391,1.0714490868056026
0,8.954686164855957,-0.48100146651268005,4.058416366577148,1.0712883236934854
0,8.976153373718262,-0.4817824959754944,4.061117172241211,1.0712300069151321
0,8.997623443603516,-0.4825581908226013,4.063798904418945,1.07128489225745
0,9.019095420837402,-0.4833286702632904,4.066460609436035,1.0713254143458992
0,9.040571212768555,-0.4840940833091736,4.069100379943848,1.0713899760391623
0,9.062049865722656,-0.484854519367218,4.071717262268066,1.0715943113661306
0,9.083531379699707,-0.4856099486351013,4.074309825897217,1.0719412232510799
0,9.105015754699707,-0.4863603711128235,4.076878070831299,1.072432779460389
0,9.126503944396973,-0.48710575699806213,4.079420566558838,1.0730707881110575
0,9.147994995117188,-0.48784610629081726,4.081937313079834,1.073869341714561
0,9.169488906860352,-0.48858141899108887,4.084427356719971,1.0748276730072477
0,9.190986633300781,-0.4893116056919098,4.086891174316406,1.0759365161061178
0,9.212488174438477,-0.49003660678863525,4.089328289031982,1.077195176925239
0,9.233991622924805,-0.4907563328742981,4.091737270355225,1.0784632126173834
0,9.255498886108398,-0.4914708435535431,4.094119071960449,1.079832947788337
0,9.277009963989258,-0.49217984080314636,4.096471786499023,1.0813567965382753
0,9.298523902893066,-0.49288302659988403,4.098795413970947,1.0830436443543063
0,9.32004165649414,-0.4935799539089203,4.101088047027588,1.0848948300525847
0,9.341562271118164,-0.49427005648612976,4.103349208831787,1.0868909960693738
0,9.36308765411377,-0.49495282769203186,4.105576992034912,1.0890298862084862
0,9.384615898132324,-0.49562761187553406,4.107770919799805,1.0913105051024867
0,9.406147956848145,-0.49629372358322144,4.109928131103516,1.0937311820494013
0,9.427684783935547,-0.4969503581523895,4.112048149108887,1.0962896358905123
0,9.449225425720215,-0.49759671092033386,4.114128589630127,1.0989885499529264
0,9.470769882202148,-0.4982318878173828,4.116167068481445,1.1017503046217008
0,9.49232006072998,-0.49885520339012146,4.118162631988525,1.1045735036780782
0,9.513874053955078,-0.49946561455726624,4.120112895965576,1.1075193028795907
0,9.535432815551758,-0.500062108039856,4.122015476226807,1.1105812880070618
0,9.55699634552002,-0.5006434917449951,4.123867988586426,1.1137545953400196
0,9.578563690185547,-0.5012086629867554,4.125668525695801,1.1170281128597803
0,9.600137710571289,-0.501756489276886,4.127414703369141,1.120393613228716
0,9.621715545654297,-0.5022857785224915,4.129103660583496,1.1238657765074123
0,9.643298149108887,-0.502795398235321,4.130733966827393,1.1274097942916916
0,9.664886474609375,-0.5032841563224792,4.132302761077881,1.1310150154696639
0,9.686479568481445,-0.5037508606910706,4.133807182312012,1.1346712680167976
0,9.708078384399414,-0.5041942596435547,4.1352458000183105,1.1383682600006058
0,9.729681968688965,-0.5046132206916809,4.13661527633667,1.1420956800460833
0,9.751289367675781,-0.5050065517425537,4.137913227081299,1.145843438216948
0,9.772902488708496,-0.5053731203079224,4.1391377449035645,1.1496085996379881
0,9.794519424438477,-0.5057117938995361,4.140286445617676,1.1533527162479256
0,9.816142082214355,-0.5060215592384338,4.141357421875,1.1570238185321131
0,9.837767601013184,-0.5063012838363647,4.142347812652588,1.1606767683727466
0,9.859397888183594,-0.5065499544143677,4.143256187438965,1.1643018422538816
0,9.88103199005127,-0.5067664980888367,4.144079685211182,1.1678898069546353
0,9.902668952941895,-0.5069501399993896,4.144817352294922,1.1714315274663627
0,9.924309730529785,-0.5070998668670654,4.1454668045043945,1.1749171864090038
0,9.945953369140625,-0.5072149634361267,4.146026134490967,1.1783338115781699
0,9.967597961425781,-0.5072946548461914,4.146494388580322,1.1816737618662188
0,9.989245414733887,-0.5073383450508118,4.146870136260986,1.18492978547444
0,10.010894775390625,-0.50734543800354,4.147151947021484,1.1880946122404974
0,10.032544136047363,-0.5073155164718628,4.1473388671875,1.1911616436335075
0,10.054194450378418,-0.5072481036186218,4.147429466247559,1.194124704603665
0,10.075844764709473,-0.5071430802345276,4.147424221038818,1.1969783920079557
0,10.097495079040527,-0.5070000886917114,4.147321701049805,1.199703212210651
0,10.119144439697266,-0.5068191885948181,4.147122383117676,1.2023019346111932
0,10.140791893005371,-0.5066002607345581,4.146825313568115,1.2047784858154398
0,10.162444114685059,-0.5063433647155762,4.146430015563965,1.2071366928291711
0,10.184165000915527,-0.5060474872589111,4.145935535430908,1.209384240252707
0,10.206206321716309,-0.5057083964347839,4.145332336425781,1.2115421036474565
0,10.22914981842041,-0.5053143501281738,4.144597053527832,1.213639944881735
0,10.252087593078613,-0.5048792362213135,4.1437530517578125,1.2155120737159624
0,10.276734352111816,-0.5043671131134033,4.142728328704834,1.217368329702952
0,10.303606986999512,-0.5037578344345093,4.141473293304443,1.2192265845807522
0,10.330471992492676,-0.5030971169471741,4.140079021453857,1.2207690963257207
0,10.359305381774902,-0.5023320317268372,4.138428688049316,1.2221986395581852
0,10.389297485351562,-0.5014768838882446,4.136547088623047,1.2233943887783834
0,10.41927719116211,-0.5005630254745483,4.134500503540039,1.2243482575365985
0,10.449687957763672,-0.49957913160324097,4.132258892059326,1.2252102377093217
0,10.480084419250488,-0.49854105710983276,4.129855155944824,1.2256704714474411
0,10.510565757751465,-0.4974481761455536,4.127285480499268,1.226048047650503
0,10.541041374206543,-0.496307909488678,4.124562740325928,1.226207174299321
0,10.571501731872559,-0.4951232671737671,4.1216912269592285,1.2261405006292174
0,10.601947784423828,-0.49389922618865967,4.118678569793701,1.2260191730855758
0,10.632377624511719,-0.4926396906375885,4.115530014038086,1.2255930652467
0,10.662792205810547,-0.49134770035743713,4.1122517585754395,1.2249274058387025
0,10.693193435668945,-0.4900270998477936,4.108852386474609,1.2241078662999867
0,10.723579406738281,-0.4886811077594757,4.105335235595703,1.2231103791983786
0,10.753951072692871,-0.4873144030570984,4.101707935333252,1.2221097743758877
0,10.784310340881348,-0.4859311580657959,4.097977161407471,1.2209168746606998
0,10.814656257629395,-0.4845349192619324,4.094146728515625,1.2196899350488317
0,10.844990730285645,-0.48313024640083313,4.090224742889404,1.2184121876886385
0,10.875312805175781,-0.4817195534706116,4.086215496063232,1.2167976508436245
0,10.905623435974121,-0.4803057909011841,4.082126140594482,1.2152063709877696
0,10.935925483703613,-0.47889286279678345,4.077962875366211,1.213509970365057
0,10.966217041015625,-0.4774840474128723,4.073729038238525,1.211803289243279
0,10.996500015258789,-0.476083368062973,4.069432735443115,1.2100956759863235
0,11.026775360107422,-0.4746938645839691,4.06507682800293,1.208294327166948
0,11.05704402923584,-0.47331809997558594,4.0606689453125,1.2063628751113018
0,11.08730697631836,-0.4719582796096802,4.056214332580566,1.204390920887914
0,11.117563247680664,-0.47061726450920105,4.051717281341553,1.202430324475192
0,11.147815704345703,-0.46929797530174255,4.047183513641357,1.2005001664906474
0,11.17806339263916,-0.46800291538238525,4.042617321014404,1.1985184573030043
0,11.208309173583984,-0.4667343199253082,4.038022041320801,1.1965192036300065
0,11.238554000854492,-0.46549320220947266,4.033402919769287,1.1944328574280512
0,11.268796920776367,-0.4642815887928009,4.0287628173828125,1.1923575173310619
0,11.299046516418457,-0.46310117840766907,4.024104118347168,1.1903178306484885
0,11.329294204711914,-0.46195414662361145,4.019430160522461,1.1882346231423946
0,11.359565734863281,-0.4608413279056549,4.014739513397217,1.1861748638573417
0,11.389902114868164,-0.4597621262073517,4.010028839111328,1.1839920484984807
0,11.420238494873047,-0.45872020721435547,4.005309104919434,1.1818209614396644
0,11.450713157653809,-0.4577126204967499,4.000561714172363,1.179677109121977
0,11.481188774108887,-0.45674654841423035,3.9958090782165527,1.177426708884702
0,11.511913299560547,-0.4558165967464447,3.9910151958465576,1.1751835178952517
0,11.547884941101074,-0.4547799527645111,3.985398530960083,1.1724441549162758
0,11.583856582641602,-0.45379868149757385,3.979776382446289,1.1696701302660837
0,11.649038314819336,-0.45216238498687744,3.9695889949798584,1.164785938258958
0,11.714223861694336,-0.45071348547935486,3.959404230117798,1.1599152700010815
0,11.779415130615234,-0.4494591951370239,3.949230909347534,1.1551107556694995
0,11.907689094543457,-0.44748127460479736,3.92927622795105,1.145716848257885
0,12.035995483398438,-0.44614604115486145,3.909480094909668,1.1371232605676227
0,12.1564302444458,-0.44541963934898376,3.8911821842193604,1.1298884037937844
0,12.277257919311523,-0.4451363682746887,3.8731956481933594,1.123775637026049
0,12.398151397705078,-0.44523537158966064,3.855658531188965,1.1184281489429735
0,12.519304275512695,-0.4456321597099304,3.838613510131836,1.1138678896096081
0,12.592528343200684,-0.4460058808326721,3.8285858631134033,1.1112282530056383
1,1.7769564390182495,0.7134480476379395,2.2997939586639404,1.0354208397128672
1,1.8993721008300781,0.7136473655700684,2.3034024238586426,1.0393511329183935
1,2.021833658218384,0.7138709425926208,2.3050284385681152,1.0426217257997639
1,2.1443045139312744,0.7141211032867432,2.304503917694092,1.0442902019287768
1,2.2667436599731445,0.714401364326477,2.3016536235809326,1.0453979105712632
1,2.3891115188598633,0.714713990688324,2.2965922355651855,1.0442540594530259
1,2.5113754272460938,0.7150604724884033,2.2894420623779297,1.0420649266468889
1,2.633526086807251,0.7154416441917419,2.280565023422241,1.0387313065751969
1,2.7555596828460693,0.7158582210540771,2.2701950073242188,1.0337620031667423
1,2.877485513687134,0.7163109183311462,2.2586300373077393,1.0282969162809343
1,2.9993133544921875,0.7168020009994507,2.2460741996765137,1.021703731995599
1,3.121046543121338,0.7173337340354919,2.2326319217681885,1.014322764954298
1,3.2426905632019043,0.7179109454154968,2.2184078693389893,1.0064118248527416
1,3.364243745803833,0.7185392379760742,2.2034270763397217,0.9968030909299989
1,3.4857027530670166,0.7192258834838867,2.18770432472229,0.9863399030207989
1,3.6070642471313477,0.7199839353561401,2.171250581741333,0.9739647187167038
1,3.7283215522766113,0.7208247184753418,2.1540472507476807,0.9591230342573699
1,3.849453926086426,0.7217708230018616,2.136127471923828,0.9425233854786295
1,3.9704792499542236,0.7228488922119141,2.1175057888031006,0.9208237172037366
1,4.071035861968994,0.7238702178001404,2.101506471633911,0.9012019711609904
1,4.19061803817749,0.725283145904541,2.0821759700775146,0.8741039778663178
1,4.271983623504639,0.7263894081115723,2.068939208984375,0.8548276652070707
1,4.388420581817627,0.728229820728302,2.0505449771881104,0.8263364632643311
1,4.505025863647461,0.7304192781448364,2.033301830291748,0.799197685026227
1,4.615634441375732,0.7328603267669678,2.0190365314483643,0.7751586254051673
1,4.718127250671387,0.7354708313941956,2.008424758911133,0.757287978418405
1,4.820890426635742,0.7384516000747681,2.0010268688201904,0.7436896504494922
1,4.915960311889648,0.7415527105331421,1.9976425170898438,0.7362593010167923
1,5.005887985229492,0.7447993159294128,1.997758150100708,0.7347394200798576
1,5.093314170837402,0.7482481002807617,2.000969886779785,0.7388006525110742
1,5.180577754974365,0.7519707083702087,2.0070347785949707,0.7477300909734151
1,5.266842365264893,0.755913257598877,2.0155141353607178,0.760160463465218
1,5.352718353271484,0.7600840330123901,2.026003837585449,0.775240553396618
1,5.438363075256348,0.76447993516922,2.0380680561065674,0.7919640505324353
1,5.524957180023193,0.7691651582717896,2.051461935043335,0.809377927832348
1,5.615175247192383,0.7743164896965027,2.066295862197876,0.8269312770987571
1,5.709229946136475,0.7800117135047913,2.082355499267578,0.8434740405287187
1,5.8032026290893555,0.786080002784729,2.0987508296966553,0.8576309908975834
1,5.900785446166992,0.7928470969200134,2.1159589290618896,0.869934499115583
1,6.001556396484375,0.8004123568534851,2.1338183879852295,0.8802499815464027
1,6.104945659637451,0.8088658452033997,2.1521942615509033,0.8885748061738811
1,6.210256099700928,0.8182848691940308,2.1709678173065186,0.8946202722186627
1,6.315470218658447,0.8286029100418091,2.189805746078491,0.899281836379038
1,6.420901775360107,0.8399614095687866,2.2087998390197754,0.9027538139921772
1,6.526179790496826,0.8524473309516907,2.227940082550049,0.905263288124475
1,6.631258964538574,0.8662234544754028,2.2473089694976807,0.907004291868023
1,6.68438196182251,0.873748779296875,2.2572145462036133,0.9080984477569021
1,6.711374282836914,0.8777276277542114,2.262275457382202,0.9085200432448944
1,6.737863540649414,0.8817384243011475,2.2672626972198486,0.908943925262339
1,6.764077186584473,0.8858152031898499,2.2722206115722656,0.9093832838545718
1,6.79026985168457,0.8899998068809509,2.27720046043396,0.9098598352047826
1,6.81626558303833,0.894266664981842,2.2821714878082275,0.9103774810366349
1,6.842123031616211,0.8986274003982544,2.2871475219726562,0.9109583917985687
1,6.867825508117676,0.9030809998512268,2.2921273708343506,0.9115902137730283
1,6.893501281738281,0.9076524972915649,2.2971394062042236,0.9122963219678397
1,6.919103622436523,0.912338376045227,2.3021786212921143,0.913096075290506
1,6.945328712463379,0.9172695875167847,2.3073840141296387,0.9140218096947532
1,6.971567153930664,0.9223392605781555,2.312638282775879,0.9150972981322222
1,6.996978282928467,0.9273847937583923,2.3177742958068848,0.9162833453382575
1,7.022340297698975,0.9325544834136963,2.3229501247406006,0.917623914640444
1,7.047235012054443,0.9377622604370117,2.3280820846557617,0.919123338692949
1,7.072419166564941,0.9431646466255188,2.3333263397216797,0.9208355980414815
1,7.097508907318115,0.9486826062202454,2.3386056423187256,0.9227681858621194
1,7.122480869293213,0.9543102979660034,2.34391713142395,0.924924632118133
1,7.147425651550293,0.9600669741630554,2.34928297996521,0.9273492790468013
1,7.172250747680664,0.9659303426742554,2.3546836376190186,0.9300399148388198
1,7.1970415115356445,0.9719191193580627,2.360137701034546,0.9330458049202935
1,7.221705913543701,0.9780088067054749,2.3656256198883057,0.9363745633591186
1,7.246347427368164,0.9842216968536377,2.371171474456787,0.9400695562634039
1,7.271040439605713,0.9905750155448914,2.37679123878479,0.9441489765739867
1,7.295609474182129,0.9970203042030334,2.382441759109497,0.9486450679279363
1,7.320054054260254,1.0035518407821655,2.3881208896636963,0.9535805040689939
1,7.344478607177734,1.0101912021636963,2.3938496112823486,0.9589711491319867
1,7.368877410888672,1.016932487487793,2.399620532989502,0.9648247501418253
1,7.393159866333008,1.0237436294555664,2.405404567718506,0.9712024472129986
1,7.417329788208008,1.030617356300354,2.411194086074829,0.9781298677124852
1,7.441488742828369,1.037575125694275,2.4170026779174805,0.9855203879334482
1,7.465636730194092,1.0446112155914307,2.422816038131714,0.9934931718687365
1,7.489686489105225,1.0516926050186157,2.428596258163452,1.0020308622906238
1,7.513733863830566,1.0588401556015015,2.434345006942749,1.011065888337037
1,7.537787437438965,1.0660492181777954,2.440039873123169,1.0199923997933902
1,7.56237268447876,1.0734726190567017,2.445773124694824,1.0294014668838238
1,7.586028099060059,1.0806660652160645,2.4511725902557373,1.0387238892204713
1,7.610090255737305,1.0880340337753296,2.456515312194824,1.0474322561729432
1,7.633576393127441,1.0952800512313843,2.461552381515503,1.0555403004673594
1,7.6575188636779785,1.1027238368988037,2.4664766788482666,1.0623648849708194
1,7.681468963623047,1.1102361679077148,2.4711639881134033,1.0675749796015073
1,7.705520153045654,1.1178568601608276,2.475618600845337,1.0714867070870302
1,7.7294535636901855,1.125527024269104,2.4797937870025635,1.0740390209074604
1,7.753227710723877,1.1332426071166992,2.483689546585083,1.074694073681916
1,7.777021884918213,1.1410645246505737,2.4873528480529785,1.073963755143518
1,7.800503730773926,1.1488878726959229,2.4907445907592773,1.0724915772922656
1,7.824726581573486,1.15705406665802,2.494029998779297,1.0700618262768193
1,7.848989486694336,1.16531503200531,2.49710750579834,1.06689262679598
1,7.873188495635986,1.1736105680465698,2.499974489212036,1.0633083979336622
1,7.897331237792969,1.1819055080413818,2.5026397705078125,1.0584815043772322
1,7.921447277069092,1.1901650428771973,2.5051093101501465,1.0526476469728345
1,7.9454545974731445,1.1983158588409424,2.507382869720459,1.0465466158107424
1,7.969435214996338,1.206344723701477,2.509469747543335,1.039310490444814
1,7.993406295776367,1.2142212390899658,2.5113635063171387,1.031662830128849
1,8.017425537109375,1.2219407558441162,2.5130629539489746,1.0242925176966922
1,8.041346549987793,1.2294474840164185,2.514552116394043,1.0168125433585453
1,8.065241813659668,1.236770749092102,2.5158238410949707,1.0098282208568556
1,8.089104652404785,1.2439268827438354,2.516874313354492,1.0038934750157782
1,8.112927436828613,1.2509355545043945,2.5177018642425537,0.9988503262026136
1,8.136686325073242,1.2578145265579224,2.5183017253875732,0.9937786406367525
1,8.160298347473145,1.264557123184204,2.518671989440918,0.9893290843341355
1,8.183844566345215,1.2711952924728394,2.518817901611328,0.9852759277353852
1,8.20732307434082,1.277728796005249,2.518739938735962,0.9810356232546834
1,8.230711936950684,1.2841440439224243,2.518435001373291,0.9763498939656852
1,8.25394058227539,1.2904120683670044,2.5179054737091064,0.9717253204011156
1,8.27719783782959,1.296573281288147,2.5171475410461426,0.9671608436922179
1,8.300385475158691,1.302590250968933,2.5161609649658203,0.9623233704335066
1,8.32347297668457,1.3084467649459839,2.5149455070495605,0.9572641638186596
1,8.346495628356934,1.3141460418701172,2.5134994983673096,0.9523848877569104
1,8.369393348693848,1.319671392440796,2.511826753616333,0.9476984287542486
1,8.392234802246094,1.3250396251678467,2.509922981262207,0.9431883019403926
1,8.414987564086914,1.3302440643310547,2.5077903270721436,0.9384103395834645
1,8.437677383422852,1.3352934122085571,2.505427360534668,0.9338210260122827
1,8.460278511047363,1.3401856422424316,2.502837896347046,0.9293837845497143
1,8.482810974121094,1.3449290990829468,2.500020742416382,0.9250781493752437
1,8.50527286529541,1.34952712059021,2.4969770908355713,0.9208599739744286
1,8.527592658996582,1.3539693355560303,2.4937191009521484,0.9164587879386703
1,8.549799919128418,1.3582652807235718,2.4902455806732178,0.9121176509985984
1,8.571927070617676,1.3624248504638672,2.486553430557251,0.9078375856797186
1,8.593971252441406,1.3664504289627075,2.4826443195343018,0.9035891822575495
1,8.615920066833496,1.3703426122665405,2.4785218238830566,0.8993681999448289
1,8.63778305053711,1.3741060495376587,2.4741857051849365,0.8951756645131985
1,8.65955638885498,1.3777430057525635,2.469637155532837,0.8908787617688315
1,8.681198120117188,1.3812494277954102,2.464887857437134,0.8866031279275305
1,8.702744483947754,1.384635329246521,2.459930419921875,0.8823899279071769
1,8.72419261932373,1.3879033327102661,2.454767942428589,0.8782520731425265
1,8.745543479919434,1.3910571336746216,2.4494006633758545,0.8741960651120723
1,8.76679515838623,1.3941006660461426,2.4438302516937256,0.8702332611118997
1,8.787943840026855,1.397037386894226,2.4380576610565186,0.8663803970860025
1,8.808990478515625,1.3998711109161377,2.4320850372314453,0.862680502747281
1,8.829934120178223,1.4026049375534058,2.425915241241455,0.8590414954610793
1,8.850725173950195,1.405236840248108,2.419564723968506,0.8555782981217185
1,8.87146282196045,1.407783031463623,2.413005828857422,0.8523096511044358
1,8.892097473144531,1.4102400541305542,2.4062561988830566,0.8492919390821255
1,8.91262149810791,1.4126105308532715,2.399320602416992,0.8465070226342851
1,8.933034896850586,1.4148976802825928,2.392202615737915,0.8439695254890176
1,8.953338623046875,1.4171043634414673,2.3849053382873535,0.841739499156157
1,8.973553657531738,1.4192346334457397,2.3774261474609375,0.8398073984999737
1,8.993704795837402,1.4212924242019653,2.3697586059570312,0.838167579430075
1,9.013784408569336,1.423277735710144,2.361907958984375,0.8368559306901191
1,9.033799171447754,1.4251906871795654,2.353877544403076,0.8358977135089091
1,9.053750038146973,1.427030324935913,2.345672369003296,0.8351862834740871
1,9.073637008666992,1.4287948608398438,2.337296962738037,0.8348291173810504
1,9.093461036682129,1.4304804801940918,2.328758716583252,0.834879257441409
1,9.113224029541016,1.4320828914642334,2.3200623989105225,0.8352493506005494
1,9.132925033569336,1.4335970878601074,2.311213970184326,0.8359696677577547
1,9.152568817138672,1.435015082359314,2.3022215366363525,0.8370430532536888
1,9.17215633392334,1.436328411102295,2.293091058731079,0.8384134841674897
1,9.191689491271973,1.4375271797180176,2.2838289737701416,0.8401085180704911
1,9.211170196533203,1.4385991096496582,2.274444341659546,0.8420525064988007
1,9.230603218078613,1.4395309686660767,2.2649431228637695,0.8441802355138238
1,9.249988555908203,1.440307855606079,2.2553343772888184,0.8465205920499118
1,9.269330978393555,1.4409136772155762,2.24562668800354,0.8489504742163699
1,9.2886323928833,1.4413323402404785,2.235826253890991,0.8514236803437938
1,9.307894706726074,1.4415452480316162,2.225944757461548,0.8538906012799378
1,9.327120780944824,1.4415342807769775,2.215989351272583,0.856269100026105
1,9.346311569213867,1.4412806034088135,2.2059693336486816,0.8584872757962518
1,9.365468978881836,1.4407663345336914,2.195895195007324,0.8604613228285641
1,9.384592056274414,1.4399725198745728,2.185774326324463,0.8621475776184251
1,9.403681755065918,1.4388810396194458,2.175619125366211,0.8634932132592971
1,9.422737121582031,1.4374734163284302,2.165437936782837,0.8644168788466606
1,9.441756248474121,1.435733437538147,2.155241012573242,0.8647992078747163
1,9.460739135742188,1.433645486831665,2.145040512084961,0.8646998967587428
1,9.479680061340332,1.4311928749084473,2.13484525680542,0.8640560331523454
1,9.498579025268555,1.4283634424209595,2.124668836593628,0.8628184685181242
1,9.517431259155273,1.4251437187194824,2.11452054977417,0.860938222667881
1,9.536231994628906,1.421521544456482,2.104414701461792,0.8579180928979612
1,9.554980278015137,1.417484998703003,2.0943665504455566,0.854271115535395
1,9.573668479919434,1.413023829460144,2.0843873023986816,0.8499245024381438
1,9.592292785644531,1.4081329107284546,2.074491500854492,0.8448674855528037
1,9.610847473144531,1.4028041362762451,2.0646908283233643,0.839272572887283
1,9.629327774047852,1.3970333337783813,2.055000066757202,0.8325924249034925
1,9.647730827331543,1.3908135890960693,2.045440673828125,0.8249972097394696
1,9.666049003601074,1.384139060974121,2.0360267162323,0.8168163348196998
1,9.684277534484863,1.3770115375518799,2.0267727375030518,0.808107705444151
1,9.702411651611328,1.369428277015686,2.0176968574523926,0.7983828053916013
1,9.72044849395752,1.3613855838775635,2.008824586868286,0.7878871431473365
1,9.738382339477539,1.3528869152069092,2.000170946121216,0.7770349645084736
1,9.756207466125488,1.343932867050171,1.9917553663253784,0.7653686199941505
1,9.77392292022705,1.3345247507095337,1.9836094379425049,0.7529978472615049
1,9.791523933410645,1.324668288230896,1.9757486581802368,0.7403890466104074
1,9.80900764465332,1.3143668174743652,1.968204140663147,0.7269446220211161
1,9.826373100280762,1.3036268949508667,1.9610061645507812,0.7132739614417427
1,9.843618392944336,1.29245924949646,1.9541773796081543,0.6990478455712084
1,9.860746383666992,1.2808748483657837,1.9477633237838745,0.6846798863438035
1,9.877756118774414,1.2688859701156616,1.9417904615402222,0.6702160322704698
1,9.894657135009766,1.256515622138977,1.9363114833831787,0.6555451965381163
1,9.911452293395996,1.2437832355499268,1.9313597679138184,0.640980534269619
1,9.928162574768066,1.230727195739746,1.9269988536834717,0.6267388416436366
1,9.94479751586914,1.2173807621002197,1.9232732057571411,0.6131032694035401
1,9.961385726928711,1.2038003206253052,1.9202585220336914,0.6002243735496731
1,9.977948188781738,1.1900413036346436,1.9180076122283936,0.5886022578658084
1,9.994526863098145,1.1761903762817383,1.916599154472351,0.5782169314842193
1,10.011149406433105,1.1623302698135376,1.9160908460617065,0.5700565779089993
1,10.027852058410645,1.1485645771026611,1.916538119316101,0.5636353383261277
1,10.044669151306152,1.1350082159042358,1.9179818630218506,0.5601971882368163
1,10.061612129211426,1.1217575073242188,1.9204328060150146,0.5589822946486019
1,10.078701972961426,1.1089248657226562,1.9238829612731934,0.5608072911645648
1,10.095930099487305,1.0965768098831177,1.9282872676849365,0.5648190782276402
1,10.113293647766113,1.0847830772399902,1.9335843324661255,0.5714130752069565
1,10.130773544311523,1.0735646486282349,1.9396904706954956,0.5794343329836923
1,10.14836597442627,1.0629370212554932,1.9465128183364868,0.5891104767474002
1,10.166050910949707,1.0528937578201294,1.9539551734924316,0.5993749412815838
1,10.183868408203125,1.0433717966079712,1.9619516134262085,0.6103481309371556
1,10.20202922821045,1.034247875213623,1.970507264137268,0.6215344230816755
1,10.221007347106934,1.0252768993377686,1.9798030853271484,0.632620725851239
1,10.2400541305542,1.016789436340332,1.9894068241119385,0.6430530593914808
1,10.260603904724121,1.0081475973129272,1.999977707862854,0.6531944831679287
1,10.281231880187988,0.9999463558197021,2.0107462406158447,0.6620695809781532
1,10.303824424743652,0.9914315938949585,2.022627830505371,0.6701407712922235
1,10.326525688171387,0.9833090901374817,2.034576654434204,0.6762767116236277
1,10.351020812988281,0.9749619364738464,2.04742169380188,0.6822418642352294
1,10.375654220581055,0.9669424891471863,2.060210943222046,0.6850759357885395
1,10.401443481445312,0.9588801860809326,2.0733895301818848,0.687602094178733
1,10.427783966064453,0.9509458541870117,2.086580753326416,0.6884578146187329
1,10.454299926757812,0.9432048797607422,2.099534273147583,0.6882084800459275
1,10.481082916259766,0.9355819225311279,2.112239360809326,0.687067888180981
1,10.508047103881836,0.9280668497085571,2.1246232986450195,0.6857961983419233
1,10.535196304321289,0.9206258654594421,2.136665105819702,0.6840948770033617
1,10.562522888183594,0.9132320284843445,2.148331880569458,0.6823053909857146
1,10.590017318725586,0.905870795249939,2.1596155166625977,0.6808321275492664
1,10.61767578125,0.898531436920166,2.1705093383789062,0.6795733320391245
1,10.645487785339355,0.8912094235420227,2.1810121536254883,0.6785075147593814
1,10.67344856262207,0.8839036226272583,2.1911258697509766,0.6778322729189693
1,10.701549530029297,0.8766176700592041,2.2008607387542725,0.6775190045209113
1,10.729781150817871,0.8693565130233765,2.210226535797119,0.6774332209236065
1,10.758138656616211,0.8621273040771484,2.2192325592041016,0.6777101398450184
1,10.786612510681152,0.8549371361732483,2.227893829345703,0.6782558203654333
1,10.815196990966797,0.8477914333343506,2.2362215518951416,0.6791369014704464
1,10.84388542175293,0.8407003879547119,2.2442336082458496,0.6802429951450232
1,10.872673034667969,0.833668053150177,2.251936435699463,0.6815665630494733
1,10.901552200317383,0.8267012238502502,2.2593486309051514,0.6832305146099994
1,10.93051815032959,0.8198056221008301,2.2664852142333984,0.6850292987364754
1,10.959566116333008,0.8129864931106567,2.2733540534973145,0.687080901150269
1,10.988691329956055,0.8062478303909302,2.2799720764160156,0.6893292092882761
1,11.017889976501465,0.7995927929878235,2.2863497734069824,0.6917543891684913
1,11.04715633392334,0.7930262684822083,2.292503833770752,0.6943953446211844
1,11.076486587524414,0.7865502834320068,2.2984421253204346,0.6971268529604217
1,11.105877876281738,0.7801666855812073,2.304177761077881,0.7000468530841047
1,11.13532543182373,0.7738767266273499,2.3097245693206787,0.7030226121869722
1,11.164826393127441,0.7676829099655151,2.315091609954834,0.706119029483507
1,11.194377899169922,0.7615848779678345,2.3202919960021973,0.70934303282051
1,11.223977088928223,0.7555819749832153,2.325331687927246,0.7125536337636436
1,11.253621101379395,0.7496728301048279,2.3302218914031982,0.7158553560826698
1,11.28331470489502,0.7438551783561707,2.334973096847534,0.7191249580514072
1,11.3130464553833,0.7381298542022705,2.339590549468994,0.7224124164311572
1,11.342839241027832,0.7324881553649902,2.344085216522217,0.7257296455602807
1,11.372666358947754,0.7269318699836731,2.3484561443328857,0.7289695742610639
1,11.402588844299316,0.7214453816413879,2.3527188301086426,0.7322611205364743
1,11.43267822265625,0.7160131931304932,2.356886386871338,0.7353513695755505
1,11.462798118591309,0.7106578350067139,2.36094069480896,0.7384337520544202
1,11.493189811706543,0.7053348422050476,2.3649120330810547,0.7414735834853788
1,11.52361011505127,0.7000831961631775,2.3687682151794434,0.7444907310900175
1,11.55925464630127,0.6940092444419861,2.3731460571289062,0.7480862717597818
1,11.623908996582031,0.6831672787666321,2.3807079792022705,0.7537404998240388
1,11.688652038574219,0.6725152730941772,2.3877739906311035,0.7585378222879139
1,11.759225845336914,0.6610966324806213,2.3948683738708496,0.763323378447458
1,11.886951446533203,0.6407237648963928,2.4061384201049805,0.7697227792216381
1,12.014883995056152,0.6205933690071106,2.4152939319610596,0.7727107059468525
1,12.135082244873047,0.6019010543823242,2.421809434890747,0.7731795869400047
1,12.25540828704834,0.5834289193153381,2.4262614250183105,0.7709622697462074
1,12.376167297363281,0.565154492855072,2.42864990234375,0.7679724674025031
1,12.497176170349121,0.547124445438385,2.4289779663085938,0.7634611562213903
1,12.618212699890137,0.5293588638305664,2.4272027015686035,0.7580304696688455
1,12.739311218261719,0.5117409229278564,2.4234423637390137,0.7517967187290722
1,12.860347747802734,0.4941350519657135,2.4180057048797607,0.7440235982929371
1,12.981325149536133,0.4763091504573822,2.4113733768463135,0.7361003199615107
1,13.102217674255371,0.4580395817756653,2.4042558670043945,0.728205378923851
1,13.22301197052002,0.4391421675682068,2.397139072418213,0.7209795514903049
1,13.270870208740234,0.43139633536338806,2.39449143409729,0.7183108887258107
2,0.8004205226898193,0.7879878282546997,2.537086009979248,1.0037110006260477
2,0.9191202521324158,0.788070559501648,2.5416440963745117,1.0055802101551061
2,1.0399115085601807,0.7881674766540527,2.5470101833343506,1.008004802767879
2,1.1606776714324951,0.7882784008979797,2.552917003631592,1.0114422172877449
2,1.2824548482894897,0.7884055376052856,2.5591495037078857,1.0151031884759663
2,1.4046275615692139,0.7885477542877197,2.565309524536133,1.0190380181783607
2,1.5268172025680542,0.7887048721313477,2.5711238384246826,1.022938047018178
2,1.649155855178833,0.7888785600662231,2.5761964321136475,1.0268444935200285
2,1.7715336084365845,0.7890710830688477,2.580204963684082,1.0302100600677893
2,1.8939744234085083,0.7892853021621704,2.5828359127044678,1.0331818042934968
2,2.0164434909820557,0.7895251512527466,2.5837695598602295,1.0354486786975177
2,2.1389129161834717,0.7897930145263672,2.5828821659088135,1.0363767273407798
2,2.2613532543182373,0.7900927066802979,2.580061435699463,1.036776199245363
2,2.3837382793426514,0.7904263138771057,2.5754146575927734,1.035111036454376
2,2.5060460567474365,0.7907955646514893,2.569053888320923,1.0326378559534866
2,2.628272294998169,0.7912015318870544,2.561281442642212,1.0290675226460881
2,2.750415086746216,0.7916454076766968,2.5522878170013428,1.0241595892128919
2,2.872483491897583,0.79212886095047,2.5423386096954346,1.0187303825434444
2,2.9944863319396973,0.7926554679870605,2.5316152572631836,1.012216525234147
2,3.1164283752441406,0.7932283878326416,2.520223617553711,1.0050408199454297
2,3.2383182048797607,0.7938538789749146,2.508286237716675,0.997275032162675
2,3.360159158706665,0.7945379018783569,2.495865821838379,0.98834546266525
2,3.4819576740264893,0.7952883839607239,2.483037233352661,0.9788473952390357
2,3.6037216186523438,0.7961172461509705,2.469890832901001,0.9681828520945674
2,3.725456953048706,0.797034740447998,2.456486463546753,0.9563909103920442
2,3.8471579551696777,0.7980587482452393,2.4429616928100586,0.9437638547663971
2,3.9688594341278076,0.7992076277732849,2.429450750350952,0.9295504055729022
2,4.09036111831665,0.8005000352859497,2.4161393642425537,0.9146939470655375
2,4.210824966430664,0.8019551038742065,2.403419256210327,0.8990702830264085
2,4.331358909606934,0.8036088347434998,2.391406297683716,0.8833453293690869
2,4.448760986328125,0.8054451942443848,2.380798101425171,0.8680563152357098
2,4.559956073760986,0.807418704032898,2.372096538543701,0.8549161925131943
2,4.671260356903076,0.8096478581428528,2.3650143146514893,0.8433317330615198
2,4.774199962615967,0.8119605183601379,2.360238790512085,0.8344070644498933
2,4.869317054748535,0.8143303990364075,2.3575541973114014,0.8287170833389553
2,4.964461803436279,0.816939651966095,2.3566718101501465,0.8256811172384433
2,5.054407119750977,0.8196381330490112,2.3575665950775146,0.8251610492647233
2,5.141881465911865,0.822488009929657,2.3600385189056396,0.8267725540662334
2,5.228509426116943,0.825537383556366,2.363978385925293,0.8301866270326446
2,5.3149003982543945,0.8288126587867737,2.3692870140075684,0.8350898006291186
2,5.401182174682617,0.8323287963867188,2.3758416175842285,0.8411651739105002
2,5.488246440887451,0.8361395597457886,2.383589744567871,0.8483018741270776
2,5.5752058029174805,0.840225875377655,2.3923168182373047,0.8557412101590177
2,5.665610313415527,0.8447900414466858,2.4022786617279053,0.8634825525899791
2,5.760072708129883,0.8499313592910767,2.4134976863861084,0.871328375578149
2,5.858299732208252,0.8557141423225403,2.4259026050567627,0.879024311099293
2,5.958168983459473,0.8620868921279907,2.4391705989837646,0.8862178629579207
2,6.060991287231445,0.8692097663879395,2.4534268379211426,0.8926456324641332
2,6.163696765899658,0.8769388794898987,2.468201160430908,0.8983058913996709
2,6.268839359283447,0.8855445384979248,2.48382830619812,0.9034771373552715
2,6.375740051269531,0.8950822949409485,2.5002074241638184,0.9080986023319902
2,6.483570098876953,0.9055823683738708,2.5172228813171387,0.9122342209966515
2,6.590164661407471,0.9169408679008484,2.534547805786133,0.915778871729559
2,6.69656229019165,0.9293673038482666,2.5523414611816406,0.9201656199336159
2,6.724052429199219,0.9327664971351624,2.557016372680664,0.9212864807060062
2,6.752455234527588,0.9363617897033691,2.5618815422058105,0.9224597084866112
2,6.779562473297119,0.9398784637451172,2.5665624141693115,0.9236426314073716
2,6.806550025939941,0.9434647560119629,2.5712602138519287,0.9248546885355641
2,6.8334479331970215,0.9471258521080017,2.5759804248809814,0.9261205984868245
2,6.860270023345947,0.9508657455444336,2.580726146697998,0.9274494479005492
2,6.887146949768066,0.954704999923706,2.5855207443237305,0.9288565179212285
2,6.914003849029541,0.9586356282234192,2.5903518199920654,0.9303520233567333
2,6.940810203552246,0.9626549482345581,2.5952141284942627,0.93194332142591
2,6.967558860778809,0.9667633175849915,2.6001062393188477,0.9336379852036709
2,6.994324207305908,0.9709740877151489,2.605041027069092,0.9354448459931808
2,7.021021366119385,0.9752753376960754,2.6100027561187744,0.9373700656160401
2,7.04768705368042,0.9796736836433411,2.6149983406066895,0.9394179444285435
2,7.074278831481934,0.9841623306274414,2.620018720626831,0.9415995423059327
2,7.100790977478027,0.9887406826019287,2.6250622272491455,0.9439120889672897
2,7.127305030822754,0.9934238791465759,2.6301426887512207,0.9463735500233702
2,7.153732776641846,0.998196542263031,2.6352415084838867,0.948984089676401
2,7.180070877075195,1.0030574798583984,2.6403563022613525,0.9517404949300284
2,7.206373691558838,1.0080159902572632,2.6454951763153076,0.9546438139676812
2,7.23267126083374,1.0130783319473267,2.6506614685058594,0.957702997208236
2,7.258876323699951,1.0182271003723145,2.655834436416626,0.9609111455825611
2,7.284986972808838,1.0234606266021729,2.6610093116760254,0.964261875255313
2,7.311000823974609,1.0287771224975586,2.6661813259124756,0.9677314526276442
2,7.337061882019043,1.0342053174972534,2.6713755130767822,0.9713353561684983
2,7.363028049468994,1.0397148132324219,2.676557779312134,0.9750473436374696
2,7.3888983726501465,1.0453039407730103,2.681722640991211,0.9788485651951947
2,7.414672374725342,1.0509706735610962,2.6868643760681152,0.9827217616617736
2,7.440404415130615,1.0567265748977661,2.691988706588745,0.9866505219695586
2,7.466040134429932,1.0625576972961426,2.6970789432525635,0.9906022660623887
2,7.491578578948975,1.0684627294540405,2.702129364013672,0.9945497934876956
2,7.517018795013428,1.0744409561157227,2.707134485244751,0.9985227407764367
2,7.542440891265869,1.0805113315582275,2.7121055126190186,1.0024106747300314
2,7.568443298339844,1.0868160724639893,2.717153310775757,1.0062842111967512
2,7.5939764976501465,1.093105673789978,2.72206974029541,1.0101800018736964
2,7.61867094039917,1.0992845296859741,2.7267820835113525,1.0137612426926896
2,7.643874168395996,1.1056840419769287,2.73154616355896,1.0173264476304165
2,7.66811990737915,1.1119368076324463,2.736083507537842,1.0207958708776357
2,7.693195819854736,1.1184991598129272,2.740727424621582,1.0241692683103247
2,7.718167781829834,1.1251318454742432,2.745300769805908,1.0275074221351157
2,7.743100166320801,1.1318546533584595,2.749814033508301,1.0307840692209609
2,7.767830848693848,1.1386243104934692,2.7542366981506348,1.03395721511934
2,7.792459011077881,1.1454681158065796,2.758584976196289,1.0370283043906259
2,7.816990852355957,1.1523869037628174,2.762857675552368,1.039896350966014
2,7.841421127319336,1.1593726873397827,2.7670469284057617,1.0423152699848492
2,7.865804195404053,1.1664193868637085,2.7711520195007324,1.0438310948098977
2,7.889178276062012,1.1732192039489746,2.7750017642974854,1.0443484890599533
2,7.913768291473389,1.1803767681121826,2.778954029083252,1.0438815628219316
2,7.938268661499023,1.1874712705612183,2.7827811241149902,1.0423996339119854
2,7.963797092437744,1.194778323173523,2.7866311073303223,1.0395704301820552
2,7.989220142364502,1.2019299268722534,2.790308713912964,1.035826304513579
2,8.014681816101074,1.208922266960144,2.7938010692596436,1.0307271622209826
2,8.039101600646973,1.2154432535171509,2.7969467639923096,1.0254696203087725
2,8.063499450683594,1.221767783164978,2.799868583679199,1.0204372573915723
2,8.087773323059082,1.227889895439148,2.80255126953125,1.0163856105514315
2,8.111950874328613,1.233864426612854,2.8050119876861572,1.0134989576060738
2,8.136063575744629,1.2397524118423462,2.807278871536255,1.0115172162304396
2,8.159290313720703,1.2454001903533936,2.809302568435669,1.0103529279608725
2,8.183195114135742,1.2512121200561523,2.811241388320923,1.0091255835411317
2,8.206945419311523,1.2569901943206787,2.813021659851074,1.0073802281999544
2,8.230606079101562,1.262738585472107,2.8146450519561768,1.0052863884837913
2,8.254182815551758,1.268438696861267,2.8161065578460693,1.0028268317327726
2,8.277677536010742,1.2740691900253296,2.8173983097076416,1.000022370622221
2,8.301019668579102,1.2795937061309814,2.818507432937622,0.9965252277564388
2,8.32424259185791,1.2850052118301392,2.8194265365600586,0.9928492217422229
2,8.347406387329102,1.290310025215149,2.8201534748077393,0.9891372849729071
2,8.370511054992676,1.295505166053772,2.820685386657715,0.9854282061960665
2,8.393553733825684,1.3005913496017456,2.8210220336914062,0.9816904272832633
2,8.416464805603027,1.3055578470230103,2.821162462234497,0.9776724757294935
2,8.439309120178223,1.3104242086410522,2.8211092948913574,0.973671043724966
2,8.462084770202637,1.31519615650177,2.820866107940674,0.9696576120463505
2,8.484703063964844,1.3198612928390503,2.820439338684082,0.9656665753898892
2,8.507246971130371,1.32444167137146,2.8198318481445312,0.9616855820752012
2,8.529715538024902,1.3289408683776855,2.819046974182129,0.95746449304914
2,8.552034378051758,1.3333474397659302,2.8180909156799316,0.9532369700301982
2,8.574274063110352,1.3376781940460205,2.816965103149414,0.949019094566825
2,8.596433639526367,1.3419357538223267,2.815673351287842,0.9447999578694565
2,8.618512153625488,1.3461222648620605,2.8142192363739014,0.9405644967972351
2,8.640507698059082,1.3502403497695923,2.812605857849121,0.9362794956853425
2,8.66237735748291,1.3542840480804443,2.8108386993408203,0.9317756076453034
2,8.684164047241211,1.3582637310028076,2.8089170455932617,0.9272494623350508
2,8.70589542388916,1.3621876239776611,2.8068416118621826,0.9227129144505276
2,8.727518081665039,1.3660492897033691,2.804619312286377,0.9181350672237152
2,8.74913215637207,1.3698699474334717,2.802241563796997,0.9135222009113776
2,8.770658493041992,1.3736388683319092,2.7997190952301025,0.9089166595344776
2,8.792095184326172,1.377359390258789,2.797053575515747,0.9042630195885567
2,8.81336784362793,1.3810219764709473,2.794257879257202,0.8996471874137936
2,8.834553718566895,1.3846443891525269,2.791325330734253,0.8951184851766083
2,8.855687141418457,1.3882360458374023,2.7882537841796875,0.890692162220969
2,8.876798629760742,1.3918062448501587,2.7850399017333984,0.886372382643406
2,8.897890090942383,1.395359754562378,2.7816848754882812,0.8821768695782065
2,8.918961524963379,1.3989008665084839,2.7781903743743896,0.87813582376492
2,8.940011024475098,1.4024337530136108,2.7745585441589355,0.8741962074001862
2,8.961037635803223,1.405962586402893,2.7707929611206055,0.8704146702450193
2,8.982039451599121,1.4094918966293335,2.7668960094451904,0.8668391418089131
2,9.00301742553711,1.4130260944366455,2.7628707885742188,0.8635143892222847
2,9.023968696594238,1.4165687561035156,2.7587203979492188,0.86046700009307
2,9.044893264770508,1.4201236963272095,2.7544476985931396,0.8577105480313123
2,9.065791130065918,1.4236944913864136,2.7500553131103516,0.8552461351713578
2,9.086660385131836,1.4272842407226562,2.745547294616699,0.8530143995556773
2,9.107502937316895,1.4308946132659912,2.7409279346466064,0.8510601974216436
2,9.128315925598145,1.434526801109314,2.7362008094787598,0.8495107563315587
2,9.149102210998535,1.438180685043335,2.7313687801361084,0.84834933291929
2,9.169859886169434,1.4418559074401855,2.7264349460601807,0.8476125269895614
2,9.190590858459473,1.4455513954162598,2.7214014530181885,0.847275609497932
2,9.211294174194336,1.4492645263671875,2.716270685195923,0.8473497401918052
2,9.231971740722656,1.452991247177124,2.711045265197754,0.8477618869828815
2,9.252625465393066,1.4567240476608276,2.7057297229766846,0.848559369788343
2,9.273255348205566,1.4604566097259521,2.7003250122070312,0.8497773535801831
2,9.293863296508789,1.4641811847686768,2.6948318481445312,0.8514211967776261
2,9.314451217651367,1.4678888320922852,2.6892504692077637,0.8534480093929282
2,9.335020065307617,1.4715666770935059,2.683580160140991,0.8559235801756808
2,9.355571746826172,1.4752014875411987,2.6778204441070557,0.8586961760687158
2,9.376108169555664,1.4787802696228027,2.6719722747802734,0.8614717826485593
2,9.396631240844727,1.4822888374328613,2.666036367416382,0.8644937279504766
2,9.417142868041992,1.4857110977172852,2.6600112915039062,0.8677834185755396
2,9.437644958496094,1.489029049873352,2.6538963317871094,0.8711789255316351
2,9.458139419555664,1.4922263622283936,2.6476902961730957,0.8746013780714597
2,9.478626251220703,1.495287299156189,2.6413915157318115,0.8779963778970886
2,9.499105453491211,1.498194932937622,2.6349995136260986,0.8814234565485004
2,9.519580841064453,1.5009310245513916,2.6285150051116943,0.8846357242380001
2,9.54004955291748,1.5034821033477783,2.621939182281494,0.8874436410914208
2,9.560513496398926,1.5058337450027466,2.6152725219726562,0.8899870879801872
2,9.580971717834473,1.5079700946807861,2.6085166931152344,0.8923679761280497
2,9.601424217224121,1.509875774383545,2.6016733646392822,0.8943973351417517
2,9.621868133544922,1.511539340019226,2.5947442054748535,0.8960133134124467
2,9.642302513122559,1.5129501819610596,2.5877315998077393,0.8972410615552122
2,9.662726402282715,1.5140955448150635,2.5806405544281006,0.8981174346967464
2,9.683138847351074,1.5149657726287842,2.573474884033203,0.8985037640273571
2,9.703536033630371,1.5155538320541382,2.56623911857605,0.8983814206273434
2,9.723916053771973,1.5158522129058838,2.55893874168396,0.8978878632847036
2,9.744278907775879,1.515854001045227,2.551581859588623,0.8968862479702298
2,9.764619827270508,1.5155551433563232,2.5441739559173584,0.8953611448136212
2,9.784937858581543,1.5149527788162231,2.5367214679718018,0.8934078916344182
2,9.805233001708984,1.5140430927276611,2.5292351245880127,0.8910614324534061
2,9.825501441955566,1.5128251314163208,2.5217227935791016,0.8882161057153172
2,9.845742225646973,1.5112992525100708,2.5141913890838623,0.8849204363082126
2,9.865955352783203,1.5094653367996216,2.5066521167755127,0.881381285305444
2,9.886137962341309,1.5073250532150269,2.4991157054901123,0.877414070419438
2,9.906291007995605,1.5048812627792358,2.4915902614593506,0.8730415973042827
2,9.926413536071777,1.502137541770935,2.484086275100708,0.8684880282313353
2,9.946505546569824,1.4990977048873901,2.476616859436035,0.8635509863801442
2,9.966568946838379,1.495766520500183,2.4691925048828125,0.8580273907152431
2,9.986602783203125,1.4921494722366333,2.4618241786956787,0.8523190744311918
2,10.006609916687012,1.4882532358169556,2.454525947570801,0.846497141253058
2,10.026592254638672,1.4840847253799438,2.4473085403442383,0.8404428718874661
2,10.046549797058105,1.4796514511108398,2.440181016921997,0.8342124678922419
2,10.066484451293945,1.4749614000320435,2.4331557750701904,0.8280831581804383
2,10.086400032043457,1.4700241088867188,2.42624831199646,0.8213613500613207
2,10.106300354003906,1.464848518371582,2.4194705486297607,0.8145413224746296
2,10.126187324523926,1.459444522857666,2.412832736968994,0.8077406552971393
2,10.14607048034668,1.4538218975067139,2.4063446521759033,0.8011081545218026
2,10.165946960449219,1.447993278503418,2.4000189304351807,0.7943321607540106
2,10.185885429382324,1.441950798034668,2.3938512802124023,0.7872842106096146
2,10.206123352050781,1.4356317520141602,2.3877859115600586,0.7803011927272601
2,10.22719955444336,1.4288710355758667,2.3816888332366943,0.7733066066998214
2,10.248285293579102,1.421940803527832,2.3758206367492676,0.766222827116651
2,10.270962715148926,1.41432523727417,2.3697826862335205,0.7584849308805642
2,10.295722007751465,1.4058479070663452,2.363518238067627,0.7502814319212893
2,10.320510864257812,1.397218108177185,2.357592821121216,0.7423605080434285
2,10.34717082977295,1.3878241777420044,2.351619005203247,0.7339095555919096
2,10.373882293701172,1.3783307075500488,2.346048593521118,0.7257451165092073
2,10.401741027832031,1.368390679359436,2.3406755924224854,0.7175880897857977
2,10.43009090423584,1.358293056488037,2.335660696029663,0.7098509884096841
2,10.458523750305176,1.3482328653335571,2.331066131591797,0.7027597406216359
2,10.487146377563477,1.338239312171936,2.3268537521362305,0.6962269014105132
2,10.515872955322266,1.3283954858779907,2.323012590408325,0.6903707289457848
2,10.544720649719238,1.318755865097046,2.3194963932037354,0.6855352912556384
2,10.573690414428711,1.3093783855438232,2.3162810802459717,0.6815285730447664
2,10.602785110473633,1.3003093004226685,2.313321828842163,0.6788529941814041
2,10.632007598876953,1.2915898561477661,2.31059193611145,0.6777794322046431
2,10.661360740661621,1.2832510471343994,2.3080782890319824,0.6781424165891833
2,10.690840721130371,1.275312900543213,2.305753469467163,0.6798460905484142
2,10.720442771911621,1.2677836418151855,2.303622007369995,0.6836501319626732
2,10.750158309936523,1.2606618404388428,2.301687240600586,0.6889552184899754
2,10.779977798461914,1.2539352178573608,2.2999467849731445,0.6954820971026133
2,10.809890747070312,1.2475864887237549,2.298401355743408,0.7035394059540853
2,10.839885711669922,1.2415839433670044,2.2970762252807617,0.7129568583018296
2,10.869952201843262,1.23590087890625,2.2959773540496826,0.7231631741350145
2,10.900078773498535,1.2305047512054443,2.295109510421753,0.7340592440400746
2,10.930256843566895,1.2253659963607788,2.294476270675659,0.7452538636284086
2,10.96047592163086,1.2204538583755493,2.2940845489501953,0.7569643304489695
2,10.990728378295898,1.2157350778579712,2.2939412593841553,0.7686214954117824
2,11.021007537841797,1.2111890316009521,2.2940359115600586,0.7799885377975941
2,11.05130672454834,1.2067900896072388,2.2943618297576904,0.7911808097102085
2,11.081621170043945,1.202519416809082,2.2949044704437256,0.801605873552064
2,11.111947059631348,1.1983610391616821,2.2956488132476807,0.8116005922271536
2,11.142280578613281,1.1942975521087646,2.296576499938965,0.8209061887993023
2,11.172619819641113,1.190319299697876,2.2976675033569336,0.829313157661074
2,11.202963829040527,1.1864142417907715,2.2988998889923096,0.8372595078789997
2,11.233312606811523,1.1825737953186035,2.3002517223358154,0.8441152765507873
2,11.263664245605469,1.1787917613983154,2.301703691482544,0.8504239107767345
2,11.294025421142578,1.1750602722167969,2.3032338619232178,0.8560918587606383
2,11.324390411376953,1.1713777780532837,2.3048245906829834,0.8608434501542583
2,11.354783058166504,1.1677383184432983,2.3064589500427246,0.8652664062862506
2,11.385244369506836,1.1641346216201782,2.3081226348876953,0.8689138459711742
2,11.415709495544434,1.1605732440948486,2.3098011016845703,0.8721744062205063
2,11.446318626403809,1.1570369005203247,2.3114874362945557,0.8750702886952777
2,11.476933479309082,1.1535437107086182,2.3131656646728516,0.8774557711670039
2,11.507802963256836,1.1500686407089233,2.31483793258667,0.8797170177086178
2,11.543952941894531,1.146058201789856,2.316760301589966,0.8819789752268145
2,11.58011245727539,1.1421087980270386,2.318633794784546,0.8841304490155372
2,11.645652770996094,1.1351137161254883,2.32187819480896,0.8872251282509063
2,11.711223602294922,1.1283307075500488,2.324944019317627,0.8894728371642138
2,11.782642364501953,1.121191382408142,2.328070640563965,0.8919467632116688
2,11.91179084777832,1.108895182609558,2.3331353664398193,0.8947047971137417
2,12.041034698486328,1.097325086593628,2.33742618560791,0.8956138493243538
2,12.162376403808594,1.0870623588562012,2.340684652328491,0.8957405658789794
2,12.2841157913208,1.0772693157196045,2.343168020248413,0.8943527090051485
2,12.405903816223145,1.0679079294204712,2.344836950302124,0.8923710189682069
2,12.527912139892578,1.0588582754135132,2.3456804752349854,0.8896028663125848
2,12.58742904663086,1.0545510053634644,2.3457887172698975,0.8878551097810475
3,0.025141606107354164,0.5459880232810974,1.1380844116210938,1.0003346911796138
3,0.1290435940027237,0.5460028052330017,1.1388911008834839,1.0006985340200731
3,0.2329430878162384,0.5460237860679626,1.1399697065353394,1.0014104339279104
3,0.33950212597846985,0.5460540652275085,1.1415190696716309,1.002256293982145
3,0.4503355026245117,0.546092689037323,1.1436750888824463,1.0031602269598747
3,0.5611550211906433,0.5461362600326538,1.14645254611969,1.0039263015996307
3,0.6764054894447327,0.5461823344230652,1.1501353979110718,1.00464768473968
3,0.7950916290283203,0.5462271571159363,1.155023217201233,1.0050568106614708
3,0.8794857263565063,0.5462563633918762,1.159287691116333,1.005417360310329
3,1.0001506805419922,0.5462979674339294,1.1669632196426392,1.0061558873054062
3,1.1206718683242798,0.5463439226150513,1.1766382455825806,1.008875681575374
3,1.24203360080719,0.5464082956314087,1.188446283340454,1.01328482990011
3,1.3632426261901855,0.5464935898780823,1.2017414569854736,1.0194747889050464
3,1.4847601652145386,0.5466010570526123,1.2157981395721436,1.025761088709095
3,1.6064268350601196,0.5467249155044556,1.2295724153518677,1.0315281879747986
3,1.7281951904296875,0.546863317489624,1.2424076795578003,1.03707348531584
3,1.8501776456832886,0.5470180511474609,1.253308653831482,1.0425239667555573
3,1.9723740816116333,0.5471916794776917,1.2614881992340088,1.0465666554794322
3,2.0665464401245117,0.5473397970199585,1.2654533386230469,1.0498112440342795
3,2.1890034675598145,0.5475526452064514,1.2671270370483398,1.0525565723635797
3,2.311448574066162,0.5477889776229858,1.2647113800048828,1.055068684065953
3,2.4337589740753174,0.5480470061302185,1.2584714889526367,1.0572568263522892
3,2.555854082107544,0.5483240485191345,1.2488775253295898,1.05896584373079
3,2.6777124404907227,0.5486159920692444,1.2366328239440918,1.0610521054777664
3,2.7993643283843994,0.5489165782928467,1.222472071647644,1.063607815851642
3,2.920835256576538,0.5492198467254639,1.2068334817886353,1.067789024106403
3,3.042160987854004,0.5495128035545349,1.1901037693023682,1.0736880838251444
3,3.1633360385894775,0.5497799515724182,1.1723153591156006,1.0835439842576944
3,3.2843446731567383,0.5500006675720215,1.1534265279769897,1.0967468052688423
3,3.405109167098999,0.5501399040222168,1.1330384016036987,1.1158553416668284
3,3.5255868434906006,0.550169050693512,1.1110215187072754,1.1415192027845769
3,3.6456334590911865,0.5500379800796509,1.0867656469345093,1.1748133107502856
3,3.7651233673095703,0.5496975183486938,1.059910535812378,1.2136530211577568
3,3.883894920349121,0.5490941405296326,1.0301216840744019,1.2590906592103703
3,4.0017924308776855,0.5481626987457275,0.9978705048561096,1.3068000756388012
3,4.11909818649292,0.5468599200248718,0.9635375738143921,1.3542284078016436
3,4.234994411468506,0.545126736164093,0.9283192753791809,1.4020964724461207
3,4.350678443908691,0.5429693460464478,0.8924378156661987,1.4364018702371393
3,4.463105201721191,0.5404977798461914,0.8570449948310852,1.4674152782281562
3,4.53538703918457,0.5388372540473938,0.8339242339134216,1.4759838333944029
3,4.634678363800049,0.5368528366088867,0.8011089563369751,1.4724926567675505
3,4.732589244842529,0.5359565019607544,0.7689206600189209,1.4682317249989272
3,4.8314208984375,0.5369147658348083,0.7397680282592773,1.4762496658393147
3,4.92678689956665,0.5403935313224792,0.7208386063575745,1.5096796115533953
3,5.022484302520752,0.5461958050727844,0.7137076258659363,1.5758730547998923
3,5.118952751159668,0.5533604025840759,0.7142251133918762,1.636634629105273
3,5.191075801849365,0.5589224100112915,0.7160755395889282,1.6463537234403673
3,5.256735324859619,0.5637542009353638,0.7167202234268188,1.6473302480291765
3,5.356732368469238,0.5702183246612549,0.7150925397872925,1.626475868815958
3,5.412213325500488,0.5731590986251831,0.7136008143424988,1.6064594917085433
3,5.514246463775635,0.5771188139915466,0.7143561244010925,1.5645846344907777
3,5.616738319396973,0.5794671773910522,0.7274456024169922,1.51577544352609
3,5.716580390930176,0.5813008546829224,0.7566311359405518,1.4578251184296713
3,5.738455772399902,0.581727147102356,0.7654774188995361,1.446628343338695
3,5.833049297332764,0.5841413140296936,0.809080183506012,1.382571987597881
3,5.883718013763428,0.585801899433136,0.8349078297615051,1.342599005508375
3,5.977267265319824,0.5895518064498901,0.8809811472892761,1.2765502041544803
3,6.072221279144287,0.5943481922149658,0.9219791889190674,1.216522134189198
3,6.170770168304443,0.6005662679672241,0.9555258750915527,1.1716217696032976
3,6.239339828491211,0.6056634187698364,0.9735426306724548,1.150391550168029
3,6.3390350341796875,0.6142137050628662,0.9936305284500122,1.1272217276574885
3,6.438058853149414,0.624100387096405,1.0080026388168335,1.1090372501510377
3,6.537487030029297,0.6355617046356201,1.0180381536483765,1.093059082543905
3,6.635213375091553,0.6484248042106628,1.0243202447891235,1.0811582193191271
3,6.732846736907959,0.6630942225456238,1.0271146297454834,1.0707582851158475
3,6.7577900886535645,0.6671508550643921,1.0272879600524902,1.0687083900697336
3,6.782500743865967,0.6712981462478638,1.0272512435913086,1.066892375147416
3,6.807047367095947,0.6755463480949402,1.0270106792449951,1.06528729826875
3,6.831563949584961,0.6799181699752808,1.026568055152893,1.0639027304677637
3,6.855987071990967,0.6844014525413513,1.0259262323379517,1.0627604392382004
3,6.880324840545654,0.6889961361885071,1.0250873565673828,1.0619631793661382
3,6.9049973487854,0.6937783360481262,1.0240391492843628,1.0614152544463256
3,6.929195404052734,0.6985939741134644,1.0228118896484375,1.0610855660857959
3,6.953134059906006,0.7034803032875061,1.0214033126831055,1.061045577209081
3,6.977679252624512,0.7086107730865479,1.0197635889053345,1.061341682891096
3,7.002549171447754,0.7139281034469604,1.0179035663604736,1.0619729684662884
3,7.027316093444824,0.7193425297737122,1.0158500671386719,1.0629124489470307
3,7.051974296569824,0.7248510122299194,1.0136046409606934,1.0642185334409957
3,7.076590061187744,0.7304653525352478,1.0111632347106934,1.065938662302442
3,7.100851535797119,0.7361074686050415,1.008563756942749,1.0680363889097837
3,7.125269889831543,0.7418898940086365,1.005754828453064,1.070525161644336
3,7.1495866775512695,0.7477485537528992,1.0027639865875244,1.073368131052431
3,7.173781394958496,0.753670871257782,0.9995974898338318,1.0765919068583807
3,7.19795036315918,0.7596728205680847,0.9962438941001892,1.080205490953313
3,7.22199821472168,0.7657214403152466,0.9927187561988831,1.0841822188505243
3,7.245924472808838,0.7718060612678528,0.9890259504318237,1.088502961708033
3,7.2697296142578125,0.7779157161712646,0.9851698279380798,1.093123508582881
3,7.293601036071777,0.7840864658355713,0.981120765209198,1.0979792813946303
3,7.317358493804932,0.7902591824531555,0.9769130945205688,1.1029954118123868
3,7.341004371643066,0.7964215874671936,0.9725542664527893,1.1081214483617194
3,7.364542484283447,0.8025614023208618,0.9680529236793518,1.1131746294827478
3,7.388075828552246,0.8086881041526794,0.96339350938797,1.1181114553257308
3,7.411512851715088,0.8147629499435425,0.9585997462272644,1.1229807480256633
3,7.434858322143555,0.8207734823226929,0.9536788463592529,1.1277540631096266
3,7.458117485046387,0.8267071843147278,0.9486369490623474,1.1323758804885955
3,7.4814043045043945,0.8325759172439575,0.9434458613395691,1.136768904924752
3,7.504611492156982,0.8383432626724243,0.9381263256072998,1.1410473283731464
3,7.527738094329834,0.8440114855766296,0.9326708316802979,1.1451918253600564
3,7.5509867668151855,0.8496462106704712,0.9270192980766296,1.1494360560258605
3,7.5742034912109375,0.8552311658859253,0.9211914539337158,1.153866105272606
3,7.5972089767456055,0.8607416152954102,0.9152244329452515,1.1581626129714968
3,7.620120048522949,0.8662096261978149,0.9091215133666992,1.1615574393028387
3,7.6429619789123535,0.871614933013916,0.9029585123062134,1.1630489507873236
3,7.665258884429932,0.8768101334571838,0.8969812393188477,1.1621468886856
3,7.687736988067627,0.8819084763526917,0.8911011815071106,1.1593972803550963
3,7.710236549377441,0.8867701292037964,0.8854552507400513,1.1558488442667507
3,7.732797145843506,0.8912711143493652,0.8801156282424927,1.15314671754018
3,7.755438804626465,0.8953018188476562,0.8751181364059448,1.15380564238753
3,7.778231143951416,0.8988202810287476,0.8704290986061096,1.1585244579164098
3,7.800918102264404,0.9018149375915527,0.8660190105438232,1.166053123662991
3,7.823676109313965,0.904404878616333,0.861731767654419,1.1748239691708293
3,7.846400260925293,0.9066774249076843,0.8574929237365723,1.1834797241675663
3,7.869149684906006,0.9087153077125549,0.8532286882400513,1.191306686900296
3,7.891864776611328,0.9105592370033264,0.8489169478416443,1.1980307150344727
3,7.9143967628479,0.9122233390808105,0.844572901725769,1.2033850504837207
3,7.936926364898682,0.9137340784072876,0.8401634693145752,1.2072297776917444
3,7.959399700164795,0.9150924682617188,0.8357127904891968,1.2096038413754509
3,7.981672286987305,0.9162927865982056,0.8312716484069824,1.2104425295751258
3,8.00390625,0.9173456430435181,0.8268397450447083,1.2099606416197985
3,8.026113510131836,0.9182509183883667,0.8224502205848694,1.2083302911924643
3,8.048303604125977,0.9190053939819336,0.8181377649307251,1.20579055735799
3,8.070582389831543,0.9196056127548218,0.8139179348945618,1.2026552681073486
3,8.092769622802734,0.9200347661972046,0.8098589181900024,1.199249280462969
3,8.114989280700684,0.920281708240509,0.8059671521186829,1.196138341937668
3,8.137213706970215,0.9203327298164368,0.8022704124450684,1.193765767365916
3,8.159459114074707,0.9201775193214417,0.7987784147262573,1.192427425905423
3,8.181710243225098,0.9198108911514282,0.7954939007759094,1.1921673793784149
3,8.203829765319824,0.919238269329071,0.7924221158027649,1.193028875550884
3,8.225981712341309,0.9184654355049133,0.7895153760910034,1.1947883452599493
3,8.24813175201416,0.9175061583518982,0.7867490649223328,1.1970854147593708
3,8.270277976989746,0.9163768887519836,0.7840920090675354,1.1994971767311877
3,8.29241943359375,0.9150949716567993,0.781515896320343,1.201601753328756
3,8.314558982849121,0.9136764407157898,0.7789990901947021,1.203013878554038
3,8.336712837219238,0.9121344089508057,0.7765264511108398,1.203615194722177
3,8.358891487121582,0.9104801416397095,0.7740919589996338,1.203351988208733
3,8.381057739257812,0.9087264537811279,0.7717017531394958,1.2022440428362486
3,8.403219223022461,0.9068812727928162,0.7693629264831543,1.2003631749881096
3,8.425379753112793,0.9049506187438965,0.7670867443084717,1.1978062311001467
3,8.447539329528809,0.9029385447502136,0.7648873329162598,1.1946836665258724
3,8.469698905944824,0.9008474349975586,0.7627801895141602,1.1911240398134773
3,8.491872787475586,0.8986769914627075,0.7607799768447876,1.1872798409600056
3,8.51404094696045,0.8964300155639648,0.7589045166969299,1.1833216307000736
3,8.53620719909668,0.8941065669059753,0.7571664452552795,1.179411795319666
3,8.558369636535645,0.891707181930542,0.75557541847229,1.1757114453194144
3,8.580533027648926,0.8892320394515991,0.7541363835334778,1.1723592486473857
3,8.60268783569336,0.886684238910675,0.7528512477874756,1.1694142286496338
3,8.62483024597168,0.884067177772522,0.7517168521881104,1.166896982550514
3,8.646954536437988,0.8813858032226562,0.7507258653640747,1.164778171435957
3,8.669058799743652,0.8786463737487793,0.7498679757118225,1.1629832057423901
3,8.691137313842773,0.8758566975593567,0.7491309642791748,1.1614059510481265
3,8.713188171386719,0.8730260133743286,0.7485023140907288,1.159954503686885
3,8.73515510559082,0.8701724410057068,0.7479721903800964,1.1585058876363343
3,8.757086753845215,0.8672995567321777,0.7475284337997437,1.1569462928841447
3,8.77898120880127,0.8644173741340637,0.7471625804901123,1.1551989976931505
3,8.800836563110352,0.8615348935127258,0.7468690276145935,1.1532187074149518
3,8.822649955749512,0.8586597442626953,0.7466456294059753,1.1509992664015476
3,8.844419479370117,0.8557986617088318,0.7464932203292847,1.1485701411991516
3,8.866142272949219,0.8529577255249023,0.7464149594306946,1.1459834912778284
3,8.8878173828125,0.8501420021057129,0.746415376663208,1.143304993527768
3,8.909441947937012,0.8473566770553589,0.7464999556541443,1.140664928730321
3,8.930901527404785,0.8446206450462341,0.7466732263565063,1.1381089360093763
3,8.952332496643066,0.8419188857078552,0.7469402551651001,1.1356909360369758
3,8.973770141601562,0.8392487168312073,0.7473054528236389,1.1334736861066346
3,8.995216369628906,0.8366116285324097,0.7477719783782959,1.1315129357351625
3,9.016668319702148,0.834009051322937,0.74834144115448,1.1298494835676767
3,9.038127899169922,0.8314420580863953,0.7490139007568359,1.1285070737715701
3,9.05959415435791,0.8289120197296143,0.7497878670692444,1.12749085119138
3,9.081067085266113,0.8264205455780029,0.7506601810455322,1.1267880868211106
3,9.102547645568848,0.8239699602127075,0.7516266703605652,1.1264050373332568
3,9.123982429504395,0.8215698599815369,0.7526798844337463,1.1262959691375825
3,9.145426750183105,0.8192176818847656,0.7538164258003235,1.1263580934425457
3,9.166879653930664,0.8169170618057251,0.7550308704376221,1.126531918351795
3,9.188342094421387,0.8146719336509705,0.7563180923461914,1.1267589421016562
3,9.209814071655273,0.8124864101409912,0.7576742172241211,1.1269892663744863
3,9.23129653930664,0.8103647828102112,0.7590966820716858,1.1271843573691116
3,9.25279712677002,0.8083104491233826,0.7605853080749512,1.1273226254710642
3,9.274306297302246,0.8063278794288635,0.7621402144432068,1.1274016897626677
3,9.295825004577637,0.804420530796051,0.7637634873390198,1.127430486870856
3,9.317352294921875,0.80259108543396,0.7654581069946289,1.127425734264246
3,9.338885307312012,0.8008414506912231,0.7672280669212341,1.1274092405376541
3,9.360424995422363,0.7991725206375122,0.7690775394439697,1.1274167631000915
3,9.381929397583008,0.7975873351097107,0.7710075974464417,1.1274656117416701
3,9.403437614440918,0.7960816621780396,0.7730254530906677,1.127564876914826
3,9.424947738647461,0.7946534752845764,0.7751345038414001,1.1277262334327642
3,9.446457862854004,0.7933000922203064,0.7773374319076538,1.1279537673814959
3,9.467965126037598,0.7920186519622803,0.7796357870101929,1.1282437368804554
3,9.489469528198242,0.7908061146736145,0.7820301055908203,1.1285836334115065
3,9.510969161987305,0.789659857749939,0.7845196723937988,1.1289533624698778
3,9.532462120056152,0.7885778546333313,0.787102460861206,1.1293256747530906
3,9.553949356079102,0.787558913230896,0.789775550365448,1.129665205631944
3,9.575428009033203,0.7866029143333435,0.7925348877906799,1.129931978933096
3,9.596899032592773,0.7857107520103455,0.7953755855560303,1.130087922321053
3,9.61836051940918,0.7848840355873108,0.7982927560806274,1.130094394698844
3,9.639814376831055,0.7841253280639648,0.8012812733650208,1.1299172129935906
3,9.661258697509766,0.7834376692771912,0.8043366074562073,1.1295305370679947
3,9.682693481445312,0.7828242182731628,0.8074551224708557,1.1289151865980278
3,9.704122543334961,0.7822882533073425,0.810634434223175,1.1280490192938275
3,9.725542068481445,0.7818326354026794,0.8138724565505981,1.126897705047852
3,9.74695873260498,0.7814593315124512,0.8171693682670593,1.125387584690861
3,9.768362998962402,0.7811695337295532,0.8205237984657288,1.1236442707754215
3,9.789754867553711,0.7809631824493408,0.8239359855651855,1.1216750850253245
3,9.81113338470459,0.7808387279510498,0.8274064064025879,1.1194869826917515
3,9.832498550415039,0.7807929515838623,0.8309351801872253,1.1170852543895304
3,9.85385513305664,0.7808214426040649,0.8345231413841248,1.1144692929533613
3,9.875197410583496,0.7809187173843384,0.8381675481796265,1.1116337024288476
3,9.896528244018555,0.7810785174369812,0.8418670892715454,1.1084258912835785
3,9.917850494384766,0.7812938094139099,0.8456183075904846,1.1049361660858865
3,9.939164161682129,0.7815578579902649,0.8494164943695068,1.1012736687257751
3,9.960469245910645,0.7818642258644104,0.8532554507255554,1.097456570551099
3,9.981767654418945,0.7822074890136719,0.8571284413337708,1.0935047926152195
3,10.003061294555664,0.7825831770896912,0.8610285520553589,1.089438256924017
3,10.0243501663208,0.7829875349998474,0.8649488687515259,1.0852708408397564
3,10.045635223388672,0.7834171056747437,0.8688834309577942,1.0808796047776177
3,10.066919326782227,0.7838690280914307,0.8728269934654236,1.076435990706179
3,10.088201522827148,0.7843409776687622,0.8767748475074768,1.071946025371815
3,10.10948371887207,0.7848305702209473,0.8807231187820435,1.067411246489223
3,10.130765914916992,0.78533536195755,0.8846688866615295,1.0628309591009475
3,10.152055740356445,0.7858526706695557,0.8886111974716187,1.058199445643267
3,10.173415184020996,0.7863805890083313,0.892559826374054,1.0534169397385358
3,10.19477653503418,0.7869135737419128,0.8965005874633789,1.0485318655092974
3,10.216458320617676,0.7874557375907898,0.9004902839660645,1.0435557494461312
3,10.239032745361328,0.7880168557167053,0.9046314358711243,1.0383964246810735
3,10.263297080993652,0.7886112928390503,0.9090653657913208,1.0329047174769872
3,10.287565231323242,0.7891932129859924,0.9134795069694519,1.027567726211941
3,10.314037322998047,0.7898098826408386,0.9182680249214172,1.0217570936070393
3,10.342466354370117,0.7904487252235413,0.9233750700950623,1.015662139393996
3,10.370903015136719,0.7910628318786621,0.928443431854248,1.0097585195657879
3,10.400501251220703,0.7916771769523621,0.9336725473403931,1.0037274554614786
3,10.430547714233398,0.792276918888092,0.9389308094978333,0.9978949558623748
3,10.460603713989258,0.7928546667098999,0.9441389441490173,0.992096224381222
3,10.490766525268555,0.7934151291847229,0.9493139982223511,0.9864547359338505
3,10.5209379196167,0.7939580082893372,0.9544385075569153,0.9810142199929368
3,10.551128387451172,0.794486939907074,0.9595150351524353,0.9757004668969855
3,10.581326484680176,0.7950042486190796,0.9645423889160156,0.9706481152662542
3,10.611534118652344,0.7955120801925659,0.9695208072662354,0.9656604443581689
3,10.641748428344727,0.7960138320922852,0.9744514226913452,0.9608602424184435
3,10.67197036743164,0.7965115308761597,0.9793347716331482,0.9562744936229974
3,10.702200889587402,0.7970086932182312,0.9841729998588562,0.951829639439295
3,10.732437133789062,0.7975078821182251,0.9889682531356812,0.9476356518949194
3,10.762681007385254,0.798011064529419,0.9937219023704529,0.9435410674953619
3,10.792929649353027,0.7985207438468933,0.9984371662139893,0.9396142900291186
3,10.823184967041016,0.7990384101867676,1.0031160116195679,0.9358846033238675
3,10.85344409942627,0.7995660901069641,1.0077626705169678,0.9322885318159505
3,10.883707046508789,0.8001054525375366,1.0123814344406128,0.9288844712323928
3,10.913973808288574,0.8006576895713806,1.0169758796691895,0.9255816835988318
3,10.944243431091309,0.8012241125106812,1.021551489830017,0.9223769858087149
3,10.974514961242676,0.8018057942390442,1.02611243724823,0.9192932477022869
3,11.00478744506836,0.8024040460586548,1.0306650400161743,0.9163140374682012
3,11.035058975219727,0.8030202388763428,1.0352164506912231,0.9134383904095359
3,11.065330505371094,0.8036556839942932,1.0397717952728271,0.9106592959136629
3,11.095600128173828,0.8043120503425598,1.0443392992019653,0.9079205652844157
3,11.125865936279297,0.804990828037262,1.0489238500595093,0.9052681762768259
3,11.156126976013184,0.8056938648223877,1.0535328388214111,0.9027286683580523
3,11.186383247375488,0.8064232468605042,1.0581742525100708,0.9003002468371414
3,11.216633796691895,0.807180643081665,1.0628526210784912,0.8980054164737561
3,11.246877670288086,0.8079683780670166,1.0675760507583618,0.895812524558972
3,11.27711296081543,0.8087882995605469,1.07234787940979,0.8937538053779063
3,11.30734634399414,0.8096425533294678,1.077174425125122,0.8918652838907241
3,11.337594032287598,0.8105334639549255,1.0820634365081787,0.8901832541967379
3,11.367831230163574,0.8114619255065918,1.0870130062103271,0.8887259983332542
3,11.398120880126953,0.8124315738677979,1.0920374393463135,0.8874448375492318
3,11.428398132324219,0.8134419322013855,1.0971263647079468,0.8864157089083795
3,11.45880126953125,0.8144991993904114,1.1023039817810059,0.8856180606982725
3,11.4894380569458,0.8156114220619202,1.1075900793075562,0.8851450389287265
3,11.520062446594238,0.8167712688446045,1.1129405498504639,0.8849277762992159
3,11.555900573730469,0.818188488483429,1.1192827224731445,0.8848370133418639
3,11.620795249938965,0.8209052085876465,1.1309559345245361,0.8860015054847277
3,11.685647010803223,0.8238135576248169,1.142822265625,0.8887823415147
3,11.739831924438477,0.8264051675796509,1.152823805809021,0.8917575727161885
4,0.7726199626922607,-0.5097880959510803,2.2325122356414795,1.003174660813889
4,0.8913083672523499,-0.5098477005958557,2.237354278564453,1.0047332759493763
4,1.012075424194336,-0.5099141597747803,2.2432363033294678,1.0071820171948092
4,1.132798194885254,-0.5099847912788391,2.249969482421875,1.0107696592994813
4,1.2545148134231567,-0.5100580453872681,2.257288932800293,1.0149464768372052
4,1.376612663269043,-0.5101331472396851,2.2647886276245117,1.0198440426146573
4,1.4692641496658325,-0.5101911425590515,2.270371198654175,1.023541426914296
4,1.5915184020996094,-0.5102704167366028,2.277181625366211,1.0284747320306358
4,1.7138193845748901,-0.5103541612625122,2.2830886840820312,1.0331421667670726
4,1.8362065553665161,-0.5104463696479797,2.287569046020508,1.0376717804116042
4,1.9586443901062012,-0.5105503797531128,2.2903084754943848,1.0409975888074954
4,2.081115245819092,-0.5106707215309143,2.2909505367279053,1.0438316355933954
4,2.2035768032073975,-0.510812520980835,2.2893145084381104,1.0451728734695693
4,2.3259856700897217,-0.5109785199165344,2.285362720489502,1.0450332129679825
4,2.4483046531677246,-0.5111720561981201,2.2792272567749023,1.0441359674016923
4,2.57051157951355,-0.5113937854766846,2.2711563110351562,1.0407199854712372
4,2.6925976276397705,-0.5116440057754517,2.2614223957061768,1.0367729675715451
4,2.8145720958709717,-0.5119220614433289,2.2503769397735596,1.031580771102892
4,2.9364373683929443,-0.5122278928756714,2.23818302154541,1.025369129142123
4,3.05820631980896,-0.5125615000724792,2.2250638008117676,1.0187205299329094
4,3.1798815727233887,-0.5129241347312927,2.2111008167266846,1.0106896056623396
4,3.3014628887176514,-0.5133169889450073,2.1963443756103516,1.0019202269204164
4,3.42294979095459,-0.5137434601783752,2.1808290481567383,0.9920262436324917
4,3.5443356037139893,-0.5142062306404114,2.1645429134368896,0.979973230239249
4,3.665614366531372,-0.5147098302841187,2.1474804878234863,0.9666098427766414
4,3.7867627143859863,-0.5152580142021179,2.1296515464782715,0.9494583329245498
4,3.9077839851379395,-0.5158530473709106,2.110982894897461,0.929190039163102
4,4.028472423553467,-0.5165091156959534,2.0916104316711426,0.9051861677364015
4,4.14906644821167,-0.5172514915466309,2.0716609954833984,0.8769512287809451
4,4.268560409545898,-0.518118143081665,2.0517613887786865,0.8469198632699496
4,4.384958744049072,-0.519158124923706,2.033064365386963,0.8172194177753872
4,4.501572132110596,-0.5204559564590454,2.0157880783081055,0.7893289774596051
4,4.612246036529541,-0.5220316052436829,2.0019214153289795,0.764514921221575
4,4.714837074279785,-0.5238896608352661,1.9921433925628662,0.7470923019421151
4,4.8177032470703125,-0.5262321829795837,1.9860965013504028,0.7347171522627596
4,4.912829875946045,-0.5288944244384766,1.9843744039535522,0.7292479777016717
4,5.002745628356934,-0.531868040561676,1.9863144159317017,0.7300322605687407
4,5.090088367462158,-0.5351659059524536,1.9913946390151978,0.7363237160149342
4,5.17720890045166,-0.5388192534446716,1.999291181564331,0.7466641855484701
4,5.263290882110596,-0.5427398681640625,2.0094668865203857,0.7596526081146119
4,5.348965167999268,-0.5469056367874146,2.0215001106262207,0.7744838135142025
4,5.434412956237793,-0.5512922406196594,2.034979820251465,0.790163604443154
4,5.523252010345459,-0.5560804605484009,2.0501363277435303,0.8064383439689481
4,5.616042137145996,-0.5613430142402649,2.0668745040893555,0.8226357735285494
4,5.7086944580078125,-0.5669041872024536,2.084268093109131,0.8369071241525522
4,5.80497407913208,-0.5730793476104736,2.102895736694336,0.8497941201290639
4,5.904478073120117,-0.5800003409385681,2.1226577758789062,0.8613096450779141
4,6.00663948059082,-0.5878034234046936,2.1434733867645264,0.8716620448061443
4,6.110754489898682,-0.5966237187385559,2.1652491092681885,0.881231234483415
4,6.214664459228516,-0.6064490079879761,2.187565326690674,0.891395571533312
4,6.318338394165039,-0.6174604296684265,2.210419178009033,0.9033158474706549
4,6.415469169616699,-0.6290324330329895,2.23228120803833,0.9166488784582504
4,6.519052982330322,-0.6428131461143494,2.2558302879333496,0.9346407095197926
4,6.622508525848389,-0.6579700112342834,2.2790956497192383,0.9565298910515535
4,6.698704719543457,-0.6698593497276306,2.295626640319824,0.974651444252819
4,6.7520365715026855,-0.6784458160400391,2.3066275119781494,0.9883338119689199
4,6.781119346618652,-0.6831926107406616,2.3123722076416016,0.9954436708869677
4,6.806930065155029,-0.687429666519165,2.3172996044158936,1.0013930168121934
4,6.832470417022705,-0.6916369199752808,2.3220012187957764,1.0070183488826996
4,6.8578410148620605,-0.6958228349685669,2.3264899253845215,1.0123527717163294
4,6.8831095695495605,-0.6999901533126831,2.3307700157165527,1.017382490330405
4,6.908304691314697,-0.7041360139846802,2.3348398208618164,1.021984495101975
4,6.933638095855713,-0.7082885503768921,2.3387258052825928,1.026132846848828
4,6.958911895751953,-0.7124090194702148,2.342390537261963,1.029838005932482
4,6.984179973602295,-0.7165001034736633,2.3458364009857178,1.0330336207208226
4,7.009388446807861,-0.720548152923584,2.349052906036377,1.0356427256446452
4,7.034546375274658,-0.7245505452156067,2.3520398139953613,1.0376448409752606
4,7.059637546539307,-0.7285023927688599,2.354795455932617,1.0390353744355665
4,7.084776878356934,-0.732420802116394,2.357332468032837,1.0396871885758259
4,7.10994291305542,-0.7363017797470093,2.359649181365967,1.0396329701173521
4,7.135034084320068,-0.7401297092437744,2.361738681793213,1.0389833558787152
4,7.159989833831787,-0.7438966035842896,2.3636014461517334,1.0376762035962788
4,7.184864044189453,-0.7476133704185486,2.365248918533325,1.0357248218451431
4,7.209653854370117,-0.7512834668159485,2.366687774658203,1.0331632767022418
4,7.234487056732178,-0.7549313902854919,2.367931842803955,1.030009439619526
4,7.259232997894287,-0.7585436105728149,2.36898136138916,1.026292175664338
4,7.283889293670654,-0.7621263861656189,2.3698461055755615,1.0220522866408461
4,7.30845308303833,-0.7656868696212769,2.3705356121063232,1.0173027032494535
4,7.33302116394043,-0.7692470550537109,2.3710618019104004,1.0120704027373388
4,7.357494354248047,-0.7728014588356018,2.371432065963745,1.0064735544085657
4,7.381871700286865,-0.7763595581054688,2.371656656265259,1.000570454083257
4,7.40629243850708,-0.7799527645111084,2.3717453479766846,0.9943821958822476
4,7.430576324462891,-0.7835652828216553,2.3717072010040283,0.9880022818775447
4,7.4547648429870605,-0.7872142791748047,2.371553421020508,0.9814640333888885
4,7.4788594245910645,-0.7909119725227356,2.371295213699341,0.9748218325935303
4,7.502861022949219,-0.794670820236206,2.370943069458008,0.9681250701746049
4,7.52677059173584,-0.7985036969184875,2.3705077171325684,0.9614113002606955
4,7.550587177276611,-0.8024241924285889,2.3699991703033447,0.9547679340158044
4,7.5746941566467285,-0.8065102696418762,2.369417905807495,0.9481963010984178
4,7.598732948303223,-0.8107185959815979,2.3687798976898193,0.9417182567772999
4,7.6223626136779785,-0.815001904964447,2.3681044578552246,0.9355283589519864
4,7.64589262008667,-0.8194267153739929,2.367391586303711,0.9296617403454908
4,7.669227600097656,-0.823988676071167,2.366651773452759,0.9241159095743252
4,7.692712306976318,-0.828768253326416,2.3658814430236816,0.9189575302980427
4,7.716257095336914,-0.8337646126747131,2.3650906085968018,0.9142015043493533
4,7.7395405769348145,-0.8389285802841187,2.3642914295196533,0.909958538007624
4,7.76270866394043,-0.8443156480789185,2.3634567260742188,0.9062156967955335
4,7.785821437835693,-0.8499618768692017,2.3625123500823975,0.9029129036246175
4,7.808792591094971,-0.8558620810508728,2.3613011837005615,0.8988648656770856
4,7.829517364501953,-0.8614571690559387,2.3597114086151123,0.8941850572682666
4,7.852258205413818,-0.8679296970367432,2.356905221939087,0.8859583207874467
4,7.875245094299316,-0.8747749328613281,2.3522391319274902,0.8765124318133529
4,7.897485733032227,-0.881476640701294,2.345465898513794,0.8649073781924151
4,7.919712066650391,-0.8879230618476868,2.3367199897766113,0.8520482093391648
4,7.941184043884277,-0.8936921954154968,2.3273255825042725,0.8370194930700297
4,7.962788105010986,-0.8990219831466675,2.3179759979248047,0.8204630737110026
4,7.984735012054443,-0.9039666652679443,2.309298276901245,0.8038437609660352
4,8.007109642028809,-0.9085103273391724,2.3016107082366943,0.7921008711655819
4,8.029802322387695,-0.9126666784286499,2.2948548793792725,0.7856072546555564
4,8.05263900756836,-0.9165166616439819,2.2886133193969727,0.7821052477326849
4,8.075468063354492,-0.920141875743866,2.282409906387329,0.7795626872046362
4,8.098125457763672,-0.9235492944717407,2.275876760482788,0.7763071622454386
4,8.120488166809082,-0.9266824126243591,2.26874041557312,0.7717970316360869
4,8.142868995666504,-0.9295079112052917,2.2607333660125732,0.7663150688895418
4,8.165014266967773,-0.9319106936454773,2.251972198486328,0.7599537400435831
4,8.186767578125,-0.9338135719299316,2.242687225341797,0.7528951499441667
4,8.208235740661621,-0.9351940155029297,2.233027219772339,0.7452397229094284
4,8.229535102844238,-0.9360409379005432,2.223083734512329,0.7371421620132698
4,8.250694274902344,-0.9363462924957275,2.2129549980163574,0.7289467468852578
4,8.27165699005127,-0.936109185218811,2.202754497528076,0.7208828698739095
4,8.29250717163086,-0.93532794713974,2.192495584487915,0.7131189231457528
4,8.313227653503418,-0.9340040683746338,2.182225465774536,0.7057988136031588
4,8.333819389343262,-0.9321346282958984,2.171957492828369,0.6988920125955862
4,8.354268074035645,-0.9297136068344116,2.161696434020996,0.6923710841767788
4,8.374611854553223,-0.9267292618751526,2.1514201164245605,0.6861116002668823
4,8.394775390625,-0.9231758713722229,2.141152858734131,0.6798686363536697
4,8.414692878723145,-0.9190512299537659,2.1309211254119873,0.6735846359533603
4,8.434518814086914,-0.9143080115318298,2.1206469535827637,0.6672076458917112
4,8.454110145568848,-0.9089587330818176,2.1104061603546143,0.6607786788981909
4,8.473504066467285,-0.9029854536056519,2.1001925468444824,0.6543261288799723
4,8.492633819580078,-0.896396279335022,2.0900516510009766,0.6477665376790112
4,8.511442184448242,-0.8892037272453308,2.080026388168335,0.6412413994197217
4,8.530003547668457,-0.8813768625259399,2.070086717605591,0.6349231441815826
4,8.548251152038574,-0.8729308247566223,2.060267925262451,0.6288935793723809
4,8.56604290008545,-0.8639407157897949,2.050650119781494,0.6232862000614919
4,8.583487510681152,-0.8543578386306763,2.0411691665649414,0.6181816142074097
4,8.600566864013672,-0.84418123960495,2.0318217277526855,0.6136638109883934
4,8.617400169372559,-0.8333373069763184,2.0225374698638916,0.6097906394860039
4,8.633845329284668,-0.8218986392021179,2.013376474380493,0.6066922268524202
4,8.649839401245117,-0.8099137544631958,2.0043606758117676,0.6044651931686378
4,8.665416717529297,-0.7973750233650208,1.9954601526260376,0.603069382820173
4,8.680520057678223,-0.78434157371521,1.9866963624954224,0.602708950321443
4,8.69520378112793,-0.7707765102386475,1.9780259132385254,0.6032339431533286
4,8.709406852722168,-0.7567813396453857,1.9694873094558716,0.6047008925882668
4,8.723170280456543,-0.7423374652862549,1.9610486030578613,0.6071909865483929
4,8.736475944519043,-0.7275004982948303,1.9527244567871094,0.6105409649681335
4,8.749363899230957,-0.712282121181488,1.944498896598816,0.6147667009846132
4,8.761824607849121,-0.6967397928237915,1.9363890886306763,0.6199080995463401
4,8.773859977722168,-0.6809213161468506,1.9284061193466187,0.6257817437957007
4,8.785538673400879,-0.6648097634315491,1.9205275774002075,0.6323106722919821
4,8.796862602233887,-0.6484684348106384,1.9127788543701172,0.6394757703050882
4,8.807845115661621,-0.6319358944892883,1.9051735401153564,0.6473251046329016
4,8.818565368652344,-0.6151705980300903,1.8976913690567017,0.6552524786146394
4,8.829018592834473,-0.5982640981674194,1.8903746604919434,0.6637105725219207
4,8.83955192565918,-0.5806959867477417,1.8830169439315796,0.6723489124036983
4,8.849903106689453,-0.5629456639289856,1.8758395910263062,0.6811653741541585
4,8.859848022460938,-0.5455224514007568,1.869053840637207,0.6896663428891712
4,8.869667053222656,-0.5280152559280396,1.8625065088272095,0.6978965806588558
4,8.879411697387695,-0.5103912949562073,1.8562018871307373,0.7059081645654864
4,8.88908576965332,-0.49270662665367126,1.8501801490783691,0.713278909796794
4,8.898730278015137,-0.47498077154159546,1.8444708585739136,0.7200053521417792
4,8.908367156982422,-0.4572213888168335,1.8390966653823853,0.7261199073524572
4,8.918044090270996,-0.43938782811164856,1.8340692520141602,0.7317425402568454
4,8.927755355834961,-0.421540766954422,1.8294310569763184,0.7370646537027636
4,8.937521934509277,-0.40369367599487305,1.8252098560333252,0.7409328057426312
4,8.947393417358398,-0.3858015835285187,1.8214192390441895,0.7442291230655074
4,8.95734977722168,-0.3679347336292267,1.818100929260254,0.7468809014349784
4,8.967403411865234,-0.35010403394699097,1.815281629562378,0.7491767554406679
4,8.977591514587402,-0.3322683572769165,1.8129794597625732,0.7505400966378454
4,8.987885475158691,-0.3145006000995636,1.811227560043335,0.7514976749614598
4,8.99829387664795,-0.2968100905418396,1.8100517988204956,0.751872634541578
4,9.008813858032227,-0.27922379970550537,1.8094738721847534,0.7516418026785038
4,9.019479751586914,-0.2617000341415405,1.809516191482544,0.7508546906032354
4,9.030251502990723,-0.2443224936723709,1.8102004528045654,0.7495797826449125
4,9.041135787963867,-0.22709928452968597,1.8115465641021729,0.7478986189669635
4,9.052154541015625,-0.21000505983829498,1.813577651977539,0.7456080228769191
4,9.06325912475586,-0.19312921166419983,1.8163020610809326,0.743006916835195
4,9.074453353881836,-0.17647778987884521,1.8197360038757324,0.7401365989578002
4,9.08575439453125,-0.1600324809551239,1.823900580406189,0.7367467902254101
4,9.097102165222168,-0.14388464391231537,1.8287876844406128,0.7332276906746654
4,9.108501434326172,-0.12803593277931213,1.834407091140747,0.7295630789537649
4,9.11996078491211,-0.11247225850820541,1.8407769203186035,0.725417508478808
4,9.131416320800781,-0.09729532897472382,1.8478713035583496,0.7206945640243779
4,9.142878532409668,-0.08249758183956146,1.8557010889053345,0.7158627352245205
4,9.154350280761719,-0.06806953251361847,1.8642802238464355,0.7110659856767335
4,9.165765762329102,-0.054097820073366165,1.8735600709915161,0.7058927892033742
4,9.177153587341309,-0.040558647364377975,1.8835725784301758,0.7004407040985616
4,9.18847942352295,-0.0274970680475235,1.8942869901657104,0.6952921275318759
4,9.199712753295898,-0.014940595254302025,1.9056801795959473,0.6894014077322331
4,9.210941314697266,-0.0027991943061351776,1.9178465604782104,0.6837943986595549
4,9.222036361694336,0.008788385428488255,1.9306585788726807,0.678086588111978
4,9.233010292053223,0.019815994426608086,1.9441193342208862,0.6725841945207272
4,9.243844985961914,0.03027799353003502,1.9582120180130005,0.6670083014637644
4,9.25442886352539,0.040066417306661606,1.9727686643600464,0.661528591510203
4,9.26484489440918,0.04927826672792435,1.9878978729248047,0.6561796685027785
4,9.275050163269043,0.05787048861384392,2.0035197734832764,0.650977843355444
4,9.285080909729004,0.06588272750377655,2.019679307937622,0.645761765592626
4,9.29487419128418,0.07327316701412201,2.036268949508667,0.6408289488651364
4,9.30445384979248,0.08006884902715683,2.0533087253570557,0.6360076300429937
4,9.31379508972168,0.0862652137875557,2.0707404613494873,0.6311622658563159
4,9.32290267944336,0.09187836945056915,2.088554620742798,0.626592857540666
4,9.331740379333496,0.09690430760383606,2.106668710708618,0.6220279483225246
4,9.340332984924316,0.10138000547885895,2.1251237392425537,0.6174193504122416
4,9.348661422729492,0.10531149059534073,2.143861770629883,0.6128070517018052
4,9.356740951538086,0.10872867703437805,2.1629128456115723,0.6080904459590262
4,9.364533424377441,0.1116366758942604,2.1821887493133545,0.60330739672326
4,9.37202262878418,0.11405345797538757,2.2016522884368896,0.5982224406345775
4,9.379228591918945,0.11600804328918457,2.2213735580444336,0.5929664622505704
4,9.386114120483398,0.11750731617212296,2.24126935005188,0.5875481792605307
4,9.392669677734375,0.11856521666049957,2.2613272666931152,0.5817198812662439
4,9.398894309997559,0.11919228732585907,2.281580924987793,0.57559351205276
4,9.404763221740723,0.11939063668251038,2.3019700050354004,0.5692601457331085
4,9.410269737243652,0.11916171759366989,2.3224802017211914,0.562636638219193
4,9.415425300598145,0.11849866807460785,2.34316086769104,0.555730346329537
4,9.420215606689453,0.11739480495452881,2.3639302253723145,0.5486773496900758
4,9.424653053283691,0.11584169417619705,2.3847692012786865,0.5414909901589234
4,9.428750991821289,0.11383253335952759,2.4056386947631836,0.5342574862931527
4,9.432544708251953,0.11135757714509964,2.4265363216400146,0.5269199979359555
4,9.436079978942871,0.1084037721157074,2.4474966526031494,0.5196284284422558
4,9.439390182495117,0.10498101264238358,2.4684410095214844,0.5124664186336864
4,9.442522048950195,0.10110041499137878,2.489351511001587,0.5054977018893086
4,9.445518493652344,0.09678679704666138,2.5101969242095947,0.49887364179898597
4,9.448431015014648,0.09207227826118469,2.5309760570526123,0.4926107881721207
4,9.4512939453125,0.08698705583810806,2.5516936779022217,0.48670499884172275
4,9.454140663146973,0.08155111968517303,2.5723953247070312,0.48112197375419263
4,9.45698070526123,0.07580924779176712,2.593031167984009,0.475912567245744
4,9.459829330444336,0.06979729980230331,2.6136043071746826,0.4711394143583756
4,9.462701797485352,0.06355377286672592,2.6341018676757812,0.4667197517648984
4,9.46560001373291,0.05709327012300491,2.654545783996582,0.46258428883154185
4,9.468525886535645,0.05043364316225052,2.6749374866485596,0.45870949473465805
4,9.471482276916504,0.04359656944870949,2.69527006149292,0.45519163955246317
4,9.474475860595703,0.036602187901735306,2.7155401706695557,0.4519336978120393
4,9.47750473022461,0.029457153752446175,2.735752582550049,0.4488742773166869
4,9.480567932128906,0.022168342024087906,2.7559077739715576,0.4460940155488586
4,9.483675003051758,0.014753701165318489,2.776010274887085,0.4436468807238414
4,9.486825942993164,0.007221827283501625,2.796062469482422,0.44142381334232933
4,9.490020751953125,-0.00042249454418197274,2.8160648345947266,0.43942060442253744
4,9.493266105651855,-0.008166147395968437,2.8360209465026855,0.43780012693692555
4,9.496569633483887,-0.015999305993318558,2.8559327125549316,0.43636088476397833
4,9.499932289123535,-0.02391979843378067,2.8757996559143066,0.4350867880962543
4,9.503362655639648,-0.03192121908068657,2.895622730255127,0.4341513464786957
4,9.50687313079834,-0.039995331317186356,2.9154021739959717,0.43338138812372384
4,9.510467529296875,-0.04814312234520912,2.935136556625366,0.43268269207287213
4,9.514154434204102,-0.05636259540915489,2.9548237323760986,0.432262224968137
4,9.517948150634766,-0.06464791297912598,2.9744632244110107,0.43196720732048693
4,9.52185344696045,-0.07300154119729996,2.994051694869995,0.4317167125722835
4,9.525880813598633,-0.08142335712909698,3.0135860443115234,0.4316502863738786
4,9.530043601989746,-0.0899115726351738,3.0330638885498047,0.43159284406984927
4,9.534346580505371,-0.09846870601177216,3.052480459213257,0.43152507846947324
4,9.538801193237305,-0.10709451138973236,3.0718328952789307,0.43158717132692254
4,9.543417930603027,-0.11578734219074249,3.0911169052124023,0.4316413675055201
4,9.548202514648438,-0.12454733997583389,3.1103293895721436,0.43161580654690884
4,9.553165435791016,-0.1333744376897812,3.1294660568237305,0.4316158746227812
4,9.558316230773926,-0.14226798713207245,3.148521661758423,0.4315298683212461
4,9.563660621643066,-0.15122561156749725,3.1674935817718506,0.4313682355058233
4,9.569210052490234,-0.16024552285671234,3.1863772869110107,0.4311625468424845
4,9.574971199035645,-0.16932550072669983,3.2051680088043213,0.4308673124843685
4,9.580952644348145,-0.17846137285232544,3.223862886428833,0.4304060337969997
4,9.587165832519531,-0.18765221536159515,3.24245548248291,0.42985237765067136
4,9.593620300292969,-0.1968909054994583,3.260941743850708,0.4292208029298179
4,9.600322723388672,-0.20617163181304932,3.27931809425354,0.4284683737435197
4,9.60728931427002,-0.21549077332019806,3.2975761890411377,0.42754564933487815
4,9.614530563354492,-0.2248370200395584,3.3157131671905518,0.4265888796419641
4,9.622061729431152,-0.23420090973377228,3.3337223529815674,0.42550842874592426
4,9.629898071289062,-0.24357233941555023,3.3515970706939697,0.42438065339284975
4,9.638055801391602,-0.2529323697090149,3.369333505630493,0.4232064974913412
4,9.646559715270996,-0.2622632384300232,3.3869218826293945,0.4220522087776478
4,9.655430793762207,-0.27154189348220825,3.404356002807617,0.421018420132977
4,9.664693832397461,-0.28073787689208984,3.4216291904449463,0.4200700215234437
4,9.674388885498047,-0.28981515765190125,3.4387271404266357,0.4194445802554447
4,9.684547424316406,-0.29873165488243103,3.4556398391723633,0.4192708850749426
4,9.695209503173828,-0.30743831396102905,3.4723498821258545,0.41967511198672747
4,9.706430435180664,-0.3158758580684662,3.488830327987671,0.42081513471263254
4,9.718249320983887,-0.323984295129776,3.5050559043884277,0.4233057468235487
4,9.730708122253418,-0.33170196413993835,3.5209903717041016,0.42698779776902857
4,9.743861198425293,-0.33895742893218994,3.5365798473358154,0.43223256197806
4,9.75771427154541,-0.34570425748825073,3.551786184310913,0.4394450115297908
4,9.7722806930542,-0.3518911898136139,3.5665581226348877,0.4481543535282989
4,9.787556648254395,-0.3574855923652649,3.5808403491973877,0.45916573795913573
4,9.803510665893555,-0.3624702990055084,3.5945987701416016,0.4715832134759761
4,9.82010555267334,-0.36684224009513855,3.607795476913452,0.4856479405167037
4,9.837281227111816,-0.3706139624118805,3.62042236328125,0.500829957060003
4,9.85499095916748,-0.3738049864768982,3.6324586868286133,0.5171279050563323
4,9.873174667358398,-0.3764362335205078,3.643908977508545,0.5340944166719515
4,9.891783714294434,-0.37854036688804626,3.654768705368042,0.5517360049268625
4,9.910767555236816,-0.3801438808441162,3.6650521755218506,0.5694963205831491
4,9.930079460144043,-0.3812788724899292,3.6747710704803467,0.5875043556785989
4,9.949679374694824,-0.38197755813598633,3.683938503265381,0.6054092556585284
4,9.969531059265137,-0.38226255774497986,3.692573308944702,0.6231320473007145
4,9.989601135253906,-0.38216742873191833,3.7006916999816895,0.6405558876763932
4,10.00986099243164,-0.381715327501297,3.7083089351654053,0.6576719351192746
4,10.030287742614746,-0.3809247314929962,3.7154407501220703,0.6744189889538402
4,10.050856590270996,-0.3798210322856903,3.722104072570801,0.690506989521376
4,10.071550369262695,-0.37842679023742676,3.7283148765563965,0.7061546411811538
4,10.092350006103516,-0.3767579197883606,3.7340869903564453,0.7213274718216173
4,10.113240242004395,-0.37482988834381104,3.739433765411377,0.7360048285964945
4,10.134208679199219,-0.37265995144844055,3.744368553161621,0.749925902143668
4,10.15524959564209,-0.3702649772167206,3.7489073276519775,0.7633050410181684
4,10.176413536071777,-0.36764994263648987,3.753073215484619,0.7762208624496421
4,10.197938919067383,-0.3647919297218323,3.7569148540496826,0.7887988513662166
4,10.219502449035645,-0.3617420494556427,3.7603797912597656,0.8007815051765826
4,10.241983413696289,-0.3583785593509674,3.763601541519165,0.8125926725433348
4,10.266169548034668,-0.35456979274749756,3.766645669937134,0.8244475529661982
4,10.292569160461426,-0.35021069645881653,3.7694995403289795,0.8362543493508778
4,10.318981170654297,-0.34565627574920654,3.771888494491577,0.8473998237787028
4,10.347346305847168,-0.3405751585960388,3.773958921432495,0.8585591026774221
4,10.375709533691406,-0.33531466126441956,3.7755393981933594,0.8687544220448434
4,10.405217170715332,-0.32967475056648254,3.776686668395996,0.8786921497648703
4,10.435148239135742,-0.32380542159080505,3.7773571014404297,0.8878653652757755
4,10.465060234069824,-0.31780749559402466,3.777547836303711,0.8964361961164744
4,10.495050430297852,-0.31169167160987854,3.7772819995880127,0.9043718683111434
4,10.525016784667969,-0.30549511313438416,3.7765793800354004,0.9115045922349302
4,10.55496883392334,-0.29924091696739197,3.7754628658294678,0.9182076114064944
4,10.5848970413208,-0.2929562032222748,3.773953676223755,0.9243767609040131
4,10.614801406860352,-0.2866581380367279,3.7720677852630615,0.9301296427747433
4,10.644683837890625,-0.2803722620010376,3.7698299884796143,0.9355060499627855
4,10.674544334411621,-0.2741129994392395,3.7672553062438965,0.9404714130486463
4,10.704386711120605,-0.26790279150009155,3.7643611431121826,0.9453444462897049
4,10.72768783569336,-0.26309725642204285,3.761890411376953,0.948782195512799
5,0.8986621499061584,-1.4693315029144287,1.8868848085403442,1.0047013368932252
5,1.0193860530853271,-1.4695188999176025,1.8935898542404175,1.0069999349840022
5,1.1400396823883057,-1.4697192907333374,1.901461124420166,1.0110760130290164
5,1.2616558074951172,-1.4699300527572632,1.9102890491485596,1.015968009616519
5,1.383634090423584,-1.4701491594314575,1.9195294380187988,1.0220846723377541
5,1.4773235321044922,-1.4703223705291748,1.9266314506530762,1.0267740126849767
5,1.5994572639465332,-1.4705573320388794,1.935338020324707,1.0329664005207722
5,1.7216551303863525,-1.47080659866333,1.9430845975875854,1.0388795175151164
5,1.8439704179763794,-1.471079707145691,1.949210524559021,1.0447319134120554
5,1.9663705825805664,-1.4713867902755737,1.9532685279846191,1.0491278433106919
5,2.0888280868530273,-1.4717391729354858,1.9547983407974243,1.0529736064780135
5,2.211292266845703,-1.472150206565857,1.9535058736801147,1.0554224527087765
5,2.3336923122406006,-1.472626805305481,1.949341058731079,1.0560904698902691
5,2.4559686183929443,-1.4731769561767578,1.9424415826797485,1.056104004278985
5,2.578087568283081,-1.473800778388977,1.9331581592559814,1.0534410895556154
5,2.670671224594116,-1.4743237495422363,1.924710750579834,1.0513000631535516
5,2.7924952507019043,-1.4750735759735107,1.9121350049972534,1.0468455527654403
5,2.914161205291748,-1.4758906364440918,1.8981150388717651,1.0417630152925883
5,3.035684108734131,-1.4767712354660034,1.8829060792922974,1.0360919468510221
5,3.157057046890259,-1.4777146577835083,1.86654794216156,1.0290717541633252
5,3.2782680988311768,-1.478720784187317,1.8490344285964966,1.021375218093962
5,3.3992817401885986,-1.4797946214675903,1.830209493637085,1.011794260789114
5,3.5200531482696533,-1.4809387922286987,1.8098937273025513,1.0000157499930704
5,3.6405112743377686,-1.4821652173995972,1.7878024578094482,0.9867690226110989
5,3.760591506958008,-1.4834953546524048,1.7637476921081543,0.9682696510910518
5,3.8801991939544678,-1.4849627017974854,1.7375457286834717,0.9480165677162578
5,3.999131441116333,-1.4866465330123901,1.7093783617019653,0.9237217109143264
5,4.117574691772461,-1.488628625869751,1.6792371273040771,0.895716193910142
5,4.234596252441406,-1.4910898208618164,1.6480083465576172,0.8641021110503495
5,4.351375102996826,-1.494227409362793,1.6159417629241943,0.8311672482763329
5,4.465012550354004,-1.4981377124786377,1.5847890377044678,0.7983732384935418
5,4.572786331176758,-1.5028345584869385,1.5563892126083374,0.7672375324013854
5,4.680981159210205,-1.5086443424224854,1.5298665761947632,0.7395674980692032
5,4.7815141677856445,-1.5149409770965576,1.5080082416534424,0.7173966007372832
5,4.874870777130127,-1.5214096307754517,1.4906237125396729,0.6984372085466489
5,4.968733787536621,-1.5283331871032715,1.4764446020126343,0.6804344133324828
5,5.057919025421143,-1.535107135772705,1.466580867767334,0.6644931938784439
5,5.14503812789917,-1.5417853593826294,1.4610809087753296,0.6519129246800934
5,5.231537818908691,-1.5484551191329956,1.460510015487671,0.6455733709773667
5,5.317724704742432,-1.5551846027374268,1.4656140804290771,0.6495714240241384
5,5.403321743011475,-1.5619971752166748,1.4767392873764038,0.6673271640645667
5,5.488043785095215,-1.5688624382019043,1.4932634830474854,0.7015219268674842
5,5.571897983551025,-1.5757198333740234,1.5137726068496704,0.7470068605471533
5,5.655170440673828,-1.582526445388794,1.5365586280822754,0.7968243162149178
5,5.708784103393555,-1.5868918895721436,1.5517380237579346,0.8284019687183756
5,5.791875839233398,-1.5936510562896729,1.575189232826233,0.8749008585095058
5,5.875148773193359,-1.6004787683486938,1.5979654788970947,0.9152826594016377
5,5.958701133728027,-1.6074585914611816,1.6196318864822388,0.9492164154997521
5,6.038156032562256,-1.6142816543579102,1.6389124393463135,0.976059645383925
5,6.122316360473633,-1.6217583417892456,1.6578744649887085,1.0003972512193242
5,6.207996368408203,-1.6296716928482056,1.6756402254104614,1.0213630659296427
5,6.295685768127441,-1.6381034851074219,1.6923106908798218,1.0386935566986677
5,6.3835883140563965,-1.6468960046768188,1.7076200246810913,1.0526772815868841
5,6.4354047775268555,-1.6522353887557983,1.71603262424469,1.0605681952573176
5,6.484352111816406,-1.657364010810852,1.7235541343688965,1.0677904961549698
5,6.507532596588135,-1.659816026687622,1.7269742488861084,1.0706973846200376
5,6.530723571777344,-1.662282943725586,1.7303080558776855,1.0734263942729438
5,6.553910732269287,-1.6647623777389526,1.733555555343628,1.076058712477883
5,6.5771331787109375,-1.66725754737854,1.7367238998413086,1.0786155457955988
5,6.6004228591918945,-1.669771432876587,1.7398191690444946,1.0811003260257017
5,6.623795986175537,-1.6723049879074097,1.7428443431854248,1.0835122317003159
5,6.647256851196289,-1.6748580932617188,1.7458003759384155,1.0858642631323412
5,6.67085075378418,-1.6774353981018066,1.7486934661865234,1.0881524893152092
5,6.694293975830078,-1.6800053119659424,1.7514899969100952,1.0903498468714874
5,6.717813014984131,-1.6825917959213257,1.754218578338623,1.0924732199940703
5,6.741339206695557,-1.6851871013641357,1.7568719387054443,1.0945236114862087
5,6.764935493469238,-1.6877974271774292,1.7594574689865112,1.0965068046883928
5,6.7885966300964355,-1.6904217004776,1.761974811553955,1.0984317286816603
5,6.812317848205566,-1.6930590867996216,1.7644237279891968,1.1002783077735916
5,6.836379528045654,-1.6957404613494873,1.7668322324752808,1.102108512382288
5,6.859955310821533,-1.6983736753463745,1.7691173553466797,1.1038295999917613
5,6.884249210357666,-1.7010927200317383,1.771397590637207,1.1055035317961672
5,6.907759189605713,-1.703729510307312,1.7735328674316406,1.1070724987915943
5,6.931285858154297,-1.7063734531402588,1.7756000757217407,1.1085740918130018
5,6.9548563957214355,-1.709027886390686,1.777602195739746,1.1100189704517007
5,6.978466033935547,-1.711692452430725,1.7795391082763672,1.1114028827429159
5,7.002079963684082,-1.7143638134002686,1.7814089059829712,1.1127219671483275
5,7.025728225708008,-1.717045783996582,1.7832143306732178,1.1139855007938653
5,7.049405097961426,-1.7197387218475342,1.7849558591842651,1.1151963336213289
5,7.07310676574707,-1.7224429845809937,1.7866334915161133,1.1163574896488182
5,7.0968337059021,-1.7251596450805664,1.7882479429244995,1.1174730684314937
5,7.120400905609131,-1.7278685569763184,1.789787769317627,1.1185408132538799
5,7.143989562988281,-1.730591893196106,1.791265845298767,1.1195721249375343
5,7.167595863342285,-1.733330249786377,1.7926822900772095,1.1205726794888384
5,7.191214084625244,-1.7360848188400269,1.7940372228622437,1.1215519906398388
5,7.214849472045898,-1.7388577461242676,1.795331358909607,1.1225168940199437
5,7.238488674163818,-1.7416493892669678,1.7965642213821411,1.1234757216787523
5,7.262126445770264,-1.744460940361023,1.797736406326294,1.1244396807771215
5,7.285759925842285,-1.7472939491271973,1.798848271369934,1.1254217661769714
5,7.309382915496826,-1.750150203704834,1.7999002933502197,1.1264356484596747
5,7.332826614379883,-1.7530107498168945,1.8008859157562256,1.1274766740256015
5,7.356268882751465,-1.7558993101119995,1.8018138408660889,1.1285810492984651
5,7.379695892333984,-1.7588165998458862,1.8026838302612305,1.129769233457336
5,7.403103828430176,-1.761764645576477,1.80349600315094,1.131065588060533
5,7.426488399505615,-1.7647455930709839,1.8042502403259277,1.132500219440306
5,7.449845790863037,-1.7677618265151978,1.804945945739746,1.1341239794614502
5,7.473173141479492,-1.7708157300949097,1.8055826425552368,1.1359304445836982
5,7.4970221519470215,-1.7739824056625366,1.8061741590499878,1.1380459036431054
5,7.520615577697754,-1.7771629095077515,1.8066983222961426,1.1404402741697701
5,7.54376220703125,-1.7803319692611694,1.8071520328521729,1.1431542726263704
5,7.566617965698242,-1.7835112810134888,1.8075395822525024,1.1463352770040518
5,7.589196681976318,-1.7867028713226318,1.8078597784042358,1.150007284390317
5,7.6122212409973145,-1.7900077104568481,1.8081209659576416,1.1543534960017652
5,7.635205268859863,-1.793355941772461,1.8083134889602661,1.1595696144004861
5,7.658146858215332,-1.7967431545257568,1.808435320854187,1.1659446612054476
5,7.681049346923828,-1.8001586198806763,1.8084816932678223,1.173921484278585
5,7.7037835121154785,-1.80355966091156,1.8084465265274048,1.1836147057551052
5,7.7264933586120605,-1.806923747062683,1.808326244354248,1.1951326562063411
5,7.749187469482422,-1.8101783990859985,1.8081272840499878,1.2072322002713427
5,7.77187442779541,-1.813239336013794,1.8078705072402954,1.2176992150586712
5,7.794559001922607,-1.8160417079925537,1.8075858354568481,1.2242311730076125
5,7.8172407150268555,-1.818560242652893,1.80730140209198,1.2253960450491739
5,7.839949607849121,-1.8208198547363281,1.8070341348648071,1.2219714950512153
5,7.862639904022217,-1.8228806257247925,1.8067899942398071,1.2158536657618955
5,7.885301113128662,-1.824827790260315,1.8065670728683472,1.2090651711744516
5,7.907925128936768,-1.8267345428466797,1.806361198425293,1.2029467745927935
5,7.930388450622559,-1.8286324739456177,1.8061693906784058,1.197872578205008
5,7.952810287475586,-1.830547571182251,1.8059864044189453,1.1939141247221015
5,7.975189208984375,-1.8324819803237915,1.8058075904846191,1.1909564591326682
5,7.997524261474609,-1.8344371318817139,1.805627465248108,1.188872798066664
5,8.019816398620605,-1.8364183902740479,1.805438756942749,1.1876580161340526
5,8.04206657409668,-1.8384337425231934,1.8052308559417725,1.187439948632514
5,8.0642728805542,-1.8404924869537354,1.804988145828247,1.1884701557697313
5,8.086433410644531,-1.8425992727279663,1.8046904802322388,1.1911072980107664
5,8.108549118041992,-1.8447445631027222,1.8043159246444702,1.1956730054220426
5,8.130621910095215,-1.8468952178955078,1.8038500547409058,1.202143671285265
5,8.152655601501465,-1.8489995002746582,1.8032971620559692,1.209884839018966
5,8.17469596862793,-1.8510023355484009,1.8026751279830933,1.217392919881976
5,8.196612358093262,-1.852838158607483,1.8020118474960327,1.2233570435421905
5,8.218503952026367,-1.8544745445251465,1.801335096359253,1.2270677830312904
5,8.24036979675293,-1.8558967113494873,1.8006750345230103,1.227824034621412
5,8.262207984924316,-1.8571313619613647,1.8000558614730835,1.22543575789558
5,8.284013748168945,-1.8582408428192139,1.799489974975586,1.2204803180291233
5,8.30578327178955,-1.8592969179153442,1.7989751100540161,1.214116532538115
5,8.32751178741455,-1.8603538274765015,1.798499584197998,1.2075814217548217
5,8.349199295043945,-1.8614428043365479,1.7980494499206543,1.2018819863452583
5,8.37088394165039,-1.8625766038894653,1.7976109981536865,1.1975571525914313
5,8.392528533935547,-1.8637529611587524,1.797173261642456,1.1943784317706336
5,8.414143562316895,-1.8649675846099854,1.7967253923416138,1.1921466595112742
5,8.435752868652344,-1.8662171363830566,1.7962565422058105,1.1907403537863164
5,8.45736026763916,-1.8674978017807007,1.7957556247711182,1.1901272554420441
5,8.478964805603027,-1.8688056468963623,1.7952098846435547,1.190333624120077
5,8.500565528869629,-1.8701351881027222,1.7946020364761353,1.1913992266178544
5,8.522163391113281,-1.8714730739593506,1.7939140796661377,1.193325576943521
5,8.543760299682617,-1.872795820236206,1.793136715888977,1.1955504508144175
5,8.565356254577637,-1.874071717262268,1.7922766208648682,1.1976146811784285
5,8.586954116821289,-1.8752670288085938,1.79136061668396,1.19923366323524
5,8.608556747436523,-1.8763601779937744,1.7904211282730103,1.2002214058752354
5,8.630165100097656,-1.8773409128189087,1.7894870042800903,1.200686826225134
5,8.651779174804688,-1.8782110214233398,1.7885782718658447,1.200580456741585
5,8.6733980178833,-1.8789829015731812,1.787707805633545,1.1997896488560493
5,8.695022583007812,-1.8796759843826294,1.786881685256958,1.1983486811678383
5,8.716649055480957,-1.8803153038024902,1.786099910736084,1.1964402454907688
5,8.73827838897705,-1.880927562713623,1.7853562831878662,1.1942435410806198
5,8.759908676147461,-1.8815354108810425,1.784639835357666,1.1919439231906344
5,8.781538963317871,-1.8821542263031006,1.783937931060791,1.189696153548103
5,8.803169250488281,-1.8827934265136719,1.7832374572753906,1.187614573009598
5,8.824797630310059,-1.8834573030471802,1.7825247049331665,1.1857989018016217
5,8.846424102783203,-1.884145975112915,1.7817864418029785,1.1844045812603485
5,8.868049621582031,-1.8848559856414795,1.7810109853744507,1.1834312728005258
5,8.88967227935791,-1.8855794668197632,1.7801891565322876,1.182855550807733
5,8.911293029785156,-1.8863043785095215,1.77931547164917,1.1825955888134358
5,8.932912826538086,-1.8870162963867188,1.7783911228179932,1.1825365075915757
5,8.954530715942383,-1.887701153755188,1.7774232625961304,1.1825594079912771
5,8.97614860534668,-1.8883470296859741,1.7764225006103516,1.1825701043695547
5,8.997766494750977,-1.8889459371566772,1.7754007577896118,1.1825000632500033
5,9.01938533782959,-1.8894926309585571,1.7743682861328125,1.1823270169808213
5,9.041006088256836,-1.8899850845336914,1.77333402633667,1.182048089975142
5,9.062627792358398,-1.8904240131378174,1.7723052501678467,1.1816596902302599
5,9.084250450134277,-1.8908125162124634,1.7712870836257935,1.1811632131621808
5,9.105875015258789,-1.8911566734313965,1.7702821493148804,1.180565135463472
5,9.127500534057617,-1.8914639949798584,1.7692899703979492,1.179880324020337
5,9.149127006530762,-1.8917440176010132,1.768306851387024,1.1791415712983937
5,9.170754432678223,-1.8920055627822876,1.767326831817627,1.1784360269820746
5,9.192380905151367,-1.892256498336792,1.7663432359695435,1.1778154445877556
5,9.214007377624512,-1.892501711845398,1.7653498649597168,1.177294342797944
5,9.23563289642334,-1.8927435874938965,1.7643402814865112,1.1768819120631153
5,9.257257461547852,-1.892982006072998,1.7633086442947388,1.176595882801779
5,9.278881072998047,-1.893214464187622,1.7622497081756592,1.1764488667200579
5,9.300503730773926,-1.893436312675476,1.761160135269165,1.1764353810517376
5,9.322123527526855,-1.893641471862793,1.7600388526916504,1.176545127233772
5,9.343743324279785,-1.8938230276107788,1.7588874101638794,1.1767292053097598
5,9.365361213684082,-1.8939746618270874,1.757709264755249,1.1769609802989625
5,9.386978149414062,-1.8940900564193726,1.756509780883789,1.177226109440453
5,9.408594131469727,-1.8941651582717896,1.7552944421768188,1.1775195285543898
5,9.43021011352539,-1.8941965103149414,1.7540686130523682,1.1778431221443224
5,9.451826095581055,-1.8941823244094849,1.7528371810913086,1.1782016369887935
5,9.473441123962402,-1.8941214084625244,1.7516040802001953,1.1786070243995324
5,9.495057106018066,-1.894013524055481,1.7503727674484253,1.1790649702461091
5,9.516672134399414,-1.8938586711883545,1.7491451501846313,1.1795722384990603
5,9.538287162780762,-1.8936574459075928,1.7479227781295776,1.1801315993156756
5,9.55990219116211,-1.8934099674224854,1.7467060089111328,1.1807408381640294
5,9.581517219543457,-1.89311683177948,1.745495319366455,1.1813925549219793
5,9.603131294250488,-1.892777919769287,1.7442909479141235,1.1820755195854689
5,9.62474536895752,-1.8923923969268799,1.7430933713912964,1.182776524486304
5,9.646358489990234,-1.8919591903686523,1.7419034242630005,1.183478162410219
5,9.66797161102295,-1.8914768695831299,1.7407222986221313,1.1841577131307337
5,9.689583778381348,-1.8909432888031006,1.7395516633987427,1.1847908591094605
5,9.711195945739746,-1.8903559446334839,1.738393783569336,1.1853557594303632
5,9.732807159423828,-1.8897123336791992,1.7372512817382812,1.1858471031193942
5,9.754416465759277,-1.8890095949172974,1.7361276149749756,1.1862480664305994
5,9.776025772094727,-1.8882452249526978,1.7350267171859741,1.186542854081598
5,9.79763412475586,-1.8874167203903198,1.7339527606964111,1.1866993744068264
5,9.81924057006836,-1.8865219354629517,1.7329102754592896,1.1867067752339115
5,9.84084701538086,-1.88555908203125,1.7319035530090332,1.1865581160322394
5,9.862451553344727,-1.8845268487930298,1.7309373617172241,1.1862404550138717
5,9.884054183959961,-1.8834245204925537,1.7300161123275757,1.1857416068540056
5,9.905654907226562,-1.8822518587112427,1.7291438579559326,1.185049950182298
5,9.927254676818848,-1.8810092210769653,1.7283244132995605,1.184154471570861
5,9.948851585388184,-1.8796972036361694,1.727561354637146,1.1830303877465103
5,9.970446586608887,-1.8783173561096191,1.7268574237823486,1.1816519506908292
5,9.992039680480957,-1.8768709897994995,1.726215124130249,1.1800363619628482
5,10.013629913330078,-1.875360369682312,1.725636601448059,1.1781766248807162
5,10.03521728515625,-1.873787760734558,1.725123643875122,1.176027949589069
5,10.056801795959473,-1.8721550703048706,1.724677324295044,1.1736108485887922
5,10.07838249206543,-1.8704652786254883,1.7242990732192993,1.1709333183938406
5,10.099961280822754,-1.86872136592865,1.723989486694336,1.1679926511147782
5,10.121535301208496,-1.8669264316558838,1.7237493991851807,1.1647430082560575
5,10.143107414245605,-1.8650836944580078,1.7235792875289917,1.1612293245449061
5,10.164682388305664,-1.8631956577301025,1.7234798669815063,1.1574426755324858
5,10.186324119567871,-1.861260175704956,1.723451852798462,1.1533659667891023
5,10.208285331726074,-1.8592572212219238,1.7234973907470703,1.148959483619262
5,10.231144905090332,-1.8571350574493408,1.7236239910125732,1.1441258766580729
5,10.255707740783691,-1.8548179864883423,1.723848819732666,1.1386152799988014
5,10.280265808105469,-1.8524688482284546,1.7241642475128174,1.1329033979462078
5,10.307046890258789,-1.8498786687850952,1.7246085405349731,1.1264937513449762
5,10.335795402526855,-1.847074031829834,1.7251981496810913,1.1191580422102805
5,10.36453914642334,-1.8442538976669312,1.725901484489441,1.111616709254334
5,10.394447326660156,-1.8413175344467163,1.726745367050171,1.1035195936202769
5,10.424352645874023,-1.8383899927139282,1.7276982069015503,1.095146211691639
5,10.454699516296387,-1.835443139076233,1.7287662029266357,1.0865034681964134
5,10.485146522521973,-1.8325251340866089,1.7299286127090454,1.0776363230017292
5,10.515595436096191,-1.8296570777893066,1.731174111366272,1.0686767868517304
5,10.546056747436523,-1.8268526792526245,1.7324895858764648,1.059632891536246
5,10.576522827148438,-1.824123740196228,1.733866572380066,1.0505247656586414
5,10.606993675231934,-1.8214821815490723,1.735294222831726,1.0413456380140313
5,10.637471199035645,-1.818940281867981,1.7367619276046753,1.032183092068262
5,10.66795539855957,-1.8165080547332764,1.7382618188858032,1.023049572722388
5,10.69844913482666,-1.8141977787017822,1.739782691001892,1.013949665390144
5,10.728951454162598,-1.8120197057724,1.7413166761398315,1.0049128846455821
5,10.759464263916016,-1.8099846839904785,1.7428559064865112,0.9959243707122492
5,10.789986610412598,-1.8081042766571045,1.7443928718566895,0.9870101614327939
5,10.820518493652344,-1.8063879013061523,1.7459231615066528,0.9781585658424362
5,10.85106086730957,-1.8048473596572876,1.747442603111267,0.9693852312148561
5,10.881611824035645,-1.8034929037094116,1.7489506006240845,0.96065518138266
5,10.912171363830566,-1.8023346662521362,1.7504477500915527,0.951991419601416
5,10.94273853302002,-1.8013845682144165,1.7519397735595703,0.943386327160403
5,10.973312377929688,-1.8006525039672852,1.7534323930740356,0.9347908553118719
5,11.003890037536621,-1.800150752067566,1.7549368143081665,0.9262851441045903
5,11.034468650817871,-1.7998918294906616,1.7564685344696045,0.917756629928183
5,11.065047264099121,-1.7998872995376587,1.7580407857894897,0.9092998987999409
5,11.095621109008789,-1.8001518249511719,1.7596772909164429,0.9009371905211346
5,11.12618637084961,-1.8006986379623413,1.7613970041275024,0.8925866947656397
5,11.15673828125,-1.80154287815094,1.7632251977920532,0.8844273212801115
5,11.187272071838379,-1.8027013540267944,1.7651911973953247,0.8763928909770332
5,11.217781066894531,-1.8041884899139404,1.7673184871673584,0.868614611756094
5,11.248257637023926,-1.8060234785079956,1.7696421146392822,0.8611769670151659
5,11.278692245483398,-1.8082220554351807,1.7721880674362183,0.8541206756092533
5,11.309083938598633,-1.8108010292053223,1.7749855518341064,0.8475991538883498
5,11.339435577392578,-1.8137810230255127,1.7780684232711792,0.8417013575413548
5,11.369710922241211,-1.817171335220337,1.7814550399780273,0.8365722983573222
5,11.399961471557617,-1.8209969997406006,1.785183310508728,0.8321868532144765
5,11.430107116699219,-1.825262427330017,1.7892656326293945,0.8290693347665936
5,11.4602689743042,-1.8300012350082397,1.7937427759170532,0.8270043299428734
5,11.490532875061035,-1.8352630138397217,1.798660159111023,0.8263233350054187
5,11.52064037322998,-1.8410015106201172,1.803989291191101,0.826899168467835
5,11.555665016174316,-1.8483197689056396,1.8107861280441284,0.8289939996529149
5,11.618573188781738,-1.8629097938537598,1.8243601322174072,0.8398387820505088
5,11.680718421936035,-1.879137396812439,1.8394979238510132,0.8560717627881049
5,11.747573852539062,-1.8982754945755005,1.8575278520584106,0.8795843039675497
5,11.813870429992676,-1.9180868864059448,1.8768571615219116,0.9036660416414036
5,11.933120727539062,-1.9527146816253662,1.9147324562072754,0.9481357323040356
5,12.05241584777832,-1.983170509338379,1.9558817148208618,0.9812168824189862
5,12.165316581726074,-2.0050272941589355,1.9960246086120605,1.010304276658481
5,12.279711723327637,-2.019028902053833,2.0364489555358887,1.030939527282845
5,12.351554870605469,-2.0235538482666016,2.0611772537231445,1.0425202418435444
5,12.467965126037598,-2.024415969848633,2.0987374782562256,1.0504311546880958
5,12.585288047790527,-2.0179877281188965,2.1327645778656006,1.0532230828401323
5,12.703350067138672,-2.005970001220703,2.162461757659912,1.050367423106231
5,12.719364166259766,-2.0039968490600586,2.1661086082458496,1.0498811810705757
6,0.24662832915782928,0.4131862223148346,0.50115567445755,1.0144285761321865
6,0.3680981397628784,0.41321274638175964,0.504840075969696,1.0203472654348713
6,0.48759061098098755,0.41324490308761597,0.508664608001709,1.0246535867322657
6,0.6079184412956238,0.4132799506187439,0.5127971172332764,1.0266937237132208
6,0.7282323241233826,0.4133152663707733,0.5173166990280151,1.026788915916985
6,0.8494075536727905,0.41334855556488037,0.5224151015281677,1.025475841847853
6,0.9705473780632019,0.41337934136390686,0.5282899737358093,1.0194137785005506
6,1.0922073125839233,0.4134083092212677,0.5352752804756165,1.0109130453616966
6,1.2140626907348633,0.4134408235549927,0.5439070463180542,0.9982107149853828
6,1.335705041885376,0.41348186135292053,0.5544348359107971,0.9817956865253626
6,1.4573726654052734,0.4135427474975586,0.5670393705368042,0.9647962149653407
6,1.578957200050354,0.41362589597702026,0.5810070633888245,0.9498973438164915
6,1.7004808187484741,0.41373229026794434,0.595496416091919,0.9387560988160216
6,1.8221464157104492,0.4138557016849518,0.6088612079620361,0.9312802950435982
6,1.9053455591201782,0.4139491319656372,0.6169087290763855,0.9281947887917453
6,2.0274083614349365,0.41409850120544434,0.6259409189224243,0.924741477717009
6,2.1496832370758057,0.4142623245716095,0.6313643455505371,0.9275436118176814
6,2.256960153579712,0.4144158363342285,0.6328542232513428,0.931503466941968
6,2.3793482780456543,0.41459691524505615,0.631329357624054,0.944313426521063
6,2.5016696453094482,0.4147798418998718,0.6269765496253967,0.9597612930299119
6,2.623927354812622,0.4149532914161682,0.6210740208625793,0.9791362994422723
6,2.7177577018737793,0.41507479548454285,0.6159424185752869,0.9975988675947919
6,2.8399851322174072,0.4152025282382965,0.6094354391098022,1.024001990450817
6,2.9622507095336914,0.4152956008911133,0.6037011742591858,1.057465703196214
6,3.0845751762390137,0.41535499691963196,0.5994017720222473,1.0948259497041075
6,3.206949234008789,0.4153405725955963,0.5969012379646301,1.139084221890626
6,3.329345941543579,0.4151911437511444,0.5959583520889282,1.1898303877294854
6,3.45174503326416,0.4147348403930664,0.5955842733383179,1.244034986736813
6,3.5741333961486816,0.41372498869895935,0.5943194031715393,1.3007492117981816
6,3.6964685916900635,0.4119158089160919,0.5908549427986145,1.3537749097402525
6,3.8185813426971436,0.40894028544425964,0.5833860039710999,1.400225142898727
6,3.9072508811950684,0.4059545397758484,0.5750382542610168,1.4233002365969822
6,4.0281662940979,0.40067341923713684,0.5583049058914185,1.443928152289893
6,4.147933483123779,0.39383792877197266,0.5351357460021973,1.4407556842762932
6,4.265474319458008,0.3851270079612732,0.5057454109191895,1.418947345665201
6,4.379848957061768,0.37436485290527344,0.4744553565979004,1.4071265365799732
6,4.494445323944092,0.36147230863571167,0.4448677599430084,1.4243199462788279
6,4.553204536437988,0.3547431528568268,0.43307292461395264,1.448746685385333
6,4.607386589050293,0.3490779399871826,0.4247320294380188,1.4795172658672555
6,4.621345043182373,0.3477213978767395,0.42294731736183167,1.4840272268707781
6,4.630723476409912,0.346848726272583,0.4218774735927582,1.4985222481656522
6,4.741874694824219,0.33850017189979553,0.41568523645401,1.6008692415242975
6,4.769516944885254,0.3368893265724182,0.415800005197525,1.6251954397938935
6,4.786489009857178,0.33599036931991577,0.41614800691604614,1.6381674741380947
6,4.88991641998291,0.3322001099586487,0.4221925139427185,1.7101879106499633
6,4.993001461029053,0.3308875262737274,0.43325984477996826,1.7423383444521734
6,5.0578107833862305,0.33110707998275757,0.4419926404953003,1.7545926055946761
6,5.15540075302124,0.33205485343933105,0.4565356969833374,1.7666434963913582
6,5.253887176513672,0.332956999540329,0.4709363281726837,1.7578183390843989
6,5.322153091430664,0.3331518769264221,0.47967320680618286,1.7248861699901117
6,5.385728359222412,0.3327249586582184,0.4860508441925049,1.6871585082235885
6,5.461277008056641,0.3312976360321045,0.4923107922077179,1.6334294711919632
6,5.516835689544678,0.3295283317565918,0.49667420983314514,1.5933800863072647
6,5.587952136993408,0.326572060585022,0.5038390755653381,1.558539391766912
6,5.647152423858643,0.3237527310848236,0.512518584728241,1.5322743878951188
6,5.6964335441589355,0.32139065861701965,0.5218089818954468,1.5030237844514054
6,5.794118404388428,0.31766676902770996,0.5467337369918823,1.4471877923779852
6,5.889146327972412,0.31594258546829224,0.5766571760177612,1.3727324443259017
6,5.925322532653809,0.31583696603775024,0.5890014171600342,1.3429345237777994
6,6.018290042877197,0.31686335802078247,0.6197484731674194,1.2683676887955992
6,6.112137317657471,0.31952622532844543,0.6475604176521301,1.2007011412274202
6,6.206481456756592,0.32360684871673584,0.670049250125885,1.1466788931230678
6,6.258340835571289,0.3263571560382843,0.6798505187034607,1.1224127427766277
6,6.349965572357178,0.3320332169532776,0.6930488348007202,1.0946292540391533
6,6.430986404418945,0.3379178047180176,0.7007433176040649,1.0769292622668825
6,6.504642486572266,0.34399837255477905,0.7049322128295898,1.0646144107965856
6,6.594590663909912,0.35240617394447327,0.7067241072654724,1.0541905247533947
6,6.69115686416626,0.3626531958580017,0.7047374844551086,1.0492232009753315
6,6.787408351898193,0.37417715787887573,0.6986758708953857,1.049233593478442
6,6.809943199157715,0.3770574629306793,0.6966874003410339,1.0500377613100524
6,6.832354545593262,0.37998780608177185,0.694505512714386,1.0511367012421209
6,6.8546576499938965,0.38296738266944885,0.6921366453170776,1.052524448972562
6,6.876893520355225,0.3859986960887909,0.6895840764045715,1.0541970352177343
6,6.899084091186523,0.3890817165374756,0.686852216720581,1.056150785820404
6,6.921239376068115,0.3922143876552582,0.6839466094970703,1.0583811299487764
6,6.943371772766113,0.39539486169815063,0.6808723211288452,1.0608841525302313
6,6.9654669761657715,0.39861705899238586,0.6776381134986877,1.0636613389967229
6,6.987532138824463,0.4018779993057251,0.6742496490478516,1.0666845338234896
6,7.009579658508301,0.40517571568489075,0.6707115769386292,1.069956168079719
6,7.031601905822754,0.4085051715373993,0.6670315265655518,1.0734947944516013
6,7.053595066070557,0.4118616282939911,0.6632168292999268,1.0772944986648576
6,7.075559616088867,0.41524118185043335,0.6592741012573242,1.0813473675134337
6,7.097497940063477,0.41864052414894104,0.6552093029022217,1.0856494495273048
6,7.119404315948486,0.422055184841156,0.6510302424430847,1.0901930804584419
6,7.141287326812744,0.4254828691482544,0.6467422246932983,1.0949695933842263
6,7.163131237030029,0.42891725897789,0.6423547863960266,1.0999865600152965
6,7.184944152832031,0.43235573172569275,0.6378735303878784,1.1052526744712563
6,7.206737995147705,0.43579724431037903,0.6333033442497253,1.1105892214267308
6,7.228529453277588,0.4392421245574951,0.6286482810974121,1.11608450898557
6,7.25029182434082,0.44268250465393066,0.623921275138855,1.1217546491352839
6,7.272023677825928,0.4461139738559723,0.6191301941871643,1.1275936957020614
6,7.293699264526367,0.4495285451412201,0.6142876148223877,1.1335988252933322
6,7.315424919128418,0.45293858647346497,0.6093754172325134,1.1397603464970858
6,7.337488651275635,0.4563837945461273,0.6043345332145691,1.1459910332196348
6,7.359614849090576,0.4598158299922943,0.5992345213890076,1.1521219684693325
6,7.381630897521973,0.4632045030593872,0.5941219925880432,1.1579638815168065
6,7.403644561767578,0.4665621519088745,0.5889780521392822,1.1636676005044193
6,7.4255547523498535,0.4698696732521057,0.5838309526443481,1.169185430779031
6,7.4473700523376465,0.4731254279613495,0.5786808729171753,1.1744698998627348
6,7.469130516052246,0.47633257508277893,0.5735176801681519,1.1794692024919582
6,7.49091100692749,0.47949928045272827,0.5683172345161438,1.184139465551166
6,7.512656211853027,0.4826165437698364,0.5630800724029541,1.1883130098021542
6,7.534385681152344,0.48569226264953613,0.5577782988548279,1.1920293006134213
6,7.556094169616699,0.48874732851982117,0.5523803234100342,1.195177106197547
6,7.577767848968506,0.49182286858558655,0.5468550324440002,1.197094404617274
6,7.599394798278809,0.49497684836387634,0.5411925315856934,1.1967615808071286
6,7.620976448059082,0.49826207756996155,0.535433828830719,1.1940440996107062
6,7.64254093170166,0.5016823410987854,0.5296891331672668,1.1910437102328655
6,7.664140224456787,0.5051709413528442,0.5241189002990723,1.1899730682246552
6,7.6858415603637695,0.5086310505867004,0.5189414024353027,1.191810168938072
6,7.707721710205078,0.5119146108627319,0.5144534111022949,1.1992946559994386
6,7.729836940765381,0.5148167014122009,0.5109754800796509,1.2157999775409745
6,7.752161502838135,0.5171859860420227,0.5086051821708679,1.2395360996495493
6,7.7746124267578125,0.5190205574035645,0.5070978999137878,1.2603472063974264
6,7.797117233276367,0.5204631090164185,0.5060162544250488,1.2739250615684896
6,7.819638729095459,0.521687388420105,0.5050034523010254,1.2819473434328783
6,7.842162132263184,0.5227894186973572,0.5039032101631165,1.2870075681959614
6,7.864683151245117,0.5237942337989807,0.5026696920394897,1.290498635621128
6,7.887200355529785,0.5247084498405457,0.5012957453727722,1.292820873276291
6,7.909711837768555,0.5255383849143982,0.49979114532470703,1.294227734836528
6,7.932218551635742,0.5262928009033203,0.49817073345184326,1.2949654464189806
6,7.954719543457031,0.5269822478294373,0.49645090103149414,1.2951479058645572
6,7.9772162437438965,0.5276172161102295,0.4946514666080475,1.2946140397849393
6,7.999709606170654,0.5282112956047058,0.4928011894226074,1.2934602841072904
6,8.022202491760254,0.5287815928459167,0.49093592166900635,1.2919693731028923
6,8.044697761535645,0.529342770576477,0.48909246921539307,1.2902750259982692
6,8.067197799682617,0.529900074005127,0.4873124063014984,1.2884906624032346
6,8.089706420898438,0.5304502844810486,0.48564815521240234,1.2868601427753048
6,8.112228393554688,0.5309838652610779,0.484162837266922,1.285728063958662
6,8.134766578674316,0.5314843058586121,0.48292359709739685,1.2854354399806407
6,8.157320022583008,0.5319290161132812,0.48198938369750977,1.286237979219291
6,8.179885864257812,0.5322911143302917,0.4813997149467468,1.2881898590852887
6,8.202460289001465,0.5325434803962708,0.48116108775138855,1.2910286750534947
6,8.225037574768066,0.5326634049415588,0.481242299079895,1.2938973783346563
6,8.247611999511719,0.5326377749443054,0.48157748579978943,1.2958094673843958
6,8.270182609558105,0.532468855381012,0.4820794463157654,1.2961098248472183
6,8.29275131225586,0.5321778059005737,0.4826558828353882,1.294786234027053
6,8.31531810760498,0.5317959189414978,0.48324036598205566,1.2922136786283915
6,8.337883949279785,0.5313501954078674,0.4837920069694519,1.2887770442527193
6,8.360450744628906,0.5308589339256287,0.4842858910560608,1.2846515336463182
6,8.383017539978027,0.5303354263305664,0.4847075343132019,1.2797071065856698
6,8.405586242675781,0.5297924876213074,0.48505324125289917,1.2742163188946665
6,8.428154945373535,0.5292456150054932,0.4853336811065674,1.2684259592608196
6,8.450724601745605,0.5287091732025146,0.485571026802063,1.2626432911980416
6,8.473295211791992,0.5281933546066284,0.48579543828964233,1.2571081654432694
6,8.495865821838379,0.5277034044265747,0.48604047298431396,1.2519606157244005
6,8.518436431884766,0.5272397398948669,0.486341655254364,1.2472565095758341
6,8.541006088256836,0.5267993211746216,0.48673176765441895,1.2430094860433558
6,8.563573837280273,0.5263762474060059,0.4872417747974396,1.23922339167047
6,8.586137771606445,0.5259614586830139,0.48789912462234497,1.235893704880824
6,8.608685493469238,0.5255435109138489,0.4887234568595886,1.232987293155088
6,8.631155014038086,0.5251092314720154,0.48972243070602417,1.2304203930088562
6,8.653505325317383,0.5246451497077942,0.4908904731273651,1.2279899007193473
6,8.675750732421875,0.5241357684135437,0.49221131205558777,1.2251877836046436
6,8.697880744934082,0.5235726833343506,0.49365538358688354,1.2219932049847195
6,8.719893455505371,0.5229567289352417,0.49518725275993347,1.2183443603412676
6,8.741788864135742,0.5222955346107483,0.4967714548110962,1.2142975347218874
6,8.763566970825195,0.5216006636619568,0.49837809801101685,1.2099228190538966
6,8.785229682922363,0.5208840370178223,0.4999861419200897,1.2052692096199409
6,8.80677604675293,0.5201575756072998,0.5015814900398254,1.2003890630267033
6,8.828208923339844,0.5194331407546997,0.5031564235687256,1.1953586781704757
6,8.849531173706055,0.5187222361564636,0.5047101974487305,1.190271443584195
6,8.870776176452637,0.518033504486084,0.5062504410743713,1.1851034892815084
6,8.89199161529541,0.5173712968826294,0.5077918171882629,1.1800045698220147
6,8.9131441116333,0.5167415738105774,0.5093465447425842,1.1751188153414227
6,8.934231758117676,0.516146183013916,0.5109308362007141,1.170469810153671
6,8.95525074005127,0.5155840516090393,0.5125604867935181,1.1660443161839522
6,8.976198196411133,0.5150518417358398,0.5142496824264526,1.1618041313353886
6,8.997071266174316,0.5145447254180908,0.5160097479820251,1.1576971738827877
6,9.017874717712402,0.514056921005249,0.5178489685058594,1.153663081713048
6,9.03867244720459,0.5135809183120728,0.519777238368988,1.1496273015305694
6,9.059471130371094,0.5131112337112427,0.5217950940132141,1.1455298516929941
6,9.080269813537598,0.5126435160636902,0.5238982439041138,1.141323747608848
6,9.101072311401367,0.5121752619743347,0.5260785222053528,1.136985170696195
6,9.121879577636719,0.5117059946060181,0.5283253788948059,1.1325070333035847
6,9.142709732055664,0.5112370848655701,0.5306288599967957,1.1279093420620376
6,9.16355037689209,0.5107720494270325,0.5329764485359192,1.1232353640852706
6,9.18446159362793,0.5103138089179993,0.5353658199310303,1.1184386182870527
6,9.205388069152832,0.5098684430122375,0.5377842783927917,1.1136596832522994
6,9.226329803466797,0.5094413161277771,0.5402289032936096,1.1089517974420346
6,9.24728775024414,0.5090371966362,0.5427002310752869,1.10435623324117
6,9.26846694946289,0.5086575150489807,0.5452263355255127,1.0996032802173032
6,9.29013729095459,0.508301317691803,0.547848105430603,1.0951897137638469
6,9.311829566955566,0.5079781413078308,0.5505186319351196,1.0908714065454694
6,9.333538055419922,0.5076881051063538,0.5532470345497131,1.0865824363578074
6,9.354795455932617,0.5074355006217957,0.5559812188148499,1.0825613246875057
6,9.37583065032959,0.5072140097618103,0.5587541460990906,1.0786035975646664
6,9.396897315979004,0.5070183873176575,0.5616036653518677,1.0746508498653264
6,9.417975425720215,0.5068469047546387,0.5645295977592468,1.070663813119507
6,9.439064025878906,0.506697952747345,0.5675324201583862,1.06663063720579
6,9.460161209106445,0.50657057762146,0.5706103444099426,1.062556145337391
6,9.481268882751465,0.506464421749115,0.5737602114677429,1.0584470734781664
6,9.502386093139648,0.506380021572113,0.5769773125648499,1.0543190037766483
6,9.52351188659668,0.5063183903694153,0.5802568197250366,1.0501943966951304
6,9.544665336608887,0.5062810778617859,0.5835968255996704,1.0460960036654983
6,9.565827369689941,0.5062698125839233,0.5869905352592468,1.042052973024641
6,9.58699893951416,0.5062863230705261,0.5904347896575928,1.0380831809223197
6,9.60817813873291,0.5063319802284241,0.5939276218414307,1.0341973829649243
6,9.629365921020508,0.5064078569412231,0.5974681973457336,1.0303987116961713
6,9.650561332702637,0.5065146684646606,0.6010563969612122,1.0266833747653898
6,9.67176342010498,0.5066526532173157,0.6046926975250244,1.0230411849719436
6,9.692972183227539,0.5068216323852539,0.6083778142929077,1.0194581980902813
6,9.71418571472168,0.5070211291313171,0.6121125221252441,1.0157902918745059
6,9.735420227050781,0.5072504878044128,0.6158996820449829,1.0120812560353174
6,9.756656646728516,0.5075088739395142,0.6197362542152405,1.0083701278413664
6,9.777896881103516,0.5077955722808838,0.6236215233802795,1.0046424953455821
6,9.799127578735352,0.5081098079681396,0.6275520324707031,1.0008883337110246
6,9.820362091064453,0.5084512233734131,0.6315279006958008,0.9971119951167585
6,9.841599464416504,0.5088192820549011,0.6355468034744263,0.9933174605981212
6,9.86284065246582,0.5092136859893799,0.6396058201789856,0.9895144796075364
6,9.884085655212402,0.5096337795257568,0.6437018513679504,0.98545644377041
6,9.905336380004883,0.5100791454315186,0.6478318572044373,0.981368969100196
6,9.926578521728516,0.5105491280555725,0.6519899964332581,0.9772660401827518
6,9.947815895080566,0.5110434889793396,0.6561734676361084,0.973151758862711
6,9.969047546386719,0.5115617513656616,0.6603794693946838,0.9690364040176445
6,9.990274429321289,0.5121033787727356,0.664605438709259,0.9649330065129514
6,10.01149845123291,0.5126676559448242,0.6688483953475952,0.9605733422334494
6,10.03271770477295,0.5132536888122559,0.6731057167053223,0.9561938624637688
6,10.053935050964355,0.513860821723938,0.6773751378059387,0.9518233017604296
6,10.075148582458496,0.5144882202148438,0.6816542744636536,0.9474624467790398
6,10.09636116027832,0.5151351690292358,0.6859410405158997,0.9430827151411963
6,10.117571830749512,0.515800952911377,0.6902332305908203,0.9386923743808385
6,10.13878059387207,0.5164844989776611,0.6945284605026245,0.9340196331903159
6,10.159996032714844,0.5171850919723511,0.6988257765769958,0.9293236286803049
6,10.181281089782715,0.5179042816162109,0.70313560962677,0.9245755562452758
6,10.202882766723633,0.518650233745575,0.7075059413909912,0.9197196707701063
6,10.225373268127441,0.5194430947303772,0.7120494246482849,0.9146121019634191
6,10.247864723205566,0.5202517509460449,0.7165846228599548,0.9094345093824018
6,10.272037506103516,0.521136999130249,0.7214468717575073,0.9037436163079505
6,10.2984037399292,0.5221198201179504,0.7267338633537292,0.897586730872998
6,10.324772834777832,0.5231198072433472,0.7320029735565186,0.8913717919560203
6,10.35308837890625,0.5242108106613159,0.7376382946968079,0.8848473694058051
6,10.382555961608887,0.5253627896308899,0.7434772253036499,0.8774649581546213
6,10.412029266357422,0.5265286564826965,0.7492883801460266,0.8699364040428874
6,10.44194507598877,0.5277214646339417,0.7551578283309937,0.8621468052014201
6,10.4718656539917,0.5289218425750732,0.760999858379364,0.8540108549048343
6,10.501888275146484,0.530128538608551,0.7668358087539673,0.8458274918020237
6,10.531925201416016,0.5313321948051453,0.7726511359214783,0.8367991856994367
6,10.561966896057129,0.532528281211853,0.7784465551376343,0.8278016079177044
6,10.592011451721191,0.5337098240852356,0.7842288613319397,0.8185790225827819
6,10.622058868408203,0.534873902797699,0.7900015711784363,0.8090205098567348
6,10.652106285095215,0.5360124707221985,0.7957723736763,0.799272482585166
6,10.682154655456543,0.5371190905570984,0.8015500903129578,0.7891507627819181
6,10.712202072143555,0.5381894707679749,0.8073413968086243,0.7791760595231443
6,10.742244720458984,0.5392165184020996,0.8131607174873352,0.769152867234601
6,10.772282600402832,0.5401968359947205,0.8190153241157532,0.7591772733673348
6,10.802311897277832,0.5411229133605957,0.824921727180481,0.7493500374822499
6,10.832329750061035,0.5419921875,0.8308936357498169,0.7399602324249073
6,10.862334251403809,0.5428022742271423,0.8369412422180176,0.7309292787912566
6,10.892321586608887,0.5435529351234436,0.8430815935134888,0.7223151626229554
6,10.92228889465332,0.5442448258399963,0.8493228554725647,0.7145683304070461
6,10.952234268188477,0.5448824763298035,0.8556782007217407,0.7071180367043176
6,10.982154846191406,0.5454747080802917,0.862152636051178,0.7009025917689679
6,11.012048721313477,0.5460278391838074,0.8687499761581421,0.6952407337812099
6,11.041915893554688,0.5465607047080994,0.8754714131355286,0.6904577426924464
6,11.071756362915039,0.5470831394195557,0.8823128938674927,0.6867996196387667
6,11.101570129394531,0.5476169586181641,0.8892667889595032,0.6834525693687455
6,11.131359100341797,0.5481830835342407,0.8963208794593811,0.6818297835405386
6,11.161126136779785,0.5487995147705078,0.9034644961357117,0.6806418530862942
6,11.190875053405762,0.5494951009750366,0.9106765389442444,0.6803492892197228
6,11.220608711242676,0.5502808690071106,0.9179462194442749,0.6811099365208599
6,11.25033187866211,0.5511893033981323,0.925247311592102,0.682320423852982
6,11.280055046081543,0.5522364377975464,0.9325647354125977,0.6848607590070825
6,11.309772491455078,0.5534356236457825,0.9398826360702515,0.6875771251272045
6,11.339510917663574,0.5548098087310791,0.9471861124038696,0.6911575488164046
6,11.369247436523438,0.5563641786575317,0.9544623494148254,0.6953029284752932
6,11.3990478515625,0.5581192374229431,0.9617093801498413,0.6996437147868634
6,11.428847312927246,0.5600759983062744,0.968906581401825,0.7049090598419372
6,11.458782196044922,0.5622529983520508,0.9760786294937134,0.7103434846815758
6,11.488957405090332,0.5646806359291077,0.9832435250282288,0.7164320549544562
6,11.519128799438477,0.567338764667511,0.9903454780578613,0.7229346727453015
6,11.55444622039795,0.5707391500473022,0.998573362827301,0.7309947332897422
6,11.61841869354248,0.5776636600494385,1.0132182836532593,0.7481091570172499
6,11.682341575622559,0.5854460597038269,1.0276532173156738,0.7645534218600155
6,11.751852989196777,0.5947333574295044,1.0432484149932861,0.7828873280602233
6,11.821283340454102,0.6047172546386719,1.0587730407714844,0.8042379121563562
6,11.946523666381836,0.6238567233085632,1.087144374847412,0.8371647751361636
6,11.957275390625,0.6255404353141785,1.089600682258606,0.8398981776637247
7,0.7130125761032104,0.8119183778762817,1.3132648468017578,1.0036727622300405
7,0.831684410572052,0.8119926452636719,1.3184937238693237,1.0043166612690004
7,0.950283408164978,0.8120688199996948,1.3251644372940063,1.0054670426477652
7,1.0708850622177124,0.8121524453163147,1.3337832689285278,1.0074889197143966
7,1.1923667192459106,0.8122540712356567,1.3442919254302979,1.0124008833838378
7,1.2681411504745483,0.812329113483429,1.3517301082611084,1.0158533960008522
7,1.38981294631958,0.8124701976776123,1.3643828630447388,1.0228867701398956
7,1.465039610862732,0.8125702142715454,1.3724896907806396,1.0271856664238985
7,1.5868135690689087,0.8127490282058716,1.3852795362472534,1.0336963111593862
7,1.6750810146331787,0.8128909468650818,1.3940635919570923,1.038346535873568
7,1.7970848083496094,0.8131067156791687,1.404721736907959,1.0444846979242393
7,1.9192575216293335,0.8133478164672852,1.4132088422775269,1.0498288294354698
7,2.041609764099121,0.8136206865310669,1.4185816049575806,1.0549405751075724
7,2.1640641689300537,0.8139292597770691,1.4204437732696533,1.0579702539646667
7,2.2865169048309326,0.8142775893211365,1.4184443950653076,1.060812523682671
7,2.408855676651001,0.8146680593490601,1.412787914276123,1.0623502729075793
7,2.5309927463531494,0.8151010274887085,1.4037503004074097,1.0630541459330625
7,2.652902603149414,0.8155747056007385,1.3920363187789917,1.0635543992487921
7,2.774587631225586,0.8160851001739502,1.3781728744506836,1.0633798520366842
7,2.8825480937957764,0.8165658712387085,1.3644376993179321,1.063737955578967
7,3.0038671493530273,0.817131757736206,1.3476674556732178,1.064760554368047
7,3.124997854232788,0.8177197575569153,1.3295892477035522,1.0670826269326001
7,3.2459161281585693,0.81832355260849,1.3101402521133423,1.0712693471323993
7,3.366558074951172,0.8189359903335571,1.2890496253967285,1.078372676007736
7,3.470881223678589,0.8194666504859924,1.2691744565963745,1.0870039350581489
7,3.590704917907715,0.8200688362121582,1.2438515424728394,1.100577130058644
7,3.6667892932891846,0.8204423785209656,1.2262592315673828,1.1122200114026375
7,3.7854743003845215,0.8210114240646362,1.1961309909820557,1.1331354546646284
7,3.9033024311065674,0.8215565085411072,1.1628073453903198,1.1576850973022912
7,4.020034313201904,0.8220924139022827,1.1265555620193481,1.186512147660667
7,4.109673023223877,0.8225046396255493,1.097068428993225,1.2104878841307418
7,4.224568843841553,0.8230428099632263,1.05867338180542,1.2449942268177536
7,4.3226704597473145,0.8234958052635193,1.0261499881744385,1.2744333999773862
7,4.435266971588135,0.8240082859992981,0.9912170767784119,1.309231418733615
7,4.5428147315979,0.824505627155304,0.9616321325302124,1.3373278197577467
7,4.651574611663818,0.8250772953033447,0.9368897676467896,1.3647014737730603
7,4.753255367279053,0.8259337544441223,0.9201194047927856,1.3832638784665556
7,4.855749130249023,0.8273507356643677,0.9094194769859314,1.4024033797926858
7,4.893490314483643,0.8280526995658875,0.9068904519081116,1.4084242836742893
7,4.9841084480285645,0.8300873041152954,0.9021410942077637,1.416004426963627
7,5.022305965423584,0.8310617804527283,0.9003503918647766,1.415446242313023
7,5.1132707595825195,0.8333473205566406,0.893991231918335,1.4115634187722088
7,5.206319332122803,0.8353905081748962,0.8830285668373108,1.3953597408018017
7,5.250113487243652,0.8361690044403076,0.8763110041618347,1.385364968546692
7,5.3455491065979,0.83738112449646,0.8614888787269592,1.3648098641191635
7,5.4444684982299805,0.837795078754425,0.8544301986694336,1.3294077866652227
7,5.543550968170166,0.8378117680549622,0.8672059774398804,1.298229840115439
7,5.59589147567749,0.8380183577537537,0.8852779865264893,1.2901510790450452
7,5.686898231506348,0.839722216129303,0.93358314037323,1.2811040027928733
7,5.772892951965332,0.8429942727088928,0.9905372858047485,1.2363082675813484
7,5.808823108673096,0.844758152961731,1.014966368675232,1.2137894390358412
7,5.8971710205078125,0.8498409390449524,1.070878505706787,1.1659978529972757
7,5.989408016204834,0.856092631816864,1.1199119091033936,1.1329709204132585
7,6.0851826667785645,0.8634116649627686,1.1595046520233154,1.1146624348853915
7,6.154744625091553,0.8692220449447632,1.1822383403778076,1.107106125092409
7,6.2549824714660645,0.8783811330795288,1.208450436592102,1.0982321053588466
7,6.356351852416992,0.8887264728546143,1.2291535139083862,1.0888334394733352
7,6.458056449890137,0.9003554582595825,1.2457480430603027,1.07916202110507
7,6.55572509765625,0.9129177331924438,1.2585666179656982,1.0698949552425696
7,6.611342906951904,0.9207385778427124,1.2646831274032593,1.064107666223892
7,6.638293743133545,0.9247174263000488,1.2673507928848267,1.0611632432296907
7,6.664925575256348,0.9287750720977783,1.2698019742965698,1.058338399456568
7,6.691015243530273,0.9328779578208923,1.2720234394073486,1.0556992405307744
7,6.717036247253418,0.9370996356010437,1.2740634679794312,1.0532326729077714
7,6.743030071258545,0.9414451718330383,1.2759310007095337,1.0510405094029918
7,6.768855094909668,0.945890486240387,1.2776201963424683,1.0489267396987305
7,6.794668197631836,0.9504668116569519,1.2791404724121094,1.0469012912273203
7,6.8205437660217285,0.955191433429718,1.28049635887146,1.0450295177060116
7,6.846837520599365,0.9601346850395203,1.2817039489746094,1.0432893717650806
7,6.872633934020996,0.96512770652771,1.2827216386795044,1.0417414230710906
7,6.8983683586120605,0.9702523350715637,1.2835725545883179,1.0403864992738536
7,6.92404842376709,0.9755110144615173,1.284258484840393,1.0392322702819685
7,6.949702739715576,0.980911374092102,1.284780502319336,1.0382580967336943
7,6.975314140319824,0.9864514470100403,1.2851382493972778,1.037507502912622
7,7.000896453857422,0.9921348690986633,1.2853312492370605,1.0370001805816493
7,7.026426315307617,0.997957170009613,1.2853591442108154,1.0367489503493426
7,7.051897048950195,1.0039165019989014,1.2852212190628052,1.03673913122196
7,7.077325344085693,1.0100170373916626,1.284916877746582,1.036995781062005
7,7.102685928344727,1.0162513256072998,1.2844455242156982,1.0375456083737695
7,7.12797212600708,1.0226163864135742,1.2838075160980225,1.0383984336609808
7,7.153178691864014,1.0291082859039307,1.2830032110214233,1.0395315939262941
7,7.178332328796387,1.0357322692871094,1.2820310592651367,1.0409660313238942
7,7.203400611877441,1.042476773262024,1.280893087387085,1.0427224877474068
7,7.228379726409912,1.049336552619934,1.2795904874801636,1.0448006828122363
7,7.253264904022217,1.0563066005706787,1.2781245708465576,1.047162501236637
7,7.2780914306640625,1.0633926391601562,1.2764936685562134,1.0498410235551603
7,7.302821636199951,1.0705784559249878,1.2747018337249756,1.0528194011736434
7,7.327453136444092,1.0778567790985107,1.272751808166504,1.0560671852942103
7,7.35202169418335,1.085231900215149,1.2706407308578491,1.0595650592593038
7,7.376491546630859,1.0926849842071533,1.2683733701705933,1.0632672206643776
7,7.400862693786621,1.1002063751220703,1.2659533023834229,1.067114868632351
7,7.425168991088867,1.1077961921691895,1.2633775472640991,1.071039422112695
7,7.449378967285156,1.1154314279556274,1.2606496810913086,1.0748822796597313
7,7.473495006561279,1.123098611831665,1.2577747106552124,1.0785911260480383
7,7.49751615524292,1.1307920217514038,1.2547569274902344,1.0822253253850032
7,7.5220561027526855,1.1387147903442383,1.2515169382095337,1.0859836051777054
7,7.546508312225342,1.146691083908081,1.2481292486190796,1.0899479753914967
7,7.570252418518066,1.1545363664627075,1.2446702718734741,1.0940887644819712
7,7.593902111053467,1.1624534130096436,1.2410279512405396,1.098127504545989
7,7.6174397468566895,1.1704041957855225,1.237212896347046,1.1014556326282436
7,7.640893936157227,1.1783257722854614,1.2332911491394043,1.1031441125063968
7,7.6643266677856445,1.1861494779586792,1.2293634414672852,1.1026980204642933
7,7.688146591186523,1.1939175128936768,1.2254791259765625,1.100617485982845
7,7.711636066436768,1.2012600898742676,1.2218469381332397,1.0978018728439276
7,7.734862804412842,1.208038568496704,1.2184914350509644,1.0962575599260544
7,7.7586588859558105,1.2144224643707275,1.2152596712112427,1.098142997561097
7,7.783392906188965,1.2205173969268799,1.2120258808135986,1.1035553259804214
7,7.808168411254883,1.2262102365493774,1.2088062763214111,1.1110330248106868
7,7.832997798919678,1.2316266298294067,1.205506443977356,1.1190844586200055
7,7.857807636260986,1.2368414402008057,1.202078938484192,1.1268360275705633
7,7.882579803466797,1.2419037818908691,1.1984970569610596,1.1337143291579872
7,7.907954692840576,1.246964931488037,1.1946595907211304,1.1393431631937994
7,7.932695388793945,1.2517787218093872,1.190755844116211,1.1433710399877548
7,7.9574408531188965,1.2564555406570435,1.1866997480392456,1.1455255471355708
7,7.982148170471191,1.260968565940857,1.1825294494628906,1.1459367347258465
7,8.006811141967773,1.2652950286865234,1.1782852411270142,1.1448751932734647
7,8.031451225280762,1.2694133520126343,1.174004077911377,1.1427138177791138
7,8.05607795715332,1.2732967138290405,1.1697227954864502,1.139930262503126
7,8.080796241760254,1.2769304513931274,1.1654541492462158,1.1368525835210965
7,8.10545539855957,1.2802577018737793,1.1612441539764404,1.1340299049824425
7,8.130017280578613,1.2832558155059814,1.1571110486984253,1.132114768070615
7,8.154808044433594,1.285956859588623,1.1530001163482666,1.1312451136639554
7,8.179585456848145,1.2883350849151611,1.1489390134811401,1.1314043409835672
7,8.204275131225586,1.2904037237167358,1.1449190378189087,1.1322908644084941
7,8.22893238067627,1.2921950817108154,1.1409058570861816,1.1334704537337397
7,8.253549575805664,1.293736457824707,1.1368777751922607,1.1344808987319746
7,8.278118133544922,1.2950522899627686,1.1328188180923462,1.1349447102327463
7,8.302633285522461,1.2961608171463013,1.128720760345459,1.134608543923591
7,8.327092170715332,1.2970740795135498,1.1245832443237305,1.1333499008045953
7,8.351493835449219,1.2977983951568604,1.1204131841659546,1.1311629696187036
7,8.375837326049805,1.298334002494812,1.1162221431732178,1.1279819090378052
7,8.400117874145508,1.2986810207366943,1.1120269298553467,1.1240645196625056
7,8.424342155456543,1.2988386154174805,1.1078442335128784,1.119525014225011
7,8.448511123657227,1.2988020181655884,1.103690505027771,1.1145322947169003
7,8.472623825073242,1.2985670566558838,1.0995804071426392,1.1092857297783758
7,8.496679306030273,1.2981315851211548,1.0955255031585693,1.1039593719225436
7,8.520676612854004,1.2974965572357178,1.0915343761444092,1.0987276576963132
7,8.543937683105469,1.2966907024383545,1.0877208709716797,1.0936796925585468
7,8.567191123962402,1.2956948280334473,1.0839656591415405,1.088659061478557
7,8.59106159210205,1.2944890260696411,1.0801666975021362,1.0838492330313945
7,8.614864349365234,1.2931108474731445,1.076431393623352,1.0791838017072424
7,8.63859748840332,1.2915701866149902,1.0727546215057373,1.074611866160282
7,8.66225814819336,1.2898781299591064,1.069130778312683,1.0701072700141827
7,8.685844421386719,1.2880462408065796,1.065555453300476,1.0656169203580548
7,8.70935344696045,1.2860848903656006,1.0620253086090088,1.0611033079749115
7,8.73278522491455,1.2840038537979126,1.058538556098938,1.0565498314651898
7,8.756145477294922,1.281810998916626,1.0550944805145264,1.051872923965713
7,8.779410362243652,1.2795170545578003,1.0516983270645142,1.04718635934238
7,8.802603721618652,1.2771254777908325,1.0483485460281372,1.0425475583579953
7,8.82575798034668,1.2746375799179077,1.0450433492660522,1.0379988965973734
7,8.848828315734863,1.2720627784729004,1.0417934656143188,1.0335857103018744
7,8.871861457824707,1.2694000005722046,1.0385957956314087,1.0294015728760153
7,8.894857406616211,1.266653299331665,1.0354526042938232,1.0255050267254766
7,8.917816162109375,1.263826608657837,1.0323655605316162,1.021904373876303
7,8.94069766998291,1.2609312534332275,1.0293411016464233,1.0186457389122576
7,8.963543891906738,1.2579667568206787,1.0263737440109253,1.0158108808531738
7,8.986353874206543,1.254937767982483,1.0234633684158325,1.0134187547649935
7,9.009126663208008,1.2518490552902222,1.0206094980239868,1.0114836228418986
7,9.031828880310059,1.2487105131149292,1.0178163051605225,1.010036680250498
7,9.054459571838379,1.245527982711792,1.015085220336914,1.009035849467055
7,9.077054977416992,1.2423015832901,1.0124129056930542,1.0084162696426198
7,9.099587440490723,1.2390414476394653,1.0098031759262085,1.0081307186146085
7,9.122086524963379,1.235748291015625,1.0072541236877441,1.008212934409494
7,9.144551277160645,1.232426643371582,1.0047683715820312,1.0086338341272534
7,9.166982650756836,1.2290802001953125,1.0023497343063354,1.009365057003558
7,9.189379692077637,1.2257131338119507,1.0000026226043701,1.0103797145538675
7,9.211742401123047,1.2223293781280518,0.9977335929870605,1.0117117416632828
7,9.234048843383789,1.2189369201660156,0.9955530762672424,1.0132921953376495
7,9.256270408630371,1.2155439853668213,0.9934692978858948,1.0150484890797236
7,9.278460502624512,1.212146282196045,0.9914834499359131,1.0170212931410854
7,9.300620079040527,1.2087467908859253,0.98960280418396,1.0191998801122986
7,9.322747230529785,1.2053492069244385,0.9878348112106323,1.0215763318068498
7,9.344842910766602,1.201956868171692,0.9861868619918823,1.024144369448035
7,9.366905212402344,1.1985738277435303,0.9846663475036621,1.0269361493354197
7,9.388924598693848,1.1952075958251953,0.9832833409309387,1.029954529601019
7,9.410910606384277,1.1918607950210571,0.9820437431335449,1.0331397630208794
7,9.432865142822266,1.1885381937026978,0.9809529781341553,1.0364539531939898
7,9.454787254333496,1.1852445602416992,0.980015218257904,1.039874312850634
7,9.476677894592285,1.1819849014282227,0.979234516620636,1.0434210104857822
7,9.49853515625,1.1787644624710083,0.9786145091056824,1.047072401333375
7,9.520358085632324,1.1755890846252441,0.978158175945282,1.0508039770878996
7,9.542145729064941,1.1724650859832764,0.977868378162384,1.0546523734599518
7,9.563898086547852,1.1693997383117676,0.9777479767799377,1.0585321653090283
7,9.585615158081055,1.1663984060287476,0.9777974486351013,1.0623962210689029
7,9.60729694366455,1.1634669303894043,0.97801673412323,1.0662122766341222
7,9.62894058227539,1.1606111526489258,0.9784051179885864,1.069949025747781
7,9.650547981262207,1.1578363180160522,0.9789616465568542,1.073570720092935
7,9.672160148620605,1.1551424264907837,0.979686439037323,1.077039847943069
7,9.693732261657715,1.1525400876998901,0.9805769324302673,1.080333600632784
7,9.715264320373535,1.1500335931777954,0.9816309213638306,1.0834183277767053
7,9.736763954162598,1.147626519203186,0.982847273349762,1.086347791021869
7,9.758249282836914,1.1453211307525635,0.9842255711555481,1.0890651442349946
7,9.779732704162598,1.1431188583374023,0.9857651591300964,1.091559733846264
7,9.801214218139648,1.141021966934204,0.9874642491340637,1.0938225168136722
7,9.82269287109375,1.1390316486358643,0.9893208146095276,1.095816211089075
7,9.844167709350586,1.1371477842330933,0.9913322925567627,1.0975228694753565
7,9.865635871887207,1.1353689432144165,0.9934957027435303,1.0989926141355149
7,9.887097358703613,1.1336926221847534,0.9958074688911438,1.1002598126254584
7,9.908550262451172,1.1321158409118652,0.9982635378837585,1.10133757968412
7,9.929993629455566,1.130634069442749,1.0008589029312134,1.1022398711184136
7,9.95142650604248,1.129242181777954,1.0035877227783203,1.1029813451873178
7,9.972847938537598,1.1279345750808716,1.0064430236816406,1.1035479762340688
7,9.994258880615234,1.1267056465148926,1.0094163417816162,1.1039721570437522
7,10.015657424926758,1.125550627708435,1.012498140335083,1.1042891464306033
7,10.037046432495117,1.1244652271270752,1.0156760215759277,1.1045024696194923
7,10.058425903320312,1.123445987701416,1.0189359188079834,1.1045716183774117
7,10.079797744750977,1.1224901676177979,1.0222620964050293,1.1045067020972588
7,10.101164817810059,1.1215959787368774,1.0256386995315552,1.1042761271148378
7,10.122529029846191,1.1207611560821533,1.0290504693984985,1.103810221553995
7,10.143891334533691,1.119983434677124,1.0324844121932983,1.103136656208319
7,10.165260314941406,1.1192606687545776,1.0359306335449219,1.1022880597548244
7,10.186700820922852,1.1185886859893799,1.0393891334533691,1.1012599888216488
7,10.208464622497559,1.1179581880569458,1.0428919792175293,1.0999926086572274
7,10.231125831604004,1.1173515319824219,1.0465229749679565,1.0984769192452728
7,10.255484580993652,1.1167477369308472,1.0504006147384644,1.0964120870610907
7,10.2798490524292,1.116183876991272,1.0542482137680054,1.094093815213352
7,10.306427955627441,1.1155980825424194,1.058406114578247,1.0913858048458767
7,10.334973335266113,1.114989161491394,1.0628231763839722,1.0879820899770918
7,10.363526344299316,1.1143890619277954,1.0671885013580322,1.0844604211778759
7,10.3932466506958,1.1137638092041016,1.0716708898544312,1.0805928759788912
7,10.422977447509766,1.1131354570388794,1.0760881900787354,1.0765775881561324
7,10.45315933227539,1.1124935150146484,1.0804985761642456,1.0724971495556856
7,10.483450889587402,1.1118472814559937,1.0848464965820312,1.0682968285804146
7,10.513752937316895,1.1112004518508911,1.0891144275665283,1.064108783954282
7,10.544076919555664,1.110554814338684,1.0933032035827637,1.059883551496351
7,10.57441234588623,1.109911561012268,1.0974109172821045,1.0556248277995586
7,10.604758262634277,1.1092720031738281,1.1014389991760254,1.0514040140172718
7,10.635113716125488,1.1086370944976807,1.105389952659607,1.0471778878765936
7,10.665478706359863,1.1080079078674316,1.1092650890350342,1.0429959989177262
7,10.695854187011719,1.1073864698410034,1.113067626953125,1.0388566501841616
7,10.726239204406738,1.1067742109298706,1.1167986392974854,1.0347487090850376
7,10.756631851196289,1.1061732769012451,1.1204601526260376,1.0306897935172523
7,10.787033081054688,1.105586290359497,1.124054193496704,1.026685223953337
7,10.817442893981934,1.1050151586532593,1.1275824308395386,1.022741775508087
7,10.847859382629395,1.104462742805481,1.1310478448867798,1.0188584518157244
7,10.878283500671387,1.103931188583374,1.1344530582427979,1.0150374468368317
7,10.908714294433594,1.103422999382019,1.1378010511398315,1.0112805281627213
7,10.9391508102417,1.1029406785964966,1.1410964727401733,1.0075860024370156
7,10.96959400177002,1.1024863719940186,1.1443418264389038,1.0039591353509079
7,11.000041961669922,1.1020629405975342,1.1475427150726318,1.00039967370305
7,11.030494689941406,1.1016725301742554,1.1507035493850708,0.9969465499472475
7,11.060951232910156,1.1013175249099731,1.153828740119934,0.9935759412466635
7,11.091411590576172,1.1010006666183472,1.1569247245788574,0.9903084385811322
7,11.12187385559082,1.1007238626480103,1.1599948406219482,0.9871698211528035
7,11.152338981628418,1.1004894971847534,1.163045048713684,0.9841249156239382
7,11.182806968688965,1.1002994775772095,1.1660799980163574,0.9812556560648413
7,11.213275909423828,1.1001558303833008,1.1691029071807861,0.9785093445708128
7,11.24374771118164,1.1000603437423706,1.172118902206421,0.9759101605592586
7,11.27422046661377,1.100014328956604,1.1751303672790527,0.9735176637595928
7,11.304699897766113,1.1000192165374756,1.1781415939331055,0.971251712574535
7,11.335205078125,1.1000759601593018,1.1811573505401611,0.9692208052070791
7,11.36570930480957,1.1001853942871094,1.1841768026351929,0.9673645290632161
7,11.39627742767334,1.1003485918045044,1.1872087717056274,0.9656730491017246
7,11.426844596862793,1.1005656719207764,1.1902475357055664,0.9642554209372042
7,11.457550048828125,1.1008387804031372,1.1933077573776245,0.9629739666026086
7,11.488504409790039,1.101171612739563,1.1963998079299927,0.9619398939519104
7,11.51945686340332,1.1015619039535522,1.1994985342025757,0.9611332379405737
7,11.555692672729492,1.1020855903625488,1.2031358480453491,0.9604027736868476
7,11.591927528381348,1.1026769876480103,1.2067780494689941,0.9601330930901638
7,11.657576560974121,1.1039094924926758,1.2133876085281372,0.9599205837344095
7,11.729042053222656,1.1054699420928955,1.2205783128738403,0.9608118744839008
7,11.800503730773926,1.1072309017181396,1.2277494668960571,0.9630438360658017
7,11.929654121398926,1.1107600927352905,1.240562081336975,0.9679914288087974
7,12.058837890625,1.114559531211853,1.25294029712677,0.9743138640820805
7,12.180109977722168,1.1181377172470093,1.2638963460922241,0.9805016582581418
7,12.301809310913086,1.1214219331741333,1.2739524841308594,0.9868019155018288
7,12.39919376373291,1.1237095594406128,1.2812135219573975,0.9908801020994872
8,1.4360747337341309,-0.47811996936798096,1.6494358777999878,1.025690045080138
8,1.4848030805587769,-0.47815895080566406,1.6538859605789185,1.0284092583706848
8,1.606787085533142,-0.4782572388648987,1.6644881963729858,1.0352060965717829
8,1.7288527488708496,-0.4783579409122467,1.674096941947937,1.0416798848018411
8,1.8510711193084717,-0.47846564650535583,1.681923270225525,1.0481384470094395
8,1.97342050075531,-0.4785855710506439,1.6873846054077148,1.0529839992725525
8,2.0958645343780518,-0.47872307896614075,1.6899473667144775,1.0572419228964398
8,2.2183327674865723,-0.4788851737976074,1.68921959400177,1.0603104632490865
8,2.3407366275787354,-0.47907519340515137,1.685165286064148,1.0615960822469404
8,2.462993860244751,-0.47929713129997253,1.677933931350708,1.0624308110913203
8,2.585061550140381,-0.47955095767974854,1.6679883003234863,1.061037736583683
8,2.682481527328491,-0.4797767102718353,1.6583184003829956,1.059715476680785
8,2.8041799068450928,-0.4800843596458435,1.6445649862289429,1.056900509733954
8,2.9256820678710938,-0.48041823506355286,1.629172444343567,1.0535692690356384
8,3.0470008850097656,-0.48077404499053955,1.6123963594436646,1.0502334099900648
8,3.16811203956604,-0.4811488687992096,1.5941822528839111,1.046163550782072
8,3.2889769077301025,-0.48153963685035706,1.574400544166565,1.0422162539890107
8,3.409499406814575,-0.4819432199001312,1.552634835243225,1.0379685405568932
8,3.529574394226074,-0.4823554456233978,1.5285272598266602,1.0328480963717588
8,3.6490237712860107,-0.48276573419570923,1.5014926195144653,1.0298799192833805
8,3.7676563262939453,-0.4831419885158539,1.471079707145691,1.0222279053375898
8,3.885195732116699,-0.48343998193740845,1.4367574453353882,1.0157060202470718
8,4.00130033493042,-0.48357099294662476,1.3985515832901,1.0093748827930107
8,4.11603307723999,-0.4834677577018738,1.3564001321792603,1.0009799776547978
8,4.228546142578125,-0.48300042748451233,1.3115074634552002,0.9977135750790461
8,4.284363269805908,-0.4826121926307678,1.2882040739059448,0.995684761134027
8,4.393060207366943,-0.4815171957015991,1.2425636053085327,0.9916958577348907
8,4.502080917358398,-0.4800066649913788,1.1977239847183228,0.9978911259755392
8,4.606597900390625,-0.47861939668655396,1.158774495124817,1.0058237904166845
8,4.713047981262207,-0.4780045747756958,1.1255139112472534,1.0174647290295835
8,4.759100914001465,-0.4782382845878601,1.113767147064209,1.0234780038104614
8,4.852682113647461,-0.4800472855567932,1.0967142581939697,1.0369413978404407
8,4.893124103546143,-0.48142921924591064,1.0924776792526245,1.042909453284836
8,4.983981132507324,-0.48591843247413635,1.091507077217102,1.0645883262003655
8,5.050850868225098,-0.4905566871166229,1.0981138944625854,1.0747187936791918
8,5.140544414520264,-0.49892449378967285,1.114809274673462,1.061438947683733
8,5.23102331161499,-0.5101140737533569,1.1375023126602173,1.0048417919501582
8,5.298096179962158,-0.5201100707054138,1.157983660697937,0.9376199749848184
8,5.331984043121338,-0.5256520509719849,1.1697416305541992,0.9068509031859671
8,5.4205217361450195,-0.5406700968742371,1.2076356410980225,0.8364145279389473
8,5.4788818359375,-0.5504823923110962,1.2393674850463867,0.8177510345910834
8,5.515966892242432,-0.5563291311264038,1.2621092796325684,0.8143219099510308
8,5.596980094909668,-0.567736029624939,1.314736247062683,0.8319490259231068
8,5.680927276611328,-0.5778078436851501,1.3671034574508667,0.8552579470002797
8,5.767515659332275,-0.5870151519775391,1.4146889448165894,0.8830992506053068
8,5.858458042144775,-0.5961306691169739,1.4571565389633179,0.9040969423668752
8,5.952828884124756,-0.6056873202323914,1.4944629669189453,0.9158067170286092
8,6.0474748611450195,-0.6160228848457336,1.5269304513931274,0.9162636710220603
8,6.142289161682129,-0.627797544002533,1.556408166885376,0.9098394809057795
8,6.204076290130615,-0.6366086006164551,1.5747865438461304,0.9057357835063994
8,6.308230400085449,-0.6544037461280823,1.6052850484848022,0.8965454009566503
8,6.378321647644043,-0.6689572930335999,1.6259790658950806,0.8956260815528205
8,6.480323314666748,-0.6951116919517517,1.6574101448059082,0.9092120827630874
8,6.577352046966553,-0.7260622978210449,1.689158320426941,0.9520280258243172
8,6.612035751342773,-0.737883985042572,1.7007880210876465,0.9542509113611568
8,6.635201454162598,-0.746305525302887,1.7085639238357544,0.9944331659324896
8,6.689433574676514,-0.766390323638916,1.7266042232513428,1.044227218034135
8,6.714732646942139,-0.7757723331451416,1.7348147630691528,1.0697140536062928
8,6.739899635314941,-0.7850086092948914,1.7427971363067627,1.0953504821124689
8,6.765176773071289,-0.7941071391105652,1.7505871057510376,1.1214954585634171
8,6.79044246673584,-0.8029366135597229,1.7581084966659546,1.1471879920195116
8,6.815778732299805,-0.8114593625068665,1.765346884727478,1.1709511216114192
8,6.841246604919434,-0.8196328282356262,1.7722872495651245,1.1938150777646948
8,6.866879463195801,-0.8274038434028625,1.778915286064148,1.2153504913248991
8,6.893402099609375,-0.8349376916885376,1.785387635231018,1.2341332997716825
8,6.919273376464844,-0.8417665362358093,1.7913105487823486,1.2510186406385313
8,6.945345878601074,-0.8481044173240662,1.7968875169754028,1.2657167418673465
8,6.971626281738281,-0.8539307713508606,1.8021167516708374,1.277768991809136
8,6.998091220855713,-0.8592256307601929,1.8069814443588257,1.2871272791180015
8,7.02461576461792,-0.8639628887176514,1.8114609718322754,1.29394650323872
8,7.051224231719971,-0.8681504130363464,1.8155688047409058,1.2985518027171739
8,7.077894687652588,-0.871790885925293,1.8193105459213257,1.3009143485555597
8,7.104604244232178,-0.8748916983604431,1.8226927518844604,1.3010176318165354
8,7.1313323974609375,-0.8774656057357788,1.8257180452346802,1.2984385348029246
8,7.158148288726807,-0.8795389533042908,1.8283995389938354,1.29330841755686
8,7.184884071350098,-0.8811277747154236,1.830734133720398,1.2859413710313519
8,7.211100101470947,-0.882245659828186,1.8327052593231201,1.276660326661242
8,7.237327575683594,-0.8829492330551147,1.8343677520751953,1.265124208673209
8,7.263579368591309,-0.8832738995552063,1.8357356786727905,1.2521633616065169
8,7.290172576904297,-0.8832495212554932,1.836830496788025,1.2371317537036433
8,7.316117286682129,-0.882910966873169,1.8376214504241943,1.221565252287583
8,7.341939449310303,-0.8823012709617615,1.8381493091583252,1.205294230880905
8,7.367672443389893,-0.8814533948898315,1.8384244441986084,1.1884561431512883
8,7.393311500549316,-0.8804007768630981,1.8384565114974976,1.1712964235587087
8,7.418854236602783,-0.879177451133728,1.8382552862167358,1.1540308911297548
8,7.444299221038818,-0.8778170943260193,1.8378322124481201,1.1368290160304781
8,7.469645977020264,-0.8763573169708252,1.8371994495391846,1.1198340272990557
8,7.4948954582214355,-0.8748330473899841,1.8363667726516724,1.1031799091242442
8,7.519921779632568,-0.8732826709747314,1.835349440574646,1.0870331403865092
8,7.544854164123535,-0.8717391490936279,1.8341575860977173,1.0714585090360371
8,7.569780349731445,-0.8702356219291687,1.832798719406128,1.0563044043763747
8,7.5946173667907715,-0.8688035011291504,1.8312832117080688,1.0417400022293224
8,7.6193671226501465,-0.8674803972244263,1.8296167850494385,1.0293377009276061
8,7.6443705558776855,-0.866315484046936,1.8277586698532104,1.0171468437890352
8,7.668946743011475,-0.8654054403305054,1.82563054561615,1.0026428346566987
8,7.693376541137695,-0.864724338054657,1.8227715492248535,0.9848973942803686
8,7.705554485321045,-0.8644192218780518,1.8207646608352661,0.9761977485668863
8,7.729187488555908,-0.8634294271469116,1.8146162033081055,0.9622559526937484
8,7.751515865325928,-0.8611489534378052,1.8049665689468384,0.9679140407843381
8,7.763891696929932,-0.8589709997177124,1.7979073524475098,0.9757711938701348
8,7.784200191497803,-0.8542717695236206,1.785391092300415,0.981553908649607
8,7.805063724517822,-0.8489056825637817,1.7737064361572266,0.9659866687178745
8,7.8271050453186035,-0.8435811400413513,1.7648628950119019,0.9504493899350892
8,7.845972537994385,-0.8396497964859009,1.760537028312683,0.9509567334902364
8,7.859495639801025,-0.8371773958206177,1.758697748184204,0.9543253658741834
8,7.883148670196533,-0.8333070278167725,1.7566580772399902,0.9480049843254205
8,7.906888484954834,-0.8297741413116455,1.7550482749938965,0.9389471744973648
8,7.930609703063965,-0.8264849185943604,1.753342628479004,0.9312131795912494
8,7.954293727874756,-0.8234462738037109,1.751316785812378,0.9252408333026685
8,7.977799415588379,-0.8206614851951599,1.7487494945526123,0.9215526401458088
8,8.001177787780762,-0.818035900592804,1.7453522682189941,0.9202716283017015
8,8.024323463439941,-0.815405547618866,1.7408256530761719,0.9209990865122656
8,8.047102928161621,-0.8125379085540771,1.7349834442138672,0.9223682648124526
8,8.069202423095703,-0.8092512488365173,1.728032112121582,0.9215857303468037
8,8.090957641601562,-0.8054184317588806,1.7203657627105713,0.9170380187368217
8,8.110212326049805,-0.8015962839126587,1.7133630514144897,0.9102920047086677
8,8.128039360046387,-0.7978153824806213,1.7070237398147583,0.9021084348544275
8,8.149839401245117,-0.7930137515068054,1.6998196840286255,0.8898440780420678
8,8.171879768371582,-0.7881053686141968,1.6934905052185059,0.8789165356714821
8,8.194171905517578,-0.783234179019928,1.6882692575454712,0.8732440840553475
8,8.216673851013184,-0.7785094380378723,1.6841166019439697,0.8735396787144121
8,8.239287376403809,-0.7739489674568176,1.6807096004486084,0.877122077469963
8,8.261841773986816,-0.7694734930992126,1.6776137351989746,0.8804009719913576
8,8.284330368041992,-0.7649450302124023,1.6744877099990845,0.8827307853495687
8,8.306699752807617,-0.7602633833885193,1.671132206916809,0.8840926724979266
8,8.328906059265137,-0.7553438544273376,1.6674319505691528,0.8837515631232085
8,8.350918769836426,-0.7501205801963806,1.6633765697479248,0.8812202191346501
8,8.37272834777832,-0.7445581555366516,1.6590527296066284,0.875885921986506
8,8.394301414489746,-0.7386724948883057,1.65460205078125,0.8688190514357299
8,8.415716171264648,-0.7324796319007874,1.6501439809799194,0.8605937229159212
8,8.437000274658203,-0.7260198593139648,1.6457955837249756,0.8517741074542485
8,8.458179473876953,-0.7193349599838257,1.6416563987731934,0.8426846414210379
8,8.479223251342773,-0.712477445602417,1.637809157371521,0.8341377159030303
8,8.500188827514648,-0.7054605484008789,1.6342824697494507,0.8265838067488902
8,8.521075248718262,-0.6983018517494202,1.631083369255066,0.8202147760824013
8,8.541826248168945,-0.6910234689712524,1.6281962394714355,0.8149870346896713
8,8.562474250793457,-0.6836048364639282,1.62557053565979,0.8108184470480849
8,8.583003997802734,-0.6760342121124268,1.623153567314148,0.8073800036596888
8,8.603398323059082,-0.6682971119880676,1.6208938360214233,0.8042732329306574
8,8.623597145080566,-0.6603989005088806,1.6187556982040405,0.8012555271628853
8,8.643637657165527,-0.6523092985153198,1.6167072057724,0.7981733946936351
8,8.6635103225708,-0.6440192461013794,1.6147352457046509,0.7949414622697991
8,8.6831636428833,-0.6355462670326233,1.6128437519073486,0.7915917863888797
8,8.702689170837402,-0.6268500089645386,1.611027479171753,0.788180968425389
8,8.722094535827637,-0.6179323196411133,1.6092954874038696,0.7848414287020481
8,8.74132251739502,-0.6088300347328186,1.607664942741394,0.7817327096888189
8,8.760416984558105,-0.5995327234268188,1.6061395406723022,0.7789925390984133
8,8.77934741973877,-0.5900698900222778,1.6047292947769165,0.7768704094432313
8,8.798173904418945,-0.5804231762886047,1.6034339666366577,0.7753616778482744
8,8.816902160644531,-0.5705958008766174,1.6022511720657349,0.7745169482830375
8,8.83609390258789,-0.5602893233299255,1.6011435985565186,0.77426047996777
8,8.8546781539917,-0.5500800013542175,1.6001708507537842,0.7750082205183255
8,8.873161315917969,-0.539702296257019,1.5992993116378784,0.7765464769552984
8,8.89149284362793,-0.529188334941864,1.5985268354415894,0.7787798804428886
8,8.909725189208984,-0.518509030342102,1.5978480577468872,0.7817219005292598
8,8.927809715270996,-0.507700502872467,1.5972687005996704,0.7852547756786937
8,8.945802688598633,-0.49673548340797424,1.5967901945114136,0.7892899792570404
8,8.96366024017334,-0.4856545031070709,1.5964254140853882,0.7937509809138567
8,8.981436729431152,-0.4744349420070648,1.5961846113204956,0.7985204800084406
8,8.999094009399414,-0.4631190896034241,1.5960849523544312,0.8035121568026066
8,9.01668643951416,-0.4516890048980713,1.5961440801620483,0.8086508462882509
8,9.034223556518555,-0.4401567280292511,1.5963820219039917,0.8138322750116459
8,9.051669120788574,-0.42856675386428833,1.596820592880249,0.8190092678680405
8,9.069074630737305,-0.4169013500213623,1.5974808931350708,0.8240822760839102
8,9.086394309997559,-0.405215322971344,1.5983853340148926,0.82900464340904
8,9.103687286376953,-0.3934832513332367,1.5995564460754395,0.8336875108209815
8,9.120922088623047,-0.3817503750324249,1.6010160446166992,0.8380690709224144
8,9.138142585754395,-0.3700019121170044,1.6027882099151611,0.8420961877570466
8,9.155320167541504,-0.3582834005355835,1.6048917770385742,0.8456821674525742
8,9.17249584197998,-0.3465832769870758,1.6073507070541382,0.8488579515185971
8,9.189638137817383,-0.33494436740875244,1.6101778745651245,0.8515399643446196
8,9.206785202026367,-0.32335537672042847,1.613394021987915,0.8538357922162048
8,9.223904609680176,-0.3118550479412079,1.6170068979263306,0.8556237937262103
8,9.241029739379883,-0.3004344403743744,1.6210354566574097,0.8570584876236211
8,9.258158683776855,-0.28910815715789795,1.6254916191101074,0.8579519544445539
8,9.275227546691895,-0.2779310941696167,1.6303672790527344,0.8584529787540207
8,9.292293548583984,-0.2668750584125519,1.635688304901123,0.8582393333077598
8,9.309325218200684,-0.25597628951072693,1.6414533853530884,0.8576209861794645
8,9.326347351074219,-0.24522548913955688,1.647680401802063,0.8566323967904125
8,9.343334197998047,-0.23465141654014587,1.6543647050857544,0.8552931526052
8,9.360301971435547,-0.2242494821548462,1.6615207195281982,0.8535416968388646
8,9.377177238464355,-0.21407638490200043,1.6691224575042725,0.8510395891112291
8,9.394023895263672,-0.20410290360450745,1.6772016286849976,0.8483667579448386
8,9.410831451416016,-0.1943381279706955,1.6857597827911377,0.8454954661048186
8,9.427580833435059,-0.1848026067018509,1.6947872638702393,0.8419509791069152
8,9.44422435760498,-0.17553016543388367,1.7042648792266846,0.838153295599825
8,9.460808753967285,-0.16649629175662994,1.7142165899276733,0.834222346125788
8,9.477313995361328,-0.15771862864494324,1.7246320247650146,0.8296595734927792
8,9.493745803833008,-0.14919838309288025,1.735519289970398,0.8249614642609396
8,9.510029792785645,-0.14097364246845245,1.7468260526657104,0.8198339621452774
8,9.526225090026855,-0.1330205798149109,1.7585920095443726,0.8145817869925299
8,9.542322158813477,-0.12534074485301971,1.7708123922348022,0.8089432809751378
8,9.558253288269043,-0.11797209829092026,1.783435344696045,0.8030558435529013
8,9.574031829833984,-0.110902339220047,1.7964651584625244,0.7970311863476438
8,9.589628219604492,-0.10414794087409973,1.8098759651184082,0.7907026467762815
8,9.605033874511719,-0.09770635515451431,1.8236562013626099,0.7842174599025162
8,9.620244026184082,-0.09157827496528625,1.8377926349639893,0.7776284868600324
8,9.635249137878418,-0.08576156944036484,1.8522745370864868,0.7706687258221204
8,9.650044441223145,-0.08025309443473816,1.8670896291732788,0.7638522651046472
8,9.664623260498047,-0.07505109906196594,1.882226824760437,0.7565469356233645
8,9.67897891998291,-0.07015037536621094,1.897674560546875,0.7492571522428697
8,9.693106651306152,-0.06554687768220901,1.913420557975769,0.741816879647531
8,9.707000732421875,-0.06123730167746544,1.929455041885376,0.734098471198628
8,9.720657348632812,-0.0572163462638855,1.9457669258117676,0.7263583894377441
8,9.734070777893066,-0.05348396301269531,1.9623463153839111,0.7184305629520777
8,9.747238159179688,-0.05003512278199196,1.9791823625564575,0.71037320845969
8,9.76015567779541,-0.04686959832906723,1.9962660074234009,0.7022117246173606
8,9.772821426391602,-0.043985627591609955,2.0135862827301025,0.6941006254801166
8,9.785233497619629,-0.04138411581516266,2.0311336517333984,0.6858036199285391
8,9.797390937805176,-0.039065271615982056,2.0488972663879395,0.6776828685232337
8,9.809296607971191,-0.03703177720308304,2.066865921020508,0.6696133385762782
8,9.820953369140625,-0.035283222794532776,2.0850260257720947,0.6617243280989157
8,9.832365036010742,-0.03382009267807007,2.1033663749694824,0.6540445565538372
8,9.84354019165039,-0.03263818845152855,2.1218724250793457,0.6466855238939705
8,9.854485511779785,-0.03173413500189781,2.1405301094055176,0.6396762702411833
8,9.865213394165039,-0.03109634481370449,2.1593246459960938,0.6330259007482217
8,9.875734329223633,-0.03071478381752968,2.1782431602478027,0.6268460674113002
8,9.88606071472168,-0.030572284013032913,2.1972718238830566,0.6210278194774854
8,9.896204948425293,-0.03065057098865509,2.216398000717163,0.6156839024335578
8,9.906180381774902,-0.03093215450644493,2.2356112003326416,0.6107725304656719
8,9.915998458862305,-0.031395453959703445,2.2549026012420654,0.6063029484996492
8,9.92566967010498,-0.03202467039227486,2.2742631435394287,0.6022981925569967
8,9.935203552246094,-0.03280315920710564,2.2936854362487793,0.5986872128826329
8,9.944611549377441,-0.03371810168027878,2.3131635189056396,0.5955686749062067
8,9.953901290893555,-0.0347612239420414,2.3326919078826904,0.5929444349162467
8,9.963081359863281,-0.035924844443798065,2.3522658348083496,0.5907759461457046
8,9.972158432006836,-0.037205446511507034,2.371880054473877,0.5890914598270124
8,9.981142044067383,-0.038601454347372055,2.3915293216705322,0.5878575442486164
8,9.990038871765137,-0.04011256620287895,2.4112093448638916,0.5870991033542199
8,9.998855590820312,-0.041740257292985916,2.4309163093566895,0.5867779409011858
8,10.007598876953125,-0.04348738491535187,2.450645685195923,0.5868177347506384
8,10.016274452209473,-0.045358240604400635,2.470393419265747,0.5872096051695803
8,10.02488899230957,-0.04735792428255081,2.4901556968688965,0.587926577616482
8,10.03344440460205,-0.049493204802274704,2.5099287033081055,0.5888625533593331
8,10.041946411132812,-0.051771391183137894,2.529709577560425,0.5899822004703672
8,10.050397872924805,-0.054199401289224625,2.549494504928589,0.591262657953365
8,10.05880069732666,-0.056788038462400436,2.569279193878174,0.5926131881840137
8,10.067155838012695,-0.05954902246594429,2.5890605449676514,0.5940495725973737
8,10.07546615600586,-0.062493037432432175,2.6088345050811768,0.5954837527809561
8,10.083731651306152,-0.0656333863735199,2.6285974979400635,0.596852517979497
8,10.091952323913574,-0.06898359209299088,2.6483447551727295,0.5982078831924597
8,10.100128173828125,-0.07255498319864273,2.668071746826172,0.5995266527382884
8,10.108258247375488,-0.07636083662509918,2.6877737045288086,0.600591648248754
8,10.116339683532715,-0.08041372895240784,2.7074458599090576,0.601406303126479
8,10.124373435974121,-0.0847243070602417,2.727083206176758,0.6021048168627352
8,10.132355690002441,-0.08930455893278122,2.7466800212860107,0.6025651247018112
8,10.140289306640625,-0.09416761994361877,2.7662365436553955,0.6028662850155936
8,10.148168563842773,-0.09931961447000504,2.785740852355957,0.602913804878421
8,10.155991554260254,-0.1047702431678772,2.8051865100860596,0.6024459886507242
8,10.163782119750977,-0.11055038869380951,2.824629545211792,0.6017290601153088
8,10.171510696411133,-0.11664769798517227,2.8439993858337402,0.6008166799945011
8,10.179177284240723,-0.1230657696723938,2.863290548324585,0.5995928862267603
8,10.186894416809082,-0.12991541624069214,2.882779836654663,0.5977290186467326
8,10.19454288482666,-0.13711139559745789,2.9021706581115723,0.5955428692842748
8,10.20212459564209,-0.14465203881263733,2.921456813812256,0.5931209105606043
8,10.209946632385254,-0.15286843478679657,2.941416025161743,0.5899965027595325
8,10.217697143554688,-0.16146411001682281,2.961242914199829,0.5862124010849896
8,10.225378036499023,-0.17043399810791016,2.9809305667877197,0.582143568211595
8,10.232993125915527,-0.17976737022399902,3.000474691390991,0.5773997613469213
8,10.241107940673828,-0.19020099937915802,3.021307945251465,0.5714651905491435
8,10.249161720275879,-0.2010294795036316,3.0419626235961914,0.565070595800945
8,10.257165908813477,-0.21223101019859314,3.062436819076538,0.5574686539674585
8,10.26513385772705,-0.22377434372901917,3.0827345848083496,0.5493679641244337
8,10.273089408874512,-0.23562011122703552,3.1028623580932617,0.5396941300821697
8,10.281784057617188,-0.24882598221302032,3.12463641166687,0.5284027266689705
8,10.290539741516113,-0.26224854588508606,3.1462528705596924,0.5154071441175191
8,10.299409866333008,-0.2757870554924011,3.1677498817443848,0.501552554393659
8,10.308466911315918,-0.2893071472644806,3.189180612564087,0.4858580172485146
8,10.318512916564941,-0.30360540747642517,3.2121870517730713,0.46780265195382514
8,10.329049110412598,-0.3174039125442505,3.235278367996216,0.4486579257029178
8,10.340274810791016,-0.3303447961807251,3.2585389614105225,0.4295949632231072
8,10.35245132446289,-0.3419704735279083,3.2820112705230713,0.41168988905320625
8,10.366464614868164,-0.35207101702690125,3.3066024780273438,0.39626341413095617
8,10.382195472717285,-0.35947099328041077,3.331108331680298,0.38667786174779367
8,10.399828910827637,-0.36364561319351196,3.3550682067871094,0.38514562931453855
8,10.419350624084473,-0.3643561899662018,3.3778882026672363,0.3920899049510659
8,10.440526962280273,-0.3617370128631592,3.399035930633545,0.40626291225879324
8,10.463332176208496,-0.35611212253570557,3.4184772968292236,0.4256352604934884
8,10.487210273742676,-0.3480280339717865,3.4358129501342773,0.4477072891361982
8,10.511785507202148,-0.33798882365226746,3.451029062271118,0.4704970508241091
8,10.536890983581543,-0.326479434967041,3.464231252670288,0.49263061415543385
8,10.562356948852539,-0.31383204460144043,3.4755747318267822,0.5133636548382687
8,10.588122367858887,-0.3003779947757721,3.4851856231689453,0.5323458241346104
8,10.614097595214844,-0.2862948179244995,3.493199586868286,0.5495937569468433
8,10.640284538269043,-0.27184438705444336,3.499735116958618,0.5647417485892305
8,10.66665267944336,-0.257161945104599,3.504880666732788,0.5782775260298292
8,10.693197250366211,-0.24240298569202423,3.50874662399292,0.5905209673851317
8,10.719907760620117,-0.2276751548051834,3.51139497756958,0.6011351066967432
8,10.746795654296875,-0.21311046183109283,3.51291823387146,0.6112377018494479
8,10.7738618850708,-0.1988062709569931,3.5133745670318604,0.6199083173758894
8,10.801118850708008,-0.18487000465393066,3.5128333568573,0.6287063139721488
8,10.82856559753418,-0.1713838279247284,3.5113604068756104,0.6365653175116442
8,10.856208801269531,-0.1584300547838211,3.509012222290039,0.6447165689229872
8,10.884042739868164,-0.1460716426372528,3.505859613418579,0.652555978371862
8,10.91206169128418,-0.13436490297317505,3.50195574760437,0.6607448996105735
8,10.94025993347168,-0.12335086613893509,3.4973740577697754,0.6689030401650743
8,10.968623161315918,-0.11306001245975494,3.4921703338623047,0.6774774837753481
8,10.99714183807373,-0.10352066159248352,3.486417293548584,0.6861333727095724
8,11.025806427001953,-0.0947573184967041,3.480175018310547,0.6948456956980551
8,11.054604530334473,-0.08677597343921661,3.4735107421875,0.7040335818028026
8,11.083518981933594,-0.07955783605575562,3.466489553451538,0.7130771889947841
8,11.112536430358887,-0.07309315353631973,3.459165096282959,0.722329984926837
8,11.141650199890137,-0.06737674027681351,3.4516046047210693,0.7317810780215238
8,11.170845031738281,-0.062374796718358994,3.443854570388794,0.7410443177269564
8,11.200112342834473,-0.058048881590366364,3.4359679222106934,0.7506219551120502
8,11.229446411132812,-0.0543818362057209,3.4279868602752686,0.7596139812260034
8,11.258834838867188,-0.05133286491036415,3.419949531555176,0.7688185149745304
8,11.28827953338623,-0.04885425046086311,3.411890745162964,0.7777692768861507
8,11.317768096923828,-0.04692613333463669,3.4038429260253906,0.7865352720897011
8,11.347320556640625,-0.045502081513404846,3.3958277702331543,0.7953091434917752
8,11.376906394958496,-0.04454265162348747,3.387868881225586,0.8034074656048312
8,11.406587600708008,-0.044019438326358795,3.3799707889556885,0.8116793761172334
8,11.436433792114258,-0.0438975989818573,3.3721277713775635,0.8192724898796433
8,11.466303825378418,-0.04414636269211769,3.3643839359283447,0.826798673699412
8,11.496442794799805,-0.04474757984280586,3.356698751449585,0.834427357198498
8,11.526605606079102,-0.04567001760005951,3.3491384983062744,0.8413009650232783
8,11.561945915222168,-0.04709972068667412,3.340442657470703,0.8493287245612569
8,11.597312927246094,-0.048866190016269684,3.331920862197876,0.8559534425580245
8,11.661457061767578,-0.052822984755039215,3.3169310092926025,0.8684533838807812
8,11.719463348388672,-0.05706788972020149,3.303866386413574,0.8772405157229267
9,0.6414505243301392,-0.8887923359870911,1.269213080406189,1.003539500134756
9,0.6875469088554382,-0.8888359069824219,1.2707997560501099,1.003779908746076
9,0.8062307238578796,-0.8889657258987427,1.2757463455200195,1.0043435285558464
9,0.9248496294021606,-0.8891190886497498,1.2820547819137573,1.0052393768026373
9,1.0454776287078857,-0.8892922401428223,1.2902945280075073,1.0065591931243723
9,1.1659647226333618,-0.8894774317741394,1.3003888130187988,1.0110661031214638
9,1.2716461420059204,-0.8896455764770508,1.3107188940048218,1.0157184402079047
9,1.3932985067367554,-0.8898424506187439,1.3235549926757812,1.0226986347235125
9,1.4660892486572266,-0.8899612426757812,1.3315279483795166,1.0268455816345217
9,1.5878398418426514,-0.8901621699333191,1.3445372581481934,1.0332929590425477
9,1.6771595478057861,-0.8903118968009949,1.3535898923873901,1.0378943883750233
9,1.799146056175232,-0.8905255198478699,1.364444375038147,1.0439129160876086
9,1.921306848526001,-0.8907546997070312,1.373098373413086,1.0491383655494317
9,2.043654203414917,-0.8910117745399475,1.3785803318023682,1.0542082376124506
9,2.1661078929901123,-0.8913067579269409,1.3804776668548584,1.0572564781504925
9,2.288559675216675,-0.8916502594947815,1.3784352540969849,1.0602125817555503
9,2.4108927249908447,-0.892050564289093,1.3726601600646973,1.0620621455224561
9,2.533015727996826,-0.892510175704956,1.3634377717971802,1.0632229572885958
9,2.654902458190918,-0.8930283784866333,1.351487636566162,1.0643147141543914
9,2.7765560150146484,-0.8935992121696472,1.3373523950576782,1.0649935666365804
9,2.882192611694336,-0.8941344618797302,1.3236652612686157,1.066087792400695
9,3.0034730434417725,-0.8947842121124268,1.3066227436065674,1.0683782207755885
9,3.1245620250701904,-0.8954629898071289,1.2882686853408813,1.0725940888906778
9,3.24542498588562,-0.8961530923843384,1.2684828042984009,1.0790547530488668
9,3.365988254547119,-0.8968392610549927,1.2469496726989746,1.0897313424802373
9,3.4861574172973633,-0.8975077271461487,1.2233164310455322,1.1048871093021926
9,3.6057751178741455,-0.8981796503067017,1.1970399618148804,1.126724120518543
9,3.7247138023376465,-0.8988734483718872,1.167848825454712,1.1529115293071717
9,3.842757225036621,-0.8995779156684875,1.135300874710083,1.1877657408348834
9,3.9600696563720703,-0.9001965522766113,1.1001980304718018,1.2256497443760586
9,4.076666355133057,-0.9004951119422913,1.0635042190551758,1.2724074901083602
9,4.192235946655273,-0.9001586437225342,1.0271872282028198,1.3171286992091527
9,4.308178901672363,-0.8988684415817261,0.9921118021011353,1.359213185683535
9,4.421959400177002,-0.8963603377342224,0.9613637328147888,1.3957589420077123
9,4.473430156707764,-0.8947893381118774,0.9489860534667969,1.4118779912987316
9,4.520665168762207,-0.8930858373641968,0.9390862584114075,1.426257839059385
9,4.630688667297363,-0.8881911635398865,0.9214984774589539,1.4538236476233626
9,4.733235836029053,-0.8830822110176086,0.9126881957054138,1.4889429659861853
9,4.8002119064331055,-0.879699170589447,0.9105779528617859,1.5106628792651975
9,4.895289897918701,-0.8753423094749451,0.9102014899253845,1.536843196427327
9,4.985385894775391,-0.871880829334259,0.9099230170249939,1.545190665537384
9,5.027766704559326,-0.8705542087554932,0.9090281128883362,1.5412146029410037
9,5.117157459259033,-0.8687962889671326,0.9031329154968262,1.5287223911169514
9,5.208220958709717,-0.8689771294593811,0.889812171459198,1.4972873799265276
9,5.298140048980713,-0.8713018894195557,0.8702126741409302,1.4530632321221728
9,5.390608787536621,-0.8754836320877075,0.8488526940345764,1.3992470826180676
9,5.488532543182373,-0.8811225891113281,0.8374605774879456,1.3323846493889868
9,5.559322357177734,-0.8858173489570618,0.8433681726455688,1.2953578435446602
9,5.656631946563721,-0.8931627869606018,0.8749121427536011,1.2905858241687713
9,5.6987409591674805,-0.8966686725616455,0.8974802494049072,1.2849279842966277
9,5.786113262176514,-0.904304563999176,0.9525860548019409,1.2636182039216115
9,5.872720241546631,-0.9124000072479248,1.0105794668197632,1.2062893943968305
9,5.918100833892822,-0.9167860150337219,1.0390516519546509,1.1793452417767938
9,6.009538173675537,-0.9260859489440918,1.0890626907348633,1.1414414262708004
9,6.104969501495361,-0.9366119503974915,1.130059838294983,1.1184427690143801
9,6.203741550445557,-0.9488040804862976,1.1623746156692505,1.1028835201711762
9,6.304290771484375,-0.9631019234657288,1.1876091957092285,1.0921542677873668
9,6.402067184448242,-0.9792802333831787,1.2070602178573608,1.0863887453903471
9,6.496166229248047,-0.9973410367965698,1.2224621772766113,1.0885798644263787
9,6.586110591888428,-1.01710844039917,1.2348268032073975,1.09882210562751
9,6.611566066741943,-1.023128867149353,1.2379651069641113,1.1031131101439033
9,6.637288570404053,-1.0293830633163452,1.2409979104995728,1.1082563923036999
9,6.662768840789795,-1.0357441902160645,1.2438733577728271,1.1141465899588465
9,6.688148021697998,-1.0422295331954956,1.2466216087341309,1.120783139123789
9,6.713493824005127,-1.0488330125808716,1.2492626905441284,1.1281762546521832
9,6.7388224601745605,-1.0555373430252075,1.251809000968933,1.1361687178296584
9,6.764092922210693,-1.0623117685317993,1.254265546798706,1.144635285797526
9,6.78935432434082,-1.069141149520874,1.2566460371017456,1.1534651945271333
9,6.814609050750732,-1.0759960412979126,1.258959412574768,1.162498986036436
9,6.839832305908203,-1.0828468799591064,1.2612104415893555,1.1716014624495636
9,6.865053176879883,-1.0896756649017334,1.2634083032608032,1.1806629308856977
9,6.890272617340088,-1.0964527130126953,1.2655587196350098,1.1895094454751531
9,6.915490627288818,-1.1031513214111328,1.267666220664978,1.1980588764692952
9,6.940706253051758,-1.1097517013549805,1.2697350978851318,1.2062255712885375
9,6.965976715087891,-1.1162452697753906,1.2717723846435547,1.2137994052169259
9,6.991283416748047,-1.1226052045822144,1.2737784385681152,1.2206310671064515
9,7.016626834869385,-1.1288143396377563,1.2757537364959717,1.2268171320669612
9,7.0419816970825195,-1.1348570585250854,1.277698278427124,1.232249758466278
9,7.06736946105957,-1.140726089477539,1.2796127796173096,1.2367606598943623
9,7.0927863121032715,-1.1464108228683472,1.2814953327178955,1.2403071226662916
9,7.118227005004883,-1.151904821395874,1.283342957496643,1.2429799827851225
9,7.143671989440918,-1.157203197479248,1.2851536273956299,1.2448759936252602
9,7.16913366317749,-1.1623084545135498,1.286925196647644,1.2457958394961401
9,7.194605827331543,-1.1672216653823853,1.2886533737182617,1.2457311382930913
9,7.220101833343506,-1.1719497442245483,1.2903339862823486,1.2447148604942466
9,7.245596408843994,-1.1764953136444092,1.2919610738754272,1.242870276306071
9,7.2710771560668945,-1.180864930152893,1.2935322523117065,1.240291035818671
9,7.296546936035156,-1.1850695610046387,1.295045256614685,1.2368552729677085
9,7.322000026702881,-1.1891202926635742,1.296496868133545,1.2325994194293686
9,7.347430229187012,-1.1930289268493652,1.2978852987289429,1.2275602831191792
9,7.37283182144165,-1.1968071460723877,1.2992098331451416,1.2217797107017778
9,7.398200511932373,-1.2004667520523071,1.3004711866378784,1.215320951902228
9,7.423530578613281,-1.2040166854858398,1.3016730546951294,1.2083444158195562
9,7.448820114135742,-1.2074636220932007,1.3028196096420288,1.2007537690092727
9,7.474066734313965,-1.2108089923858643,1.303915023803711,1.1925057050432477
9,7.499282360076904,-1.214060664176941,1.304960012435913,1.183648610961335
9,7.5251359939575195,-1.2173434495925903,1.3059635162353516,1.1744228441897198
9,7.550967693328857,-1.220628261566162,1.3068406581878662,1.1648037377909382
9,7.576042175292969,-1.2238054275512695,1.307416558265686,1.1524839482585172
9,7.601081371307373,-1.2267526388168335,1.307327389717102,1.1317333583084903
9,7.626089572906494,-1.2289503812789917,1.3059563636779785,1.1020102767657678
9,7.650986194610596,-1.2299704551696777,1.303187608718872,1.0793325656913093
9,7.676191806793213,-1.230165719985962,1.2997723817825317,1.0719028544657567
9,7.700970649719238,-1.2302613258361816,1.296946406364441,1.0769903744844767
9,7.725388526916504,-1.230704665184021,1.2956310510635376,1.0943186660961786
9,7.75027322769165,-1.231520175933838,1.2958171367645264,1.1119507903831258
9,7.775056838989258,-1.2325100898742676,1.2968372106552124,1.1183705150573855
9,7.799756050109863,-1.2335360050201416,1.2980976104736328,1.1181607091677759
9,7.8243913650512695,-1.2345569133758545,1.2993605136871338,1.1164076870407091
9,7.848972320556641,-1.2355759143829346,1.300551414489746,1.1136674994596083
9,7.8734965324401855,-1.2366074323654175,1.3016307353973389,1.1099089989790427
9,7.897299766540527,-1.237635612487793,1.302532434463501,1.1053772861063975
9,7.921751976013184,-1.2387163639068604,1.3032654523849487,1.099711416780979
9,7.9458513259887695,-1.2397756576538086,1.3037127256393433,1.0924107202005444
9,7.970583915710449,-1.2407714128494263,1.3037514686584473,1.0825050078113143
9,7.996062755584717,-1.241533875465393,1.3031730651855469,1.0708369735808032
9,8.022289276123047,-1.241861343383789,1.3018693923950195,1.059869595067214
9,8.047767639160156,-1.2416890859603882,1.3000725507736206,1.0533714097829907
9,8.073078155517578,-1.2412159442901611,1.2981122732162476,1.0505354201366428
9,8.098259925842285,-1.2406432628631592,1.2962669134140015,1.049738041380108
9,8.123624801635742,-1.2400736808776855,1.2947356700897217,1.0512212119087816
9,8.148965835571289,-1.239587426185608,1.293750524520874,1.0558021901011414
9,8.174269676208496,-1.2392444610595703,1.293393850326538,1.061675403059368
9,8.199522018432617,-1.239048957824707,1.2935305833816528,1.0659867191676715
9,8.224714279174805,-1.2389582395553589,1.293927788734436,1.0680496009136216
9,8.249847412109375,-1.2389256954193115,1.2944056987762451,1.0686998545019204
9,8.274858474731445,-1.2389205694198608,1.29486083984375,1.068426887526906
9,8.29980754852295,-1.23892343044281,1.2952171564102173,1.0670588588256116
9,8.324695587158203,-1.238909125328064,1.295383334159851,1.064223960047552
9,8.349516868591309,-1.2388297319412231,1.29524827003479,1.0597671661654824
9,8.374265670776367,-1.238613247871399,1.2947049140930176,1.054055726741731
9,8.398930549621582,-1.2381901741027832,1.2937182188034058,1.048403312012405
9,8.423665046691895,-1.2375431060791016,1.292385220527649,1.0441810733113377
9,8.448273658752441,-1.2367308139801025,1.290907382965088,1.0416956405105624
9,8.472809791564941,-1.2358307838439941,1.2894450426101685,1.0403538901921094
9,8.497278213500977,-1.2348976135253906,1.2880972623825073,1.0398507156128136
9,8.521683692932129,-1.2339646816253662,1.2869377136230469,1.0404212036698346
9,8.546026229858398,-1.2330619096755981,1.2860287427902222,1.0421908722577204
9,8.57022762298584,-1.2322123050689697,1.2853933572769165,1.044682584540313
9,8.594358444213867,-1.2314122915267944,1.284987211227417,1.0471062088913692
9,8.618414878845215,-1.2306476831436157,1.2847331762313843,1.0491186920263968
9,8.642393112182617,-1.2299014329910278,1.2845513820648193,1.0506296630882244
9,8.666309356689453,-1.229156494140625,1.2843759059906006,1.0516105405144982
9,8.690176010131836,-1.2283967733383179,1.284155011177063,1.0521082850066297
9,8.713991165161133,-1.2276051044464111,1.2838352918624878,1.051948565249181
9,8.737752914428711,-1.2267605066299438,1.2833606004714966,1.0509462929273767
9,8.761456489562988,-1.2258398532867432,1.2826950550079346,1.0491817375130574
9,8.785051345825195,-1.224827766418457,1.2818548679351807,1.047245282058507
9,8.808557510375977,-1.2237224578857422,1.2809008359909058,1.04557065985126
9,8.832008361816406,-1.2225356101989746,1.279901385307312,1.0442786044867596
9,8.8554048538208,-1.2212878465652466,1.2789127826690674,1.0434071017423292
9,8.878750801086426,-1.2199982404708862,1.2779737710952759,1.0429876051537526
9,8.902047157287598,-1.2186812162399292,1.2771121263504028,1.043043095327494
9,8.925293922424316,-1.217346429824829,1.27634596824646,1.0435677237904013
9,8.948491096496582,-1.2160004377365112,1.2756822109222412,1.0445081806804206
9,8.97158432006836,-1.2146494388580322,1.2751169204711914,1.045749888018958
9,8.994625091552734,-1.213289737701416,1.2746328115463257,1.0471408786700105
9,9.01761245727539,-1.2119182348251343,1.2742067575454712,1.0485344699620414
9,9.041095733642578,-1.2104965448379517,1.273801326751709,1.0497832645925511
9,9.064537048339844,-1.209052324295044,1.2734004259109497,1.050809628708957
9,9.087932586669922,-1.207579493522644,1.2729854583740234,1.0515966989554728
9,9.111164093017578,-1.2060775756835938,1.272546410560608,1.0520843098809347
9,9.133944511413574,-1.204558253288269,1.272084355354309,1.052272245404392
9,9.156664848327637,-1.2029896974563599,1.271594524383545,1.0522245348433186
9,9.1793212890625,-1.2013676166534424,1.2710860967636108,1.0520267837421347
9,9.20191478729248,-1.199690580368042,1.2705731391906738,1.051774101251154
9,9.224441528320312,-1.1979600191116333,1.2700719833374023,1.0515566161569343
9,9.246906280517578,-1.1961792707443237,1.2695986032485962,1.0514183245338684
9,9.269308090209961,-1.194352388381958,1.2691670656204224,1.0514004068072937
9,9.291587829589844,-1.192488670349121,1.268789291381836,1.0515246528147237
9,9.313803672790527,-1.1905866861343384,1.2684723138809204,1.051794710583659
9,9.336016654968262,-1.1886435747146606,1.268220067024231,1.052196710820665
9,9.358166694641113,-1.1866661310195923,1.2680350542068481,1.0526915855180485
9,9.380250930786133,-1.1846553087234497,1.2679158449172974,1.053227468644327
9,9.402271270751953,-1.1826109886169434,1.2678594589233398,1.0537457814442854
9,9.424224853515625,-1.180532693862915,1.2678619623184204,1.0541882002785192
9,9.446113586425781,-1.1784194707870483,1.2679193019866943,1.054504343032159
9,9.467934608459473,-1.1762701272964478,1.2680288553237915,1.0546555454305446
9,9.489689826965332,-1.1740835905075073,1.2681893110275269,1.0546247350166216
9,9.511391639709473,-1.171857476234436,1.268401861190796,1.0544032320989556
9,9.533028602600098,-1.1695926189422607,1.2686688899993896,1.0539798950688049
9,9.55459976196289,-1.1672892570495605,1.2689944505691528,1.0533621922805911
9,9.576128005981445,-1.164945125579834,1.2693841457366943,1.0525623352568982
9,9.597641944885254,-1.1625581979751587,1.269844889640808,1.051575079669653
9,9.619149208068848,-1.1601287126541138,1.2703834772109985,1.0504299949362477
9,9.64064884185791,-1.1576579809188843,1.2710068225860596,1.049149607289989
9,9.662141799926758,-1.155147910118103,1.2717212438583374,1.047742564487442
9,9.683627128601074,-1.152600646018982,1.2725321054458618,1.046211342693208
9,9.705103874206543,-1.1500180959701538,1.2734438180923462,1.0445527397884695
9,9.726572036743164,-1.1474024057388306,1.2744594812393188,1.0427763114146307
9,9.748030662536621,-1.1447556018829346,1.2755807638168335,1.040829099945137
9,9.769479751586914,-1.14207923412323,1.276808261871338,1.038687506252731
9,9.790919303894043,-1.1393749713897705,1.2781414985656738,1.0363410889564793
9,9.812349319458008,-1.1366442441940308,1.2795788049697876,1.033767733748547
9,9.833767890930176,-1.1338884830474854,1.281118392944336,1.0309479468403246
9,9.85517692565918,-1.1311088800430298,1.2827582359313965,1.0278658951226782
9,9.876575469970703,-1.1283067464828491,1.2844961881637573,1.0245107769278632
9,9.89796257019043,-1.125483751296997,1.2863304615020752,1.0208525645694773
9,9.91933822631836,-1.1226410865783691,1.2882602214813232,1.0169175838402893
9,9.940703392028809,-1.1197806596755981,1.2902846336364746,1.0127241174109287
9,9.962057113647461,-1.1169031858444214,1.2924028635025024,1.0082883467010904
9,9.983399391174316,-1.1140097379684448,1.2946146726608276,1.0036110588492353
9,10.004730224609375,-1.1111021041870117,1.296919345855713,0.9987040506244561
9,10.026047706604004,-1.1081818342208862,1.299316167831421,0.9935786618471094
9,10.047354698181152,-1.105250358581543,1.3018035888671875,0.988228736770392
9,10.068649291992188,-1.1023088693618774,1.3043798208236694,0.9826772410633084
9,10.089932441711426,-1.0993585586547852,1.307042121887207,0.9769425551777984
9,10.111204147338867,-1.0964003801345825,1.3097870349884033,0.9710414326424649
9,10.132463455200195,-1.0934345722198486,1.3126106262207031,0.9649608066669146
9,10.153718948364258,-1.0904603004455566,1.315509557723999,0.9586959302349737
9,10.175033569335938,-1.0874671936035156,1.3184882402420044,0.9522139577089729
9,10.19633674621582,-1.0844638347625732,1.321532964706421,0.9455176896812264
9,10.217947006225586,-1.0814039707183838,1.3246854543685913,0.93856715318265
9,10.240433692932129,-1.0782036781311035,1.3280282020568848,0.9312122017043798
9,10.264588356018066,-1.0747443437576294,1.3316820859909058,0.923198820652381
9,10.28873062133789,-1.0712611675262451,1.3353928327560425,0.9151567847677192
9,10.315047264099121,-1.0674307346343994,1.3394968509674072,0.9062711706178289
9,10.343287467956543,-1.0632728338241577,1.3439576625823975,0.8965996793540147
9,10.371512413024902,-1.0590609312057495,1.3484669923782349,0.8868071641380386
9,10.40086555480957,-1.0546092987060547,1.3531945943832397,0.8764825388646968
9,10.430638313293457,-1.0500088930130005,1.3580148220062256,0.8659245613667059
9,10.460394859313965,-1.0453133583068848,1.3628424406051636,0.8553173972073025
9,10.490232467651367,-1.0404913425445557,1.3676735162734985,0.8446097369045826
9,10.52005386352539,-1.0355451107025146,1.3724793195724487,0.8338710954394103
9,10.5498685836792,-1.0304559469223022,1.3772412538528442,0.823099499780413
9,10.579666137695312,-1.0252119302749634,1.3819431066513062,0.8123913181586939
9,10.609445571899414,-1.0197997093200684,1.386569619178772,0.8017521720366765
9,10.639204978942871,-1.0142067670822144,1.3911064863204956,0.7911643724164381
9,10.66894245147705,-1.0084221363067627,1.3955433368682861,0.7805835721795036
9,10.698657035827637,-1.0024360418319702,1.3998703956604004,0.77004510381168
9,10.728344917297363,-0.9962421655654907,1.40408194065094,0.7595627620464206
9,10.758005142211914,-0.9898364543914795,1.4081741571426392,0.7491299234835483
9,10.78763484954834,-0.9832180738449097,1.4121479988098145,0.7386458344005864
9,10.817231178283691,-0.9763840436935425,1.4160040616989136,0.7280480237503433
9,10.84679126739502,-0.9693392515182495,1.419750690460205,0.7174326582982324
9,10.876315116882324,-0.9620869159698486,1.423395037651062,0.7065353143147675
9,10.905797958374023,-0.954631507396698,1.4269472360610962,0.6955253934254586
9,10.93524169921875,-0.9469805359840393,1.4304211139678955,0.6841798730359208
9,10.964642524719238,-0.9391385912895203,1.4338270425796509,0.672638667506571
9,10.994000434875488,-0.931117057800293,1.437182068824768,0.660796188220556
9,11.023314476013184,-0.9229192733764648,1.4404950141906738,0.6484483706944604
9,11.05258560180664,-0.914559543132782,1.4437813758850098,0.6359352078688326
9,11.081816673278809,-0.9060516357421875,1.4470502138137817,0.6227885857662993
9,11.111007690429688,-0.8974042534828186,1.450305461883545,0.6094529062810893
9,11.140166282653809,-0.8886430263519287,1.4535490274429321,0.5958763605638672
9,11.169296264648438,-0.879781186580658,1.4567734003067017,0.5820069822924776
9,11.198410987854004,-0.8708552122116089,1.459961175918579,0.5681258876181181
9,11.227523803710938,-0.8618997931480408,1.463085412979126,0.554264678873069
9,11.256654739379883,-0.8529593348503113,1.466106653213501,0.5405322075714539
9,11.285837173461914,-0.8441076278686523,1.4689574241638184,0.527285130670515
9,11.315085411071777,-0.835404634475708,1.471575379371643,0.5147418595789894
9,11.34445858001709,-0.8269425630569458,1.473859429359436,0.5029212200624803
9,11.373952865600586,-0.8188023567199707,1.4757198095321655,0.49262870682569126
9,11.40365219116211,-0.8110709190368652,1.4770528078079224,0.4833696762309759
9,11.433642387390137,-0.8038385510444641,1.4777424335479736,0.47602900599407383
9,11.463783264160156,-0.7972275614738464,1.4776909351348877,0.47021661176382656
9,11.494311332702637,-0.7913237810134888,1.47677481174469,0.4662368131360927
9,11.524945259094238,-0.786224365234375,1.4749659299850464,0.46445327568692474
9,11.560884475708008,-0.7812990546226501,1.4717317819595337,0.4642395467196455
9,11.626016616821289,-0.7752944231033325,1.4631015062332153,0.4684296337772959
9,11.690881729125977,-0.7730873823165894,1.451235055923462,0.4760123227415078
9,11.760929107666016,-0.7748722434043884,1.4354417324066162,0.4873583412485433
9,11.830280303955078,-0.7807013392448425,1.41765296459198,0.4987397414387922
9,11.953680038452148,-0.8006990551948547,1.3827861547470093,0.5238135771578682
9,12.066726684570312,-0.8299436569213867,1.3482064008712769,0.5477705137855593
9,12.176349639892578,-0.8691279888153076,1.3124585151672363,0.5694646280958438
9,12.281975746154785,-0.9174177050590515,1.2747063636779785,0.5841951651678078
9,12.297309875488281,-0.9253638982772827,1.2687844038009644,0.5868429793552795
10,0.9774272441864014,1.2592244148254395,2.229623794555664,1.0066308278397489
10,1.098158359527588,1.259377360343933,2.2362022399902344,1.009803219156359
10,1.219879388809204,1.2595535516738892,2.2434444427490234,1.0140373186749978
10,1.3415801525115967,1.2597521543502808,2.251021146774292,1.0188327946084201
10,1.4593446254730225,1.259965181350708,2.258230686187744,1.0236232252866664
10,1.5815907716751099,1.260209560394287,2.2651827335357666,1.028656135355656
10,1.6765515804290771,1.2604167461395264,2.2700035572052,1.0324496725617212
10,1.7989182472229004,1.260711669921875,2.275003671646118,1.0370356624756143
10,1.9213398694992065,1.2610421180725098,2.278384208679199,1.040859423883165
10,2.04380464553833,1.2614165544509888,2.279698371887207,1.0443355893752095
10,2.1662726402282715,1.261841058731079,2.2787814140319824,1.045749759030879
10,2.2887003421783447,1.262322187423706,2.275498867034912,1.0465126933504112
10,2.4110476970672607,1.2628651857376099,2.2699837684631348,1.0455664175633355
10,2.5332834720611572,1.263472080230713,2.2623817920684814,1.0430354313235903
10,2.655400037765503,1.2641441822052002,2.2530627250671387,1.0397694708088285
10,2.7773985862731934,1.2648816108703613,2.2423083782196045,1.034649079256441
10,2.8857107162475586,1.2655919790267944,2.2317445278167725,1.0297793842881717
10,3.00750994682312,1.2664555311203003,2.21893310546875,1.0233701626570677
10,3.129211187362671,1.2673895359039307,2.205226182937622,1.0160857464187771
10,3.250819683074951,1.268399953842163,2.190725564956665,1.0083565349041281
10,3.372333288192749,1.2694941759109497,2.1754534244537354,0.9987922387535232
10,3.4937472343444824,1.2706807851791382,2.159416437149048,0.9882812700386205
10,3.6150569915771484,1.2719746828079224,2.1426167488098145,0.9759441507951345
10,3.7362513542175293,1.2733873128890991,2.125013828277588,0.9607531048058474
10,3.857299566268921,1.2749385833740234,2.1065754890441895,0.9435645071847834
10,3.978005886077881,1.2766541242599487,2.0873801708221436,0.9214636445803331
10,4.0669355392456055,1.2780439853668213,2.0727379322052,0.9039924183679237
10,4.186401844024658,1.2801247835159302,2.0527613162994385,0.8772887282097158
10,4.261303424835205,1.2815711498260498,2.040152072906494,0.8599575661858812
10,4.377619743347168,1.2840781211853027,2.021087646484375,0.8334404802543856
10,4.448577404022217,1.285776972770691,2.009953022003174,0.8171967336683491
10,4.558960914611816,1.2887226343154907,1.9941294193267822,0.7939397277431307
10,4.669652938842773,1.292094349861145,1.9807403087615967,0.7732819377451675
10,4.772240161895752,1.295662760734558,1.9713958501815796,0.7575992869376963
10,4.867189884185791,1.2993966341018677,1.9659221172332764,0.7486166408809368
10,4.962255477905273,1.3035809993743896,1.9638428688049316,0.7454082548730051
10,5.052127361297607,1.3079534769058228,1.9651206731796265,0.7476716721330904
10,5.13946008682251,1.3125697374343872,1.9692739248275757,0.7546128594832544
10,5.225833415985107,1.3174556493759155,1.9759572744369507,0.7655109987543555
10,5.3118391036987305,1.3225977420806885,1.9848283529281616,0.7796559566267387
10,5.397613525390625,1.3279675245285034,1.9954891204833984,0.796379063366498
10,5.4831929206848145,1.3335448503494263,2.0075273513793945,0.8150589911878137
10,5.568617343902588,1.3393250703811646,2.020535707473755,0.8344467270372911
10,5.653934955596924,1.3453198671340942,2.0341358184814453,0.8536943325000189
10,5.739197254180908,1.3515570163726807,2.0480167865753174,0.8721146583650108
10,5.824493885040283,1.3580760955810547,2.0619990825653076,0.8891419069813064
10,5.911126613616943,1.3650226593017578,2.0761401653289795,0.9046038798430911
10,6.000552654266357,1.3725824356079102,2.090557098388672,0.9184221458511215
10,6.089980602264404,1.3805824518203735,2.1047234535217285,0.9302387339487077
10,6.182339668273926,1.3893532752990723,2.119051456451416,0.9408713304383991
10,6.277270317077637,1.3989591598510742,2.1334421634674072,0.9502557182393456
10,6.374309539794922,1.4094434976577759,2.147818088531494,0.9584760773839446
10,6.472753524780273,1.4208358526229858,2.1620559692382812,0.9661270589824131
10,6.527554512023926,1.4275282621383667,2.169813394546509,0.9703388105755665
10,6.556427001953125,1.431151270866394,2.1738460063934326,0.9724319095918565
10,6.581759452819824,1.4343886375427246,2.1773521900177,0.974161734932593
10,6.60701847076416,1.437672734260559,2.180818557739258,0.9758412047009273
10,6.6321492195129395,1.4409979581832886,2.1842386722564697,0.9774900720213244
10,6.657375335693359,1.4443954229354858,2.1876437664031982,0.9791150948375823
10,6.682629108428955,1.447858452796936,2.191025495529175,0.9807238322399477
10,6.707915306091309,1.4513896703720093,2.194385290145874,0.9823224781723334
10,6.733073711395264,1.4549684524536133,2.1977028846740723,0.983905458436392
10,6.758259296417236,1.458618402481079,2.2009997367858887,0.9854940938350485
10,6.783437728881836,1.4623364210128784,2.2042720317840576,0.9870924990906508
10,6.80859375,1.466122031211853,2.2075178623199463,0.9887456269783108
10,6.833706855773926,1.4699747562408447,2.210735559463501,0.9904107626176275
10,6.858890056610107,1.4739125967025757,2.213939905166626,0.9920990088362808
10,6.884074687957764,1.4779268503189087,2.217123031616211,0.9938165095426061
10,6.909113883972168,1.4819951057434082,2.2202675342559814,0.9955621473705036
10,6.934152603149414,1.4861418008804321,2.2233927249908447,0.9973544187384027
10,6.9591965675354,1.4903693199157715,2.2264997959136963,0.9991993624584737
10,6.984240531921387,1.4946781396865845,2.2295892238616943,1.0011128125645572
10,7.009231090545654,1.4990599155426025,2.2326550483703613,1.003087443734393
10,7.034209251403809,1.5035226345062256,2.235703945159912,1.0051147051742575
10,7.059033393859863,1.5080413818359375,2.238719940185547,1.0071976586291023
10,7.083837509155273,1.5126407146453857,2.2417211532592773,1.009355802458596
10,7.108615875244141,1.5173202753067017,2.2447078227996826,1.0115938108708311
10,7.133363723754883,1.5220797061920166,2.2476813793182373,1.0139162887007638
10,7.158075332641602,1.5269182920455933,2.2506422996520996,1.0163242453882473
10,7.1826348304748535,1.5318132638931274,2.2535789012908936,1.018810841215276
10,7.207149982452393,1.5367861986160278,2.2565057277679443,1.0214034218748824
10,7.231616973876953,1.5418368577957153,2.2594242095947266,1.024097834215137
10,7.256972789764404,1.547163724899292,2.262449026107788,1.0270056926365825
10,7.282252788543701,1.5525681972503662,2.265467405319214,1.0299849841100541
10,7.307363510131836,1.5580257177352905,2.2684717178344727,1.0330435805868265
10,7.3315653800964355,1.5633740425109863,2.2713770866394043,1.036213259276752
10,7.355751037597656,1.5688059329986572,2.2742931842803955,1.0394850820665318
10,7.3798675537109375,1.5743085145950317,2.277217388153076,1.0429498330141667
10,7.403383255004883,1.5797605514526367,2.2800910472869873,1.0464745579566208
10,7.4273786544799805,1.5854084491729736,2.2830522060394287,1.0501898665527138
10,7.451684474945068,1.5912177562713623,2.2860894203186035,1.054306216108507
10,7.475905418395996,1.5970971584320068,2.2891643047332764,1.058680655724258
10,7.4995856285095215,1.6029317378997803,2.2922286987304688,1.0633704614642867
10,7.523072242736816,1.6088016033172607,2.2953388690948486,1.0684954733037015
10,7.546510696411133,1.614741563796997,2.2985293865203857,1.0743852503613418
10,7.569660186767578,1.6206884384155273,2.3017892837524414,1.081080664172698
10,7.593257427215576,1.6268259286880493,2.305250406265259,1.0894279832992453
10,7.617201805114746,1.6331140995025635,2.308936834335327,1.100447918078677
10,7.641311168670654,1.63947594165802,2.312854766845703,1.1181472932556125
10,7.6645660400390625,1.6455559730529785,2.3168163299560547,1.1470913611650464
10,7.68782901763916,1.6514800786972046,2.32077956199646,1.1629663981425107
10,7.711019515991211,1.6571978330612183,2.324276924133301,1.1526185024856996
10,7.7343010902404785,1.6626734733581543,2.326714277267456,1.1430911427538866
10,7.757432460784912,1.6677964925765991,2.327772617340088,1.1353441738822094
10,7.780876159667969,1.672743558883667,2.3278613090515137,1.1315822913407367
10,7.804290771484375,1.6775859594345093,2.3276402950286865,1.1280378695474322
10,7.827509880065918,1.6824653148651123,2.3276164531707764,1.121575869356746
10,7.850639343261719,1.687507152557373,2.3278896808624268,1.1181769457445712
10,7.8736724853515625,1.692718505859375,2.3283777236938477,1.1190483071709068
10,7.896609783172607,1.698084831237793,2.3290038108825684,1.1210065242789014
10,7.919451713562012,1.7035938501358032,2.3297226428985596,1.1236104450446187
10,7.942079067230225,1.7091976404190063,2.330498456954956,1.1262481106348556
10,7.9646196365356445,1.714906096458435,2.331310749053955,1.1283303767385542
10,7.9870734214782715,1.7207136154174805,2.3321378231048584,1.1290643422042763
10,8.009431838989258,1.7266508340835571,2.3329641819000244,1.1272418823475348
10,8.031563758850098,1.7327308654785156,2.3337812423706055,1.1227356160375608
10,8.053597450256348,1.7389434576034546,2.3345954418182373,1.1165976489835694
10,8.07558822631836,1.7450960874557495,2.3354079723358154,1.1114773019009232
10,8.097612380981445,1.7509230375289917,2.33620285987854,1.1078745840050188
10,8.119619369506836,1.756137490272522,2.3369438648223877,1.1076342622471536
10,8.141739845275879,1.7605974674224854,2.3376033306121826,1.1104027951589979
10,8.163957595825195,1.7642414569854736,2.338158369064331,1.1169757468723356
10,8.186230659484863,1.767163872718811,2.338602066040039,1.1271867791833707
10,8.20850658416748,1.7696292400360107,2.338956594467163,1.1381756617004395
10,8.230744361877441,1.7719396352767944,2.339261531829834,1.146968791661852
10,8.252976417541504,1.7743093967437744,2.3395440578460693,1.154086576266119
10,8.275130271911621,1.7768514156341553,2.339806079864502,1.1603857990166055
10,8.297091484069824,1.7796173095703125,2.3400371074676514,1.1656451136782429
10,8.318967819213867,1.7826060056686401,2.340228319168091,1.1700005649286844
10,8.340765953063965,1.7857575416564941,2.340376377105713,1.1735351851249567
10,8.362494468688965,1.7890064716339111,2.3404839038848877,1.1762538909697826
10,8.384160995483398,1.7922946214675903,2.340557098388672,1.1782473147598316
10,8.40577220916748,1.7955752611160278,2.340604543685913,1.1797137169118732
10,8.427332878112793,1.7988154888153076,2.3406293392181396,1.180839776898836
10,8.448848724365234,1.8019849061965942,2.3406271934509277,1.1817329281654452
10,8.470290184020996,1.805048942565918,2.3405921459198,1.1825095403152146
10,8.491740226745605,1.8079897165298462,2.340517997741699,1.1833047257951852
10,8.51321029663086,1.8107812404632568,2.340399980545044,1.184234424070653
10,8.534700393676758,1.8134034872055054,2.34023380279541,1.1853892275399476
10,8.556211471557617,1.8158468008041382,2.3400156497955322,1.186822005128085
10,8.577741622924805,1.8181123733520508,2.3397433757781982,1.1885454400278501
10,8.599287986755371,1.8202131986618042,2.3394150733947754,1.1905384728242996
10,8.62084674835205,1.8221707344055176,2.339029550552368,1.1927490256246518
10,8.642414093017578,1.8240126371383667,2.3385865688323975,1.1950349249528138
10,8.663987159729004,1.8257694244384766,2.338087558746338,1.1972764472654673
10,8.685564041137695,1.8274710178375244,2.337533712387085,1.1993723021614349
10,8.707140922546387,1.8291393518447876,2.336928129196167,1.2012810499691686
10,8.728719711303711,1.830788016319275,2.336273193359375,1.2029759213441031
10,8.750296592712402,1.832423448562622,2.3355703353881836,1.2044586949909166
10,8.771873474121094,1.8340461254119873,2.334819793701172,1.2057111231861186
10,8.793449401855469,1.8356518745422363,2.334021806716919,1.2067782730443701
10,8.815025329589844,1.8372339010238647,2.333177089691162,1.2076831782906918
10,8.836602210998535,1.8387824296951294,2.3322865962982178,1.2084490539572255
10,8.858180046081543,1.840287446975708,2.331350803375244,1.2091031874125275
10,8.879759788513184,1.841737985610962,2.3303699493408203,1.2096758605801603
10,8.901341438293457,1.8431236743927002,2.329343557357788,1.2101995547122288
10,8.92292594909668,1.8444349765777588,2.32827091217041,1.2107100857369804
10,8.944512367248535,1.8456636667251587,2.327151298522949,1.2112500210903336
10,8.96610164642334,1.846803903579712,2.325984001159668,1.2118456712667325
10,8.987692832946777,1.8478517532348633,2.324768304824829,1.2125160310899
10,9.009284973144531,1.8488061428070068,2.3235034942626953,1.2132733001344433
10,9.030878067016602,1.8496685028076172,2.3221890926361084,1.214122613479429
10,9.052472114562988,1.8504421710968018,2.32082462310791,1.2150351837672015
10,9.074065208435059,1.8511323928833008,2.319409132003784,1.216016111664983
10,9.095657348632812,1.8517447710037231,2.3179426193237305,1.217068106955517
10,9.11724853515625,1.8522849082946777,2.3164260387420654,1.21815491650721
10,9.138836860656738,1.8527578115463257,2.314859390258789,1.2192536493785533
10,9.160423278808594,1.8531676530838013,2.313244342803955,1.220349246307679
10,9.1820068359375,1.853516936302185,2.311581611633301,1.2214153146954843
10,9.203588485717773,1.8538062572479248,2.30987286567688,1.222436476333349
10,9.225166320800781,1.8540349006652832,2.308119535446167,1.2234017445937082
10,9.246742248535156,1.8542009592056274,2.3063230514526367,1.2242953817120237
10,9.268314361572266,1.8543009757995605,2.3044848442077637,1.2251262999265653
10,9.28988265991211,1.854331135749817,2.3026065826416016,1.2258988274698
10,9.31144905090332,1.854286551475525,2.300690174102783,1.2266189109112984
10,9.33301067352295,1.8541622161865234,2.298737049102783,1.227293716376066
10,9.354568481445312,1.8539531230926514,2.2967488765716553,1.2279312106031697
10,9.37612247467041,1.8536546230316162,2.294727325439453,1.2285393364299353
10,9.397671699523926,1.853262186050415,2.2926740646362305,1.2291256904427739
10,9.41921615600586,1.8527722358703613,2.290590763092041,1.2296956950867828
10,9.440755844116211,1.8521815538406372,2.2884788513183594,1.2302557576706183
10,9.462289810180664,1.8514877557754517,2.2863407135009766,1.230798557186277
10,9.483817100524902,1.850689172744751,2.284177780151367,1.2313154767737566
10,9.505337715148926,1.8497848510742188,2.281991958618164,1.2317802834426201
10,9.526851654052734,1.8487743139266968,2.2797839641571045,1.2321336723608727
10,9.548358917236328,1.847657561302185,2.277555227279663,1.232409071773626
10,9.569857597351074,1.846434473991394,2.2753074169158936,1.2325813509791437
10,9.591347694396973,1.8451054096221924,2.2730424404144287,1.2326383016123605
10,9.61283016204834,1.8436704874038696,2.270761728286743,1.2325630609126037
10,9.63430404663086,1.8421297073364258,2.268467664718628,1.2323401733156922
10,9.655768394470215,1.8404831886291504,2.266162395477295,1.2319560225406443
10,9.677223205566406,1.8387303352355957,2.263848304748535,1.231401752358184
10,9.698668479919434,1.8368710279464722,2.261528253555298,1.2306557594087482
10,9.720104217529297,1.834904432296753,2.2592051029205322,1.229700890365143
10,9.74152946472168,1.8328297138214111,2.2568814754486084,1.2285584716034283
10,9.762944221496582,1.83064603805542,2.2545604705810547,1.2272313076342947
10,9.784348487854004,1.828352451324463,2.2522451877593994,1.2257241462375652
10,9.805741310119629,1.8259483575820923,2.249938726425171,1.2240436661411704
10,9.827122688293457,1.82343327999115,2.2476441860198975,1.22205706741492
10,9.848491668701172,1.8208067417144775,2.2453627586364746,1.219807516518712
10,9.86984920501709,1.8180691003799438,2.2430977821350098,1.21738942502857
10,9.891193389892578,1.8152211904525757,2.2408525943756104,1.2148312640429828
10,9.91252613067627,1.812264323234558,2.2386300563812256,1.2121443183464538
10,9.933846473693848,1.8092007637023926,2.236433744430542,1.2093377226361945
10,9.955154418945312,1.8060333728790283,2.234266757965088,1.2064192977898807
10,9.976449966430664,1.802765130996704,2.2321314811706543,1.2033960994604374
10,9.997734069824219,1.7993998527526855,2.2300307750701904,1.200204590891665
10,10.019006729125977,1.7959409952163696,2.2279655933380127,1.1966471882346514
10,10.040267944335938,1.7923928499221802,2.2259373664855957,1.1929917991409433
10,10.061518669128418,1.7887601852416992,2.2239487171173096,1.1892420846839324
10,10.082759857177734,1.785048007965088,2.222001552581787,1.1854013203102665
10,10.103991508483887,1.7812610864639282,2.2200984954833984,1.1814725226165594
10,10.125214576721191,1.777404546737671,2.2182416915893555,1.177458838077837
10,10.146437644958496,1.7734819650650024,2.216433525085449,1.1731977529283055
10,10.16765308380127,1.7694987058639526,2.2146754264831543,1.1686298132150816
10,10.188931465148926,1.7654465436935425,2.212965488433838,1.163970628265169
10,10.210521697998047,1.7612818479537964,2.2112889289855957,1.1591864020843365
10,10.23299503326416,1.7568962574005127,2.2096099853515625,1.1541792671768487
10,10.257142066955566,1.752133846282959,2.2078847885131836,1.148787659564143
10,10.281286239624023,1.7473269701004028,2.206244707107544,1.1432083767341858
10,10.3076171875,1.7420437335968018,2.204554796218872,1.1370102641040538
10,10.335887908935547,1.7363367080688477,2.2028589248657227,1.1304677915573125
10,10.364161491394043,1.7306064367294312,2.2012898921966553,1.1240819224983138
10,10.39358901977539,1.7246402502059937,2.19979190826416,1.1175885679928517
10,10.423025131225586,1.7186858654022217,2.1984312534332275,1.1108687630218106
10,10.452910423278809,1.7126778364181519,2.197183609008789,1.1042856832875179
10,10.48291015625,1.7067060470581055,2.196059226989746,1.0978902210591939
10,10.512928009033203,1.7008074522018433,2.195056676864624,1.0916887309006573
10,10.542977333068848,1.694999098777771,2.194164276123047,1.0852852530825816
10,10.573049545288086,1.6892950534820557,2.1933786869049072,1.0789598198273012
10,10.60314655303955,1.6837095022201538,2.1926956176757812,1.0728154918943473
10,10.633269309997559,1.678254246711731,2.1921145915985107,1.0668057509871856
10,10.663419723510742,1.6729398965835571,2.191636085510254,1.0608618167509263
10,10.693597793579102,1.6677788496017456,2.191253423690796,1.0549174092981732
10,10.723804473876953,1.6627819538116455,2.1909589767456055,1.0492718150532143
10,10.754039764404297,1.6579607725143433,2.190737247467041,1.0438869565377136
10,10.78430461883545,1.653324007987976,2.190563440322876,1.0388379860144135
10,10.81459903717041,1.6488792896270752,2.190417528152466,1.0340344322944248
10,10.844921112060547,1.6446322202682495,2.1902666091918945,1.0293607449786477
10,10.87527084350586,1.6405879259109497,2.1900951862335205,1.0252444553452835
10,10.905647277832031,1.6367502212524414,2.1898880004882812,1.0215526939090962
10,10.936049461364746,1.633121371269226,2.1896445751190186,1.018576211396447
10,10.966475486755371,1.6297030448913574,2.189368724822998,1.016225310388817
10,10.996923446655273,1.6264921426773071,2.189074993133545,1.0144510449873807
10,11.027392387390137,1.6234853267669678,2.1887764930725098,1.013524996933888
10,11.057880401611328,1.620675802230835,2.1884889602661133,1.0131141254275962
10,11.088385581970215,1.6180531978607178,2.1882240772247314,1.0135534287371353
10,11.118906021118164,1.6156091690063477,2.18798828125,1.0147426988058112
10,11.14943790435791,1.613328218460083,2.1877851486206055,1.0164835228643125
10,11.17998218536377,1.6111963987350464,2.1876156330108643,1.0191259488784277
10,11.210535049438477,1.6091985702514648,2.1874799728393555,1.0221781568332229
10,11.241097450256348,1.6073150634765625,2.1873793601989746,1.0257584155684691
10,11.271666526794434,1.6055335998535156,2.1873176097869873,1.0297317637094832
10,11.302248001098633,1.6038352251052856,2.187300682067871,1.0339405911443287
10,11.332858085632324,1.6022064685821533,2.18733811378479,1.038325021654599
10,11.363471031188965,1.6006382703781128,2.187438488006592,1.0426985541178282
10,11.39415168762207,1.5991145372390747,2.187614679336548,1.047018585505857
10,11.424833297729492,1.5976313352584839,2.1878747940063477,1.050883164760838
10,11.455656051635742,1.5961731672286987,2.1882288455963135,1.0545485308587643
10,11.48672866821289,1.5947283506393433,2.1886839866638184,1.0575530721313342
10,11.517800331115723,1.5933040380477905,2.189236879348755,1.0597531412973937
10,11.554178237915039,1.5916557312011719,2.189984083175659,1.0614147993821106
10,11.590554237365723,1.5900237560272217,2.1908226013183594,1.0615317929357948
10,11.656462669372559,1.5871009826660156,2.1924333572387695,1.0612013954579234
10,11.728214263916016,1.5839645862579346,2.1942226886749268,1.059334076592038
10,11.799971580505371,1.5808948278427124,2.195899248123169,1.0562625397200958
10,11.929672241210938,1.5756146907806396,2.1983675956726074,1.0518522269470354
10,12.059398651123047,1.570698618888855,2.200127601623535,1.0475310635157309
10,12.18113899230957,1.5664560794830322,2.2011427879333496,1.043526349837927
10,12.30323314666748,1.5625253915786743,2.2015857696533203,1.0392177514844332
10,12.425337791442871,1.5588843822479248,2.2014830112457275,1.0348444429476418
10,12.54763412475586,1.5554406642913818,2.2008888721466064,1.0304449236476898
10,12.66993236541748,1.552141547203064,2.199838876724243,1.0258111249872657
10,12.792313575744629,1.5489234924316406,2.198371171951294,1.021079319892305
10,12.847716331481934,1.5474762916564941,2.1975865364074707,1.0188117919898358
11,0.4117445647716522,-0.0351933054625988,3.5882256031036377,1.0011472494859548
11,0.5225926041603088,-0.03518805280327797,3.58951997756958,1.0018445108469791
11,0.6378908157348633,-0.03518249839544296,3.591259479522705,1.0028014492264234
11,0.7531822323799133,-0.03517673537135124,3.593402862548828,1.004092455622137
11,0.8719422817230225,-0.035170216113328934,3.5960166454315186,1.0056037405993232
11,0.9928165674209595,-0.03516253083944321,3.5989973545074463,1.0075793421350165
11,1.1136850118637085,-0.03515353426337242,3.6022071838378906,1.0096589750045177
11,1.2355778217315674,-0.035143107175827026,3.605482816696167,1.0118502135951688
11,1.3574732542037964,-0.03513147681951523,3.608656883239746,1.0139594831357328
11,1.4797667264938354,-0.035118866711854935,3.611564874649048,1.015991386313499
11,1.6021864414215088,-0.03510570526123047,3.614001989364624,1.0178055687007002
11,1.7246166467666626,-0.03509233519434929,3.615837335586548,1.0191923379618482
11,1.8470820188522339,-0.03507940471172333,3.616882801055908,1.0203322954882843
11,1.9695515632629395,-0.03506745770573616,3.617053747177124,1.0204502604563912
11,2.0920228958129883,-0.03505706042051315,3.6162774562835693,1.020156926560286
11,2.2144851684570312,-0.035048820078372955,3.6145613193511963,1.019068099418327
11,2.3369312286376953,-0.03504306450486183,3.611938238143921,1.0171170235134595
11,2.459357500076294,-0.03504021465778351,3.6085078716278076,1.014757429147324
11,2.5817627906799316,-0.0350404754281044,3.6043901443481445,1.0114347637586523
11,2.7041468620300293,-0.03504401445388794,3.5996904373168945,1.0078041471225343
11,2.8265140056610107,-0.03505101799964905,3.5945661067962646,1.0037618333413556
11,2.948866844177246,-0.03506164625287056,3.589108467102051,0.9993535372429654
11,3.0712101459503174,-0.03507614880800247,3.5834426879882812,0.9948093847689659
11,3.1935486793518066,-0.03509489819407463,3.577672243118286,0.9900609707785705
11,3.3158857822418213,-0.035118233412504196,3.5718696117401123,0.9852532247732597
11,3.438225746154785,-0.035146746784448624,3.5661323070526123,0.9803880459317738
11,3.5605716705322266,-0.03518100827932358,3.5605196952819824,0.9754733569590708
11,3.6829261779785156,-0.03522174060344696,3.5550994873046875,0.9705184712339013
11,3.805271863937378,-0.035269979387521744,3.5499377250671387,0.9655090583407817
11,3.9276299476623535,-0.03532654419541359,3.5450785160064697,0.9604888776122318
11,4.049783229827881,-0.03539268672466278,3.5405964851379395,0.9554599074604909
11,4.170858860015869,-0.03546900302171707,3.536569833755493,0.9506170121690813
11,4.2919487953186035,-0.0355573333799839,3.5330092906951904,0.9458926316634549
11,4.409807205200195,-0.03565659373998642,3.530055522918701,0.9415123498426068
11,4.527677536010742,-0.03577034920454025,3.5276522636413574,0.9375012727171428
11,4.639217376708984,-0.035893164575099945,3.5259382724761963,0.9339554748963353
11,4.742289066314697,-0.03602147847414017,3.5248799324035645,0.9310122867789822
11,4.845365524291992,-0.03616557642817497,3.5243585109710693,0.9284591244618353
11,4.940550804138184,-0.03631429746747017,3.5243821144104004,0.926418157627567
11,5.030540943145752,-0.03647014498710632,3.5248680114746094,0.9248077634026501
11,5.118093013763428,-0.03663720190525055,3.5257811546325684,0.9235562740837902
11,5.204854488372803,-0.036818888038396835,3.5271174907684326,0.9226207881012576
11,5.291452884674072,-0.03701742738485336,3.5288803577423096,0.9220069610941306
11,5.3780412673950195,-0.03723433241248131,3.5310699939727783,0.9216889768240922
11,5.464603900909424,-0.03747085854411125,3.533684730529785,0.9216409856753964
11,5.55115270614624,-0.03772847726941109,3.536722183227539,0.9218510669107507
11,5.637685775756836,-0.0380086824297905,3.54017972946167,0.9223043555417564
11,5.72420072555542,-0.03831309452652931,3.544055461883545,0.9229741841629857
11,5.810695171356201,-0.0386434942483902,3.5483479499816895,0.9238582606661643
11,5.897713661193848,-0.03900421783328056,3.553086280822754,0.9249436872680092
11,5.984707832336426,-0.039395082741975784,3.5582399368286133,0.9261798902386641
11,6.073681831359863,-0.039827968925237656,3.563936710357666,0.927548269659054
11,6.165482044219971,-0.04031190648674965,3.5702621936798096,0.9290492629633754
11,6.2598652839660645,-0.04085095226764679,3.5772387981414795,0.9306475650548424
11,6.356442451477051,-0.04144735261797905,3.584871292114258,0.9322837076999994
11,6.456233978271484,-0.04211089015007019,3.5932841300964355,0.9339106563850508
11,6.555976390838623,-0.04281969740986824,3.602257013320923,0.935616028223471
11,6.581642150878906,-0.04300986975431442,3.6046602725982666,0.9360038187566095
11,6.607222557067871,-0.04320159927010536,3.6070940494537354,0.9363660570435014
11,6.632779121398926,-0.043394941836595535,3.6095645427703857,0.9367198628907433
11,6.658332347869873,-0.04358978196978569,3.6120736598968506,0.9370602168617662
11,6.68390417098999,-0.04378611221909523,3.614624261856079,0.9373888536616267
11,6.709517002105713,-0.043983977288007736,3.617218494415283,0.9377057328300018
11,6.735175132751465,-0.044183313846588135,3.6198577880859375,0.938010265912766
11,6.760875701904297,-0.04438399896025658,3.622542381286621,0.9383009092173128
11,6.786612510681152,-0.04458592087030411,3.625272274017334,0.9385846563178828
11,6.812400817871094,-0.04478912800550461,3.628051280975342,0.9388584244450456
11,6.838775157928467,-0.044997718185186386,3.630938768386841,0.9391143123189604
11,6.865175247192383,-0.04520707204937935,3.633875846862793,0.9393593408657809
11,6.891592025756836,-0.04541684687137604,3.6368629932403564,0.9395932540293915
11,6.918018341064453,-0.04562666639685631,3.6399006843566895,0.9398173565457258
11,6.944458484649658,-0.0458361953496933,3.6429905891418457,0.9400329612027698
11,6.970911026000977,-0.04604499787092209,3.646134614944458,0.9402414335982803
11,6.997368335723877,-0.04625256732106209,3.6493332386016846,0.9404445134098911
11,7.023823261260986,-0.04645837843418121,3.652587413787842,0.9406405964560415
11,7.05011510848999,-0.04666073992848396,3.655879020690918,0.9408265735480503
11,7.0763959884643555,-0.04686031490564346,3.6592280864715576,0.9410114056446075
11,7.102659225463867,-0.04705647751688957,3.6626367568969727,0.9411998030031951
11,7.129429340362549,-0.04725275933742523,3.6661736965179443,0.9413961735151531
11,7.155544281005859,-0.04743994027376175,3.6696887016296387,0.9416015383851178
11,7.18168306350708,-0.04762217029929161,3.6732754707336426,0.941815898592637
11,7.207840442657471,-0.04779890552163124,3.6769351959228516,0.942034785970965
11,7.23388671875,-0.047968797385692596,3.6806516647338867,0.9422672864239772
11,7.259943008422852,-0.04813171178102493,3.684445381164551,0.94252417796818
11,7.28640079498291,-0.048289090394973755,3.6883785724639893,0.9428148021738435
11,7.312039375305176,-0.0484333299100399,3.6922707557678223,0.9431301596838397
11,7.337625503540039,-0.04856846109032631,3.696237325668335,0.9434847665221119
11,7.363154411315918,-0.048693712800741196,3.700279951095581,0.9438640372441511
11,7.388504981994629,-0.04880783334374428,3.7043817043304443,0.9442904523590162
11,7.413792610168457,-0.048910804092884064,3.7085628509521484,0.9447689525397399
11,7.438916206359863,-0.04900122806429863,3.7128095626831055,0.9453193751470214
11,7.46403694152832,-0.04907883703708649,3.7171545028686523,0.9459292599195968
11,7.4898247718811035,-0.049145132303237915,3.721714735031128,0.9466353808446305
11,7.51440954208374,-0.04919418320059776,3.7261672019958496,0.9473748993188419
11,7.538918495178223,-0.04922899231314659,3.7307095527648926,0.9482093074191653
11,7.563671112060547,-0.04924899339675903,3.7354073524475098,0.9491548841930867
11,7.58834171295166,-0.049253154546022415,3.7402045726776123,0.9502133675903914
11,7.612921237945557,-0.0492410846054554,3.745102882385254,0.9513691815150397
11,7.637293815612793,-0.04921243339776993,3.75008225440979,0.9526449156376757
11,7.661571025848389,-0.049166809767484665,3.7551686763763428,0.9540722241192279
11,7.68574857711792,-0.049104053527116776,3.7603652477264404,0.9556506581100859
11,7.709823131561279,-0.049023840576410294,3.7656781673431396,0.9574462885673275
11,7.733340740203857,-0.04892754182219505,3.7710089683532715,0.9593206240632536
11,7.75675630569458,-0.04881326109170914,3.7764601707458496,0.9614345632568042
11,7.780285358428955,-0.04867883026599884,3.782092809677124,0.9638132955701968
11,7.804154396057129,-0.048522572964429855,3.787971258163452,0.96653244598799
11,7.82725715637207,-0.04835135489702225,3.793837070465088,0.9694490796783838
11,7.8501434326171875,-0.04816269874572754,3.799830198287964,0.9728059576361349
11,7.872040271759033,-0.04796380549669266,3.80576229095459,0.9765081282159924
11,7.894829273223877,-0.047737639397382736,3.812147617340088,0.9809692183748664
11,7.917482376098633,-0.047494757920503616,3.818742513656616,0.9861799756433884
11,7.939876079559326,-0.047249723225831985,3.825547218322754,0.9932893371976821
11,7.962101459503174,-0.047014396637678146,3.832650899887085,1.0032652184812565
11,7.984122276306152,-0.046791642904281616,3.8401448726654053,1.0163489627360576
11,8.00578784942627,-0.0466754324734211,3.8480842113494873,1.0241346117094083
11,8.027156829833984,-0.04684850946068764,3.8564114570617676,1.0315436835205307
11,8.048503875732422,-0.0473356619477272,3.8645949363708496,1.0523846483883557
11,8.070116996765137,-0.047900665551424026,3.87148380279541,1.0724279295793153
11,8.092290878295898,-0.04829559475183487,3.87626576423645,1.0911701865057732
11,8.114752769470215,-0.04841063544154167,3.879030466079712,1.0892499932557895
11,8.137263298034668,-0.0482756607234478,3.880737066268921,1.0667566908919308
11,8.159713745117188,-0.04797712340950966,3.8823976516723633,1.040435165198707
11,8.182056427001953,-0.04757135361433029,3.884577751159668,1.020758579692656
11,8.204259872436523,-0.047090861946344376,3.8874309062957764,1.0109507799686046
11,8.226320266723633,-0.04657437652349472,3.8908634185791016,1.0077412171651459
11,8.248150825500488,-0.04605800658464432,3.8947033882141113,1.0072247612904592
11,8.269867897033691,-0.04556118696928024,3.8988454341888428,1.0071274951819715
11,8.291486740112305,-0.04509061202406883,3.9031901359558105,1.0063779831692157
11,8.313027381896973,-0.04463936388492584,3.9076356887817383,1.0050289207763086
11,8.334510803222656,-0.04419431462883949,3.912081480026245,1.0033852688898603
11,8.35595417022705,-0.04374225437641144,3.9164438247680664,1.00147185414637
11,8.377274513244629,-0.04327262192964554,3.920637845993042,0.9994925355942097
11,8.398578643798828,-0.04277464747428894,3.9246432781219482,0.9980224769062759
11,8.419918060302734,-0.042240992188453674,3.9284517765045166,0.9971610533489016
11,8.44126033782959,-0.04166709631681442,3.9320597648620605,0.9968220183075661
11,8.462628364562988,-0.04104761779308319,3.935492515563965,0.996939155385363
11,8.484016418457031,-0.04037933424115181,3.9387876987457275,0.9974119409427257
11,8.505415916442871,-0.039662789553403854,3.94199538230896,0.9980667545850815
11,8.526820182800293,-0.03890327364206314,3.9451634883880615,0.9987861999343964
11,8.548223495483398,-0.03810818865895271,3.948326349258423,0.9993774874725032
11,8.569623947143555,-0.037283796817064285,3.9515023231506348,0.9996375863428824
11,8.591020584106445,-0.036434873938560486,3.954697608947754,0.9995517371257415
11,8.612414360046387,-0.035565294325351715,3.9579079151153564,0.9991465730157625
11,8.633806228637695,-0.03467777743935585,3.961122512817383,0.9984687769103993
11,8.65519905090332,-0.03377402201294899,3.964329481124878,0.9975742855600317
11,8.676593780517578,-0.032854821532964706,3.967517852783203,0.9963548279562828
11,8.697992324829102,-0.031920526176691055,3.970679521560669,0.9950248143135711
11,8.71939468383789,-0.03097129799425602,3.9738080501556396,0.9936878174186057
11,8.740801811218262,-0.030007196590304375,3.9768993854522705,0.9923796788681153
11,8.762213706970215,-0.029028402641415596,3.979951858520508,0.9911258207015564
11,8.78363037109375,-0.028035147115588188,3.982966423034668,0.9899474070432988
11,8.805051803588867,-0.02702786587178707,3.985944986343384,0.9888603032685362
11,8.826476097106934,-0.026007140055298805,3.988891124725342,0.9878744519712573
11,8.847905158996582,-0.024973686784505844,3.9918086528778076,0.9869127178269024
11,8.869336128234863,-0.02392851747572422,3.994701385498047,0.9860313724062862
11,8.890769004821777,-0.02287263236939907,3.997572660446167,0.9852602767277224
11,8.91220474243164,-0.021807050332427025,4.000425815582275,0.9845949490582785
11,8.93364143371582,-0.020732739940285683,4.003263473510742,0.9840320666992411
11,8.955080032348633,-0.019650718197226524,4.006087779998779,0.9835698664105014
11,8.976519584655762,-0.018561886623501778,4.008899688720703,0.9832085199024699
11,8.997960090637207,-0.017467152327299118,4.0117011070251465,0.9829579341159164
11,9.019401550292969,-0.01636728271842003,4.014492511749268,0.9828232610988424
11,9.040844917297363,-0.01526307687163353,4.017273902893066,0.9826881933463689
11,9.062288284301758,-0.014155411161482334,4.020045757293701,0.982657145930454
11,9.083733558654785,-0.013044905848801136,4.022808074951172,0.9827657953801214
11,9.105179786682129,-0.01193204801529646,4.025561332702637,0.9830234988064669
11,9.126626968383789,-0.010817279107868671,4.028305530548096,0.9834396197399794
11,9.14807415008545,-0.009700935333967209,4.031041145324707,0.9840391811477416
11,9.169523239135742,-0.008583277463912964,4.033768177032471,0.9848320322346537
11,9.190974235534668,-0.007464488502591848,4.036486625671387,0.9858134893129062
11,9.212425231933594,-0.0063447533175349236,4.039196968078613,0.986990328535125
11,9.233877182006836,-0.005224205553531647,4.04189920425415,0.9882637218546853
11,9.255330085754395,-0.0041031851433217525,4.044593811035156,0.9897010033218506
11,9.27678394317627,-0.002981668571010232,4.0472798347473145,0.9913511001552373
11,9.298239707946777,-0.001859558280557394,4.049957275390625,0.9932377281230546
11,9.319695472717285,-0.0007367099751718342,4.05262565612793,0.9953672622785366
11,9.341153144836426,0.0003870950313284993,4.055284023284912,0.9977292939027941
11,9.362611770629883,0.0015121476026251912,4.057930946350098,1.0003349994728958
11,9.384072303771973,0.0026387597899883986,4.060564994812012,1.00317568735502
11,9.405533790588379,0.003767152549698949,4.0631842613220215,1.0062474269692059
11,9.426998138427734,0.004897455684840679,4.065786361694336,1.0094923329892054
11,9.448464393615723,0.006029680371284485,4.0683698654174805,1.0128659545904641
11,9.469932556152344,0.00716414162889123,4.070931911468506,1.016486859114349
11,9.49140453338623,0.00830127578228712,4.073470115661621,1.0203265545509654
11,9.51287841796875,0.009441502392292023,4.0759806632995605,1.0243808047364051
11,9.534356117248535,0.010585281066596508,4.078460693359375,1.0286446032163692
11,9.555837631225586,0.011733068153262138,4.080906391143799,1.0331115732545648
11,9.577322959899902,0.012885261327028275,4.083313941955566,1.0377746990274797
11,9.5988130569458,0.014042326249182224,4.085679054260254,1.0426407165043416
11,9.620307922363281,0.015204640105366707,4.087997913360596,1.04771382636175
11,9.641807556152344,0.01637256145477295,4.090265274047852,1.0529339309506904
11,9.663312911987305,0.017546437680721283,4.092477321624756,1.0581761396499154
11,9.684823989868164,0.01872665248811245,4.094629764556885,1.0635601926717995
11,9.706340789794922,0.01991352066397667,4.096717834472656,1.0690721914183763
11,9.727864265441895,0.021107368171215057,4.09873628616333,1.074697336603812
11,9.749393463134766,0.022308439016342163,4.100679874420166,1.0804256913259318
11,9.770930290222168,0.023516952991485596,4.102543354034424,1.0862587688209355
11,9.792472839355469,0.024733074009418488,4.10432243347168,1.092149157663711
11,9.8140230178833,0.0259568952023983,4.106010913848877,1.0980914200340657
11,9.835578918457031,0.0271883774548769,4.107604026794434,1.1040578527008658
11,9.85714340209961,0.02842755615711212,4.109097003936768,1.1100269236096545
11,9.87871265411377,0.02967435121536255,4.110483646392822,1.1159803990834385
11,9.900289535522461,0.030928676947951317,4.11176061630249,1.121900380634547
11,9.92187213897705,0.03219039738178253,4.112922191619873,1.1277727005269829
11,9.943460464477539,0.03345929831266403,4.113964557647705,1.1335677161465512
11,9.96505355834961,0.034735117107629776,4.114883899688721,1.1392671392638292
11,9.986651420593262,0.03601767495274544,4.11567497253418,1.1448044199984215
11,10.00825309753418,0.0373067706823349,4.116335868835449,1.1502150401964832
11,10.029858589172363,0.03860200196504593,4.1168622970581055,1.1554924675776925
11,10.051466941833496,0.03990291804075241,4.117251396179199,1.1606227585316111
11,10.073076248168945,0.041208960115909576,4.117499828338623,1.165579802860179
11,10.094687461853027,0.04251958802342415,4.117606163024902,1.1703479309873215
11,10.116297721862793,0.04383421316742897,4.117567539215088,1.174926328777986
11,10.137907028198242,0.045152101665735245,4.117382049560547,1.179309712701055
11,10.15952205657959,0.04647297412157059,4.117048740386963,1.1835000727780687
11,10.181204795837402,0.047799933701753616,4.11656379699707,1.1875100506419045
11,10.203206062316895,0.049147605895996094,4.115915775299072,1.191381274992962
11,10.226105690002441,0.05055055767297745,4.115074634552002,1.195120415941189
11,10.248998641967773,0.05195259675383568,4.114064693450928,1.1984586357567182
11,10.273592948913574,0.05345753952860832,4.112793922424316,1.201754484289675
11,10.30040454864502,0.05509515851736069,4.111193656921387,1.2049577588802858
11,10.327201843261719,0.05672774091362953,4.109373092651367,1.2076636535814445
11,10.355956077575684,0.05847276747226715,4.107177734375,1.2103441468858007
11,10.385857582092285,0.06027715280652046,4.104633331298828,1.2125300809733457
11,10.415736198425293,0.06206774339079857,4.101828098297119,1.214367906558279
11,10.446032524108887,0.06386669725179672,4.098721981048584,1.2159285617543145
11,10.476304054260254,0.06564463675022125,4.095361709594727,1.2168699052324632
11,10.506647109985352,0.06740345805883408,4.091742992401123,1.2176523884434785
11,10.536972045898438,0.06913451850414276,4.087888240814209,1.2177555840732368
11,10.567269325256348,0.07083673775196075,4.083805561065674,1.2174064972182819
11,10.597539901733398,0.07250625640153885,4.079510688781738,1.2168822207023926
11,10.627781867980957,0.0741397887468338,4.075013637542725,1.2158345947651656
11,10.657997131347656,0.07573343068361282,4.070326805114746,1.214734982400625
11,10.688188552856445,0.0772833302617073,4.065466403961182,1.2133080054356122
11,10.718354225158691,0.07878764718770981,4.060441970825195,1.2113458724766173
11,10.74849796295166,0.08024502545595169,4.055270671844482,1.2093164249244437
11,10.778620719909668,0.08165223896503448,4.049964427947998,1.2069305486989883
11,10.808723449707031,0.08300593495368958,4.044536113739014,1.2045900035944015
11,10.838809967041016,0.08430368453264236,4.039000511169434,1.2020161892963819
11,10.868880271911621,0.08554480224847794,4.03336763381958,1.199085629333882
11,10.898937225341797,0.08672849833965302,4.027653217315674,1.1962211643707177
11,10.928982734680176,0.08785238116979599,4.021866321563721,1.193189665734169
11,10.959019660949707,0.0889144018292427,4.016019344329834,1.1902631876535925
11,10.989048957824707,0.08991479128599167,4.010125160217285,1.187048830715102
11,11.019072532653809,0.09085316210985184,4.0041913986206055,1.1838288855120007
11,11.049092292785645,0.09172938764095306,3.9982309341430664,1.180721345817645
11,11.079111099243164,0.0925423726439476,3.992252826690674,1.1775831394067868
11,11.109128952026367,0.09329205751419067,3.9862663745880127,1.174414315597277
11,11.13914966583252,0.09398066252470016,3.9802820682525635,1.1712184012701492
11,11.169172286987305,0.0946071520447731,3.974306106567383,1.1681219263231746
11,11.199200630187988,0.09517291188240051,3.968348264694214,1.1651575121431796
11,11.229235649108887,0.09567809849977493,3.9624149799346924,1.1621481082718372
11,11.259278297424316,0.09612420946359634,3.956512689590454,1.1591721088715994
11,11.289337158203125,0.09651286154985428,3.95064640045166,1.1562999577165989
11,11.319404602050781,0.09684374183416367,3.944822072982788,1.1535427980311865
11,11.349506378173828,0.09711900353431702,3.9390406608581543,1.15088703238218
11,11.379618644714355,0.09733941406011581,3.9333102703094482,1.1481628986375476
11,11.409806251525879,0.09750642627477646,3.9276225566864014,1.1455805335152998
11,11.440142631530762,0.09762147068977356,3.9219675064086914,1.1430968998732811
11,11.470490455627441,0.09768379479646683,3.916374921798706,1.1406854953826877
11,11.501097679138184,0.09769459813833237,3.9108052253723145,1.1382512288634479
11,11.531716346740723,0.09765540808439255,3.9053032398223877,1.1358941573522088
11,11.56757926940918,0.09754994511604309,3.8989436626434326,1.1332195721595633
11,11.632596015930176,0.09721124172210693,3.887641668319702,1.1288169100789573
11,11.697661399841309,0.09668879210948944,3.8766345977783203,1.1246544355837158
11,11.768548965454102,0.09592947363853455,3.8649823665618896,1.1203952968519795
11,11.896774291992188,0.09414828568696976,3.8447020053863525,1.1142864790845417
11,12.02514362335205,0.09189169853925705,3.8254032135009766,1.1088934456462511
11,12.145710945129395,0.08942285925149918,3.8081634044647217,1.104760175940969
11,12.266385078430176,0.08669020235538483,3.791736602783203,1.1014431922472896
11,12.332911491394043,0.08510573208332062,3.7830166816711426,1.0998860807431237
12,0.7331962585449219,-0.3539881110191345,3.8367955684661865,1.0042222970739099
12,0.8519718647003174,-0.3540080785751343,3.838951587677002,1.0057687669050475
12,0.9707421064376831,-0.35403090715408325,3.841383695602417,1.0077423250986355
12,1.0916305780410767,-0.35405710339546204,3.8440568447113037,1.0098122542568924
12,1.2135391235351562,-0.35408639907836914,3.8467960357666016,1.011987816770178
12,1.3354490995407104,-0.3541187047958374,3.8494744300842285,1.0140609770124098
12,1.4577535390853882,-0.35415440797805786,3.8519248962402344,1.0160744718637074
12,1.5801801681518555,-0.3541942834854126,3.853999614715576,1.017740055498191
12,1.702614188194275,-0.3542391061782837,3.8555748462677,1.0190822764402565
12,1.8250805139541626,-0.3542903661727905,3.8565022945404053,1.0200022721459368
12,1.9475501775741577,-0.3543490767478943,3.8567168712615967,1.0200686300582698
12,2.0700225830078125,-0.3544166386127472,3.8561501502990723,1.0197436664879518
12,2.1924896240234375,-0.3544943332672119,3.854811906814575,1.0184079564788093
12,2.314946174621582,-0.3545830547809601,3.8527228832244873,1.0164853222330332
12,2.437389612197876,-0.3546840250492096,3.849968194961548,1.0140402913314157
12,2.5598182678222656,-0.35479801893234253,3.846625566482544,1.010789020438401
12,2.6822328567504883,-0.3549259305000305,3.8427963256835938,1.0073003516439
12,2.8046350479125977,-0.3550688922405243,3.838597297668457,1.0033754637564414
12,2.9270269870758057,-0.3552277684211731,3.8341028690338135,0.9992495328682612
12,3.0494120121002197,-0.3554041087627411,3.829425573348999,0.9949956024694321
12,3.17179274559021,-0.35559946298599243,3.824639081954956,0.9906019731939102
12,3.2941720485687256,-0.3558156192302704,3.8198161125183105,0.9861999239207352
12,3.416553020477295,-0.3560551702976227,3.8150367736816406,0.9817919728130349
12,3.5389373302459717,-0.3563200533390045,3.8103489875793457,0.9774546350786977
12,3.661327838897705,-0.356613427400589,3.805821657180786,0.9731522246611443
12,3.783705949783325,-0.35693851113319397,3.8015098571777344,0.9690072841557428
12,3.906092882156372,-0.357298344373703,3.797457695007324,0.9649608487851138
12,4.028270721435547,-0.3576968312263489,3.7937302589416504,0.9610424712215909
12,4.150458335876465,-0.35813823342323303,3.790358781814575,0.9573513668217741
12,4.271564483642578,-0.35862305760383606,3.7874162197113037,0.953805014003549
12,4.389432907104492,-0.3591456115245819,3.78497576713562,0.950593910734948
12,4.507309913635254,-0.3597225546836853,3.78298282623291,0.9475841731487502
12,4.618852138519287,-0.3603244423866272,3.7815449237823486,0.9448962893933252
12,4.721923828125,-0.360933780670166,3.780628204345703,0.9426747298738537
12,4.824997901916504,-0.36159852147102356,3.7801270484924316,0.9406550158241103
12,4.9201812744140625,-0.36226630210876465,3.7800521850585938,0.9389973128063296
12,5.010169982910156,-0.3629489243030548,3.780333995819092,0.9376469713631154
12,5.097721576690674,-0.36366400122642517,3.780941963195801,0.9365617919369006
12,5.185270309448242,-0.3644319176673889,3.78187894821167,0.9357353188543945
12,5.272029399871826,-0.3652477264404297,3.7831308841705322,0.9351380877460729
12,5.3586273193359375,-0.3661192059516907,3.784698247909546,0.9347618416723762
12,5.445204734802246,-0.3670506179332733,3.7865796089172363,0.9346055494875561
12,5.531773567199707,-0.36804530024528503,3.788771390914917,0.9346687919167873
12,5.618333339691162,-0.3691067695617676,3.7912702560424805,0.9349498417495725
12,5.704883098602295,-0.3702390193939209,3.7940733432769775,0.9354450293480266
12,5.7914204597473145,-0.3714466989040375,3.797178030014038,0.9361685708976231
12,5.877945899963379,-0.37273484468460083,3.8005824089050293,0.937099452766346
12,5.96445369720459,-0.374109148979187,3.804283857345581,0.9382154186131808
12,6.0509352684021,-0.37557607889175415,3.8082797527313232,0.9395062892920052
12,6.137381076812744,-0.37714245915412903,3.812567949295044,0.9409667707044503
12,6.224410057067871,-0.3788277208805084,3.817180633544922,0.9425854405769191
12,6.3132452964782715,-0.3806666433811188,3.822192430496216,0.944339882840605
12,6.4049482345581055,-0.38270002603530884,3.82769513130188,0.946047167277609
12,6.496625900268555,-0.38487914204597473,3.833549976348877,0.9483513457729457
12,6.520174980163574,-0.38546398282051086,3.835115909576416,0.9488863154764753
12,6.543712139129639,-0.3860585391521454,3.83670711517334,0.9494169069824141
12,6.567289352416992,-0.3866642415523529,3.838326930999756,0.9499496408249168
12,6.590859413146973,-0.3872799277305603,3.8399722576141357,0.9504827424254433
12,6.614529609680176,-0.38790860772132874,3.8416507244110107,0.9510158986426016
12,6.638197898864746,-0.3885476887226105,3.843355178833008,0.9515461316779232
12,6.661737442016602,-0.3891938626766205,3.845076322555542,0.9520719645793096
12,6.685373306274414,-0.38985341787338257,3.8468306064605713,0.9525989377914127
12,6.709101676940918,-0.39052650332450867,3.848618268966675,0.9531271981583089
12,6.732916831970215,-0.39121320843696594,3.8504395484924316,0.953656793749581
12,6.7568135261535645,-0.39191359281539917,3.8522942066192627,0.9541879625175318
12,6.78078556060791,-0.3926277160644531,3.854182720184326,0.9547209461273355
12,6.804827690124512,-0.3933556079864502,3.856105327606201,0.9552562370062453
12,6.8289337158203125,-0.39409729838371277,3.8580620288848877,0.9557942259864184
12,6.853097915649414,-0.39485278725624084,3.860053300857544,0.956335677446955
12,6.877315044403076,-0.39562204480171204,3.862079620361328,0.9568807979365243
12,6.901528835296631,-0.3964034616947174,3.8641369342803955,0.9574299778991124
12,6.9257893562316895,-0.39719876646995544,3.8662304878234863,0.9579855511603143
12,6.9500908851623535,-0.39800795912742615,3.8683605194091797,0.9585480712644865
12,6.974173069000244,-0.3988223671913147,3.8705050945281982,0.9591097979165648
12,6.998288154602051,-0.39965057373046875,3.8726866245269775,0.9596814399391528
12,7.022429943084717,-0.4004925787448883,3.874906301498413,0.9602654474149439
12,7.046567440032959,-0.40134739875793457,3.877162218093872,0.9608628786031581
12,7.070728302001953,-0.40221622586250305,3.879457950592041,0.9614761909990882
12,7.094908237457275,-0.40309908986091614,3.8817942142486572,0.9621077336132465
12,7.119101047515869,-0.40399596095085144,3.8841724395751953,0.9627602346317066
12,7.143301963806152,-0.40490686893463135,3.8865928649902344,0.9634368092004857
12,7.167505264282227,-0.40583178400993347,3.88905668258667,0.9641406557016844
12,7.191705703735352,-0.4067707061767578,3.8915648460388184,0.964875654452119
12,7.215898513793945,-0.40772363543510437,3.894118309020996,0.9656385290217029
12,7.239840030670166,-0.4086810350418091,3.8966920375823975,0.9664300678723848
12,7.263766765594482,-0.4096522927284241,3.899312734603882,0.9672643852790286
12,7.287674427032471,-0.41063743829727173,3.9019811153411865,0.9681482984156432
12,7.311557769775391,-0.41163647174835205,3.9046988487243652,0.9690899566887251
12,7.335808277130127,-0.41266605257987976,3.9075124263763428,0.9700916111297813
12,7.359847068786621,-0.4137020409107208,3.9103567600250244,0.9711663697247918
12,7.383423328399658,-0.41473355889320374,3.913203716278076,0.9723248963596235
12,7.407564163208008,-0.4158055782318115,3.916177988052368,0.973552335022152
12,7.431183815002441,-0.4168700873851776,3.9191477298736572,0.9748516700743295
12,7.454763889312744,-0.41794854402542114,3.922173023223877,0.9762510820802317
12,7.47898006439209,-0.41907286643981934,3.9253463745117188,0.97785826677261
12,7.502392768859863,-0.420176237821579,3.9284801483154297,0.9795045395998039
12,7.525757312774658,-0.4212934076786041,3.9316723346710205,0.9812953504178312
12,7.549070358276367,-0.4224243760108948,3.9349241256713867,0.9832540860809176
12,7.572329044342041,-0.42356911301612854,3.9382359981536865,0.9853942698315175
12,7.595529079437256,-0.4247276484966278,3.941608428955078,0.9877207116201688
12,7.61846399307251,-0.4258894920349121,3.9450104236602783,0.9902221293083876
12,7.641307353973389,-0.42706331610679626,3.9484670162200928,0.9929608214075089
12,7.664139747619629,-0.4282532334327698,3.9519896507263184,0.9959739299841597
12,7.686910629272461,-0.42945659160614014,3.9555697441101074,0.9992860898530618
12,7.70961856842041,-0.430673211812973,3.959205150604248,1.0029219233372377
12,7.73234748840332,-0.4319072663784027,3.9629063606262207,1.006866357108876
12,7.755248546600342,-0.43316683173179626,3.9666950702667236,1.011247520426068
12,7.777618885040283,-0.43441280722618103,3.970449924468994,1.0158472961667875
12,7.799922943115234,-0.43566951155662537,3.9742400646209717,1.0208821274114557
12,7.82176399230957,-0.4369131922721863,3.977989435195923,1.0261503759939536
12,7.843616485595703,-0.43816855549812317,3.9817681312561035,1.0317435445898044
12,7.865728855133057,-0.4394478499889374,3.985607385635376,1.03766984725787
12,7.88778829574585,-0.44073018431663513,3.989438533782959,1.0437691759480467
12,7.909796237945557,-0.44201233983039856,3.993246555328369,1.0498645581410688
12,7.931571960449219,-0.44328004121780396,3.9969849586486816,1.0557599597286444
12,7.953302383422852,-0.4445394277572632,4.000669002532959,1.0612786671817835
12,7.974990367889404,-0.44578537344932556,4.004283428192139,1.0661058544359097
12,7.996690273284912,-0.4470160901546478,4.007827281951904,1.0698594523448284
12,8.018348693847656,-0.44822457432746887,4.011289119720459,1.072440699925666
12,8.039962768554688,-0.4494090974330902,4.014676570892334,1.073998797613232
12,8.061528205871582,-0.45057037472724915,4.01800537109375,1.074903314229984
12,8.082901954650879,-0.45170387625694275,4.021267890930176,1.0754151799524587
12,8.104279518127441,-0.45282411575317383,4.024507999420166,1.075853505600481
12,8.125659942626953,-0.45393526554107666,4.027734279632568,1.0764604530213804
12,8.147041320800781,-0.45504122972488403,4.0309529304504395,1.0774429183005187
12,8.16842269897461,-0.45614510774612427,4.034169673919678,1.0789472641352595
12,8.189805030822754,-0.45724937319755554,4.037388324737549,1.0810651999484744
12,8.211185455322266,-0.458356112241745,4.0406107902526855,1.0838275419306072
12,8.232566833496094,-0.45946648716926575,4.043834209442139,1.087156399372087
12,8.253947257995605,-0.4605807960033417,4.047051906585693,1.091067053933233
12,8.275331497192383,-0.4616979956626892,4.050251483917236,1.0954139708209665
12,8.296720504760742,-0.4628150761127472,4.053417205810547,1.0999156328540245
12,8.318116188049316,-0.4639272689819336,4.056534290313721,1.1040010825585715
12,8.339521408081055,-0.46502888202667236,4.059592247009277,1.1072371678399766
12,8.360937118530273,-0.4661141633987427,4.062587738037109,1.1093912146851772
12,8.382360458374023,-0.46717968583106995,4.065528392791748,1.110434636314958
12,8.403790473937988,-0.46822506189346313,4.068424224853516,1.1104741575361803
12,8.425226211547852,-0.46925249695777893,4.071290969848633,1.1099706816957422
12,8.446664810180664,-0.47026535868644714,4.0741424560546875,1.1092906378805134
12,8.468103408813477,-0.4712674021720886,4.076992034912109,1.1087984168371
12,8.489542007446289,-0.47226184606552124,4.0798492431640625,1.1086663138635366
12,8.510977745056152,-0.4732516407966614,4.082719802856445,1.1089939262333368
12,8.5324125289917,-0.4742388129234314,4.085605144500732,1.1097974345148969
12,8.55384635925293,-0.47522425651550293,4.088500022888184,1.1110097310455898
12,8.57528018951416,-0.47620755434036255,4.091396331787109,1.112394908322647
12,8.596714973449707,-0.47718745470046997,4.094282150268555,1.1136890272724291
12,8.61815357208252,-0.4781625270843506,4.097148418426514,1.1149245981408924
12,8.639595031738281,-0.47913098335266113,4.0999860763549805,1.1160864091004599
12,8.661041259765625,-0.48009082674980164,4.102789878845215,1.1171542496137292
12,8.682494163513184,-0.48104044795036316,4.105555057525635,1.1181191049917452
12,8.703951835632324,-0.4819786250591278,4.108280658721924,1.1189816180228096
12,8.725415229797363,-0.4829046428203583,4.110967636108398,1.1197467196731952
12,8.746883392333984,-0.4838181436061859,4.113617897033691,1.1203898090332765
12,8.768356323242188,-0.48471927642822266,4.116234302520752,1.120841586950833
12,8.789833068847656,-0.4856081008911133,4.118821144104004,1.1211036703594532
12,8.81131362915039,-0.4864853024482727,4.121382236480713,1.1213379882145467
12,8.83279800415039,-0.4873516857624054,4.12391996383667,1.1215689748256017
12,8.854284286499023,-0.4882080554962158,4.126438140869141,1.1218178278062936
12,8.875773429870605,-0.48905524611473083,4.128937244415283,1.1221013247914653
12,8.897265434265137,-0.4898938536643982,4.1314191818237305,1.122424859624966
12,8.9187593460083,-0.49072444438934326,4.133882999420166,1.1228079252569965
12,8.940255165100098,-0.4915473163127899,4.13632869720459,1.1232588929881469
12,8.96175479888916,-0.4923626780509949,4.138754367828369,1.1237815674001523
12,8.983256340026855,-0.4931706190109253,4.1411590576171875,1.1242565282246404
12,9.0047607421875,-0.49397093057632446,4.143540382385254,1.1246784879673157
12,9.026268005371094,-0.4947636127471924,4.145897388458252,1.1251803830794194
12,9.047778129577637,-0.4955485463142395,4.148228168487549,1.1257638027175154
12,9.069292068481445,-0.4963257610797882,4.15053129196167,1.1264330648920808
12,9.090808868408203,-0.49709510803222656,4.152806758880615,1.1271894546798515
12,9.112329483032227,-0.49785658717155457,4.15505313873291,1.1280337876740845
12,9.1338529586792,-0.49861016869544983,4.1572699546813965,1.1289666247571408
12,9.155380249023438,-0.49935582280158997,4.159457206726074,1.1299886959883185
12,9.176910400390625,-0.5000935792922974,4.161613941192627,1.1311004782102219
12,9.198444366455078,-0.5008233785629272,4.163740158081055,1.1323084505886976
12,9.21998119354248,-0.5015451312065125,4.165835857391357,1.1335314538026138
12,9.241520881652832,-0.502258837223053,4.1678996086120605,1.1347275799108325
12,9.26306438446045,-0.5029643774032593,4.169931888580322,1.1360228432243409
12,9.284611701965332,-0.5036616921424866,4.171931266784668,1.1374169343529354
12,9.306161880493164,-0.5043505430221558,4.173897743225098,1.138909591736212
12,9.327714920043945,-0.5050306916236877,4.1758294105529785,1.1405001565108361
12,9.349272727966309,-0.5057018995285034,4.1777262687683105,1.1421917764219502
12,9.370833396911621,-0.5063636898994446,4.179585933685303,1.143994914415439
12,9.392396926879883,-0.5070156455039978,4.181407928466797,1.1458960874860478
12,9.41396427154541,-0.5076572895050049,4.18319034576416,1.1478936710910184
12,9.435535430908203,-0.5082881450653076,4.184932231903076,1.1499855422191816
12,9.457110404968262,-0.5089074969291687,4.186631202697754,1.1521686297064846
12,9.478690147399902,-0.5095147490501404,4.188286304473877,1.1544394893880838
12,9.500271797180176,-0.5101092457771301,4.1898956298828125,1.1567935902480742
12,9.521858215332031,-0.5106902718544006,4.191457271575928,1.1591097688086427
12,9.543448448181152,-0.5112571716308594,4.192969799041748,1.1614969316430317
12,9.565043449401855,-0.511809229850769,4.194431781768799,1.1639572586384395
12,9.586641311645508,-0.512345552444458,4.195841312408447,1.1664841034515379
12,9.608242988586426,-0.512865424156189,4.197196960449219,1.1690708471002005
12,9.62984848022461,-0.5133679509162903,4.198495864868164,1.171710568483308
12,9.651457786560059,-0.5138524174690247,4.199737071990967,1.1743960430544078
12,9.67307186126709,-0.5143178701400757,4.200919151306152,1.177126685016529
12,9.69468879699707,-0.5147635340690613,4.2020392417907715,1.1798913473047816
12,9.716309547424316,-0.5151885747909546,4.20309591293335,1.1826763887831906
12,9.737934112548828,-0.515592098236084,4.204087257385254,1.185474020700157
12,9.759561538696289,-0.5159732699394226,4.20501184463501,1.1882765371801693
12,9.7811918258667,-0.5163311958312988,4.205867290496826,1.1910761699278851
12,9.802825927734375,-0.5166651010513306,4.2066521644592285,1.1938654330287295
12,9.824462890625,-0.516974151134491,4.207364082336426,1.1966372093694033
12,9.846101760864258,-0.517257571220398,4.208002090454102,1.1993823174154608
12,9.867743492126465,-0.5175146460533142,4.208564281463623,1.2020909455902973
12,9.889388084411621,-0.5177445411682129,4.209048748016357,1.2047556739955907
12,9.911033630371094,-0.5179466605186462,4.209454536437988,1.2073696336923576
12,9.9326810836792,-0.5181203484535217,4.209779739379883,1.2099260135828345
12,9.954329490661621,-0.5182649493217468,4.210023880004883,1.212417932567313
12,9.975979804992676,-0.5183799862861633,4.210185527801514,1.2148393754103828
12,9.99763011932373,-0.5184649229049683,4.210263252258301,1.2171752562499174
12,10.019280433654785,-0.518519401550293,4.210256576538086,1.219421603007051
12,10.04093074798584,-0.518543004989624,4.210165023803711,1.2215765644214547
12,10.062581062316895,-0.5185354948043823,4.209988117218018,1.2236352642113808
12,10.084229469299316,-0.5184966325759888,4.2097249031066895,1.225593284384164
12,10.105877876281738,-0.518426239490509,4.209375381469727,1.2274470291850617
12,10.127523422241211,-0.5183241963386536,4.208939552307129,1.2291937503887547
12,10.149174690246582,-0.5181904435157776,4.208416938781738,1.2308277690225804
12,10.170823097229004,-0.5180250406265259,4.207807540893555,1.232339066923182
12,10.19253921508789,-0.5178271532058716,4.207108974456787,1.233745137111487
12,10.21457576751709,-0.5175938010215759,4.206310749053955,1.2350498555631586
12,10.237513542175293,-0.5173164010047913,4.205385208129883,1.2362814171903482
12,10.26215934753418,-0.516979992389679,4.204284191131592,1.237447879729729
12,10.286800384521484,-0.5166049003601074,4.203075408935547,1.2383838398070028
12,10.313667297363281,-0.5161527395248413,4.201637268066406,1.2392999123571098
12,10.342504501342773,-0.5156189799308777,4.199955940246582,1.2400594705893317
12,10.371332168579102,-0.5150361061096191,4.1981353759765625,1.2405974253169676
12,10.401318550109863,-0.5143794417381287,4.196094989776611,1.2410751161492355
12,10.431737899780273,-0.513662576675415,4.193876266479492,1.2412009593071933
12,10.462145805358887,-0.512896716594696,4.191510200500488,1.2412306024341992
12,10.492639541625977,-0.5120819807052612,4.188993453979492,1.2410122227421791
12,10.523120880126953,-0.5112219452857971,4.186336994171143,1.2404626600488775
12,10.553598403930664,-0.5103192925453186,4.1835455894470215,1.2398553296704842
12,10.584063529968262,-0.5093773007392883,4.180625915527344,1.2389878122158753
12,10.614514350891113,-0.5083985924720764,4.177581310272217,1.2380396291561035
12,10.644951820373535,-0.5073868632316589,4.174419403076172,1.2369901574726494
12,10.675376892089844,-0.506344735622406,4.171143054962158,1.2357518492830233
12,10.705789566040039,-0.5052757859230042,4.167759418487549,1.2344871771965449
12,10.736188888549805,-0.5041833519935608,4.164273738861084,1.2330271659143426
12,10.76657772064209,-0.5030691623687744,4.160691738128662,1.2313850085448257
12,10.796954154968262,-0.5019365549087524,4.157019138336182,1.2297111170580257
12,10.827319145202637,-0.5007882714271545,4.153261661529541,1.2279101331494127
12,10.857674598693848,-0.4996277093887329,4.149423122406006,1.2261138001464449
12,10.888019561767578,-0.49845826625823975,4.145511150360107,1.2242356711447002
12,10.918354988098145,-0.49728259444236755,4.141528129577637,1.2223191365953632
12,10.948681831359863,-0.4961038827896118,4.137481212615967,1.220316164568535
12,10.97900104522705,-0.49492377042770386,4.1333746910095215,1.2181922642234084
12,11.009312629699707,-0.4937451183795929,4.129213333129883,1.2160945380389516
12,11.039617538452148,-0.492571085691452,4.125003337860107,1.2139732003320196
12,11.069916725158691,-0.49140411615371704,4.120748043060303,1.2118444969398259
12,11.100211143493652,-0.4902471899986267,4.116452693939209,1.2097347034469916
12,11.130499839782715,-0.48910239338874817,4.112122535705566,1.2075238974946216
12,11.160784721374512,-0.4879711866378784,4.107760906219482,1.2053124329203448
12,11.19106674194336,-0.48685601353645325,4.103373050689697,1.203109926744856
12,11.221346855163574,-0.485758900642395,4.098961353302002,1.2009136126600704
12,11.251626014709473,-0.4846821129322052,4.09453010559082,1.1987424279218948
12,11.28191089630127,-0.4836272895336151,4.090081691741943,1.1965541601816219
12,11.31219482421875,-0.4825960695743561,4.08561897277832,1.19430499496506
12,11.34250259399414,-0.4815889894962311,4.081141948699951,1.1920638326778943
12,11.372810363769531,-0.48060858249664307,4.076655864715576,1.1898128928136493
12,11.403182983398438,-0.47965437173843384,4.072153568267822,1.1875760533310387
12,11.433692932128906,-0.47872602939605713,4.067625045776367,1.1853273359146235
12,11.464204788208008,-0.4778296649456024,4.0630927085876465,1.1830301603040811
12,11.494964599609375,-0.4769603908061981,4.0585222244262695,1.1806410226019217
12,11.525725364685059,-0.4761262834072113,4.053950786590576,1.178239812821521
12,11.561739921569824,-0.47519248723983765,4.0485968589782715,1.1754173546068247
12,11.626996040344238,-0.4736177623271942,4.038893699645996,1.1704408694246908
12,11.692255973815918,-0.4722020626068115,4.029194355010986,1.165275182643452
12,11.763307571411133,-0.4708486497402191,4.018643379211426,1.1597304678563531
12,11.891722679138184,-0.4688689708709717,3.999619245529175,1.1497153728867564
12,12.020160675048828,-0.4674682915210724,3.9806978702545166,1.1409047095586788
12,12.140706062316895,-0.4666258990764618,3.9631521701812744,1.1333849544295804
12,12.261296272277832,-0.4661911725997925,3.9458940029144287,1.127028659202984
12,12.382277488708496,-0.46609944105148315,3.928962469100952,1.1209310685245244
12,12.503503799438477,-0.4662872552871704,3.912440538406372,1.1157618268509604
12,12.624794960021973,-0.466715544462204,3.8964076042175293,1.111449732158263
12,12.682621955871582,-0.466982901096344,3.888950824737549,1.1096474390987723
13,0.9005382657051086,-0.618071436882019,1.1346001625061035,1.0056742376417214
13,1.0211822986602783,-0.6182113885879517,1.1426137685775757,1.0063196253444062
13,1.1416735649108887,-0.6183634400367737,1.152651309967041,1.0094290630734442
13,1.262995719909668,-0.6185227632522583,1.164858102798462,1.0138805320092816
13,1.3845689296722412,-0.6186853051185608,1.1784234046936035,1.0200272600608795
13,1.4670865535736084,-0.6187959909439087,1.1880786418914795,1.0242125491750014
13,1.5887287855148315,-0.6189601421356201,1.2020663022994995,1.0296973420566893
13,1.6780287027359009,-0.6190816164016724,1.2118698358535767,1.0337446454124375
13,1.7999224662780762,-0.6192533373832703,1.2237213850021362,1.0390996325249948
13,1.9220131635665894,-0.6194360256195068,1.233311414718628,1.0437732945325757
13,2.044322967529297,-0.6196401715278625,1.239571452140808,1.0483524985173824
13,2.1667656898498535,-0.6198752522468567,1.2420464754104614,1.051084192301995
13,2.289222478866577,-0.6201517581939697,1.2403554916381836,1.0539722302956835
13,2.4115633964538574,-0.6204783320426941,1.2347538471221924,1.0560778040489804
13,2.5170953273773193,-0.6208035945892334,1.227007269859314,1.0578313785040685
13,2.6390228271484375,-0.6212295889854431,1.2154783010482788,1.0600568451084782
13,2.76072096824646,-0.6217060089111328,1.2017276287078857,1.0631855725887955
13,2.8822319507598877,-0.6222286224365234,1.1864113807678223,1.0676113979955866
13,3.003586530685425,-0.6227943301200867,1.1698983907699585,1.0742647839787869
13,3.1247949600219727,-0.623401939868927,1.1523478031158447,1.084291223623879
13,3.2458417415618896,-0.6240484118461609,1.1337140798568726,1.097582894815806
13,3.3666880130767822,-0.6247376203536987,1.1138283014297485,1.1186884422028502
13,3.4872753620147705,-0.6254785656929016,1.0924301147460938,1.145558669602297
13,3.607438564300537,-0.6263356804847717,1.0687750577926636,1.1814570534923563
13,3.727055311203003,-0.6273763179779053,1.0425115823745728,1.222595810667445
13,3.845888137817383,-0.6287477016448975,1.012995958328247,1.273533540826326
13,3.9639718532562256,-0.6303711533546448,0.9806244373321533,1.3185207257210811
13,4.081089496612549,-0.6320253014564514,0.9456740021705627,1.3691218483515466
13,4.19681453704834,-0.6331447958946228,0.9098721146583557,1.4095789670929475
13,4.262638092041016,-0.6333531737327576,0.8891850709915161,1.4332357344615152
13,4.375290870666504,-0.6324817538261414,0.8544443249702454,1.4621826927229262
13,4.4350481033325195,-0.6312962770462036,0.8364061117172241,1.4767757019345047
13,4.542013168334961,-0.6280418634414673,0.8049318194389343,1.4799834943907744
13,4.649274826049805,-0.6237367391586304,0.7746142148971558,1.4801367838977644
13,4.749148368835449,-0.6198875308036804,0.7494528889656067,1.4805536540846023
13,4.832046031951904,-0.6172580718994141,0.7328140735626221,1.4917424326219602
13,4.909974098205566,-0.6153401136398315,0.722970724105835,1.5120507985685376
13,5.005043983459473,-0.6132160425186157,0.7189124226570129,1.5574540009153721
13,5.100996494293213,-0.6111359596252441,0.7203904390335083,1.5883886376786436
13,5.148987770080566,-0.6101380586624146,0.7218877077102661,1.5964836802198161
13,5.246916770935059,-0.6082904934883118,0.7237478494644165,1.6034869840454429
13,5.347110748291016,-0.6065549254417419,0.7255303859710693,1.604974253550522
13,5.380216121673584,-0.6060154438018799,0.7265246510505676,1.6036902921655818
13,5.481867790222168,-0.60445237159729,0.7358826398849487,1.5969386803204666
13,5.581506252288818,-0.6035342812538147,0.757807195186615,1.566927011547253
13,5.636330604553223,-0.6035200357437134,0.7771084904670715,1.5391573195679975
13,5.684776306152344,-0.6039814352989197,0.797889769077301,1.5065964455638918
13,5.776844501495361,-0.6060948967933655,0.8467084169387817,1.419516044460209
13,5.867232322692871,-0.6095155477523804,0.8992364406585693,1.3344264189111954
13,5.958263397216797,-0.6140361428260803,0.9500354528427124,1.2469072387320759
13,6.052152156829834,-0.6199417114257812,0.9950557351112366,1.172990288269572
13,6.149548053741455,-0.6276259422302246,1.0315206050872803,1.1176807137105456
13,6.189571380615234,-0.6313149929046631,1.0435171127319336,1.1004252459743933
13,6.289339065551758,-0.6422237157821655,1.0674126148223877,1.059729156997577
13,6.390135765075684,-0.6564275026321411,1.0842411518096924,1.020560364648108
13,6.490820407867432,-0.6750665307044983,1.0947742462158203,0.9868581335451871
13,6.529860496520996,-0.6839795708656311,1.097196340560913,0.9786199015786304
13,6.626072406768799,-0.7106149792671204,1.0993610620498657,0.974461124972347
13,6.6741533279418945,-0.7270947694778442,1.0983902215957642,0.9804733151882492
13,6.698808670043945,-0.7364093065261841,1.097372055053711,0.9905940926718582
13,6.722654342651367,-0.7459428310394287,1.0960793495178223,1.0040790667315695
13,6.7461442947387695,-0.7558244466781616,1.0945570468902588,1.0211732419035835
13,6.7693963050842285,-0.7660551071166992,1.0928494930267334,1.0410691933181182
13,6.792412281036377,-0.7765689492225647,1.0910195112228394,1.063405018814504
13,6.815290927886963,-0.7873521447181702,1.0891059637069702,1.0873796277708325
13,6.8380208015441895,-0.7983111143112183,1.087158441543579,1.112559397491016
13,6.860895156860352,-0.8094750642776489,1.0852056741714478,1.1368250045228947
13,6.884105682373047,-0.8208385109901428,1.0832619667053223,1.1612482722517659
13,6.907339572906494,-0.8321691751480103,1.0814038515090942,1.18529666642872
13,6.930631637573242,-0.8434278964996338,1.0796377658843994,1.2086789580302693
13,6.953951835632324,-0.8545321226119995,1.0780136585235596,1.2308480361842904
13,6.97737455368042,-0.8654685616493225,1.0765293836593628,1.251529333438738
13,7.00087308883667,-0.8761726021766663,1.0752191543579102,1.2706695288710375
13,7.024499893188477,-0.8866344690322876,1.0740824937820435,1.2879943012314101
13,7.048215389251709,-0.8968039155006409,1.0731300115585327,1.3035360431104446
13,7.072065353393555,-0.9066721200942993,1.0723756551742554,1.3170351826208075
13,7.096053123474121,-0.9162284135818481,1.0718042850494385,1.3286302266859529
13,7.120131492614746,-0.9254330992698669,1.0714304447174072,1.3380902025338082
13,7.144344329833984,-0.9342962503433228,1.0712445974349976,1.3457712055412112
13,7.16863489151001,-0.9427928924560547,1.0712379217147827,1.351456780340271
13,7.192994594573975,-0.9509162902832031,1.0714125633239746,1.3551302146070703
13,7.217487335205078,-0.9586923718452454,1.0717532634735107,1.357050592758465
13,7.242032051086426,-0.9661006331443787,1.07224702835083,1.3571332895091366
13,7.266617774963379,-0.9731459021568298,1.0728882551193237,1.3554117610073533
13,7.291234493255615,-0.9798372983932495,1.0736652612686157,1.3519388282046687
13,7.3159356117248535,-0.9862043261528015,1.0745618343353271,1.346776650501519
13,7.340651035308838,-0.9922440648078918,1.0755659341812134,1.3399836746458256
13,7.36536979675293,-0.9979735016822815,1.0766690969467163,1.3316066608634838
13,7.390084266662598,-1.0034092664718628,1.07786226272583,1.321992216534951
13,7.414853572845459,-1.0085763931274414,1.0791369676589966,1.3099618196767104
13,7.43967342376709,-1.0134758949279785,1.0804835557937622,1.2975648413404177
13,7.4644775390625,-1.0181007385253906,1.0818737745285034,1.2858630155530046
13,7.489258766174316,-1.0224924087524414,1.0832304954528809,1.271531783140805
13,7.514036178588867,-1.0266700983047485,1.0843396186828613,1.2451071620536471
13,7.538902759552002,-1.030394196510315,1.0847405195236206,1.204334488922275
13,7.563887119293213,-1.0330803394317627,1.083906650543213,1.1695018700062219
13,7.58554744720459,-1.034225344657898,1.0821954011917114,1.1587742709998101
13,7.59854793548584,-1.0345208644866943,1.0809988975524902,1.1577833599537495
13,7.6233744621276855,-1.03500497341156,1.0792365074157715,1.1663041114313382
13,7.648177623748779,-1.0359114408493042,1.0789437294006348,1.1857824453381998
13,7.671850204467773,-1.0372313261032104,1.0800937414169312,1.2056136273346678
13,7.696404457092285,-1.0388129949569702,1.0821233987808228,1.2125107525653336
13,7.721190452575684,-1.0404126644134521,1.0844227075576782,1.2097741267040991
13,7.745980739593506,-1.041932463645935,1.0867295265197754,1.2040750245933125
13,7.769963264465332,-1.04330313205719,1.0889065265655518,1.1968200483940639
13,7.794328212738037,-1.0446032285690308,1.091041922569275,1.1890580460055895
13,7.819062232971191,-1.045852780342102,1.0931150913238525,1.1808667539594542
13,7.843062400817871,-1.0470167398452759,1.0950069427490234,1.172133375056146
13,7.86769437789917,-1.0481637716293335,1.0967720746994019,1.1620183366379278
13,7.8924031257629395,-1.0492360591888428,1.0982757806777954,1.1503475863559947
13,7.917083740234375,-1.0501433610916138,1.0993882417678833,1.1369174901750396
13,7.941811561584473,-1.0507293939590454,1.0999705791473389,1.122258853697854
13,7.966500282287598,-1.0508053302764893,1.0999438762664795,1.1089106659557966
13,7.991126537322998,-1.0503065586090088,1.099425196647644,1.0998822232075463
13,8.016134262084961,-1.0493837594985962,1.098688006401062,1.0952931392989431
13,8.041061401367188,-1.04830801486969,1.0980048179626465,1.0935130569519398
13,8.0654878616333,-1.0472687482833862,1.0975759029388428,1.0938983488597651
13,8.089871406555176,-1.0463529825210571,1.0975688695907593,1.096879181017924
13,8.114262580871582,-1.045639157295227,1.0980911254882812,1.1015218173857655
13,8.138557434082031,-1.0451468229293823,1.0990917682647705,1.105260052938271
13,8.162768363952637,-1.044822096824646,1.1003977060317993,1.106499661964922
13,8.18716049194336,-1.0445876121520996,1.1018438339233398,1.1057539118474962
13,8.211503028869629,-1.0443921089172363,1.1033004522323608,1.1039214625714568
13,8.235799789428711,-1.0442034006118774,1.104690670967102,1.101076525279398
13,8.260053634643555,-1.04399573802948,1.1059359312057495,1.096922639081987
13,8.284269332885742,-1.0437275171279907,1.1069438457489014,1.0913547696891923
13,8.308445930480957,-1.0433332920074463,1.1076171398162842,1.0845409031050746
13,8.332576751708984,-1.0427318811416626,1.1078767776489258,1.0771610551312873
13,8.356651306152344,-1.041859745979309,1.1077136993408203,1.0705297933580187
13,8.380661010742188,-1.0407205820083618,1.1072335243225098,1.0657854280027041
13,8.404607772827148,-1.0393966436386108,1.1066179275512695,1.0630031246222509
13,8.428781509399414,-1.0379765033721924,1.1060103178024292,1.0613865985891513
13,8.452980041503906,-1.0365420579910278,1.10550856590271,1.0605280620597664
13,8.476890563964844,-1.0351617336273193,1.1051952838897705,1.060715201209495
13,8.500754356384277,-1.0338695049285889,1.1051316261291504,1.0620437709299222
13,8.52457046508789,-1.0326980352401733,1.1053465604782104,1.0640604809578806
13,8.54827880859375,-1.0316460132598877,1.1058071851730347,1.065883017480053
13,8.571929931640625,-1.0306763648986816,1.1064351797103882,1.0670300152417012
13,8.5955228805542,-1.029751181602478,1.1071455478668213,1.0675084216162791
13,8.619123458862305,-1.028836727142334,1.1078730821609497,1.0674223775084108
13,8.64266300201416,-1.0279117822647095,1.108564019203186,1.0668162285154184
13,8.666139602661133,-1.0269534587860107,1.1091628074645996,1.0654962883684176
13,8.689552307128906,-1.0259333848953247,1.1096043586730957,1.0632723786634932
13,8.712897300720215,-1.024816870689392,1.1098294258117676,1.0602562188659055
13,8.736112594604492,-1.0235795974731445,1.1098231077194214,1.0570001591462803
13,8.759252548217773,-1.0222152471542358,1.1096371412277222,1.0542627466382797
13,8.782273292541504,-1.020751714706421,1.1093649864196777,1.0522370185373506
13,8.805265426635742,-1.0192221403121948,1.109084963798523,1.050783221921912
13,8.828890800476074,-1.0176173448562622,1.1088398694992065,1.0497570427194776
13,8.852497100830078,-1.0160064697265625,1.108675479888916,1.0492166753292969
13,8.87551212310791,-1.0144472122192383,1.1086198091506958,1.0491928680341327
13,8.898502349853516,-1.012912631034851,1.1086829900741577,1.0495870847228803
13,8.921466827392578,-1.011406421661377,1.1088652610778809,1.0502588776358621
13,8.944375991821289,-1.0099271535873413,1.1091527938842773,1.0510179771165677
13,8.967257499694824,-1.0084632635116577,1.109520673751831,1.051700031508485
13,8.99010944366455,-1.0070011615753174,1.1099367141723633,1.0521701321343546
13,9.012931823730469,-1.0055291652679443,1.1103683710098267,1.0523818161104472
13,9.035724639892578,-1.0040360689163208,1.1107895374298096,1.0523481814746254
13,9.05848503112793,-1.0025079250335693,1.1111817359924316,1.0519799710011786
13,9.081183433532715,-1.0009342432022095,1.1115323305130005,1.0512764104520884
13,9.103816032409668,-0.9993059039115906,1.1118388175964355,1.0503236091945534
13,9.126374244689941,-0.99761962890625,1.1121089458465576,1.0492226565197311
13,9.148900032043457,-0.9958729147911072,1.112358808517456,1.0480763099316335
13,9.171391487121582,-0.9940714240074158,1.1126090288162231,1.0469850676493404
13,9.19385051727295,-0.9922249913215637,1.1128814220428467,1.0460212093627348
13,9.216276168823242,-0.9903445243835449,1.1131947040557861,1.0452404920478606
13,9.238636016845703,-0.9884423613548279,1.1135636568069458,1.0446552665935285
13,9.260960578918457,-0.986523449420929,1.1140000820159912,1.0442625652910777
13,9.283249855041504,-0.9845931529998779,1.1145108938217163,1.04403894981194
13,9.305501937866211,-0.9826546311378479,1.1150987148284912,1.0439391486707283
13,9.327716827392578,-0.980708658695221,1.1157618761062622,1.0439020263740306
13,9.349893569946289,-0.9787539839744568,1.116495132446289,1.043859122803315
13,9.372031211853027,-0.9767878651618958,1.1172913312911987,1.0437425299157654
13,9.394128799438477,-0.9748066067695618,1.1181423664093018,1.0434942811285506
13,9.416167259216309,-0.9728083610534668,1.1190407276153564,1.0430816356580332
13,9.438164710998535,-0.9707884788513184,1.119982361793518,1.042475426799758
13,9.460122108459473,-0.968744695186615,1.120965600013733,1.0416718781821506
13,9.482038497924805,-0.9666756987571716,1.1219913959503174,1.040679574513273
13,9.503911972045898,-0.9645811915397644,1.123063564300537,1.0395154399457815
13,9.525742530822754,-0.9624620079994202,1.1241871118545532,1.0382021159423616
13,9.547528266906738,-0.9603198766708374,1.1253684759140015,1.036763896369533
13,9.569271087646484,-0.9581573605537415,1.1266146898269653,1.0352241780864035
13,9.590968132019043,-0.9559774994850159,1.1279323101043701,1.0336023076804415
13,9.612619400024414,-0.9537834525108337,1.1293270587921143,1.031911387145781
13,9.634225845336914,-0.9515781402587891,1.1308034658432007,1.0301564491648603
13,9.655786514282227,-0.9493640661239624,1.1323648691177368,1.028338975314233
13,9.6773042678833,-0.9471428990364075,1.1340128183364868,1.026455036115426
13,9.698785781860352,-0.9449152946472168,1.1357476711273193,1.0244731830153202
13,9.720259666442871,-0.9426787495613098,1.1375705003738403,1.022352436826438
13,9.74170970916748,-0.9404347538948059,1.1394777297973633,1.020081066628373
13,9.763150215148926,-0.9381811618804932,1.1414673328399658,1.0176522766098275
13,9.784582138061523,-0.9359164237976074,1.1435359716415405,1.015038369688013
13,9.806005477905273,-0.9336398243904114,1.1456801891326904,1.0122208108892234
13,9.827420234680176,-0.9313508868217468,1.1478973627090454,1.009191874275827
13,9.84882640838623,-0.9290491342544556,1.1501853466033936,1.0059393619684525
13,9.870223999023438,-0.9267345070838928,1.1525427103042603,1.002458988992643
13,9.89161205291748,-0.9244071841239929,1.1549688577651978,0.9987860203120961
13,9.91299057006836,-0.9220678210258484,1.1574634313583374,0.9949376854068062
13,9.93436050415039,-0.9197168946266174,1.1600263118743896,0.9909124042129093
13,9.955719947814941,-0.9173551201820374,1.1626572608947754,0.9867185611003291
13,9.977070808410645,-0.9149830937385559,1.1653558015823364,0.9823657390574955
13,9.998411178588867,-0.9126006364822388,1.168121099472046,0.9778629041818363
13,10.019742012023926,-0.9102076888084412,1.1709518432617188,0.9731970483827199
13,10.04106330871582,-0.9078043699264526,1.1738461256027222,0.9683806969363395
13,10.06237506866455,-0.9053903818130493,1.1768014430999756,0.9634149145723456
13,10.083677291870117,-0.902965247631073,1.1798145771026611,0.9583015220775268
13,10.104970932006836,-0.900528073310852,1.1828824281692505,0.9530425375705711
13,10.12625503540039,-0.8980779051780701,1.1860013008117676,0.9476544867345222
13,10.147538185119629,-0.8956125974655151,1.1891685724258423,0.9421164803237554
13,10.168811798095703,-0.8931311964988708,1.1923800706863403,0.9364208838344483
13,10.190146446228027,-0.8906232118606567,1.1956435441970825,0.9305488741237963
13,10.211791038513184,-0.888056755065918,1.1989941596984863,0.9244529936680767
13,10.2343168258667,-0.8853598237037659,1.2025200128555298,0.9179942305096704
13,10.258513450622559,-0.8824297189712524,1.2063467502593994,0.9109777344586588
13,10.28270149230957,-0.8794636130332947,1.2102086544036865,0.9039058017184065
13,10.309070587158203,-0.8761827349662781,1.2144542932510376,0.8961107001210291
13,10.33736801147461,-0.8725997805595398,1.2190446853637695,0.8876745022756056
13,10.365653038024902,-0.8689476251602173,1.2236621379852295,0.8791467105899516
13,10.395071983337402,-0.8650625348091125,1.2284842729568481,0.8701787322799933
13,10.42447566986084,-0.8610815405845642,1.2333160638809204,0.8611477741371817
13,10.454300880432129,-0.8569300770759583,1.2382175922393799,0.8519162643167076
13,10.484207153320312,-0.8526366949081421,1.243121862411499,0.8426503440502744
13,10.514097213745117,-0.848200798034668,1.2480039596557617,0.8334058171703479
13,10.543977737426758,-0.8436035513877869,1.2528530359268188,0.8242296274996802
13,10.573838233947754,-0.8388330936431885,1.2576591968536377,0.81517138472918
13,10.603675842285156,-0.8338727951049805,1.2624127864837646,0.8061739383414626
13,10.633487701416016,-0.8287078142166138,1.267106294631958,0.7973438665631247
13,10.6632719039917,-0.8233245015144348,1.2717338800430298,0.7886362953978108
13,10.693024635314941,-0.8177106380462646,1.2762906551361084,0.7801223637205061
13,10.722742080688477,-0.8118571639060974,1.280773401260376,0.7717714319482702
13,10.752421379089355,-0.8057543635368347,1.285180926322937,0.763542673196525
13,10.78205680847168,-0.7993952631950378,1.2895143032073975,0.7554630969179528
13,10.811646461486816,-0.7927746176719666,1.2937748432159424,0.7475327701186921
13,10.841184616088867,-0.7858895659446716,1.2979681491851807,0.7396915899459147
13,10.870667457580566,-0.7787352204322815,1.302098035812378,0.731873865896825
13,10.900091171264648,-0.7713102698326111,1.3061729669570923,0.7241843205716771
13,10.929451942443848,-0.7636141777038574,1.3102011680603027,0.7164270010015549
13,10.958744049072266,-0.7556441426277161,1.3141909837722778,0.7087088355446703
13,10.987963676452637,-0.7473979592323303,1.3181540966033936,0.7008844448707782
13,11.017106056213379,-0.738872766494751,1.3220990896224976,0.6930150369885855
13,11.046164512634277,-0.7300660610198975,1.3260388374328613,0.6851279403816914
13,11.07513427734375,-0.7209703326225281,1.3299815654754639,0.6770226744090829
13,11.104007720947266,-0.7115824222564697,1.3339381217956543,0.6690367724169912
13,11.132780075073242,-0.7018951773643494,1.337916612625122,0.6607870025229663
13,11.161441802978516,-0.6918994188308716,1.3419232368469238,0.6526091983946906
13,11.189990043640137,-0.6815938353538513,1.3459625244140625,0.6443282415716891
13,11.218416213989258,-0.670968770980835,1.350034475326538,0.6360136502852922
13,11.246719360351562,-0.6600283980369568,1.3541350364685059,0.6279170146849603
13,11.274896621704102,-0.6487722396850586,1.3582544326782227,0.6196846846154276
13,11.302956581115723,-0.6372077465057373,1.362379789352417,0.6118629699259822
13,11.330924034118652,-0.6253513097763062,1.3664865493774414,0.6039131238033646
13,11.358786582946777,-0.6132354736328125,1.370545744895935,0.5963346744366388
13,11.386632919311523,-0.6008885502815247,1.374517798423767,0.5888232689657047
13,11.414420127868652,-0.5883677005767822,1.3783618211746216,0.5816874598033337
13,11.4423189163208,-0.575699508190155,1.3820289373397827,0.574721804059992
13,11.470229148864746,-0.5629900097846985,1.3854572772979736,0.5678165560951024
13,11.49843978881836,-0.5502544641494751,1.3885780572891235,0.5609850680746393
13,11.526752471923828,-0.5376605987548828,1.3913313150405884,0.5546176770566955
13,11.560076713562012,-0.523213267326355,1.3940343856811523,0.5473566869898272
13,11.621139526367188,-0.49844565987586975,1.3975266218185425,0.5345154112849275
13,11.666523933410645,-0.48179110884666443,1.398971438407898,0.5243872551242369
13,11.735006332397461,-0.4601421058177948,1.4000884294509888,0.5049531318802462
13,11.804726600646973,-0.44287818670272827,1.4006518125534058,0.4843700593923875
13,11.933329582214355,-0.4264051914215088,1.4034912586212158,0.45039673671173225
13,12.062727928161621,-0.4334242045879364,1.4066081047058105,0.4419485553305343
13,12.180891990661621,-0.4622448980808258,1.4041244983673096,0.46209917473871165
13,12.294388771057129,-0.5051440000534058,1.390742301940918,0.5086900737170734
13,12.402750968933105,-0.5559566617012024,1.3665560483932495,0.5540107136391602
13,12.43808650970459,-0.5739486813545227,1.3563776016235352,0.5646504171287243
14,0.8065746426582336,0.24190199375152588,2.223710060119629,1.003520573457727
14,0.9252505302429199,0.24192479252815247,2.2288498878479004,1.0054233657187845
14,1.0460022687911987,0.24195250868797302,2.235039710998535,1.0079003784011142
14,1.1667131185531616,0.24198666214942932,2.2419848442077637,1.0119787338393846
14,1.2873955965042114,0.24202893674373627,2.2494068145751953,1.0163569701936706
14,1.409491777420044,0.24207977950572968,2.2569329738616943,1.0212837207324292
14,1.5316053628921509,0.2421385645866394,2.264171600341797,1.0262278803739222
14,1.6538782119750977,0.24220508337020874,2.270639419555664,1.031185050117546
14,1.776233434677124,0.24227948486804962,2.2759220600128174,1.035681143649873
14,1.8703258037567139,0.24234217405319214,2.2789459228515625,1.0389695532514092
14,1.9927783012390137,0.24243098497390747,2.2811551094055176,1.0422312981948658
14,2.115250587463379,0.242528036236763,2.2812232971191406,1.0444728185443202
14,2.2377021312713623,0.2426333874464035,2.2789547443389893,1.0459555200263824
14,2.3600900173187256,0.24274708330631256,2.2743983268737793,1.045063482765207
14,2.4823782444000244,0.24286922812461853,2.2676734924316406,1.043507570037659
14,2.6045525074005127,0.24300014972686768,2.259119749069214,1.0401243899722243
14,2.7266037464141846,0.24314017593860626,2.248953342437744,1.0356238918365708
14,2.848544120788574,0.24329006671905518,2.2375364303588867,1.0304817517725626
14,2.970378875732422,0.24345065653324127,2.2250404357910156,1.0238752056919846
14,3.092115640640259,0.24362295866012573,2.2116198539733887,1.016832410344549
14,3.2137579917907715,0.2438092976808548,2.1973717212677,1.0088466037104986
14,3.33530330657959,0.24401156604290009,2.182316303253174,0.9995396032231463
14,3.456749200820923,0.24423375725746155,2.1664795875549316,0.9894880738790741
14,3.5780889987945557,0.24448102712631226,2.149851083755493,0.9767343119930035
14,3.699313163757324,0.2447591871023178,2.132399320602417,0.9621789712576658
14,3.820391893386841,0.24508190155029297,2.1140997409820557,0.9446761492708822
14,3.9413318634033203,0.2454652041196823,2.0949044227600098,0.9225226121718768
14,4.061922073364258,0.24594047665596008,2.074923515319824,0.8974321559047211
14,4.181351661682129,0.24654889106750488,2.0546319484710693,0.8677792764547613
14,4.264350414276123,0.24707718193531036,2.0403952598571777,0.8462223065409855
14,4.380637168884277,0.24801728129386902,2.0210113525390625,0.8159362697584368
14,4.449469089508057,0.24870365858078003,2.0100631713867188,0.7979829450810879
14,4.559881210327148,0.25006210803985596,1.9942253828048706,0.7714109467772449
14,4.670658111572266,0.25179168581962585,1.9812419414520264,0.7479993496395532
14,4.7733659744262695,0.2537520229816437,1.9728124141693115,0.7304976870513833
14,4.868433952331543,0.2558553218841553,1.9687153100967407,0.7206694587482856
14,4.963583469390869,0.258195698261261,1.968528151512146,0.7173416917132212
14,5.053471088409424,0.2605615556240082,1.9720135927200317,0.719924290474114
14,5.140741348266602,0.2629474401473999,1.978621482849121,0.7273759035123292
14,5.226974010467529,0.26535454392433167,1.987945318222046,0.7388284254568434
14,5.312791347503662,0.2677777111530304,1.999576210975647,0.7534183393303412
14,5.400331497192383,0.2702708840370178,2.0133373737335205,0.7703822282429066
14,5.487648963928223,0.27278611063957214,2.0284512042999268,0.7877959375706071
14,5.578685283660889,0.2754587233066559,2.0452075004577637,0.8048208070767996
14,5.669604778289795,0.278218150138855,2.062575101852417,0.819921743703622
14,5.7672882080078125,0.28135696053504944,2.081730842590332,0.8336143075226597
14,5.867615699768066,0.2848649322986603,2.1018288135528564,0.8435151709039828
14,5.967851638793945,0.28874775767326355,2.1223106384277344,0.850441000453197
14,6.070067405700684,0.2931855022907257,2.143648147583008,0.8551555421217242
14,6.173483848571777,0.2982288897037506,2.165774345397949,0.8579288417326763
14,6.27722692489624,0.30392366647720337,2.1886355876922607,0.8584615489254244
14,6.380758762359619,0.31032583117485046,2.212254762649536,0.8581518864072842
14,6.482503414154053,0.31743741035461426,2.2364249229431152,0.8570716516114628
14,6.582635879516602,0.3253152370452881,2.261329412460327,0.8553983935347916
14,6.682374000549316,0.33412665128707886,2.2874715328216553,0.8527350594781933
14,6.781632423400879,0.34390515089035034,2.315053701400757,0.8498021804990484
14,6.836744785308838,0.34986162185668945,2.331173896789551,0.8477297275261751
14,6.860645294189453,0.3525599241256714,2.338352680206299,0.8471785067126101
14,6.884340286254883,0.3553053140640259,2.3455896377563477,0.8467352537102789
14,6.907773971557617,0.3580903708934784,2.3528714179992676,0.846374735380154
14,6.93112850189209,0.3609369695186615,2.360255002975464,0.8460865244709839
14,6.954335689544678,0.36383676528930664,2.3677215576171875,0.8459231886977002
14,6.977358341217041,0.36678504943847656,2.3752639293670654,0.8459156533667795
14,7.000232219696045,0.3697856366634369,2.382890462875366,0.8460545667240207
14,7.022817611694336,0.3728198707103729,2.3905553817749023,0.8463612352826947
14,7.045352458953857,0.3759186267852783,2.398341655731201,0.8468714148323605
14,7.067843437194824,0.3790823519229889,2.406250238418579,0.8475734247842265
14,7.090199947357178,0.3822971284389496,2.4142489433288574,0.8485208531209596
14,7.112323760986328,0.38554689288139343,2.4223015308380127,0.849676863329511
14,7.13447380065918,0.38887014985084534,2.430497407913208,0.8510540134550242
14,7.156274318695068,0.3922083377838135,2.4386937618255615,0.8527143320201476
14,7.178028106689453,0.39560604095458984,2.4469985961914062,0.8545365085984803
14,7.199635982513428,0.399049311876297,2.455367088317871,0.8566208725563066
14,7.221042633056641,0.4025261700153351,2.463771104812622,0.8589909433004096
14,7.242593288421631,0.4060920476913452,2.472336769104004,0.861401438953807
14,7.264085292816162,0.40971407294273376,2.4809744358062744,0.8640637493253879
14,7.285433769226074,0.4133773148059845,2.4896392822265625,0.8667439177705148
14,7.306609153747559,0.41707831621170044,2.498303174972534,0.8694472276930516
14,7.3276753425598145,0.4208260774612427,2.5069756507873535,0.8722055083206658
14,7.348649978637695,0.4246250092983246,2.5156466960906982,0.8744655405284277
14,7.369542598724365,0.4284761846065521,2.524301767349243,0.8766453606752478
14,7.390531539916992,0.4324111044406891,2.532996416091919,0.878453018814726
14,7.411393642425537,0.43639203906059265,2.541618585586548,0.8798653662639316
14,7.432206630706787,0.4404335618019104,2.550182580947876,0.8809224273208606
14,7.4531145095825195,0.44456765055656433,2.5587289333343506,0.8807129902826262
14,7.473980903625488,0.4487716555595398,2.567183494567871,0.8801358442431381
14,7.494816780090332,0.45305028557777405,2.575531482696533,0.878653652246096
14,7.5157084465026855,0.4574272036552429,2.58378529548645,0.8762268706168738
14,7.536581993103027,0.4618934094905853,2.591897964477539,0.8733387080562196
14,7.557485580444336,0.4664681553840637,2.5998709201812744,0.8682660435477162
14,7.578380107879639,0.47115299105644226,2.6076714992523193,0.8625244662764937
14,7.599253177642822,0.4759552478790283,2.615281581878662,0.8560576566401578
14,7.620359420776367,0.4809468984603882,2.6227684020996094,0.8478343385438801
14,7.641489505767822,0.486092746257782,2.630035400390625,0.8391367068258963
14,7.662629127502441,0.4914018511772156,2.6370601654052734,0.8294536367953382
14,7.683806419372559,0.49688994884490967,2.643819808959961,0.8179118693611317
14,7.705026626586914,0.5025641322135925,2.650285005569458,0.805165215547129
14,7.726444244384766,0.508469820022583,2.6564600467681885,0.7910907548086447
14,7.7480950355529785,0.5146094560623169,2.6622960567474365,0.7747383307702594
14,7.769733905792236,0.5208878517150879,2.6676790714263916,0.7565388601483496
14,7.791302680969238,0.5272389650344849,2.6725564002990723,0.736006382942618
14,7.81326150894165,0.5337108969688416,2.676974058151245,0.7114832676841799
14,7.835484027862549,0.5401273965835571,2.680799722671509,0.6822803488698719
14,7.857851028442383,0.5462918281555176,2.6839027404785156,0.649350555685646
14,7.880390644073486,0.5520538687705994,2.686169147491455,0.6134189058694847
14,7.903244972229004,0.557330310344696,2.6874871253967285,0.5765490608476029
14,7.9262285232543945,0.5620618462562561,2.687779664993286,0.5416970661558713
14,7.949110984802246,0.5662883520126343,2.68703556060791,0.5099914671556514
14,7.972414016723633,0.5702593922615051,2.6852831840515137,0.4820939290972205
14,7.995630741119385,0.5740259885787964,2.6825997829437256,0.45692161038189033
14,8.018722534179688,0.5776780843734741,2.6790623664855957,0.43410898256649005
14,8.04155445098877,0.5812324285507202,2.674764394760132,0.4130501191164261
14,8.064653396606445,0.5847563743591309,2.6696982383728027,0.3935053939127793
14,8.087594985961914,0.5881379842758179,2.6640264987945557,0.37481523803491945
14,8.110393524169922,0.5913180708885193,2.6578288078308105,0.3569922935762188
14,8.133066177368164,0.594237744808197,2.6511905193328857,0.34004719505742736
14,8.155521392822266,0.5968308448791504,2.6442673206329346,0.3241220803278004
14,8.177909851074219,0.5990766286849976,2.6371233463287354,0.30916765191979273
14,8.200255393981934,0.6009472608566284,2.629852294921875,0.29525798085043103
14,8.22269058227539,0.6024263501167297,2.622511863708496,0.2823301534215643
14,8.245245933532715,0.6034918427467346,2.6152215003967285,0.2704468122290202
14,8.267830848693848,0.6041222214698792,2.608119487762451,0.2596156124140548
14,8.290459632873535,0.6043040752410889,2.601274013519287,0.24982703500406117
14,8.313132286071777,0.6040234565734863,2.5947394371032715,0.2410225372854246
14,8.335844993591309,0.6032654643058777,2.588561773300171,0.2330560916840062
14,8.358488082885742,0.6020210385322571,2.5828113555908203,0.22586005985206994
14,8.381145477294922,0.6002675890922546,2.5774619579315186,0.21927378404130046
14,8.403788566589355,0.5979785919189453,2.5725035667419434,0.2131949512684644
14,8.426300048828125,0.5951312780380249,2.5679397583007812,0.20745734801407176
14,8.448738098144531,0.5916755795478821,2.5637364387512207,0.20190085049597706
14,8.471067428588867,0.5875591039657593,2.5598886013031006,0.19640563264926755
14,8.49316120147705,0.5827360153198242,2.5564255714416504,0.19086718995461002
14,8.515057563781738,0.57711261510849,2.553363800048828,0.18540092763712762
14,8.536694526672363,0.5705949068069458,2.5507593154907227,0.18021561626747526
14,8.557848930358887,0.5631237626075745,2.5487220287323,0.17551682863988663
14,8.578563690185547,0.5545627474784851,2.547356128692627,0.1714989031166338
14,8.598712921142578,0.5448344945907593,2.546811580657959,0.16869760130967004
14,8.618083000183105,0.5339397192001343,2.547259569168091,0.16754614602826998
14,8.636602401733398,0.5218856930732727,2.5488381385803223,0.16825886741490723
14,8.654095649719238,0.5088370442390442,2.5516316890716553,0.17119928709324597
14,8.67056941986084,0.49492380023002625,2.555663585662842,0.17604326392881128
14,8.686077117919922,0.48032262921333313,2.560924530029297,0.18277748138786204
14,8.700655937194824,0.4652588367462158,2.5673229694366455,0.19070167420783843
14,8.714356422424316,0.44996577501296997,2.574693202972412,0.1992453783819531
14,8.727291107177734,0.4345688819885254,2.5828909873962402,0.20806893364427528
14,8.739666938781738,0.41907402873039246,2.5918872356414795,0.21706669009881538
14,8.751506805419922,0.40364301204681396,2.6015079021453857,0.22565275150933986
14,8.762914657592773,0.388272225856781,2.611687660217285,0.23373884779106227
14,8.773974418640137,0.37300905585289,2.6223676204681396,0.24148034127691154
14,8.78470230102539,0.3578920364379883,2.633434534072876,0.24824440428369376
14,8.795211791992188,0.342850923538208,2.6449227333068848,0.2545371939324564
14,8.805464744567871,0.32798072695732117,2.6566944122314453,0.2601322105192428
14,8.815524101257324,0.3132176101207733,2.668764114379883,0.2647663091222691
14,8.82540512084961,0.29856446385383606,2.6810905933380127,0.26904376065707375
14,8.835083961486816,0.2840484082698822,2.6935949325561523,0.27208295876381633
14,8.844634056091309,0.26956358551979065,2.7063539028167725,0.27469442875615463
14,8.853985786437988,0.25518059730529785,2.719240188598633,0.27650021061440927
14,8.863190650939941,0.24080628156661987,2.7323362827301025,0.277450081044813
14,8.872183799743652,0.2264896035194397,2.7455358505249023,0.278045319294802
14,8.88099193572998,0.21214072406291962,2.7589151859283447,0.2774234529628458
14,8.889543533325195,0.19782033562660217,2.7723798751831055,0.276709038287609
14,8.8978271484375,0.1834692806005478,2.7859818935394287,0.27517229275137434
14,8.90581226348877,0.16907969117164612,2.799711227416992,0.2730857419494519
14,8.913793563842773,0.15393513441085815,2.814162254333496,0.2699311960561598
14,8.921361923217773,0.13867317140102386,2.828711748123169,0.2668237746193855
14,8.928479194641113,0.12324080616235733,2.8434057235717773,0.26330905737617455
14,8.93483829498291,0.10827095061540604,2.857616662979126,0.26016289166830686
14,8.940776824951172,0.09291945397853851,2.8721096515655518,0.2564092183224383
14,8.946173667907715,0.07736218720674515,2.8866400718688965,0.25296672330188846
14,8.951027870178223,0.06153709813952446,2.9012420177459717,0.2490897370537621
14,8.955301284790039,0.04549349471926689,2.9157776832580566,0.24564829193966506
14,8.958980560302734,0.02931094355881214,2.9301767349243164,0.24235844091362907
14,8.962030410766602,0.013293956406414509,2.9441099166870117,0.23902411322797867
14,8.964569091796875,-0.0030421370174735785,2.957958698272705,0.23594410981810704
14,8.966605186462402,-0.019628241658210754,2.9716501235961914,0.2330757626544123
14,8.968154907226562,-0.03642755001783371,2.985135555267334,0.2302927539838152
14,8.969246864318848,-0.05339067801833153,2.998356819152832,0.2276939821553671
14,8.9699125289917,-0.07058586925268173,3.0113677978515625,0.22524528388613121
14,8.97018051147461,-0.0880035012960434,3.024160623550415,0.22295612814351073
14,8.970080375671387,-0.10562926530838013,3.036731243133545,0.22081226985029537
14,8.969648361206055,-0.12347711622714996,3.049102783203125,0.21878304050514424
14,8.968913078308105,-0.1414792686700821,3.06123423576355,0.21687000814328297
14,8.967917442321777,-0.15966272354125977,3.0731608867645264,0.2150198425125036
14,8.966696739196777,-0.1780061274766922,3.084876775741577,0.2132947004561617
14,8.965299606323242,-0.19651919603347778,3.0964009761810303,0.2115486833935175
14,8.963768005371094,-0.21515683829784393,3.1077053546905518,0.20995296415325948
14,8.962152481079102,-0.2339419275522232,3.1188063621520996,0.2082518206953943
14,8.9605073928833,-0.25288712978363037,3.129711389541626,0.20665920261295945
14,8.95888900756836,-0.2719869613647461,3.1403965950012207,0.20504025901800432
14,8.95737075805664,-0.2912294566631317,3.1508564949035645,0.20341170132067188
14,8.956013679504395,-0.31063804030418396,3.1610727310180664,0.2019151868501541
14,8.954909324645996,-0.3302169740200043,3.171036958694458,0.20034787374650706
14,8.954155921936035,-0.3499649465084076,3.1807312965393066,0.19902376955940324
14,8.95383071899414,-0.36987289786338806,3.190117120742798,0.19784378327102858
14,8.954071998596191,-0.38992854952812195,3.1992027759552,0.19690906704053676
14,8.954981803894043,-0.41012105345726013,3.2079615592956543,0.1964439370737393
14,8.95665454864502,-0.43042564392089844,3.216362476348877,0.19649605348074184
14,8.95923900604248,-0.4507668912410736,3.224405527114868,0.19718683542183646
14,8.962822914123535,-0.4711016118526459,3.2320778369903564,0.19859714382612179
14,8.967452049255371,-0.4913150668144226,3.239344358444214,0.2008519645826718
14,8.973200798034668,-0.5113443732261658,3.2462196350097656,0.20406005925248258
14,8.9801025390625,-0.5311283469200134,3.252713680267334,0.20817680844172293
14,8.988118171691895,-0.5505385398864746,3.2588114738464355,0.21318343860932307
14,8.997215270996094,-0.5695666670799255,3.2645368576049805,0.21897567820415148
14,9.00735092163086,-0.5881679654121399,3.2699103355407715,0.2256743429733896
14,9.018424987792969,-0.6061832904815674,3.274930715560913,0.23296926437025123
14,9.03039264678955,-0.6236772537231445,3.279639959335327,0.24078310308465245
14,9.043153762817383,-0.6406144499778748,3.2840583324432373,0.24914855984417927
14,9.056649208068848,-0.6570309400558472,3.2882168292999268,0.2578421387570619
14,9.070818901062012,-0.6729204654693604,3.292145252227783,0.2668797573062122
14,9.085601806640625,-0.6882926225662231,3.2958669662475586,0.27635324611020273
14,9.100940704345703,-0.7031551599502563,3.2994072437286377,0.28583680014274027
14,9.116780281066895,-0.7175197005271912,3.3027915954589844,0.2956299919599762
14,9.133068084716797,-0.731408953666687,3.306037425994873,0.30544128984068747
14,9.149765014648438,-0.7448288202285767,3.3091702461242676,0.31529740790502514
14,9.166831016540527,-0.7578009366989136,3.3122031688690186,0.3253250141683771
14,9.18423843383789,-0.7703301310539246,3.3151581287384033,0.3353465123861806
14,9.201959609985352,-0.7824288010597229,3.318042516708374,0.3455110634412227
14,9.219975471496582,-0.7940964698791504,3.320873975753784,0.35575407737548537
14,9.238261222839355,-0.8053495287895203,3.323657751083374,0.36605660773735593
14,9.25679874420166,-0.8161895275115967,3.3264100551605225,0.37643102141102847
14,9.275568962097168,-0.8266276717185974,3.329134702682495,0.3867879252887236
14,9.29455852508545,-0.8366678357124329,3.3318428993225098,0.3973796295041374
14,9.313752174377441,-0.8463159799575806,3.3345401287078857,0.4079665009960599
14,9.333135604858398,-0.8555780649185181,3.337229013442993,0.41865101912691055
14,9.352697372436523,-0.8644558191299438,3.339918375015259,0.429413405793369
14,9.372428894042969,-0.8729518055915833,3.3426060676574707,0.4403014345227015
14,9.392319679260254,-0.8810693025588989,3.3452916145324707,0.4513119429263932
14,9.412358283996582,-0.8888115286827087,3.3479809761047363,0.46237154440397576
14,9.432537078857422,-0.8961820602416992,3.3506722450256348,0.47347121120010116
14,9.452845573425293,-0.903184175491333,3.3533647060394287,0.48461063839277413
14,9.47327709197998,-0.9098213911056519,3.3560619354248047,0.49580551131049533
14,9.493821144104004,-0.9160964488983154,3.3587629795074463,0.5070748615965434
14,9.514472007751465,-0.9220114946365356,3.3614654541015625,0.5183769124523885
14,9.535222053527832,-0.9275676012039185,3.3641672134399414,0.5296674341506251
14,9.556063652038574,-0.9327687621116638,3.366868495941162,0.540952872474874
14,9.57699203491211,-0.9376160502433777,3.3695647716522217,0.5522446663378149
14,9.597999572753906,-0.9421107172966003,3.3722527027130127,0.5635462079351498
14,9.619080543518066,-0.9462547898292542,3.374929904937744,0.5748431709660035
14,9.640228271484375,-0.9500502347946167,3.377593755722046,0.5860957401132253
14,9.661437034606934,-0.9535002708435059,3.3802428245544434,0.5971740917372416
14,9.682701110839844,-0.9566085934638977,3.38287615776062,0.6081811960758844
14,9.70401382446289,-0.9593769907951355,3.385490894317627,0.6191044934652196
14,9.725370407104492,-0.9618072509765625,3.3880844116210938,0.629931913481981
14,9.746766090393066,-0.9639018774032593,3.3906543254852295,0.6406788171470774
14,9.768194198608398,-0.9656643271446228,3.393195629119873,0.6513013469481077
14,9.789649963378906,-0.9670982360839844,3.3957056999206543,0.6617743946362664
14,9.81113052368164,-0.968206524848938,3.3981821537017822,0.6720870848615635
14,9.83262825012207,-0.9689931273460388,3.400622844696045,0.6822295737662902
14,9.854140281677246,-0.969461977481842,3.403026580810547,0.6921931254764887
14,9.875659942626953,-0.9696173071861267,3.405391216278076,0.7019700832404971
14,9.897184371948242,-0.9694638848304749,3.4077155590057373,0.7115555331618172
14,9.918709754943848,-0.9690065979957581,3.4099977016448975,0.7209365254147526
14,9.940230369567871,-0.9682508707046509,3.4122366905212402,0.7301096570475485
14,9.96174430847168,-0.9672016501426697,3.414430856704712,0.7390725322023953
14,9.983246803283691,-0.965865433216095,3.4165782928466797,0.7478094460754345
14,10.00473403930664,-0.9642496109008789,3.418675661087036,0.7563277555335358
14,10.026205062866211,-0.9623607397079468,3.4207217693328857,0.7646356063976569
14,10.047656059265137,-0.9602051973342896,3.422715425491333,0.772717747418558
14,10.069083213806152,-0.957789957523346,3.424654960632324,0.7805798117885286
14,10.090486526489258,-0.9551219940185547,3.426539421081543,0.7882341591924051
14,10.111862182617188,-0.952208399772644,3.4283673763275146,0.7956873038862005
14,10.133208274841309,-0.94905686378479,3.4301371574401855,0.8028873726083203
14,10.154532432556152,-0.9456757307052612,3.431849241256714,0.8097627152376248
14,10.175893783569336,-0.942061722278595,3.433506488800049,0.8165117173634467
14,10.197540283203125,-0.9381741285324097,3.4351248741149902,0.823179764204003
14,10.219152450561523,-0.9340736269950867,3.436676502227783,0.8296368503025745
14,10.241615295410156,-0.9295890927314758,3.4382195472717285,0.836133241543027
14,10.265713691711426,-0.92453932762146,3.439793109893799,0.8429084633902808
14,10.291950225830078,-0.9187804460525513,3.441408634185791,0.8493673960543154
14,10.318137168884277,-0.9127772450447083,3.4429171085357666,0.8556751723791263
14,10.34620189666748,-0.9060810804367065,3.444411277770996,0.8622600093042014
14,10.374213218688965,-0.8991388082504272,3.4457712173461914,0.8683501890377506
14,10.403307914733887,-0.8916755318641663,3.4470393657684326,0.87438882829661
14,10.432780265808105,-0.8838739991188049,3.4481654167175293,0.8799522420504945
14,10.462202072143555,-0.8758586049079895,3.449122667312622,0.8854588620389828
14,10.491673469543457,-0.8676289916038513,3.449903964996338,0.8903385823192446
14,10.521099090576172,-0.8592252731323242,3.450505495071411,0.8947577017868442
14,10.550496101379395,-0.850670576095581,3.450915813446045,0.8992843696768618
14,10.579855918884277,-0.8419855237007141,3.451132297515869,0.9026605066258756
14,10.609183311462402,-0.8331877589225769,3.45115327835083,0.9061264725196729
14,10.638483047485352,-0.8243005871772766,3.450972557067871,0.9092256521889563
14,10.667757034301758,-0.8153360486030579,3.4505913257598877,0.9117175409885244
14,10.69701099395752,-0.8063163161277771,3.4500091075897217,0.914255740884908
14,10.726247787475586,-0.7972569465637207,3.4492242336273193,0.916226234773049
14,10.755472183227539,-0.7881740927696228,3.4482405185699463,0.9180572987083638
14,10.784687995910645,-0.7790879607200623,3.447061061859131,0.9196288543550704
14,10.813898086547852,-0.770013153553009,3.445685386657715,0.9210191884219304
14,10.843109130859375,-0.7609694600105286,3.4441239833831787,0.9222217867587263
14,10.872323036193848,-0.7519710063934326,3.4423770904541016,0.9234216721765299
14,10.901546478271484,-0.7430380582809448,3.4404518604278564,0.9244528215220698
14,10.930782318115234,-0.7341862916946411,3.4383585453033447,0.9252759412645276
14,10.960037231445312,-0.725436806678772,3.4360978603363037,0.9263777663011694
14,10.989315032958984,-0.7168082594871521,3.4336822032928467,0.9271624058533707
14,11.018619537353516,-0.7083113193511963,3.4311163425445557,0.9282430153804465
14,11.047954559326172,-0.6999680399894714,3.428407669067383,0.9296346107179657
14,11.077323913574219,-0.691791296005249,3.4255597591400146,0.9308176370110246
14,11.106729507446289,-0.6837964653968811,3.422578811645508,0.9323164240215023
14,11.136175155639648,-0.6760045289993286,3.419463872909546,0.9341682355719475
14,11.16566276550293,-0.6684271693229675,3.416214942932129,0.9358294497701548
14,11.195195198059082,-0.6610842943191528,3.412835121154785,0.9375479465445532
14,11.224774360656738,-0.6539959907531738,3.4093198776245117,0.9394222139145232
14,11.254402160644531,-0.6471785306930542,3.4056663513183594,0.9413153157801442
14,11.284082412719727,-0.6406410336494446,3.40187406539917,0.9430792224691388
14,11.31380844116211,-0.6343939900398254,3.3979411125183105,0.9449791565880771
14,11.343600273132324,-0.6284452676773071,3.3938591480255127,0.9469932143669343
14,11.363361358642578,-0.6246731877326965,3.391072988510132,0.9482850834492508
15,0.7116706371307373,-0.42399704456329346,0.9897816181182861,1.0069628249275098
15,0.8303648233413696,-0.4240856170654297,0.995036244392395,1.0073039947194629
15,0.9489853382110596,-0.4241923391819,1.0017372369766235,1.0071992245763328
15,1.0634548664093018,-0.42430680990219116,1.0100746154785156,1.0073519477588844
15,1.184893250465393,-0.4244353473186493,1.0211180448532104,1.0091662049592105
15,1.270067572593689,-0.42452776432037354,1.0302492380142212,1.0112145225353737
15,1.3915700912475586,-0.42466020584106445,1.0444424152374268,1.0156393765892062
15,1.4611527919769287,-0.42473578453063965,1.05301833152771,1.018281562247775
15,1.5826964378356934,-0.4248678982257843,1.0678380727767944,1.0224115411289794
15,1.6546093225479126,-0.4249461889266968,1.0763187408447266,1.0250099663161827
15,1.7763758897781372,-0.42508235573768616,1.0894114971160889,1.0290433468986313
15,1.8507736921310425,-0.4251687228679657,1.0964053869247437,1.0317170603485049
15,1.9729090929031372,-0.42532211542129517,1.105444073677063,1.0348162691026035
15,2.064852237701416,-0.42545026540756226,1.1098777055740356,1.0373543591972652
15,2.1872987747192383,-0.4256478548049927,1.112151861190796,1.0397250318448645
15,2.3097503185272217,-0.42588263750076294,1.1101150512695312,1.0423682842032147
15,2.4320719242095947,-0.42616167664527893,1.104109764099121,1.045169709708194
15,2.55418062210083,-0.4264868497848511,1.0946909189224243,1.0488889771851466
15,2.67606520652771,-0.42685869336128235,1.08271062374115,1.0536604948842971
15,2.7977688312530518,-0.4272754490375519,1.0690056085586548,1.0604274287056321
15,2.9193310737609863,-0.42773470282554626,1.0540956258773804,1.0698369670452343
15,3.040802240371704,-0.4282264709472656,1.0384602546691895,1.0817359177327355
15,3.162201166152954,-0.4287331998348236,1.022276759147644,1.1004882298544485
15,3.283543348312378,-0.42922860383987427,1.0056729316711426,1.1244227426894364
15,3.4047751426696777,-0.42966964840888977,0.9882817268371582,1.158052985935668
15,3.525845766067505,-0.4300362765789032,0.9698063731193542,1.2005421350247527
15,3.646584987640381,-0.43032553791999817,0.9492760300636292,1.2520593275395255
15,3.766824960708618,-0.43052905797958374,0.9260137677192688,1.3084446101319651
15,3.8863754272460938,-0.43060609698295593,0.8995320796966553,1.3682409000980285
15,4.004895210266113,-0.43046697974205017,0.8696538209915161,1.4256583876787197
15,4.122570991516113,-0.43016013503074646,0.836598813533783,1.476903689520153
15,4.2385783195495605,-0.42990121245384216,0.8017353415489197,1.5184887640892926
15,4.35405969619751,-0.42998260259628296,0.7651618719100952,1.5410151576355955
15,4.466010093688965,-0.4306035041809082,0.7282246947288513,1.5491838316459507
15,4.571780681610107,-0.4310702681541443,0.6926321387290955,1.532195098632444
15,4.6074910163879395,-0.43106937408447266,0.6805866956710815,1.5269118086009188
15,4.706223964691162,-0.4302326440811157,0.6507462859153748,1.5133935334677981
15,4.750648021697998,-0.4293867349624634,0.6397725939750671,1.5109511132524025
15,4.7847723960876465,-0.42854082584381104,0.6328667402267456,1.5167259709896639
15,4.883430004119873,-0.42543044686317444,0.6245164275169373,1.563927014881838
15,4.982169151306152,-0.4220386743545532,0.6320195198059082,1.6552195912286134
15,5.077787399291992,-0.41921043395996094,0.6512278318405151,1.725785833974029
15,5.115639686584473,-0.41827118396759033,0.6602795124053955,1.748820248441316
15,5.1376495361328125,-0.41777971386909485,0.6658704876899719,1.7582668921027114
15,5.233911991119385,-0.4157908260822296,0.6879264116287231,1.737313988448737
15,5.292708873748779,-0.414634108543396,0.698822557926178,1.7087501922475712
15,5.392494201660156,-0.41257455945014954,0.7115246057510376,1.6521828401554146
15,5.493984699249268,-0.41041797399520874,0.7223227024078369,1.5940883524978502
15,5.520963668823242,-0.4098593294620514,0.7255579829216003,1.5796647200272675
15,5.621819019317627,-0.408168762922287,0.7456404566764832,1.5303585653777039
15,5.719306468963623,-0.40752702951431274,0.7784083485603333,1.470013918406385
15,5.812775611877441,-0.40811002254486084,0.82184237241745,1.4001014900155462
15,5.904731750488281,-0.4097471237182617,0.8688144683837891,1.318723424153494
15,5.996768474578857,-0.4122839570045471,0.9138496518135071,1.242736570476155
15,6.090053081512451,-0.4157540202140808,0.9528542160987854,1.166174796254761
15,6.187325477600098,-0.4204070270061493,0.9841268658638,1.1038879824630254
15,6.262976169586182,-0.42484015226364136,1.0019828081130981,1.0617270587080618
15,6.3606038093566895,-0.4318854808807373,1.0177713632583618,1.0076412450732217
15,6.459158420562744,-0.4410967528820038,1.0258270502090454,0.9498504871569435
15,6.556548595428467,-0.4536602199077606,1.024967908859253,0.8977141987784146
15,6.651656150817871,-0.470282644033432,1.0139141082763672,0.8656708541729689
15,6.6817307472229,-0.4768662750720978,1.0077489614486694,0.8616732187914509
15,6.7101030349731445,-0.483829140663147,1.000581979751587,0.8643129961447077
15,6.717928409576416,-0.48585110902786255,0.9984068274497986,0.8702259252523059
15,6.764959812164307,-0.49949660897254944,0.9829233288764954,0.8931571391795867
15,6.786706447601318,-0.506587028503418,0.9745604395866394,0.9149482024638564
15,6.807926654815674,-0.5139442682266235,0.965773344039917,0.9398839309793391
15,6.828757286071777,-0.521540105342865,0.9566534161567688,0.967087181550102
15,6.849298000335693,-0.5293380618095398,0.9472930431365967,0.9952519975395888
15,6.869612693786621,-0.5372912883758545,0.9377872347831726,1.0244072907973343
15,6.889822959899902,-0.5453920364379883,0.9281841516494751,1.05404758519356
15,6.909929275512695,-0.5535888671875,0.9185755848884583,1.0828716012985387
15,6.930159568786621,-0.5619151592254639,0.9089471101760864,1.1108389446210696
15,6.950130462646484,-0.5701744556427002,0.8995440006256104,1.1383415895909372
15,6.970151424407959,-0.5784599781036377,0.8902709484100342,1.1648767397849384
15,6.990258693695068,-0.5867494344711304,0.8811625838279724,1.1896986120554456
15,7.010545253753662,-0.5950466394424438,0.8722240924835205,1.2135449596991155
15,7.030847072601318,-0.6032584309577942,0.863558292388916,1.23602444921603
15,7.051180839538574,-0.6113693714141846,0.8551806211471558,1.2568050737851866
15,7.071562767028809,-0.6193677186965942,0.8471024036407471,1.2765851601307763
15,7.0920891761779785,-0.627271294593811,0.8393005728721619,1.2945245742183482
15,7.113004207611084,-0.6351490616798401,0.8317016959190369,1.3109014087979265
15,7.1339430809021,-0.6428543925285339,0.824449360370636,1.3260466555994916
15,7.155005931854248,-0.6504117250442505,0.8175123333930969,1.3397168341698835
15,7.176456928253174,-0.6578943133354187,0.810811460018158,1.3513218275685062
15,7.198583602905273,-0.665374219417572,0.8042736053466797,1.3610970127172086
15,7.22109842300415,-0.6727356910705566,0.7979955077171326,1.3691476650687018
15,7.243680000305176,-0.6798595786094666,0.7920590043067932,1.3746649500052608
15,7.266516208648682,-0.6867892742156982,0.7863991856575012,1.3778084485761821
15,7.2894086837768555,-0.6934512257575989,0.7810462117195129,1.378279545533853
15,7.31234884262085,-0.6998271942138672,0.7759734988212585,1.3753961005368556
15,7.335329532623291,-0.7058981657028198,0.7711480855941772,1.3680842982071302
15,7.358452796936035,-0.7116673588752747,0.7665132880210876,1.3565610152940735
15,7.381613731384277,-0.7170597314834595,0.7620634436607361,1.3441103159880954
15,7.404816150665283,-0.7219558954238892,0.7577093839645386,1.3356772091875266
15,7.428009986877441,-0.7263526320457458,0.7532287836074829,1.300452089794673
15,7.4513020515441895,-0.7306409478187561,0.748472273349762,1.217450421751031
15,7.474456787109375,-0.7353830933570862,0.7438783645629883,1.177242276561697
15,7.49480676651001,-0.7402475476264954,0.740705668926239,1.214622756529076
15,7.513326644897461,-0.7451379299163818,0.7390516996383667,1.2797474762734449
15,7.536369800567627,-0.7513153553009033,0.738562822341919,1.3605695911516995
15,7.559003829956055,-0.7571190595626831,0.7390592098236084,1.3835420683609092
15,7.581519603729248,-0.7625555992126465,0.7398939728736877,1.3642054363668639
15,7.6041131019592285,-0.7676435708999634,0.7408232092857361,1.3625045779851135
15,7.6265716552734375,-0.7723124623298645,0.7417685389518738,1.3631385625327805
15,7.648965358734131,-0.7766518592834473,0.7427050471305847,1.36174693419933
15,7.671360015869141,-0.7807460427284241,0.743618369102478,1.3573713124382334
15,7.693688869476318,-0.7846412062644958,0.7444977760314941,1.350553019501905
15,7.715946197509766,-0.7883831262588501,0.7453457117080688,1.3415062807907374
15,7.738146781921387,-0.7920085787773132,0.7461677193641663,1.3297809097994855
15,7.760362148284912,-0.7955464124679565,0.7469606995582581,1.3152719620265483
15,7.782550811767578,-0.7989856600761414,0.7476962208747864,1.2981234152136418
15,7.804758071899414,-0.8022949695587158,0.7483181357383728,1.2785333852037353
15,7.826993942260742,-0.8053919672966003,0.7487514615058899,1.2562082074851444
15,7.849244117736816,-0.8081471920013428,0.7489396333694458,1.232235581568936
15,7.871542930603027,-0.8104502558708191,0.7489184737205505,1.2097624054256724
15,7.893882751464844,-0.8122903108596802,0.7488511800765991,1.193238780327332
15,7.916249752044678,-0.8137609958648682,0.7489454746246338,1.1854559141850727
15,7.938626289367676,-0.8149904012680054,0.7493853569030762,1.184470423591646
15,7.96099328994751,-0.8160704970359802,0.7502827048301697,1.1897674019755953
15,7.983341217041016,-0.8170568346977234,0.7516692876815796,1.199102793163219
15,8.00566291809082,-0.8179903626441956,0.7534725666046143,1.209031522909734
15,8.027961730957031,-0.8189066052436829,0.7555492520332336,1.2166514451215014
15,8.050247192382812,-0.8198274970054626,0.7577504515647888,1.2208728054533542
15,8.072440147399902,-0.8207558393478394,0.7599619626998901,1.2220771877552647
15,8.094658851623535,-0.8217009902000427,0.7621344327926636,1.2210675328211031
15,8.116884231567383,-0.8226667046546936,0.764227569103241,1.2179590005672147
15,8.1390962600708,-0.8236538767814636,0.7662043571472168,1.212811793261062
15,8.161314964294434,-0.8246556520462036,0.7680296301841736,1.2056918280652433
15,8.183542251586914,-0.8256464600563049,0.7696623206138611,1.196739879884486
15,8.205782890319824,-0.8265829086303711,0.7710635662078857,1.1861750078188238
15,8.227949142456055,-0.8273993134498596,0.7721976041793823,1.1746822574950346
15,8.250115394592285,-0.8280279040336609,0.7730686664581299,1.1633132096366332
15,8.272287368774414,-0.8284158110618591,0.7737285494804382,1.1535717866842592
15,8.294495582580566,-0.8285591006278992,0.7742799520492554,1.1466393207134247
15,8.316704750061035,-0.8285008668899536,0.7748302817344666,1.1424734860534824
15,8.338907241821289,-0.8283068537712097,0.7754657864570618,1.1399396309002188
15,8.361102104187012,-0.828033983707428,0.7762393951416016,1.138784111344547
15,8.383288383483887,-0.8277219533920288,0.7771832346916199,1.1389624564683611
15,8.40546703338623,-0.8274000883102417,0.7783130407333374,1.140239922077465
15,8.427635192871094,-0.8270912766456604,0.7796239852905273,1.1420900359124073
15,8.44979476928711,-0.826813817024231,0.7810884118080139,1.1438833680612668
15,8.47204303741455,-0.8265771269798279,0.7826640605926514,1.1449922083731943
15,8.494404792785645,-0.8263784050941467,0.7842978835105896,1.1449947450039233
15,8.516793251037598,-0.8262056708335876,0.7859370708465576,1.144028088497011
15,8.539077758789062,-0.8260474801063538,0.7875345945358276,1.1422525782283652
15,8.561355590820312,-0.8258954286575317,0.7890602946281433,1.1395042414563425
15,8.58362865447998,-0.8257407546043396,0.7904702425003052,1.1354829565935953
15,8.6058931350708,-0.8255645036697388,0.7917172312736511,1.1301390460165173
15,8.628149032592773,-0.825334906578064,0.7927634119987488,1.1238688080225816
15,8.650389671325684,-0.8250136375427246,0.7935998439788818,1.117557546831383
15,8.672607421875,-0.8245705366134644,0.7942609786987305,1.1122946299439311
15,8.69481372833252,-0.8239994645118713,0.7948169708251953,1.1084521327642942
15,8.7169828414917,-0.8233227729797363,0.7953407764434814,1.1057424496218118
15,8.739110946655273,-0.8225772380828857,0.7958864569664001,1.103765215554747
15,8.761195182800293,-0.8217962980270386,0.7964867353439331,1.1023183815247504
15,8.783232688903809,-0.8210039734840393,0.7971634268760681,1.1013850596620327
15,8.805220603942871,-0.8202179670333862,0.7979323863983154,1.1009420206454974
15,8.827157020568848,-0.8194518685340881,0.7988012433052063,1.1008647705827013
15,8.849039077758789,-0.8187150955200195,0.7997668981552124,1.100961144190671
15,8.870864868164062,-0.8180119395256042,0.800814688205719,1.1009955990484086
15,8.892633438110352,-0.817340612411499,0.8019199371337891,1.1007061561008755
15,8.914344787597656,-0.8166921138763428,0.8030524849891663,1.099972523340718
15,8.93600082397461,-0.8160525560379028,0.8041860461235046,1.098864442253794
15,8.95765209197998,-0.8154082298278809,0.805302619934082,1.0973759593989771
15,8.979307174682617,-0.8147480487823486,0.8063821196556091,1.095472736031505
15,9.000967025756836,-0.8140609860420227,0.8074057102203369,1.0931863194491085
15,9.022635459899902,-0.8133361339569092,0.8083606362342834,1.0905909218041658
15,9.04430866241455,-0.8125633597373962,0.8092438578605652,1.087881819720763
15,9.065986633300781,-0.8117359280586243,0.8100649118423462,1.0852409990510503
15,9.087667465209961,-0.8108530640602112,0.8108445405960083,1.0828107606325506
15,9.109352111816406,-0.8099212646484375,0.8116089701652527,1.08068219201132
15,9.131038665771484,-0.8089535236358643,0.8123854994773865,1.078887910055214
15,9.152727127075195,-0.8079638481140137,0.8131956458091736,1.0774300314580123
15,9.174423217773438,-0.8069643378257751,0.8140566945075989,1.0762492361124427
15,9.196121215820312,-0.8059647083282471,0.8149807453155518,1.0753225888384916
15,9.21782112121582,-0.8049719333648682,0.8159757256507874,1.0746110725821991
15,9.239521980285645,-0.8039906024932861,0.8170439004898071,1.074054882290321
15,9.261223793029785,-0.8030222058296204,0.8181822896003723,1.0735810564635433
15,9.282930374145508,-0.8020650148391724,0.8193826675415039,1.0730945656733326
15,9.304637908935547,-0.8011146187782288,0.8206327557563782,1.0725028246340478
15,9.326345443725586,-0.8001649379730225,0.8219180107116699,1.071746412281811
15,9.348052978515625,-0.7992101907730103,0.8232244253158569,1.0708204714978466
15,9.369718551635742,-0.7982470989227295,0.8245387077331543,1.0697273608695546
15,9.391385078430176,-0.797268807888031,0.8258568048477173,1.068468290420781
15,9.413053512573242,-0.7962711453437805,0.8271757960319519,1.0670540756770646
15,9.434720993041992,-0.795251190662384,0.8284959197044373,1.065532215601628
15,9.456387519836426,-0.7942083477973938,0.8298208117485046,1.0639451798215045
15,9.478050231933594,-0.7931442260742188,0.8311566710472107,1.0623363646569413
15,9.499710083007812,-0.7920624017715454,0.8325113654136658,1.0607408423804934
15,9.521366119384766,-0.7909674048423767,0.8338930010795593,1.0591799395716968
15,9.543015480041504,-0.7898640036582947,0.8353092074394226,1.0576625188700168
15,9.564659118652344,-0.7887564301490784,0.8367666602134705,1.0561883227918027
15,9.586295127868652,-0.7876481413841248,0.8382705450057983,1.05474843943112
15,9.60792350769043,-0.7865416407585144,0.8398241400718689,1.0533249036570047
15,9.62954330444336,-0.7854381203651428,0.8414285182952881,1.0518916448918514
15,9.651154518127441,-0.7843373417854309,0.84308260679245,1.0504172102757336
15,9.67275619506836,-0.7832379937171936,0.8447830677032471,1.0488677277633984
15,9.69434928894043,-0.7821376919746399,0.8465250134468079,1.0472130001972262
15,9.715932846069336,-0.7810336351394653,0.8483026623725891,1.0454318057361702
15,9.737507820129395,-0.7799229025840759,0.8501100540161133,1.043513453104897
15,9.759073257446289,-0.7788028120994568,0.8519421815872192,1.0414542654274208
15,9.780630111694336,-0.7776709794998169,0.853795051574707,1.0392563909939563
15,9.802178382873535,-0.7765254974365234,0.8556662201881409,1.0369269562760102
15,9.823719024658203,-0.7753649353981018,0.8575544357299805,1.0344703937656785
15,9.845257759094238,-0.774188220500946,0.8594599962234497,1.0319002773518586
15,9.866791725158691,-0.7729951739311218,0.8613831996917725,1.0292368273919423
15,9.888320922851562,-0.7717859148979187,0.8633249998092651,1.0264877743494087
15,9.909847259521484,-0.7705608010292053,0.8652865886688232,1.0236614719009045
15,9.931371688842773,-0.7693202495574951,0.8672688007354736,1.020765698610886
15,9.952892303466797,-0.7680644989013672,0.8692720532417297,1.017797186687104
15,9.974411010742188,-0.7667936682701111,0.8712960481643677,1.014752774063209
15,9.995926856994629,-0.7655076384544373,0.8733396530151367,1.011621109018511
15,10.017439842224121,-0.7642059922218323,0.8754011988639832,1.008404740726464
15,10.038949966430664,-0.7628880143165588,0.8774785399436951,1.0050979591694247
15,10.060458183288574,-0.7615525722503662,0.8795689940452576,1.0016958327285603
15,10.081964492797852,-0.7601985931396484,0.881669819355011,0.9981946327927994
15,10.10346794128418,-0.7588247060775757,0.8837782740592957,0.9945919757988795
15,10.124969482421875,-0.7574296593666077,0.8858917355537415,0.9908868953629111
15,10.146470069885254,-0.7560120224952698,0.8880079388618469,0.9870629424534938
15,10.167975425720215,-0.7545701265335083,0.8901255130767822,0.9831266695565294
15,10.189550399780273,-0.7530981302261353,0.892248809337616,0.979068261413977
15,10.211443901062012,-0.7515769004821777,0.8944008946418762,0.9748521158343687
15,10.234236717224121,-0.7499629259109497,0.8966365456581116,0.9703869686426905
15,10.258728981018066,-0.748193085193634,0.899031937122345,0.9655503016140458
15,10.283219337463379,-0.7463859915733337,0.9014182090759277,0.9606748372897399
15,10.309927940368652,-0.7443713545799255,0.9040079712867737,0.955314979972275
15,10.338601112365723,-0.7421554923057556,0.9067703485488892,0.9494887646400056
15,10.367271423339844,-0.73988276720047,0.9095108509063721,0.9435849433674653
15,10.397103309631348,-0.7374533414840698,0.912334680557251,0.9373691982386368
15,10.426932334899902,-0.7349541187286377,0.9151265621185303,0.9310411171068707
15,10.457200050354004,-0.7323408722877502,0.917923092842102,0.9245589186984415
15,10.487563133239746,-0.7296336889266968,0.9206882119178772,0.917970165635856
15,10.517921447753906,-0.7268351316452026,0.9234099388122559,0.9113245261012712
15,10.548285484313965,-0.7239351272583008,0.9260867238044739,0.9046448364099894
15,10.578641891479492,-0.7209268808364868,0.9287160634994507,0.8979392242618963
15,10.608990669250488,-0.7178016901016235,0.9312968254089355,0.8912117332965398
15,10.639330863952637,-0.71454918384552,0.9338290691375732,0.8844631966910417
15,10.669659614562988,-0.7111612558364868,0.9363126754760742,0.8777073887160509
15,10.699975967407227,-0.7076265811920166,0.9387492537498474,0.8709489605216928
15,10.730277061462402,-0.7039362192153931,0.9411402344703674,0.864206393985136
15,10.760560989379883,-0.7000805735588074,0.9434875249862671,0.8574792291987479
15,10.790825843811035,-0.6960501074790955,0.9457942247390747,0.8508269940204248
15,10.821067810058594,-0.6918380856513977,0.9480619430541992,0.8442209313091115
15,10.851285934448242,-0.6874359250068665,0.9502947330474854,0.8376513447638373
15,10.881477355957031,-0.6828371286392212,0.9524956345558167,0.8311513432123461
15,10.911638259887695,-0.6780353784561157,0.9546677470207214,0.8246980356815984
15,10.941767692565918,-0.6730251312255859,0.9568154811859131,0.8183248574218228
15,10.97186279296875,-0.6678025126457214,0.9589414000511169,0.8120391393229378
15,11.001920700073242,-0.6623634099960327,0.9610500335693359,0.8058053059471483
15,11.031938552856445,-0.6567039489746094,0.9631455540657043,0.7996171543232788
15,11.06191349029541,-0.650819718837738,0.9652321338653564,0.7934682934619691
15,11.091843605041504,-0.6447075009346008,0.9673153162002563,0.7873966358157319
15,11.121725082397461,-0.6383634209632874,0.969399094581604,0.7813366464411009
15,11.151555061340332,-0.6317827701568604,0.9714900255203247,0.7753228925522693
15,11.181329727172852,-0.6249589323997498,0.9735945463180542,0.7692705956151689
15,11.211044311523438,-0.6178861260414124,0.9757183790206909,0.7633022428099236
15,11.240696907043457,-0.6105560064315796,0.9778695702552795,0.7573402138817921
15,11.270279884338379,-0.602958619594574,0.9800544381141663,0.7513683921744246
15,11.299793243408203,-0.5950791835784912,0.9822822213172913,0.7455136073340988
15,11.329222679138184,-0.586907148361206,0.9845588207244873,0.7396644842688047
15,11.358585357666016,-0.5784190893173218,0.9868931770324707,0.7339516873990636
15,11.387907028198242,-0.5695821046829224,0.9892946481704712,0.7283472517688364
15,11.417116165161133,-0.5603981614112854,0.9917618632316589,0.7230167647138827
15,11.446332931518555,-0.5507966876029968,0.9943073987960815,0.7179829121720038
15,11.475409507751465,-0.5407963991165161,0.9969156384468079,0.713181313068376
15,11.504566192626953,-0.5302839875221252,0.9995979070663452,0.7087799228343585
15,11.538483619689941,-0.5174038410186768,1.002797245979309,0.7043487374174848
15,11.572154998779297,-0.503904402256012,1.0060473680496216,0.7004790003506489
15,11.605589866638184,-0.48982885479927063,1.0092906951904297,0.6970846473339078
15,11.656092643737793,-0.46730291843414307,1.0141804218292236,0.6933589147907876
15,11.72079849243164,-0.43669870495796204,1.0203319787979126,0.687087315157368
15,11.784972190856934,-0.40496835112571716,1.026343584060669,0.6812080455702354
15,11.900893211364746,-0.3477896451950073,1.0385282039642334,0.6660601903961499
15,11.953089714050293,-0.32269349694252014,1.0450748205184937,0.6594402340435902
15,12.063008308410645,-0.2734616994857788,1.0631545782089233,0.6198337460323916
15,12.136674880981445,-0.2441229373216629,1.0799270868301392,0.593850417892506
15,12.212636947631836,-0.21846872568130493,1.1021689176559448,0.5552845484304748
15,12.262168884277344,-0.2053443193435669,1.120012879371643,0.5303920382145777
16,0.7002829909324646,0.5355280041694641,0.42593324184417725,1.0364221386027268
16,0.8246650099754333,0.535581111907959,0.4308915436267853,1.034358865884672
16,0.949029803276062,0.5356373190879822,0.436262845993042,1.0277122777760217
16,1.0732439756393433,0.5356938242912292,0.4422867000102997,1.0180997875369775
16,1.1952030658721924,0.5357411503791809,0.4493110477924347,1.0023897387455138
16,1.3170684576034546,0.5357761383056641,0.4578038156032562,0.9825697862090883
16,1.4389053583145142,0.5358018279075623,0.46819108724594116,0.9600123505016989
16,1.5605905055999756,0.5358520746231079,0.4802358150482178,0.937419904437004
16,1.6821680068969727,0.5359724164009094,0.49332430958747864,0.9182219088091623
16,1.8038356304168701,0.5361908674240112,0.505959153175354,0.9048124089979371
16,1.9256449937820435,0.5365024209022522,0.5171267986297607,0.8966452634356549
16,2.047673225402832,0.5368683338165283,0.5255744457244873,0.8912638500248756
16,2.169877052307129,0.5372655987739563,0.5308838486671448,0.8960770182793718
16,2.2921807765960693,0.5376758575439453,0.5328763723373413,0.9046874128535638
16,2.414499044418335,0.5380922555923462,0.5320959687232971,0.9203074417027687
16,2.510101079940796,0.5384165644645691,0.5299183130264282,0.9360914239641287
16,2.632368326187134,0.5388049483299255,0.5262288451194763,0.958987643750822
16,2.754624843597412,0.5391553044319153,0.5221896767616272,0.9890456527412557
16,2.8768975734710693,0.539459228515625,0.5186738967895508,1.0223189471204046
16,2.999199867248535,0.5397711396217346,0.5164360404014587,1.0618654829465282
16,3.121520519256592,0.5401250720024109,0.5158304572105408,1.1032601995752667
16,3.2438337802886963,0.5405566692352295,0.5172688961029053,1.1461904774631102
16,3.366121768951416,0.5410749912261963,0.5201708674430847,1.1910246224880046
16,3.488391637802124,0.5416922569274902,0.523747444152832,1.2370572965211009
16,3.6106879711151123,0.5424948334693909,0.526165783405304,1.2827240511983091
16,3.658229351043701,0.5428648591041565,0.5266525745391846,1.2996646291444025
16,3.7805206775665283,0.5440462827682495,0.5251680612564087,1.3316783165058663
16,3.9026691913604736,0.5456957817077637,0.5192356109619141,1.3507918855513499
16,4.02423620223999,0.548130214214325,0.5073472261428833,1.3513853980230182
16,4.129965305328369,0.5513424277305603,0.4917285144329071,1.3437212909960274
16,4.248904705047607,0.5568261742591858,0.4676811993122101,1.3337965485356476
16,4.364553451538086,0.5644962787628174,0.44042548537254333,1.3485440089998613
16,4.415844440460205,0.5685448050498962,0.4281797707080841,1.358818850225578
16,4.476596355438232,0.5735000967979431,0.41452544927597046,1.3833287674750843
16,4.5946574211120605,0.5821637511253357,0.39460310339927673,1.4612023985709555
16,4.6549763679504395,0.5858175754547119,0.38794708251953125,1.512462941647436
16,4.765363693237305,0.5899269580841064,0.38243913650512695,1.6106327469765267
16,4.875974178314209,0.5899866223335266,0.3832264244556427,1.6679074930964102
16,4.934577941894531,0.5882024765014648,0.3851836025714874,1.678645453965121
16,5.032433986663818,0.5827228426933289,0.3892782926559448,1.681756754608541
16,5.130023956298828,0.5749325752258301,0.392611026763916,1.673729812406241
16,5.2275214195251465,0.5655061602592468,0.3934032618999481,1.6621907495016948
16,5.293123245239258,0.5585879683494568,0.3921535313129425,1.653304436403385
16,5.352734088897705,0.5522688031196594,0.38989076018333435,1.6474222376512524
16,5.403383731842041,0.5472300052642822,0.3873515725135803,1.636217660578677
16,5.453673839569092,0.5427974462509155,0.38451334834098816,1.6276896883963348
16,5.507453918457031,0.5388919115066528,0.3822060227394104,1.6170807573976007
16,5.559792518615723,0.5360523462295532,0.38141292333602905,1.6055358711573378
16,5.6121649742126465,0.5342364311218262,0.38265591859817505,1.5826889023949737
16,5.6661696434021,0.5334988832473755,0.38656550645828247,1.5540823953654836
16,5.699850559234619,0.5335573554039001,0.39042240381240845,1.5334120095508121
16,5.753303527832031,0.5342958569526672,0.3984757661819458,1.4822087437248448
16,5.806397438049316,0.535683810710907,0.4085671007633209,1.4272232857687401
16,5.844834327697754,0.53705233335495,0.41703683137893677,1.3832799972204182
16,5.897070407867432,0.5392656922340393,0.42933589220046997,1.3223342228845705
16,5.947959899902344,0.5417808890342712,0.44185635447502136,1.2629754974510292
16,5.998836994171143,0.5446202158927917,0.45435577630996704,1.2108899449803505
16,6.096932888031006,0.5509482026100159,0.4770795702934265,1.1301465311112344
16,6.195487022399902,0.5584091544151306,0.4965277314186096,1.0744044432950488
16,6.293294906616211,0.5668953657150269,0.5116662979125977,1.038878138549639
16,6.3702168464660645,0.574289858341217,0.5207157731056213,1.0205240324622429
16,6.465888500213623,0.584321141242981,0.5287780165672302,1.0071316324949675
16,6.558858394622803,0.59491366147995,0.5335713624954224,0.9991045197377743
16,6.651833534240723,0.6063151955604553,0.5356271862983704,0.9967656080278124
16,6.7024335861206055,0.6128622889518738,0.5356207489967346,0.9977827335624206
16,6.753329277038574,0.6196852922439575,0.5347779989242554,0.9993276767089008
16,6.776364803314209,0.6228504776954651,0.5341426134109497,0.9998575089703576
16,6.799243927001953,0.6260400414466858,0.5333643555641174,1.0006578163359219
16,6.822100639343262,0.6292709112167358,0.5324431657791138,1.0018020004775166
16,6.844944953918457,0.6325430870056152,0.5313826203346252,1.003151913630326
16,6.86776876449585,0.6358534693717957,0.5301874279975891,1.0047277982480232
16,6.890474796295166,0.639185905456543,0.5288667678833008,1.0064889435081996
16,6.913134574890137,0.642548680305481,0.5274214744567871,1.0084216087932745
16,6.935754776000977,0.6459404826164246,0.5258554220199585,1.0105305602455552
16,6.958338260650635,0.6493598818778992,0.5241722464561462,1.0127975357009305
16,6.980932235717773,0.6528120040893555,0.5223726630210876,1.015216663160678
16,7.003522872924805,0.6562927961349487,0.5204605460166931,1.01782226096482
16,7.026102066040039,0.6597993969917297,0.5184406042098999,1.0205532861825337
16,7.048611640930176,0.6633209586143494,0.5163224935531616,1.0234668964937776
16,7.071108341217041,0.6668645739555359,0.5141053199768066,1.0265273077580699
16,7.093615531921387,0.6704320907592773,0.5117915272712708,1.029733728603926
16,7.116092681884766,0.6740155220031738,0.5093891620635986,1.0331287628445303
16,7.1384711265563965,0.6776019930839539,0.5069097876548767,1.0366478378181252
16,7.160881519317627,0.6812105178833008,0.5043433308601379,1.0403183351785483
16,7.183356761932373,0.6848450303077698,0.5016891956329346,1.044160307442825
16,7.205801010131836,0.688488781452179,0.4989618957042694,1.0481624779209868
16,7.228213310241699,0.6921404600143433,0.49616512656211853,1.0523279837237811
16,7.250593662261963,0.695798397064209,0.4933028221130371,1.0566686062535868
16,7.272941589355469,0.6994603276252747,0.49037930369377136,1.0612017259126754
16,7.295255661010742,0.7031237483024597,0.4873989224433899,1.0659581918557923
16,7.317580223083496,0.7067930698394775,0.48435935378074646,1.071061046819562
16,7.339809894561768,0.710448682308197,0.4812767803668976,1.0765592587761423
16,7.362392425537109,0.7141621708869934,0.47809556126594543,1.0820439136842808
16,7.3849687576293945,0.7178729772567749,0.4748712480068207,1.0881638571750754
16,7.407448768615723,0.721563994884491,0.47162139415740967,1.0947969960791193
16,7.429874420166016,0.7252392768859863,0.468346506357193,1.101818919157644
16,7.4522905349731445,0.7289032936096191,0.46504655480384827,1.1092899340537123
16,7.474647045135498,0.7325443029403687,0.46173545718193054,1.1173424385853734
16,7.496945858001709,0.7361587285995483,0.45842233300209045,1.1261706495857502
16,7.5192484855651855,0.7397509813308716,0.4551120102405548,1.1360414459137647
16,7.541501045227051,0.7433042526245117,0.45183295011520386,1.1469516823199013
16,7.563709735870361,0.7468079328536987,0.448612779378891,1.1588742734439417
16,7.585883617401123,0.7502477765083313,0.4454876482486725,1.1714868009403065
16,7.6080546379089355,0.7536093592643738,0.44249725341796875,1.1841054210300506
16,7.630217552185059,0.7568718194961548,0.43968817591667175,1.1957917660886657
16,7.6524224281311035,0.7600244879722595,0.43709227442741394,1.2055962616330038
16,7.674670696258545,0.7630537152290344,0.43473386764526367,1.212809268757919
16,7.696960926055908,0.7659510374069214,0.4326186776161194,1.2168854116381616
16,7.719289302825928,0.7687124609947205,0.4307349920272827,1.2185446194328267
16,7.741650104522705,0.7713390588760376,0.42905300855636597,1.2183254521304947
16,7.764036655426025,0.7738393545150757,0.42752426862716675,1.2169528896897703
16,7.786440849304199,0.776231586933136,0.4260890483856201,1.215242821346041
16,7.80885648727417,0.7785398364067078,0.42469534277915955,1.213848026132288
16,7.8312788009643555,0.7807873487472534,0.423310250043869,1.2131383103425737
16,7.853705406188965,0.7829900979995728,0.42192044854164124,1.2132434892137578
16,7.876134872436523,0.7851582765579224,0.4205229580402374,1.2141849086757632
16,7.898566722869873,0.7872979640960693,0.41911953687667847,1.2160314445411802
16,7.921000957489014,0.7894121408462524,0.41771531105041504,1.218962483070059
16,7.9434380531311035,0.791501522064209,0.4163193702697754,1.2230266246660308
16,7.965878963470459,0.7935643792152405,0.41494548320770264,1.2282937562648473
16,7.988325595855713,0.7955960631370544,0.41361159086227417,1.2347311663315803
16,8.010778427124023,0.797588586807251,0.4123373329639435,1.2421701769331444
16,8.03324031829834,0.7995307445526123,0.4111425280570984,1.2502997464516226
16,8.055713653564453,0.8014076948165894,0.4100475609302521,1.258660214526731
16,8.078198432922363,0.8032020926475525,0.4090717136859894,1.266679008612457
16,8.100696563720703,0.8048943877220154,0.4082323908805847,1.27370740463969
16,8.123208045959473,0.8064631223678589,0.407540887594223,1.2789747811098775
16,8.145733833312988,0.8078875541687012,0.4069981276988983,1.2817566595405248
16,8.168272972106934,0.809151291847229,0.40659114718437195,1.2820466237227004
16,8.190821647644043,0.8102483153343201,0.4062918722629547,1.2800819139413775
16,8.213377952575684,0.8111881017684937,0.40605852007865906,1.2764332831817669
16,8.235940933227539,0.8119940161705017,0.40584689378738403,1.2717587113460374
16,8.258505821228027,0.8126928210258484,0.4056217670440674,1.2665953005776198
16,8.281073570251465,0.8133072853088379,0.40535956621170044,1.2613014886626477
16,8.303642272949219,0.8138542175292969,0.40504708886146545,1.2561361692466455
16,8.326210975646973,0.8143470287322998,0.40467822551727295,1.2513316311465208
16,8.348779678344727,0.8147967457771301,0.4042527675628662,1.2470934276499692
16,8.37134838104248,0.8152115941047668,0.403776615858078,1.2435971910835952
16,8.393917083740234,0.8155975937843323,0.4032628536224365,1.2408312630024765
16,8.416484832763672,0.8159593939781189,0.40273162722587585,1.238785295093566
16,8.439053535461426,0.8163008689880371,0.4022064208984375,1.2373466798909407
16,8.461623191833496,0.8166237473487854,0.4017084538936615,1.236375276469888
16,8.484193801879883,0.8169265985488892,0.40125584602355957,1.2357665918275509
16,8.506766319274902,0.8172040581703186,0.400867223739624,1.2352375795470283
16,8.529339790344238,0.8174477219581604,0.4005611538887024,1.2347528404846442
16,8.551915168762207,0.8176482915878296,0.40035441517829895,1.234142688290113
16,8.574491500854492,0.8177955150604248,0.40025877952575684,1.2332049314652143
16,8.597068786621094,0.8178802728652954,0.40027758479118347,1.231649616338857
16,8.619646072387695,0.8178958892822266,0.40040403604507446,1.2294186536505483
16,8.642221450805664,0.8178398013114929,0.4006214439868927,1.2264793830679768
16,8.664752006530762,0.8177151083946228,0.4009056091308594,1.2228852397149539
16,8.687179565429688,0.81753009557724,0.401230126619339,1.2187701353845424
16,8.709500312805176,0.8172947764396667,0.4015733301639557,1.214307606263271
16,8.731712341308594,0.8170193433761597,0.40191808342933655,1.2096778967837782
16,8.753812789916992,0.8167136907577515,0.402251660823822,1.2050441636303502
16,8.775800704956055,0.8163869380950928,0.40256619453430176,1.200541436093706
16,8.797674179077148,0.8160473704338074,0.40285831689834595,1.196275592249431
16,8.819432258605957,0.8157020807266235,0.40312933921813965,1.1923236864663014
16,8.84107494354248,0.8153566718101501,0.40338459610939026,1.1887301053894543
16,8.862602233886719,0.8150150179862976,0.40363284945487976,1.1855044712052394
16,8.884014129638672,0.8146787285804749,0.40388455986976624,1.182541973522451
16,8.905257225036621,0.8143478035926819,0.40414959192276,1.1797638099429726
16,8.926387786865234,0.8140199780464172,0.4044381380081177,1.177164336462255
16,8.947406768798828,0.8136930465698242,0.40475860238075256,1.1746626126752369
16,8.968326568603516,0.8133641481399536,0.4051181674003601,1.17217366698828
16,8.989168167114258,0.8130297660827637,0.4055227041244507,1.1696198715764414
16,9.009937286376953,0.8126866817474365,0.4059760570526123,1.166926770205415
16,9.030671119689941,0.8123314380645752,0.40648072957992554,1.1640258809719333
16,9.051411628723145,0.8119608759880066,0.40703728795051575,1.160865673572768
16,9.072158813476562,0.8115735054016113,0.40764319896698,1.157422527044978
16,9.092915534973145,0.8111687898635864,0.40829405188560486,1.1537003520239923
16,9.113682746887207,0.8107475638389587,0.40898391604423523,1.1497279266171225
16,9.134462356567383,0.8103118538856506,0.4097062647342682,1.1455520832434645
16,9.155256271362305,0.8098646402359009,0.410454660654068,1.1412330736810596
16,9.176067352294922,0.8094096183776855,0.41122332215309143,1.1368384745525808
16,9.196895599365234,0.8089510798454285,0.4120078980922699,1.1324368513842435
16,9.217742919921875,0.8084931969642639,0.4128059446811676,1.1281012252930795
16,9.238633155822754,0.8080396056175232,0.41361793875694275,1.1238815728364713
16,9.25954532623291,0.8075942993164062,0.4144447445869446,1.119816478043019
16,9.280481338500977,0.8071598410606384,0.4152899384498596,1.1159254525876776
16,9.301441192626953,0.806738018989563,0.41615843772888184,1.1122042662497338
16,9.322375297546387,0.8063298463821411,0.41705384850502014,1.1084820441818428
16,9.343335151672363,0.8059337139129639,0.4179842174053192,1.1048910328428443
16,9.364346504211426,0.8055480718612671,0.4189566969871521,1.1013949119288173
16,9.385382652282715,0.8051722645759583,0.419975608587265,1.097957203809236
16,9.40644359588623,0.8048047423362732,0.42104554176330566,1.0945448316401902
16,9.427528381347656,0.8044440150260925,0.42217007279396057,1.0911281230207908
16,9.448636054992676,0.8040890097618103,0.423351526260376,1.087682765644533
16,9.469767570495605,0.8037387132644653,0.424591064453125,1.0841931808115643
16,9.490921974182129,0.8033929467201233,0.42588841915130615,1.0806497978592637
16,9.512123107910156,0.8030515909194946,0.4272439479827881,1.0770544740483508
16,9.533346176147461,0.8027158975601196,0.42865368723869324,1.0734343378492548
16,9.55458927154541,0.8023871779441833,0.43011465668678284,1.069814543711986
16,9.575854301452637,0.802067220211029,0.4316236078739166,1.0662242978405376
16,9.597138404846191,0.8017578125,0.43317705392837524,1.0626939610943764
16,9.618443489074707,0.801460862159729,0.434771865606308,1.0592513605328913
16,9.63976764678955,0.8011779189109802,0.43640533089637756,1.055918648781963
16,9.661110877990723,0.8009103536605835,0.4380752742290497,1.0527105770914846
16,9.682474136352539,0.8006588816642761,0.439780056476593,1.0496330866576682
16,9.703855514526367,0.8004239797592163,0.44151851534843445,1.0466835132161352
16,9.725255966186523,0.8002054691314697,0.4432898759841919,1.0438518600889257
16,9.746673583984375,0.8000028133392334,0.4450935125350952,1.041122776026239
16,9.768109321594238,0.7998152375221252,0.4469287395477295,1.038474996345867
16,9.78954792022705,0.7996419072151184,0.44879356026649475,1.0358927404265323
16,9.811006546020508,0.7994817495346069,0.45068812370300293,1.0333553302915734
16,9.832484245300293,0.7993336915969849,0.45261090993881226,1.0308460453643022
16,9.85398006439209,0.7991970181465149,0.4545598030090332,1.0283518227289787
16,9.875495910644531,0.7990710139274597,0.45653215050697327,1.0258633805718549
16,9.8970308303833,0.7989553213119507,0.4585248827934265,1.0233653698772447
16,9.918563842773438,0.798849880695343,0.46053260564804077,1.0208904198298103
16,9.940118789672852,0.7987544536590576,0.46255385875701904,1.018401099606687
16,9.961673736572266,0.7986692190170288,0.464582622051239,1.015901055616936
16,9.98322868347168,0.7985942363739014,0.4666150212287903,1.0132407572105404
16,10.004783630371094,0.7985292077064514,0.46864739060401917,1.0105500934423515
16,10.026338577270508,0.7984743714332581,0.4706761837005615,1.007872717442683
16,10.047895431518555,0.7984297275543213,0.4726979434490204,1.0052160012052909
16,10.069452285766602,0.7983952164649963,0.47470954060554504,1.0025815997898002
16,10.091010093688965,0.7983707785606384,0.4767080545425415,0.9999676024262342
16,10.112569808959961,0.798356294631958,0.4786907434463501,0.9973730915522416
16,10.13413143157959,0.798351526260376,0.48065507411956787,0.9947944417103419
16,10.155701637268066,0.7983564138412476,0.4825993478298187,0.9922232215117768
16,10.17734432220459,0.7983708381652832,0.48452675342559814,0.9896410469292576
16,10.199312210083008,0.7983952760696411,0.48645666241645813,0.9870148615927421
16,10.221282958984375,0.7984296679496765,0.4883577823638916,0.9844158367287301
16,10.244157791137695,0.7984761595726013,0.4903043210506439,0.9817354808746234
16,10.268745422363281,0.7985384464263916,0.49235713481903076,0.9787708217095481
16,10.295564651489258,0.7986214756965637,0.49454766511917114,0.9756685852175631
16,10.322388648986816,0.7987210750579834,0.49668556451797485,0.9726376777136865
16,10.35119342803955,0.798848032951355,0.49891942739486694,0.9694105003284651
16,10.38000202178955,0.7989969253540039,0.501087486743927,0.9663161483759903
16,10.409985542297363,0.7991765737533569,0.5032714605331421,0.9631011953125471
16,10.440418243408203,0.799386203289032,0.5054116249084473,0.9599084572032263
16,10.470856666564941,0.7996243238449097,0.5074741244316101,0.9567823558178881
16,10.501399040222168,0.7998933792114258,0.5094659328460693,0.9536605346457843
16,10.531956672668457,0.8001936078071594,0.5113819241523743,0.9506267917510169
16,10.562518119812012,0.8005258440971375,0.5132225155830383,0.9475898399086753
16,10.593083381652832,0.8008908033370972,0.5149911642074585,0.9445833778606223
16,10.623652458190918,0.8012883067131042,0.5166904330253601,0.9414912056455037
16,10.654224395751953,0.8017179369926453,0.5183253288269043,0.9383912507920401
16,10.684798240661621,0.8021795749664307,0.5199019312858582,0.9352728354462816
16,10.715375900268555,0.8026731014251709,0.5214247703552246,0.9321127556885322
16,10.745953559875488,0.8031981587409973,0.52290278673172,0.9289187719990949
16,10.776534080505371,0.8037546873092651,0.5243422389030457,0.9256180314663826
16,10.807114601135254,0.8043429255485535,0.5257517695426941,0.9222687850099118
16,10.837695121765137,0.8049634695053101,0.5271414518356323,0.9187938031870523
16,10.86827564239502,0.8056171536445618,0.5285179018974304,0.915193992842404
16,10.898855209350586,0.8063058257102966,0.5298927426338196,0.9115327597638921
16,10.929433822631836,0.807031512260437,0.5312740802764893,0.9076086400467457
16,10.96001148223877,0.8077966570854187,0.5326710343360901,0.9036092554851213
16,10.990586280822754,0.8086050748825073,0.534094512462616,0.899426315512271
16,11.021158218383789,0.8094597458839417,0.5355510115623474,0.8950236195897497
16,11.051727294921875,0.8103656768798828,0.5370513796806335,0.8905687069504888
16,11.082290649414062,0.8113276958465576,0.5386033058166504,0.8857768939848069
16,11.112850189208984,0.8123503923416138,0.5402137041091919,0.8809086821223544
16,11.143403053283691,0.8134405016899109,0.5418913960456848,0.8758321363902392
16,11.173949241638184,0.8146029710769653,0.5436414480209351,0.8705504487879449
16,11.204488754272461,0.8158448934555054,0.5454707145690918,0.8652996293151483
16,11.235020637512207,0.817173957824707,0.54738450050354,0.8598901129436147
16,11.265542030334473,0.8185958862304688,0.5493865013122559,0.8545345882995142
16,11.296060562133789,0.8201202154159546,0.5514814257621765,0.8492480258037746
16,11.326567649841309,0.821753203868866,0.5536708235740662,0.8440209988351065
16,11.357085227966309,0.8235045075416565,0.5559585094451904,0.838998719978536
16,11.387652397155762,0.8253867030143738,0.558347225189209,0.834144208906722
16,11.418203353881836,0.8274030089378357,0.5608317852020264,0.8295582022808307
16,11.44887638092041,0.82957524061203,0.5634198188781738,0.825298612506838
16,11.47952938079834,0.8319089412689209,0.5660960674285889,0.8215804168654364
16,11.510409355163574,0.8344411253929138,0.5688775181770325,0.8181616478581132
16,11.546527862548828,0.8376410007476807,0.5722243189811707,0.8148483031729077
16,11.58261489868164,0.8411141037940979,0.5756396651268005,0.8131850404894602
16,11.647909164428711,0.848099946975708,0.5819236636161804,0.8115056312601362
16,11.71308708190918,0.8560561537742615,0.5882595181465149,0.8157540116540105
16,11.7781400680542,0.8650642037391663,0.5944734811782837,0.8222658420217505
16,11.905811309814453,0.8855860233306885,0.6059386134147644,0.8480707056274089
16,12.033124923706055,0.9086207747459412,0.6166117787361145,0.8805796964078105
16,12.15269947052002,0.9307191967964172,0.6260842680931091,0.9113055708169233
16,12.272784233093262,0.9518153667449951,0.6349180340766907,0.9425537107801811
16,12.393258094787598,0.9709605574607849,0.64286208152771,0.9701696776444437
16,12.490347862243652,0.9842061996459961,0.6483982801437378,0.9880219476667147
17,0.8097378015518188,-0.43284010887145996,2.423539400100708,1.0036800180116268
17,0.8572176694869995,-0.43285876512527466,2.425365447998047,1.0042032372005782
17,0.9780152440071106,-0.4329093396663666,2.4305872917175293,1.0066224203577165
17,1.082471251487732,-0.43295592069625854,2.435730218887329,1.0090757876636631
17,1.204237937927246,-0.4330120384693146,2.442164182662964,1.0128517412986653
17,1.325990915298462,-0.4330695867538452,2.448850631713867,1.0169231930792226
17,1.4481441974639893,-0.4331286549568176,2.4553873538970947,1.021166660149573
17,1.5703227519989014,-0.4331900477409363,2.4614291191101074,1.025417436932675
17,1.6926552057266235,-0.43325525522232056,2.466646909713745,1.0294854723382805
17,1.815061092376709,-0.433327317237854,2.4705886840820312,1.033274009984616
17,1.9375059604644775,-0.43340858817100525,2.4730074405670166,1.036162321165568
17,2.0599775314331055,-0.43350329995155334,2.473543643951416,1.038708710074329
17,2.1824417114257812,-0.43361490964889526,2.4720776081085205,1.0394347572340121
17,2.304863929748535,-0.43374621868133545,2.4685473442077637,1.039263010512749
17,2.427215337753296,-0.43389976024627686,2.46308970451355,1.0378647495136075
17,2.549475908279419,-0.4340765178203583,2.4558708667755127,1.0346378881293616
17,2.671640634536743,-0.43427714705467224,2.447176456451416,1.0307758773709057
17,2.793715000152588,-0.4345020055770874,2.43729305267334,1.0254240174579217
17,2.915703296661377,-0.4347515404224396,2.426398277282715,1.0193783896545192
17,3.0376176834106445,-0.4350268840789795,2.4147026538848877,1.012684356418104
17,3.159461498260498,-0.43532949686050415,2.402294397354126,1.004798968956812
17,3.281240463256836,-0.4356613755226135,2.389266014099121,0.9963879810915056
17,3.4029598236083984,-0.4360262453556061,2.375692129135132,0.9868333306755589
17,3.5246212482452393,-0.43642735481262207,2.3616092205047607,0.9760816619007631
17,3.6462321281433105,-0.43687132000923157,2.3470969200134277,0.9644622271606724
17,3.7678000926971436,-0.43736496567726135,2.33223032951355,0.9505756053565518
17,3.8893139362335205,-0.4379158020019531,2.317091941833496,0.9355454896267124
17,4.010601997375488,-0.4385376274585724,2.301915407180786,0.9184417174817765
17,4.131901741027832,-0.4392455816268921,2.2868399620056152,0.8995105938000685
17,4.252175807952881,-0.44006213545799255,2.2723844051361084,0.8793660011355328
17,4.369325637817383,-0.4410034120082855,2.2591865062713623,0.859096356930137
17,4.461528778076172,-0.4418710172176361,2.2496979236602783,0.8432828979668578
17,4.572636604309082,-0.4431125819683075,2.239832639694214,0.8257285193390468
17,4.683906555175781,-0.4446093738079071,2.232069969177246,0.8106622564573284
17,4.786857604980469,-0.446267694234848,2.227287530899048,0.7998665053113119
17,4.8820013999938965,-0.44806092977523804,2.2252206802368164,0.7936241074479277
17,4.977161407470703,-0.45011988282203674,2.225576400756836,0.7919393076119551
17,5.067087173461914,-0.45231303572654724,2.2281620502471924,0.7936689453099162
17,5.154494285583496,-0.45467111468315125,2.2326724529266357,0.7980093200281307
17,5.241003036499023,-0.45721882581710815,2.238909959793091,0.8043176599655293
17,5.327223300933838,-0.4599677622318268,2.246706962585449,0.8118006159257936
17,5.414239883422852,-0.46295788884162903,2.2559993267059326,0.8202263132986695
17,5.504796028137207,-0.4663069248199463,2.266965866088867,0.8293227087478671
17,5.59520149230957,-0.4699067175388336,2.279041290283203,0.8382923728554594
17,5.689408302307129,-0.47395679354667664,2.2926528453826904,0.847218224032533
17,5.7870707511901855,-0.4785233736038208,2.307720422744751,0.8559342869375661
17,5.887671947479248,-0.48367956280708313,2.3241477012634277,0.8643326385513797
17,5.990545749664307,-0.48949962854385376,2.3418116569519043,0.8722289934425497
17,6.0932464599609375,-0.4959399700164795,2.3602523803710938,0.8799045874457548
17,6.1974263191223145,-0.5032204985618591,2.3797218799591064,0.887936694449996
17,6.302206039428711,-0.5114312171936035,2.4000258445739746,0.8965861271893121
17,6.407794952392578,-0.5207659006118774,2.4211201667785645,0.9066785197054972
17,6.513193607330322,-0.5312661528587341,2.4426136016845703,0.9187625037990124
17,6.617603302001953,-0.5429136157035828,2.464010000228882,0.9322860188658685
17,6.693828105926514,-0.5522133111953735,2.4793765544891357,0.9429510818848907
17,6.7482991218566895,-0.5592567920684814,2.490064859390259,0.9504989494166174
17,6.802799224853516,-0.5666132569313049,2.50039005279541,0.9591792794003937
17,6.828873157501221,-0.570236086845398,2.505171537399292,0.9626087093955235
17,6.854676246643066,-0.573885440826416,2.5097875595092773,0.965811105540493
17,6.880277633666992,-0.5775667428970337,2.514244556427002,0.968773468289851
17,6.905852794647217,-0.5813013911247253,2.5185675621032715,0.9715236666041603
17,6.931422710418701,-0.5850903391838074,2.5227530002593994,0.9740740946709326
17,6.95700740814209,-0.5889341235160828,2.526796817779541,0.9763005593052897
17,6.982480525970459,-0.592810869216919,2.5306742191314697,0.978138957801292
17,7.007840156555176,-0.5967161655426025,2.534383773803711,0.9796172490204114
17,7.032912254333496,-0.6006207466125488,2.5378971099853516,0.9807118276151084
17,7.058101654052734,-0.6045863032341003,2.5412697792053223,0.9814656257556093
17,7.083281993865967,-0.6085924506187439,2.5444819927215576,0.9818258809479282
17,7.108335018157959,-0.6126194596290588,2.547518253326416,0.9817567766641551
17,7.133256912231445,-0.6166663765907288,2.550379991531372,0.9811778404817458
17,7.158189296722412,-0.6207567453384399,2.5530850887298584,0.9801633326033206
17,7.182985305786133,-0.624867856502533,2.555619716644287,0.9787303436218117
17,7.207642555236816,-0.6290011405944824,2.5579888820648193,0.9768992085816689
17,7.232471942901611,-0.6332116723060608,2.560224771499634,0.9747303514189873
17,7.257165431976318,-0.6374502182006836,2.562302827835083,0.972202161036241
17,7.281721591949463,-0.6417194604873657,2.5642294883728027,0.9693488860585983
17,7.306139945983887,-0.6460227966308594,2.566012382507324,0.9662082094432132
17,7.330420970916748,-0.6503639221191406,2.567659378051758,0.9628197782995446
17,7.354755878448486,-0.6547826528549194,2.5691912174224854,0.9591756585253434
17,7.379084587097168,-0.6592741012573242,2.570610761642456,0.9553237755487256
17,7.4032793045043945,-0.6638199687004089,2.5719192028045654,0.9513562626697855
17,7.427341938018799,-0.6684246063232422,2.5731260776519775,0.9473292274886412
17,7.4514241218566895,-0.6731210350990295,2.574247360229492,0.9432374151686413
17,7.475379943847656,-0.6778861284255981,2.575286388397217,0.9391243960653926
17,7.499406814575195,-0.6827653050422668,2.5762627124786377,0.9349875186984263
17,7.523314952850342,-0.6877248883247375,2.5771806240081787,0.9308816472051297
17,7.547107696533203,-0.6927685141563416,2.5780532360076904,0.9268119628808317
17,7.570789337158203,-0.6978994607925415,2.57889461517334,0.9227692012496402
17,7.594363689422607,-0.7031211853027344,2.5797195434570312,0.918737955958308
17,7.618021011352539,-0.7084804773330688,2.580549955368042,0.9146568008434116
17,7.641575813293457,-0.7139396071434021,2.581395387649536,0.9104893757740489
17,7.6650309562683105,-0.7195034027099609,2.582273006439209,0.9062139515271623
17,7.688816547393799,-0.7252790331840515,2.5832154750823975,0.9017620924616627
17,7.712485313415527,-0.7311669588088989,2.584221363067627,0.8970021358051765
17,7.735706329345703,-0.7370901703834534,2.5852854251861572,0.8919260893227234
17,7.759170055389404,-0.7432292699813843,2.586437225341797,0.8863944803421934
17,7.782527446746826,-0.7495072484016418,2.5876405239105225,0.8800303002939596
17,7.805778980255127,-0.7559387683868408,2.5888450145721436,0.8722551809820489
17,7.828981876373291,-0.7625600099563599,2.589958429336548,0.8629013686689188
17,7.852167129516602,-0.7694138288497925,2.5908312797546387,0.8518957095557536
17,7.871333599090576,-0.775290310382843,2.591209888458252,0.8409201851799107
17,7.8940558433532715,-0.7825551629066467,2.5909032821655273,0.8235633417269883
17,7.914078712463379,-0.7892358303070068,2.5896244049072266,0.8060864144110707
17,7.937068939208984,-0.7971889972686768,2.5866081714630127,0.784091847922398
17,7.955099582672119,-0.8035383820533752,2.582963466644287,0.7656678663621188
17,7.977703094482422,-0.811414897441864,2.5770130157470703,0.7434513899566024
17,8.000128746032715,-0.8189650177955627,2.5701065063476562,0.7230609889345423
17,8.022576332092285,-0.8261576294898987,2.562629461288452,0.7028090259310862
17,8.0451021194458,-0.8329605460166931,2.5548105239868164,0.683106326344741
17,8.067508697509766,-0.8393064141273499,2.5468227863311768,0.6657906589309255
17,8.089877128601074,-0.8452489972114563,2.5386009216308594,0.650940936607845
17,8.11214542388916,-0.8508186340332031,2.5300276279449463,0.6380285923822281
17,8.133803367614746,-0.8559284806251526,2.521073579788208,0.6269912577226487
17,8.15571117401123,-0.8608027100563049,2.5112056732177734,0.61777948891679
17,8.17724895477295,-0.8652804493904114,2.5005245208740234,0.609702969410299
17,8.198369026184082,-0.8693101406097412,2.4890081882476807,0.6028507495109072
17,8.218979835510254,-0.8728227615356445,2.476771593093872,0.59660386644809
17,8.239189147949219,-0.8757866024971008,2.4638631343841553,0.5907178686060061
17,8.259025573730469,-0.878154456615448,2.4503979682922363,0.5849875060414177
17,8.27851390838623,-0.8798879981040955,2.4364571571350098,0.5796316366733758
17,8.297607421875,-0.8809467554092407,2.4221816062927246,0.5746030046668611
17,8.316389083862305,-0.8813070058822632,2.407578468322754,0.5699278288216297
17,8.334855079650879,-0.880939781665802,2.392719268798828,0.5655296423249423
17,8.352954864501953,-0.8798250555992126,2.3776981830596924,0.5614350971515817
17,8.370756149291992,-0.8779385089874268,2.3625071048736572,0.5575649772384385
17,8.388191223144531,-0.8752710819244385,2.347249984741211,0.5539307843315731
17,8.405316352844238,-0.8718000650405884,2.3319127559661865,0.5504046255053324
17,8.422066688537598,-0.8675341606140137,2.316603660583496,0.5470530006050652
17,8.438493728637695,-0.8624492883682251,2.301300048828125,0.5439084919125898
17,8.4545259475708,-0.8565609455108643,2.286094903945923,0.5410523481091646
17,8.4701509475708,-0.8498748540878296,2.271021842956543,0.5384810878359009
17,8.485405921936035,-0.8423757553100586,2.25606369972229,0.5361562027614801
17,8.50023078918457,-0.8341051936149597,2.241305112838745,0.5342793453315343
17,8.514644622802734,-0.8250423073768616,2.226714611053467,0.532898967835124
17,8.528629302978516,-0.8152098655700684,2.212322473526001,0.5320406481169997
17,8.542121887207031,-0.8046607375144958,2.198190927505493,0.5317574682522076
17,8.555142402648926,-0.7933909296989441,2.1842916011810303,0.5322177590978745
17,8.56764030456543,-0.781470775604248,2.170682191848755,0.5332451507254279
17,8.579599380493164,-0.7689394354820251,2.1573703289031982,0.5351156554235672
17,8.591094017028809,-0.7557575106620789,2.144282341003418,0.5375295022176375
17,8.602066040039062,-0.7420105338096619,2.1314737796783447,0.5408322558506107
17,8.612536430358887,-0.7277253270149231,2.1189329624176025,0.5446167075184379
17,8.622557640075684,-0.7128621935844421,2.106600761413574,0.5492281751833332
17,8.632043838500977,-0.6976000070571899,2.094590187072754,0.5542776041102804
17,8.641077995300293,-0.6818817853927612,2.082825183868408,0.5599634373113768
17,8.649665832519531,-0.6657367944717407,2.0713062286376953,0.5660689921343355
17,8.657801628112793,-0.6492753624916077,2.0600807666778564,0.5726491606377746
17,8.665513038635254,-0.6325018405914307,2.0491316318511963,0.5795228846624777
17,8.67282772064209,-0.6154623031616211,2.0384654998779297,0.5864402236872446
17,8.679924011230469,-0.5977932214736938,2.0278475284576416,0.5941651340897038
17,8.686650276184082,-0.5799395442008972,2.0175459384918213,0.6015414110608457
17,8.692971229553223,-0.5621290802955627,2.007667064666748,0.608984298638871
17,8.699007987976074,-0.5441345572471619,1.9980703592300415,0.616542849270057
17,8.704950332641602,-0.5254738330841064,1.9885019063949585,0.6237974417783877
17,8.710670471191406,-0.5066049695014954,1.979210376739502,0.6312703841687216
17,8.716020584106445,-0.4881531298160553,1.9704883098602295,0.6382728360647617
17,8.721222877502441,-0.4695098400115967,1.962032437324524,0.6447856718110178
17,8.726298332214355,-0.45069465041160583,1.9538590908050537,0.6513440070372932
17,8.731263160705566,-0.4317238926887512,1.945982813835144,0.6575473611226216
17,8.73613166809082,-0.41265061497688293,1.9384334087371826,0.6629267804331589
17,8.74092960357666,-0.39348623156547546,1.9312249422073364,0.6681951555556133
17,8.74565315246582,-0.374327152967453,1.9244004487991333,0.6732981147247268
17,8.750344276428223,-0.35509464144706726,1.9179401397705078,0.6776289205591304
17,8.755038261413574,-0.3357388377189636,1.9118417501449585,0.681260665944636
17,8.75974178314209,-0.3163214325904846,1.9061414003372192,0.6846925248753646
17,8.7644681930542,-0.2968490421772003,1.900855302810669,0.6878934393149246
17,8.769230842590332,-0.27732932567596436,1.8960016965866089,0.6906787388538831
17,8.774039268493652,-0.25779038667678833,1.8916032314300537,0.6925647209469822
17,8.778911590576172,-0.2382255494594574,1.88767671585083,0.6938719994601587
17,8.783856391906738,-0.21864983439445496,1.8842439651489258,0.6948735852252966
17,8.7888822555542,-0.19907404482364655,1.881325125694275,0.6955398453496568
17,8.793994903564453,-0.1795104444026947,1.878941297531128,0.6955620240924307
17,8.79920482635498,-0.1599491387605667,1.877112865447998,0.6951233684898003
17,8.804510116577148,-0.14043031632900238,1.8758652210235596,0.6942751471015526
17,8.80991268157959,-0.12097108364105225,1.875219702720642,0.6930067003752989
17,8.815413475036621,-0.10159081965684891,1.8751988410949707,0.6911175049656307
17,8.821020126342773,-0.08228470385074615,1.8758255243301392,0.6886289050372089
17,8.826723098754883,-0.06310246139764786,1.8771188259124756,0.6857546941448815
17,8.83251953125,-0.044069450348615646,1.8790987730026245,0.6824233815566607
17,8.838400840759277,-0.025241613388061523,1.8817839622497559,0.6787255858869088
17,8.844383239746094,-0.006563786417245865,1.885196328163147,0.674393402112944
17,8.85049819946289,0.01206177193671465,1.8893834352493286,0.669807607633053
17,8.856703758239746,0.030440500006079674,1.8943487405776978,0.6648834187406726
17,8.86295223236084,0.04842306300997734,1.9000651836395264,0.6590960858762589
17,8.86927318572998,0.06608932465314865,1.9065736532211304,0.6529000717214051
17,8.87568187713623,0.0834634080529213,1.9139108657836914,0.646809865338342
17,8.882168769836426,0.10049933940172195,1.9220869541168213,0.640450611274035
17,8.888721466064453,0.11712425947189331,1.9311100244522095,0.6331693892686628
17,8.895312309265137,0.13325613737106323,1.9409615993499756,0.6263237246081347
17,8.901946067810059,0.14888770878314972,1.9516606330871582,0.6191199004104619
17,8.908595085144043,0.16391177475452423,1.9631751775741577,0.6116991954865934
17,8.915265083312988,0.17833131551742554,1.9755268096923828,0.6046093128769858
17,8.92194938659668,0.19207459688186646,1.9886987209320068,0.5972592703473173
17,8.928611755371094,0.20505672693252563,2.002631187438965,0.5903645028070302
17,8.935272216796875,0.21725612878799438,2.017331600189209,0.583522239291994
17,8.94189739227295,0.22859303653240204,2.032721757888794,0.5771554281072863
17,8.948492050170898,0.23901145160198212,2.0487422943115234,0.5712821097545128
17,8.955057144165039,0.24848592281341553,2.0653505325317383,0.5657364649402729
17,8.961604118347168,0.2570047080516815,2.0825207233428955,0.5606233817809467
17,8.968146324157715,0.26453495025634766,2.100177049636841,0.5561949974040741
17,8.97468090057373,0.27106061577796936,2.118241786956787,0.5522570021330141
17,8.98120403289795,0.2765704393386841,2.1366074085235596,0.5489460181832664
17,8.987759590148926,0.2810989022254944,2.1552720069885254,0.5459092976238987
17,8.99437427520752,0.28467217087745667,2.1742045879364014,0.5433514980940236
17,9.001028060913086,0.28730693459510803,2.1932764053344727,0.541162224901151
17,9.007760047912598,0.2890559434890747,2.2125043869018555,0.5392959379664898
17,9.014570236206055,0.2899650037288666,2.2318201065063477,0.5375642650769755
17,9.021448135375977,0.29009026288986206,2.251157760620117,0.5358693205312284
17,9.028403282165527,0.289492130279541,2.2705154418945312,0.53408310712434
17,9.035442352294922,0.288234144449234,2.289893627166748,0.5321673976882106
17,9.042548179626465,0.28638094663619995,2.3092563152313232,0.5299687303158706
17,9.049696922302246,0.28399574756622314,2.328569173812866,0.5274318129970806
17,9.05688762664795,0.28113389015197754,2.3478586673736572,0.5245391263514722
17,9.064111709594727,0.27784672379493713,2.36714768409729,0.5213638959175636
17,9.071348190307617,0.2741854190826416,2.386420965194702,0.51763929709163
17,9.07855224609375,0.2702028751373291,2.4056055545806885,0.5131870911061236
17,9.08574390411377,0.26591920852661133,2.42478609085083,0.5083968888699616
17,9.092917442321777,0.2613564729690552,2.443986415863037,0.5034352083838433
17,9.100058555603027,0.2565363347530365,2.4631903171539307,0.4981318256190789
17,9.107151985168457,0.2514779269695282,2.4823715686798096,0.49282000804517045
17,9.114211082458496,0.24618396162986755,2.501554489135742,0.48692349814314395
17,9.121230125427246,0.24066294729709625,2.520707607269287,0.48083892559478686
17,9.12820816040039,0.23491957783699036,2.5398099422454834,0.47467946332070243
17,9.135175704956055,0.22893497347831726,2.558912992477417,0.46864834242579545
17,9.142133712768555,0.2227148562669754,2.5779919624328613,0.46245919297444427
17,9.149080276489258,0.21626177430152893,2.597018003463745,0.4558325107856702
17,9.156010627746582,0.20958083868026733,2.6159706115722656,0.4493148944073969
17,9.162940979003906,0.2026567906141281,2.6349003314971924,0.44297350055451357
17,9.169856071472168,0.1955026090145111,2.6537935733795166,0.4364253821935621
17,9.17672061920166,0.18814118206501007,2.6726033687591553,0.42964525852068697
17,9.183533668518066,0.1805625706911087,2.691387176513672,0.4231862332898801
17,9.19027042388916,0.17277668416500092,2.7101540565490723,0.41680892593587754
17,9.1968994140625,0.16479909420013428,2.7288990020751953,0.41023523159452735
17,9.20339298248291,0.15664727985858917,2.7476160526275635,0.40410679144413114
17,9.209918975830078,0.14807313680648804,2.7668747901916504,0.3979049793105428
17,9.216089248657227,0.13957540690898895,2.7855756282806396,0.3920504792601843
17,9.222240447998047,0.13068462908267975,2.8047704696655273,0.38627328029818864
17,9.228195190429688,0.12163673341274261,2.8239195346832275,0.38080569639231965
17,9.233959197998047,0.11243788152933121,2.8430325984954834,0.3755076427667942
17,9.239551544189453,0.10306552797555923,2.862133741378784,0.3704755558939786
17,9.244973182678223,0.09353946894407272,2.881162166595459,0.3654846540285878
17,9.25024127960205,0.0838586613535881,2.900118589401245,0.3608028075077456
17,9.255356788635254,0.07405432313680649,2.9189329147338867,0.35652241240967186
17,9.260321617126465,0.06417303532361984,2.9375202655792236,0.35239030605549027
17,9.265199661254883,0.05413007736206055,2.9560434818267822,0.3486116782486006
17,9.270005226135254,0.043942295014858246,2.97446870803833,0.34516479690625895
17,9.27476978302002,0.03360139578580856,2.992828369140625,0.3420208564323999
17,9.279515266418457,0.023106012493371964,3.0111212730407715,0.33915354437421685
17,9.284265518188477,0.012460942380130291,3.029355525970459,0.3366475263949798
17,9.289039611816406,0.0016827320214360952,3.0475120544433594,0.3343850420295386
17,9.293859481811523,-0.009221644140779972,3.06559157371521,0.3325013839264986
17,9.298747062683105,-0.020233256742358208,3.083585023880005,0.3308913744770053
17,9.303719520568848,-0.031346410512924194,3.101492404937744,0.3295982872174951
17,9.308801651000977,-0.04254329577088356,3.119312286376953,0.3285654804652662
17,9.314011573791504,-0.05381815508008003,3.1370456218719482,0.32777609009126574
17,9.319371223449707,-0.06515657901763916,3.154693841934204,0.32730233464555747
17,9.324896812438965,-0.07655008882284164,3.172255039215088,0.3269582012979077
17,9.330609321594238,-0.08798506110906601,3.1897292137145996,0.32692430427595576
17,9.336525917053223,-0.09945154190063477,3.2071151733398438,0.32697849077946256
17,9.342660903930664,-0.11093948036432266,3.2244105339050293,0.3273429510098929
17,9.349034309387207,-0.12243722379207611,3.2416133880615234,0.3277548933416945
17,9.355659484863281,-0.13393522799015045,3.258720636367798,0.32840390954054727
17,9.362553596496582,-0.145423024892807,3.2757277488708496,0.32913738555015376
17,9.369729995727539,-0.1568906456232071,3.292631149291992,0.33003027353864656
17,9.377209663391113,-0.16832667589187622,3.30942440032959,0.3310619113920308
17,9.385001182556152,-0.17972221970558167,3.3261029720306396,0.33220513725671125
17,9.39312744140625,-0.19106368720531464,3.3426575660705566,0.3335157238601815
17,9.401604652404785,-0.20233668386936188,3.3590831756591797,0.3349811907249908
17,9.410449028015137,-0.21352997422218323,3.375369071960449,0.33666861704023515
17,9.419682502746582,-0.2246217578649521,3.391507863998413,0.33852747702022007
17,9.429327964782715,-0.23559115827083588,3.4074883460998535,0.34078428941822553
17,9.439403533935547,-0.2464170604944229,3.423299551010132,0.343360860031822
17,9.449936866760254,-0.2570655643939972,3.438932180404663,0.34634503083260704
17,9.460953712463379,-0.26750850677490234,3.454369306564331,0.3500461802348794
17,9.472468376159668,-0.2777106463909149,3.469602108001709,0.35429351387324504
17,9.484516143798828,-0.2876276969909668,3.484609603881836,0.35941609992203893
17,9.497100830078125,-0.29723072052001953,3.4993786811828613,0.36549538009102955
17,9.51024055480957,-0.3064727485179901,3.5138919353485107,0.3723395962156213
17,9.523942947387695,-0.3153230845928192,3.5281264781951904,0.38070420172723834
17,9.53819751739502,-0.3237534463405609,3.542069673538208,0.38967169437677146
17,9.553001403808594,-0.3317362070083618,3.555701494216919,0.40025079485869075
17,9.56833553314209,-0.3392574191093445,3.5690054893493652,0.4115495942198921
17,9.584178924560547,-0.3463055491447449,3.58196759223938,0.42403453111679074
17,9.600496292114258,-0.352882981300354,3.5945851802825928,0.4372737956106903
17,9.617269515991211,-0.35898447036743164,3.6068367958068848,0.45157054445646305
17,9.634462356567383,-0.36462265253067017,3.6187245845794678,0.4663365607163242
17,9.652047157287598,-0.36980706453323364,3.6302409172058105,0.4818724240033806
17,9.669988632202148,-0.37455183267593384,3.641390085220337,0.49762344310834467
17,9.688261985778809,-0.37887343764305115,3.6521666049957275,0.5141511212309667
17,9.706842422485352,-0.38278359174728394,3.6625680923461914,0.5307489539166415
17,9.725703239440918,-0.3862985670566559,3.6725997924804688,0.5476215414561006
17,9.74482250213623,-0.3894379734992981,3.682260513305664,0.5645852738315071
17,9.764176368713379,-0.3922148644924164,3.6915571689605713,0.5815447744462231
17,9.783746719360352,-0.3946470022201538,3.700490951538086,0.5984973032568108
17,9.803515434265137,-0.3967486023902893,3.709064483642578,0.615369317881315
17,9.823466300964355,-0.39852920174598694,3.7172813415527344,0.6321068835699105
17,9.843584060668945,-0.4000067412853241,3.725144863128662,0.6486115458385532
17,9.86385440826416,-0.40119248628616333,3.7326579093933105,0.6649851925904039
17,9.88426399230957,-0.4020932912826538,3.7398223876953125,0.681157908080141
17,9.904802322387695,-0.4027223587036133,3.7466423511505127,0.6968125213694251
17,9.925457954406738,-0.40309280157089233,3.753122091293335,0.7121997428701152
17,9.94621753692627,-0.40321236848831177,3.7592644691467285,0.7273126503952577
17,9.967073440551758,-0.40308892726898193,3.76507306098938,0.7421087448846967
17,9.988016128540039,-0.40273383259773254,3.77055287361145,0.7562197234603566
17,10.00903606414795,-0.40215763449668884,3.7757089138031006,0.7699725991747773
17,10.030123710632324,-0.4013678729534149,3.7805447578430176,0.7833472319990986
17,10.051274299621582,-0.400372177362442,3.785064458847046,0.7963241704412395
17,10.072478294372559,-0.39917829632759094,3.789271831512451,0.8088926935944232
17,10.093729019165039,-0.39779460430145264,3.793172597885132,0.8207814339735733
17,10.115020751953125,-0.39623069763183594,3.796774387359619,0.8321832295756466
17,10.136345863342285,-0.3944941461086273,3.800081729888916,0.8431492453159221
17,10.157708168029785,-0.39259180426597595,3.803100347518921,0.8536892098395932
17,10.179162979125977,-0.3905245363712311,3.805842638015747,0.8638428663591375
17,10.200957298278809,-0.38827165961265564,3.808337926864624,0.87372250708159
17,10.222766876220703,-0.38587135076522827,3.8105499744415283,0.8830856690502146
17,10.245482444763184,-0.38322532176971436,3.812560558319092,0.8922800831692772
17,10.269903182983398,-0.3802272081375122,3.814401388168335,0.9015950555708354
17,10.296541213989258,-0.37679076194763184,3.816047191619873,0.9108902005623082
17,10.323177337646484,-0.3731923997402191,3.817331552505493,0.9195182710146763
17,10.35176944732666,-0.36916664242744446,3.8183224201202393,0.9282833135288999
17,10.378377914428711,-0.36528047919273376,3.818896532058716,0.935685434124371
18,1.126841425895691,-0.13068214058876038,0.759443998336792,1.0068275603477495
18,1.2482672929763794,-0.1307637095451355,0.771060049533844,1.001162905942551
18,1.3694778680801392,-0.13084056973457336,0.7847511172294617,0.9951761072040636
18,1.4522991180419922,-0.13088880479335785,0.7950634360313416,0.9921880800713552
18,1.5737425088882446,-0.13095620274543762,0.8106353878974915,0.9915478609890895
18,1.6952273845672607,-0.13102257251739502,0.825877845287323,0.9920501470702277
18,1.8169260025024414,-0.13109594583511353,0.8395040035247803,0.9931312456178791
18,1.9090298414230347,-0.1311580240726471,0.8482841849327087,0.993266451453362
18,2.0312063694000244,-0.1312546581029892,0.856704831123352,0.993444998886437
18,2.1535918712615967,-0.13136880099773407,0.861102819442749,0.9951784839512027
18,2.276057004928589,-0.13150224089622498,0.8610199689865112,0.9981906120493638
18,2.398455858230591,-0.13166289031505585,0.8569366931915283,1.004213575532671
18,2.52069354057312,-0.13185763359069824,0.8494110107421875,1.0129382233298156
18,2.642777681350708,-0.13210037350654602,0.8396950364112854,1.0238631498296082
18,2.7647435665130615,-0.1323913186788559,0.8286623954772949,1.0386548081428917
18,2.8866708278656006,-0.13272513449192047,0.8172130584716797,1.0564532524661143
18,3.0086231231689453,-0.13306066393852234,0.8060309290885925,1.0796760703867618
18,3.130628824234009,-0.13335570693016052,0.7954497933387756,1.1120710774709355
18,3.2527015209198,-0.13351626694202423,0.7856673002243042,1.1503184968410556
18,3.3747918605804443,-0.1334744244813919,0.7761049866676331,1.2053685298284564
18,3.4968442916870117,-0.13316230475902557,0.7660821080207825,1.2665407642452948
18,3.6186892986297607,-0.13244310021400452,0.7538244128227234,1.3378405238093996
18,3.7401583194732666,-0.1312456876039505,0.7383555769920349,1.4098452801598202
18,3.8608431816101074,-0.12947168946266174,0.7179132699966431,1.480787428256119
18,3.9802675247192383,-0.12767037749290466,0.6920779347419739,1.5339616526924347
18,4.098336219787598,-0.12628225982189178,0.6605879068374634,1.5789839240972283
18,4.181967258453369,-0.1258309781551361,0.6358466744422913,1.594247368997228
18,4.29728364944458,-0.1259150505065918,0.5984975099563599,1.5883200266735351
18,4.409517288208008,-0.1265905797481537,0.5615401268005371,1.5645862474523196
18,4.473460674285889,-0.12723089754581451,0.540887176990509,1.5459327812209616
18,4.581401348114014,-0.12895841896533966,0.5112730264663696,1.5251177229816753
18,4.622273921966553,-0.12982413172721863,0.5021483302116394,1.5259692901340378
18,4.7268452644348145,-0.13305123150348663,0.48777949810028076,1.5603218539684127
18,4.779928684234619,-0.1352919340133667,0.485615998506546,1.5895612104163928
18,4.880916118621826,-0.14137212932109833,0.4893989861011505,1.662381342698531
18,4.921763896942139,-0.14454521238803864,0.49355950951576233,1.6878666074869133
18,5.018728733062744,-0.15337568521499634,0.5055777430534363,1.737366494210563
18,5.079749584197998,-0.15941214561462402,0.5136281251907349,1.7533026598804404
18,5.176455020904541,-0.16856084764003754,0.5241183042526245,1.770459239254411
18,5.274614334106445,-0.1764187067747116,0.5292320251464844,1.7725791529846209
18,5.374166965484619,-0.1824219524860382,0.5289901494979858,1.7458961245753861
18,5.473811149597168,-0.18615224957466125,0.5271628499031067,1.6926395705425274
18,5.574040412902832,-0.18726220726966858,0.5319236516952515,1.6257147934806373
18,5.672913074493408,-0.18565590679645538,0.5487442016601562,1.5654884155922164
18,5.768720626831055,-0.18270562589168549,0.5761011838912964,1.5017216431222813
18,5.8010783195495605,-0.18154476583003998,0.5875542759895325,1.4770294555135552
18,5.893295764923096,-0.17868845164775848,0.6218699812889099,1.3991673096258852
18,5.934482574462891,-0.1776227205991745,0.6376599073410034,1.3617239421829754
18,6.0264482498168945,-0.17591795325279236,0.670883059501648,1.2723527830161094
18,6.11984395980835,-0.1749885082244873,0.6998412013053894,1.1958643293449736
18,6.201490879058838,-0.17467272281646729,0.7196299433708191,1.1443409267710802
18,6.293367385864258,-0.17466522753238678,0.7354621887207031,1.0996472414413145
18,6.38432502746582,-0.17483429610729218,0.7448250651359558,1.0632932234723207
18,6.475261211395264,-0.17499853670597076,0.7482972741127014,1.0350738505893229
18,6.566234111785889,-0.17501309514045715,0.7459973692893982,1.0146875995503204
18,6.655961036682129,-0.17478042840957642,0.7379012703895569,1.0054811012049671
18,6.703244209289551,-0.1745283454656601,0.7311728596687317,1.0058415179999451
18,6.7529072761535645,-0.17421658337116241,0.7221930027008057,1.0099054006181574
18,6.777151584625244,-0.17404189705848694,0.7171273827552795,1.0135639677603392
18,6.799385070800781,-0.17386826872825623,0.7121204733848572,1.0179643846632702
18,6.821442127227783,-0.1736929714679718,0.7068203687667847,1.0230378289921616
18,6.8433637619018555,-0.17352111637592316,0.7012360095977783,1.0289927634850071
18,6.865184307098389,-0.17335733771324158,0.6953803300857544,1.035817811316826
18,6.88693380355835,-0.17320647835731506,0.689267635345459,1.0436140401298541
18,6.908605575561523,-0.17307420074939728,0.6829241514205933,1.0522360108551547
18,6.930211544036865,-0.17296604812145233,0.6763715147972107,1.0613079801345944
18,6.951758861541748,-0.17288649082183838,0.6696295142173767,1.0708010929400313
18,6.97325325012207,-0.17284269630908966,0.6627224087715149,1.0809179745808444
18,6.9947028160095215,-0.17284274101257324,0.6556761860847473,1.0915718744644984
18,7.016115188598633,-0.17289409041404724,0.6485172510147095,1.102688261872533
18,7.037496566772461,-0.1730041801929474,0.641267716884613,1.1135625659368873
18,7.058853626251221,-0.17318210005760193,0.6339484453201294,1.1247242008695648
18,7.080195426940918,-0.17343536019325256,0.6265855431556702,1.1360018139898886
18,7.101529121398926,-0.1737685650587082,0.6192038655281067,1.1473641709588316
18,7.122862339019775,-0.17418764531612396,0.6118251085281372,1.1581120010453612
18,7.144200801849365,-0.17470324039459229,0.6044662594795227,1.1684656041757848
18,7.165550708770752,-0.17531900107860565,0.5971500873565674,1.1786482791967128
18,7.186919689178467,-0.1760353446006775,0.5898974537849426,1.1886865043562491
18,7.208312511444092,-0.17685361206531525,0.5827274322509766,1.1979904804996557
18,7.229732513427734,-0.17778411507606506,0.5756528973579407,1.20635668372618
18,7.251183986663818,-0.17882852256298065,0.5686903595924377,1.2144053874600065
18,7.272670269012451,-0.17998552322387695,0.561855137348175,1.2221387072843548
18,7.294195652008057,-0.1812542825937271,0.5551621913909912,1.2295250444336863
18,7.315760135650635,-0.1826407015323639,0.5486218333244324,1.2355808139362778
18,7.33736515045166,-0.18415360152721405,0.5422440767288208,1.2412698512312
18,7.359010696411133,-0.18579402565956116,0.5360388159751892,1.2466509194472362
18,7.380697250366211,-0.18756411969661713,0.53001469373703,1.2517291361572833
18,7.402423858642578,-0.18946656584739685,0.5241785049438477,1.2563987635025027
18,7.42418909072876,-0.19150811433792114,0.5185357928276062,1.2603492833512517
18,7.445989608764648,-0.19370399415493011,0.5130903124809265,1.2640340579146734
18,7.467822074890137,-0.19606198370456696,0.5078455209732056,1.2678474995772335
18,7.489683151245117,-0.1985897570848465,0.5028024315834045,1.2719631471811172
18,7.511569023132324,-0.20129474997520447,0.49795979261398315,1.2764933812977532
18,7.533474445343018,-0.20418310165405273,0.49331411719322205,1.2816197648494727
18,7.555396556854248,-0.2072591930627823,0.4888578951358795,1.2877176047135168
18,7.577330589294434,-0.21052305400371552,0.4845767021179199,1.294881870107717
18,7.59926700592041,-0.21396753191947937,0.4804512858390808,1.303256288141938
18,7.62121057510376,-0.21756690740585327,0.4764552414417267,1.312629780164837
18,7.643165588378906,-0.2212669402360916,0.4725690484046936,1.3225706064815104
18,7.66514253616333,-0.22497203946113586,0.46878498792648315,1.3321602889325677
18,7.687154769897461,-0.22857540845870972,0.4651050865650177,1.3402518268042831
18,7.709197521209717,-0.23197470605373383,0.46154895424842834,1.3467767525808287
18,7.7313055992126465,-0.2350763976573944,0.4581545293331146,1.3515938224288009
18,7.753493309020996,-0.23780636489391327,0.4549992084503174,1.3549219499319758
18,7.775773048400879,-0.24013377726078033,0.4522079825401306,1.3577775075879772
18,7.798149108886719,-0.2420712560415268,0.4499396085739136,1.3625668982609407
18,7.820615768432617,-0.24365338683128357,0.4483572244644165,1.3708474142200286
18,7.843148708343506,-0.24491600692272186,0.44756296277046204,1.380946307353269
18,7.865713596343994,-0.2458944171667099,0.44753313064575195,1.3889121130113777
18,7.888281345367432,-0.24663540720939636,0.4481033682823181,1.391689807618451
18,7.91084098815918,-0.24719926714897156,0.44906190037727356,1.3886978417206488
18,7.9333906173706055,-0.24764776229858398,0.4502359926700592,1.3811809919814044
18,7.9559326171875,-0.24802421033382416,0.45152774453163147,1.3708413963220643
18,7.978468418121338,-0.24835294485092163,0.45288747549057007,1.3586522423881615
18,8.001001358032227,-0.24864999949932098,0.45428407192230225,1.344938738101579
18,8.023533821105957,-0.24893131852149963,0.45569008588790894,1.3302638973539886
18,8.046067237854004,-0.2492128610610962,0.45707830786705017,1.3152372014300593
18,8.068602561950684,-0.249503493309021,0.4584271311759949,1.3002997251429644
18,8.091139793395996,-0.2497948557138443,0.4597265422344208,1.2857462358588347
18,8.113680839538574,-0.250062495470047,0.46098411083221436,1.2719945250298914
18,8.136222839355469,-0.2502768933773041,0.4622325301170349,1.259613824294786
18,8.158761978149414,-0.2504159212112427,0.463532030582428,1.249100404212464
18,8.181294441223145,-0.2504706382751465,0.46495896577835083,1.2406038511331599
18,8.203811645507812,-0.25044283270835876,0.4665989577770233,1.2339542921962643
18,8.226305961608887,-0.2503417432308197,0.46853193640708923,1.229192299927183
18,8.24876594543457,-0.25018370151519775,0.470821738243103,1.2258066530342497
18,8.2711820602417,-0.24999497830867767,0.47349992394447327,1.2230297580810066
18,8.293551445007324,-0.24981410801410675,0.4765561819076538,1.219993863099396
18,8.315874099731445,-0.2496829479932785,0.47993043065071106,1.2160155129474879
18,8.338163375854492,-0.24962705373764038,0.4835287630558014,1.2108392005488358
18,8.360431671142578,-0.24964867532253265,0.48724648356437683,1.2044358470166037
18,8.382696151733398,-0.24973666667938232,0.490995317697525,1.1970430322196148
18,8.404962539672852,-0.24988402426242828,0.49470916390419006,1.1889107779615389
18,8.42724323272705,-0.2500866651535034,0.4983380436897278,1.1800481265796186
18,8.449545860290527,-0.25033867359161377,0.5018396973609924,1.1708584479721458
18,8.471854209899902,-0.2506280243396759,0.5051802396774292,1.1615129540379245
18,8.494120597839355,-0.2509327530860901,0.5083395838737488,1.1524069110104955
18,8.516362190246582,-0.25122955441474915,0.511335015296936,1.1440317221807577
18,8.538612365722656,-0.2514961361885071,0.5142105221748352,1.1367289362795723
18,8.560827255249023,-0.25171682238578796,0.5170210599899292,1.1307405385530012
18,8.582996368408203,-0.2518893778324127,0.5198267102241516,1.1260591896070589
18,8.60510540008545,-0.25202053785324097,0.5226753950119019,1.12208665752737
18,8.627096176147461,-0.2521211802959442,0.5255931615829468,1.1185826436531199
18,8.649009704589844,-0.25220787525177,0.5286038517951965,1.115491741046196
18,8.67090892791748,-0.25229930877685547,0.5317185521125793,1.1126086903441268
18,8.692728996276855,-0.25241121649742126,0.5349114537239075,1.1096988254629643
18,8.714468955993652,-0.25255146622657776,0.5381519198417664,1.1066611475914074
18,8.736151695251465,-0.25271862745285034,0.5414081811904907,1.1031854726432975
18,8.75786304473877,-0.2529086172580719,0.5446614623069763,1.0993921917035254
18,8.77955150604248,-0.25311797857284546,0.5478766560554504,1.0952727626992798
18,8.801217079162598,-0.253341943025589,0.5510287880897522,1.0908225927408859
18,8.822857856750488,-0.25357282161712646,0.5540973544120789,1.086077995504484
18,8.844472885131836,-0.25380003452301025,0.5570695400238037,1.0811224392654755
18,8.866056442260742,-0.254010945558548,0.5599424839019775,1.0760166705290684
18,8.88765811920166,-0.2541922330856323,0.5627309083938599,1.0708891637168412
18,8.909218788146973,-0.2543331980705261,0.5654471516609192,1.066017068680052
18,8.930733680725098,-0.2544291317462921,0.5681177973747253,1.061570080722392
18,8.952141761779785,-0.2544814944267273,0.5707647800445557,1.057662367501574
18,8.973531723022461,-0.2544976472854614,0.57342529296875,1.0542474754920441
18,8.994927406311035,-0.25448721647262573,0.5761213302612305,1.0512308403425323
18,9.016327857971191,-0.25446030497550964,0.5788640379905701,1.0485020499928766
18,9.037731170654297,-0.2544264793395996,0.581657886505127,1.0459536906836424
18,9.059138298034668,-0.25439387559890747,0.5845005512237549,1.0434769714642473
18,9.080550193786621,-0.2543681859970093,0.5873847603797913,1.040904716039716
18,9.102031707763672,-0.2543522119522095,0.5903075933456421,1.0381746458355765
18,9.123520851135254,-0.2543475031852722,0.5932492613792419,1.0352426108969015
18,9.145027160644531,-0.25435376167297363,0.5962001085281372,1.032090314788861
18,9.166543006896973,-0.2543690502643585,0.5991501212120056,1.0287220313594425
18,9.188069343566895,-0.25439003109931946,0.6020933985710144,1.0251643707514513
18,9.20960521697998,-0.2544124722480774,0.605027437210083,1.021471404043111
18,9.23115062713623,-0.25443175435066223,0.6079539656639099,1.0177210975439757
18,9.252713203430176,-0.2544439733028412,0.6108793020248413,1.014017747662671
18,9.274282455444336,-0.25444644689559937,0.6138105392456055,1.0104533243386562
18,9.295856475830078,-0.2544383108615875,0.6167569160461426,1.007093363506182
18,9.31743335723877,-0.2544202208518982,0.6197274923324585,1.0039776512749758
18,9.339011192321777,-0.25439417362213135,0.6227299571037292,1.0011184465357188
18,9.360588073730469,-0.2543628215789795,0.6257699131965637,0.998517475318311
18,9.382166862487793,-0.25432896614074707,0.6288509368896484,0.9961312053584651
18,9.403740882873535,-0.2542949318885803,0.6319734454154968,0.9939032322640199
18,9.425311088562012,-0.2542622685432434,0.6351363658905029,0.9917848341275375
18,9.44687557220459,-0.2542315721511841,0.6383375525474548,0.989729858565273
18,9.468433380126953,-0.25420239567756653,0.6415742635726929,0.9876988107525355
18,9.489985466003418,-0.25417327880859375,0.6448433995246887,0.9856623080962429
18,9.511528968811035,-0.25414201617240906,0.6481424570083618,0.9836022386906447
18,9.533065795898438,-0.2541058659553528,0.651469349861145,0.981480121059938
18,9.55461597442627,-0.25406143069267273,0.6548263430595398,0.97927918506233
18,9.576147079467773,-0.2540057301521301,0.6582074761390686,0.9770491945271037
18,9.597664833068848,-0.25393590331077576,0.6616132855415344,0.9748035321271783
18,9.619168281555176,-0.2538496255874634,0.6650436520576477,0.9725570876835289
18,9.640657424926758,-0.25374504923820496,0.6684983372688293,0.9703248917909052
18,9.662132263183594,-0.2536209225654602,0.6719768047332764,0.968119896819461
18,9.68359088897705,-0.2534765601158142,0.6754783987998962,0.965952127648131
18,9.705033302307129,-0.25331181287765503,0.6790019273757935,0.9638288905910348
18,9.726472854614258,-0.253126859664917,0.6825478672981262,0.9617514295843528
18,9.747896194458008,-0.252922385931015,0.6861123442649841,0.9597204351525459
18,9.769303321838379,-0.2526991367340088,0.689693033695221,0.957707734737593
18,9.790698051452637,-0.25245749950408936,0.69328773021698,0.9555766088427107
18,9.8120756149292,-0.25219810009002686,0.6968928575515747,0.9534598115393886
18,9.8334379196167,-0.25192150473594666,0.7005054950714111,0.9513602012731667
18,9.854791641235352,-0.25162801146507263,0.7041237950325012,0.9492777444784357
18,9.876134872436523,-0.2513177990913391,0.7077440619468689,0.9472016258831968
18,9.897478103637695,-0.25099074840545654,0.71136474609375,0.9451294962758662
18,9.918821334838867,-0.25064659118652344,0.7149825692176819,0.943070573432444
18,9.940165519714355,-0.2502847909927368,0.7185946702957153,0.9408046577828134
18,9.96151065826416,-0.24990467727184296,0.7221976518630981,0.9385406798832788
18,9.982858657836914,-0.24950572848320007,0.7257883548736572,0.936275239516139
18,10.004207611083984,-0.24908748269081116,0.7293635010719299,0.9340286039762595
18,10.025559425354004,-0.2486494779586792,0.7329196333885193,0.9318069804095135
18,10.046915054321289,-0.2481912523508072,0.7364534139633179,0.9296163595143215
18,10.06827449798584,-0.24771235883235931,0.7399614453315735,0.9274625757776982
18,10.089637756347656,-0.24721217155456543,0.7434403896331787,0.9251155070400809
18,10.111005783081055,-0.24668999016284943,0.7468868494033813,0.9227948457059224
18,10.132379531860352,-0.24614521861076355,0.7502971887588501,0.9205030058653854
18,10.153765678405762,-0.24557681381702423,0.7536689639091492,0.9182355258713973
18,10.175227165222168,-0.24498192965984344,0.7570077776908875,0.9159783131275911
18,10.196696281433105,-0.2443610429763794,0.7602985501289368,0.9137345919222207
18,10.21849250793457,-0.2437027096748352,0.763585090637207,0.91148363768635
18,10.241191864013672,-0.24298521876335144,0.7669451832771301,0.9090428907946365
18,10.265596389770508,-0.24217496812343597,0.7704821825027466,0.9063476465168697
18,10.292224884033203,-0.24124136567115784,0.7742469310760498,0.903489848494054
18,10.318864822387695,-0.24025189876556396,0.7779098749160767,0.9006466290548858
18,10.347480773925781,-0.23912011086940765,0.7817206978797913,0.8976042737135488
18,10.37611198425293,-0.23791012167930603,0.7853991985321045,0.8945522341169276
18,10.40591812133789,-0.23655875027179718,0.7890775203704834,0.8913277705595329
18,10.436182022094727,-0.2350783795118332,0.7926461100578308,0.8877996692965512
18,10.466458320617676,-0.2334788739681244,0.7960435748100281,0.8841005214464009
18,10.496846199035645,-0.23173795640468597,0.7992735505104065,0.8802982728502531
18,10.527244567871094,-0.2298492044210434,0.8023219704627991,0.8762400393265116
18,10.557659149169922,-0.22779762744903564,0.805187463760376,0.8720593647096888
18,10.588078498840332,-0.22556838393211365,0.8078715801239014,0.8676059913808671
18,10.618498802185059,-0.22315171360969543,0.8103762269020081,0.8627620481421844
18,10.64891529083252,-0.22053326666355133,0.8127104043960571,0.857756609099866
18,10.679325103759766,-0.21770323812961578,0.8148818016052246,0.8523129593821073
18,10.709724426269531,-0.21465063095092773,0.8169000744819641,0.8467221933272783
18,10.740107536315918,-0.21136507391929626,0.818781852722168,0.8408860079621224
18,10.770471572875977,-0.20783980190753937,0.8205364346504211,0.834846059487611
18,10.800812721252441,-0.2040671855211258,0.8221848011016846,0.8287712688008507
18,10.831125259399414,-0.2000429630279541,0.8237429857254028,0.8224106802580856
18,10.861407279968262,-0.1957639455795288,0.8252271413803101,0.8159245011063516
18,10.891654014587402,-0.19122996926307678,0.8266604542732239,0.8093969750148678
18,10.921862602233887,-0.18643894791603088,0.8280550837516785,0.8028814910815504
18,10.952031135559082,-0.18139220774173737,0.829433798789978,0.7964422184079178
18,10.982155799865723,-0.17609162628650665,0.8308131098747253,0.7900593075639887
18,11.012234687805176,-0.17053905129432678,0.8322076797485352,0.7837275348846952
18,11.042264938354492,-0.1647406369447708,0.8336369395256042,0.7775294562501848
18,11.072244644165039,-0.1586974561214447,0.8351119756698608,0.7715595432717712
18,11.1021728515625,-0.1524144858121872,0.8366500735282898,0.7657462859788269
18,11.132044792175293,-0.1458945870399475,0.8382645845413208,0.7602064718113473
18,11.161860466003418,-0.13914057612419128,0.8399668335914612,0.7548753725732659
18,11.191617012023926,-0.13215364515781403,0.8417724370956421,0.7498368180318599
18,11.22131061553955,-0.12493257224559784,0.8436917066574097,0.7451782564326235
18,11.250938415527344,-0.11747612059116364,0.84573894739151,0.7407135009022777
18,11.280503273010254,-0.10977865010499954,0.8479255437850952,0.7367905850459457
18,11.309991836547852,-0.10183732956647873,0.8502622842788696,0.7331772306405127
18,11.339421272277832,-0.09363559633493423,0.8527636528015137,0.7300279500358358
18,11.368762016296387,-0.08517468720674515,0.8554353713989258,0.7273782476527331
18,11.398067474365234,-0.07642115652561188,0.8582945466041565,0.7251199372368786
18,11.427268028259277,-0.06738314777612686,0.8613420128822327,0.723667266914869
18,11.456486701965332,-0.058006685227155685,0.8645982146263123,0.7226576309064935
18,11.48581314086914,-0.048226166516542435,0.8680831789970398,0.7225507735154398
18,11.514998435974121,-0.03810865804553032,0.8717713952064514,0.7230461867979424
18,11.548975944519043,-0.02580982819199562,0.8763350248336792,0.7245578692000548
18,11.610051155090332,-0.0024260745849460363,0.885155200958252,0.7303520543334913
18,11.670461654663086,0.022389262914657593,0.8946118354797363,0.7379738320797605
18,11.735546112060547,0.05072179064154625,0.9056819081306458,0.7467435214169963
18,11.800044059753418,0.07999268919229507,0.9177048206329346,0.7525674706320928
18,11.916150093078613,0.13262653350830078,0.9422718286514282,0.7600159383951385
18,11.995233535766602,0.1677151918411255,0.9617184400558472,0.7608419591555065
18,12.103707313537598,0.21311545372009277,0.9934653639793396,0.7599326487519436
18,12.152732849121094,0.23244372010231018,1.0098543167114258,0.7618671597450547
18,12.205521583557129,0.25203853845596313,1.0291924476623535,0.7600089922030181
18,12.262436866760254,0.27127569913864136,1.0520029067993164,0.7601217057722813
18,12.370706558227539,0.3016324043273926,1.099656343460083,0.7653085109004618
18,12.480466842651367,0.3217572867870331,1.1492557525634766,0.7743036028710882
18,12.592628479003906,0.33096131682395935,1.1971267461776733,0.7885852482475104
18,12.70776653289795,0.32897689938545227,1.2385246753692627,0.805791444910316
18,12.761431694030762,0.3245667815208435,1.2549594640731812,0.8138072511045553
18,12.767156600952148,0.3239787220954895,1.256591558456421,0.8146411434447776
19,0.09258799254894257,-1.4381572008132935,3.124850273132324,1.0001325942479655
19,0.19652120769023895,-1.4381810426712036,3.125340700149536,1.0002819743585976
19,0.3030877709388733,-1.4382179975509644,3.126126527786255,1.0005309754441953
19,0.4096512198448181,-1.4382681846618652,3.127256155014038,1.0009786027526937
19,0.5204898715019226,-1.4383338689804077,3.1288416385650635,1.0015823303039353
19,0.63577800989151,-1.4384164810180664,3.1309902667999268,1.0024426680636136
19,0.7510551810264587,-1.438513159751892,3.13366436958313,1.0036383463058824
19,0.8697965145111084,-1.4386273622512817,3.1369707584381104,1.0050835044137245
19,0.9906461834907532,-1.4387589693069458,3.140803337097168,1.0071838764382497
19,1.1114839315414429,-1.4389063119888306,3.144998073577881,1.0095098960730033
19,1.2333427667617798,-1.4390695095062256,3.1493465900421143,1.0120746366606783
19,1.3552037477493286,-1.4392472505569458,3.153632879257202,1.0146625175974544
19,1.4774659872055054,-1.439440131187439,3.15763783454895,1.0172196273165608
19,1.5998611450195312,-1.4396514892578125,3.161088705062866,1.019656711305076
19,1.722274661064148,-1.4398843050003052,3.163802146911621,1.0217339809042891
19,1.8447321653366089,-1.4401448965072632,3.1655020713806152,1.0236100583196215
19,1.9672000408172607,-1.4404377937316895,3.166048288345337,1.024482650641201
19,2.0896708965301514,-1.4407684803009033,3.165311336517334,1.0249373585506012
19,2.2121269702911377,-1.4411417245864868,3.1632683277130127,1.024494236977546
19,2.3345553874969482,-1.4415607452392578,3.1599462032318115,1.023039802496197
19,2.45694637298584,-1.4420292377471924,3.155466318130493,1.0211015594774422
19,2.5792970657348633,-1.4425493478775024,3.149989604949951,1.0178661167087883
19,2.701606512069702,-1.4431233406066895,3.1436643600463867,1.0142399179789605
19,2.8238818645477295,-1.4437536001205444,3.1367130279541016,1.0100285883945879
19,2.94612717628479,-1.444442868232727,3.129258394241333,1.00529710984502
19,3.0683515071868896,-1.4451947212219238,3.1214711666107178,1.0003244173975312
19,3.1905620098114014,-1.4460158348083496,3.1134729385375977,0.9948731481010797
19,3.312763214111328,-1.4469126462936401,3.1053457260131836,0.9890782565109694
19,3.4349615573883057,-1.4478979110717773,3.0971858501434326,0.9829343724699854
19,3.5571610927581787,-1.4489823579788208,3.089053153991699,0.9762970997565621
19,3.67936635017395,-1.4501796960830688,3.081024169921875,0.9694716685918049
19,3.801563024520874,-1.451505184173584,3.0731935501098633,0.9624307097605307
19,3.9237749576568604,-1.452971339225769,3.065631628036499,0.9553972013707145
19,4.0457892417907715,-1.4545936584472656,3.0584678649902344,0.9483672882325255
19,4.16782808303833,-1.4563905000686646,3.0517823696136475,0.9417448499515584
19,4.288803577423096,-1.4583604335784912,3.0457303524017334,0.935446740324001
19,4.406563758850098,-1.4604785442352295,3.040501594543457,0.9298168348744282
19,4.524349689483643,-1.462809681892395,3.036003589630127,0.924947908725875
19,4.635821342468262,-1.4652304649353027,3.0325121879577637,0.9208820003683671
19,4.738839626312256,-1.4676687717437744,3.030012845993042,0.9179039055599792
19,4.8418684005737305,-1.4703137874603271,3.0282607078552246,0.9157937045076116
19,4.937012672424316,-1.4729533195495605,3.0273468494415283,0.9145615204808419
19,5.026963710784912,-1.475633144378662,3.027125120162964,0.9141050157384387
19,5.114475727081299,-1.478420376777649,3.027513265609741,0.9143443663801922
19,5.2011919021606445,-1.4813646078109741,3.0284790992736816,0.9152324025284008
19,5.287738800048828,-1.4844907522201538,3.0300068855285645,0.916827219136937
19,5.374266624450684,-1.4878110885620117,3.0320801734924316,0.9190192560131267
19,5.460758209228516,-1.4913324117660522,3.0346763134002686,0.9217647075104662
19,5.547224998474121,-1.4950637817382812,3.037768840789795,0.9250206271836733
19,5.633663654327393,-1.4990133047103882,3.0413284301757812,0.9287313523301423
19,5.720073223114014,-1.503189206123352,3.045323371887207,0.932838131373948
19,5.806450843811035,-1.5075989961624146,3.0497193336486816,0.9372889317884869
19,5.892792701721191,-1.5122495889663696,3.0544772148132324,0.942040360963992
19,5.979103088378906,-1.5171473026275635,3.059558391571045,0.9470140878570414
19,6.065369606018066,-1.5222970247268677,3.0649216175079346,0.9521379643553957
19,6.151571750640869,-1.5277034044265747,3.070523738861084,0.9573908049832004
19,6.237711429595947,-1.533370018005371,3.0763232707977295,0.9626637216192281
19,6.324353218078613,-1.5393412113189697,3.082319974899292,0.9679020513612719
19,6.413813591003418,-1.545806646347046,3.0886476039886475,0.9733185531707995
19,6.463386535644531,-1.5495237112045288,3.092203378677368,0.9765066057307912
19,6.487863540649414,-1.5513942241668701,3.0939700603485107,0.978039082829613
19,6.510189056396484,-1.5531213283538818,3.0955865383148193,0.9793755529556327
19,6.532524585723877,-1.554869532585144,3.097207546234131,0.9806841268790618
19,6.554915428161621,-1.5566422939300537,3.0988357067108154,0.9819815991321226
19,6.577392578125,-1.5584423542022705,3.1004722118377686,0.9832699240788609
19,6.599867820739746,-1.56026291847229,3.102109670639038,0.9845418500018809
19,6.622445106506348,-1.5621124505996704,3.103755235671997,0.9858059836337374
19,6.645129203796387,-1.563991904258728,3.105408191680908,0.9870632251529001
19,6.667916774749756,-1.5659013986587524,3.107067584991455,0.988314177366235
19,6.690804481506348,-1.5678409337997437,3.1087329387664795,0.9895589579507784
19,6.713787078857422,-1.5698108673095703,3.110403060913086,0.9907978462177176
19,6.73685884475708,-1.5718111991882324,3.112076997756958,0.9920311094767449
19,6.76001501083374,-1.5738418102264404,3.1137540340423584,0.9932591103387073
19,6.783249378204346,-1.575903058052063,3.11543345451355,0.9944813318076935
19,6.806298732757568,-1.5779715776443481,3.117095708847046,0.9956848594292853
19,6.829197883605957,-1.5800503492355347,3.1187431812286377,0.9968754478553411
19,6.852167129516602,-1.5821597576141357,3.120391845703125,0.9980586541222418
19,6.8753275871276855,-1.5843114852905273,3.122049570083618,0.9992493914382843
19,6.898569107055664,-1.586496353149414,3.123708486557007,1.0004415223512853
19,6.921863079071045,-1.588712453842163,3.1253662109375,1.001633789489031
19,6.945098400115967,-1.590949535369873,3.1270148754119873,1.0028212257930074
19,6.96837854385376,-1.5932180881500244,3.128661632537842,1.0040103838069243
19,6.991697788238525,-1.5955179929733276,3.1303062438964844,1.005202795176256
19,7.015050411224365,-1.5978496074676514,3.1319477558135986,1.0064000056472995
19,7.0384321212768555,-1.6002129316329956,3.1335864067077637,1.0076030844688535
19,7.061593055725098,-1.6025829315185547,3.135204553604126,1.0087984826519503
19,7.084751605987549,-1.6049820184707642,3.136817455291748,1.0100015399114237
19,7.107931613922119,-1.6074132919311523,3.138427257537842,1.0112158021169588
19,7.131130218505859,-1.6098769903182983,3.140033483505249,1.012443416407353
19,7.154343605041504,-1.6123734712600708,3.1416361331939697,1.0136874618353997
19,7.177428245544434,-1.6148873567581177,3.14322566986084,1.014942240277492
19,7.200518608093262,-1.617434024810791,3.1448113918304443,1.0162165183400462
19,7.2236104011535645,-1.6200132369995117,3.146393299102783,1.0175126261800593
19,7.24669885635376,-1.6226252317428589,3.1479709148406982,1.0188331098239052
19,7.269779682159424,-1.6252700090408325,3.1495447158813477,1.0201831267356627
19,7.292619228363037,-1.6279209852218628,3.1510989665985107,1.0215422727169083
19,7.315635681152344,-1.6306266784667969,3.1526622772216797,1.0229340086127559
19,7.338559627532959,-1.6333560943603516,3.154216766357422,1.0243636134299992
19,7.361252784729004,-1.636093020439148,3.1557531356811523,1.0258273325671217
19,7.383777618408203,-1.6388447284698486,3.1572763919830322,1.027331955457664
19,7.406510829925537,-1.6416575908660889,3.1588118076324463,1.0288726067779834
19,7.429239273071289,-1.6445060968399048,3.1603455543518066,1.0304778215145745
19,7.451944351196289,-1.6473883390426636,3.1618764400482178,1.0321386367389485
19,7.4746222496032715,-1.6503040790557861,3.1634042263031006,1.0338583636117678
19,7.4970550537109375,-1.6532251834869385,3.164915084838867,1.03561744532127
19,7.51945686340332,-1.6561790704727173,3.1664230823516846,1.0374445620711625
19,7.5417022705078125,-1.659149169921875,3.1679203510284424,1.0393337123920998
19,7.563912391662598,-1.6621512174606323,3.169414520263672,1.0413000459036053
19,7.586084365844727,-1.6651850938796997,3.1709060668945312,1.0433491838157176
19,7.608215808868408,-1.6682500839233398,3.172394275665283,1.0454874627276194
19,7.630303859710693,-1.671345829963684,3.173879384994507,1.0477213179703178
19,7.652347087860107,-1.6744719743728638,3.1753604412078857,1.0500576058752482
19,7.674345016479492,-1.677627682685852,3.176837682723999,1.0525021206541625
19,7.696150779724121,-1.6807912588119507,3.178300619125366,1.0550468875026697
19,7.717912197113037,-1.6839829683303833,3.1797587871551514,1.05771094833931
19,7.739696979522705,-1.6872118711471558,3.181215763092041,1.060514411115565
19,7.761425971984863,-1.6904653310775757,3.1826655864715576,1.063457188022643
19,7.782971382141113,-1.6937227249145508,3.184098720550537,1.0665266698301326
19,7.804497718811035,-1.6970067024230957,3.1855244636535645,1.0697491848973157
19,7.826013088226318,-1.7003166675567627,3.1869421005249023,1.0731194377499276
19,7.847374439239502,-1.7036278247833252,3.188340187072754,1.0766211396365006
19,7.868732929229736,-1.706960916519165,3.1897270679473877,1.0802912847157808
19,7.89008092880249,-1.7103111743927002,3.1910994052886963,1.084112042865729
19,7.911425590515137,-1.713675856590271,3.1924550533294678,1.0880710794592972
19,7.932769775390625,-1.7170506715774536,3.1937904357910156,1.0921467349929945
19,7.95411491394043,-1.7204303741455078,3.1951022148132324,1.0963070317423573
19,7.975461483001709,-1.7238091230392456,3.1963863372802734,1.100509658663034
19,7.996811389923096,-1.7271802425384521,3.197638750076294,1.1046812521053142
19,8.018165588378906,-1.7305376529693604,3.1988558769226074,1.108741909181079
19,8.039525032043457,-1.7338743209838867,3.20003342628479,1.1126166380710873
19,8.060891151428223,-1.7371840476989746,3.201167345046997,1.1162008815726787
19,8.082263946533203,-1.7404624223709106,3.2022550106048584,1.1193835486725057
19,8.103644371032715,-1.743708848953247,3.203295946121216,1.1220715867223043
19,8.125031471252441,-1.7469267845153809,3.2042934894561768,1.1242215327369818
19,8.14642333984375,-1.7501236200332642,3.205254077911377,1.125825364083244
19,8.167818069458008,-1.7533071041107178,3.206185817718506,1.127187555698859
19,8.189215660095215,-1.7564822435379028,3.2070953845977783,1.1284455413557457
19,8.210614204406738,-1.7596499919891357,3.2079875469207764,1.129710708712014
19,8.232015609741211,-1.7628083229064941,3.2088637351989746,1.1310539852283175
19,8.253418922424316,-1.7659538984298706,3.209723711013794,1.1325161879929815
19,8.274826049804688,-1.7690824270248413,3.2105658054351807,1.1341216654839992
19,8.296236038208008,-1.7721902132034302,3.2113876342773438,1.1358914452712763
19,8.31765079498291,-1.7752740383148193,3.212186098098755,1.1378099070905352
19,8.339071273803711,-1.7783312797546387,3.212958812713623,1.1398231439633477
19,8.360495567321777,-1.781360387802124,3.213703155517578,1.1419803566123399
19,8.381925582885742,-1.7843602895736694,3.2144155502319336,1.144269729673751
19,8.403360366821289,-1.7873294353485107,3.2150936126708984,1.146654002675661
19,8.42480182647705,-1.7902660369873047,3.215733289718628,1.1490571538378482
19,8.446249008178711,-1.793168544769287,3.2163326740264893,1.1513031307880346
19,8.467700958251953,-1.796036958694458,3.216891050338745,1.1532302976420632
19,8.48915958404541,-1.7988736629486084,3.2174110412597656,1.1547643562145724
19,8.510621070861816,-1.8016830682754517,3.217897653579712,1.155893638015134
19,8.532086372375488,-1.804470181465149,3.218358278274536,1.1566960086301514
19,8.553555488586426,-1.8072381019592285,3.218799352645874,1.1572771871262415
19,8.575026512145996,-1.809988260269165,3.2192254066467285,1.1577279286769713
19,8.596500396728516,-1.8127217292785645,3.2196385860443115,1.158129082775811
19,8.617976188659668,-1.8154391050338745,3.2200398445129395,1.1585700149718121
19,8.639453887939453,-1.8181406259536743,3.2204291820526123,1.159092501304335
19,8.660933494567871,-1.8208259344100952,3.2208056449890137,1.1597238449519212
19,8.682416915893555,-1.8234935998916626,3.22116756439209,1.160477090254176
19,8.703902244567871,-1.826141357421875,3.221513032913208,1.1613384758040242
19,8.725390434265137,-1.828765630722046,3.221839666366577,1.1622861514232128
19,8.746882438659668,-1.8313624858856201,3.2221455574035645,1.1632997793490971
19,8.768379211425781,-1.833927869796753,3.2224292755126953,1.1643244999650701
19,8.78987979888916,-1.8364583253860474,3.2226901054382324,1.165323493469938
19,8.811385154724121,-1.8389513492584229,3.2229278087615967,1.1662683537724965
19,8.832895278930664,-1.8414055109024048,3.2231431007385254,1.1671364150892114
19,8.854409217834473,-1.8438211679458618,3.2233376502990723,1.1679085246177041
19,8.87592887878418,-1.8461989164352417,3.223512649536133,1.1685671963526658
19,8.897451400756836,-1.8485403060913086,3.223670244216919,1.1690842465421267
19,8.918978691101074,-1.850846767425537,3.2238123416900635,1.1694596349167719
19,8.940508842468262,-1.8531197309494019,3.223940849304199,1.169698816435787
19,8.962042808532715,-1.855360746383667,3.224057197570801,1.1698480101816322
19,8.983580589294434,-1.8575711250305176,3.224163055419922,1.169925281263973
19,9.005120277404785,-1.859751582145691,3.224259614944458,1.16994823667404
19,9.026663780212402,-1.8619028329849243,3.2243478298187256,1.1699331503914925
19,9.048210144042969,-1.864025592803955,3.224428415298462,1.1698897338762713
19,9.069759368896484,-1.8661197423934937,3.2245020866394043,1.1698297557203696
19,9.09131145477295,-1.8681854009628296,3.224569320678711,1.169761553872519
19,9.112865447998047,-1.8702224493026733,3.22463059425354,1.1696857963673468
19,9.13442325592041,-1.8722305297851562,3.22468638420105,1.1696007092422738
19,9.155982971191406,-1.8742091655731201,3.2247369289398193,1.1695022800417747
19,9.177545547485352,-1.8761581182479858,3.224782943725586,1.1693540351328375
19,9.199110984802246,-1.8780769109725952,3.224824905395508,1.1691535252847147
19,9.22067928314209,-1.8799654245376587,3.2248640060424805,1.1689072474311066
19,9.242249488830566,-1.8818235397338867,3.224900484085083,1.1686170440896626
19,9.263823509216309,-1.8836511373519897,3.224936008453369,1.1682787013908835
19,9.285398483276367,-1.885448694229126,3.224971294403076,1.167889278477298
19,9.306977272033691,-1.8872164487838745,3.225008249282837,1.1674471938219508
19,9.328557968139648,-1.888954997062683,3.2250475883483887,1.166952214643007
19,9.350141525268555,-1.89066481590271,3.225090980529785,1.1664049662294826
19,9.371726036071777,-1.892346739768982,3.225139856338501,1.1657939384176899
19,9.39331340789795,-1.8940016031265259,3.2251954078674316,1.1651353309465253
19,9.414902687072754,-1.895630121231079,3.2252590656280518,1.1644322562531855
19,9.436493873596191,-1.8972333669662476,3.225332498550415,1.163687426778679
19,9.458086013793945,-1.8988120555877686,3.225416660308838,1.1629034182732547
19,9.479681015014648,-1.900367259979248,3.225512981414795,1.1620700064696217
19,9.501276969909668,-1.9018994569778442,3.2256226539611816,1.1611597555467357
19,9.52287483215332,-1.9034096002578735,3.2257471084594727,1.1602076230793026
19,9.544473648071289,-1.9048984050750732,3.2258875370025635,1.1592184663295975
19,9.566073417663574,-1.9063668251037598,3.2260453701019287,1.1581978388312304
19,9.587675094604492,-1.9078158140182495,3.2262215614318848,1.1571477136940898
19,9.609277725219727,-1.9092462062835693,3.2264177799224854,1.1560693940286273
19,9.630881309509277,-1.9106589555740356,3.226634979248047,1.1549648202915777
19,9.652484893798828,-1.9120553731918335,3.226874589920044,1.1538362010803564
19,9.674090385437012,-1.9134365320205688,3.2271382808685303,1.1526828861369887
19,9.695695877075195,-1.9148036241531372,3.227426767349243,1.1515026948914968
19,9.717301368713379,-1.9161580801010132,3.227741241455078,1.1503070825238093
19,9.738907814025879,-1.9175013303756714,3.228083372116089,1.1490995545064688
19,9.760514259338379,-1.918834924697876,3.2284538745880127,1.1478837070318892
19,9.782120704650879,-1.9201602935791016,3.228853940963745,1.146663573208306
19,9.803727149963379,-1.921479344367981,3.2292842864990234,1.1454432679542188
19,9.825332641601562,-1.9227937459945679,3.229745626449585,1.144227342413593
19,9.846938133239746,-1.9241052865982056,3.230238676071167,1.1430117116801577
19,9.868542671203613,-1.9254157543182373,3.2307639122009277,1.1417890912728197
19,9.890146255493164,-1.9267265796661377,3.2313215732574463,1.1405400587171255
19,9.911748886108398,-1.92803955078125,3.2319116592407227,1.13930932287401
19,9.933350563049316,-1.929356575012207,3.232534408569336,1.1381006660486828
19,9.954951286315918,-1.9306797981262207,3.233189105987549,1.1369181702665867
19,9.976550102233887,-1.9320112466812134,3.233875274658203,1.1357662171948641
19,9.998147010803223,-1.933353304862976,3.2345917224884033,1.1346426254805009
19,10.019742965698242,-1.9347079992294312,3.235337018966675,1.1335517396415313
19,10.041336059570312,-1.93607759475708,3.236109972000122,1.1325031295197756
19,10.06292724609375,-1.937464714050293,3.236908435821533,1.1315011255018161
19,10.084516525268555,-1.9388716220855713,3.2377302646636963,1.1305508189178988
19,10.106103897094727,-1.940300703048706,3.238572835922241,1.129657841255853
19,10.12768840789795,-1.9417543411254883,3.2394330501556396,1.1288271908352037
19,10.149277687072754,-1.9432356357574463,3.2403078079223633,1.128043853320286
19,10.170865058898926,-1.944746494293213,3.2411930561065674,1.127282160662851
19,10.192519187927246,-1.9462943077087402,3.2420876026153564,1.126583694210125
19,10.214494705200195,-1.9479002952575684,3.242997646331787,1.125961904553502
19,10.237369537353516,-1.9496114253997803,3.24394154548645,1.1254354750978481
19,10.26194953918457,-1.9514960050582886,3.2449452877044678,1.1248853400068726
19,10.286526679992676,-1.9534268379211426,3.24593186378479,1.124456673532897
19,10.313328742980957,-1.9555848836898804,3.2469799518585205,1.1242073330986582
19,10.34210205078125,-1.957960605621338,3.248060941696167,1.1241888021347386
19,10.370872497558594,-1.9603937864303589,3.2490878105163574,1.1244847485549605
19,10.40080738067627,-1.9629809856414795,3.250084400177002,1.1250803660523798
19,10.431184768676758,-1.9656550884246826,3.251008987426758,1.1261386506753708
19,10.461562156677246,-1.9683680534362793,3.251833915710449,1.127535444547282
19,10.49203872680664,-1.9711103439331055,3.252546787261963,1.1293069311515103
19,10.522518157958984,-1.9738579988479614,3.2531373500823975,1.1314906134907377
19,10.553011894226074,-1.9765878915786743,3.2535953521728516,1.133690803140914
19,10.583510398864746,-1.979274868965149,3.253918409347534,1.1361286358702298
19,10.614015579223633,-1.9819003343582153,3.254103183746338,1.1387424818084266
19,10.64452838897705,-1.9844378232955933,3.254147529602051,1.1415165895856634
19,10.675049781799316,-1.9868704080581665,3.2540504932403564,1.1445353524243087
19,10.705580711364746,-1.98917555809021,3.253812313079834,1.1475645775023176
19,10.73612117767334,-1.9913305044174194,3.253434181213379,1.1507259020778235
19,10.766671180725098,-1.993320107460022,3.2529187202453613,1.1538541933383646
19,10.797229766845703,-1.9951212406158447,3.252269983291626,1.1569017375256136
19,10.827796936035156,-1.9967201948165894,3.251493453979492,1.1598872793907358
19,10.858370780944824,-1.9981013536453247,3.250596046447754,1.1626876301509035
19,10.88895034790039,-1.9992504119873047,3.249587297439575,1.1653158515181647
19,10.919535636901855,-2.000159978866577,3.2484753131866455,1.1676906722794869
19,10.950122833251953,-2.0008203983306885,3.2472734451293945,1.1697875668937605
19,10.980711936950684,-2.001227855682373,3.2459936141967773,1.171619641389086
19,11.011301040649414,-2.00137996673584,3.2446465492248535,1.1732602890462103
19,11.041887283325195,-2.0012781620025635,3.2432470321655273,1.1746855442238395
19,11.072469711303711,-2.000925064086914,3.241804599761963,1.175851089746541
19,11.103047370910645,-2.0003268718719482,3.2403337955474854,1.1768932951302407
19,11.133618354797363,-1.9994922876358032,3.2388477325439453,1.1775503460671488
19,11.16418170928955,-1.9984281063079834,3.237358808517456,1.178018889403337
19,11.194738388061523,-1.997149109840393,3.235879898071289,1.1783666814206244
19,11.225286483764648,-1.995665431022644,3.234419107437134,1.1785170611878852
19,11.255827903747559,-1.9939920902252197,3.232985734939575,1.1786782045111115
19,11.286368370056152,-1.9921447038650513,3.231586456298828,1.178727043744581
19,11.316900253295898,-1.9901350736618042,3.2302260398864746,1.1787851901429904
19,11.34744930267334,-1.9879796504974365,3.228907823562622,1.1788965823514008
19,11.37799072265625,-1.985692024230957,3.2276346683502197,1.1789769765511289
19,11.408590316772461,-1.9832817316055298,3.226405143737793,1.1791741241309235
19,11.439322471618652,-1.980756402015686,3.225215435028076,1.1793924880340982
19,11.470048904418945,-1.978136420249939,3.2240703105926514,1.179707673552558
19,11.501019477844238,-1.9754153490066528,3.22295880317688,1.1801521247982405
19,11.53198528289795,-1.972623586654663,3.221888303756714,1.1805197815990083
19,11.568233489990234,-1.9692785739898682,3.22068452835083,1.180525651770263
19,11.633898735046387,-1.9630550146102905,3.2186083793640137,1.1813508617387836
19,11.699551582336426,-1.9566714763641357,3.216596841812134,1.1823766918790444
19,11.771015167236328,-1.9496307373046875,3.2144112586975098,1.1835919434874154
19,11.900130271911621,-1.9366406202316284,3.210313081741333,1.1834622873764131
19,12.029212951660156,-1.9234845638275146,3.205740451812744,1.1833367650948596
19,12.059246063232422,-1.920425295829773,3.2045741081237793,1.183143903555097
20,0.9396941065788269,1.455425500869751,3.0339527130126953,1.006310554363447
20,1.0605274438858032,1.4555901288986206,3.0382680892944336,1.0085354281722338
20,1.1823769807815552,1.455777883529663,3.04286789894104,1.011273859473784
20,1.3042243719100952,1.4559872150421143,3.0475246906280518,1.0140346212768778
20,1.4264715909957886,1.4562183618545532,3.0519649982452393,1.0168373701396543
20,1.5487333536148071,1.4564719200134277,3.055978536605835,1.019518314780169
20,1.6710160970687866,1.4567514657974243,3.059293270111084,1.0220797401304718
20,1.7934626340866089,1.457062840461731,3.0616445541381836,1.0241591105059007
20,1.9159256219863892,1.4574097394943237,3.0628538131713867,1.025688728265544
20,2.038398265838623,1.4577982425689697,3.0627236366271973,1.0268046169039393
20,2.1608614921569824,1.4582324028015137,3.061206817626953,1.026602744173699
20,2.283299446105957,1.4587163925170898,3.058281898498535,1.025923720675336
20,2.4056997299194336,1.4592534303665161,3.054065227508545,1.0240808880808183
20,2.528053045272827,1.4598453044891357,3.0486574172973633,1.02133669598621
20,2.6503593921661377,1.4604942798614502,3.042283296585083,1.0180846350410526
20,2.7726221084594727,1.461201548576355,3.03511905670166,1.0137276618986013
20,2.8948464393615723,1.4619688987731934,3.027339220046997,1.0090942806480736
20,3.017042875289917,1.4627997875213623,3.0191330909729004,1.0039357122096502
20,3.1392159461975098,1.4636985063552856,3.010594367980957,0.9981950803068422
20,3.26137375831604,1.4646731615066528,3.001847743988037,0.9921179124076795
20,3.383521556854248,1.4657341241836548,2.9929697513580322,0.985275175287203
20,3.5056633949279785,1.4668906927108765,2.984023332595825,0.9780919400895582
20,3.6278061866760254,1.4681557416915894,2.9751081466674805,0.9705146775518134
20,3.749955654144287,1.4695392847061157,2.9662973880767822,0.962627322131084
20,3.872098684310913,1.471053957939148,2.9577014446258545,0.9546008859951686
20,3.994044065475464,1.4727118015289307,2.949456214904785,0.946518330363679
20,4.116015911102295,1.4745278358459473,2.9416441917419434,0.9385731409765872
20,4.236929893493652,1.476502776145935,2.934478759765625,0.9308061252411078
20,4.357879638671875,1.478667974472046,2.9280006885528564,0.923747299031855
20,4.47562313079834,1.4809759855270386,2.9224867820739746,0.9173266438015801
20,4.587064743041992,1.4833630323410034,2.9181125164031982,0.9119915992745523
20,4.698533058166504,1.4859641790390015,2.9146487712860107,0.9077332352822758
20,4.801551818847656,1.4885773658752441,2.9123454093933105,0.9046091828067125
20,4.896692276000977,1.4911861419677734,2.9110429286956787,0.9025793899668284
20,4.986643314361572,1.4938393831253052,2.9105730056762695,0.9016238908051379
20,5.076589107513428,1.4966861009597778,2.910858154296875,0.901595404717891
20,5.164090156555176,1.4996522665023804,2.9118592739105225,0.9023727501741277
20,5.250788688659668,1.5027939081192017,2.9135425090789795,0.9038917533503887
20,5.337308883666992,1.5061413049697876,2.915888547897339,0.9061024004709395
20,5.423786163330078,1.509710669517517,2.9188730716705322,0.9089488080099858
20,5.51023006439209,1.513514518737793,2.9224660396575928,0.9123647029792172
20,5.59663724899292,1.5175652503967285,2.9266319274902344,0.9162912064450311
20,5.683004379272461,1.5218745470046997,2.93133282661438,0.9206624932323791
20,5.76932954788208,1.5264536142349243,2.936528205871582,0.925341804941745
20,5.855609893798828,1.5313135385513306,2.9421756267547607,0.9302594210642046
20,5.941842079162598,1.536464810371399,2.948232889175415,0.935364864249069
20,6.028017520904541,1.5419174432754517,2.954658031463623,0.940620034094899
20,6.114114284515381,1.5476806163787842,2.9614083766937256,0.9459983373965615
20,6.200564384460449,1.5537954568862915,2.9684808254241943,0.951531735218909
20,6.286554336547852,1.560210943222046,2.975771427154541,0.956991919414405
20,6.372498989105225,1.5669682025909424,2.983281373977661,0.96242882545744
20,6.461220741271973,1.5743275880813599,2.991238594055176,0.9685031278277931
20,6.485483646392822,1.576409101486206,2.993446111679077,0.9701769570935473
20,6.508100509643555,1.5783765316009521,2.9955148696899414,0.9716950304897197
20,6.530702114105225,1.5803688764572144,2.9975929260253906,0.9731971067137214
20,6.553349494934082,1.5823918581008911,2.999685049057007,0.9747074073257506
20,6.57599401473999,1.584441065788269,3.001786231994629,0.976221282307208
20,6.598720073699951,1.586524486541748,3.003903388977051,0.9777438319183945
20,6.621543884277344,1.588644027709961,3.006037950515747,0.9792774984495394
20,6.644469261169434,1.5908006429672241,3.0081892013549805,0.9808243458725824
20,6.667494773864746,1.5929945707321167,3.0103564262390137,0.9823860048400492
20,6.690615177154541,1.5952261686325073,3.0125386714935303,0.9839638877287696
20,6.713825225830078,1.597495675086975,3.0147347450256348,0.9855593443467051
20,6.737119674682617,1.5998029708862305,3.0169436931610107,0.9871740526319511
20,6.760363578796387,1.6021353006362915,3.0191521644592285,0.9887983263470296
20,6.783421039581299,1.6044788360595703,3.0213465690612793,0.9904263239277862
20,6.806475639343262,1.6068522930145264,3.0235440731048584,0.9920753859717145
20,6.829599857330322,1.6092636585235596,3.0257511138916016,0.9937382728615114
20,6.852964401245117,1.6117314100265503,3.0279836654663086,0.9954421900392851
20,6.876400947570801,1.6142388582229614,3.0302252769470215,0.9971766771336488
20,6.899749755859375,1.6167693138122559,3.0324604511260986,0.9989297749247465
20,6.923147678375244,1.619337797164917,3.0347018241882324,1.0007097503797677
20,6.946589946746826,1.6219443082809448,3.0369484424591064,1.002519390240632
20,6.970070838928223,1.6245886087417603,3.0391995906829834,1.0043601754047617
20,6.993584632873535,1.6272705793380737,3.041454315185547,1.0062299866046407
20,7.016756057739258,1.6299469470977783,3.0436766147613525,1.0081032811621773
20,7.039953708648682,1.6326597929000854,3.045901298522949,1.0100099691219406
20,7.063173294067383,1.6354091167449951,3.0481274127960205,1.0119522883102057
20,7.086389064788818,1.638191819190979,3.0503523349761963,1.0139293324064682
20,7.109624862670898,1.641011357307434,3.0525782108306885,1.0159432525119625
20,7.132875919342041,1.6438672542572021,3.0548038482666016,1.01799503864778
20,7.1561384201049805,1.6467591524124146,3.0570285320281982,1.0200854322667794
20,7.179407119750977,1.6496866941452026,3.0592517852783203,1.0222153912666911
20,7.202677249908447,1.6526494026184082,3.061472177505493,1.0243805430183308
20,7.225708484649658,1.6556161642074585,3.063667058944702,1.026570508501842
20,7.248734474182129,1.6586167812347412,3.0658583641052246,1.0287889432294068
20,7.271830081939697,1.6616606712341309,3.068052291870117,1.0310542017001165
20,7.294767379760742,1.6647181510925293,3.0702273845672607,1.0333642494743587
20,7.317758083343506,1.6678171157836914,3.0724029541015625,1.0357219418468184
20,7.341060161590576,1.6709927320480347,3.0746030807495117,1.0381385243486558
20,7.363777160644531,1.67412269115448,3.076742649078369,1.0405835598097597
20,7.386319160461426,1.6772620677947998,3.078860282897949,1.0430584538694827
20,7.408875465393066,1.680436134338379,3.0809738636016846,1.0455428307596688
20,7.43140983581543,1.6836395263671875,3.0830790996551514,1.0481012423955964
20,7.453939914703369,1.6868748664855957,3.0851778984069824,1.0507196197538957
20,7.476444244384766,1.6901386976242065,3.0872673988342285,1.0533967297461757
20,7.498919486999512,1.6934303045272827,3.0893471240997314,1.0561358176532933
20,7.521363258361816,1.6967486143112183,3.091416358947754,1.0589420872306794
20,7.543663024902344,1.7000765800476074,3.0934643745422363,1.061804813443423
20,7.5657219886779785,1.7033984661102295,3.095482349395752,1.0647008444251749
20,7.587745666503906,1.7067441940307617,3.0974884033203125,1.067672459591238
20,7.609731674194336,1.710112452507019,3.099482297897339,1.0707250599367333
20,7.631677627563477,1.7135024070739746,3.1014630794525146,1.073863898279843
20,7.6535820960998535,1.7169127464294434,3.1034302711486816,1.0770949863601131
20,7.675445079803467,1.7203423976898193,3.1053833961486816,1.080430897048109
20,7.697305679321289,1.7237963676452637,3.1073248386383057,1.0838949885638016
20,7.719123363494873,1.7272670269012451,3.109250783920288,1.0874447962266462
20,7.7407755851745605,1.730732798576355,3.111149549484253,1.0910948388652444
20,7.762355327606201,1.7342067956924438,3.1130285263061523,1.09486055115296
20,7.783888816833496,1.737691044807434,3.114889144897461,1.0987520754326467
20,7.805294513702393,1.741169810295105,3.11672306060791,1.1027557705794546
20,7.826612949371338,1.7446469068527222,3.118532419204712,1.1068718250655685
20,7.847917556762695,1.748131275177002,3.120321750640869,1.1111531420838234
20,7.869222640991211,1.7516218423843384,3.1220905780792236,1.1155786304839284
20,7.890518665313721,1.755113124847412,3.123835802078247,1.120117302600228
20,7.9118170738220215,1.7586023807525635,3.1255557537078857,1.124773269442035
20,7.93311882019043,1.762084722518921,3.1272475719451904,1.1295217864984775
20,7.954424858093262,1.7655543088912964,3.1289079189300537,1.134328117936726
20,7.97573709487915,1.7690050601959229,3.130532741546631,1.139146523866777
20,7.997056007385254,1.7724300622940063,3.132117986679077,1.143919505697476
20,8.018383979797363,1.7758229970932007,3.133659839630127,1.1485447203968904
20,8.03972053527832,1.7791776657104492,3.1351540088653564,1.152944594653214
20,8.061067581176758,1.7824881076812744,3.1365966796875,1.1570492366094836
20,8.082426071166992,1.7857494354248047,3.1379833221435547,1.1607705451164998
20,8.10379695892334,1.7889593839645386,3.1393110752105713,1.1640250817423683
20,8.125178337097168,1.792118787765503,3.1405792236328125,1.1667477184044952
20,8.14656925201416,1.7952338457107544,3.141791343688965,1.1688242130784758
20,8.167967796325684,1.7983136177062988,3.142954111099243,1.1704804779325875
20,8.189372062683105,1.8013684749603271,3.1440773010253906,1.1719137643502024
20,8.21078109741211,1.8044060468673706,3.145169973373413,1.1732742071948081
20,8.232192993164062,1.8074290752410889,3.146237373352051,1.17468335409231
20,8.253607749938965,1.8104363679885864,3.1472811698913574,1.176225389144059
20,8.27502727508545,1.813424825668335,3.1482999324798584,1.1779452309240968
20,8.2964506149292,1.8163899183273315,3.1492910385131836,1.179875497428552
20,8.317879676818848,1.819327473640442,3.1502509117126465,1.1819830572838776
20,8.339314460754395,1.8222333192825317,3.1511757373809814,1.1842330690404737
20,8.360755920410156,1.8251044750213623,3.152062177658081,1.186593205139292
20,8.382203102111816,1.8279386758804321,3.1529078483581543,1.188986633141537
20,8.403657913208008,1.830734133720398,3.153710126876831,1.1914639855279283
20,8.425119400024414,1.833488941192627,3.154465436935425,1.1940052782064758
20,8.446587562561035,1.8362010717391968,3.155170202255249,1.1965550701520546
20,8.468063354492188,1.8388687372207642,3.155820846557617,1.1989983411356917
20,8.489546775817871,1.84149169921875,3.156414270401001,1.2012339189612529
20,8.511035919189453,1.8440721035003662,3.1569502353668213,1.2031844819845736
20,8.532530784606934,1.8466143608093262,3.1574316024780273,1.2048127586880315
20,8.554031372070312,1.849124789237976,3.157864809036255,1.206125541899948
20,8.575535774230957,1.8516089916229248,3.158257484436035,1.2071281414236013
20,8.59704303741455,1.8540704250335693,3.1586172580718994,1.207858750928279
20,8.618553161621094,1.8565115928649902,3.158949136734009,1.2084964787808032
20,8.64006519317627,1.8589338064193726,3.1592559814453125,1.2091413051520643
20,8.661580085754395,1.8613380193710327,3.159538507461548,1.2098553084893702
20,8.683096885681152,1.8637242317199707,3.159796714782715,1.2106807047368244
20,8.70461654663086,1.8660917282104492,3.160029411315918,1.2116444575069674
20,8.726139068603516,1.868438720703125,3.1602344512939453,1.2127607048235862
20,8.747663497924805,1.870762825012207,3.160409688949585,1.2140437352229796
20,8.769190788269043,1.8730614185333252,3.1605522632598877,1.2154599387198175
20,8.790721893310547,1.8753315210342407,3.1606597900390625,1.2169511061501253
20,8.812256813049316,1.8775699138641357,3.1607301235198975,1.2184231632381
20,8.833794593811035,1.879773736000061,3.160761833190918,1.2198852922778307
20,8.85533618927002,1.8819408416748047,3.160754442214966,1.2213039300466393
20,8.87688159942627,1.884069561958313,3.16070818901062,1.2226560820253531
20,8.898430824279785,1.8861593008041382,3.160623550415039,1.2239239902412236
20,8.919983863830566,1.8882102966308594,3.1605019569396973,1.2251089891015128
20,8.941540718078613,1.8902233839035034,3.1603448390960693,1.226226866628874
20,8.963099479675293,1.8921997547149658,3.16015362739563,1.2272845564163182
20,8.984662055969238,1.8941410779953003,3.1599297523498535,1.2282904056773616
20,9.006226539611816,1.8960490226745605,3.159674644470215,1.2292539825206206
20,9.027793884277344,1.897924780845642,3.1593892574310303,1.2301866644077688
20,9.04936408996582,1.8997695446014404,3.1590747833251953,1.2310999009709138
20,9.070935249328613,1.9015837907791138,3.158731698989868,1.2319686813953565
20,9.092509269714355,1.9033679962158203,3.158360242843628,1.2328397381181124
20,9.11408519744873,1.9051218032836914,3.157960891723633,1.2337275160606365
20,9.135663032531738,1.9068446159362793,3.1575334072113037,1.2346382531377027
20,9.157241821289062,1.908535361289978,3.1570775508880615,1.235576264202683
20,9.178824424743652,1.910192847251892,3.1565933227539062,1.2365437240223358
20,9.200407028198242,1.9118155241012573,3.1560797691345215,1.2375406617742895
20,9.221993446350098,1.9134016036987305,3.1555371284484863,1.2385672795478915
20,9.24358081817627,1.914949655532837,3.1549644470214844,1.2396160841304822
20,9.265170097351074,1.9164578914642334,3.1543614864349365,1.2406808580445252
20,9.286762237548828,1.9179246425628662,3.1537280082702637,1.2417553282032254
20,9.308355331420898,1.9193488359451294,3.153064012527466,1.2428328705719236
20,9.329950332641602,1.9207289218902588,3.1523690223693848,1.2439064626925689
20,9.351548194885254,1.9220640659332275,3.1516435146331787,1.244969587950393
20,9.373147010803223,1.9233531951904297,3.1508872509002686,1.246013405153776
20,9.394747734069824,1.924595594406128,3.1501004695892334,1.2470317359986733
20,9.416349411010742,1.9257906675338745,3.1492834091186523,1.248001142036338
20,9.437952995300293,1.9269376993179321,3.1484360694885254,1.2489299419802544
20,9.45955753326416,1.928036093711853,3.1475586891174316,1.2498263903536169
20,9.48116397857666,1.9290851354599,3.14665150642395,1.2506888384738104
20,9.502771377563477,1.930083990097046,3.14571475982666,1.2515162413201748
20,9.52437973022461,1.9310318231582642,3.1447484493255615,1.252306059292091
20,9.545989036560059,1.9319275617599487,3.1437530517578125,1.253052226286044
20,9.567598342895508,1.9327703714370728,3.142728090286255,1.2537597677097465
20,9.58920955657959,1.9335589408874512,3.141674041748047,1.2544274052613973
20,9.610820770263672,1.9342920780181885,3.1405906677246094,1.2550533242208628
20,9.632431983947754,1.9349684715270996,3.1394782066345215,1.2556337374431867
20,9.654043197631836,1.9355868101119995,3.138336420059204,1.2561659710756072
20,9.675655364990234,1.9361460208892822,3.1371657848358154,1.2566490144748768
20,9.697266578674316,1.9366446733474731,3.1359658241271973,1.2570699801864345
20,9.718877792358398,1.9370816946029663,3.134737253189087,1.2574310282901036
20,9.74048900604248,1.9374561309814453,3.1334798336029053,1.2577304835301604
20,9.762099266052246,1.9377669095993042,3.1321940422058105,1.2579646020621065
20,9.783708572387695,1.9380134344100952,3.130880355834961,1.2581296675068054
20,9.805316925048828,1.938194990158081,3.1295385360717773,1.2582221092207697
20,9.826924324035645,1.938310980796814,3.1281697750091553,1.2582387421721046
20,9.848529815673828,1.9383610486984253,3.1267740726470947,1.2581691733686897
20,9.870133399963379,1.9383450746536255,3.125352144241333,1.2580077872965545
20,9.891736030578613,1.938262701034546,3.1239047050476074,1.2577623790723655
20,9.913335800170898,1.9381139278411865,3.122432231903076,1.2574317655836924
20,9.93493366241455,1.937898874282837,3.1209352016448975,1.2570152211976289
20,9.956528663635254,1.9376174211502075,3.1194145679473877,1.2565123537971223
20,9.978121757507324,1.9372698068618774,3.117870807647705,1.2559232405325298
20,9.999711990356445,1.9368561506271362,3.116304636001587,1.2552467002610335
20,10.0212984085083,1.9363765716552734,3.1147167682647705,1.2544681740790895
20,10.042882919311523,1.9358313083648682,3.1131081581115723,1.2536012629028432
20,10.06446361541748,1.9352203607559204,3.1114790439605713,1.2526518602387846
20,10.086040496826172,1.9345442056655884,3.109830379486084,1.2516209639031564
20,10.107614517211914,1.9338030815124512,3.1081631183624268,1.2505098860680228
20,10.129183769226074,1.9329973459243774,3.106477737426758,1.2493191974485065
20,10.1507568359375,1.9321271181106567,3.1047744750976562,1.2480480465340251
20,10.172396659851074,1.931189775466919,3.1030490398406982,1.246675140448111
20,10.194032669067383,1.930188536643982,3.1013081073760986,1.2452099968548194
20,10.215986251831055,1.929107666015625,3.0995259284973145,1.243641161814887
20,10.238836288452148,1.9279145002365112,3.0976552963256836,1.2419374866221284
20,10.263388633728027,1.9265574216842651,3.0956294536590576,1.2400384779279636
20,10.287935256958008,1.925125241279602,3.0935888290405273,1.2380389205973308
20,10.314701080322266,1.923480749130249,3.09134840965271,1.2357847047895996
20,10.343430519104004,1.9216235876083374,3.088927745819092,1.2332572298261464
20,10.372152328491211,1.9196745157241821,3.086493968963623,1.2306077904411796
20,10.402032852172852,1.9175541400909424,3.0839505195617676,1.2277898151685545
20,10.43234920501709,1.915311336517334,3.0813610553741455,1.2247762185865312
20,10.462657928466797,1.9129812717437744,3.0787665843963623,1.2217056328097893
20,10.493059158325195,1.910563349723816,3.0761616230010986,1.2185463155017027
20,10.523454666137695,1.9080690145492554,3.073557138442993,1.2153134019896084
20,10.553854942321777,1.9055044651031494,3.070955514907837,1.2120462144209014
20,10.584249496459961,1.9028762578964233,3.0683600902557373,1.2087217395329999
20,10.614640235900879,1.90018892288208,3.0657732486724854,1.2053730566854568
20,10.645026206970215,1.897449254989624,3.063196897506714,1.2019651426434341
20,10.675410270690918,1.894661545753479,3.060633659362793,1.1985273104676428
20,10.705790519714355,1.8918312788009644,3.0580854415893555,1.195083022158676
20,10.736169815063477,1.8889648914337158,3.0555548667907715,1.1916281570046916
20,10.766547203063965,1.8860667943954468,3.053044080734253,1.1881788991405124
20,10.796924591064453,1.8831442594528198,3.050555944442749,1.1847397625391625
20,10.827301979064941,1.8802026510238647,3.0480926036834717,1.181333030282024
20,10.857680320739746,1.8772486448287964,3.0456559658050537,1.177960938159912
20,10.888060569763184,1.874289631843567,3.0432486534118652,1.1746430551603104
20,10.918442726135254,1.8713310956954956,3.04087233543396,1.1713830719411515
20,10.94882869720459,1.8683815002441406,3.0385289192199707,1.1681869383848298
20,10.979218482971191,1.8654475212097168,3.036220073699951,1.1651532008583714
20,11.009613990783691,1.8625361919403076,3.033947467803955,1.1622054546705467
20,11.040014266967773,1.8596552610397339,3.031712293624878,1.1593981437763798
20,11.07042121887207,1.8568098545074463,3.029515504837036,1.1567371441966463
20,11.100834846496582,1.8540071249008179,3.027358293533325,1.1541608251105944
20,11.131255149841309,1.8512517213821411,3.025240898132324,1.1517866983887428
20,11.161683082580566,1.8485482931137085,3.0231642723083496,1.14948785634603
20,11.192119598388672,1.8459010124206543,3.0211284160614014,1.1473119645019578
20,11.222563743591309,1.8433130979537964,3.0191335678100586,1.1452855484671098
20,11.25301742553711,1.8407878875732422,3.0171797275543213,1.143339309854385
20,11.283487319946289,1.838327407836914,3.0152666568756104,1.1415553139327117
20,11.31396484375,1.8359348773956299,3.013395071029663,1.1398540243827513
20,11.344474792480469,1.8336104154586792,3.011563301086426,1.1382487682605626
20,11.374992370605469,1.8313575983047485,3.0097732543945312,1.1367641392688626
20,11.405583381652832,1.8291733264923096,3.0080208778381348,1.1353391829708954
20,11.436322212219238,1.8270542621612549,3.0063018798828125,1.134023707864484
20,11.46706771850586,1.8250118494033813,3.004625082015991,1.1327687683563836
20,11.49807071685791,1.8230334520339966,3.0029778480529785,1.1315515616723701
20,11.529080390930176,1.8211349248886108,3.001373052597046,1.130445089940704
20,11.565394401550293,1.8190089464187622,2.999545097351074,1.1292409031465462
20,11.63121223449707,1.8154058456420898,2.9963631629943848,1.1274660191293069
20,11.697053909301758,1.8121230602264404,2.9933478832244873,1.1261181504044038
20,11.768756866455078,1.8088934421539307,2.990246295928955,1.1250770043768947
20,11.898385047912598,1.8038257360458374,2.9850494861602783,1.1243549680759697
20,12.028063774108887,1.7996571063995361,2.9803247451782227,1.1242899678267397
20,12.149770736694336,1.796441674232483,2.976224422454834,1.124535288833413
20,12.271498680114746,1.7937932014465332,2.972356081008911,1.1241809497772546
20,12.393580436706543,1.791595697402954,2.968618631362915,1.1234517577260115
20,12.515857696533203,1.7897313833236694,2.9649388790130615,1.1220216576702606
20,12.638139724731445,1.7881407737731934,2.9612863063812256,1.1199782508301215
20,12.760509490966797,1.7867449522018433,2.9576234817504883,1.1176187460586677
20,12.882911682128906,1.785507082939148,2.95393967628479,1.114759377853588
20,12.90300178527832,1.785316824913025,2.9533324241638184,1.1142851352764904
21,1.2691205739974976,-0.8314242362976074,2.4185919761657715,1.0150382603399695
21,1.3912627696990967,-0.8315434455871582,2.4253323078155518,1.019389209946332
21,1.5134203433990479,-0.8316685557365417,2.4317848682403564,1.023724226569379
21,1.6357299089431763,-0.8318021893501282,2.4375176429748535,1.0280811560771943
21,1.7580835819244385,-0.8319473266601562,2.442206382751465,1.0319853301630049
21,1.8805092573165894,-0.8321084976196289,2.445464611053467,1.0355839422197428
21,2.0029730796813965,-0.8322921395301819,2.446941375732422,1.0382967423107503
21,2.1254444122314453,-0.832502543926239,2.446460485458374,1.03985969282751
21,2.247889757156372,-0.832746684551239,2.4438719749450684,1.0408894372488346
21,2.3702754974365234,-0.8330278992652893,2.4392528533935547,1.0394590208511973
21,2.4925739765167236,-0.8333494067192078,2.4327194690704346,1.0374005802871584
21,2.6147773265838623,-0.8337123990058899,2.4245924949645996,1.0338631657414432
21,2.736879348754883,-0.8341176509857178,2.4150614738464355,1.0291044117992112
21,2.8588922023773193,-0.8345657587051392,2.404452323913574,1.023771449952192
21,2.980823040008545,-0.8350586295127869,2.392937183380127,1.0171042131863994
21,3.102678060531616,-0.835598349571228,2.380647659301758,1.009884400766636
21,3.2244651317596436,-0.8361894488334656,2.3677046298980713,1.0018899251123217
21,3.346186399459839,-0.8368366360664368,2.354156970977783,0.9927077073531667
21,3.467846155166626,-0.8375478386878967,2.340073347091675,0.9828748540212243
21,3.589449882507324,-0.8383342623710632,2.325515031814575,0.9714543849241324
21,3.7109992504119873,-0.8392058610916138,2.310516357421875,0.958689637277231
21,3.8324878215789795,-0.8401824831962585,2.2951972484588623,0.9444119064354838
21,3.9539482593536377,-0.8412846326828003,2.279665470123291,0.9275589055211432
21,4.075187683105469,-0.8425410985946655,2.2641446590423584,0.9092965244163069
21,4.1953816413879395,-0.8439903855323792,2.2490851879119873,0.8890984493347291
21,4.315649032592773,-0.8456915020942688,2.2346506118774414,0.8682063729172004
21,4.432818412780762,-0.847669780254364,2.22174334526062,0.8472207002817851
21,4.550150394439697,-0.8500457406044006,2.2104978561401367,0.8290947287297212
21,4.661341190338135,-0.852740466594696,2.2019591331481934,0.814394150607934
21,4.764222145080566,-0.855685830116272,2.1963562965393066,0.8038464572964451
21,4.859307765960693,-0.8588338494300842,2.19340181350708,0.7984567287499291
21,4.954421043395996,-0.8624145984649658,2.192734479904175,0.7965033666171207
21,5.044318675994873,-0.8661993741989136,2.1942386627197266,0.7978298021342188
21,5.131715297698975,-0.8702386617660522,2.197619915008545,0.8018401191773927
21,5.218228816986084,-0.874565839767456,2.202702760696411,0.8080672656147302
21,5.30446720123291,-0.8791837692260742,2.209327459335327,0.8160947040934498
21,5.390560150146484,-0.8840813636779785,2.217315673828125,0.8256221336033578
21,5.47652006149292,-0.8892509937286377,2.2264838218688965,0.8361474815807721
21,5.562691688537598,-0.8947176933288574,2.236694574356079,0.8470346807995267
21,5.651431560516357,-0.9006629586219788,2.248091220855713,0.8582227065251158
21,5.743949890136719,-0.9072363972663879,2.2607641220092773,0.8697754641069745
21,5.840149879455566,-0.9145189523696899,2.2746236324310303,0.881628268642086
21,5.939630031585693,-0.9225792288780212,2.289517641067505,0.8936098676605461
21,6.039000511169434,-0.9312131404876709,2.3048181533813477,0.9053801572184133
21,6.141119480133057,-0.9407351016998291,2.3208413124084473,0.9174286979604072
21,6.245330810546875,-0.9511696696281433,2.33735728263855,0.9298870569652936
21,6.349788665771484,-0.9623600244522095,2.3539254665374756,0.9425274721969791
21,6.455220699310303,-0.9744049310684204,2.3705060482025146,0.9553344289031599
21,6.560861110687256,-0.987088143825531,2.38672137260437,0.9685341238017801
21,6.666835784912109,-1.000364065170288,2.4022819995880127,0.9824016015052371
21,6.694102764129639,-1.0038456916809082,2.4061193466186523,0.9856838880513379
21,6.721377372741699,-1.0073506832122803,2.409877300262451,0.9887575742819208
21,6.748415470123291,-1.010845422744751,2.413518190383911,0.991672077211764
21,6.77531623840332,-1.0143405199050903,2.417055130004883,0.9943477526145892
21,6.8027753829956055,-1.0179247856140137,2.4205753803253174,0.9969745408054641
21,6.829514026641846,-1.0214303731918335,2.4239113330841064,0.9993601119716493
21,6.856199264526367,-1.024943232536316,2.4271483421325684,1.0015626969143419
21,6.882920742034912,-1.0284745693206787,2.4302945137023926,1.0035852294560303
21,6.909641265869141,-1.0320191383361816,2.4333443641662598,1.0053642995240133
21,6.936338424682617,-1.0355737209320068,2.4362945556640625,1.0069155719010396
21,6.963006019592285,-1.0391380786895752,2.439142942428589,1.008224474452696
21,6.9896368980407715,-1.0427117347717285,2.4418890476226807,1.0092691479715739
21,7.016275882720947,-1.0463019609451294,2.444537401199341,1.0100534424237173
21,7.042872428894043,-1.0499032735824585,2.4470832347869873,1.010587325836606
21,7.069509506225586,-1.0535287857055664,2.449535846710205,1.0108964265608877
21,7.096137523651123,-1.0571738481521606,2.4518911838531494,1.0109591977904444
21,7.122713565826416,-1.0608348846435547,2.454148054122925,1.010784168966717
21,7.149232864379883,-1.0645138025283813,2.456308603286743,1.0103831372084118
21,7.175689697265625,-1.0682129859924316,2.4583754539489746,1.0097696852399474
21,7.202080726623535,-1.0719350576400757,2.4603521823883057,1.0089586682766876
21,7.228401184082031,-1.0756828784942627,2.4622416496276855,1.0079642505031132
21,7.254707336425781,-1.0794682502746582,2.4640510082244873,1.0067935473135268
21,7.280940055847168,-1.083287000656128,2.4657788276672363,1.0054778822391257
21,7.307187080383301,-1.0871561765670776,2.4674346446990967,1.0040247634926058
21,7.333354949951172,-1.0910664796829224,2.469015121459961,1.0024473992137666
21,7.359440326690674,-1.0950223207473755,2.470524311065674,1.0007636440091587
21,7.385439872741699,-1.09902822971344,2.471965789794922,0.9989920439995481
21,7.411351680755615,-1.103088617324829,2.4733433723449707,0.9971353322528556
21,7.43723726272583,-1.1072187423706055,2.474663496017456,0.9952150446835624
21,7.463031768798828,-1.1114133596420288,2.4759271144866943,0.9932598035013697
21,7.48873233795166,-1.1156771183013916,2.4771385192871094,0.9912887800679939
21,7.514337062835693,-1.1200140714645386,2.478301763534546,0.9893153246046456
21,7.539758205413818,-1.1244144439697266,2.479417324066162,0.9873479449781124
21,7.565739154815674,-1.1290122270584106,2.4805212020874023,0.9854431815479049
21,7.591336250305176,-1.1336466073989868,2.481576681137085,0.9835456618984403
21,7.616192817687988,-1.1382554769515991,2.482574224472046,0.9817211363342994
21,7.641495227813721,-1.1430591344833374,2.4835660457611084,0.9800120547154756
21,7.666689395904541,-1.1479592323303223,2.4845337867736816,0.9784017261810004
21,7.691912651062012,-1.1529850959777832,2.4854869842529297,0.9769023918084732
21,7.71696138381958,-1.1580991744995117,2.486422538757324,0.9755051570126331
21,7.741738796234131,-1.1632838249206543,2.487342596054077,0.9742390452606137
21,7.7659831047058105,-1.1684799194335938,2.48824143409729,0.9732217159260196
21,7.790399551391602,-1.1738457679748535,2.4891445636749268,0.9722852801798719
21,7.815556049346924,-1.1795248985290527,2.4900624752044678,0.9714475052747777
21,7.8406291007995605,-1.1853586435317993,2.4909236431121826,0.9704872984693594
21,7.865666389465332,-1.1913785934448242,2.491635799407959,0.968945294347271
21,7.890588760375977,-1.1975847482681274,2.4919888973236084,0.9657290272730503
21,7.9153828620910645,-1.2039790153503418,2.4915735721588135,0.9574632385798958
21,7.939933776855469,-1.210466980934143,2.489748001098633,0.943086955928657
21,7.958429336547852,-1.2153489589691162,2.4871902465820312,0.931900214175147
21,7.982539176940918,-1.2215389013290405,2.4826571941375732,0.9213397312371004
21,8.00047779083252,-1.225982904434204,2.4789178371429443,0.9170238420113719
21,8.01926326751709,-1.230522632598877,2.4751219749450684,0.9142561734993868
21,8.043249130249023,-1.2361581325531006,2.4709737300872803,0.9136562942292362
21,8.067366600036621,-1.2416152954101562,2.4680421352386475,0.9188900574943136
21,8.091548919677734,-1.2468987703323364,2.4663026332855225,0.9261116435956153
21,8.115711212158203,-1.2520596981048584,2.4652750492095947,0.9306123039420052
21,8.139798164367676,-1.2571516036987305,2.46445369720459,0.9325567931145146
21,8.16370964050293,-1.2621902227401733,2.463569402694702,0.9331476665769881
21,8.187520980834961,-1.2672144174575806,2.462428331375122,0.9324969737743231
21,8.21121597290039,-1.272226095199585,2.4608688354492188,0.9304650694663654
21,8.234786033630371,-1.2771987915039062,2.458805799484253,0.9271714412445508
21,8.258477210998535,-1.2821273803710938,2.4562485218048096,0.9228022988952505
21,8.281815528869629,-1.2868626117706299,2.4533512592315674,0.9181866952616281
21,8.30501651763916,-1.2914167642593384,2.450214147567749,0.913670694771218
21,8.328139305114746,-1.2957838773727417,2.446937084197998,0.9093881296703878
21,8.351194381713867,-1.29995858669281,2.4436042308807373,0.9053857889973677
21,8.374205589294434,-1.3039404153823853,2.440272092819214,0.9012078776050394
21,8.397171020507812,-1.3077250719070435,2.4369711875915527,0.8971371907881149
21,8.420036315917969,-1.3113030195236206,2.4337170124053955,0.8931327276085578
21,8.442866325378418,-1.314684510231018,2.4304914474487305,0.8890863151802411
21,8.465657234191895,-1.3178691864013672,2.427273750305176,0.8848994491573442
21,8.488371849060059,-1.320852518081665,2.424044132232666,0.880396059790751
21,8.511041641235352,-1.3236373662948608,2.420772075653076,0.8754318122881187
21,8.533659934997559,-1.3262192010879517,2.4174375534057617,0.8697983826293699
21,8.556204795837402,-1.3285876512527466,2.414029359817505,0.8634222900679355
21,8.578631401062012,-1.3307331800460815,2.4105498790740967,0.8565067762062255
21,8.60100269317627,-1.3326566219329834,2.406991720199585,0.8490834228518216
21,8.623298645019531,-1.3343513011932373,2.403367519378662,0.8412143364613588
21,8.645541191101074,-1.3358147144317627,2.3996856212615967,0.8328930442832202
21,8.667730331420898,-1.3370425701141357,2.3959591388702393,0.8241513664582998
21,8.68986701965332,-1.3380316495895386,2.3922009468078613,0.815014115743646
21,8.71195125579834,-1.3387788534164429,2.388422727584839,0.8054976286787919
21,8.73398208618164,-1.339281678199768,2.384633779525757,0.7956394746663226
21,8.755948066711426,-1.33953857421875,2.3808434009552,0.785470547536139
21,8.777859687805176,-1.3395482301712036,2.3770534992218018,0.774931640672325
21,8.79971694946289,-1.3393083810806274,2.373265027999878,0.7640116604101742
21,8.821515083312988,-1.3388168811798096,2.369476795196533,0.7526983484565831
21,8.843252182006836,-1.3380711078643799,2.365685224533081,0.7409806821882766
21,8.864923477172852,-1.3370682001113892,2.361884355545044,0.7288954415284536
21,8.886524200439453,-1.3358060121536255,2.358067035675049,0.7164677131805285
21,8.908052444458008,-1.3342803716659546,2.3542211055755615,0.7036377133425189
21,8.929502487182617,-1.3324863910675049,2.3503315448760986,0.6904136418739462
21,8.950867652893066,-1.330418586730957,2.346379041671753,0.6767955842069123
21,8.972185134887695,-1.3280651569366455,2.3423306941986084,0.6627648462317851
21,8.99339771270752,-1.3254231214523315,2.338164806365967,0.6484549098400585
21,9.014496803283691,-1.322486162185669,2.333843469619751,0.633942887547978
21,9.035496711730957,-1.319242238998413,2.3293137550354004,0.6192022056069852
21,9.056344985961914,-1.315688967704773,2.324528932571411,0.6043293594806648
21,9.077033042907715,-1.3118177652359009,2.319425344467163,0.5894123298579562
21,9.09754753112793,-1.3076201677322388,2.3139264583587646,0.5745772011442438
21,9.117860794067383,-1.303094506263733,2.3079566955566406,0.5601900517033027
21,9.13792610168457,-1.2982426881790161,2.3014347553253174,0.5463227467979919
21,9.157690048217773,-1.2930718660354614,2.2942698001861572,0.5332745486844849
21,9.177090644836426,-1.2875945568084717,2.286376953125,0.5215228968261085
21,9.196063995361328,-1.2818341255187988,2.2776882648468018,0.5114442304970719
21,9.21453857421875,-1.2758116722106934,2.2681455612182617,0.5031404087729486
21,9.232444763183594,-1.2695573568344116,2.2577085494995117,0.4974338378532501
21,9.249727249145508,-1.2631069421768188,2.246380090713501,0.4942593590944412
21,9.266338348388672,-1.2564843893051147,2.2341794967651367,0.4937156964272131
21,9.282266616821289,-1.2497118711471558,2.2211759090423584,0.4958896932534674
21,9.297513008117676,-1.2428041696548462,2.207446336746216,0.5006197958343834
21,9.312126159667969,-1.235761284828186,2.193108558654785,0.5073298043359494
21,9.326156616210938,-1.2285754680633545,2.1782689094543457,0.5160224148646497
21,9.339690208435059,-1.2212276458740234,2.1630520820617676,0.5257040870369107
21,9.352826118469238,-1.213692545890808,2.147578716278076,0.5364689298002913
21,9.365654945373535,-1.2059390544891357,2.131957530975342,0.5474688766560887
21,9.378275871276855,-1.1979382038116455,2.116290807723999,0.5588184615897199
21,9.390787124633789,-1.1896530389785767,2.1006839275360107,0.5695379444291445
21,9.403265953063965,-1.1810550689697266,2.085222005844116,0.5801845949543151
21,9.415799140930176,-1.172114372253418,2.0699994564056396,0.5898955625172027
21,9.428444862365723,-1.1628056764602661,2.0550942420959473,0.598887070967077
21,9.441271781921387,-1.153106451034546,2.0405988693237305,0.6070416327840995
21,9.454312324523926,-1.1430044174194336,2.0265774726867676,0.6140118029484329
21,9.467616081237793,-1.1324816942214966,2.0131242275238037,0.6200934385446275
21,9.481195449829102,-1.1215378046035767,2.000298023223877,0.6249419136618671
21,9.495077133178711,-1.110163688659668,1.9881893396377563,0.628871611234479
21,9.509257316589355,-1.0983670949935913,1.9768563508987427,0.631330122213721
21,9.523740768432617,-1.0861514806747437,1.9663840532302856,0.6331672023944601
21,9.538508415222168,-1.073529601097107,1.9568321704864502,0.6332181022724797
21,9.553548812866211,-1.060522437095642,1.948272466659546,0.6325458810753474
21,9.568827629089355,-1.047148585319519,1.9407676458358765,0.6310486471024522
21,9.58431339263916,-1.0334389209747314,1.9343748092651367,0.6280262085516546
21,9.599964141845703,-1.0194261074066162,1.9291491508483887,0.6243289174780119
21,9.61573600769043,-1.005150318145752,1.9251399040222168,0.6197371131619759
21,9.631570816040039,-0.990649402141571,1.9223864078521729,0.6145270287341191
21,9.647417068481445,-0.9759733080863953,1.9209245443344116,0.6086317665119272
21,9.663209915161133,-0.9611691236495972,1.9207783937454224,0.6021274484461092
21,9.678887367248535,-0.9462893605232239,1.921965479850769,0.5951548556503852
21,9.694387435913086,-0.9313908815383911,1.92448890209198,0.5878223059925967
21,9.709641456604004,-0.9165241718292236,1.9283491373062134,0.5802656118901026
21,9.724588394165039,-0.901746392250061,1.933525800704956,0.5726940189691706
21,9.739163398742676,-0.8871062994003296,1.9399956464767456,0.5651166844038984
21,9.753308296203613,-0.8726560473442078,1.9477214813232422,0.5572948300276149
21,9.766977310180664,-0.8584408164024353,1.9566489458084106,0.5496941706917982
21,9.780111312866211,-0.8444968461990356,1.9667325019836426,0.5424255904583566
21,9.792681694030762,-0.8308558464050293,1.9778920412063599,0.5351498291423007
21,9.804643630981445,-0.8175415992736816,1.9900685548782349,0.5283747277461982
21,9.815982818603516,-0.8045649528503418,2.003170967102051,0.5216546346659636
21,9.82667064666748,-0.791933000087738,2.017129898071289,0.5155092079104842
21,9.83670711517334,-0.7796369194984436,2.0318520069122314,0.5094323567106516
21,9.84607982635498,-0.7676636576652527,2.04726243019104,0.503916544533687
21,9.85479736328125,-0.7559961080551147,2.063279628753662,0.49871042946763683
21,9.862863540649414,-0.7446004152297974,2.0798254013061523,0.4938026799478753
21,9.870292663574219,-0.7334526777267456,2.096831798553467,0.4894396227743227
21,9.877099990844727,-0.7225221991539001,2.1142356395721436,0.4855544771515868
21,9.883305549621582,-0.7117759585380554,2.1319758892059326,0.48182577382255454
21,9.888927459716797,-0.7011865973472595,2.1500027179718018,0.4787983877058222
21,9.89399242401123,-0.6907331347465515,2.1682724952697754,0.47613582703052654
21,9.898527145385742,-0.6804017424583435,2.1867499351501465,0.4740844689828258
21,9.902555465698242,-0.6701782941818237,2.205404281616211,0.4723373375773745
21,9.906109809875488,-0.6600566506385803,2.224209785461426,0.4709620223258698
21,9.909221649169922,-0.6500354409217834,2.243147373199463,0.47026646456143184
21,9.91192626953125,-0.6401234865188599,2.262204885482788,0.46962499779353367
21,9.914257049560547,-0.6303339004516602,2.28137469291687,0.46951737030344404
21,9.916248321533203,-0.6206790804862976,2.3006505966186523,0.46968549419759026
21,9.917941093444824,-0.6111841797828674,2.3200342655181885,0.4700025943170055
21,9.919373512268066,-0.6018710136413574,2.339526891708374,0.47077093671197207
21,9.920580863952637,-0.5927653312683105,2.3591322898864746,0.47123071940358036
21,9.921601295471191,-0.5838996767997742,2.3788580894470215,0.47186032746494316
21,9.92247200012207,-0.5753046274185181,2.3987104892730713,0.47275660674708286
21,9.923229217529297,-0.5670164823532104,2.4186973571777344,0.47309606902565854
21,9.923910140991211,-0.5590755343437195,2.4388275146484375,0.47349056327147776
21,9.92454719543457,-0.5515169501304626,2.4591057300567627,0.47381492925357277
21,9.92516803741455,-0.5443803071975708,2.479536533355713,0.47349131256079774
21,9.92580795288086,-0.5377142429351807,2.500124931335449,0.4728896151298869
21,9.926493644714355,-0.5315608382225037,2.5208706855773926,0.47210884243787327
21,9.92724895477295,-0.525964081287384,2.5417709350585938,0.4710588313573668
21,9.928098678588867,-0.5209730267524719,2.5628201961517334,0.4690616148309137
21,9.92906379699707,-0.5166390538215637,2.5840096473693848,0.4664892159684367
21,9.93016242980957,-0.5130112767219543,2.6053245067596436,0.46343738017967817
21,9.931411743164062,-0.5101433396339417,2.626746654510498,0.45981962923811026
21,9.93282413482666,-0.508087694644928,2.64825177192688,0.45555723684155547
21,9.934412956237793,-0.5068992376327515,2.669809579849243,0.4505795458134296
21,9.936184883117676,-0.5066335201263428,2.6913840770721436,0.4448311426444744
21,9.938146591186523,-0.5073472261428833,2.7129316329956055,0.43823900832270124
21,9.940299987792969,-0.5090973377227783,2.734401226043701,0.4308173704657686
21,9.942645072937012,-0.5119410157203674,2.755733013153076,0.4226080362131147
21,9.945176124572754,-0.5159346461296082,2.77685809135437,0.4136530508328734
21,9.947883605957031,-0.521131694316864,2.797697067260742,0.40402590558624885
21,9.950752258300781,-0.5275830626487732,2.81816029548645,0.3935657126743947
21,9.95376968383789,-0.5353483557701111,2.838139533996582,0.3821445159620318
21,9.956910133361816,-0.5444727540016174,2.857516050338745,0.37032897803776293
21,9.960142135620117,-0.5549888610839844,2.876157522201538,0.35802901048180563
21,9.963438987731934,-0.5669240951538086,2.893911123275757,0.34538807594096327
21,9.966761589050293,-0.5802788734436035,2.9106171131134033,0.33269467010711523
21,9.970088958740234,-0.5950443148612976,2.926088571548462,0.31998954199621904
21,9.973392486572266,-0.6111662983894348,2.9401450157165527,0.30777530538032377
21,9.97668170928955,-0.628562331199646,2.9525930881500244,0.2958601181027628
21,9.979997634887695,-0.6471027731895447,2.9632515907287598,0.284917750876111
21,9.983418464660645,-0.6666229963302612,2.9719462394714355,0.2746462139142441
21,9.987091064453125,-0.6868985891342163,2.978559970855713,0.2655759198752664
21,9.991215705871582,-0.7076742649078369,2.9829931259155273,0.2579730649539162
21,9.995654106140137,-0.7271173000335693,2.985121965408325,0.252471543446673
21,10.001354217529297,-0.7479916214942932,2.985318899154663,0.2484492636996787
21,10.008211135864258,-0.7684292197227478,2.9834392070770264,0.24678837986727226
21,10.016355514526367,-0.7881192564964294,2.9796648025512695,0.24784131275886695
21,10.02478313446045,-0.8049396276473999,2.9748802185058594,0.2510819035281556
21,10.035362243652344,-0.8226170539855957,2.9682483673095703,0.2569489031839737
21,10.047016143798828,-0.8391270041465759,2.960498094558716,0.26440320136823614
21,10.059591293334961,-0.8545002341270447,2.951890230178833,0.27303320202331693
21,10.072906494140625,-0.8688415288925171,2.942636013031006,0.28247108431601725
21,10.086767196655273,-0.8822968006134033,2.9328651428222656,0.2919497683529746
21,10.101083755493164,-0.8949906826019287,2.9227354526519775,0.3014575448547584
21,10.115700721740723,-0.9070824980735779,2.912302017211914,0.3107553984990068
21,10.130568504333496,-0.9186875820159912,2.901672601699829,0.3194888717087903
21,10.145596504211426,-0.9299356341362,2.8908708095550537,0.3280147652916924
21,10.160744667053223,-0.9409274458885193,2.8799734115600586,0.33565962743410765
21,10.176019668579102,-0.9517804384231567,2.868971824645996,0.3431576973047778
21,10.191563606262207,-0.9627143144607544,2.85778546333313,0.34984911055350587
21,10.207145690917969,-0.9736173152923584,2.84662127494812,0.356311221910854
21,10.223368644714355,-0.9850208759307861,2.835052251815796,0.36211317416585137
21,10.239609718322754,-0.9965144991874695,2.823598861694336,0.36747520384371407
21,10.257055282592773,-1.0090340375900269,2.811446189880371,0.37248764660162753
21,10.274518966674805,-1.0217530727386475,2.7995312213897705,0.37687013976736555
21,10.293577194213867,-1.035897135734558,2.7868494987487793,0.38092533397707123
21,10.312691688537598,-1.0503270626068115,2.7745821475982666,0.38449664169948866
21,10.333292961120605,-1.0661566257476807,2.761946678161621,0.3875196691974872
21,10.354046821594238,-1.0822913646697998,2.7499639987945557,0.3900620337532009
21,10.37585163116455,-1.099381923675537,2.7382938861846924,0.3930110872626066
21,10.397963523864746,-1.116690993309021,2.7275612354278564,0.3951349459971056
21,10.420455932617188,-1.1341328620910645,2.7178890705108643,0.39806483257773007
21,10.44373607635498,-1.1518757343292236,2.709294319152832,0.401726041154963
21,10.467544555664062,-1.169537901878357,2.7020974159240723,0.40593535012370713
21,10.491979598999023,-1.1870638132095337,2.696408271789551,0.4113321915866447
21,10.516924858093262,-1.2043323516845703,2.692387104034424,0.41797275351395474
21,10.542327880859375,-1.2212706804275513,2.6901559829711914,0.4255863544290537
21,10.568086624145508,-1.237809419631958,2.689774513244629,0.4335742360036714
21,10.594085693359375,-1.2538992166519165,2.6913044452667236,0.44281491271046897
21,10.620206832885742,-1.2694865465164185,2.694754123687744,0.4521483471763124
21,10.646350860595703,-1.284494161605835,2.7000813484191895,0.462555820947537
21,10.672425270080566,-1.2988498210906982,2.7072410583496094,0.4734423449678622
21,10.6983642578125,-1.312461256980896,2.7161338329315186,0.48541310192731096
21,10.724117279052734,-1.3252313137054443,2.726665735244751,0.4978217397316199
21,10.749656677246094,-1.3370615243911743,2.738708734512329,0.5114902144409198
21,10.7749662399292,-1.3478585481643677,2.7521297931671143,0.525481117788599
21,10.800044059753418,-1.357540488243103,2.7667808532714844,0.5405655407735774
21,10.82490062713623,-1.3660222291946411,2.78251314163208,0.5557493758085352
21,10.8495454788208,-1.3732506036758423,2.7991771697998047,0.5718252558885445
21,10.873998641967773,-1.3791730403900146,2.816620349884033,0.587566467939031
21,10.898290634155273,-1.3837438821792603,2.8346846103668213,0.603787484346422
21,10.922443389892578,-1.386942982673645,2.8532238006591797,0.6195149087467056
21,10.946483612060547,-1.388749361038208,2.8720953464508057,0.6353922273333729
21,10.970437049865723,-1.3891669511795044,2.891158103942871,0.6504824952321832
21,10.994336128234863,-1.3881906270980835,2.9102694988250732,0.6653145669681257
21,11.018202781677246,-1.3858486413955688,2.929302215576172,0.6790571460991421
21,11.042073249816895,-1.3821511268615723,2.9481141567230225,0.6923940225168738
21,11.065961837768555,-1.3771475553512573,2.966597557067871,0.7046981352565495
21,11.089910507202148,-1.3708685636520386,2.9846084117889404,0.7159038532944291
21,11.113936424255371,-1.3633756637573242,3.002042531967163,0.7257920885574263
21,11.138077735900879,-1.35472571849823,3.0187668800354004,0.7351382893000843
21,11.162332534790039,-1.3449926376342773,3.0347132682800293,0.743157351771578
21,11.186745643615723,-1.3342524766921997,3.0497472286224365,0.7500461930148714
21,11.211309432983398,-1.322590708732605,3.063819646835327,0.7564677008357826
21,11.236059188842773,-1.3101069927215576,3.076822519302368,0.761270673176249
21,11.260982513427734,-1.2968900203704834,3.0887229442596436,0.7659797611863016
21,11.286114692687988,-1.283055305480957,3.099442958831787,0.7693212009259258
21,11.311436653137207,-1.268701434135437,3.108966827392578,0.7724644427234957
21,11.336989402770996,-1.2539392709732056,3.117250919342041,0.7750599855770446
21,11.362741470336914,-1.2388803958892822,3.1242918968200684,0.7770931942557258
21,11.388769149780273,-1.2236303091049194,3.130080461502075,0.7791471287494015
21,11.413145065307617,-1.2093878984451294,3.1343424320220947,0.7808764448037044
22,0.17364190518856049,-0.24374200403690338,2.046482563018799,1.0002701215326186
22,0.28020691871643066,-0.24374505877494812,2.047447919845581,1.0004779522903853
22,0.38676711916923523,-0.24375128746032715,2.048842430114746,1.0007623593091945
22,0.4975990951061249,-0.24376298487186432,2.05084228515625,1.001142460194206
22,0.612873375415802,-0.24378187954425812,2.053633213043213,1.0017932359055135
22,0.7281249165534973,-0.24380795657634735,2.0572409629821777,1.0026738980643712
22,0.8468184471130371,-0.243841290473938,2.061954975128174,1.0038069117184856
22,0.9654656052589417,-0.24387915432453156,2.0677194595336914,1.0060505868055567
22,1.0861762762069702,-0.24391968548297882,2.074664354324341,1.0090643657048688
22,1.2078629732131958,-0.24395979940891266,2.082463502883911,1.0135449926652873
22,1.3295154571533203,-0.24399800598621368,2.090782880783081,1.018688841374082
22,1.451560139656067,-0.2440340518951416,2.0991036891937256,1.0241598942473535
22,1.5737504959106445,-0.24406877160072327,2.1069798469543457,1.0297262198018406
22,1.66511070728302,-0.24409443140029907,2.112332820892334,1.0338197817944537
22,1.7874345779418945,-0.24413056671619415,2.118295907974243,1.038949355354432
22,1.909828543663025,-0.24417047202587128,2.122574806213379,1.043420612584064
22,2.032283067703247,-0.24421806633472443,2.1246509552001953,1.0473730443749394
22,2.154754400253296,-0.2442760467529297,2.1243200302124023,1.0493991503774385
22,2.277191400527954,-0.24434784054756165,2.1213815212249756,1.0508292301223159
22,2.3995437622070312,-0.24443551898002625,2.115957498550415,1.0501561118377183
22,2.5217702388763428,-0.24454008042812347,2.1081900596618652,1.0481356514389786
22,2.6438584327697754,-0.24466146528720856,2.098484992980957,1.0451887362480181
22,2.7658042907714844,-0.24479903280735016,2.0871260166168213,1.040360051625731
22,2.8876168727874756,-0.24495194852352142,2.0744173526763916,1.035139726385086
22,3.0093066692352295,-0.24511933326721191,2.060579538345337,1.0289854637027263
22,3.1308727264404297,-0.24530081450939178,2.04569411277771,1.021892228074881
22,3.252314329147339,-0.2454959601163864,2.0298244953155518,1.014391031401645
22,3.373616933822632,-0.24570485949516296,2.0129268169403076,1.0045088632604418
22,3.4947586059570312,-0.2459273785352707,1.9949122667312622,0.9931855511436416
22,3.61570143699646,-0.24616332352161407,1.9756087064743042,0.9790753037408416
22,3.7363970279693604,-0.24641244113445282,1.954817295074463,0.9601855905879719
22,3.8567609786987305,-0.2466748207807541,1.9322950839996338,0.9387477684053324
22,3.976560354232788,-0.24695365130901337,1.9080204963684082,0.9109965676254635
22,4.0545525550842285,-0.24714571237564087,1.8911707401275635,0.8923995509605954
22,4.172726631164551,-0.24747048318386078,1.8645201921463013,0.8585829397619501
22,4.29069185256958,-0.24785465002059937,1.8369598388671875,0.8223202441860009
22,4.405556678771973,-0.2483433336019516,1.810407280921936,0.7838198614437839
22,4.487760543823242,-0.248788520693779,1.7920653820037842,0.7550111104938981
22,4.597161769866943,-0.24958094954490662,1.7702960968017578,0.7152710466509897
22,4.707362174987793,-0.2506552040576935,1.753105878829956,0.6806281816554222
22,4.769389629364014,-0.25139787793159485,1.7464460134506226,0.6636837085928332
22,4.864418029785156,-0.2527097165584564,1.7415175437927246,0.6482475623855175
22,4.959548473358154,-0.25421836972236633,1.7435500621795654,0.6454177494501703
22,5.0491414070129395,-0.2558082044124603,1.751704216003418,0.6535450681452902
22,5.135727882385254,-0.2575306296348572,1.764528512954712,0.669353127084153
22,5.220922470092773,-0.25944456458091736,1.7808599472045898,0.6901974828501657
22,5.305435657501221,-0.26157471537590027,1.7997021675109863,0.7141357765478104
22,5.390830993652344,-0.2639402151107788,1.8204691410064697,0.7399413484568182
22,5.476000785827637,-0.2664700746536255,1.8421263694763184,0.7644911574542476
22,5.561070442199707,-0.2691301703453064,1.8641600608825684,0.7864665833064792
22,5.649256706237793,-0.27200913429260254,1.8870350122451782,0.8065839375857248
22,5.745905876159668,-0.27531707286834717,1.9118294715881348,0.8242911742694893
22,5.842621326446533,-0.27883416414260864,1.9363359212875366,0.8358368725509753
22,5.942364692687988,-0.2827521562576294,1.9614970684051514,0.8430527672643296
22,6.042027950286865,-0.28703007102012634,1.986913800239563,0.846846058576484
22,6.145061492919922,-0.2919594347476959,2.0139334201812744,0.8479216492097175
22,6.2477593421936035,-0.29758113622665405,2.0420684814453125,0.8482073396492594
22,6.3158955574035645,-0.3018466532230377,2.0616636276245117,0.8493100232245089
22,6.417953014373779,-0.3094888925552368,2.092937469482422,0.8535552408476222
22,6.497245788574219,-0.31673893332481384,2.1189627647399902,0.8623991650980277
22,6.595424652099609,-0.3278560936450958,2.153517723083496,0.8802341034767113
22,6.6927571296691895,-0.34191304445266724,2.189561605453491,0.9110927937573465
22,6.707381725311279,-0.344285249710083,2.1950438022613525,0.911938421695202
22,6.722204208374023,-0.3466566801071167,2.2007029056549072,0.9068825059772488
22,6.72836971282959,-0.34772560000419617,2.20300030708313,0.9257962194757813
22,6.739574909210205,-0.3497067093849182,2.207167625427246,0.9305665490059011
22,6.793145656585693,-0.359813392162323,2.226825475692749,0.9555551773565597
22,6.818667411804199,-0.36499807238578796,2.2359347343444824,0.968294928527592
22,6.842251300811768,-0.36999937891960144,2.2441468238830566,0.9804813224554026
22,6.865625858306885,-0.3751477003097534,2.252044200897217,0.9936067239244459
22,6.889111042022705,-0.3805045783519745,2.2597033977508545,1.0068253173315147
22,6.912417888641357,-0.38599106669425964,2.266990900039673,1.0199770638487224
22,6.935620307922363,-0.39159831404685974,2.273892879486084,1.0330401038154926
22,6.9587483406066895,-0.3973127603530884,2.2803874015808105,1.0465690241068621
22,6.981904029846191,-0.4031409025192261,2.2864763736724854,1.0593759850200857
22,7.0051164627075195,-0.4090617895126343,2.2921361923217773,1.0713314778702758
22,7.028281211853027,-0.4150197505950928,2.297314405441284,1.082783474354626
22,7.051359176635742,-0.4209842383861542,2.3019824028015137,1.0936200481197846
22,7.07438850402832,-0.42693912982940674,2.3061304092407227,1.1030000618289535
22,7.097622394561768,-0.43292519450187683,2.3097915649414062,1.1106990369599816
22,7.120800971984863,-0.4388505220413208,2.3129100799560547,1.1172350995276321
22,7.143918514251709,-0.44468948245048523,2.315479040145874,1.1226612098509219
22,7.166966915130615,-0.4504196047782898,2.3174948692321777,1.1267050407341779
22,7.190054893493652,-0.4560556411743164,2.3189663887023926,1.1283532061372372
22,7.2130632400512695,-0.46155500411987305,2.319889545440674,1.1282620412722797
22,7.236115455627441,-0.46693190932273865,2.320272207260132,1.1264886409020782
22,7.259000778198242,-0.4721245765686035,2.3201189041137695,1.123381751249198
22,7.281891822814941,-0.47716325521469116,2.3194429874420166,1.1184588385288718
22,7.304800510406494,-0.4820510447025299,2.3182504177093506,1.1114436083050432
22,7.327579975128174,-0.486752986907959,2.3165597915649414,1.1030779997459987
22,7.350225925445557,-0.4912652373313904,2.314389705657959,1.0934350522252694
22,7.372735023498535,-0.49558568000793457,2.311760425567627,1.0825783978557788
22,7.395105361938477,-0.4997137486934662,2.308694839477539,1.0704155658908132
22,7.417442321777344,-0.5036738514900208,2.30519437789917,1.0556994140912952
22,7.439785003662109,-0.5074788331985474,2.301264762878418,1.0395893489056625
22,7.461983680725098,-0.5111045837402344,2.2969536781311035,1.0222098572866072
22,7.48402214050293,-0.5145487785339355,2.2922894954681396,1.0034193546916197
22,7.505925178527832,-0.5178186893463135,2.2872917652130127,0.9834398902822508
22,7.527707576751709,-0.5209226608276367,2.281982421875,0.962182736541737
22,7.54939603805542,-0.523870587348938,2.276374101638794,0.9394799683778755
22,7.57100772857666,-0.5266697406768799,2.270473003387451,0.9145175087134753
22,7.592589855194092,-0.5293246507644653,2.2642593383789062,0.8867495033258723
22,7.61409854888916,-0.5318160653114319,2.257732629776001,0.8561437685066747
22,7.635490894317627,-0.5341159701347351,2.2508695125579834,0.8228118730661624
22,7.656757354736328,-0.5361924767494202,2.243577480316162,0.7868497006805153
22,7.677821159362793,-0.5379986763000488,2.2356574535369873,0.7492803707520025
22,7.6984992027282715,-0.5394755005836487,2.2267236709594727,0.7128100676412301
22,7.718400478363037,-0.5405365824699402,2.216134548187256,0.6827160271352956
22,7.736767292022705,-0.5410280227661133,2.2030553817749023,0.6703371752449327
22,7.752641677856445,-0.540728747844696,2.18705415725708,0.6843970550012708
22,7.765285968780518,-0.5394362807273865,2.1684305667877197,0.7221431444283377
22,7.775015830993652,-0.5370811223983765,2.1482131481170654,0.7610992304295366
22,7.782420635223389,-0.533674955368042,2.1271698474884033,0.8007867302145383
22,7.788022994995117,-0.5292661190032959,2.1057536602020264,0.8298334553019607
22,7.7924065589904785,-0.52386474609375,2.0842788219451904,0.8467317470978846
22,7.795805931091309,-0.5174869894981384,2.0628929138183594,0.8580209915957453
22,7.798323631286621,-0.510121762752533,2.041703462600708,0.8649346809242344
22,7.800002098083496,-0.5017289519309998,2.020815134048462,0.86770735159976
22,7.80084753036499,-0.4922807514667511,2.000331401824951,0.8677356608991806
22,7.800846576690674,-0.4817851185798645,1.980346441268921,0.8655152515480223
22,7.799978733062744,-0.4702458381652832,1.9609647989273071,0.8646678437276749
22,7.7982258796691895,-0.45777416229248047,1.9422311782836914,0.8683706251468689
22,7.795552730560303,-0.4444540739059448,1.9242035150527954,0.8770955559428695
22,7.791921615600586,-0.43044936656951904,1.906875491142273,0.8903366446249632
22,7.7872843742370605,-0.4158632159233093,1.8902822732925415,0.9086991834922625
22,7.781635284423828,-0.40083277225494385,1.874415636062622,0.9311570702749855
22,7.774957180023193,-0.38545843958854675,1.8592950105667114,0.9555381168663917
22,7.767201900482178,-0.3698561489582062,1.8449420928955078,0.9833661947730301
22,7.758347511291504,-0.3542097210884094,1.831290364265442,1.0245288134844857
22,7.74830961227417,-0.33864912390708923,1.8183801174163818,1.0646609302484034
22,7.73699951171875,-0.32333844900131226,1.8062480688095093,1.113691676797524
22,7.724356174468994,-0.3084680438041687,1.7949116230010986,1.176134467234745
22,7.7101922035217285,-0.29431626200675964,1.784499168395996,1.2452904462234828
22,7.693913459777832,-0.28169336915016174,1.7753076553344727,1.3628674841384185
22,7.679157733917236,-0.2732003331184387,1.7687960863113403,1.5016075334620185
22,7.659693241119385,-0.26477932929992676,1.7610702514648438,1.6614168542736252
22,7.640400409698486,-0.2570253908634186,1.7522919178009033,1.7157707141520468
22,7.627531051635742,-0.2508389353752136,1.744672417640686,1.6903889742655014
22,7.612598896026611,-0.24006472527980804,1.7317051887512207,1.6689692434812677
22,7.601758003234863,-0.22712939977645874,1.7167630195617676,1.674373628080467
22,7.594454765319824,-0.2130061835050583,1.7007609605789185,1.6761166745771878
22,7.589908599853516,-0.19836334884166718,1.684203028678894,1.668841077843287
22,7.5875678062438965,-0.18359804153442383,1.6672906875610352,1.6079003865538226
22,7.587035179138184,-0.1730663925409317,1.6549969911575317,1.541857699865185
22,7.586971759796143,-0.1584969460964203,1.6377429962158203,1.4233974562662
22,7.5868000984191895,-0.14586955308914185,1.622732162475586,1.3374242605402402
22,7.585692405700684,-0.13116349279880524,1.6056289672851562,1.2746943328191909
22,7.583542346954346,-0.11619289219379425,1.5888569355010986,1.23717153488008
22,7.580572128295898,-0.10089851170778275,1.5725032091140747,1.2107721625393493
22,7.576907157897949,-0.0852915570139885,1.5565911531448364,1.1890826736592564
22,7.572662830352783,-0.06938811391592026,1.5411211252212524,1.170219896575957
22,7.567948818206787,-0.05320841073989868,1.5260809659957886,1.1479879945865035
22,7.5628509521484375,-0.03679632395505905,1.5114352703094482,1.1249093679432527
22,7.557469367980957,-0.020188165828585625,1.4971164464950562,1.098592485650488
22,7.551904201507568,-0.0034362012520432472,1.483038067817688,1.0696186445008233
22,7.546229362487793,0.013368012383580208,1.46906578540802,1.0377064923372894
22,7.54055643081665,0.030128709971904755,1.4550405740737915,1.003503417468929
22,7.534996509552002,0.04667934775352478,1.4407265186309814,0.968520403162879
22,7.529701232910156,0.0628572627902031,1.4258967638015747,0.9356988012588568
22,7.5248799324035645,0.07849958539009094,1.4103491306304932,0.9094884191084538
22,7.520749568939209,0.09348463267087936,1.3939785957336426,0.8913638190809061
22,7.517498970031738,0.10778482258319855,1.3768165111541748,0.8813132726155753
22,7.515278339385986,0.12144339829683304,1.3589807748794556,0.8778695267386756
22,7.514151096343994,0.1345701813697815,1.3406494855880737,0.8784853308821908
22,7.514143943786621,0.14726902544498444,1.3219847679138184,0.8800756805314962
22,7.515247344970703,0.1596125364303589,1.3031151294708252,0.8810899849078148
22,7.517445087432861,0.1716109812259674,1.2841193675994873,0.8821248557325742
22,7.520725727081299,0.18322035670280457,1.2650381326675415,0.8825846100636783
22,7.525102138519287,0.1943548172712326,1.245894193649292,0.8829639335333668
22,7.530587673187256,0.20491929352283478,1.2267135381698608,0.8824940059663515
22,7.537216663360596,0.21477782726287842,1.2075183391571045,0.8821208909690182
22,7.54502010345459,0.22382165491580963,1.1883639097213745,0.8845551191886702
22,7.554018020629883,0.2319575548171997,1.1693273782730103,0.8858805203369069
22,7.564219951629639,0.23909102380275726,1.1504976749420166,0.8881635633928605
22,7.575613975524902,0.2451901137828827,1.1319904327392578,0.8915275738305292
22,7.588176250457764,0.2502039074897766,1.1139181852340698,0.8943695615834694
22,7.601852893829346,0.2541518211364746,1.0964003801345825,0.8953918813358879
22,7.616591930389404,0.2570153474807739,1.0795451402664185,0.8965430911693504
22,7.632321357727051,0.25882309675216675,1.0634559392929077,0.8948143462769704
22,7.6489644050598145,0.259589821100235,1.0482248067855835,0.892045547536833
22,7.66644287109375,0.2593345046043396,1.0339406728744507,0.8887321832922476
22,7.684669494628906,0.2580685317516327,1.0206818580627441,0.8834641387757235
22,7.7035603523254395,0.25583818554878235,1.0085256099700928,0.8789094051307889
22,7.723019599914551,0.2526610791683197,0.9975315928459167,0.8747784029864225
22,7.742954254150391,0.24860410392284393,0.9877454042434692,0.8717155313716893
22,7.763271331787109,0.2437281459569931,0.9791905879974365,0.8707399163498938
22,7.7838640213012695,0.23810522258281708,0.9718501567840576,0.8716746011042137
22,7.8046488761901855,0.23182819783687592,0.9656716585159302,0.8733508807837262
22,7.825542449951172,0.22497476637363434,0.9605724215507507,0.8753102619700502
22,7.846493244171143,0.21763384342193604,0.9564567804336548,0.8769849480221458
22,7.867475509643555,0.2098967432975769,0.953228771686554,0.8774040301546894
22,7.888462543487549,0.20185455679893494,0.9507960677146912,0.8764336898837921
22,7.909440517425537,0.19360092282295227,0.9490811824798584,0.8744600759283336
22,7.930453300476074,0.18520735204219818,0.9480135440826416,0.8716597289544393
22,7.9514617919921875,0.17674823105335236,0.9475405812263489,0.8681570453196811
22,7.972452163696289,0.16828307509422302,0.9476158022880554,0.8640928891115225
22,7.993452548980713,0.15985046327114105,0.9481989145278931,0.859522500871561
22,8.014427185058594,0.15148931741714478,0.9492666125297546,0.8544716524136907
22,8.03538990020752,0.14321783185005188,0.9508025646209717,0.8486226726473345
22,8.056349754333496,0.1350553333759308,0.9527952075004578,0.8420348645294409
22,8.077311515808105,0.12702101469039917,0.9552478790283203,0.8347431029256402
22,8.098270416259766,0.11914947628974915,0.9581673741340637,0.8253465584379609
22,8.119227409362793,0.11146785318851471,0.9615655541419983,0.8147368147896844
22,8.140178680419922,0.10401363670825958,0.9654611349105835,0.8034368792396392
22,8.16111946105957,0.09682586789131165,0.9698785543441772,0.7898332370473911
22,8.182027816772461,0.08992227911949158,0.9748659133911133,0.7733202778034436
22,8.20289134979248,0.08336471766233444,0.9804707169532776,0.755772694021445
22,8.223689079284668,0.0772172138094902,0.9867423176765442,0.7377290518490055
22,8.244384765625,0.0715346708893776,0.9937477707862854,0.7163928761759111
22,8.26490592956543,0.06637191772460938,1.0016138553619385,0.6928514999101515
22,8.285195350646973,0.06182974576950073,1.0104063749313354,0.6708668124737946
22,8.305192947387695,0.05800461396574974,1.0201566219329834,0.6505893054492109
22,8.324838638305664,0.055012430995702744,1.0308650732040405,0.6326905116852733
22,8.344086647033691,0.05293568596243858,1.0424765348434448,0.6177848453069616
22,8.3629150390625,0.05184568092226982,1.0548813343048096,0.6062193542470795
22,8.381330490112305,0.05176815018057823,1.0679370164871216,0.5980969408897756
22,8.39932918548584,0.05269830673933029,1.0814098119735718,0.5931146906896025
22,8.41694450378418,0.05457716062664986,1.0950748920440674,0.5913870735794626
22,8.434365272521973,0.05734724923968315,1.1088361740112305,0.5922134439551804
22,8.451581001281738,0.06090277433395386,1.1224592924118042,0.5955579286149455
22,8.46863842010498,0.06514745205640793,1.1358649730682373,0.6006456420248388
22,8.485689163208008,0.07001993805170059,1.1490614414215088,0.6070589855018635
22,8.502618789672852,0.07542026787996292,1.1619793176651,0.6148683290688419
22,8.51950740814209,0.08124064654111862,1.1745649576187134,0.6245141644483633
22,8.53636360168457,0.08738476783037186,1.186808705329895,0.6357500302120906
22,8.553272247314453,0.0938299149274826,1.1988160610198975,0.6461393193868853
22,8.570100784301758,0.10048995167016983,1.210579752922058,0.6574463321971468
22,8.58688735961914,0.10730013996362686,1.2221208810806274,0.6687604772879439
22,8.603622436523438,0.11419735848903656,1.23344886302948,0.6805256436199741
22,8.620373725891113,0.12119947373867035,1.244678020477295,0.689658417271687
22,8.63701343536377,0.12825721502304077,1.255797028541565,0.6991712440010576
22,8.653605461120605,0.13533908128738403,1.2667981386184692,0.7073428943245802
22,8.670099258422852,0.14244478940963745,1.2776988744735718,0.7146413134383497
22,8.686490058898926,0.1495734453201294,1.2884981632232666,0.719632782086706
22,8.702863693237305,0.15678712725639343,1.2992674112319946,0.7253968728169012
22,8.719199180603027,0.1640394777059555,1.3099162578582764,0.7307058705615305
22,8.735443115234375,0.17135486006736755,1.320443868637085,0.7345885705633157
22,8.751602172851562,0.17873315513134003,1.3308275938034058,0.7403479277966709
22,8.767748832702637,0.18617428839206696,1.3410756587982178,0.7461890750067083
22,8.78387451171875,0.19368144869804382,1.3512054681777954,0.7531447839726586
22,8.799999237060547,0.2012394666671753,1.3612303733825684,0.7602916140390118
22,8.816174507141113,0.20884567499160767,1.3712111711502075,0.768578362668772
22,8.832362174987793,0.21642930805683136,1.3811366558074951,0.777830202388973
22,8.848564147949219,0.22397950291633606,1.3910646438598633,0.7862609338363471
22,8.864757537841797,0.2314641922712326,1.4010270833969116,0.7952081319831935
22,8.881004333496094,0.23884592950344086,1.4110628366470337,0.8039128621886562
22,8.897246360778809,0.24610087275505066,1.4211841821670532,0.8115899521861883
22,8.913474082946777,0.25322145223617554,1.4314160346984863,0.818768217967095
22,8.92974853515625,0.26019445061683655,1.4417760372161865,0.8253055500475636
22,8.946020126342773,0.2670131027698517,1.452246904373169,0.8309796403897823
22,8.962279319763184,0.2736828923225403,1.4628276824951172,0.8360307075055814
22,8.978534698486328,0.28021445870399475,1.4735149145126343,0.8403977253224553
22,8.994836807250977,0.2866358757019043,1.4843252897262573,0.8443657739484454
22,9.011134147644043,0.29293718934059143,1.4952212572097778,0.8480718775746713
22,9.02743911743164,0.29914283752441406,1.5062179565429688,0.8515567797873517
22,9.04373836517334,0.30525633692741394,1.5173066854476929,0.8546470555613271
22,9.060078620910645,0.31128251552581787,1.528505802154541,0.8577244536486985
22,9.076415061950684,0.3172134459018707,1.539799451828003,0.8608318377092826
22,9.092721939086914,0.3230350613594055,1.551180362701416,0.8638803553263742
22,9.109020233154297,0.3287462294101715,1.562670111656189,0.8665883670435426
22,9.125353813171387,0.33434736728668213,1.5742945671081543,0.8691317030152361
22,9.141680717468262,0.3398067355155945,1.5860298871994019,0.8717074138884632
22,9.158001899719238,0.34511953592300415,1.5978857278823853,0.8743714552641717
22,9.17431354522705,0.3502718508243561,1.6098639965057373,0.8768919865928319
22,9.190659523010254,0.3552629053592682,1.621990442276001,0.8787439611522162
22,9.20700740814209,0.3600746989250183,1.6342369318008423,0.880611491661164
22,9.223355293273926,0.3646959364414215,1.6466015577316284,0.8825628218404811
22,9.239705085754395,0.36912858486175537,1.659087896347046,0.8845695936926389
22,9.256054878234863,0.37336575984954834,1.6716927289962769,0.8865845627551799
22,9.272379875183105,0.37740471959114075,1.68439519405365,0.8880750868145202
22,9.288732528686523,0.38125577569007874,1.6972295045852661,0.8891908660914448
22,9.30508804321289,0.38491740822792053,1.71017587184906,0.8904265043362098
22,9.321443557739258,0.38839030265808105,1.7232314348220825,0.8916136598620823
22,9.337800025939941,0.39168015122413635,1.736398458480835,0.8928810422198108
22,9.35412311553955,0.3947831392288208,1.7496471405029297,0.893970824925102
22,9.370445251464844,0.39771080017089844,1.763004183769226,0.8950848688869527
22,9.38676643371582,0.4004664719104767,1.7764664888381958,0.8958979325172826
22,9.403104782104492,0.4030592143535614,1.7900490760803223,0.8959920823446533
22,9.419405937194824,0.4054833650588989,1.8037039041519165,0.8957954554072051
22,9.43570613861084,0.40775066614151,1.817460060119629,0.8954766561125068
22,9.452006340026855,0.40986528992652893,1.8313146829605103,0.8949140532426417
22,9.468306541442871,0.41183531284332275,1.8452688455581665,0.8939168626533606
22,9.48456859588623,0.41366222500801086,1.8592857122421265,0.8925739426497112
22,9.500829696655273,0.4153629541397095,1.8734009265899658,0.8908722574474278
22,9.517085075378418,0.41694849729537964,1.8876113891601562,0.8885299146162373
22,9.533293724060059,0.41843071579933167,1.9018867015838623,0.885677406563231
22,9.549450874328613,0.4198293387889862,1.9162304401397705,0.8823994278926399
22,9.56554889678955,0.4211665391921997,1.930646538734436,0.8782797213374911
22,9.581578254699707,0.4224662482738495,1.9451425075531006,0.8737424258287172
22,9.597525596618652,0.4237564504146576,1.9597290754318237,0.868687858271293
22,9.613378524780273,0.4250602722167969,1.974416971206665,0.8630356909640027
22,9.629120826721191,0.42640379071235657,1.9892189502716064,0.856778411528646
22,9.64473819732666,0.427808552980423,2.004148483276367,0.8499829151397286
22,9.6602144241333,0.42929235100746155,2.0192158222198486,0.8428237158645654
22,9.675535202026367,0.4308667778968811,2.0344326496124268,0.8353474066520884
22,9.69068717956543,0.43253228068351746,2.04980731010437,0.8273114616798374
22,9.705658912658691,0.43428122997283936,2.0653483867645264,0.8190199918694907
22,9.720443725585938,0.4360876679420471,2.081061363220215,0.8101563915007653
22,9.735036849975586,0.4379241466522217,2.0969488620758057,0.800811875956488
22,9.74944019317627,0.43974241614341736,2.1130099296569824,0.791056552036744
22,9.763660430908203,0.4414973258972168,2.1292412281036377,0.7804123821382878
22,9.777704238891602,0.44313615560531616,2.145636796951294,0.7693399504466171
22,9.791586875915527,0.4446023106575012,2.16218638420105,0.7575206590707794
22,9.805314064025879,0.44585150480270386,2.178881883621216,0.7451313875373907
22,9.80939769744873,0.4461761713027954,2.183908224105835,0.7413308101840643
23,0.4358215034008026,-0.33077743649482727,3.847168207168579,1.001420059805668
23,0.5467222929000854,-0.33078762888908386,3.848327875137329,1.0022751496082212
23,0.6620540618896484,-0.3308008015155792,3.849867105484009,1.0033315888921719
23,0.7773810029029846,-0.3308165967464447,3.8517370223999023,1.0048247621526947
23,0.896164059638977,-0.3308354616165161,3.8539860248565674,1.0065304287927772
23,1.017055630683899,-0.33085736632347107,3.856513023376465,1.0085613594226037
23,1.1379437446594238,-0.33088186383247375,3.859196662902832,1.0106856230009842
23,1.2598531246185303,-0.33090919256210327,3.8619019985198975,1.0128536219002002
23,1.3821550607681274,-0.33093947172164917,3.8644728660583496,1.0148890620529383
23,1.5044622421264648,-0.33097290992736816,3.8667778968811035,1.016756362977835
23,1.6268922090530396,-0.3310106098651886,3.868645191192627,1.018420844183796
23,1.7493292093276978,-0.33105334639549255,3.869971990585327,1.019462594621389
23,1.8717972040176392,-0.3311023712158203,3.8706278800964355,1.0201847623768925
23,1.9942710399627686,-0.3311590552330017,3.87054443359375,1.0200262287847845
23,2.116741895675659,-0.33122432231903076,3.86968994140625,1.019223147388801
23,2.2392055988311768,-0.3312995433807373,3.868077039718628,1.0178894419851952
23,2.3616578578948975,-0.3313855230808258,3.8657546043395996,1.015517533178018
23,2.4840965270996094,-0.33148324489593506,3.86279296875,1.0128168462702587
23,2.6065211296081543,-0.3315936326980591,3.8593039512634277,1.0094725805270086
23,2.7289321422576904,-0.3317173421382904,3.8553614616394043,1.0057573852196506
23,2.851331949234009,-0.33185556530952454,3.8510897159576416,1.0018312577080648
23,2.9737231731414795,-0.33200934529304504,3.8465735912323,0.9975845055157103
23,3.0961081981658936,-0.3321799337863922,3.841895341873169,0.9932846205086124
23,3.2184906005859375,-0.33236926794052124,3.837148666381836,0.9888995863427854
23,3.340872287750244,-0.3325788080692291,3.832387685775757,0.9845171575800018
23,3.463256359100342,-0.33281099796295166,3.8276898860931396,0.9801374980555033
23,3.5856451988220215,-0.3330683708190918,3.823115825653076,0.9758511449688896
23,3.708040237426758,-0.33335328102111816,3.818713903427124,0.9716410633701622
23,3.830423355102539,-0.3336692750453949,3.8145480155944824,0.9675195699695426
23,3.952815532684326,-0.33401933312416077,3.8106586933135986,0.9635921044761205
23,4.074998378753662,-0.33440664410591125,3.8071041107177734,0.9597628567881991
23,4.196099281311035,-0.3348325192928314,3.803952693939209,0.9561876213836296
23,4.317209720611572,-0.33530393242836,3.801206588745117,0.9527946099901734
23,4.43508243560791,-0.3358120322227478,3.798967123031616,0.9496242968303001
23,4.546621322631836,-0.3363419473171234,3.7972710132598877,0.9469275856862663
23,4.65816593170166,-0.33692431449890137,3.7960140705108643,0.94437970017558
23,4.761239051818848,-0.3375139832496643,3.795269250869751,0.9422019165799644
23,4.856422424316406,-0.3381063640117645,3.7949538230895996,0.9404476310484143
23,4.951605796813965,-0.33874836564064026,3.7950103282928467,0.9388944745712945
23,5.0415940284729,-0.3394045829772949,3.795414924621582,0.9376445589133466
23,5.129145622253418,-0.34009167551994324,3.7961385250091553,0.9366491744577994
23,5.215908050537109,-0.34082236886024475,3.797175884246826,0.9358814767498004
23,5.302510738372803,-0.34160369634628296,3.798527240753174,0.9353309186686852
23,5.389092922210693,-0.3424393832683563,3.8001906871795654,0.9350241831558563
23,5.475668430328369,-0.3433324098587036,3.8021626472473145,0.9349406046737064
23,5.5622358322143555,-0.3442857265472412,3.8044402599334717,0.9350729925668316
23,5.648793697357178,-0.345302939414978,3.8070197105407715,0.9354187591816033
23,5.735341548919678,-0.3463878333568573,3.809899091720581,0.9359727846273245
23,5.8218770027160645,-0.34754490852355957,3.8130757808685303,0.93672789491266
23,5.9083967208862305,-0.3487790524959564,3.8165478706359863,0.9376752311940658
23,5.994891166687012,-0.3500958979129791,3.820312738418579,0.9388160593961887
23,6.081370830535889,-0.3515014946460724,3.824368715286255,0.940147386498755
23,6.167815208435059,-0.3530018925666809,3.8287136554718018,0.941650826852086
23,6.254842281341553,-0.3546152710914612,3.8333797454833984,0.9432914214199183
23,6.3436760902404785,-0.35637494921684265,3.838444948196411,0.945054327480277
23,6.406571388244629,-0.3576921224594116,3.842200994491577,0.9466191829250421
23,6.495916366577148,-0.3596780598163605,3.8478548526763916,0.9484271475278226
23,6.519236087799072,-0.36021852493286133,3.8493897914886475,0.948951302781996
23,6.542547225952148,-0.3607679009437561,3.85094952583313,0.9494741798853517
23,6.5658979415893555,-0.3613273799419403,3.852537155151367,0.9500012703125
23,6.589219093322754,-0.36189544200897217,3.8541483879089355,0.9505317406747527
23,6.612703800201416,-0.3624768555164337,3.8557968139648438,0.9510611155179038
23,6.6361870765686035,-0.36306774616241455,3.8574705123901367,0.9515913280747754
23,6.659768104553223,-0.36367079615592957,3.859177350997925,0.9521237358658142
23,6.683444976806641,-0.3642862141132355,3.860917091369629,0.9526581483681849
23,6.707212924957275,-0.36491408944129944,3.8626904487609863,0.9531947042712623
23,6.731066703796387,-0.36555448174476624,3.864497184753418,0.9537335047441677
23,6.755000114440918,-0.366207480430603,3.866337299346924,0.9542747202574232
23,6.779008388519287,-0.3668731451034546,3.868211269378662,0.9548179337369526
23,6.802820205688477,-0.36754390597343445,3.870098114013672,0.9553563208309506
23,6.826696395874023,-0.36822715401649475,3.872018575668335,0.9558981990973052
23,6.8506317138671875,-0.3689228594303131,3.8739733695983887,0.9564440149297893
23,6.8745646476745605,-0.3696293830871582,3.875957727432251,0.9569929507124944
23,6.898550987243652,-0.37034842371940613,3.877977132797241,0.9575478246833689
23,6.9225850105285645,-0.3710799813270569,3.8800323009490967,0.9581097401673203
23,6.946661949157715,-0.3718240261077881,3.8821234703063965,0.9586797629822736
23,6.970775604248047,-0.37258055806159973,3.884251117706299,0.9592592741773023
23,6.99492073059082,-0.37334951758384705,3.886415958404541,0.9598498567789092
23,7.019092559814453,-0.3741309344768524,3.8886189460754395,0.9604531809697313
23,7.0432915687561035,-0.3749249279499054,3.8908605575561523,0.9610713841797559
23,7.067512035369873,-0.37573152780532837,3.8931422233581543,0.961706069528788
23,7.091473579406738,-0.3765413761138916,3.8954379558563232,0.9623479777169128
23,7.115450382232666,-0.3773636519908905,3.8977742195129395,0.9630109076299703
23,7.139436721801758,-0.37819838523864746,3.9001522064208984,0.9636976359797257
23,7.163427829742432,-0.3790454864501953,3.9025726318359375,0.9644113217392565
23,7.187417984008789,-0.37990495562553406,3.905036449432373,0.9651554978206316
23,7.211402893066406,-0.3807767629623413,3.9075443744659424,0.9659341946839267
23,7.235377311706543,-0.3816608488559723,3.91009783744812,0.9667517149992721
23,7.259336948394775,-0.3825571537017822,3.9126973152160645,0.967612932504439
23,7.283276557922363,-0.38346564769744873,3.91534423828125,0.9685237104439716
23,7.307191848754883,-0.3843863010406494,3.9180397987365723,0.9694886421112949
23,7.331214427947998,-0.3853243887424469,3.92080020904541,0.9704930129258023
23,7.355045795440674,-0.38626834750175476,3.9235920906066895,0.9715657955815643
23,7.378870010375977,-0.38722577691078186,3.9264397621154785,0.9727488183665642
23,7.402818202972412,-0.388202041387558,3.9293606281280518,0.973971164763423
23,7.426758289337158,-0.3891919255256653,3.9323394298553467,0.9753192728648676
23,7.450406551361084,-0.390183687210083,3.93534255027771,0.976737967225291
23,7.4740142822265625,-0.39118778705596924,3.9384028911590576,0.9783140084880654
23,7.49757719039917,-0.3922043740749359,3.941521644592285,0.9799972452864993
23,7.520808696746826,-0.39322054386138916,3.944659948348999,0.9817515815701539
23,7.5439839363098145,-0.39424818754196167,3.9478540420532227,0.9836700915218247
23,7.567110538482666,-0.3952879011631012,3.9511067867279053,0.9857617313311389
23,7.590185642242432,-0.39633968472480774,3.954418659210205,0.9880410438574346
23,7.613205909729004,-0.39740344882011414,3.957789182662964,0.9905281603506026
23,7.636168956756592,-0.3984791338443756,3.9612178802490234,0.9932459542645418
23,7.659071445465088,-0.3995667099952698,3.9647040367126465,0.9962225522756057
23,7.681912899017334,-0.4006660282611847,3.9682464599609375,0.999416709935657
23,7.704554080963135,-0.4017702341079712,3.971820831298828,1.0029143121974118
23,7.727133274078369,-0.4028858542442322,3.975446939468384,1.0066821177055008
23,7.749856948852539,-0.4040227234363556,3.979153871536255,1.0108416437343728
23,7.772273540496826,-0.40515801310539246,3.982863664627075,1.0153135751562756
23,7.794623374938965,-0.40630272030830383,3.9866085052490234,1.0201121389802348
23,7.816495895385742,-0.4074343144893646,3.9903101921081543,1.0251737708705368
23,7.838261604309082,-0.4085708260536194,3.9940237998962402,1.0305289426861075
23,7.860231876373291,-0.40972664952278137,3.9977920055389404,1.0361159864088014
23,7.8821516036987305,-0.410886287689209,4.001558303833008,1.0419250966488844
23,7.904021739959717,-0.41204696893692017,4.005309104919434,1.0478138271326671
23,7.925843715667725,-0.41320517659187317,4.00902795791626,1.0536244807012378
23,7.9476728439331055,-0.4143597185611725,4.01270866394043,1.0591152912877686
23,7.96945858001709,-0.41550344228744507,4.016327381134033,1.0640173761943024
23,7.99102258682251,-0.41662347316741943,4.019845962524414,1.0681064139448169
23,8.01254653930664,-0.4177253544330597,4.023289680480957,1.0712169004398002
23,8.034027099609375,-0.4188065230846405,4.026661396026611,1.073343344533115
23,8.055464744567871,-0.4198664426803589,4.029971599578857,1.0746579477432996
23,8.076868057250977,-0.4209074079990387,4.033236980438232,1.075453688005538
23,8.098254203796387,-0.4219334125518799,4.036473274230957,1.0760449029953958
23,8.119644165039062,-0.42294904589653015,4.0396928787231445,1.076758528126052
23,8.141032218933105,-0.42395755648612976,4.042901039123535,1.077733766771089
23,8.162421226501465,-0.4249620735645294,4.0461015701293945,1.0790846319383238
23,8.18381118774414,-0.4259650707244873,4.049299240112305,1.0809199716543656
23,8.2052001953125,-0.42696842551231384,4.052497386932373,1.0833154068386182
23,8.226590156555176,-0.4279736578464508,4.055695056915283,1.0863105376759805
23,8.247980117797852,-0.4289814233779907,4.058887481689453,1.0899563979668028
23,8.26937198638916,-0.429991215467453,4.062065124511719,1.0940894935112189
23,8.29076862335205,-0.43100112676620483,4.065215110778809,1.098383836479306
23,8.312171936035156,-0.432007759809494,4.068323612213135,1.1024630912449191
23,8.333581924438477,-0.43300655484199524,4.071381568908691,1.106005384508724
23,8.355000495910645,-0.43399205803871155,4.074383735656738,1.108666898008822
23,8.37642765045166,-0.43496009707450867,4.077332496643066,1.1102456651348422
23,8.39786148071289,-0.4359090030193329,4.080235958099365,1.1107098388329892
23,8.41930103302002,-0.4368394613265991,4.08310604095459,1.1105240240955019
23,8.440744400024414,-0.4377538561820984,4.08595609664917,1.1101177321338005
23,8.462187767028809,-0.43865564465522766,4.088798522949219,1.1097595903877024
23,8.483633041381836,-0.4395480453968048,4.091644287109375,1.1095878819893605
23,8.505075454711914,-0.44043371081352234,4.094498634338379,1.1097458110636618
23,8.526517868041992,-0.44131478667259216,4.0973639488220215,1.1103552752436674
23,8.547958374023438,-0.4421924650669098,4.100238800048828,1.111422452236773
23,8.5693998336792,-0.4430670142173767,4.103116512298584,1.1127643509500293
23,8.590840339660645,-0.4439377784729004,4.105988502502441,1.1142011155375986
23,8.612284660339355,-0.4448038935661316,4.1088457107543945,1.115635659319945
23,8.633731842041016,-0.44566404819488525,4.111678600311279,1.117014628269892
23,8.655182838439941,-0.4465167224407196,4.114480495452881,1.1183169580870747
23,8.676639556884766,-0.44736024737358093,4.117246627807617,1.11935522880664
23,8.698101997375488,-0.4481930434703827,4.119974613189697,1.1202073360616747
23,8.719568252563477,-0.44901418685913086,4.122664451599121,1.120919897472397
23,8.74104118347168,-0.44982317090034485,4.125317096710205,1.1215302019154365
23,8.762517929077148,-0.45061981678009033,4.127935886383057,1.122058795615614
23,8.7839994430542,-0.4514043629169464,4.130523681640625,1.1225283262033203
23,8.8054838180542,-0.4521773159503937,4.133084297180176,1.1229625463965702
23,8.826972007751465,-0.45293936133384705,4.135621547698975,1.1233843073965044
23,8.84846305847168,-0.4536912143230438,4.1381378173828125,1.1238076832101038
23,8.869956016540527,-0.4544336199760437,4.140635013580322,1.1241866144582942
23,8.891451835632324,-0.45516690611839294,4.14311408996582,1.1244150623200844
23,8.912949562072754,-0.45589160919189453,4.145575046539307,1.124695915637221
23,8.934450149536133,-0.4566081464290619,4.1480183601379395,1.125037880824721
23,8.955953598022461,-0.45731687545776367,4.150441646575928,1.1254472821799277
23,8.977458953857422,-0.4580179750919342,4.152844429016113,1.1259282876220065
23,8.998967170715332,-0.45871156454086304,4.1552252769470215,1.1264826326194133
23,9.020478248596191,-0.45939767360687256,4.1575822830200195,1.12711244253641
23,9.0419921875,-0.46007630228996277,4.159914016723633,1.1278220179323466
23,9.063508987426758,-0.46074745059013367,4.162219524383545,1.128612104680858
23,9.085029602050781,-0.4614110589027405,4.164497375488281,1.1294830347403484
23,9.106553077697754,-0.46206703782081604,4.166746616363525,1.1302556059700408
23,9.128079414367676,-0.4627153277397156,4.168967247009277,1.1310624504266027
23,9.149609565734863,-0.46335598826408386,4.1711578369140625,1.1319570500527338
23,9.171142578125,-0.4639890789985657,4.173318862915039,1.132947645367418
23,9.192679405212402,-0.4646146297454834,4.175449371337891,1.1340310451532993
23,9.214219093322754,-0.4652326703071594,4.177549839019775,1.1352079057351623
23,9.235761642456055,-0.46584323048591614,4.179619312286377,1.1364788228701426
23,9.257308006286621,-0.46644625067710876,4.181657314300537,1.1378434729882796
23,9.278857231140137,-0.46704164147377014,4.183663368225098,1.139301966407165
23,9.300410270690918,-0.4676292836666107,4.185636520385742,1.1408540653788268
23,9.321965217590332,-0.46820899844169617,4.187575817108154,1.1425127117865912
23,9.343524932861328,-0.4687805473804474,4.189480304718018,1.144268019562722
23,9.365087509155273,-0.4693436324596405,4.191349506378174,1.1459869920914125
23,9.386652946472168,-0.46989792585372925,4.193181037902832,1.1477554508224488
23,9.408222198486328,-0.4704430103302002,4.194973945617676,1.1496231077903762
23,9.429795265197754,-0.4709784984588623,4.196727275848389,1.1515884884139451
23,9.451372146606445,-0.4715038239955902,4.19843864440918,1.1536492685799942
23,9.472951889038086,-0.47201842069625854,4.200107097625732,1.1558136993950319
23,9.494536399841309,-0.47252175211906433,4.201730251312256,1.1580741783518893
23,9.51612377166748,-0.47301313281059265,4.203307151794434,1.160417980364611
23,9.537714958190918,-0.473491907119751,4.204835891723633,1.1628399939809764
23,9.559309959411621,-0.4739574193954468,4.2063140869140625,1.165334326480163
23,9.58090877532959,-0.474408894777298,4.207740783691406,1.1678950278422
23,9.602511405944824,-0.47484561800956726,4.209113597869873,1.1705157147379557
23,9.624117851257324,-0.47526684403419495,4.21043062210083,1.1731941089011864
23,9.64572811126709,-0.47567176818847656,4.211690425872803,1.1759283008454076
23,9.667342185974121,-0.4760596454143524,4.212891101837158,1.1786987029793141
23,9.688960075378418,-0.47642970085144043,4.2140302658081055,1.181498096579123
23,9.710580825805664,-0.47678110003471375,4.21510648727417,1.1843089233737374
23,9.732205390930176,-0.4771130681037903,4.216117858886719,1.1870526835386708
23,9.753832817077637,-0.47742483019828796,4.217061996459961,1.1898091301186617
23,9.775463104248047,-0.47771555185317993,4.217938423156738,1.1925707002037214
23,9.797097206115723,-0.4779844880104065,4.218743801116943,1.1953322546121576
23,9.818734169006348,-0.47823086380958557,4.219476699829102,1.1980805733894688
23,9.840373039245605,-0.4784539043903351,4.2201361656188965,1.2008072253718935
23,9.862015724182129,-0.47865283489227295,4.220719337463379,1.2035044545063949
23,9.883659362792969,-0.47882699966430664,4.221225261688232,1.2061651013278833
23,9.905304908752441,-0.47897571325302124,4.221651554107666,1.2087817423245442
23,9.926952362060547,-0.4790983200073242,4.2219977378845215,1.2113473858723338
23,9.948600769042969,-0.4791942536830902,4.222261905670166,1.213851430464202
23,9.970250129699707,-0.47926294803619385,4.222443103790283,1.216282553878823
23,9.991900444030762,-0.4793039858341217,4.222539901733398,1.2186389166985678
23,10.013551712036133,-0.4793168902397156,4.2225518226623535,1.22091420943594
23,10.035202026367188,-0.4793013334274292,4.222477436065674,1.2231030659492466
23,10.056851387023926,-0.47925692796707153,4.222316265106201,1.2252001073714123
23,10.078500747680664,-0.47918352484703064,4.2220683097839355,1.2272004151360103
23,10.10014820098877,-0.4790809154510498,4.2217326164245605,1.2290997629787452
23,10.121793746948242,-0.47894901037216187,4.221309185028076,1.2308736054007583
23,10.143438339233398,-0.47878772020339966,4.220797538757324,1.2325384231845
23,10.16508674621582,-0.478596955537796,4.220198154449463,1.2340969663399473
23,10.186802864074707,-0.47837603092193604,4.219507217407227,1.235551989471477
23,10.208839416503906,-0.4781215488910675,4.218715667724609,1.2369136311044662
23,10.231776237487793,-0.4778245985507965,4.217793941497803,1.238213823992048
23,10.25642204284668,-0.4774698317050934,4.216695308685303,1.239384541390299
23,10.281062126159668,-0.4770788848400116,4.215486526489258,1.240393174585723
23,10.307929039001465,-0.47661253809928894,4.214044570922852,1.2413195903673668
23,10.33676528930664,-0.47606635093688965,4.212357044219971,1.241955242003808
23,10.365592002868652,-0.4754739999771118,4.210526466369629,1.2424452411549756
23,10.395578384399414,-0.47481048107147217,4.2084736824035645,1.2427951578294971
23,10.425552368164062,-0.47410017251968384,4.206271648406982,1.2428359920395189
23,10.455958366394043,-0.47333353757858276,4.203887939453125,1.2427989021682357
23,10.4864501953125,-0.4725205600261688,4.201350212097168,1.2424771692496024
23,10.516929626464844,-0.47166556119918823,4.198668479919434,1.2420021652362498
23,10.547405242919922,-0.47077155113220215,4.195847988128662,1.2414212219114833
23,10.577866554260254,-0.46984121203422546,4.192894458770752,1.2405554774308116
23,10.608314514160156,-0.46887752413749695,4.189812660217285,1.239631353669717
23,10.638748168945312,-0.4678831696510315,4.186610221862793,1.2383709155212135
23,10.669169425964355,-0.4668598473072052,4.183290481567383,1.236995073635086
23,10.699577331542969,-0.4658113420009613,4.179861068725586,1.2355867260735165
23,10.729972839355469,-0.4647405445575714,4.176327228546143,1.2339683625199025
23,10.760354995727539,-0.46365049481391907,4.172693729400635,1.2323397664973994
23,10.790726661682129,-0.46254482865333557,4.168968677520752,1.2306127023237687
23,10.821085929870605,-0.4614259600639343,4.165154933929443,1.2287981926141527
23,10.851434707641602,-0.46029677987098694,4.161259651184082,1.2268379746822575
23,10.881772994995117,-0.45915937423706055,4.157289028167725,1.2247594998486708
23,10.912102699279785,-0.4580165445804596,4.153247356414795,1.2226881095545767
23,10.942422866821289,-0.4568716883659363,4.14914083480835,1.2205809756337573
23,10.972734451293945,-0.45572733879089355,4.144973278045654,1.2184295488581778
23,11.003039360046387,-0.45458656549453735,4.140750885009766,1.2162888321689047
23,11.033337593078613,-0.45345166325569153,4.136478900909424,1.2140009906578682
23,11.063629150390625,-0.45232418179512024,4.132162094116211,1.2117146256750015
23,11.093915939331055,-0.4512069523334503,4.127806186676025,1.2094344639687111
23,11.124197959899902,-0.4501023292541504,4.123414993286133,1.2071475301033974
23,11.154476165771484,-0.44901278614997864,4.118993759155273,1.2048866690362239
23,11.184751510620117,-0.4479405879974365,4.114547252655029,1.202607502338684
23,11.215024948120117,-0.4468870460987091,4.110078811645508,1.2002647361489818
23,11.2452974319458,-0.4458538293838501,4.105592727661133,1.1979444454764054
23,11.275568008422852,-0.4448428750038147,4.101092338562012,1.195625447864579
23,11.305846214294434,-0.44385582208633423,4.096579551696777,1.1933321426374428
23,11.336148262023926,-0.4428938627243042,4.09205436706543,1.1910367438585647
23,11.366450309753418,-0.4419592320919037,4.087522983551025,1.1887056053736207
23,11.396818161010742,-0.44105085730552673,4.082978248596191,1.1863488980807637
23,11.42718505859375,-0.44017234444618225,4.078430652618408,1.1840058220139553
23,11.45769214630127,-0.4393215477466583,4.073862075805664,1.1816608066312788
23,11.488448143005371,-0.4384984076023102,4.069258213043213,1.1792392997221255
23,11.519206047058105,-0.4377112090587616,4.064657211303711,1.1768201445965938
23,11.555217742919922,-0.4368332624435425,4.0592732429504395,1.1739094790510523
23,11.620469093322754,-0.4353589713573456,4.049525737762451,1.1687444296755538
23,11.685728073120117,-0.43404459953308105,4.039795875549316,1.163725196122045
23,11.7567777633667,-0.4327988624572754,4.029227256774902,1.1580761949609542
23,11.827835083007812,-0.43174657225608826,4.018685340881348,1.1524979829619348
23,11.956268310546875,-0.43028703331947327,3.999735116958618,1.1430705298297268
23,12.076807022094727,-0.42940688133239746,3.982140302658081,1.1354794096374219
23,12.197386741638184,-0.42896154522895813,3.964813232421875,1.1286049647326846
23,12.318355560302734,-0.42886650562286377,3.9477930068969727,1.1225520569349066
23,12.374152183532715,-0.42893528938293457,3.94008207321167,1.1200482120649267
24,0.9424222707748413,0.9759211540222168,2.44120454788208,1.0060152045651538
24,1.063194990158081,0.976040780544281,2.4469711780548096,1.008611130317727
24,1.1849658489227295,0.9761785864830017,2.453322649002075,1.0123994160717182
24,1.2780425548553467,0.9762962460517883,2.4584012031555176,1.0153962572728883
24,1.4001930952072144,0.976466178894043,2.4649851322174072,1.0196532492549915
24,1.5223603248596191,0.9766538143157959,2.471250295639038,1.0238920406506455
24,1.644679307937622,0.976861298084259,2.4767744541168213,1.0281476773244658
24,1.7670416831970215,0.9770915508270264,2.4812211990356445,1.0319028197233082
24,1.889447569847107,0.9773482084274292,2.484239101409912,1.0352884154290931
24,2.011913776397705,0.9776367545127869,2.485481023788452,1.0379065269803185
24,2.1343839168548584,0.9779605269432068,2.4847970008850098,1.0392201631750098
24,2.2568254470825195,0.9783249497413635,2.4820475578308105,1.0400156303881976
24,2.3792073726654053,0.9787328839302063,2.4773318767547607,1.0385084659560333
24,2.482628345489502,0.9791135787963867,2.4718852043151855,1.0368030057715683
24,2.6048479080200195,0.9796071648597717,2.4640140533447266,1.0332409343893616
24,2.726970672607422,0.9801486730575562,2.4547603130340576,1.0286418357590044
24,2.849008083343506,0.9807397723197937,2.444446563720703,1.023418783922738
24,2.970966100692749,0.981383204460144,2.433232069015503,1.0168196116269321
24,3.0928523540496826,0.9820823669433594,2.421264410018921,1.0098061123242246
24,3.2146739959716797,0.9828434586524963,2.408658981323242,1.0019497395079888
24,3.336432933807373,0.9836719632148743,2.39546537399292,0.9930955685489286
24,3.4581351280212402,0.9845777750015259,2.381763458251953,0.983662642612936
24,3.579785108566284,0.9855725169181824,2.3676109313964844,0.9725679743593931
24,3.7013866901397705,0.986668050289154,2.353055477142334,0.9604825265204723
24,3.8229331970214844,0.9878842234611511,2.3382205963134766,0.947014986279652
24,3.944453716278076,0.989237904548645,2.3231866359710693,0.9317177554180248
24,4.065752983093262,0.9907528162002563,2.308164119720459,0.9152317754732369
24,4.185997486114502,0.9924490451812744,2.293541193008423,0.8970785147285285
24,4.306301593780518,0.9943715333938599,2.279442071914673,0.8782489056856592
24,4.42348575592041,0.9965059161186218,2.266695022583008,0.8593738607470114
24,4.540805339813232,0.9989401698112488,2.255328893661499,0.8420140667029606
24,4.651963233947754,1.0015612840652466,2.2463393211364746,0.8271386345966868
24,4.75480842590332,1.0042940378189087,2.240008592605591,0.8156752332380389
24,4.8577561378479,1.0073527097702026,2.2359066009521484,0.8082987675002
24,4.952875137329102,1.0104866027832031,2.2343385219573975,0.8049578172730139
24,5.04280424118042,1.0137337446212769,2.234922409057617,0.8051398513419992
24,5.130258083343506,1.0171611309051514,2.2373929023742676,0.8083084366557788
24,5.216850280761719,1.0208183526992798,2.241582155227661,0.8138928007921059
24,5.30318546295166,1.0247293710708618,2.2473397254943848,0.8213002513543296
24,5.389390468597412,1.028903841972351,2.254488468170166,0.8302826012431467
24,5.4754743576049805,1.0333502292633057,2.26283597946167,0.8401898834691193
24,5.5614399909973145,1.0380808115005493,2.2721893787384033,0.8505749201611968
24,5.648515701293945,1.0431890487670898,2.282501459121704,0.8610724058808025
24,5.739028453826904,1.0488592386245728,2.2939181327819824,0.871594412523925
24,5.833314418792725,1.055186152458191,2.3063852787017822,0.8819125738939362
24,5.928666114807129,1.0620557069778442,2.3194401264190674,0.8914931412380204
24,6.023934841156006,1.069429874420166,2.332824945449829,0.8999099843595914
24,6.122354984283447,1.0776252746582031,2.346930742263794,0.9076272337596507
24,6.223410129547119,1.0867037773132324,2.3616464138031006,0.9146744451543508
24,6.3268141746521,1.096747875213623,2.3769116401672363,0.92115016902586
24,6.431707859039307,1.1077789068222046,2.3925909996032715,0.926936437666349
24,6.5366950035095215,1.1197654008865356,2.40847110748291,0.9317877496131791
24,6.641540050506592,1.13277268409729,2.424483060836792,0.9376474852497239
24,6.6691999435424805,1.1363860368728638,2.4287240505218506,0.9390445488566435
24,6.6967387199401855,1.1400620937347412,2.432955265045166,0.9404531884648684
24,6.723472595214844,1.1437097787857056,2.43707275390625,0.9418431122801485
24,6.750143051147461,1.1474283933639526,2.4411916732788086,0.9432510804779172
24,6.776740550994873,1.1512199640274048,2.4453115463256836,0.9447038593031578
24,6.8033294677734375,1.155095100402832,2.4494435787200928,0.9461776489578567
24,6.8298869132995605,1.1590523719787598,2.453584671020508,0.9477056192985209
24,6.856405735015869,1.1630933284759521,2.4577348232269287,0.949293801446963
24,6.882892608642578,1.1672207117080688,2.46189546585083,0.9509526097524696
24,6.909363269805908,1.1714390516281128,2.466069459915161,0.9526930308190052
24,6.935810089111328,1.1757484674453735,2.4702560901641846,0.9545245216101426
24,6.962253570556641,1.1801540851593018,2.474459171295166,0.9564467417286894
24,6.988666534423828,1.1846522092819214,2.47867488861084,0.9584757538612008
24,7.015042781829834,1.189242959022522,2.482903003692627,0.9606212433591601
24,7.041376113891602,1.193925380706787,2.487142562866211,0.9628931038840576
24,7.067660808563232,1.1986991167068481,2.4913930892944336,0.9652989114397436
24,7.093958854675293,1.2035757303237915,2.495664358139038,0.9678454489570578
24,7.120174407958984,1.2085373401641846,2.499941349029541,0.9705414441218294
24,7.146331787109375,1.213587760925293,2.504227876663208,0.9734038196269726
24,7.172426700592041,1.2187254428863525,2.5085222721099854,0.9764430216327917
24,7.1984543800354,1.2239481210708618,2.5128228664398193,0.9796596531373296
24,7.2244791984558105,1.2292678356170654,2.5171384811401367,0.9830630473910149
24,7.2504096031188965,1.2346642017364502,2.5214531421661377,0.9866628763335074
24,7.276267051696777,1.240139365196228,2.5257680416107178,0.9904714862774843
24,7.30204963684082,1.2456899881362915,2.5300793647766113,0.9944978817690122
24,7.327691078186035,1.2512990236282349,2.5343728065490723,0.9987204301998793
24,7.3532938957214355,1.2569857835769653,2.5386617183685303,1.003152566081144
24,7.378815174102783,1.262737512588501,2.542933940887451,1.0077923731315173
24,7.4042534828186035,1.2685503959655762,2.5471835136413574,1.0126269913540622
24,7.429607391357422,1.2744203805923462,2.551403760910034,1.01763481759769
24,7.454937934875488,1.280358910560608,2.5555973052978516,1.022828475285034
24,7.480154991149902,1.2863420248031616,2.5597424507141113,1.0280404675117774
24,7.505912780761719,1.2925208806991577,2.5639359951019287,1.0333896156479603
24,7.531241416931152,1.298663854598999,2.5680086612701416,1.0388768318825596
24,7.555769443511963,1.3046749830245972,2.571894884109497,1.0438819016616683
24,7.580764293670654,1.3108640909194946,2.5757856369018555,1.04920897737531
24,7.605677604675293,1.3170936107635498,2.579585552215576,1.0540508258796966
24,7.630507469177246,1.3233628273010254,2.583287477493286,1.0586977392137198
24,7.6552510261535645,1.32967209815979,2.5868844985961914,1.0628083723317587
24,7.680588245391846,1.336195468902588,2.590470552444458,1.0666640331676602
24,7.70507287979126,1.3425654172897339,2.5938377380371094,1.0699929877454815
24,7.73020076751709,1.3491766452789307,2.5971906185150146,1.0731943141068887
24,7.7550177574157715,1.355779767036438,2.6004035472869873,1.075742165716828
24,7.779689788818359,1.3624193668365479,2.6035070419311523,1.078021176576832
24,7.804287433624268,1.3691184520721436,2.6065149307250977,1.08005378933572
24,7.828805446624756,1.3758795261383057,2.6094322204589844,1.0818737188857426
24,7.853163242340088,1.3826806545257568,2.6122524738311768,1.0833422727729423
24,7.877367973327637,1.3895132541656494,2.614976644515991,1.0841332063604825
24,7.90151309967041,1.396379828453064,2.6176156997680664,1.0840722855626095
24,7.925584316253662,1.4032434225082397,2.620171308517456,1.0830786181045262
24,7.949504852294922,1.4100476503372192,2.6226377487182617,1.0812427695413696
24,7.973366737365723,1.4167886972427368,2.6250216960906982,1.0785912543579679
24,7.997175693511963,1.423437237739563,2.6273131370544434,1.0750601699702391
24,8.020856857299805,1.429938554763794,2.629487991333008,1.0706411153612032
24,8.044416427612305,1.4362586736679077,2.631525993347168,1.0657398793461763
24,8.067946434020996,1.4423919916152954,2.633415937423706,1.0607762708825013
24,8.091447830200195,1.4483212232589722,2.635150671005249,1.05644988394509
24,8.114916801452637,1.4540504217147827,2.6367368698120117,1.053016887630291
24,8.137460708618164,1.4594002962112427,2.6381380558013916,1.0510907551170774
24,8.160761833190918,1.4648123979568481,2.639483690261841,1.0501716813967306
24,8.183913230895996,1.4700969457626343,2.6407268047332764,1.0501391732941672
24,8.207003593444824,1.4752907752990723,2.6418769359588623,1.0507448600800722
24,8.229948043823242,1.4803781509399414,2.6429264545440674,1.0516146075237265
24,8.252840042114258,1.4853739738464355,2.6438710689544678,1.0528770108900098
24,8.275677680969238,1.490270972251892,2.644702911376953,1.0543870347238264
24,8.298462867736816,1.495064616203308,2.6454179286956787,1.0559410065811567
24,8.321194648742676,1.4997546672821045,2.646014928817749,1.057309923140346
24,8.343871116638184,1.5043426752090454,2.6464929580688477,1.0582225887322656
24,8.366400718688965,1.5088143348693848,2.646850824356079,1.0585961189405295
24,8.388872146606445,1.5131921768188477,2.6470932960510254,1.0583910280748268
24,8.411284446716309,1.5174778699874878,2.647221088409424,1.0576422152560636
24,8.433636665344238,1.5216704607009888,2.6472342014312744,1.0564541361457138
24,8.455930709838867,1.5257670879364014,2.6471309661865234,1.0549648812143326
24,8.478072166442871,1.529747724533081,2.646908760070801,1.053274951052231
24,8.500153541564941,1.5336257219314575,2.646564483642578,1.0516117516965455
24,8.522175788879395,1.5373979806900024,2.64609694480896,1.050124987590222
24,8.54413890838623,1.541062831878662,2.645505905151367,1.0489330612951282
24,8.5660400390625,1.5446221828460693,2.6447927951812744,1.0480843066753982
24,8.587998390197754,1.5480983257293701,2.6439547538757324,1.0475560945220446
24,8.609797477722168,1.551463007926941,2.6430015563964844,1.0472528455730408
24,8.631439208984375,1.5547248125076294,2.641936779022217,1.0470552637788
24,8.653014183044434,1.5579060316085815,2.6407601833343506,1.0469233218839666
24,8.674519538879395,1.5610146522521973,2.6394755840301514,1.0467403401076314
24,8.69605827331543,1.5640714168548584,2.6380791664123535,1.0463723252778308
24,8.71752643585205,1.56706702709198,2.636580228805542,1.04580448703497
24,8.738934516906738,1.5700061321258545,2.634979486465454,1.0450194834477189
24,8.760324478149414,1.5728965997695923,2.633275032043457,1.0440188474227237
24,8.78171157836914,1.575740933418274,2.631464958190918,1.0427954661704233
24,8.803094863891602,1.5785382986068726,2.629547357559204,1.0413311365170599
24,8.824474334716797,1.5812872648239136,2.62752103805542,1.0397327180210172
24,8.84584903717041,1.5839868783950806,2.625385284423828,1.038039424339678
24,8.867219924926758,1.5866358280181885,2.6231391429901123,1.0363403858845743
24,8.88858413696289,1.5892330408096313,2.620781898498535,1.0346790074326455
24,8.909942626953125,1.591778039932251,2.6183135509490967,1.0330939295254902
24,8.931294441223145,1.594270944595337,2.6157338619232178,1.0316185849437198
24,8.952637672424316,1.5967121124267578,2.6130435466766357,1.0303014618261264
24,8.973973274230957,1.5991026163101196,2.610243082046509,1.0291593054071781
24,8.995299339294434,1.6014440059661865,2.6073336601257324,1.028146578492105
24,9.016615867614746,1.6037379503250122,2.604316234588623,1.0272738267813295
24,9.037920951843262,1.605986475944519,2.6011924743652344,1.0265788598543428
24,9.059215545654297,1.608191728591919,2.597963809967041,1.0260584682196072
24,9.080498695373535,1.610355257987976,2.594632387161255,1.025708315446941
24,9.101770401000977,1.612478256225586,2.5911993980407715,1.025522835528406
24,9.123028755187988,1.6145612001419067,2.5876669883728027,1.0255418258937758
24,9.144274711608887,1.6166030168533325,2.5840368270874023,1.025748412361728
24,9.165508270263672,1.6186028718948364,2.580310344696045,1.026113592300012
24,9.186729431152344,1.6205589771270752,2.576488971710205,1.0266362876136044
24,9.207937240600586,1.6224687099456787,2.5725741386413574,1.0273151251637
24,9.229131698608398,1.6243287324905396,2.5685672760009766,1.0281485336382878
24,9.250314712524414,1.626134991645813,2.564469575881958,1.0290775763019482
24,9.271484375,1.6278823614120483,2.5602834224700928,1.0302064541859546
24,9.292642593383789,1.6295653581619263,2.5560107231140137,1.0314834053193276
24,9.313788414001465,1.6311781406402588,2.5516531467437744,1.0328944961810753
24,9.334922790527344,1.6327142715454102,2.547213077545166,1.034425378486639
24,9.356046676635742,1.6341674327850342,2.5426924228668213,1.0360587418916645
24,9.377159118652344,1.6355303525924683,2.5380935668945312,1.0378062448525351
24,9.398261070251465,1.636794924736023,2.5334200859069824,1.0396684949326453
24,9.419353485107422,1.637953758239746,2.5286741256713867,1.0415699480509797
24,9.440436363220215,1.6389997005462646,2.5238585472106934,1.043466150182715
24,9.461508750915527,1.6399251222610474,2.5189757347106934,1.0453255113815871
24,9.482571601867676,1.6407228708267212,2.514028787612915,1.0471321784300511
24,9.503623962402344,1.6413847208023071,2.5090208053588867,1.0489041024415027
24,9.524667739868164,1.6419029235839844,2.503955841064453,1.0505415848246988
24,9.545701026916504,1.6422706842422485,2.4988365173339844,1.0519970357598354
24,9.566723823547363,1.6424813270568848,2.4936652183532715,1.0532440512889656
24,9.587735176086426,1.6425282955169678,2.488445281982422,1.0542805935018664
24,9.608736038208008,1.642404317855835,2.4831809997558594,1.0551176884079512
24,9.629724502563477,1.6421031951904297,2.477876663208008,1.05567120217619
24,9.650700569152832,1.6416195631027222,2.4725353717803955,1.0559211533878772
24,9.671662330627441,1.6409481763839722,2.467160224914551,1.0558226760537357
24,9.692609786987305,1.6400845050811768,2.4617555141448975,1.0554410026711087
24,9.713541984558105,1.6390236616134644,2.456326723098755,1.0547580500997993
24,9.734457969665527,1.6377620697021484,2.450878143310547,1.053732456842683
24,9.755355834960938,1.6362967491149902,2.445413827896118,1.052363192222764
24,9.776235580444336,1.6346253156661987,2.4399383068084717,1.0506535480245447
24,9.797096252441406,1.6327459812164307,2.434457302093506,1.048693244746778
24,9.817937850952148,1.63065767288208,2.4289767742156982,1.0464069884031244
24,9.83875846862793,1.6283600330352783,2.42350172996521,1.0438141042745
24,9.85955810546875,1.625853419303894,2.4180374145507812,1.040926689719085
24,9.880334854125977,1.6231389045715332,2.4125890731811523,1.0376125382363228
24,9.901090621948242,1.62021803855896,2.407165050506592,1.0339863319748863
24,9.92182445526123,1.6170932054519653,2.401771068572998,1.0300900303926688
24,9.942535400390625,1.6137672662734985,2.3964123725891113,1.025950287756754
24,9.963225364685059,1.6102434396743774,2.3910951614379883,1.021588011868522
24,9.983893394470215,1.6065263748168945,2.3858256340026855,1.0171158172167951
24,10.00454044342041,1.602621078491211,2.3806121349334717,1.0124888112033472
24,10.025167465209961,1.5985326766967773,2.375460147857666,1.0075498964523062
24,10.0457763671875,1.5942660570144653,2.3703768253326416,1.0021933993832775
24,10.066366195678711,1.5898267030715942,2.3653688430786133,0.9967148335621698
24,10.086939811706543,1.585221529006958,2.360443115234375,0.9912473104899382
24,10.107499122619629,1.5804580450057983,2.3556065559387207,0.985716788036815
24,10.128045082092285,1.5755434036254883,2.350865602493286,0.9801380981442638
24,10.148585319519043,1.5704832077026367,2.3462255001068115,0.9741098530622585
24,10.169116020202637,1.5652862787246704,2.341695785522461,0.968045378683786
24,10.189706802368164,1.5599431991577148,2.337268829345703,0.9620656458754085
24,10.210599899291992,1.554399013519287,2.3329036235809326,0.9561006414674247
24,10.232348442077637,1.5485081672668457,2.328500747680664,0.9498450922349913
24,10.255721092224121,1.5420560836791992,2.3239378929138184,0.9428474698482909
24,10.279097557067871,1.5354923009872437,2.319554328918457,0.9359807026320326
24,10.30459976196289,1.528226375579834,2.314979076385498,0.9286642319855868
24,10.330114364624023,1.5208684206008911,2.310622453689575,0.9213305707687651
24,10.357526779174805,1.5128912925720215,2.306196928024292,0.9134172979408792
24,10.386079788208008,1.5045356750488281,2.301868438720703,0.905394460774637
24,10.414664268493652,1.4961490631103516,2.297823905944824,0.8973020701488945
24,10.44371509552002,1.4876428842544556,2.2940123081207275,0.8890241559114775
24,10.472810745239258,1.4791675806045532,2.2904934883117676,0.8808022123525582
24,10.502053260803223,1.4707286357879639,2.2872488498687744,0.8727539326758326
24,10.531363487243652,1.4623850584030151,2.2842817306518555,0.8644882143545793
24,10.560734748840332,1.4541689157485962,2.281578540802002,0.8565770782017398
24,10.590171813964844,1.4461160898208618,2.279109001159668,0.848731357973482
24,10.61967945098877,1.4382606744766235,2.276853322982788,0.8409533494415772
24,10.649260520935059,1.4306399822235107,2.274768352508545,0.8336925281379689
24,10.67891788482666,1.4232831001281738,2.2728214263916016,0.8265273207601179
24,10.70865535736084,1.4162229299545288,2.2709834575653076,0.8201135139663368
24,10.738471031188965,1.409485936164856,2.2692267894744873,0.8143960134129808
24,10.768366813659668,1.4030908346176147,2.2675371170043945,0.8097017245559447
24,10.79833984375,1.397053599357605,2.2659006118774414,0.8062723185592003
24,10.828387260437012,1.3913846015930176,2.2643215656280518,0.8046212366420674
24,10.858505249023438,1.3860836029052734,2.262803316116333,0.8045471613327505
24,10.888687133789062,1.3811417818069458,2.261352062225342,0.8061201885819974
24,10.918927192687988,1.376548409461975,2.259977102279663,0.809312698238333
24,10.949219703674316,1.3722807168960571,2.2586936950683594,0.8140464738572372
24,10.979557991027832,1.3683128356933594,2.2575271129608154,0.8205420779046241
24,11.00993537902832,1.3646169900894165,2.2564949989318848,0.8279828844329579
24,11.040345191955566,1.3611589670181274,2.255620241165161,0.8364153612874687
24,11.070783615112305,1.3579137325286865,2.254917860031128,0.8455414866121278
24,11.10124397277832,1.3548474311828613,2.254409074783325,0.8550873146641069
24,11.131721496582031,1.3519340753555298,2.254106283187866,0.8648510109259178
24,11.162213325500488,1.349151372909546,2.2540175914764404,0.8746010350498316
24,11.192713737487793,1.3464722633361816,2.254150867462158,0.884178937373945
24,11.223221778869629,1.343881607055664,2.2545013427734375,0.8931387535463936
24,11.253732681274414,1.341361165046692,2.2550618648529053,0.9017282574317106
24,11.284252166748047,1.3388961553573608,2.255817413330078,0.9093071920002751
24,11.314770698547363,1.336477279663086,2.2567524909973145,0.9162103832540311
24,11.345312118530273,1.3340901136398315,2.2578439712524414,0.9224148708381278
24,11.375849723815918,1.331729769706726,2.2590699195861816,0.9274407825647725
24,11.406449317932129,1.3293830156326294,2.2604074478149414,0.9319985317766379
24,11.437186241149902,1.3270385265350342,2.261831760406494,0.9354945460779965
24,11.467921257019043,1.3247034549713135,2.2633168697357178,0.9383624489080551
24,11.49890422821045,1.3223562240600586,2.264843463897705,0.9407554855609195
24,11.529887199401855,1.320014238357544,2.2663803100585938,0.9424067714603405
24,11.566163063049316,1.3172775506973267,2.2681570053100586,0.9439735671200759
24,11.6318998336792,1.312345027923584,2.271225690841675,0.9459364631381649
24,11.697648048400879,1.3074575662612915,2.2740955352783203,0.9472919278372167
24,11.769243240356445,1.302222728729248,2.276947259902954,0.9489715685398851
24,11.898679733276367,1.2931079864501953,2.2813355922698975,0.9510166705282413
24,12.028176307678223,1.2844692468643188,2.284846544265747,0.9511498310932073
24,12.149727821350098,1.2768275737762451,2.287414073944092,0.9505303889824497
24,12.271317481994629,1.2696094512939453,2.289299964904785,0.9485051538757792
24,12.393277168273926,1.2627532482147217,2.2905168533325195,0.9462180359872299
24,12.515445709228516,1.2561804056167603,2.29107403755188,0.9432483345212165
24,12.637628555297852,1.2498493194580078,2.2909789085388184,0.9396334590096064
24,12.759902954101562,1.243665099143982,2.290256977081299,0.9357702451152665
24,12.770990371704102,1.2431102991104126,2.2901611328125,0.9353354239271884
25,0.8969970345497131,-0.4184194803237915,3.5344045162200928,1.0059160965277711
25,1.017866611480713,-0.4184532165527344,3.5375595092773438,1.0078927926162533
25,1.1387304067611694,-0.4184907078742981,3.5409271717071533,1.0100293003732823
25,1.2606192827224731,-0.4185320734977722,3.5443429946899414,1.0122377494021029
25,1.3829036951065063,-0.41857731342315674,3.5476138591766357,1.0143821325339517
25,1.5051957368850708,-0.41862669587135315,3.5505783557891846,1.0164003821536298
25,1.6276154518127441,-0.4186815917491913,3.5530178546905518,1.018278167250875
25,1.7500463724136353,-0.41874316334724426,3.554795265197754,1.0195913207766576
25,1.8725125789642334,-0.41881319880485535,3.555734634399414,1.0206165844427453
25,1.9949862957000732,-0.41889357566833496,3.5557336807250977,1.0208054138143396
25,2.1174559593200684,-0.41898566484451294,3.5547430515289307,1.0203328423516835
25,2.2399141788482666,-0.4190913140773773,3.552767276763916,1.0193364929892557
25,2.362354040145874,-0.41921165585517883,3.549865961074829,1.0171775247648471
25,2.484771251678467,-0.41934800148010254,3.5461270809173584,1.0146455395888514
25,2.6071653366088867,-0.41950151324272156,3.5417001247406006,1.0113453466298394
25,2.729537010192871,-0.4196730852127075,3.5366828441619873,1.0075623301993737
25,2.8518900871276855,-0.4198640286922455,3.5312411785125732,1.0035057594752679
25,2.974229097366333,-0.42007574439048767,3.5254855155944824,0.9989733340267846
25,3.096558094024658,-0.42030972242355347,3.519522190093994,0.9943348811383778
25,3.2188827991485596,-0.420568585395813,3.513469696044922,0.9895237731064997
25,3.3412060737609863,-0.420854389667511,3.5073957443237305,0.9846062117904475
25,3.4635331630706787,-0.42117053270339966,3.501394748687744,0.9796196699577843
25,3.585866928100586,-0.42152121663093567,3.4955360889434814,0.974513126901166
25,3.708209753036499,-0.4219103157520294,3.4898743629455566,0.9693250324579734
25,3.8305447101593018,-0.42234405875205994,3.484480619430542,0.964048253906558
25,3.952893018722534,-0.4228276312351227,3.479403257369995,0.9587601367641283
25,4.075037002563477,-0.4233667552471161,3.4747142791748047,0.9534990677875786
25,4.196105003356934,-0.4239642024040222,3.470508575439453,0.9484428651119545
25,4.317188739776611,-0.4246304929256439,3.466794013977051,0.9436206776096049
25,4.435041427612305,-0.42535361647605896,3.4637205600738525,0.9391058469961613
25,4.546566963195801,-0.42611241340637207,3.4613535404205322,0.9353394065230628
25,4.658102035522461,-0.4269508719444275,3.4595606327056885,0.9318424742570875
25,4.761170387268066,-0.42780423164367676,3.4584591388702393,0.9289300759766415
25,4.856350898742676,-0.42866551876068115,3.4579453468322754,0.9266942709363377
25,4.951531887054443,-0.42960307002067566,3.457939386367798,0.9247991397789141
25,5.0415167808532715,-0.43056559562683105,3.458418130874634,0.923365404257628
25,5.129063129425049,-0.4315777122974396,3.4593422412872314,0.9223194563644833
25,5.215817451477051,-0.4326586425304413,3.460705518722534,0.921618059581733
25,5.302407264709473,-0.43381962180137634,3.4625086784362793,0.921239235787581
25,5.38897180557251,-0.43506714701652527,3.4647507667541504,0.9212089173587235
25,5.475522518157959,-0.43640679121017456,3.4674274921417236,0.9214828352532236
25,5.562057018280029,-0.4378444254398346,3.4705333709716797,0.922038486490646
25,5.648573875427246,-0.4393870532512665,3.474062442779541,0.9228593855125842
25,5.73507022857666,-0.44104212522506714,3.478008985519409,0.9239298227661372
25,5.82163143157959,-0.4428204596042633,3.4823715686798096,0.9252292094118274
25,5.909547328948975,-0.4447612762451172,3.4872186183929443,0.9267472140000974
25,6.000431060791016,-0.4469214975833893,3.492659568786621,0.9284821715898369
25,6.091283798217773,-0.4492489695549011,3.4985251426696777,0.9303285452263028
25,6.185538291931152,-0.4518541991710663,3.505049228668213,0.9323390985482627
25,6.281909465789795,-0.4547330439090729,3.5121700763702393,0.9343953501577625
25,6.38115119934082,-0.4579381048679352,3.519963026046753,0.9364390422822586
25,6.4812397956848145,-0.461436003446579,3.528296709060669,0.938441586727409
25,6.536001682281494,-0.46347030997276306,3.533064842224121,0.9395820374875974
25,6.564030647277832,-0.46454474329948425,3.5355632305145264,0.9401141065250634
25,6.590236186981201,-0.4655696451663971,3.5379343032836914,0.9405694312371232
25,6.616583347320557,-0.46662023663520813,3.5403525829315186,0.9410036342026648
25,6.6429314613342285,-0.4676915109157562,3.5428054332733154,0.9414172378113153
25,6.669321537017822,-0.4687856435775757,3.5452966690063477,0.941808678573654
25,6.695774555206299,-0.4699041247367859,3.547828197479248,0.9421774328001904
25,6.722294330596924,-0.47104787826538086,3.550401210784912,0.9425232167972718
25,6.748877048492432,-0.47221747040748596,3.5530154705047607,0.9428450226659257
25,6.775330543518066,-0.4734049439430237,3.555652379989624,0.943139346352157
25,6.801836967468262,-0.4746190011501312,3.558330774307251,0.9434091950795076
25,6.828389644622803,-0.47585994005203247,3.5610504150390625,0.943655235991616
25,6.854963302612305,-0.47712719440460205,3.563810348510742,0.9438766337256481
25,6.881531715393066,-0.47842004895210266,3.566608428955078,0.9440712599244877
25,6.908133029937744,-0.4797409772872925,3.5694501399993896,0.9442413054569935
25,6.934760093688965,-0.481090247631073,3.572336196899414,0.9443868932077066
25,6.961415767669678,-0.48246878385543823,3.575268507003784,0.9445083625446118
25,6.988099098205566,-0.4838772416114807,3.5782487392425537,0.9446035934842768
25,7.014630317687988,-0.48530682921409607,3.5812582969665527,0.9446720962664401
25,7.041179180145264,-0.4867672324180603,3.584317922592163,0.9447173911739241
25,7.067739009857178,-0.4882589280605316,3.5874290466308594,0.9447403779395713
25,7.094302654266357,-0.4897823929786682,3.5905933380126953,0.944742348539812
25,7.120863437652588,-0.4913380742073059,3.5938124656677246,0.9447249944074062
25,7.147414684295654,-0.4929264485836029,3.597088575363159,0.9446882468664843
25,7.173937797546387,-0.4945473074913025,3.600421667098999,0.9446323151462439
25,7.200279235839844,-0.49619197845458984,3.603795051574707,0.944555544565677
25,7.226590633392334,-0.4978705942630768,3.6072306632995605,0.944467353917235
25,7.252866268157959,-0.49958357214927673,3.610731363296509,0.9443712596553034
25,7.279099464416504,-0.5013313293457031,3.6142992973327637,0.944274929878202
25,7.305278301239014,-0.5031136274337769,3.617936611175537,0.9441816001319739
25,7.331404209136963,-0.5049313902854919,3.621647596359253,0.9440948587961087
25,7.357322692871094,-0.5067744851112366,3.6254138946533203,0.9439998449478645
25,7.383181095123291,-0.5086541771888733,3.629260301589966,0.9439144587726326
25,7.408973693847656,-0.5105705857276917,3.6331913471221924,0.9438699590282555
25,7.435394763946533,-0.5125768184661865,3.6373186111450195,0.9438626059470859
25,7.461379528045654,-0.5145951509475708,3.641486406326294,0.9438752323292968
25,7.487285614013672,-0.5166528820991516,3.645756483078003,0.9439603994180614
25,7.5127363204956055,-0.5187187194824219,3.650066614151001,0.9440823893017392
25,7.538035869598389,-0.520817220211029,3.654473304748535,0.9442980096360523
25,7.563243389129639,-0.5229533910751343,3.6589908599853516,0.9446142924617439
25,7.587270736694336,-0.5250342488288879,3.6634304523468018,0.9450489124117221
25,7.612301349639893,-0.5272455215454102,3.668194532394409,0.9456432493570937
25,7.6370768547058105,-0.5294802188873291,3.6730637550354004,0.9463665785894573
25,7.661744117736816,-0.531752347946167,3.6780741214752197,0.9473136086914519
25,7.686218738555908,-0.5340548157691956,3.683217763900757,0.9485345149535295
25,7.710572719573975,-0.5363951325416565,3.6885204315185547,0.9500939421259048
25,7.734801769256592,-0.5387742519378662,3.693992853164673,0.951962010541097
25,7.758756160736084,-0.5411787033081055,3.699615478515625,0.9542604882689608
25,7.783224105834961,-0.5436906218528748,3.7055881023406982,0.9572431518836528
25,7.806910991668701,-0.5461843609809875,3.7116222381591797,0.9608715904809061
25,7.830437183380127,-0.5487306714057922,3.717893123626709,0.965519697031903
25,7.853734493255615,-0.5513271689414978,3.7244133949279785,0.9715290901011986
25,7.876819133758545,-0.5539924502372742,3.7312257289886475,0.9789777520723187
25,7.899688243865967,-0.5567651391029358,3.738417148590088,0.993084390531465
25,7.922291278839111,-0.5596839785575867,3.74609375,1.014699193487051
25,7.944398403167725,-0.5628752112388611,3.754314422607422,1.0427888984495381
25,7.960267543792725,-0.5654921531677246,3.7605082988739014,1.075978515771477
25,7.9749369621276855,-0.5680182576179504,3.765990734100342,1.1094612939605055
25,7.9919962882995605,-0.5707778930664062,3.771494150161743,1.1424744627918426
25,8.00461196899414,-0.5725205540657043,3.7746708393096924,1.1650603544828961
25,8.02746868133545,-0.5749406218528748,3.7784383296966553,1.1779675867394213
25,8.050532341003418,-0.576661229133606,3.7804856300354004,1.1386228002795615
25,8.073502540588379,-0.5780129432678223,3.782000780105591,1.0812445437372198
25,8.096376419067383,-0.5792823433876038,3.783841609954834,1.0378111218479518
25,8.119107246398926,-0.580615758895874,3.7863221168518066,1.014469282818563
25,8.14167594909668,-0.582062840461731,3.7894201278686523,1.0051835841419579
25,8.163931846618652,-0.5836237668991089,3.7929985523223877,1.001899514825042
25,8.186029434204102,-0.5853235721588135,3.796985626220703,1.0020683309062566
25,8.207971572875977,-0.5871891975402832,3.801304817199707,1.0034895573079183
25,8.229767799377441,-0.5892396569252014,3.8058741092681885,1.0043834396777953
25,8.251439094543457,-0.5914517641067505,3.810577630996704,1.0039409437387172
25,8.27309799194336,-0.5937626957893372,3.815294027328491,1.0030833534488635
25,8.294561386108398,-0.5960618257522583,3.8198509216308594,1.0016183458679448
25,8.315999984741211,-0.5982992649078369,3.8241894245147705,1.0002803632552872
25,8.33742618560791,-0.6004303693771362,3.828249454498291,0.9994062975570668
25,8.358796119689941,-0.6024261116981506,3.8320040702819824,0.9992157607745911
25,8.38015079498291,-0.6042824387550354,3.8354811668395996,0.9996166005624345
25,8.401498794555664,-0.6060075759887695,3.838735580444336,1.0004214774959415
25,8.422863006591797,-0.6076290607452393,3.8418526649475098,1.0013557371323112
25,8.444238662719727,-0.6091845035552979,3.844919204711914,1.0023703556658887
25,8.465614318847656,-0.6107126474380493,3.848001718521118,1.0032154909724613
25,8.486981391906738,-0.6122435331344604,3.851142406463623,1.0036736942608746
25,8.50833511352539,-0.6137945652008057,3.8543591499328613,1.0036662493032462
25,8.52967643737793,-0.6153730750083923,3.8576488494873047,1.0032106110893415
25,8.551007270812988,-0.6169769167900085,3.860992193222046,1.002367991173263
25,8.572332382202148,-0.6185981631278992,3.8643627166748047,1.001220576889629
25,8.593656539916992,-0.6202276945114136,3.867736577987671,0.9996543293545209
25,8.614982604980469,-0.6218570470809937,3.8710947036743164,0.9979969209890669
25,8.636314392089844,-0.6234788298606873,3.8744218349456787,0.9963566089732212
25,8.65765380859375,-0.6250883340835571,3.877709150314331,0.9947808678052921
25,8.679000854492188,-0.6266826391220093,3.8809523582458496,0.993326713169631
25,8.700355529785156,-0.628260612487793,3.8841514587402344,0.9920196533397807
25,8.721717834472656,-0.6298225522041321,3.88730788230896,0.9909221661705864
25,8.743086814880371,-0.6313694715499878,3.890425205230713,0.9899810104505556
25,8.7644624710083,-0.6329032182693481,3.893507719039917,0.9890682208463756
25,8.785841941833496,-0.634426474571228,3.8965601921081543,0.9883194827105141
25,8.807226181030273,-0.6359415054321289,3.899587392807007,0.9877100588808585
25,8.828614234924316,-0.6374505162239075,3.9025931358337402,0.9872186627800883
25,8.850005149841309,-0.6389555931091309,3.905580520629883,0.9868288582675973
25,8.871397972106934,-0.6404581665992737,3.9085519313812256,0.9865402379462832
25,8.892792701721191,-0.6419594883918762,3.911508321762085,0.9863373894269875
25,8.914190292358398,-0.6434602737426758,3.9144504070281982,0.9862231499230593
25,8.935589790344238,-0.6449611186981201,3.917377471923828,0.9860808881416983
25,8.956990242004395,-0.6464623808860779,3.9202890396118164,0.9860195152940618
25,8.978394508361816,-0.6479640007019043,3.9231839179992676,0.9860762485934987
25,8.999800682067871,-0.6494653820991516,3.926060914993286,0.9862616137301586
25,9.021208763122559,-0.6509660482406616,3.9289186000823975,0.9866195484359043
25,9.042620658874512,-0.6524653434753418,3.931755781173706,0.9871343214278614
25,9.064035415649414,-0.6539624929428101,3.9345715045928955,0.9878078315890947
25,9.085453033447266,-0.6554569005966187,3.9373652935028076,0.988646059745845
25,9.106873512268066,-0.6569479703903198,3.940136194229126,0.9896468621627735
25,9.128297805786133,-0.6584354639053345,3.9428839683532715,0.9906910461175354
25,9.149724960327148,-0.659919023513794,3.945608377456665,0.9919186769335165
25,9.171154975891113,-0.6613981127738953,3.9483087062835693,0.9933613717498504
25,9.192588806152344,-0.6628720164299011,3.9509849548339844,0.9949855494853245
25,9.21402645111084,-0.6643399596214294,3.953636646270752,0.9967899485798469
25,9.235467910766602,-0.6658011078834534,3.9562630653381348,0.9987729447061364
25,9.256912231445312,-0.6672545075416565,3.9588634967803955,1.0009326860743235
25,9.278360366821289,-0.6686990261077881,3.9614369869232178,1.0032673361160727
25,9.299813270568848,-0.6701333522796631,3.963982105255127,1.005776286044382
25,9.321269989013672,-0.671556293964386,3.9664976596832275,1.008414855695906
25,9.342731475830078,-0.6729668974876404,3.968982219696045,1.0111687775246074
25,9.364197731018066,-0.6743637919425964,3.9714341163635254,1.0140860889214012
25,9.385668754577637,-0.6757454872131348,3.9738516807556152,1.0171678989494293
25,9.407144546508789,-0.6771104335784912,3.9762332439422607,1.0204086688939342
25,9.42862606048584,-0.6784569621086121,3.978576898574829,1.0237988386727035
25,9.450112342834473,-0.679783284664154,3.98088002204895,1.0273313033165665
25,9.47160530090332,-0.6810877323150635,3.9831409454345703,1.031035646764367
25,9.493103981018066,-0.6823683977127075,3.9853572845458984,1.0348673386710252
25,9.514609336853027,-0.6836234331130981,3.9875264167785645,1.03881712730624
25,9.536120414733887,-0.6848509311676025,3.9896464347839355,1.0428759320633116
25,9.557639122009277,-0.6860491037368774,3.9917144775390625,1.0469472825205173
25,9.579164505004883,-0.6872164011001587,3.9937288761138916,1.0510946465246853
25,9.600696563720703,-0.6883509159088135,3.9956867694854736,1.055326224848336
25,9.622235298156738,-0.6894506812095642,3.9975857734680176,1.0596541435018543
25,9.643781661987305,-0.6905137896537781,3.9994237422943115,1.0640464206988922
25,9.665334701538086,-0.6915384531021118,4.0011982917785645,1.0684856639269462
25,9.686895370483398,-0.6925227046012878,4.002906322479248,1.0729603689775418
25,9.708463668823242,-0.6934647560119629,4.004546165466309,1.0774589358233877
25,9.7300386428833,-0.6943628191947937,4.006115436553955,1.0819705741092804
25,9.751620292663574,-0.695215106010437,4.007611274719238,1.0864839853186767
25,9.773208618164062,-0.6960200071334839,4.009031772613525,1.0909955114027141
25,9.794804573059082,-0.6967759728431702,4.010375022888184,1.0954900493284334
25,9.816407203674316,-0.6974815130233765,4.011638164520264,1.0999503739518672
25,9.83801555633545,-0.6981351971626282,4.012820243835449,1.1043663091585512
25,9.85962963104248,-0.6987355947494507,4.013918876647949,1.1087288165283187
25,9.88124942779541,-0.6992815732955933,4.014932155609131,1.113029300390421
25,9.902874946594238,-0.6997721195220947,4.015859127044678,1.1172153816569999
25,9.924505233764648,-0.7002061009407043,4.016697883605957,1.1213244555874706
25,9.946139335632324,-0.70058274269104,4.0174479484558105,1.125348971524375
25,9.967777252197266,-0.7009012699127197,4.0181074142456055,1.129281350108116
25,9.989418983459473,-0.7011610865592957,4.018675804138184,1.1331158771398873
25,10.011063575744629,-0.7013616561889648,4.01915168762207,1.1368467830655427
25,10.032710075378418,-0.7015026807785034,4.019535541534424,1.1404692779939196
25,10.054359436035156,-0.701583981513977,4.019826412200928,1.1439790718685683
25,10.076008796691895,-0.701605498790741,4.020023822784424,1.1473729718602041
25,10.09765911102295,-0.7015674114227295,4.020127773284912,1.1506377782207624
25,10.119309425354004,-0.7014698386192322,4.020138263702393,1.1537757492945135
25,10.140959739685059,-0.7013131380081177,4.020055294036865,1.156793189084826
25,10.162615776062012,-0.7010976672172546,4.019879341125488,1.1596976186874113
25,10.184340476989746,-0.7008228898048401,4.019609451293945,1.1625019973215953
25,10.206387519836426,-0.7004845142364502,4.01923942565918,1.165234904116854
25,10.229336738586426,-0.7000696659088135,4.018752574920654,1.167944157368248
25,10.25228214263916,-0.6995925903320312,4.018163681030273,1.1704468230183769
25,10.276936531066895,-0.6990124583244324,4.017419338226318,1.1729846175414471
25,10.303820610046387,-0.6983033418655396,4.0164794921875,1.1755902192480776
25,10.330697059631348,-0.697516918182373,4.015408515930176,1.1779323458376028
25,10.359543800354004,-0.6965894103050232,4.014115810394287,1.1802879850323722
25,10.389551162719727,-0.6955364942550659,4.012616157531738,1.1824878248965511
25,10.419547080993652,-0.6943966150283813,4.01096248626709,1.1844893413969917
25,10.449975967407227,-0.6931560635566711,4.009130001068115,1.1864185723368033
25,10.480391502380371,-0.6918351650238037,4.007145881652832,1.1880441176721652
25,10.510892868041992,-0.6904335021972656,4.005006790161133,1.1895868961027602
25,10.541390419006348,-0.6889612078666687,4.002723693847656,1.19095910750747
25,10.571874618530273,-0.6874222755432129,4.00029993057251,1.1921443988971254
25,10.602344512939453,-0.6858235001564026,3.997741460800171,1.193275338811801
25,10.63279914855957,-0.684170126914978,3.99505352973938,1.1941729319269487
25,10.663240432739258,-0.6824669241905212,3.9922397136688232,1.1950115351329722
25,10.693668365478516,-0.6807205080986023,3.9893059730529785,1.1957181693822907
25,10.724081993103027,-0.6789340972900391,3.9862570762634277,1.1961270597629983
25,10.754483222961426,-0.6771131753921509,3.983098030090332,1.1965274968094461
25,10.784871101379395,-0.6752632856369019,3.9798343181610107,1.1967578492773696
25,10.81524658203125,-0.673388659954071,3.9764692783355713,1.1969438355112834
25,10.845609664916992,-0.6714953780174255,3.973008871078491,1.1970965707733943
25,10.875962257385254,-0.6695876121520996,3.969456195831299,1.1970961353341059
25,10.906302452087402,-0.667670726776123,3.965816020965576,1.197123512643956
25,10.936634063720703,-0.6657493710517883,3.9620940685272217,1.196875153569038
25,10.966955184936523,-0.6638266444206238,3.958294153213501,1.1965504647511516
25,10.99726676940918,-0.6619080305099487,3.9544222354888916,1.1962370086509788
25,11.027570724487305,-0.6599978804588318,3.9504811763763428,1.1957740598895399
25,11.057867050170898,-0.6581007838249207,3.9464755058288574,1.1953592309032803
25,11.088156700134277,-0.6562215685844421,3.9424099922180176,1.1948554253498689
25,11.118438720703125,-0.6543635725975037,3.9382870197296143,1.1942385309636212
25,11.14871597290039,-0.6525298357009888,3.934112310409546,1.1935546597097335
25,11.178987503051758,-0.6507233381271362,3.9298880100250244,1.1927267788132823
25,11.20925521850586,-0.6489474773406982,3.92561674118042,1.1919485348424805
25,11.239520072937012,-0.6472054719924927,3.9213008880615234,1.1911007737124284
25,11.269781112670898,-0.6455002427101135,3.9169421195983887,1.1901913879163544
25,11.30004596710205,-0.6438336968421936,3.912541627883911,1.1892290612206111
25,11.330331802368164,-0.6422061920166016,3.9080984592437744,1.1880316643071676
25,11.360614776611328,-0.6406213641166687,3.9036176204681396,1.186861741522962
25,11.390958786010742,-0.63907790184021,3.8990907669067383,1.185605956784186
25,11.421299934387207,-0.6375813484191895,3.8945281505584717,1.18426608645573
25,11.451776504516602,-0.6361269354820251,3.8899099826812744,1.182928266992124
25,11.482498168945312,-0.6347126364707947,3.885220766067505,1.1812385359397104
25,11.51321792602539,-0.6333524584770203,3.880499839782715,1.1795386369989518
25,11.549179077148438,-0.631825864315033,3.8749330043792725,1.1774446211457763
25,11.585138320922852,-0.6303674578666687,3.8693253993988037,1.1749938720880475
25,11.65028190612793,-0.6278948187828064,3.8590729236602783,1.1708798660871866
25,11.71541690826416,-0.6256474256515503,3.8487095832824707,1.1662688929594274
25,11.786316871643066,-0.6234520077705383,3.8373160362243652,1.1611604601032435
25,11.91443157196045,-0.6200688481330872,3.816544532775879,1.150988470961185
25,12.042542457580566,-0.6174176335334778,3.795645236968994,1.1419176754793754
25,12.162775993347168,-0.6155258417129517,3.776148796081543,1.1342312454852037
25,12.283394813537598,-0.6141384243965149,3.7568697929382324,1.1276694128101672
25,12.404083251953125,-0.6132010817527771,3.7379984855651855,1.1219328455174808
25,12.525039672851562,-0.612640917301178,3.7196109294891357,1.1163618670131532
25,12.646081924438477,-0.6124201416969299,3.7017948627471924,1.1119681185250878
25,12.76729965209961,-0.612474262714386,3.684591054916382,1.1083082873502117
25,12.819719314575195,-0.6125715374946594,3.677353620529175,1.1070702144975262
26,1.2634330987930298,-0.6387391686439514,1.0978702306747437,1.0126881339088232
26,1.384973168373108,-0.6389128565788269,1.1117300987243652,1.0181433755496117
26,1.4671217203140259,-0.6390313506126404,1.1215955018997192,1.0219909029505887
26,1.5887162685394287,-0.6392078399658203,1.1359922885894775,1.0270879005164575
26,1.6775531768798828,-0.6393378376960754,1.1460676193237305,1.03070833238119
26,1.7994035482406616,-0.6395222544670105,1.1583564281463623,1.0353703290217555
26,1.921460747718811,-0.6397183537483215,1.1683629751205444,1.0394084818548102
26,2.0437517166137695,-0.6399372220039368,1.1749752759933472,1.0433996170805233
26,2.1661884784698486,-0.6401894688606262,1.1777222156524658,1.0459306612115227
26,2.288647413253784,-0.6404868364334106,1.1762090921401978,1.048731437872792
26,2.4109930992126465,-0.6408388018608093,1.1707204580307007,1.0511803384874352
26,2.53312611579895,-0.6412485241889954,1.1616286039352417,1.0540396259979294
26,2.6550276279449463,-0.6417146325111389,1.1498304605484009,1.0574484077708148
26,2.776716709136963,-0.6422333121299744,1.1359984874725342,1.0623011440232992
26,2.8982362747192383,-0.6428021192550659,1.1207513809204102,1.068748033020512
26,3.019630193710327,-0.6434204578399658,1.1045323610305786,1.077779249630205
26,3.140911340713501,-0.6440895795822144,1.0874921083450317,1.0917116634081248
26,3.262078046798706,-0.6448113322257996,1.0696581602096558,1.109677740360712
26,3.3830726146698,-0.6455919146537781,1.0506974458694458,1.1369132621777325
26,3.4643943309783936,-0.646155059337616,1.0372123718261719,1.1582226874963721
26,3.584925413131714,-0.6471318006515503,1.015515923500061,1.1996944159504601
26,3.6512527465820312,-0.6477665901184082,1.002655267715454,1.2255932399032132
26,3.770998477935791,-0.6491996049880981,0.9771038293838501,1.2763140772147217
26,3.8900160789489746,-0.6510632634162903,0.9483724236488342,1.331717101640255
26,4.008080005645752,-0.6530508995056152,0.9167871475219727,1.385217533644218
26,4.108531475067139,-0.6545972228050232,0.8879266381263733,1.4267800282879028
26,4.2247090339660645,-0.6554487943649292,0.8536232709884644,1.4718108713300728
26,4.289079189300537,-0.6553195118904114,0.834324300289154,1.4899613188259806
26,4.402132511138916,-0.6536884903907776,0.800947368144989,1.5058996802700475
26,4.478932857513428,-0.651553213596344,0.7784907221794128,1.5102158770592617
26,4.586270809173584,-0.6474524140357971,0.7484147548675537,1.5068572619912453
26,4.639970779418945,-0.6451146602630615,0.7339962720870972,1.5027505120768514
26,4.740222930908203,-0.6414931416511536,0.7101880311965942,1.4916519682307479
26,4.788520336151123,-0.6400734782218933,0.7005842924118042,1.49544228723093
26,4.884090423583984,-0.6376272439956665,0.6873829364776611,1.5195595588381332
26,4.980385780334473,-0.6349394917488098,0.6814358234405518,1.5642726984606594
26,5.010229110717773,-0.6339535117149353,0.6809325218200684,1.578606163935538
26,5.1061530113220215,-0.6304523348808289,0.6806947588920593,1.609013783671302
26,5.1599955558776855,-0.628307580947876,0.6809982061386108,1.619778511344773
26,5.257885456085205,-0.6244668364524841,0.6808804273605347,1.6364459786862973
26,5.358030796051025,-0.6207573413848877,0.6822195649147034,1.6544666592703627
26,5.457892417907715,-0.6174753904342651,0.6895694732666016,1.6635563711080483
26,5.490687847137451,-0.6165385246276855,0.6941078305244446,1.6633952425206002
26,5.5913591384887695,-0.6144611835479736,0.7174562811851501,1.63446454612582
26,5.635295391082764,-0.6140366792678833,0.7325994372367859,1.6063293463006767
26,5.730621337890625,-0.6145802140235901,0.7743973731994629,1.5360996137161878
26,5.80303430557251,-0.6162221431732178,0.8125849366188049,1.4580769379638223
26,5.894515514373779,-0.6195443868637085,0.863193929195404,1.356461000036834
26,5.986888408660889,-0.6240069270133972,0.9115168452262878,1.2674855003066525
26,6.082146167755127,-0.6299599409103394,0.9535501003265381,1.1879772389164607
26,6.179744720458984,-0.6377386450767517,0.9866572022438049,1.1319134445507104
26,6.26661491394043,-0.6463477611541748,1.0083202123641968,1.0934703447000846
26,6.3675103187561035,-0.6588743925094604,1.0258610248565674,1.0545373699729832
26,6.468596458435059,-0.6750211715698242,1.036681890487671,1.0214967178644359
26,6.568266868591309,-0.6957910656929016,1.0411421060562134,1.0026076940107447
26,6.663604259490967,-0.7217876315116882,1.0395491123199463,1.0056027273236754
26,6.676365375518799,-0.7257883548736572,1.0389084815979004,1.0077544310764595
26,6.689486503601074,-0.7300412058830261,1.038143277168274,1.0111078339280968
26,6.703393459320068,-0.734693169593811,1.0372169017791748,1.0159249281907778
26,6.727427959442139,-0.7430622577667236,1.0353635549545288,1.0262733367868346
26,6.751120090484619,-0.7517129182815552,1.0332545042037964,1.0391703141023192
26,6.774613857269287,-0.7606633901596069,1.0309207439422607,1.0543908368436512
26,6.797891616821289,-0.7698655724525452,1.0284123420715332,1.071547684887482
26,6.820993900299072,-0.7792889475822449,1.0257797241210938,1.090652321209981
26,6.844070911407471,-0.7889437079429626,1.0230525732040405,1.1105850575652247
26,6.867459774017334,-0.7989132404327393,1.0202412605285645,1.132423380477772
26,6.8903489112854,-0.8088046908378601,1.0174840688705444,1.1539925640358772
26,6.913230895996094,-0.8187688589096069,1.0147546529769897,1.1762635112919069
26,6.935852527618408,-0.8286367654800415,1.0121287107467651,1.1974627891226703
26,6.959077835083008,-0.8387177586555481,1.009526252746582,1.2170187941266977
26,6.982680320739746,-0.8488402366638184,1.0070117712020874,1.2359703257223158
26,7.006314754486084,-0.8588182330131531,1.004644751548767,1.253701597378636
26,7.030039310455322,-0.86864173412323,1.0024253129959106,1.2703082626639843
26,7.053796768188477,-0.878251314163208,1.000387191772461,1.2853251156844099
26,7.077661514282227,-0.8876516222953796,0.9985197186470032,1.298608578533914
26,7.1015825271606445,-0.8968005180358887,0.9968371391296387,1.3101867589377347
26,7.125610828399658,-0.9056990146636963,0.9953455328941345,1.3198328741671668
26,7.14975118637085,-0.9143387079238892,0.9940317273139954,1.3277048697322686
26,7.173945426940918,-0.9226889610290527,0.9929051995277405,1.3337599959669768
26,7.198187828063965,-0.9307425618171692,0.9919649362564087,1.337916950939064
26,7.222533226013184,-0.9385195970535278,0.9911922216415405,1.340268434167628
26,7.246913909912109,-0.9460012912750244,0.9905869364738464,1.3408331711964458
26,7.2713212966918945,-0.9531925320625305,0.9901432991027832,1.3396046360047649
26,7.295813083648682,-0.9601207375526428,0.98984295129776,1.3365414089690382
26,7.320317268371582,-0.9667778611183167,0.9896770119667053,1.3316251942381736
26,7.344824314117432,-0.97318035364151,0.9896366596221924,1.32481518551011
26,7.369325637817383,-0.9793443083763123,0.9897180795669556,1.3163841717080438
26,7.393898963928223,-0.9853054285049438,0.9899083971977234,1.305256948240985
26,7.418455600738525,-0.9910513162612915,0.9902092218399048,1.2925450718879157
26,7.442988395690918,-0.9966022968292236,0.990635871887207,1.2794082404420979
26,7.467493057250977,-1.0019689798355103,0.9911262392997742,1.2674425137097045
26,7.4920172691345215,-1.0070745944976807,0.9914271235466003,1.2464571193663434
26,7.5166544914245605,-1.011579155921936,0.9910215139389038,1.2020127092471606
26,7.540902614593506,-1.014897108078003,0.9895254373550415,1.1640726990667953
26,7.562534332275391,-1.0168161392211914,0.9874725937843323,1.154733118832939
26,7.576377868652344,-1.0177072286605835,0.9861346483230591,1.155248023695508
26,7.601159572601318,-1.0192642211914062,0.9845888018608093,1.1745110901757922
26,7.625967502593994,-1.0211141109466553,0.98459392786026,1.201031017123349
26,7.650611877441406,-1.023256778717041,0.9859344959259033,1.2208013067222632
26,7.675130844116211,-1.0255006551742554,0.9879152178764343,1.2297050549972928
26,7.699648380279541,-1.0277053117752075,0.9900288581848145,1.2309929252527518
26,7.7241034507751465,-1.0298186540603638,0.992085874080658,1.2280906353920515
26,7.748499870300293,-1.0318368673324585,0.9940529465675354,1.2229510164040114
26,7.772836208343506,-1.0337765216827393,0.9959288835525513,1.2165151527432676
26,7.797241687774658,-1.035670280456543,0.9977208375930786,1.2091550348763087
26,7.82158899307251,-1.037521481513977,0.9993964433670044,1.2006238844397976
26,7.845881462097168,-1.0393261909484863,1.0009068250656128,1.1905444983079876
26,7.870129108428955,-1.0410493612289429,1.0021727085113525,1.1785168421587078
26,7.894344329833984,-1.0426037311553955,1.0030863285064697,1.1641731628840897
26,7.9185333251953125,-1.043836236000061,1.0035361051559448,1.1477907670195096
26,7.942690849304199,-1.0445793867111206,1.0034884214401245,1.1316426313141674
26,7.966856002807617,-1.0447760820388794,1.0030690431594849,1.1199571041957814
26,7.990965366363525,-1.0445599555969238,1.0025298595428467,1.1137948510069753
26,8.015023231506348,-1.0441606044769287,1.0021036863327026,1.1114234050511593
26,8.039379119873047,-1.04373300075531,1.001948595046997,1.1121855791906283
26,8.063372611999512,-1.043373942375183,1.0022085905075073,1.1167816489523312
26,8.087308883666992,-1.0431324243545532,1.002949833869934,1.1236511031434921
26,8.111183166503906,-1.0430253744125366,1.004115343093872,1.129745568898661
26,8.135177612304688,-1.0430290699005127,1.0055586099624634,1.1332990002196095
26,8.159086227416992,-1.0431087017059326,1.0071146488189697,1.1344129351766468
26,8.182928085327148,-1.0432335138320923,1.0086787939071655,1.1338178598144515
26,8.206846237182617,-1.0433845520019531,1.0101912021636963,1.1317806655537697
26,8.230728149414062,-1.0435466766357422,1.0115798711776733,1.128128662128015
26,8.254578590393066,-1.0436931848526,1.0127685070037842,1.1226863007310008
26,8.278400421142578,-1.0437731742858887,1.0136711597442627,1.115448610356898
26,8.302192687988281,-1.0437105894088745,1.014208436012268,1.1067542654808253
26,8.325948715209961,-1.0434218645095825,1.0143426656723022,1.0977036751136706
26,8.34965991973877,-1.0428603887557983,1.014130711555481,1.089976343263036
26,8.373431205749512,-1.042057752609253,1.0137274265289307,1.0846144047440436
26,8.397154808044434,-1.0411134958267212,1.013303518295288,1.0813460424156118
26,8.420835494995117,-1.040114402770996,1.0129692554473877,1.0794825730820221
26,8.444740295410156,-1.0391002893447876,1.0127933025360107,1.0789841551274642
26,8.46867561340332,-1.0381176471710205,1.0128395557403564,1.0800544272919743
26,8.49233627319336,-1.0372096300125122,1.0131440162658691,1.0823480021513117
26,8.515950202941895,-1.0363781452178955,1.0136957168579102,1.0850496743179514
26,8.539515495300293,-1.0356155633926392,1.0144398212432861,1.087410181324654
26,8.563030242919922,-1.0349050760269165,1.0153006315231323,1.0890789261003184
26,8.58649730682373,-1.0342259407043457,1.0162056684494019,1.0898563220585944
26,8.609864234924316,-1.0335581302642822,1.0170965194702148,1.0898217421808678
26,8.633180618286133,-1.032883882522583,1.017926573753357,1.0890171912981175
26,8.65644645690918,-1.0321862697601318,1.0186388492584229,1.0871518782503835
26,8.679659843444824,-1.0314395427703857,1.0191673040390015,1.084072037442492
26,8.702817916870117,-1.0306094884872437,1.0194590091705322,1.0800392888679744
26,8.72591495513916,-1.0296666622161865,1.0195130109786987,1.0758424773663842
26,8.749334335327148,-1.0285866260528564,1.0193960666656494,1.072293317924243
26,8.772741317749023,-1.0274062156677246,1.0192118883132935,1.0695827836711462
26,8.795764923095703,-1.0261812210083008,1.01904296875,1.0675777942796143
26,8.818724632263184,-1.0249266624450684,1.0189329385757446,1.0661643830583711
26,8.841538429260254,-1.0236676931381226,1.0189131498336792,1.0653733341047615
26,8.864334106445312,-1.0224117040634155,1.0190045833587646,1.0651533305166019
26,8.887113571166992,-1.0211684703826904,1.0192183256149292,1.065411691734915
26,8.90987491607666,-1.0199427604675293,1.019552230834961,1.066006722026681
26,8.9326171875,-1.0187337398529053,1.0199910402297974,1.066763282213924
26,8.955340385437012,-1.0175350904464722,1.020508050918579,1.0675013101300985
26,8.978026390075684,-1.016337513923645,1.0210692882537842,1.0680108563280335
26,9.000692367553711,-1.0151309967041016,1.0216403007507324,1.0682516628722827
26,9.02333927154541,-1.013906478881836,1.0221937894821167,1.068226781561506
26,9.045965194702148,-1.0126527547836304,1.0227065086364746,1.0678284073854993
26,9.068571090698242,-1.0113593339920044,1.0231610536575317,1.0669812106009724
26,9.091154098510742,-1.0100181102752686,1.0235514640808105,1.0656908894983677
26,9.113691329956055,-1.0086253881454468,1.0238856077194214,1.0640905969430636
26,9.136204719543457,-1.0071784257888794,1.0241841077804565,1.0624058681393376
26,9.15869140625,-1.005681037902832,1.0244719982147217,1.0607915726943407
26,9.18115234375,-1.0041414499282837,1.0247750282287598,1.0593458503824378
26,9.203585624694824,-1.0025691986083984,1.0251156091690063,1.0581206334881348
26,9.225991249084473,-1.0009734630584717,1.0255112648010254,1.0571516892827233
26,9.24834156036377,-0.9993632435798645,1.0259743928909302,1.056482237842782
26,9.270628929138184,-0.9977450370788574,1.0265123844146729,1.0560696565497039
26,9.292886734008789,-0.9961197972297668,1.0271282196044922,1.0558558161541036
26,9.315115928649902,-0.9944891929626465,1.0278186798095703,1.0557754077700356
26,9.337313652038574,-0.9928528666496277,1.0285768508911133,1.0557502906600182
26,9.359478950500488,-0.9912088513374329,1.0293927192687988,1.0556970875173632
26,9.381613731384277,-0.9895542860031128,1.0302549600601196,1.055537858483102
26,9.403714179992676,-0.9878861904144287,1.031152606010437,1.0552121755747452
26,9.425782203674316,-0.9862022399902344,1.0320777893066406,1.0546870888698758
26,9.44781494140625,-0.9845006465911865,1.0330262184143066,1.0539528307608483
26,9.469813346862793,-0.9827801585197449,1.0339972972869873,1.0530156426654003
26,9.491774559020996,-0.9810400605201721,1.0349937677383423,1.0518943606660083
26,9.513699531555176,-0.9792805910110474,1.0360208749771118,1.0506169834064956
26,9.535587310791016,-0.9775031208992004,1.0370852947235107,1.0492153622957727
26,9.557435989379883,-0.9757095575332642,1.0381945371627808,1.047721365055188
26,9.579245567321777,-0.9739023447036743,1.0393562316894531,1.0461754130874246
26,9.601007461547852,-0.9720848798751831,1.0405774116516113,1.0445975992516208
26,9.622732162475586,-0.9702588319778442,1.041864037513733,1.0429935201352456
26,9.644417762756348,-0.9684264063835144,1.0432202816009521,1.041366788986883
26,9.66606330871582,-0.9665891528129578,1.0446486473083496,1.0397106373193155
26,9.68766975402832,-0.964747965335846,1.0461491346359253,1.0380096160332741
26,9.709237098693848,-0.9629030823707581,1.0477200746536255,1.0362430449078426
26,9.730766296386719,-0.9610540866851807,1.0493583679199219,1.0343864293260066
26,9.752273559570312,-0.9591987729072571,1.0510609149932861,1.032412618125552
26,9.773771286010742,-0.9573350548744202,1.0528241395950317,1.0302852097003352
26,9.79526424407959,-0.9554615020751953,1.0546437501907349,1.02797375479546
26,9.816751480102539,-0.9535772800445557,1.0565158128738403,1.0254834649949713
26,9.83823299407959,-0.9516817331314087,1.0584369897842407,1.0228119357882266
26,9.859709739685059,-0.9497742056846619,1.0604052543640137,1.019963580390981
26,9.881180763244629,-0.9478546977043152,1.0624195337295532,1.016959078413139
26,9.9026460647583,-0.9459230303764343,1.0644797086715698,1.0137916355500767
26,9.92410659790039,-0.9439793229103088,1.066585898399353,1.0104846485798962
26,9.945560455322266,-0.9420233964920044,1.0687388181686401,1.007028277441557
26,9.967009544372559,-0.9400556087493896,1.0709387063980103,1.0034407787897577
26,9.988451957702637,-0.9380761981010437,1.0731855630874634,0.9997279803689375
26,10.009888648986816,-0.9360852241516113,1.0754790306091309,0.9958941944690601
26,10.031318664550781,-0.9340828061103821,1.0778179168701172,0.9919417953204516
26,10.052743911743164,-0.9320685863494873,1.080200433731079,0.9878714463398213
26,10.074162483215332,-0.9300422668457031,1.0826241970062256,0.9836798096195913
26,10.095575332641602,-0.9280032515525818,1.0850863456726074,0.9793593557139829
26,10.116983413696289,-0.9259506464004517,1.0875840187072754,0.9749189238001444
26,10.138385772705078,-0.9238836169242859,1.090113878250122,0.9703666103988483
26,10.159790992736816,-0.9218001961708069,1.0926735401153564,0.9657029942608432
26,10.18126106262207,-0.9196928143501282,1.0952677726745605,0.960884918750393
26,10.203045845031738,-0.9175350666046143,1.0979242324829102,0.9558552128564524
26,10.22572135925293,-0.915266752243042,1.100711703300476,0.9504854876594384
26,10.248391151428223,-0.91297447681427,1.1035182476043701,0.9450390398241334
26,10.272749900817871,-0.9104822874069214,1.1065523624420166,0.939114064617289
26,10.299310684204102,-0.9077277183532715,1.109877586364746,0.9325768807992866
26,10.325864791870117,-0.9049323797225952,1.1132162809371948,0.9259459665394552
26,10.354368209838867,-0.9018814563751221,1.1168097257614136,0.9187320321166338
26,10.384021759033203,-0.8986459970474243,1.1205523014068604,0.911102312645257
26,10.413668632507324,-0.8953432440757751,1.1242921352386475,0.9033830087677166
26,10.443747520446777,-0.8919135928153992,1.1280754804611206,0.8954419356546729
26,10.473817825317383,-0.8883978128433228,1.1318403482437134,0.887413010044204
26,10.503978729248047,-0.8847730755805969,1.1355904340744019,0.8792899926693473
26,10.534140586853027,-0.8810375928878784,1.1393072605133057,0.8711247168332606
26,10.564292907714844,-0.8771818280220032,1.142983317375183,0.8629266550900654
26,10.594432830810547,-0.8731909394264221,1.1466115713119507,0.8547373256762929
26,10.62455940246582,-0.8690546154975891,1.1501867771148682,0.8466033958132668
26,10.654669761657715,-0.8647596836090088,1.1537030935287476,0.8384855851105678
26,10.68476390838623,-0.8602937459945679,1.1571563482284546,0.8304348976088961
26,10.714837074279785,-0.8556466102600098,1.1605430841445923,0.8224349147269016
26,10.744888305664062,-0.8508067727088928,1.1638606786727905,0.8144999373237387
26,10.774914741516113,-0.8457663059234619,1.1671077013015747,0.8066914519844582
26,10.804912567138672,-0.8405171632766724,1.170283317565918,0.7989547931136861
26,10.834878921508789,-0.8350532650947571,1.1733886003494263,0.7912897531781078
26,10.864811897277832,-0.8293687105178833,1.176424264907837,0.78367366255786
26,10.894707679748535,-0.8234598636627197,1.179394006729126,0.7761297498807208
26,10.92456340789795,-0.8173242211341858,1.1823004484176636,0.7686317759101227
26,10.954377174377441,-0.8109597563743591,1.1851485967636108,0.7611754152703015
26,10.984146118164062,-0.8043645024299622,1.1879445314407349,0.7536529154570599
26,11.013866424560547,-0.7975348830223083,1.1906930208206177,0.746128970327873
26,11.043536186218262,-0.7904714941978455,1.193402886390686,0.7386040258460504
26,11.073150634765625,-0.7831698060035706,1.196079969406128,0.7309212322005965
26,11.102705955505371,-0.7756260633468628,1.1987330913543701,0.7232366003049535
26,11.13219928741455,-0.7678359150886536,1.2013705968856812,0.7153930150022055
26,11.161624908447266,-0.7597932815551758,1.2039995193481445,0.7075116655465551
26,11.19097900390625,-0.7514896988868713,1.2066287994384766,0.6995024927322291
26,11.220254898071289,-0.742915153503418,1.2092636823654175,0.691412849978233
26,11.249446868896484,-0.7340607047080994,1.2119114398956299,0.6833779413633777
26,11.278548240661621,-0.7249133586883545,1.2145745754241943,0.6750760656693516
26,11.307557106018066,-0.7154597640037537,1.2172558307647705,0.6669556892404033
26,11.336484909057617,-0.7056867480278015,1.2199534177780151,0.6587354957225857
26,11.365301132202148,-0.6955902576446533,1.2226601839065552,0.6506185217252902
26,11.394063949584961,-0.6851506233215332,1.2253690958023071,0.6426665756045882
26,11.422709465026855,-0.6743881106376648,1.2280588150024414,0.6347516840519551
26,11.451373100280762,-0.663269579410553,1.230715036392212,0.6272158998145034
26,11.480167388916016,-0.6517819166183472,1.2333049774169922,0.619282467032679
26,11.508874893188477,-0.6400489211082458,1.2357643842697144,0.6117754668614037
26,11.54240894317627,-0.6260875463485718,1.2384282350540161,0.6029688693436757
26,11.575892448425293,-0.6119541525840759,1.2408145666122437,0.5949978592112498
26,11.609420776367188,-0.5978694558143616,1.242811918258667,0.5872015925014679
26,11.670379638671875,-0.5727177262306213,1.2453029155731201,0.5746873116081371
26,11.737358093261719,-0.5467618703842163,1.2463144063949585,0.5616935282933532
26,11.765701293945312,-0.5369694232940674,1.2460377216339111,0.5541039693753174
26,11.803933143615723,-0.5238210558891296,1.2456392049789429,0.5482425183729586
26,11.928783416748047,-0.48838236927986145,1.2442599534988403,0.5177325749786651
26,11.995984077453613,-0.4745420813560486,1.2438939809799194,0.4980073474416301
26,12.117018699645996,-0.4617559015750885,1.2454586029052734,0.4619391824187172
26,12.160787582397461,-0.46162188053131104,1.2464911937713623,0.45207509507939636
26,12.282051086425781,-0.47503146529197693,1.2468618154525757,0.4448995235999304
26,12.399404525756836,-0.5075300931930542,1.239123821258545,0.4639322983111876
26,12.511415481567383,-0.5516835451126099,1.217966914176941,0.4956486840550047
26,12.552582740783691,-0.5708447694778442,1.2065337896347046,0.5031370811767713
26,12.65550708770752,-0.625015139579773,1.1685402393341064,0.510879085098355
26,12.705288887023926,-0.6545206308364868,1.144227385520935,0.5125828774814496
26,12.744876861572266,-0.6796277761459351,1.1214942932128906,0.5111464030210918
26,12.79249095916748,-0.7107316851615906,1.0895144939422607,0.5090842988688045
26,12.877251625061035,-0.7637490630149841,1.0189558267593384,0.5150899266556315
27,1.6369915008544922,-0.003995150327682495,2.3067588806152344,1.0299599289312702
27,1.6859151124954224,-0.003987533506006002,2.309058904647827,1.0317363919536287
27,1.8082937002182007,-0.003966955933719873,2.3137662410736084,1.036122675193335
27,1.9307233095169067,-0.00394470663741231,2.316863536834717,1.03964127289132
27,2.0531911849975586,-0.0039224629290401936,2.3179221153259277,1.042869725162288
27,2.175658702850342,-0.0039015868678689003,2.3167903423309326,1.0440115233349376
27,2.298083543777466,-0.0038833264261484146,2.3133633136749268,1.0443893685038348
27,2.420428991317749,-0.0038686911575496197,2.3077778816223145,1.0433077922431953
27,2.5426673889160156,-0.0038579620886594057,2.300194263458252,1.0404218925407533
27,2.6647911071777344,-0.0038510931190103292,2.290942907333374,1.036854026566498
27,2.786803960800171,-0.0038475540932267904,2.2803268432617188,1.0315762192191948
27,2.9087107181549072,-0.0038469205610454082,2.2685513496398926,1.0256625178957044
27,3.0305233001708984,-0.003848380409181118,2.255837917327881,1.0190060117383408
27,3.1522433757781982,-0.003851306391879916,2.2422678470611572,1.0111025990677909
27,3.2738749980926514,-0.0038548284210264683,2.227926254272461,1.0027068039858447
27,3.3954174518585205,-0.003857944393530488,2.2128467559814453,0.9928441414461431
27,3.5168659687042236,-0.0038596829399466515,2.1970276832580566,0.9815538807889065
27,3.6382172107696533,-0.0038579388055950403,2.18048095703125,0.9689329216510362
27,3.759467363357544,-0.003850593464449048,2.1632065773010254,0.9527723629711552
27,3.8805932998657227,-0.003834564471617341,2.145219326019287,0.9345221136118796
27,4.001410484313965,-0.0038042645901441574,2.1266536712646484,0.9118045264359286
27,4.122135639190674,-0.0037536355666816235,2.1075007915496826,0.8854192428397473
27,4.241757869720459,-0.0036690288688987494,2.0883677005767822,0.8562741488586196
27,4.361449718475342,-0.0035342585761100054,2.06967830657959,0.8257483239595184
27,4.4399285316467285,-0.003409141907468438,2.058091640472412,0.8053458105782496
27,4.550518035888672,-0.003168427152559161,2.0434818267822266,0.7796451591299495
27,4.661441802978516,-0.0028355687391012907,2.0316922664642334,0.7573088326378583
27,4.76424503326416,-0.0024311188608407974,2.0242621898651123,0.7409173904286732
27,4.859365940093994,-0.0019760029390454292,2.020935297012329,0.732643963204063
27,4.954543113708496,-0.0014585978351533413,2.0213167667388916,0.7301758134803488
27,5.044449806213379,-0.0009460143046453595,2.0250790119171143,0.7331445665730125
27,5.131753921508789,-0.00046175732859410346,2.031665325164795,0.7403376748345585
27,5.218053340911865,-2.5859913876047358e-05,2.0406758785247803,0.7507730413556326
27,5.304068088531494,0.0003493995754979551,2.051762819290161,0.763694178113662
27,5.3922905921936035,0.0006673195748589933,2.064894199371338,0.7785015972061753
27,5.480305194854736,0.0009211351862177253,2.079359531402588,0.7933393207435943
27,5.571496963500977,0.0011312059359624982,2.095412015914917,0.8077269047945449
27,5.665646553039551,0.0013133315369486809,2.11281418800354,0.820861188386447
27,5.763442516326904,0.0014983206056058407,2.1315979957580566,0.8318396749856427
27,5.861112594604492,0.0017121646087616682,2.1510255336761475,0.8395117661165958
27,5.959904670715332,0.0019890605472028255,2.171373128890991,0.8450533764871431
27,6.060021877288818,0.0023473594337701797,2.192770004272461,0.8489640464649925
27,6.159674644470215,0.0027820304967463017,2.214952230453491,0.8508201452674783
27,6.259110927581787,0.003274069167673588,2.238084554672241,0.8518260601642897
27,6.358153820037842,0.0037798138801008463,2.2623369693756104,0.8524666107984181
27,6.4562554359436035,0.0041955504566431046,2.2877988815307617,0.8529782088265836
27,6.553951740264893,0.004365335684269667,2.314774990081787,0.8538595405317185
27,6.633297443389893,0.004209471400827169,2.3379929065704346,0.855294034411506
27,6.729954242706299,0.0033785360865294933,2.3681018352508545,0.8582727784637333
27,6.825985431671143,0.001515813171863556,2.4001030921936035,0.8623616374816133
27,6.851580619812012,0.0007606891449540854,2.408966541290283,0.8639187073575746
27,6.874281406402588,-1.2703304491878953e-05,2.416943073272705,0.8655201084006351
27,6.89669132232666,-0.0008808733546175063,2.4249212741851807,0.8673489147132328
27,6.919066429138184,-0.0018592376727610826,2.432983636856079,0.8693677452557678
27,6.941208362579346,-0.002942051738500595,2.4410526752471924,0.8715279120738354
27,6.963175296783447,-0.004137842450290918,2.4491374492645264,0.8738842891629847
27,6.98501443862915,-0.005454108584672213,2.4572436809539795,0.8762795888449088
27,7.006810665130615,-0.006899317726492882,2.4653940200805664,0.8788491232174981
27,7.028480529785156,-0.008473828434944153,2.473541259765625,0.8815133032375796
27,7.050051212310791,-0.010183910839259624,2.4816832542419434,0.8840305140891309
27,7.071506023406982,-0.012032235972583294,2.4898014068603516,0.88653550326402
27,7.0929484367370605,-0.014031477272510529,2.497915506362915,0.8889273326362291
27,7.114291667938232,-0.016177456825971603,2.5059828758239746,0.8909518005582995
27,7.135568618774414,-0.01847725920379162,2.5139997005462646,0.892677548876995
27,7.156787395477295,-0.02093307115137577,2.5219509601593018,0.8940339222047016
27,7.177943706512451,-0.023548664525151253,2.52982759475708,0.8945849496108087
27,7.199103832244873,-0.026330269873142242,2.537637710571289,0.8945500541941925
27,7.220226287841797,-0.029270101338624954,2.545349359512329,0.89366656549457
27,7.241314888000488,-0.03237023577094078,2.552957773208618,0.8919802711264473
27,7.262391567230225,-0.035626091063022614,2.560458183288574,0.8897554581618191
27,7.283480167388916,-0.03903725743293762,2.5678539276123047,0.885683958771251
27,7.304555416107178,-0.04259714111685753,2.575132131576538,0.8807159383867494
27,7.3256378173828125,-0.04629790410399437,2.5822956562042236,0.8750932328152309
27,7.346741676330566,-0.05013751983642578,2.589348316192627,0.8676774752548457
27,7.36785888671875,-0.054107632488012314,2.5962846279144287,0.8594306533798487
27,7.388989448547363,-0.05818896368145943,2.6031060218811035,0.8500111343946686
27,7.410134792327881,-0.0623733326792717,2.6098172664642334,0.8380161564502725
27,7.4312944412231445,-0.06665251404047012,2.616422653198242,0.8249317896594901
27,7.452469348907471,-0.07100414484739304,2.6229357719421387,0.810962755196714
27,7.473657131195068,-0.07541222870349884,2.6293694972991943,0.7945091027176944
27,7.494857311248779,-0.07986177504062653,2.6357319355010986,0.7767414989229381
27,7.5160698890686035,-0.08432009816169739,2.642047166824341,0.7570408941129407
27,7.537292957305908,-0.08875562995672226,2.6483428478240967,0.734702455617535
27,7.558526992797852,-0.09314016997814178,2.6546387672424316,0.7102544138500777
27,7.579771041870117,-0.09741371870040894,2.660975694656372,0.6847993956485049
27,7.60102653503418,-0.10149656981229782,2.6673998832702637,0.6576372414907187
27,7.622298717498779,-0.1052972674369812,2.6739397048950195,0.6280681641052364
27,7.643590927124023,-0.10867979377508163,2.6806411743164062,0.5970084589306324
27,7.664898872375488,-0.11146340519189835,2.6875624656677246,0.5651495498498965
27,7.686199188232422,-0.1134287491440773,2.6947789192199707,0.5307860522859771
27,7.705233573913574,-0.11428806185722351,2.7015838623046875,0.5021068506009813
27,7.726365566253662,-0.11395466327667236,2.7095139026641846,0.4726917740280797
27,7.7475056648254395,-0.11218518763780594,2.7170650959014893,0.43334151107151936
27,7.757486820220947,-0.11092305183410645,2.7200913429260254,0.3981198088097695
27,7.779596328735352,-0.1079917773604393,2.7224466800689697,0.3115625694116972
27,7.793344020843506,-0.10708194226026535,2.71750545501709,0.2786032822441479
27,7.801250457763672,-0.10750487446784973,2.7089242935180664,0.3003960770170078
27,7.806743621826172,-0.10877864807844162,2.69643497467041,0.3383670433316303
27,7.8094940185546875,-0.11128473281860352,2.6742427349090576,0.40981993996038396
27,7.807267189025879,-0.11335393041372299,2.651899814605713,0.4810810307705881
27,7.8019232749938965,-0.11467602103948593,2.6300177574157715,0.5552345463049447
27,7.794422149658203,-0.1152874082326889,2.6087405681610107,0.6362814895525383
27,7.785114288330078,-0.11508291214704514,2.588184356689453,0.6935502971345819
27,7.777627468109131,-0.11419621109962463,2.5745787620544434,0.7370858658755924
27,7.765151500701904,-0.11174572259187698,2.5559377670288086,0.819635599538513
27,7.750925064086914,-0.10799530893564224,2.538832664489746,0.8405051535736054
27,7.740692138671875,-0.10473460704088211,2.528547525405884,0.8619755187360488
27,7.730152606964111,-0.10096144676208496,2.519237756729126,0.8454862191077462
27,7.719542026519775,-0.09711295366287231,2.510852575302124,0.807233218040441
27,7.710658073425293,-0.09382261335849762,2.504450559616089,0.7782728051340764
27,7.692531108856201,-0.0878944993019104,2.4923768043518066,0.6683125349080631
27,7.673703193664551,-0.08383909612894058,2.4806206226348877,0.5657838010994151
27,7.654745101928711,-0.08380252122879028,2.468465805053711,0.4766944057727696
27,7.637114524841309,-0.08885376900434494,2.4554007053375244,0.44885271831763185
27,7.630728244781494,-0.0924346074461937,2.4497475624084473,0.44915664796817656
27,7.617251873016357,-0.10328425467014313,2.4352831840515137,0.47845310703628824
27,7.606583118438721,-0.11567763239145279,2.41973876953125,0.5119167998302256
27,7.59809684753418,-0.12852886319160461,2.403237819671631,0.5536131440237189
27,7.591091632843018,-0.14110015332698822,2.3858447074890137,0.5903450565297773
27,7.58505392074585,-0.15297061204910278,2.367608070373535,0.6240130061146356
27,7.579487323760986,-0.1638098955154419,2.348599910736084,0.6520674417543502
27,7.573937892913818,-0.1733885407447815,2.3289122581481934,0.6782806234935053
27,7.568011283874512,-0.18162675201892853,2.3087308406829834,0.7034689008959367
27,7.561320781707764,-0.1885785013437271,2.2883083820343018,0.7273676115906423
27,7.553504467010498,-0.194355770945549,2.2679123878479004,0.7503629292769477
27,7.5442376136779785,-0.19919757544994354,2.247884511947632,0.7726852299920758
27,7.533310890197754,-0.20348656177520752,2.2285807132720947,0.7984439814112259
27,7.523519039154053,-0.20677447319030762,2.214157819747925,0.8214092600567088
27,7.509510517120361,-0.21121026575565338,2.197021722793579,0.8578835554195074
27,7.493865013122559,-0.21607276797294617,2.1814987659454346,0.9078620540073296
27,7.476752758026123,-0.22138889133930206,2.1677768230438232,0.9741697839847647
27,7.458441734313965,-0.22693681716918945,2.1558032035827637,1.0568521382627194
27,7.439253330230713,-0.23251362144947052,2.145303726196289,1.149314452495518
27,7.419449329376221,-0.2378559410572052,2.135873556137085,1.254472852423816
27,7.399275779724121,-0.2428855001926422,2.1270740032196045,1.3638401713558883
27,7.378981590270996,-0.24763223528862,2.118393898010254,1.474158720285044
27,7.358842849731445,-0.25228631496429443,2.1093127727508545,1.56551162616393
27,7.33922815322876,-0.25723031163215637,2.0992937088012695,1.624778366702942
27,7.3204193115234375,-0.2625318467617035,2.0879971981048584,1.6723435738319177
27,7.302660942077637,-0.26829448342323303,2.0753140449523926,1.7064720452269164
27,7.286172389984131,-0.2745412290096283,2.0612239837646484,1.7295922638785015
27,7.271044731140137,-0.28129538893699646,2.0458948612213135,1.7201103094171393
27,7.257248401641846,-0.28857946395874023,2.029581308364868,1.7075589494210648
27,7.244760513305664,-0.29637473821640015,2.012455701828003,1.6868592604261228
27,7.2333760261535645,-0.30474430322647095,1.9947173595428467,1.6608051300480338
27,7.222703456878662,-0.3137345016002655,1.9765920639038086,1.6387792934230858
27,7.21259069442749,-0.3235186040401459,1.958192229270935,1.616259626534105
27,7.202970504760742,-0.33409664034843445,1.9398376941680908,1.6049868504516338
27,7.193672180175781,-0.34549200534820557,1.921630620956421,1.5977108585151845
27,7.18471622467041,-0.35769426822662354,1.9036250114440918,1.5970383302259406
27,7.175962448120117,-0.37084364891052246,1.885599970817566,1.6019320394134025
27,7.16765832901001,-0.38469070196151733,1.8677202463150024,1.6084080702930836
27,7.159943103790283,-0.3990842401981354,1.8498094081878662,1.613840002396212
27,7.153033256530762,-0.41383230686187744,1.831676959991455,1.6108909472469315
27,7.14717435836792,-0.42875558137893677,1.812997579574585,1.602007518461993
27,7.142698764801025,-0.44361963868141174,1.7935447692871094,1.5802015559289455
27,7.139976501464844,-0.4579614996910095,1.7733914852142334,1.5498907520547047
27,7.139294147491455,-0.4716033339500427,1.7524158954620361,1.5207153645399283
27,7.140738010406494,-0.4840017557144165,1.731290578842163,1.4905082294104135
27,7.144331932067871,-0.495490163564682,1.7094535827636719,1.4636960734568059
27,7.149932861328125,-0.5057472586631775,1.687438726425171,1.436138351086602
27,7.157216548919678,-0.5147931575775146,1.6655677556991577,1.4058401582252926
27,7.165934085845947,-0.5227131247520447,1.6439460515975952,1.3768057945867793
27,7.175899028778076,-0.5296358466148376,1.6225322484970093,1.3433008360508665
27,7.186954975128174,-0.5357066988945007,1.6012661457061768,1.3061716742478973
27,7.198835849761963,-0.5409303307533264,1.5803853273391724,1.2704501827651022
27,7.211478233337402,-0.545377254486084,1.5597853660583496,1.233336258226222
27,7.224727630615234,-0.5490500926971436,1.5395745038986206,1.1969179812438329
27,7.238602161407471,-0.5519546866416931,1.5196715593338013,1.158560475777999
27,7.2530951499938965,-0.5540558099746704,1.5001224279403687,1.122157897774125
27,7.268126964569092,-0.5553106069564819,1.4810863733291626,1.0867269560897281
27,7.283781051635742,-0.5556622743606567,1.4625201225280762,1.0538247856465675
27,7.299955368041992,-0.555090069770813,1.4445960521697998,1.0235895457814381
27,7.316709518432617,-0.5535548329353333,1.4272820949554443,0.9946459621869201
27,7.333902835845947,-0.551064670085907,1.4107133150100708,0.9687346035502893
27,7.351461887359619,-0.5476444959640503,1.3948930501937866,0.9438887336368084
27,7.369289398193359,-0.5433175563812256,1.379841685295105,0.9190608448223905
27,7.387295246124268,-0.5381028056144714,1.36549973487854,0.895430244574004
27,7.405368328094482,-0.5320408344268799,1.3518024682998657,0.8720572258781024
27,7.4234795570373535,-0.5250746011734009,1.3385937213897705,0.8465045895246578
27,7.441400527954102,-0.5172137022018433,1.3258564472198486,0.8210725550042114
27,7.458829879760742,-0.5084397196769714,1.313535451889038,0.7989437671204438
27,7.475724697113037,-0.49866151809692383,1.3014428615570068,0.7872209245430932
27,7.491891384124756,-0.4878736138343811,1.2895115613937378,0.7913015584826297
27,7.507193565368652,-0.4761620759963989,1.2775180339813232,0.8095755716329391
27,7.521739482879639,-0.4639122486114502,1.2652695178985596,0.815881621834431
27,7.530477523803711,-0.4564165472984314,1.257739543914795,0.8162484688187651
27,7.540194988250732,-0.4486772418022156,1.2497284412384033,0.7962756251324431
27,7.556496620178223,-0.43821096420288086,1.2381720542907715,0.7668783399793916
27,7.575666427612305,-0.4307725429534912,1.2289925813674927,0.7585388569844504
27,7.597041606903076,-0.42657458782196045,1.2232099771499634,0.7851377276796209
27,7.610294818878174,-0.4250488579273224,1.2212715148925781,0.7918741780569325
27,7.632652282714844,-0.422480970621109,1.21952486038208,0.7841601405100297
27,7.654939651489258,-0.4189729690551758,1.218806266784668,0.7628382649730715
27,7.676990985870361,-0.41415050625801086,1.2185747623443604,0.7497281362272593
27,7.698734283447266,-0.4080824851989746,1.2186542749404907,0.7436709144556273
27,7.720137119293213,-0.4009099006652832,1.2189843654632568,0.7383249637030666
27,7.7411699295043945,-0.3927246630191803,1.219512701034546,0.7332043191256936
27,7.761815071105957,-0.38361579179763794,1.2201869487762451,0.7289513410834506
27,7.782078266143799,-0.37369245290756226,1.2209702730178833,0.725759553802152
27,7.8019938468933105,-0.3630964159965515,1.22185480594635,0.723869415799739
27,7.821626663208008,-0.3519933223724365,1.2228525876998901,0.7239914031702923
27,7.841065406799316,-0.34056761860847473,1.2239943742752075,0.7258083698439332
27,7.860420227050781,-0.32902199029922485,1.225342869758606,0.7295791001364568
27,7.8797807693481445,-0.3175222873687744,1.2269731760025024,0.7356290815258593
27,7.899219036102295,-0.30621543526649475,1.2289776802062988,0.7439757141344026
27,7.918754577636719,-0.29516488313674927,1.2314209938049316,0.7534270917401611
27,7.93837308883667,-0.28437888622283936,1.2343388795852661,0.7627497715859262
27,7.958025932312012,-0.2737904489040375,1.2377127408981323,0.7709857993596096
27,7.9776611328125,-0.26329854130744934,1.2414789199829102,0.7767236343776415
27,7.99722957611084,-0.25280287861824036,1.245568037033081,0.7800306042525612
27,8.01668643951416,-0.24220509827136993,1.2499144077301025,0.7812667221363965
27,8.035995483398438,-0.23140950500965118,1.2544368505477905,0.7809856087794617
27,8.05512523651123,-0.2203463912010193,1.259063959121704,0.7794995962792245
27,8.07407283782959,-0.2089838832616806,1.2637172937393188,0.7775248275246135
27,8.092833518981934,-0.1973028928041458,1.2683379650115967,0.776208822742334
27,8.111424446105957,-0.18532685935497284,1.272886037826538,0.7758726444616567
27,8.129874229431152,-0.17310354113578796,1.2773489952087402,0.77709800497614
27,8.148239135742188,-0.1607261747121811,1.281741976737976,0.7797531622267933
27,8.166571617126465,-0.1482885181903839,1.2860976457595825,0.7841713716621982
27,8.184931755065918,-0.13590353727340698,1.2904855012893677,0.789723050257801
27,8.203370094299316,-0.12367347627878189,1.2949771881103516,0.7971490958677402
27,8.221927642822266,-0.11169397830963135,1.2996493577957153,0.8042200584250287
27,8.240626335144043,-0.1000334620475769,1.3045600652694702,0.8120606902098289
27,8.259453773498535,-0.08870933949947357,1.309758186340332,0.8183587804257486
27,8.278383255004883,-0.07770697772502899,1.3152642250061035,0.8244471309108921
27,8.297381401062012,-0.06698120385408401,1.3210735321044922,0.8265510191324191
27,8.316390037536621,-0.0564354732632637,1.3271715641021729,0.82718604565729
27,8.335370063781738,-0.04598289355635643,1.3335152864456177,0.8263519863239616
27,8.354264259338379,-0.03549599647521973,1.3400542736053467,0.8224112800337944
27,8.373030662536621,-0.024859946221113205,1.3467190265655518,0.8178816821326902
27,8.391621589660645,-0.013955586589872837,1.3534419536590576,0.8121197958780524
27,8.409961700439453,-0.0027442090213298798,1.360144019126892,0.8083480126041827
27,8.428081512451172,0.008840997703373432,1.3668055534362793,0.8036914498671792
27,8.4458646774292,0.02072201669216156,1.3733875751495361,0.8018488702018988
27,8.463343620300293,0.032832566648721695,1.3798965215682983,0.8016606099144036
27,8.480511665344238,0.04507899656891823,1.3864043951034546,0.8008712567233113
27,8.497525215148926,0.05747346207499504,1.3930296897888184,0.8013612082638917
27,8.51431941986084,0.06984737515449524,1.3998337984085083,0.8034389854259735
27,8.530914306640625,0.08210735023021698,1.406874656677246,0.8038278119179032
27,8.547423362731934,0.09429286420345306,1.4142943620681763,0.804508292789015
27,8.563754081726074,0.1062614694237709,1.4220515489578247,0.8060587207193335
27,8.579927444458008,0.11801529675722122,1.430158257484436,0.8052320917539335
27,8.595916748046875,0.12954549491405487,1.4385831356048584,0.8043378990550563
27,8.611854553222656,0.14097021520137787,1.447320580482483,0.8034159240577601
27,8.627620697021484,0.15224340558052063,1.4562395811080933,0.7997054776727747
27,8.643239974975586,0.16345015168190002,1.4652819633483887,0.7958237003832014
27,8.65870189666748,0.1746126264333725,1.474361538887024,0.7922914635262456
27,8.674070358276367,0.1858401745557785,1.483506441116333,0.7864578249847166
27,8.689291000366211,0.19710403680801392,1.4926705360412598,0.7826802215042036
27,8.704334259033203,0.20837397873401642,1.5018515586853027,0.777426712524055
27,8.71921157836914,0.2196485847234726,1.5111236572265625,0.7731844805065207
27,8.733911514282227,0.23086610436439514,1.5205005407333374,0.7701562228140028
27,8.74846076965332,0.2420021891593933,1.5300624370574951,0.7665991294985565
27,8.762908935546875,0.25305137038230896,1.539876103401184,0.7647176605710717
27,8.777238845825195,0.26393890380859375,1.5499441623687744,0.7633334516770973
27,8.79145622253418,0.27464279532432556,1.5602937936782837,0.762692433301529
27,8.805582046508789,0.2851386070251465,1.5709247589111328,0.7631374489762232
27,8.819665908813477,0.29543936252593994,1.5818616151809692,0.7636690559305674
27,8.833674430847168,0.3055150806903839,1.593065619468689,0.7650054997240889
27,8.84768295288086,0.31539541482925415,1.6045548915863037,0.7664637538256537
27,8.861629486083984,0.32504671812057495,1.616273045539856,0.7683730699534987
27,8.87557601928711,0.334502249956131,1.6282379627227783,0.7700627896149508
27,8.889484405517578,0.3437311053276062,1.640397071838379,0.7719432407137714
27,8.90335750579834,0.35274067521095276,1.6527494192123413,0.7739247733509382
27,8.91724681854248,0.36154767870903015,1.6653155088424683,0.7753638090320343
27,8.931117057800293,0.3701228201389313,1.678059458732605,0.7772671764367497
27,8.944965362548828,0.37845465540885925,1.690980315208435,0.7785951921478084
27,8.958849906921387,0.38655605912208557,1.7041090726852417,0.7797462834056157
27,8.972731590270996,0.39438697695732117,1.7174053192138672,0.7808954503678677
27,8.986608505249023,0.4019300937652588,1.7308695316314697,0.782082018220355
27,9.00053882598877,0.40919601917266846,1.7445321083068848,0.7823155815811889
27,9.014486312866211,0.41614311933517456,1.7583460807800293,0.7829821937063816
27,9.028457641601562,0.42276155948638916,1.772312045097351,0.7837535310133549
27,9.04245662689209,0.42903435230255127,1.7864189147949219,0.7839422870444344
27,9.056533813476562,0.4349747598171234,1.80069100856781,0.7837707595722748
27,9.07065486907959,0.44055241346359253,1.8150794506072998,0.7840510900958181
27,9.08481502532959,0.4457603991031647,1.829567790031433,0.7844493232090146
27,9.09902286529541,0.4505961537361145,1.844152569770813,0.785118124161318
27,9.113323211669922,0.4550759792327881,1.8588578701019287,0.7847439100249134
27,9.127680778503418,0.4591910243034363,1.873632550239563,0.7848551271229532
27,9.142097473144531,0.4629444479942322,1.8884665966033936,0.7851377303490089
27,9.156577110290527,0.4663459360599518,1.9033548831939697,0.7857879147949404
27,9.171101570129395,0.469398558139801,1.9182672500610352,0.7865767391097408
27,9.185688972473145,0.4721210300922394,1.933215856552124,0.7876107310574278
27,9.200336456298828,0.4745243787765503,1.9481885433197021,0.7887972927170444
27,9.215044975280762,0.47662898898124695,1.9631850719451904,0.7895887691140318
27,9.229835510253906,0.4784553349018097,1.9782243967056274,0.7904010611710774
27,9.244659423828125,0.48001807928085327,1.9932602643966675,0.7911901460960704
27,9.25953197479248,0.4813399016857147,2.0083072185516357,0.7921189734147102
27,9.274447441101074,0.4824445843696594,2.023367166519165,0.7928739837612083
27,9.28940486907959,0.48335716128349304,2.0384457111358643,0.793530394251209
27,9.304372787475586,0.48410266637802124,2.0535192489624023,0.7938985347579561
27,9.319367408752441,0.484711617231369,2.0686211585998535,0.7940455199661594
27,9.334409713745117,0.48521655797958374,2.083784580230713,0.7938916860123135
27,9.34943675994873,0.4856470823287964,2.098965644836426,0.793133962824483
27,9.364432334899902,0.4860381782054901,2.1141695976257324,0.792071057549114
27,9.37942886352539,0.4864286482334137,2.12945294380188,0.7904192059849238
27,9.394371032714844,0.48685222864151,2.1447877883911133,0.7882140891762444
27,9.409282684326172,0.48734840750694275,2.1602256298065186,0.7855719818139518
27,9.4241361618042,0.48795172572135925,2.1757736206054688,0.7824115288090678
27,9.438892364501953,0.4886947572231293,2.191419839859009,0.778785980226124
27,9.453558921813965,0.48960936069488525,2.207207441329956,0.7747523381103714
27,9.468108177185059,0.4907197654247284,2.223144292831421,0.7702812650053639
27,9.482499122619629,0.49204352498054504,2.239215612411499,0.7655377870298379
27,9.496733665466309,0.4935920238494873,2.255458116531372,0.7604371757589378
27,9.510769844055176,0.49536508321762085,2.271850347518921,0.7549918407753103
27,9.524592399597168,0.4973500669002533,2.288395643234253,0.7494508107734439
27,9.538193702697754,0.4995252192020416,2.3050990104675293,0.7432256884589182
27,9.551567077636719,0.5018576383590698,2.321964979171753,0.7365902447859934
27,9.564712524414062,0.5042956471443176,2.338994264602661,0.7291117725609736
27,9.577634811401367,0.5067919492721558,2.356184959411621,0.7211392588529418
27,9.590348243713379,0.509287416934967,2.3735313415527344,0.7123234232972573
27,9.602861404418945,0.5117337107658386,2.3910293579101562,0.7031310537358673
27,9.615184783935547,0.5140793323516846,2.4086754322052,0.6930711517532898
27,9.62731647491455,0.5162870287895203,2.426470994949341,0.6827732870021828
27,9.63925552368164,0.5183146595954895,2.4444174766540527,0.6719253040673155
27,9.650994300842285,0.520132839679718,2.4625179767608643,0.6610491881165327
27,9.66252613067627,0.5217126607894897,2.480773687362671,0.6498323089752636
27,9.673842430114746,0.5230302214622498,2.4991843700408936,0.638855461436157
27,9.684937477111816,0.5240657329559326,2.517746925354004,0.6278486752946697
27,9.695812225341797,0.524798572063446,2.5364534854888916,0.6171873445094096
27,9.706463813781738,0.5252128839492798,2.5552971363067627,0.6068096683260505
27,9.716901779174805,0.5252905488014221,2.574265480041504,0.5968261638614806
27,9.727127075195312,0.5250171422958374,2.5933470726013184,0.5873336832734285
27,9.737150192260742,0.5243783593177795,2.6125266551971436,0.5782665707553687
27,9.746975898742676,0.5233619213104248,2.6317920684814453,0.5698264590285677
27,9.756608009338379,0.5219584107398987,2.6511309146881104,0.5618837397002034
27,9.766053199768066,0.5201613903045654,2.6705288887023926,0.5544929063321191
27,9.775312423706055,0.5179681181907654,2.6899759769439697,0.5476937619570347
27,9.784387588500977,0.5153805017471313,2.709461212158203,0.54139971291368
27,9.793282508850098,0.5124040246009827,2.7289745807647705,0.5356296129265598
27,9.801995277404785,0.5090491771697998,2.7485086917877197,0.5303099934888481
27,9.810528755187988,0.5053311586380005,2.7680556774139404,0.5252990107338924
27,9.818886756896973,0.5012693405151367,2.7876102924346924,0.5206778884303832
27,9.827068328857422,0.49688565731048584,2.8071696758270264,0.5162228948952474
27,9.835077285766602,0.49220871925354004,2.826733350753784,0.5117879315578481
27,9.84291934967041,0.48726966977119446,2.846299886703491,0.5075020446521314
27,9.850602149963379,0.48210135102272034,2.865870952606201,0.5033091410261752
27,9.858135223388672,0.47673916816711426,2.8854472637176514,0.4988813348938917
27,9.865530967712402,0.4712195098400116,2.9050323963165283,0.4942531038382301
27,9.87279987335205,0.4655876159667969,2.924633026123047,0.4894693116079405
27,9.879958152770996,0.4598853886127472,2.944254159927368,0.4843968697192344
27,9.8870267868042,0.4541568160057068,2.963900089263916,0.47906280322271044
27,9.894024848937988,0.44844576716423035,2.9835762977600098,0.4733353998256093
27,9.900973320007324,0.4428050220012665,3.0032906532287598,0.46711120862215855
27,9.907901763916016,0.43729162216186523,3.023047924041748,0.4603416124835472
27,9.914843559265137,0.43196213245391846,3.0428507328033447,0.45323522970300933
27,9.921835899353027,0.4268794655799866,3.0627009868621826,0.445692681730964
27,9.928918838500977,0.4221116900444031,3.082596778869629,0.4373573513670094
27,9.936148643493652,0.41774171590805054,3.1025307178497314,0.42838598494402697
27,9.943588256835938,0.4138587713241577,3.122488021850586,0.41902517666081096
27,9.951306343078613,0.41056203842163086,3.142444372177124,0.4092421944700633
27,9.959395408630371,0.40796566009521484,3.1623573303222656,0.39883830106179735
27,9.967947006225586,0.40619751811027527,3.182166814804077,0.3883507506461957
27,9.977063179016113,0.4054054915904999,3.2017855644226074,0.3779658841455846
27,9.98523998260498,0.40561291575431824,3.218008041381836,0.3693496535612763
28,1.5714935064315796,-0.9948617815971375,2.2402193546295166,1.0281264738974039
28,1.693777322769165,-0.9950304627418518,2.2464728355407715,1.0330142934114166
28,1.8161492347717285,-0.9952155351638794,2.251347303390503,1.0376705101633616
28,1.9385758638381958,-0.9954216480255127,2.2545454502105713,1.0413534782813616
28,2.0610432624816895,-0.9956573247909546,2.2556216716766357,1.0446967543639245
28,2.183509588241577,-0.995930016040802,2.2544028759002686,1.0460866984883794
28,2.3059284687042236,-0.996245265007019,2.2507951259613037,1.046507728488237
28,2.428260564804077,-0.9966087341308594,2.2449350357055664,1.0456508358566412
28,2.5504767894744873,-0.9970218539237976,2.2370145320892334,1.0427504218095895
28,2.6725685596466064,-0.9974855184555054,2.227362632751465,1.0392100198127887
28,2.794541835784912,-0.997998833656311,2.216313123703003,1.0340762807269979
28,2.916400909423828,-0.9985613226890564,2.204068660736084,1.0282301960418452
28,3.038159132003784,-0.9991732835769653,2.1908600330352783,1.0217798019745035
28,3.159818172454834,-0.9998366832733154,2.176767587661743,1.014007335297628
28,3.2813801765441895,-1.0005544424057007,2.161864757537842,1.0056425295267257
28,3.4028432369232178,-1.0013338327407837,2.1461780071258545,0.9957740159063495
28,3.5241997241973877,-1.002181053161621,2.129690170288086,0.9840917512775609
28,3.6454386711120605,-1.0031088590621948,2.112363576889038,0.9710013905715412
28,3.7665469646453857,-1.004135012626648,2.0941522121429443,0.9533168142462994
28,3.887491464614868,-1.005285620689392,2.075016736984253,0.9332481205672257
28,4.008094787597656,-1.0066169500350952,2.055155038833618,0.9090461395245631
28,4.128597259521484,-1.0081875324249268,2.034707546234131,0.8824183065012291
28,4.248024940490723,-1.0100821256637573,2.014484167098999,0.8546207723901168
28,4.364365100860596,-1.0123528242111206,1.9955401420593262,0.8277474006975326
28,4.442104816436768,-1.0141621828079224,1.983721375465393,0.8095851157378693
28,4.552614212036133,-1.0172502994537354,1.9688342809677124,0.7872290784532191
28,4.663453102111816,-1.021069049835205,1.9568672180175781,0.768201854640909
28,4.766144752502441,-1.0253692865371704,1.949122428894043,0.7549131870069886
28,4.8611273765563965,-1.0300544500350952,1.9451571702957153,0.7486942814351427
28,4.956153392791748,-1.0354334115982056,1.944405198097229,0.7472475856093688
28,5.045935153961182,-1.0411149263381958,1.9466021060943604,0.7500765019170428
28,5.133156776428223,-1.0471268892288208,1.951290488243103,0.7563916857549376
28,5.219417572021484,-1.053471326828003,1.958202838897705,0.7656863282708155
28,5.305318355560303,-1.060101866722107,1.9671049118041992,0.7776154654482522
28,5.390990734100342,-1.0669605731964111,1.9777313470840454,0.7920810046812445
28,5.476459980010986,-1.0740020275115967,1.989786148071289,0.8085411301726856
28,5.5617523193359375,-1.0812016725540161,2.0029516220092773,0.8263338028603607
28,5.647138595581055,-1.0885792970657349,2.0169265270233154,0.8445867003056087
28,5.734586238861084,-1.096334457397461,2.0317447185516357,0.8628968475337333
28,5.825704574584961,-1.1046816110610962,2.0474681854248047,0.8809727939137141
28,5.920417308807373,-1.113724946975708,2.0639469623565674,0.8984811076151566
28,6.015088081359863,-1.1232068538665771,2.0804214477539062,0.9146378883767309
28,6.1129302978515625,-1.1335291862487793,2.0973265171051025,0.9304021397666111
28,6.213484764099121,-1.144738793373108,2.114452600479126,0.9460299044957481
28,6.316184043884277,-1.156821608543396,2.1315770149230957,0.9614452704857
28,6.418367862701416,-1.1694397926330566,2.1481659412384033,0.9762827039523163
28,6.5213518142700195,-1.1826707124710083,2.1642847061157227,0.989686169862512
28,6.580956935882568,-1.1905055046081543,2.1732466220855713,0.9979893678238976
28,6.633537292480469,-1.1974802017211914,2.1808552742004395,1.0082073409333077
28,6.660181999206543,-1.2010269165039062,2.1845927238464355,1.0118794943697114
28,6.686580181121826,-1.204545021057129,2.1882145404815674,1.0152088302898366
28,6.714071273803711,-1.2082109451293945,2.1919004917144775,1.018694928075533
28,6.740375518798828,-1.2117189168930054,2.1953399181365967,1.0219210103626273
28,6.7665181159973145,-1.2152035236358643,2.19867205619812,1.0249850714433608
28,6.792673110961914,-1.2186864614486694,2.2019174098968506,1.0278812841016427
28,6.819024562835693,-1.2221907377243042,2.2050962448120117,1.030605367753804
28,6.845371246337891,-1.2256883382797241,2.208181619644165,1.0331430200511096
28,6.871653079986572,-1.229170560836792,2.211165428161621,1.0354806535961878
28,6.897946834564209,-1.2326469421386719,2.214055061340332,1.0375969002834304
28,6.924251556396484,-1.2361172437667847,2.2168498039245605,1.0394906224951144
28,6.950376987457275,-1.2395565509796143,2.2195277214050293,1.0412068890238912
28,6.976659774780273,-1.2430100440979004,2.22212290763855,1.0426181401047627
28,7.002953052520752,-1.2464590072631836,2.224621534347534,1.043790380790884
28,7.029239177703857,-1.2499027252197266,2.2270219326019287,1.0447187744996957
28,7.055512428283691,-1.2533420324325562,2.2293243408203125,1.045415709383572
28,7.081719875335693,-1.2567719221115112,2.2315258979797363,1.0458713803614705
28,7.107906818389893,-1.2602007389068604,2.2336325645446777,1.0460935836747878
28,7.134068012237549,-1.2636308670043945,2.2356460094451904,1.0460909886726129
28,7.160198211669922,-1.2670644521713257,2.2375683784484863,1.0458847902288142
28,7.186227798461914,-1.2704960107803345,2.2393975257873535,1.0454767558447535
28,7.212215423583984,-1.2739366292953491,2.241140365600586,1.0448775551239144
28,7.238157272338867,-1.277389645576477,2.2427990436553955,1.044094472328667
28,7.264014720916748,-1.280853509902954,2.2443735599517822,1.0431594223081053
28,7.290626525878906,-1.2844457626342773,2.245914936065674,1.042039611764162
28,7.317256450653076,-1.2880730628967285,2.2473795413970947,1.040764678372771
28,7.343799114227295,-1.2917263507843018,2.2487637996673584,1.0393399102771248
28,7.369415283203125,-1.2952932119369507,2.250030279159546,1.0378453863351336
28,7.394962787628174,-1.2988955974578857,2.2512283325195312,1.0362623282263805
28,7.420438289642334,-1.302537202835083,2.2523603439331055,1.034593941764726
28,7.445815086364746,-1.3062183856964111,2.2534284591674805,1.0328628998454863
28,7.471049785614014,-1.3099364042282104,2.254434585571289,1.0311110223680067
28,7.495542049407959,-1.3136059045791626,2.255358934402466,1.0292374973725666
28,7.520777702331543,-1.3174537420272827,2.256260633468628,1.027411266322236
28,7.546411991119385,-1.321433186531067,2.2571299076080322,1.025565599325392
28,7.570811748504639,-1.325295329093933,2.2579140663146973,1.0236492291582466
28,7.595623016357422,-1.329300045967102,2.258671998977661,1.021792015165524
28,7.6203413009643555,-1.3333706855773926,2.2593910694122314,1.0199219485659174
28,7.645313262939453,-1.337568998336792,2.260085344314575,1.018033721163666
28,7.670164585113525,-1.3418368101119995,2.260749340057373,1.0162059264352103
28,7.695198059082031,-1.3462281227111816,2.261397361755371,1.0145052279061508
28,7.720870494842529,-1.3508317470550537,2.2620439529418945,1.0127480585294435
28,7.745662689208984,-1.3553872108459473,2.262646436691284,1.011072553437953
28,7.7703537940979,-1.3600420951843262,2.2632076740264893,1.0093298175111691
28,7.794951438903809,-1.364808440208435,2.263685464859009,1.0071731128109007
28,7.81939697265625,-1.3696811199188232,2.2639896869659424,1.003730882327864
28,7.843811511993408,-1.3746869564056396,2.263864517211914,0.9967326189863547
28,7.862789154052734,-1.3786343336105347,2.263188123703003,0.9879728209956796
28,7.886948108673096,-1.3835759162902832,2.2610769271850586,0.9720850521139018
28,7.904766082763672,-1.3870264291763306,2.258462905883789,0.9613049969961184
28,7.927276134490967,-1.3910795450210571,2.254246234893799,0.9533055308135646
28,7.950948715209961,-1.3950810432434082,2.249502420425415,0.9505703511931621
28,7.969662666320801,-1.3981395959854126,2.246037244796753,0.9502130362257283
28,7.989754676818848,-1.401328682899475,2.243044137954712,0.9531704784155424
28,8.01094913482666,-1.4045876264572144,2.240997791290283,0.9617749248684581
28,8.031827926635742,-1.4077283143997192,2.2399537563323975,0.9700165298207328
28,8.056002616882324,-1.4113366603851318,2.2394120693206787,0.9745012791184838
28,8.080145835876465,-1.4149413108825684,2.23911714553833,0.9762135628220525
28,8.104247093200684,-1.418548822402954,2.2388522624969482,0.9770625110044039
28,8.128303527832031,-1.4221673011779785,2.2385127544403076,0.9774185647985132
28,8.15230941772461,-1.4258064031600952,2.237990617752075,0.9771128876020373
28,8.175661087036133,-1.4293699264526367,2.2371630668640137,0.975860934782429
28,8.198835372924805,-1.4328968524932861,2.2358593940734863,0.9732823511952662
28,8.221900939941406,-1.4363313913345337,2.2339417934417725,0.9697766804944512
28,8.244853019714355,-1.439604640007019,2.2314388751983643,0.966428315620568
28,8.267664909362793,-1.4426871538162231,2.2285802364349365,0.9640942215453354
28,8.290412902832031,-1.4456210136413574,2.2256171703338623,0.9627541211784317
28,8.313122749328613,-1.4484524726867676,2.222708225250244,0.9618997322602254
28,8.335803031921387,-1.451202154159546,2.2199487686157227,0.9614251529664851
28,8.358439445495605,-1.4538681507110596,2.217411994934082,0.9616085617122031
28,8.38105583190918,-1.4564498662948608,2.2151288986206055,0.9626174061161054
28,8.40364933013916,-1.4589455127716064,2.213087558746338,0.9642792426482866
28,8.42615795135498,-1.4613510370254517,2.2112345695495605,0.966054421303852
28,8.448629379272461,-1.4636794328689575,2.209479570388794,0.9674893519275548
28,8.471055030822754,-1.465940237045288,2.207742214202881,0.9683700627131373
28,8.494162559509277,-1.4682083129882812,2.2059011459350586,0.9685870833752132
28,8.517206192016602,-1.470399260520935,2.203961133956909,0.9679604770278526
28,8.5401029586792,-1.472496509552002,2.201899528503418,0.9664911775434696
28,8.56235408782959,-1.4744436740875244,2.1997523307800293,0.9642447144900024
28,8.584549903869629,-1.4762846231460571,2.1974754333496094,0.9613266650732334
28,8.606660842895508,-1.4780077934265137,2.1950957775115967,0.9579420110846634
28,8.628721237182617,-1.4796116352081299,2.192640781402588,0.9542642287249681
28,8.650735855102539,-1.4810948371887207,2.1901416778564453,0.9503956479529734
28,8.672706604003906,-1.4824573993682861,2.187624931335449,0.9463914112047525
28,8.694622039794922,-1.4836993217468262,2.1851117610931396,0.9422812010059359
28,8.716499328613281,-1.4848226308822632,2.182612180709839,0.9380598459966913
28,8.738338470458984,-1.4858283996582031,2.1801302433013916,0.9337025464444791
28,8.760137557983398,-1.4867185354232788,2.1776628494262695,0.9291619681998357
28,8.78189754486084,-1.4874954223632812,2.175203323364258,0.9243727469559272
28,8.80361557006836,-1.4881621599197388,2.172741413116455,0.9192617011788267
28,8.825291633605957,-1.4887211322784424,2.170266628265381,0.9137226611534248
28,8.846966743469238,-1.4891750812530518,2.1677632331848145,0.9076841011170184
28,8.868595123291016,-1.4895238876342773,2.165226936340332,0.9011629862664648
28,8.890178680419922,-1.4897679090499878,2.1626503467559814,0.8941918918753854
28,8.911714553833008,-1.4899072647094727,2.160026788711548,0.8867799879770323
28,8.933210372924805,-1.4899414777755737,2.1573495864868164,0.8789521996453031
28,8.954687118530273,-1.4898698329925537,2.1546106338500977,0.8707366620607274
28,8.976154327392578,-1.4896912574768066,2.151801824569702,0.8621762984236967
28,8.997610092163086,-1.4894046783447266,2.1489152908325195,0.8532909878906578
28,9.019051551818848,-1.4890093803405762,2.145940065383911,0.8441711583316606
28,9.040475845336914,-1.4885042905807495,2.1428632736206055,0.8348885772785566
28,9.061880111694336,-1.4878886938095093,2.139666795730591,0.8255009157397603
28,9.083260536193848,-1.487161636352539,2.13633131980896,0.8161244584879113
28,9.104609489440918,-1.486322045326233,2.1328325271606445,0.8067685311286189
28,9.125922203063965,-1.485368251800537,2.1291425228118896,0.7975072845720294
28,9.147189140319824,-1.4842984676361084,2.125230312347412,0.7884219144569165
28,9.168401718139648,-1.4831104278564453,2.121063470840454,0.7796437654645203
28,9.18954849243164,-1.4818018674850464,2.1166083812713623,0.7713089866791425
28,9.210616111755371,-1.4803708791732788,2.111830234527588,0.7636444178648388
28,9.231593132019043,-1.4788157939910889,2.1067018508911133,0.7567784685412186
28,9.252463340759277,-1.4771349430084229,2.1011948585510254,0.7508331795109608
28,9.273213386535645,-1.4753265380859375,2.095285415649414,0.745997769921025
28,9.29382610321045,-1.4733880758285522,2.088956594467163,0.742463036599814
28,9.314292907714844,-1.4713168144226074,2.0822062492370605,0.7403542600462747
28,9.334602355957031,-1.469110369682312,2.075038433074951,0.7396533934577204
28,9.354747772216797,-1.4667636156082153,2.0674631595611572,0.7403916638456869
28,9.374727249145508,-1.4642703533172607,2.0595033168792725,0.7425377709096032
28,9.394545555114746,-1.461624264717102,2.0511982440948486,0.7460884463430231
28,9.414207458496094,-1.4588147401809692,2.0425832271575928,0.7508527065792923
28,9.433727264404297,-1.4558299779891968,2.0337038040161133,0.7565547940764814
28,9.453121185302734,-1.4526599645614624,2.0246176719665527,0.7630968035864896
28,9.472407341003418,-1.4492878913879395,2.0153756141662598,0.770400211372124
28,9.491607666015625,-1.4456994533538818,2.0060362815856934,0.7778204665576345
28,9.51074504852295,-1.4418808221817017,1.9966599941253662,0.7855487303095119
28,9.529840469360352,-1.4378135204315186,1.987302303314209,0.7933181438477845
28,9.548917770385742,-1.4334875345230103,1.9780237674713135,0.8006999079144254
28,9.567995071411133,-1.428890347480774,1.9688769578933716,0.8078585992306495
28,9.587088584899902,-1.424010157585144,1.9599117040634155,0.8143949079791947
28,9.606217384338379,-1.4188430309295654,1.9511854648590088,0.8202129434162354
28,9.625391006469727,-1.4133788347244263,1.9427464008331299,0.8256353407603623
28,9.64461898803711,-1.4076112508773804,1.9346367120742798,0.8298434261504479
28,9.663905143737793,-1.40154230594635,1.9268958568572998,0.8332042566055324
28,9.68325424194336,-1.3951668739318848,1.9195667505264282,0.8358125180228214
28,9.702665328979492,-1.388482689857483,1.9126935005187988,0.8374307707602413
28,9.722137451171875,-1.3814970254898071,1.9063096046447754,0.8376925503676036
28,9.741663932800293,-1.374213695526123,1.9004440307617188,0.8370733800017396
28,9.761237144470215,-1.36663818359375,1.8951336145401,0.8355110250738301
28,9.780848503112793,-1.3587778806686401,1.8904093503952026,0.8331294685772835
28,9.800485610961914,-1.3506441116333008,1.8862935304641724,0.8293949560089972
28,9.820137023925781,-1.3422523736953735,1.8828119039535522,0.8245195115841116
28,9.839788436889648,-1.3336172103881836,1.8799891471862793,0.8188263678109475
28,9.85942268371582,-1.3247522115707397,1.8778407573699951,0.8123255509221275
28,9.879023551940918,-1.3156765699386597,1.8763853311538696,0.8049696959768132
28,9.898575782775879,-1.306410551071167,1.8756372928619385,0.7968012168473125
28,9.918059349060059,-1.2969712018966675,1.875605583190918,0.7877971519924671
28,9.937458038330078,-1.2873834371566772,1.8763011693954468,0.77811114545438
28,9.95675277709961,-1.2776691913604736,1.87772798538208,0.7677648352654928
28,9.975926399230957,-1.2678500413894653,1.8798872232437134,0.7568920449356027
28,9.994963645935059,-1.2579536437988281,1.8827780485153198,0.7454176979280648
28,10.01384449005127,-1.247998833656311,1.8863974809646606,0.7334789011810627
28,10.032556533813477,-1.2380120754241943,1.8907347917556763,0.7211947186724346
28,10.051088333129883,-1.2280185222625732,1.8957782983779907,0.7081061105125358
28,10.069424629211426,-1.2180395126342773,1.901512861251831,0.6947260640538465
28,10.087557792663574,-1.2080966234207153,1.9079179763793945,0.6811209666641855
28,10.105477333068848,-1.19820237159729,1.914969563484192,0.6673411215044237
28,10.12317943572998,-1.188375473022461,1.922635555267334,0.6528605052253312
28,10.140661239624023,-1.1786285638809204,1.9308876991271973,0.6380449585869189
28,10.157922744750977,-1.1689605712890625,1.939697504043579,0.6232404349308456
28,10.175018310546875,-1.159348726272583,1.9490498304367065,0.607646867481887
28,10.191889762878418,-1.1498243808746338,1.9588844776153564,0.5915880465762978
28,10.208785057067871,-1.1402379274368286,1.969321846961975,0.5751527528424809
28,10.226139068603516,-1.1303369998931885,1.980629801750183,0.5573245281687681
28,10.243245124816895,-1.1205030679702759,1.992365837097168,0.539079713672137
28,10.261361122131348,-1.109997272491455,2.005411148071289,0.518914868692856
28,10.279186248779297,-1.0995475053787231,2.0188939571380615,0.49792481751438633
28,10.298295021057129,-1.0882149934768677,2.034075975418091,0.47473306089545564
28,10.317039489746094,-1.0769599676132202,2.0497610569000244,0.4504710797201987
28,10.336746215820312,-1.0650010108947754,2.067176103591919,0.42407191379686193
28,10.356009483337402,-1.0532333850860596,2.0852062702178955,0.3968856182364265
28,10.375569343566895,-1.0412955284118652,2.1046645641326904,0.3677702854888284
28,10.394658088684082,-1.0298138856887817,2.124851942062378,0.33850138901523824
28,10.413333892822266,-1.018979549407959,2.145768880844116,0.3087617581494089
28,10.431737899780273,-1.0090619325637817,2.167370319366455,0.27902239155061626
28,10.4503812789917,-1.0002682209014893,2.1898579597473145,0.2491448782892827
28,10.469472885131836,-0.9932349920272827,2.212716579437256,0.22026909207699927
28,10.489558219909668,-0.9887189269065857,2.235346794128418,0.19424174910692898
28,10.511301040649414,-0.9876987934112549,2.2568199634552,0.17410832468285536
28,10.535102844238281,-0.9912493824958801,2.2756612300872803,0.1645426586524502
28,10.560461044311523,-0.9996567964553833,2.2905044555664062,0.16799176710101485
28,10.586339950561523,-1.0120185613632202,2.301128387451172,0.1827483543441646
28,10.612029075622559,-1.0269570350646973,2.3084373474121094,0.20321387641222108
28,10.637316703796387,-1.04343581199646,2.313549518585205,0.22638024642195684
28,10.662238121032715,-1.060814380645752,2.317326784133911,0.2505224191074062
28,10.686898231506348,-1.0787043571472168,2.3203744888305664,0.27489080386446074
28,10.711382865905762,-1.0968832969665527,2.323113203048706,0.29896403920900205
28,10.735758781433105,-1.1152153015136719,2.3258049488067627,0.32251017299036094
28,10.760069847106934,-1.1336092948913574,2.328662157058716,0.3455704271691241
28,10.784340858459473,-1.1520031690597534,2.3318369388580322,0.36803327593106855
28,10.808586120605469,-1.1703484058380127,2.3354506492614746,0.389787486577922
28,10.832809448242188,-1.1886122226715088,2.3395910263061523,0.4106757597577361
28,10.857012748718262,-1.2067524194717407,2.344346046447754,0.4310736762402879
28,10.88119125366211,-1.224729061126709,2.3497955799102783,0.4504918155940626
28,10.905336380004883,-1.2425061464309692,2.3559908866882324,0.46936775966693806
28,10.92943286895752,-1.2600499391555786,2.3629932403564453,0.48715504553495076
28,10.953473091125488,-1.2773079872131348,2.370845317840576,0.504801872320222
28,10.977449417114258,-1.2942156791687012,2.3796029090881348,0.5208697944806883
28,11.001348495483398,-1.310723900794983,2.38928484916687,0.5372595615660279
28,11.025162696838379,-1.3267569541931152,2.3999252319335938,0.5518032446552881
28,11.048890113830566,-1.3422369956970215,2.4115352630615234,0.5667276354345874
28,11.072518348693848,-1.3570951223373413,2.424116611480713,0.5797584107514697
28,11.096053123474121,-1.3712326288223267,2.4376676082611084,0.5933195759822313
28,11.119487762451172,-1.3845783472061157,2.452162504196167,0.6051789708794515
28,11.14282512664795,-1.39703369140625,2.4675755500793457,0.6174575165189127
28,11.166069030761719,-1.4085183143615723,2.483858823776245,0.628303933338564
28,11.189230918884277,-1.4189337491989136,2.500959873199463,0.6390955600171045
28,11.212311744689941,-1.4282000064849854,2.5188136100769043,0.6490538983649802
28,11.235334396362305,-1.4362117052078247,2.537339925765991,0.6580190889477431
28,11.258307456970215,-1.4428993463516235,2.556443691253662,0.6667467700446581
28,11.28124713897705,-1.4481686353683472,2.576037645339966,0.6744774776936336
28,11.304163932800293,-1.4519529342651367,2.5959973335266113,0.6817171086006002
28,11.327109336853027,-1.4541738033294678,2.616196632385254,0.6874180863318866
28,11.350083351135254,-1.4547767639160156,2.636475086212158,0.6931684334568561
28,11.373116493225098,-1.453716516494751,2.656667947769165,0.6973187875957407
28,11.396286964416504,-1.4509536027908325,2.676640033721924,0.7013240796993931
28,11.419577598571777,-1.4464850425720215,2.6961581707000732,0.7037587661878216
28,11.443144798278809,-1.4402880668640137,2.715083122253418,0.7056027630923166
28,11.466897964477539,-1.4324204921722412,2.7331347465515137,0.7063603383366762
28,11.491072654724121,-1.422856092453003,2.7502100467681885,0.7065591192867724
28,11.515488624572754,-1.4117584228515625,2.7659640312194824,0.7060708781121593
28,11.544405937194824,-1.3970496654510498,2.782498359680176,0.704670697518493
28,11.573667526245117,-1.3807426691055298,2.7967722415924072,0.7025851147703449
28,11.627642631530762,-1.3483213186264038,2.816371202468872,0.6988659175605829
28,11.662138938903809,-1.3265706300735474,2.8244519233703613,0.6982551316358457
28,11.704893112182617,-1.2994307279586792,2.8299174308776855,0.6980315377510413
28,11.76594066619873,-1.261643409729004,2.8297972679138184,0.7033414388820801
28,11.814929008483887,-1.2331596612930298,2.823925495147705,0.7087826383054532
28,11.92842960357666,-1.176738977432251,2.796473979949951,0.734143966585103
28,11.977185249328613,-1.156075119972229,2.7800567150115967,0.7457891620910367
28,12.021803855895996,-1.1389541625976562,2.763441562652588,0.7560224156840738
28,12.129855155944824,-1.1039955615997314,2.7194552421569824,0.7843812311170287
28,12.212078094482422,-1.0825259685516357,2.6835575103759766,0.7983461489407726
28,12.321447372436523,-1.0591938495635986,2.6344192028045654,0.8151923004105327
28,12.431366920471191,-1.0405023097991943,2.5845253467559814,0.8216414504327065
28,12.542245864868164,-1.0254733562469482,2.5350489616394043,0.825917018655137
28,12.653955459594727,-1.0137279033660889,2.4865646362304688,0.8242351657865719
28,12.765281677246094,-1.0050746202468872,2.439926862716675,0.8244612220652112
28,12.775961875915527,-1.0043827295303345,2.435546398162842,0.8243121229708769
29,0.25439777970314026,-1.8444589376449585,2.1867868900299072,1.0004197569356192
29,0.3609605133533478,-1.8445203304290771,2.1880245208740234,1.0006949685906072
29,0.47179651260375977,-1.8446060419082642,2.1898274421691895,1.0010667566477351
29,0.5826209187507629,-1.8447136878967285,2.1922359466552734,1.0017097035607625
29,0.6978836059570312,-1.8448485136032104,2.1954832077026367,1.002552717296458
29,0.8165947794914246,-1.8450084924697876,2.1997315883636475,1.0037486329538186
29,0.9352680444717407,-1.845187783241272,2.204932928085327,1.005756954463986
29,1.0560158491134644,-1.8453869819641113,2.211196184158325,1.0083001636082782
29,1.177747368812561,-1.8456027507781982,2.21825909614563,1.0125317983103455
29,1.2705272436141968,-1.845776081085205,2.223994016647339,1.0158868273469803
29,1.3926196098327637,-1.8460149765014648,2.231581211090088,1.020907159726166
29,1.5147260427474976,-1.8462666273117065,2.2389354705810547,1.0259382503069807
29,1.636989951133728,-1.846535563468933,2.2455644607543945,1.0310143296083338
29,1.759308099746704,-1.8468279838562012,2.2510933876037598,1.035677412860696
29,1.8817118406295776,-1.847152829170227,2.2550787925720215,1.040023410345262
29,2.004167079925537,-1.8475233316421509,2.257089614868164,1.043477136692858
29,2.126638412475586,-1.8479480743408203,2.256908655166626,1.0456837993608383
29,2.2490828037261963,-1.8484413623809814,2.254326581954956,1.0473947998201376
29,2.3714559078216553,-1.84900963306427,2.2494208812713623,1.0464282329693557
29,2.493720769882202,-1.8496588468551636,2.242311716079712,1.0448234346676155
29,2.6158652305603027,-1.8503894805908203,2.233372926712036,1.0416489369495612
29,2.737881660461426,-1.8512016534805298,2.222825765609741,1.0371732826612672
29,2.8597841262817383,-1.85209321975708,2.2110447883605957,1.032133071414257
29,2.981581687927246,-1.853064775466919,2.1982240676879883,1.0258093751290394
29,3.103280544281006,-1.8541176319122314,2.1845037937164307,1.018947226717631
29,3.224886894226074,-1.855257272720337,2.1699941158294678,1.0113386336497727
29,3.3463990688323975,-1.8564890623092651,2.154722213745117,1.0022960422541067
29,3.467815637588501,-1.857822299003601,2.13871693611145,0.9924541658372087
29,3.5891311168670654,-1.8592664003372192,2.1219708919525146,0.9802366255921388
29,3.7103335857391357,-1.8608288764953613,2.1044347286224365,0.9658941080344845
29,3.831397294998169,-1.8625226020812988,2.086111068725586,0.949097823254546
29,3.9523415565490723,-1.864361047744751,2.0670266151428223,0.928562809506264
29,4.072968006134033,-1.8663612604141235,2.0473625659942627,0.9062943296495405
29,4.192482948303223,-1.868527889251709,2.027688503265381,0.8827129554744897
29,4.31202507019043,-1.8708909749984741,2.008206844329834,0.8594034985059055
29,4.428510665893555,-1.8733820915222168,1.9902026653289795,0.8366765266892577
29,4.545224666595459,-1.8760648965835571,1.9737865924835205,0.8167939136279744
29,4.6361775398254395,-1.8782877922058105,1.96261727809906,0.8025098936104683
29,4.73869514465332,-1.880949854850769,1.9522459506988525,0.7894857490547105
29,4.841445446014404,-1.883803129196167,1.9445993900299072,0.7804858924779902
29,4.936488628387451,-1.8866338729858398,1.940308690071106,0.775766382256171
29,5.0264201164245605,-1.8894997835159302,1.9388883113861084,0.7749576204509002
29,5.113916397094727,-1.8924742937088013,1.940036416053772,0.7779540642462227
29,5.200555324554443,-1.8956092596054077,1.9436109066009521,0.7845973959485987
29,5.286906719207764,-1.8989276885986328,1.9494818449020386,0.7954120545421527
29,5.373082637786865,-1.9024426937103271,1.957450270652771,0.8097183327200312
29,5.459049224853516,-1.9061675071716309,1.9672296047210693,0.8270189985842245
29,5.54482889175415,-1.91012704372406,1.9784538745880127,0.8466546566755311
29,5.630453586578369,-1.914351224899292,1.9907222986221313,0.8678344525302778
29,5.7111945152282715,-1.918609619140625,2.0028953552246094,0.8884587193651852
29,5.796653747558594,-1.9234287738800049,2.0160610675811768,0.9101550088822647
29,5.882092475891113,-1.9285744428634644,2.0292389392852783,0.9306466068619934
29,5.96753454208374,-1.934041976928711,2.04223895072937,0.9494537050494714
29,6.052987098693848,-1.9398101568222046,2.05495548248291,0.9666392433922386
29,6.138441562652588,-1.9458599090576172,2.067300796508789,0.9822727583076233
29,6.223867893218994,-1.952170491218567,2.079204559326172,0.996379566495927
29,6.309214115142822,-1.9587184190750122,2.0906341075897217,1.008878437314209
29,6.3974409103393555,-1.965734601020813,2.101924419403076,1.0203490954065888
29,6.485722064971924,-1.9729872941970825,2.1126203536987305,1.0317615546647456
29,6.5074028968811035,-1.974799394607544,2.1151437759399414,1.0342456211632371
29,6.5289506912231445,-1.9766120910644531,2.117610454559326,1.0366243582891974
29,6.550436496734619,-1.9784307479858398,2.1200289726257324,1.0389418521792473
29,6.571895122528076,-1.9802579879760742,2.122403621673584,1.041196678933092
29,6.593357086181641,-1.9820961952209473,2.1247379779815674,1.0433931571589476
29,6.614810943603516,-1.983944296836853,2.127030611038208,1.0455334188907437
29,6.636264801025391,-1.9858028888702393,2.1292827129364014,1.0476209329059223
29,6.657721042633057,-1.987671971321106,2.1314945220947266,1.0496584243764935
29,6.67918062210083,-1.9895519018173218,2.1336662769317627,1.0516481232150638
29,6.7006425857543945,-1.9914424419403076,2.1357979774475098,1.0535921190425035
29,6.722107887268066,-1.993343710899353,2.1378896236419678,1.055484674811727
29,6.743576526641846,-1.9952558279037476,2.139941692352295,1.0573340250909695
29,6.765048503875732,-1.9971789121627808,2.141953945159912,1.059150664841613
29,6.786535263061523,-1.999113917350769,2.143927812576294,1.060930625380224
29,6.808047294616699,-2.0010621547698975,2.145864486694336,1.0626763558104797
29,6.829525947570801,-2.0030181407928467,2.1477584838867188,1.064384591413333
29,6.851008892059326,-2.0049855709075928,2.149613618850708,1.0660607053802005
29,6.872503757476807,-2.006965160369873,2.151431083679199,1.067701503304017
29,6.894001007080078,-2.00895619392395,2.153209924697876,1.0693123410298602
29,6.915516376495361,-2.010960578918457,2.154951810836792,1.0708989609784172
29,6.937055587768555,-2.0129785537719727,2.1566576957702637,1.0724641684343388
29,6.95862340927124,-2.0150113105773926,2.158328056335449,1.0740105076982776
29,6.980222225189209,-2.017058849334717,2.159963607788086,1.0755406244866432
29,7.0018534660339355,-2.0191216468811035,2.1615641117095947,1.0770569168316022
29,7.023515224456787,-2.021199941635132,2.163130044937134,1.078559896793676
29,7.045177936553955,-2.0232911109924316,2.164659261703491,1.0800506126182168
29,7.066867828369141,-2.025398015975952,2.166153907775879,1.081538000743914
29,7.088397979736328,-2.0275022983551025,2.1676018238067627,1.083007391445004
29,7.109940528869629,-2.0296216011047363,2.1690149307250977,1.084474634674904
29,7.131495952606201,-2.0317554473876953,2.170393943786621,1.0859423117055513
29,7.1530632972717285,-2.033904552459717,2.171738624572754,1.087412990442881
29,7.1746416091918945,-2.036068916320801,2.173049211502075,1.0888896283480423
29,7.196220397949219,-2.03824782371521,2.1743252277374268,1.090375256664928
29,7.217808723449707,-2.0404419898986816,2.175567626953125,1.0918743009983447
29,7.239404678344727,-2.042651653289795,2.176776647567749,1.0933904075399006
29,7.261005878448486,-2.0448765754699707,2.1779520511627197,1.0949272034821063
29,7.2826104164123535,-2.047116994857788,2.179094076156616,1.09648778630442
29,7.30426549911499,-2.04937744140625,2.1802055835723877,1.0980792693264052
29,7.325933456420898,-2.051654100418091,2.1812844276428223,1.099697851937069
29,7.347445487976074,-2.053929328918457,2.1823227405548096,1.1013412646626897
29,7.36895751953125,-2.0562191009521484,2.183328628540039,1.1030242604910816
29,7.390475749969482,-2.0585241317749023,2.184302806854248,1.1047516857409894
29,7.411996841430664,-2.0608434677124023,2.1852447986602783,1.1065258396708395
29,7.4335198402404785,-2.0631768703460693,2.186154842376709,1.1083506212910006
29,7.455044746398926,-2.065523624420166,2.187033176422119,1.1102300052579295
29,7.476553440093994,-2.0678813457489014,2.1878788471221924,1.1121651429487378
29,7.4980621337890625,-2.0702507495880127,2.188692808151245,1.1141663862744358
29,7.519571304321289,-2.072631359100342,2.1894752979278564,1.1162370255748135
29,7.541077136993408,-2.075021266937256,2.190225839614868,1.1183728071113008
29,7.562582492828369,-2.0774197578430176,2.1909446716308594,1.1205608756226808
29,7.58408784866333,-2.0798251628875732,2.191632032394409,1.122811699043493
29,7.605594158172607,-2.0822362899780273,2.1922879219055176,1.1251229814122297
29,7.627100467681885,-2.084650993347168,2.1929118633270264,1.1274904813720819
29,7.6486077308654785,-2.087067127227783,2.193504571914673,1.1299127928312795
29,7.670115947723389,-2.089482069015503,2.194065570831299,1.132380758314117
29,7.691625118255615,-2.091893434524536,2.1945953369140625,1.1348730986682525
29,7.713135719299316,-2.0942983627319336,2.1950933933258057,1.137373082851346
29,7.73464822769165,-2.096693992614746,2.1955604553222656,1.1398608485363684
29,7.756163120269775,-2.099076986312866,2.1959965229034424,1.1423134391779333
29,7.777679920196533,-2.101444959640503,2.196401834487915,1.1447058027520174
29,7.799199104309082,-2.103795289993286,2.196776866912842,1.1470125317115099
29,7.82072114944458,-2.106126070022583,2.197122097015381,1.1491904287064219
29,7.842246055603027,-2.10843563079834,2.1974380016326904,1.1512266543990628
29,7.863773345947266,-2.1107234954833984,2.197725772857666,1.1531121847306165
29,7.885303497314453,-2.112989664077759,2.197985887527466,1.154852440937095
29,7.906836032867432,-2.1152353286743164,2.1982200145721436,1.1564684227272934
29,7.928370952606201,-2.1174614429473877,2.1984288692474365,1.157993998570333
29,7.9499077796936035,-2.119669198989868,2.1986141204833984,1.159471185038714
29,7.971446990966797,-2.121858835220337,2.1987762451171875,1.1609437091757258
29,7.992988109588623,-2.124030590057373,2.198915958404541,1.1624432259119215
29,8.014531135559082,-2.126183271408081,2.199033498764038,1.1639768471884895
29,8.036075592041016,-2.128314971923828,2.199129343032837,1.1655314648010562
29,8.057623863220215,-2.1304244995117188,2.1992032527923584,1.167089271220296
29,8.07917308807373,-2.132509469985962,2.1992557048797607,1.1686319853917817
29,8.100726127624512,-2.134568452835083,2.1992862224578857,1.1701401930538218
29,8.122281074523926,-2.136599540710449,2.1992955207824707,1.1715852845471575
29,8.143838882446289,-2.138601064682007,2.1992831230163574,1.1729552808080528
29,8.165399551391602,-2.1405715942382812,2.199249267578125,1.1742389692959918
29,8.186963081359863,-2.1425106525421143,2.1991934776306152,1.1754219131653416
29,8.208529472351074,-2.1444177627563477,2.199115514755249,1.1764886400421815
29,8.230098724365234,-2.146293878555298,2.1990153789520264,1.177426187246673
29,8.251669883728027,-2.1481409072875977,2.198892593383789,1.1782279447579265
29,8.273242950439453,-2.149961471557617,2.1987478733062744,1.1788889678532923
29,8.294817924499512,-2.151759386062622,2.1985819339752197,1.1794413157174597
29,8.316394805908203,-2.1535377502441406,2.1983954906463623,1.1799352277322321
29,8.337972640991211,-2.1552999019622803,2.198190450668335,1.1804038761916147
29,8.359551429748535,-2.1570475101470947,2.1979682445526123,1.180870712749694
29,8.381131172180176,-2.1587817668914795,2.197730541229248,1.1813507925562166
29,8.402711868286133,-2.1605021953582764,2.1974782943725586,1.181851968874083
29,8.424293518066406,-2.1622085571289062,2.1972129344940186,1.1823812771218614
29,8.445876121520996,-2.1638991832733154,2.196934938430786,1.182947807618866
29,8.467459678649902,-2.1655726432800293,2.1966445446014404,1.183554838184753
29,8.489045143127441,-2.1672275066375732,2.1963415145874023,1.1842017067493105
29,8.510631561279297,-2.1688613891601562,2.1960256099700928,1.1848818246405033
29,8.532219886779785,-2.1704723834991455,2.1956961154937744,1.185580769213133
29,8.55380916595459,-2.172058582305908,2.195352077484131,1.1862772171479568
29,8.575400352478027,-2.1736185550689697,2.194992780685425,1.186943254765766
29,8.596993446350098,-2.1751515865325928,2.194617509841919,1.1875307180113979
29,8.6185884475708,-2.1766576766967773,2.1942262649536133,1.188008159835435
29,8.64018440246582,-2.178138494491577,2.193819284439087,1.1883891055281492
29,8.661781311035156,-2.1795952320098877,2.1933979988098145,1.1886762950135767
29,8.683380126953125,-2.181029796600342,2.1929636001586914,1.1888786051020672
29,8.70497989654541,-2.1824445724487305,2.1925182342529297,1.1890091665052571
29,8.726580619812012,-2.1838409900665283,2.1920628547668457,1.1890815480172572
29,8.74818229675293,-2.185220718383789,2.191598415374756,1.1891049642531208
29,8.769784927368164,-2.1865854263305664,2.19112491607666,1.189099594199843
29,8.791387557983398,-2.187936305999756,2.190642833709717,1.1890863640452045
29,8.81299114227295,-2.189274311065674,2.1901516914367676,1.1890799134038228
29,8.834595680236816,-2.1905999183654785,2.1896517276763916,1.1890931396404676
29,8.856200218200684,-2.191913604736328,2.1891427040100098,1.1891349341612028
29,8.877805709838867,-2.1932153701782227,2.1886239051818848,1.189210793176312
29,8.89941120147705,-2.194505214691162,2.1880953311920166,1.1893230494035787
29,8.92101764678955,-2.19578218460083,2.187556743621826,1.1894710057516633
29,8.942625045776367,-2.1970462799072266,2.1870076656341553,1.189643719851315
29,8.964231491088867,-2.198296546936035,2.186448335647583,1.1898316437976315
29,8.98583984375,-2.1995325088500977,2.185878038406372,1.1900247315917358
29,9.007448196411133,-2.2007534503936768,2.1852974891662598,1.1902049085225372
29,9.029056549072266,-2.2019596099853516,2.184706687927246,1.1903651133743633
29,9.050666809082031,-2.203150510787964,2.184105396270752,1.1905020440888556
29,9.07227611541748,-2.204326868057251,2.1834943294525146,1.1906044610148714
29,9.093887329101562,-2.205489158630371,2.1828737258911133,1.190674450413156
29,9.115497589111328,-2.2066380977630615,2.182243585586548,1.190716485380688
29,9.13710880279541,-2.2077746391296387,2.1816039085388184,1.1907371917068588
29,9.158720970153809,-2.208900213241577,2.180955410003662,1.19074529034644
29,9.180333137512207,-2.2100155353546143,2.180297613143921,1.1907516961358076
29,9.201944351196289,-2.2111222743988037,2.1796305179595947,1.1907679632342971
29,9.223556518554688,-2.212221384048462,2.1789541244506836,1.1908083908085327
29,9.245169639587402,-2.213313341140747,2.1782684326171875,1.1908872362321619
29,9.2667818069458,-2.2143988609313965,2.177572727203369,1.1910102384519943
29,9.288393020629883,-2.2154784202575684,2.1768672466278076,1.1911819053241903
29,9.310006141662598,-2.2165517807006836,2.1761512756347656,1.1914047518553461
29,9.33161735534668,-2.217618465423584,2.175424814224243,1.1916804243314807
29,9.353230476379395,-2.2186779975891113,2.174687385559082,1.1920095035686693
29,9.374841690063477,-2.2197296619415283,2.1739389896392822,1.1923916314308918
29,9.396453857421875,-2.2207725048065186,2.1731789112091064,1.1928291046751367
29,9.418066024780273,-2.2218053340911865,2.1724071502685547,1.1933077938696077
29,9.439678192138672,-2.222827196121216,2.171623468399048,1.1938216130346588
29,9.461291313171387,-2.223836898803711,2.170828104019165,1.1943649552010214
29,9.482903480529785,-2.2248332500457764,2.1700210571289062,1.194933288521661
29,9.5045166015625,-2.2258148193359375,2.1692023277282715,1.1955096059313668
29,9.526129722595215,-2.2267813682556152,2.16837215423584,1.1961029792899525
29,9.54774284362793,-2.227731227874756,2.1675312519073486,1.196719308243331
29,9.569356918334961,-2.228663921356201,2.1666791439056396,1.1973613171205946
29,9.590970993041992,-2.2295784950256348,2.165816068649292,1.1980320883485958
29,9.61258602142334,-2.2304742336273193,2.1649422645568848,1.198735768484773
29,9.634200096130371,-2.2313499450683594,2.164057493209839,1.1994748917523337
29,9.655815124511719,-2.2322049140930176,2.163161516189575,1.2002531541670578
29,9.677431106567383,-2.2330377101898193,2.1622543334960938,1.2010715921131225
29,9.699047088623047,-2.23384690284729,2.1613359451293945,1.2019305304096157
29,9.720663070678711,-2.234631061553955,2.1604065895080566,1.2028262886929415
29,9.742280960083008,-2.2353885173797607,2.159466505050659,1.2037448256505128
29,9.763897895812988,-2.236117124557495,2.1585166454315186,1.2046759108708203
29,9.785515785217285,-2.236814498901367,2.157557725906372,1.2056080853222035
29,9.807134628295898,-2.237478494644165,2.1565911769866943,1.206529802787024
29,9.828754425048828,-2.2381064891815186,2.155618190765381,1.2074296270601885
29,9.850375175476074,-2.2386958599090576,2.1546409130096436,1.2082960884269853
29,9.871996879577637,-2.2392444610595703,2.153661012649536,1.2091100886909383
29,9.8936185836792,-2.2397494316101074,2.1526801586151123,1.209866877344754
29,9.915242195129395,-2.240208864212036,2.151700735092163,1.2105592842738486
29,9.936867713928223,-2.2406203746795654,2.150724411010742,1.2111779538571765
29,9.95849323272705,-2.2409822940826416,2.1497535705566406,1.2117142953179392
29,9.980119705200195,-2.2412924766540527,2.148789882659912,1.2121603396454463
29,10.001748085021973,-2.2415499687194824,2.1478359699249268,1.2125085856549853
29,10.023377418518066,-2.241752862930298,2.1468935012817383,1.2127412075242257
29,10.04500675201416,-2.2419002056121826,2.1459643840789795,1.2128470386542811
29,10.066637992858887,-2.2419915199279785,2.1450507640838623,1.2128290205877803
29,10.08827018737793,-2.242025852203369,2.1441545486450195,1.2126810032847721
29,10.109903335571289,-2.2420027256011963,2.143277645111084,1.2123970924777232
29,10.131536483764648,-2.241921901702881,2.1424219608306885,1.2119710516943796
29,10.153178215026855,-2.2417831420898438,2.1415891647338867,1.2113964154039971
29,10.174890518188477,-2.2415857315063477,2.1407787799835205,1.2106599691972528
29,10.196602821350098,-2.2413296699523926,2.139995813369751,1.2097219374887966
29,10.218640327453613,-2.2410106658935547,2.139230966567993,1.208589496609577
29,10.241581916809082,-2.2406160831451416,2.1384687423706055,1.2072381795533305
29,10.26623821258545,-2.2401232719421387,2.137690544128418,1.205627179550767
29,10.29312801361084,-2.2395079135894775,2.136892318725586,1.2035383083597886
29,10.32001781463623,-2.23881459236145,2.1361494064331055,1.201241017736946
29,10.348888397216797,-2.2379889488220215,2.1354167461395264,1.1985680840824051
29,10.37775707244873,-2.2370846271514893,2.134754180908203,1.1954742622964376
29,10.407796859741211,-2.2360668182373047,2.1341426372528076,1.1920859125693737
29,10.438282012939453,-2.234964370727539,2.1336071491241455,1.1882859318060137
29,10.468765258789062,-2.233799695968628,2.133159637451172,1.1842300250049778
29,10.499347686767578,-2.2325825691223145,2.1328012943267822,1.1799924826785755
29,10.529929161071777,-2.231328010559082,2.132535219192505,1.1754482065972536
29,10.56052017211914,-2.2300477027893066,2.1323623657226562,1.1708121852602649
29,10.59111213684082,-2.228757858276367,2.132282018661499,1.1660329370650422
29,10.6217041015625,-2.227468252182007,2.1322948932647705,1.1611722166175873
29,10.652295112609863,-2.2261948585510254,2.132399559020996,1.1562719699913346
29,10.68288803100586,-2.2249503135681152,2.1325950622558594,1.1513623561521884
29,10.713481903076172,-2.223745346069336,2.132880926132202,1.146447448083048
29,10.7440767288208,-2.2225942611694336,2.1332547664642334,1.1415843219415196
29,10.774672508239746,-2.2215068340301514,2.133716344833374,1.1368643015293112
29,10.805269241333008,-2.2204954624176025,2.134263277053833,1.132233281488898
29,10.835867881774902,-2.219572067260742,2.1348934173583984,1.1278218493082703
29,10.866466522216797,-2.218744993209839,2.135605812072754,1.1235988225370317
29,10.897066116333008,-2.2180259227752686,2.136397361755371,1.1195505288725276
29,10.927666664123535,-2.2174222469329834,2.1372666358947754,1.1158498704578588
29,10.958267211914062,-2.216942071914673,2.138211727142334,1.112331541581805
29,10.988866806030273,-2.216593027114868,2.139230489730835,1.109135182632386
29,11.019464492797852,-2.2163798809051514,2.140322208404541,1.10623931054336
29,11.050061225891113,-2.2163076400756836,2.1414852142333984,1.1035552596345086
29,11.080655097961426,-2.216378927230835,2.1427199840545654,1.1013106259018042
29,11.111245155334473,-2.2165961265563965,2.144026041030884,1.0992801407996748
29,11.141829490661621,-2.2169601917266846,2.1454050540924072,1.0975602610479203
29,11.172409057617188,-2.217470169067383,2.146857976913452,1.0961759207227
29,11.202982902526855,-2.218125104904175,2.1483876705169678,1.0950118239595115
29,11.233551025390625,-2.2189221382141113,2.1499972343444824,1.0942247800891949
29,11.264110565185547,-2.219857931137085,2.1516897678375244,1.0936818664758938
29,11.294668197631836,-2.2209279537200928,2.153470516204834,1.0934092239370696
29,11.325215339660645,-2.2221271991729736,2.1553428173065186,1.0934695484273629
29,11.3557767868042,-2.2234504222869873,2.157313585281372,1.0937508491574444
29,11.386391639709473,-2.2248916625976562,2.159391403198242,1.0943773316674466
29,11.416993141174316,-2.2264420986175537,2.161576747894287,1.0951888142717108
29,11.447720527648926,-2.228100299835205,2.163888454437256,1.096231015224003
29,11.478433609008789,-2.2298519611358643,2.166322946548462,1.0977103709930864
29,11.509380340576172,-2.231703996658325,2.1689083576202393,1.0994345807001993
29,11.545591354370117,-2.2339625358581543,2.1721057891845703,1.1018315123438847
29,11.581779479980469,-2.2362990379333496,2.17549991607666,1.104245518334948
29,11.647294998168945,-2.2406439781188965,2.182124137878418,1.1100869699582605
29,11.712740898132324,-2.2450547218322754,2.1893627643585205,1.1174730265980217
29,11.783913612365723,-2.249784231185913,2.197929620742798,1.1263394790681143
29,11.91241455078125,-2.2573623657226562,2.214833974838257,1.1430679927884648
29,12.015172958374023,-2.2621588706970215,2.2294018268585205,1.156143754415368
29,12.135712623596191,-2.2656638622283936,2.246805429458618,1.1706625162875908
29,12.18276596069336,-2.2663967609405518,2.253598928451538,1.1748891167544673
30,0.7651656270027161,0.9725102782249451,0.7238213419914246,1.0151910749894246
30,0.8844839930534363,0.9726080298423767,0.7294859290122986,1.0145466532768315
30,1.0054833889007568,0.9727017283439636,0.7367348074913025,1.012105002712835
30,1.1263556480407715,0.9727926254272461,0.745851993560791,1.007007668707689
30,1.247788429260254,0.9729024171829224,0.7573956847190857,1.0009568961446926
30,1.3690060377120972,0.9730545878410339,0.7710235714912415,0.9943483451935321
30,1.4527257680892944,0.9731971621513367,0.7814217209815979,0.9909031414194333
30,1.5741711854934692,0.9734512567520142,0.7969756722450256,0.9897461539197705
30,1.6956557035446167,0.9737516045570374,0.8122186064720154,0.9897613792660145
30,1.8173542022705078,0.9740893244743347,0.8258408308029175,0.9904289279176159
30,1.909694790840149,0.9743701815605164,0.834635853767395,0.9907039405088374
30,2.031864881515503,0.9747865796089172,0.84303218126297,0.9907996271012969
30,2.1542510986328125,0.9752623438835144,0.8473865389823914,0.992306880231789
30,2.276715040206909,0.9758079648017883,0.8472565412521362,0.9951976156221454
30,2.3991119861602783,0.9764233231544495,0.843161940574646,1.0013149386819797
30,2.5213510990142822,0.9771028161048889,0.8356845378875732,1.0100695201814196
30,2.6434366703033447,0.9778221249580383,0.8261032104492188,1.0209283377435192
30,2.7654170989990234,0.978564977645874,0.8152540326118469,1.035934528468591
30,2.8873584270477295,0.9793161749839783,0.8039733171463013,1.0537313848453862
30,3.009321928024292,0.9800804257392883,0.7929381132125854,1.076373707298149
30,3.1313388347625732,0.9808596968650818,0.7825113534927368,1.107065539065511
30,3.253432512283325,0.9816569089889526,0.773028552532196,1.1428980722050548
30,3.375570297241211,0.9824497103691101,0.7641274333000183,1.1937242802290853
30,3.497716188430786,0.9832163453102112,0.75533527135849,1.2499492207075957
30,3.6197588443756104,0.9839293956756592,0.7452173233032227,1.3144962920466488
30,3.7048490047454834,0.9843898415565491,0.7370297312736511,1.3603437821460487
30,3.8263742923736572,0.984982430934906,0.7222614884376526,1.425681294594152
30,3.917630195617676,0.9854288697242737,0.7086705565452576,1.4670217494134965
30,4.037812232971191,0.9863100051879883,0.6865471005439758,1.520191213347495
30,4.157113075256348,0.9878011345863342,0.6600976586341858,1.5430165774807627
30,4.274381637573242,0.9902423620223999,0.6298408508300781,1.547987171030461
30,4.388113975524902,0.9930114150047302,0.5979078412055969,1.5175054700294528
30,4.43649959564209,0.9941691160202026,0.5837823748588562,1.5057656200607898
30,4.544268608093262,0.9961265921592712,0.5535059571266174,1.4848863679341209
30,4.653107643127441,0.9968400597572327,0.5273297429084778,1.488260061411239
30,4.756418704986572,0.9963364005088806,0.511027991771698,1.5267884638085882
30,4.860754013061523,0.9956992268562317,0.5037746429443359,1.593334292085917
30,4.925806522369385,0.9957317113876343,0.5033884048461914,1.633432184556317
30,5.016495227813721,0.9969085454940796,0.5059224963188171,1.6807486618984693
30,5.107551574707031,0.9994487762451172,0.5095674991607666,1.706467939715243
30,5.200987815856934,1.0032821893692017,0.5133140087127686,1.716778197556925
30,5.2735981941223145,1.0069211721420288,0.5165544748306274,1.7254940706128883
30,5.328967571258545,1.009957194328308,0.5197094678878784,1.7323750488364693
30,5.427158355712891,1.0155047178268433,0.5282904505729675,1.7438081811023338
30,5.475143909454346,1.018115520477295,0.5342927575111389,1.7417688946008665
30,5.5741190910339355,1.0226960182189941,0.5521820187568665,1.732910931162992
30,5.672935485839844,1.0260902643203735,0.5778015851974487,1.6971808929353525
30,5.769901752471924,1.0287377834320068,0.6101469397544861,1.6095765287558552
30,5.818704605102539,1.0300408601760864,0.6288120150566101,1.562654451659935
30,5.915060043334961,1.0331546068191528,0.6676574945449829,1.466568824203338
30,6.012325763702393,1.037387728691101,0.7064309120178223,1.368933426830517
30,6.110974311828613,1.0430465936660767,0.7412996888160706,1.2845858524332172
30,6.205276966094971,1.0496504306793213,0.7681785225868225,1.2326102829133243
30,6.246766090393066,1.0528780221939087,0.7779079675674438,1.2148193495963808
30,6.3477702140808105,1.0615144968032837,0.7968727946281433,1.1859564249251628
30,6.449556827545166,1.0713165998458862,0.8103232383728027,1.16605579633297
30,6.548900604248047,1.0818911790847778,0.8192986249923706,1.1545454595320055
30,6.648502826690674,1.0935046672821045,0.8248788714408875,1.1451152527155757
30,6.674130439758301,1.0966601371765137,0.8258267045021057,1.1427864418959488
30,6.6995344161987305,1.0998563766479492,0.826587438583374,1.1407709999299787
30,6.7253289222717285,1.1031696796417236,0.8271883726119995,1.1390009164184305
30,6.750568389892578,1.1064791679382324,0.82761150598526,1.137399610644933
30,6.7757415771484375,1.1098471879959106,0.8278740644454956,1.1360400336086363
30,6.8008575439453125,1.113273024559021,0.8279832005500793,1.1348753844017883
30,6.825712203979492,1.1167287826538086,0.8279430270195007,1.133901949551626
30,6.850430011749268,1.1202291250228882,0.8277613520622253,1.1331570197133658
30,6.875386714935303,1.1238280534744263,0.8274375796318054,1.132612268795983
30,6.900632381439209,1.127533197402954,0.8269717693328857,1.1322774160787052
30,6.925613880157471,1.1312639713287354,0.8263755440711975,1.132146695443434
30,6.950307846069336,1.1350146532058716,0.8256552219390869,1.132225700580756
30,6.974701881408691,1.1387825012207031,0.824815034866333,1.132544655157295
30,6.99935245513916,1.142650842666626,0.8238419890403748,1.1330943506528346
30,7.024621963500977,1.1466761827468872,0.8227229118347168,1.1338615632414586
30,7.049825191497803,1.150750994682312,0.8214842677116394,1.134864991948756
30,7.075061321258545,1.1548906564712524,0.8201212882995605,1.1361425242114027
30,7.100255489349365,1.1590814590454102,0.8186394572257996,1.137655716222217
30,7.125422477722168,1.1633238792419434,0.8170400857925415,1.1393838648413888
30,7.1504926681518555,1.1676039695739746,0.8153300881385803,1.1413484955184687
30,7.175517559051514,1.17192804813385,0.8135085105895996,1.1435618057307728
30,7.200491428375244,1.1762924194335938,0.811578094959259,1.146029849372113
30,7.225506782531738,1.1807105541229248,0.8095334768295288,1.1488009110232222
30,7.2504682540893555,1.185163140296936,0.8073844313621521,1.1518713289474187
30,7.275231838226318,1.189621925354004,0.8051468729972839,1.1552014833262676
30,7.300141334533691,1.1941466331481934,0.8027938604354858,1.1588962449295754
30,7.3249430656433105,1.1986902952194214,0.8003515601158142,1.1629922558708565
30,7.349632263183594,1.2032502889633179,0.7978242635726929,1.1675391902578383
30,7.374316692352295,1.2078454494476318,0.7952036261558533,1.1727018371256384
30,7.398985862731934,1.2124717235565186,0.7924935817718506,1.1786211159726305
30,7.423574924468994,1.217113971710205,0.7897049784660339,1.1853106326868885
30,7.4480814933776855,1.2217663526535034,0.786842942237854,1.1928690306643346
30,7.472503662109375,1.22642183303833,0.7839147448539734,1.201198425013565
30,7.496781826019287,1.2310601472854614,0.7809401750564575,1.210349974106011
30,7.520992755889893,1.2356845140457153,0.7779232263565063,1.2208504286372792
30,7.545124053955078,1.2402714490890503,0.7748891711235046,1.2326823973537815
30,7.569266319274902,1.2448053359985352,0.7718625068664551,1.2457464833310754
30,7.593349933624268,1.2492294311523438,0.7689006328582764,1.2583248841983332
30,7.617387771606445,1.2535014152526855,0.7660539746284485,1.2689397295316076
30,7.641489028930664,1.2576013803482056,0.7633584141731262,1.276279502195705
30,7.665558815002441,1.2614951133728027,0.7608509063720703,1.2796965142142929
30,7.689593315124512,1.2651880979537964,0.7585275173187256,1.2795968852191622
30,7.713583469390869,1.268707275390625,0.756354570388794,1.2771625867589418
30,7.737517833709717,1.2720942497253418,0.7542814016342163,1.2738861646909179
30,7.761386394500732,1.2753925323486328,0.7522578835487366,1.2708473804958644
30,7.785295009613037,1.2786487340927124,0.7502405047416687,1.268472954451591
30,7.809205532073975,1.281878113746643,0.7482115626335144,1.2670188226757133
30,7.833041667938232,1.2850815057754517,0.7461672425270081,1.2665916142181681
30,7.8568034172058105,1.2882659435272217,0.7441027760505676,1.267192462304017
30,7.880729675292969,1.2914663553237915,0.7419957518577576,1.2688573939533216
30,7.904378890991211,1.2946242094039917,0.7398847341537476,1.271625870051575
30,7.927966117858887,1.2977657318115234,0.7377542853355408,1.2756032633010381
30,7.95149564743042,1.30088472366333,0.7356113791465759,1.280927088986515
30,7.9749650955200195,1.3039686679840088,0.7334694266319275,1.2875973083157928
30,7.998390197753906,1.3070000410079956,0.7313491702079773,1.2952580137341427
30,8.021780014038086,1.3099539279937744,0.7292813062667847,1.3030626998258539
30,8.045144081115723,1.3128020763397217,0.727301836013794,1.3100935357919552
30,8.068490028381348,1.3155181407928467,0.7254441976547241,1.3155744728873917
30,8.091863632202148,1.3180856704711914,0.7237309217453003,1.3188937897016946
30,8.115224838256836,1.3204902410507202,0.7221758365631104,1.32000431566358
30,8.138646125793457,1.3227448463439941,0.720765233039856,1.3191497873342153
30,8.161966323852539,1.3248553276062012,0.7194801568984985,1.3167971952721877
30,8.185199737548828,1.3268557786941528,0.7182785868644714,1.313530594103009
30,8.208696365356445,1.328805923461914,0.7171058058738708,1.3099482658324473
30,8.23216438293457,1.3307040929794312,0.7159487009048462,1.306544386802805
30,8.255602836608887,1.3325674533843994,0.7147877216339111,1.3036290352842208
30,8.279011726379395,1.3344072103500366,0.7136105895042419,1.3013590620087463
30,8.302392959594727,1.336229681968689,0.7124107480049133,1.2998015898559039
30,8.325746536254883,1.338036298751831,0.7111872434616089,1.2989615713037304
30,8.34907341003418,1.3398250341415405,0.7099447250366211,1.2987605877178248
30,8.37237548828125,1.3415915966033936,0.7086930274963379,1.2990452057349071
30,8.39565372467041,1.3433302640914917,0.7074444890022278,1.2996629033029088
30,8.418910026550293,1.3450340032577515,0.7062123417854309,1.3005075112705222
30,8.441963195800781,1.346680760383606,0.7050197720527649,1.301487084489852
30,8.465051651000977,1.34827721118927,0.703869104385376,1.302499118448641
30,8.488343238830566,1.349824070930481,0.7027668356895447,1.3034336058034495
30,8.511612892150879,1.3512955904006958,0.7017369866371155,1.3041216432319092
30,8.534942626953125,1.352688193321228,0.7007856369018555,1.3045016652773407
30,8.558245658874512,1.3539915084838867,0.6999210715293884,1.3044996084529217
30,8.581521034240723,1.3552035093307495,0.699141800403595,1.304067063882725
30,8.604766845703125,1.3563263416290283,0.6984404921531677,1.3031905489486837
30,8.627978324890137,1.3573651313781738,0.6978043913841248,1.3018986761261466
30,8.651152610778809,1.3583282232284546,0.6972172260284424,1.3002608864715086
30,8.674243927001953,1.3592242002487183,0.6966624855995178,1.2984107560598848
30,8.697291374206543,1.360066294670105,0.6961225867271423,1.2965092253227646
30,8.720291137695312,1.3608648777008057,0.6955847144126892,1.294656553604584
30,8.74277114868164,1.3616114854812622,0.6950515508651733,1.2929289009275613
30,8.765252113342285,1.362329125404358,0.6945065855979919,1.2913675948027878
30,8.788212776184082,1.3630344867706299,0.6939375400543213,1.2899365638102736
30,8.811119079589844,1.3637105226516724,0.693360447883606,1.288645538406999
30,8.833968162536621,1.364356279373169,0.6927818655967712,1.2874754916596896
30,8.856769561767578,1.3649710416793823,0.6922100782394409,1.2863959226429054
30,8.879551887512207,1.3655539751052856,0.6916534304618835,1.2853777497245564
30,8.902326583862305,1.3661028146743774,0.6911215782165527,1.284393327598845
30,8.925091743469238,1.3666143417358398,0.6906237006187439,1.2834254747867249
30,8.947847366333008,1.3670854568481445,0.6901686787605286,1.2824604334444565
30,8.97059440612793,1.3675130605697632,0.6897638440132141,1.2814876261829284
30,8.993330001831055,1.3678945302963257,0.6894150376319885,1.2805011351765208
30,9.0160551071167,1.3682280778884888,0.6891257166862488,1.279496261737103
30,9.038753509521484,1.3685128688812256,0.688896894454956,1.278478528675728
30,9.061439514160156,1.3687493801116943,0.6887267827987671,1.277457162284533
30,9.08410930633545,1.36893892288208,0.6886115670204163,1.2764418771065342
30,9.106764793395996,1.3690836429595947,0.6885457634925842,1.2754445878007632
30,9.129403114318848,1.3691869974136353,0.6885223984718323,1.2744787017966581
30,9.152023315429688,1.3692528009414673,0.6885347366333008,1.2735650035301118
30,9.174605369567871,1.369285225868225,0.6885761618614197,1.2727148549053617
30,9.197166442871094,1.3692890405654907,0.6886419653892517,1.271935782893301
30,9.219704627990723,1.3692682981491089,0.6887292265892029,1.2712337497792063
30,9.242220878601074,1.3692265748977661,0.6888371706008911,1.2705136169821407
30,9.264678955078125,1.3691668510437012,0.6889662146568298,1.2698161125688412
30,9.287114143371582,1.3690916299819946,0.6891197562217712,1.2691955196505362
30,9.309499740600586,1.3690029382705688,0.6893019676208496,1.2686473135158671
30,9.331857681274414,1.3689018487930298,0.6895185112953186,1.268155868395199
30,9.35418701171875,1.3687885999679565,0.6897755265235901,1.2677106296795524
30,9.376485824584961,1.368662714958191,0.6900797486305237,1.2673018647022993
30,9.398754119873047,1.368523359298706,0.6904379725456238,1.2669197435676065
30,9.420989990234375,1.3683693408966064,0.6908565759658813,1.2665556044135386
30,9.443191528320312,1.3681992292404175,0.6913412809371948,1.266200192673591
30,9.465356826782227,1.3680118322372437,0.6918967962265015,1.2658435429933153
30,9.487485885620117,1.3678059577941895,0.6925265789031982,1.265474792142608
30,9.509576797485352,1.3675804138183594,0.6932326555252075,1.2650812491260086
30,9.531627655029297,1.3673347234725952,0.6940153241157532,1.264649388563042
30,9.553637504577637,1.3670685291290283,0.6948736310005188,1.2641650818878059
30,9.575606346130371,1.3667821884155273,0.6958049535751343,1.2636144853417999
30,9.597533226013184,1.3664765357971191,0.6968054175376892,1.2629852835279662
30,9.619416236877441,1.3661531209945679,0.697870135307312,1.2622677999499385
30,9.641257286071777,1.3658140897750854,0.6989935636520386,1.2614562156466913
30,9.663054466247559,1.3654621839523315,0.700169563293457,1.2605492434531584
30,9.684807777404785,1.365100622177124,0.7013920545578003,1.2595507320604897
30,9.706518173217773,1.3647329807281494,0.7026547789573669,1.2584698278194324
30,9.72818660736084,1.3643628358840942,0.7039521336555481,1.2573201447324984
30,9.7498140335083,1.3639934062957764,0.7052792310714722,1.2561183873596014
30,9.771440505981445,1.3636267185211182,0.706634521484375,1.254862680014872
30,9.793045997619629,1.3632653951644897,0.7080138921737671,1.2535792130642809
30,9.814647674560547,1.362910270690918,0.7094166874885559,1.2522734261970037
30,9.836248397827148,1.3625624179840088,0.7108418941497803,1.2509469204491044
30,9.857848167419434,1.362221598625183,0.7122892141342163,1.2495973697712535
30,9.879446029663086,1.3618868589401245,0.7137589454650879,1.2482184958867928
30,9.901042938232422,1.361556887626648,0.7152515053749084,1.2467860974113172
30,9.922637939453125,1.3612288236618042,0.7167673707008362,1.2452190197433468
30,9.944231033325195,1.360899806022644,0.7183070182800293,1.2435726908700064
30,9.96582317352295,1.3605672121047974,0.7198705673217773,1.2418318195720028
30,9.987412452697754,1.360228180885315,0.7214577794075012,1.2399777710407112
30,10.009000778198242,1.3598800897598267,0.7230675220489502,1.2379947794505486
30,10.030586242675781,1.359520673751831,0.7246978282928467,1.2358711505503888
30,10.05217170715332,1.3591485023498535,0.726345956325531,1.2336010187578899
30,10.07375431060791,1.3587629795074463,0.7280079126358032,1.2311771474597968
30,10.0953369140625,1.358364224433899,0.7296792268753052,1.2286105161959424
30,10.116918563842773,1.3579531908035278,0.7313548922538757,1.225940981465123
30,10.138500213623047,1.3575319051742554,0.7330291271209717,1.2231908053058151
30,10.160089492797852,1.357102632522583,0.7346968054771423,1.2203782268866623
30,10.181750297546387,1.356666922569275,0.7363570332527161,1.2175151331798184
30,10.2037353515625,1.3562227487564087,0.7380231618881226,1.2145922229923372
30,10.226624488830566,1.3557614088058472,0.739732027053833,1.211583996831163
30,10.249516487121582,1.3553040027618408,0.7414103150367737,1.2086173320133353
30,10.274121284484863,1.3548191785812378,0.7431760430335999,1.2055146251438538
30,10.300960540771484,1.354300618171692,0.7450538277626038,1.2022685910267652
30,10.327802658081055,1.3537936210632324,0.7468799948692322,1.1991753691521634
30,10.3566255569458,1.3532625436782837,0.7487818002700806,1.1959214174640682
30,10.38662338256836,1.3527235984802246,0.7506966590881348,1.1926462002159268
30,10.416625022888184,1.352198600769043,0.7525463700294495,1.1894109997496818
30,10.447075843811035,1.351679801940918,0.7543584704399109,1.1861617318787132
30,10.477530479431152,1.351176142692566,0.7561057209968567,1.1829470920263832
30,10.508089065551758,1.3506876230239868,0.7577943801879883,1.1797423202600008
30,10.538661003112793,1.3502182960510254,0.7594195008277893,1.1765723556233751
30,10.569235801696777,1.349770426750183,0.7609806060791016,1.1734443954288565
30,10.599815368652344,1.3493468761444092,0.7624781727790833,1.170341420185916
30,10.63039779663086,1.348949909210205,0.763912558555603,1.1673246100419075
30,10.660983085632324,1.3485811948776245,0.765284538269043,1.1643349920201918
30,10.691572189331055,1.3482427597045898,0.7665959596633911,1.1613713430530865
30,10.722163200378418,1.3479357957839966,0.7678476572036743,1.1584855420405125
30,10.752758026123047,1.3476622104644775,0.7690420150756836,1.155642300111902
30,10.783353805541992,1.3474239110946655,0.7701808214187622,1.152900334779779
30,10.813953399658203,1.3472224473953247,0.7712655067443848,1.1502153969583018
30,10.84455394744873,1.347060203552246,0.7722983956336975,1.1475973890935596
30,10.87515640258789,1.3469386100769043,0.7732807993888855,1.1450824301758187
30,10.905760765075684,1.3468595743179321,0.7742147445678711,1.1426182882550249
30,10.936366081237793,1.3468246459960938,0.7751026749610901,1.1402598561930195
30,10.966973304748535,1.3468348979949951,0.7759460806846619,1.1379776110313686
30,10.997581481933594,1.3468914031982422,0.7767481207847595,1.1357586816886418
30,11.028190612792969,1.3469948768615723,0.7775108814239502,1.1336628059096518
30,11.058799743652344,1.3471460342407227,0.778236985206604,1.1316219323901806
30,11.089410781860352,1.3473453521728516,0.7789295315742493,1.1296795000712812
30,11.120020866394043,1.3475935459136963,0.779590368270874,1.1278279415451782
30,11.150630950927734,1.3478909730911255,0.7802225947380066,1.1260328000892383
30,11.181241989135742,1.3482383489608765,0.7808285355567932,1.1243669523184658
30,11.21185302734375,1.3486360311508179,0.7814103364944458,1.1227582538515735
30,11.24246597290039,1.3490846157073975,0.7819708585739136,1.1212329941282753
30,11.273077011108398,1.3495843410491943,0.782511830329895,1.1198047671390292
30,11.303696632385254,1.3501355648040771,0.7830362319946289,1.1184284697394387
30,11.334339141845703,1.3507388830184937,0.7835466265678406,1.1171466846429752
30,11.364981651306152,1.3513938188552856,0.7840445637702942,1.1159315442453077
30,11.395689010620117,1.3521016836166382,0.7845339775085449,1.114784515950473
30,11.42639446258545,1.352860927581787,0.7850152850151062,1.113732611975481
30,11.457239151000977,1.353675365447998,0.7854927182197571,1.1127320300619015
30,11.488332748413086,1.354549527168274,0.7859705686569214,1.1118345429076528
30,11.519424438476562,1.3554770946502686,0.7864465117454529,1.1109623463366523
30,11.555824279785156,1.356628179550171,0.7870039343833923,1.1099778723064255
30,11.5922212600708,1.3578486442565918,0.7875608801841736,1.1090631521492011
30,11.658162117004395,1.3602256774902344,0.7885819673538208,1.1078335608832695
30,11.729931831359863,1.3630551099777222,0.7897165417671204,1.107218134252522
30,11.801691055297852,1.366121530532837,0.7908825278282166,1.1057999542445838
30,11.931364059448242,1.3721500635147095,0.7929922342300415,1.1064611328869534
30,12.061017036437988,1.3786168098449707,0.7949424982070923,1.1098941149212584
30,12.182680130004883,1.3848168849945068,0.796453595161438,1.1135974170274736
30,12.304697036743164,1.3908449411392212,0.7975202202796936,1.1174512263209566
30,12.426734924316406,1.3964869976043701,0.7980430126190186,1.1205867004165264
30,12.548985481262207,1.4014533758163452,0.797856330871582,1.1232246511123243
30,12.65914249420166,1.405192255973816,0.7969831824302673,1.1228640026351393
31,0.5894017815589905,-1.0331236124038696,2.0106592178344727,1.001691344863802
31,0.7046582102775574,-1.033216953277588,2.0141053199768066,1.0024890955897237
31,0.8233585357666016,-1.0333296060562134,2.0186431407928467,1.0035918899933012
31,0.9420135021209717,-1.033456802368164,2.0242421627044678,1.0055770528320576
31,1.0606111288070679,-1.0335947275161743,2.030945062637329,1.0081053634750763
31,1.1822991371154785,-1.0337446928024292,2.0387229919433594,1.0126542051109548
31,1.2769019603729248,-1.0338656902313232,2.0452463626861572,1.0164362393380406
31,1.398931860923767,-1.034026861190796,2.053781032562256,1.0220765884319232
31,1.520973801612854,-1.0341938734054565,2.062140703201294,1.027744811730829
31,1.6431798934936523,-1.0343694686889648,2.069766044616699,1.0334632511783541
31,1.7654531002044678,-1.0345581769943237,2.0762135982513428,1.038760045832271
31,1.8878021240234375,-1.034765601158142,2.0810062885284424,1.0436597591828463
31,2.0102460384368896,-1.035001516342163,2.083627700805664,1.0477026702544634
31,2.1327171325683594,-1.0352720022201538,2.0838358402252197,1.0502922042573561
31,2.2551639080047607,-1.035586953163147,2.081366777420044,1.0523996094011472
31,2.3775315284729004,-1.0359511375427246,2.076312780380249,1.0517704625042503
31,2.499772787094116,-1.036368489265442,2.0687973499298096,1.050374895768074
31,2.6218719482421875,-1.0368388891220093,2.059243679046631,1.0474780627433002
31,2.7438182830810547,-1.0373611450195312,2.047903299331665,1.043103062937907
31,2.864473342895508,-1.0379269123077393,2.0352914333343506,1.038269438581694
31,2.9861528873443604,-1.03854501247406,2.0213778018951416,1.032142214245113
31,3.107705593109131,-1.039209008216858,2.0063984394073486,1.0253948255425658
31,3.2291297912597656,-1.0399188995361328,1.990410327911377,1.0179187718920661
31,3.350409746170044,-1.0406763553619385,1.9733670949935913,1.008340145934396
31,3.4715211391448975,-1.0414843559265137,1.9551665782928467,0.9975791839829546
31,3.592424154281616,-1.0423539876937866,1.9356346130371094,0.9831158346303188
31,3.7130703926086426,-1.0432965755462646,1.9145770072937012,0.9657131342081917
31,3.833395004272461,-1.044345498085022,1.891868233680725,0.945350084709975
31,3.9533989429473877,-1.0455377101898193,1.8675247430801392,0.9194927343065616
31,4.052616596221924,-1.0466761589050293,1.8462581634521484,0.8966578885063561
31,4.170884132385254,-1.0482969284057617,1.820071816444397,0.8645695077659871
31,4.289071083068848,-1.0503004789352417,1.793550968170166,0.8303072270366417
31,4.404295921325684,-1.0528647899627686,1.7687369585037231,0.7940932169450736
31,4.4911980628967285,-1.055336356163025,1.7513564825057983,0.7676875516592496
31,4.601075649261475,-1.0594303607940674,1.7325712442398071,0.7361108919963788
31,4.71157169342041,-1.0648669004440308,1.7183400392532349,0.713409852363142
31,4.814117908477783,-1.0713213682174683,1.710263729095459,0.6986043328448779
31,4.9089765548706055,-1.0785623788833618,1.70743989944458,0.6913383368213917
31,4.998604774475098,-1.0864481925964355,1.7087563276290894,0.6899799486732698
31,5.085615634918213,-1.0949151515960693,1.7135300636291504,0.6937106932980203
31,5.172335147857666,-1.1039440631866455,1.7215073108673096,0.7022352694485543
31,5.257925510406494,-1.1132169961929321,1.7323243618011475,0.7159743391063931
31,5.342989444732666,-1.1225836277008057,1.745680809020996,0.7348531966634951
31,5.427684783935547,-1.1319129467010498,1.761151909828186,0.7577310226246541
31,5.512085437774658,-1.141121745109558,1.7782270908355713,0.7835876363678761
31,5.596334934234619,-1.1501926183700562,1.7963486909866333,0.8109712896255533
31,5.680437088012695,-1.1591384410858154,1.8149710893630981,0.8381465661787769
31,5.764854431152344,-1.16806161403656,1.8337303400039673,0.8633528429932452
31,5.851396560668945,-1.1772465705871582,1.8526556491851807,0.8869560688577112
31,5.942191123962402,-1.18704354763031,1.871970772743225,0.9094335895035098
31,6.0364766120910645,-1.1975167989730835,1.8913172483444214,0.9302248299634492
31,6.13388729095459,-1.2087842226028442,1.9105085134506226,0.9491681653823765
31,6.23138427734375,-1.2205989360809326,1.9289162158966064,0.9664876991952523
31,6.331498622894287,-1.2333214282989502,1.9470031261444092,0.9831092687887012
31,6.431673049926758,-1.246643304824829,1.9643073081970215,0.9997910743910763
31,6.530304431915283,-1.2602028846740723,1.9804540872573853,1.0154617128907644
31,6.582284450531006,-1.267452597618103,1.9885369539260864,1.0242597260853052
31,6.608764171600342,-1.2711586952209473,1.992527723312378,1.0284341884112365
31,6.635125637054443,-1.2748509645462036,1.9964148998260498,1.0322322795928733
31,6.6614990234375,-1.2785446643829346,2.000216245651245,1.0362178566274036
31,6.687770843505859,-1.2822208404541016,2.0039119720458984,1.0400676276583265
31,6.713904857635498,-1.285871148109436,2.007497549057007,1.043729726587175
31,6.740170955657959,-1.289530634880066,2.011009454727173,1.0472672937411998
31,6.766468048095703,-1.293182134628296,2.0144309997558594,1.050661070056874
31,6.792765140533447,-1.2968193292617798,2.017756462097168,1.0538816396660673
31,6.819083213806152,-1.3004425764083862,2.020986557006836,1.05691595409519
31,6.845315456390381,-1.3040354251861572,2.0241072177886963,1.0597558161741143
31,6.871561050415039,-1.3076099157333374,2.0271291732788086,1.06237811739132
31,6.897824764251709,-1.3111652135849,2.0300514698028564,1.0647697217373335
31,6.924114227294922,-1.3147014379501343,2.0328738689422607,1.0669194997802813
31,6.950423240661621,-1.3182172775268555,2.0355942249298096,1.0688176989262077
31,6.976710319519043,-1.3217074871063232,2.038208246231079,1.070461512519524
31,7.00300407409668,-1.325176477432251,2.0407187938690186,1.0718420587638702
31,7.029209136962891,-1.3286125659942627,2.0431175231933594,1.0729736307310032
31,7.0554118156433105,-1.3320287466049194,2.0454134941101074,1.07383762524264
31,7.081606864929199,-1.3354264497756958,2.047607898712158,1.074435548811039
31,7.107788562774658,-1.338807463645935,2.049701452255249,1.074771732482719
31,7.133951187133789,-1.3421740531921387,2.0516960620880127,1.0748527093797204
31,7.160089015960693,-1.345529317855835,2.053593158721924,1.074687085243203
31,7.1861958503723145,-1.3488762378692627,2.0553948879241943,1.074284562921176
31,7.212267875671387,-1.3522181510925293,2.057103157043457,1.0736691003450765
31,7.238183975219727,-1.355543613433838,2.05871319770813,1.0728476728923244
31,7.264057636260986,-1.358871579170227,2.060234785079956,1.0718246009921861
31,7.289883136749268,-1.362205982208252,2.0616705417633057,1.0706104661889526
31,7.315656661987305,-1.365551233291626,2.0630226135253906,1.0692204655211426
31,7.341372489929199,-1.3689117431640625,2.064293622970581,1.0676694307765529
31,7.367413520812988,-1.3723430633544922,2.0655035972595215,1.065924767304989
31,7.393937587738037,-1.3758735656738281,2.0666582584381104,1.0640147167880183
31,7.420366287231445,-1.3794302940368652,2.067737340927124,1.062079179086778
31,7.4467668533325195,-1.3830281496047974,2.068743944168091,1.059901811511864
31,7.472006797790527,-1.3865158557891846,2.0696423053741455,1.05774302386452
31,7.497218608856201,-1.3900511264801025,2.0704801082611084,1.0554178338841154
31,7.521805763244629,-1.3935551643371582,2.0712411403656006,1.0530901429231105
31,7.547996997833252,-1.3973510265350342,2.071997880935669,1.050661291611378
31,7.573905944824219,-1.4011733531951904,2.072697401046753,1.0481244988734295
31,7.599053859710693,-1.4049545526504517,2.073331356048584,1.0455381847338876
31,7.62412691116333,-1.408797264099121,2.073925256729126,1.0430199924463444
31,7.649665832519531,-1.4127899408340454,2.074497938156128,1.0403822140262209
31,7.674551010131836,-1.4167670011520386,2.0750274658203125,1.037644883717121
31,7.698828220367432,-1.4207394123077393,2.0755152702331543,1.035186073553956
31,7.723514080047607,-1.4248822927474976,2.075969696044922,1.0325029628392801
31,7.748109340667725,-1.429126262664795,2.076338768005371,1.0293880232122345
31,7.772558689117432,-1.4334661960601807,2.076509475708008,1.024622474226588
31,7.797835826873779,-1.4380441904067993,2.0762152671813965,1.0158038455039449
31,7.81601095199585,-1.441321849822998,2.0754246711730957,1.005501264867905
31,7.841009140014648,-1.4455952644348145,2.073059320449829,0.986310430114974
31,7.86578893661499,-1.449325442314148,2.069145441055298,0.9720922474853223
31,7.889543533325195,-1.4524877071380615,2.064661741256714,0.967069392772439
31,7.911077499389648,-1.4552000761032104,2.0607199668884277,0.9663782558672065
31,7.933536052703857,-1.457948923110962,2.0573596954345703,0.9700238686027208
31,7.9575395584106445,-1.4607998132705688,2.0551228523254395,0.9799452632891215
31,7.981563091278076,-1.4635956287384033,2.054149866104126,0.9894659962401094
31,8.005533218383789,-1.4663770198822021,2.0538251399993896,0.9939005905064283
31,8.029428482055664,-1.4691647291183472,2.0536906719207764,0.995497157498793
31,8.05324649810791,-1.471960186958313,2.053575277328491,0.996274288575182
31,8.076908111572266,-1.4747579097747803,2.0534040927886963,0.9965216203897098
31,8.10048770904541,-1.477573037147522,2.0531039237976074,0.9960522319219617
31,8.12392807006836,-1.4803951978683472,2.052584171295166,0.9946730152231344
31,8.147281646728516,-1.4832056760787964,2.0517184734344482,0.9919685441535568
31,8.170538902282715,-1.4859431982040405,2.050339698791504,0.9876126471368417
31,8.19368839263916,-1.4885176420211792,2.0483205318450928,0.9824521461620278
31,8.216726303100586,-1.490867257118225,2.0457279682159424,0.978324178075275
31,8.239669799804688,-1.4930169582366943,2.0428359508514404,0.9760832934311626
31,8.262540817260742,-1.4950451850891113,2.039914608001709,0.9750625263165396
31,8.285365104675293,-1.4969993829727173,2.037107467651367,0.974618589090734
31,8.308162689208984,-1.4988898038864136,2.034529685974121,0.9752960482973099
31,8.330941200256348,-1.5007233619689941,2.0323004722595215,0.9779689323878368
31,8.35360050201416,-1.502506971359253,2.0304808616638184,0.9819095205304801
31,8.376229286193848,-1.5042613744735718,2.0289885997772217,0.9856318778098174
31,8.398816108703613,-1.50599205493927,2.027691125869751,0.9884859436422153
31,8.42135238647461,-1.5077005624771118,2.026470422744751,0.9905376130645089
31,8.443836212158203,-1.5093857049942017,2.0252435207366943,0.9920012050538424
31,8.466262817382812,-1.5110411643981934,2.023946523666382,0.9929341118628524
31,8.488632202148438,-1.51265549659729,2.022514820098877,0.9931401459298989
31,8.51093864440918,-1.5142117738723755,2.0208888053894043,0.9924169500161814
31,8.533182144165039,-1.515691876411438,2.01904296875,0.9908178432684451
31,8.555362701416016,-1.5170825719833374,2.017003059387207,0.9886902025632902
31,8.577486038208008,-1.518378734588623,2.0148260593414307,0.9864058072770463
31,8.599556922912598,-1.5195808410644531,2.0125722885131836,0.9841998184091773
31,8.62158203125,-1.520693302154541,2.010293483734131,0.9822052245124463
31,8.643562316894531,-1.5217214822769165,2.0080299377441406,0.9804809297842285
31,8.66550350189209,-1.5226695537567139,2.0058083534240723,0.9790325192365285
31,8.687408447265625,-1.5235400199890137,2.003643035888672,0.9778485078247334
31,8.70927619934082,-1.5243351459503174,2.0015370845794678,0.9768804643027825
31,8.731107711791992,-1.5250574350357056,1.9994827508926392,0.9760329079151413
31,8.752861976623535,-1.5257097482681274,1.9974666833877563,0.9751711886494653
31,8.774618148803711,-1.5262995958328247,1.9954603910446167,0.9741356487372391
31,8.796333312988281,-1.526831030845642,1.9934470653533936,0.9728062704038396
31,8.81800651550293,-1.5273075103759766,1.991408109664917,0.9710769122387181
31,8.839635848999023,-1.5277292728424072,1.9893276691436768,0.9688812815085265
31,8.861222267150879,-1.5280944108963013,1.9871933460235596,0.966194766593507
31,8.882770538330078,-1.52839994430542,1.9849969148635864,0.96303810562547
31,8.904301643371582,-1.5286420583724976,1.9827327728271484,0.9594533731915051
31,8.925826072692871,-1.5288172960281372,1.9803998470306396,0.9555037672117059
31,8.947342872619629,-1.5289219617843628,1.9780007600784302,0.9512446134211451
31,8.968852996826172,-1.5289533138275146,1.9755386114120483,0.9468299992193274
31,8.9903564453125,-1.52890944480896,1.9730161428451538,0.9423581193760149
31,9.01185131072998,-1.5287890434265137,1.9704340696334839,0.9378995003911956
31,9.033339500427246,-1.5285917520523071,1.9677904844284058,0.9335112833396542
31,9.054818153381348,-1.528317928314209,1.9650797843933105,0.9292369196257205
31,9.076285362243652,-1.5279680490493774,1.962294340133667,0.9250886040827082
31,9.09774112701416,-1.5275423526763916,1.9594236612319946,0.9211029843134656
31,9.119181632995605,-1.527040958404541,1.9564549922943115,0.91728981141062
31,9.140604019165039,-1.5264627933502197,1.9533745050430298,0.9136645589992339
31,9.162005424499512,-1.5258055925369263,1.9501664638519287,0.9102533117302133
31,9.183382034301758,-1.5250660181045532,1.9468153715133667,0.907092310847124
31,9.204730033874512,-1.5242385864257812,1.9433059692382812,0.9042135536893031
31,9.226045608520508,-1.5233169794082642,1.9396241903305054,0.9016867939200729
31,9.247323989868164,-1.5222941637039185,1.9357593059539795,0.8995525915393529
31,9.268560409545898,-1.5211631059646606,1.9317026138305664,0.8979370834963664
31,9.289752006530762,-1.5199156999588013,1.927448034286499,0.8969075628911225
31,9.310894966125488,-1.5185436010360718,1.9229918718338013,0.8965293661804993
31,9.331984519958496,-1.5170385837554932,1.918334722518921,0.896856161314823
31,9.353020668029785,-1.5153923034667969,1.91348135471344,0.8978780197905109
31,9.37399959564209,-1.5135979652404785,1.9084419012069702,0.8995557151659389
31,9.394922256469727,-1.5116486549377441,1.9032292366027832,0.9020324836674454
31,9.415789604187012,-1.509536862373352,1.89785897731781,0.9052109066969454
31,9.436603546142578,-1.5072553157806396,1.892350435256958,0.9090421286716652
31,9.457365036010742,-1.504797339439392,1.8867261409759521,0.9132963444427575
31,9.478080749511719,-1.5021586418151855,1.881011962890625,0.9179134509827203
31,9.498754501342773,-1.499333143234253,1.8752353191375732,0.9229268183207652
31,9.519391059875488,-1.4963135719299316,1.8694252967834473,0.9282165595670759
31,9.539996147155762,-1.493093490600586,1.8636119365692139,0.9335653883260089
31,9.560577392578125,-1.4896708726882935,1.857827067375183,0.9386563593886867
31,9.58113956451416,-1.486042857170105,1.8521016836166382,0.9436796758351598
31,9.601688385009766,-1.4822056293487549,1.8464665412902832,0.9485532894999168
31,9.62222957611084,-1.4781560897827148,1.8409522771835327,0.9531476079225575
31,9.642766952514648,-1.473893642425537,1.8355867862701416,0.9570090491066265
31,9.663305282592773,-1.4694193601608276,1.8304005861282349,0.9603381438463661
31,9.683847427368164,-1.4647325277328491,1.8254228830337524,0.9631912226456666
31,9.70439624786377,-1.4598332643508911,1.820679783821106,0.9655217793930546
31,9.72495174407959,-1.45472252368927,1.8161954879760742,0.9672861780609069
31,9.745512962341309,-1.4494032859802246,1.811991810798645,0.9680070793809675
31,9.766080856323242,-1.4438812732696533,1.808092713356018,0.9678938089032739
31,9.786654472351074,-1.43816077709198,1.8045212030410767,0.9671126431272223
31,9.807229995727539,-1.4322465658187866,1.8012949228286743,0.9656479659956457
31,9.827803611755371,-1.4261447191238403,1.7984296083450317,0.9634859695403309
31,9.848373413085938,-1.4198626279830933,1.7959421873092651,0.9604815480467461
31,9.868932723999023,-1.4134092330932617,1.7938497066497803,0.9566548555861244
31,9.88947868347168,-1.4067929983139038,1.792162537574768,0.9521113125505333
31,9.910003662109375,-1.4000235795974731,1.7908896207809448,0.9468502563510033
31,9.930503845214844,-1.393112301826477,1.7900419235229492,0.9407965415347648
31,9.950973510742188,-1.3860721588134766,1.7896283864974976,0.9340008519364812
31,9.971405982971191,-1.3789138793945312,1.789652943611145,0.9264734788168797
31,9.991795539855957,-1.371649146080017,1.7901192903518677,0.9182829172011727
31,10.012137413024902,-1.3642936944961548,1.7910327911376953,0.9094112907943318
31,10.032425880432129,-1.3568607568740845,1.792393684387207,0.899951736672205
31,10.052656173706055,-1.3493626117706299,1.7942001819610596,0.8899373550764085
31,10.072823524475098,-1.3418155908584595,1.796450138092041,0.8793810374379488
31,10.092923164367676,-1.3342342376708984,1.7991397380828857,0.8683180041965449
31,10.112953186035156,-1.3266308307647705,1.802262306213379,0.8568373692953276
31,10.132908821105957,-1.3190194368362427,1.8058079481124878,0.8450249832631002
31,10.152796745300293,-1.3114134073257446,1.809766411781311,0.8328839505897607
31,10.172672271728516,-1.3038012981414795,1.81413733959198,0.820337269314507
31,10.192471504211426,-1.2962197065353394,1.8188942670822144,0.8071204270337768
31,10.21249008178711,-1.2885719537734985,1.8240972757339478,0.7934231880912943
31,10.233251571655273,-1.280667781829834,1.8298896551132202,0.7789682108997679
31,10.255476951599121,-1.2722426652908325,1.8365072011947632,0.7631639557370944
31,10.277616500854492,-1.263895034790039,1.8434981107711792,0.7470019118563607
31,10.301675796508789,-1.2548794746398926,1.8514965772628784,0.7289327464962438
31,10.325647354125977,-1.2459521293640137,1.8598498106002808,0.7105336557900191
31,10.351297378540039,-1.2364526987075806,1.8691493272781372,0.6906053978921832
31,10.37686824798584,-1.2270373106002808,1.8787493705749512,0.6695868020722066
31,10.403402328491211,-1.2173160314559937,1.8890098333358765,0.647915982719349
31,10.430261611938477,-1.2075257301330566,1.8996634483337402,0.6245787146924865
31,10.457063674926758,-1.197823405265808,1.9105401039123535,0.6010500664127717
31,10.483902931213379,-1.1881954669952393,1.9216691255569458,0.5766135685857744
31,10.510703086853027,-1.178727149963379,1.9330248832702637,0.5515961539713854
31,10.53747844696045,-1.1694841384887695,1.9446499347686768,0.5260567964061019
31,10.564237594604492,-1.160576581954956,1.9565702676773071,0.5001094509079046
31,10.59099006652832,-1.1521481275558472,1.9688481092453003,0.47398124922725005
31,10.617762565612793,-1.1443842649459839,1.9815137386322021,0.4481849272157924
31,10.644576072692871,-1.13752019405365,1.9946011304855347,0.423238731868226
31,10.671470642089844,-1.1318399906158447,2.0080819129943848,0.3998455676058018
31,10.698472023010254,-1.1276739835739136,2.0218958854675293,0.3788496309169774
31,10.72560977935791,-1.1253687143325806,2.035874128341675,0.36166625431104493
31,10.75286865234375,-1.1252309083938599,2.0498013496398926,0.3490409980426914
31,10.780219078063965,-1.1274760961532593,2.0633633136749268,0.3420939114029159
31,10.807562828063965,-1.1321581602096558,2.0762996673583984,0.34096160051121077
31,10.834807395935059,-1.1391597986221313,2.088372230529785,0.3453150829389143
31,10.861834526062012,-1.1482449769973755,2.0995121002197266,0.3544953943673595
31,10.888595581054688,-1.159074068069458,2.109700918197632,0.3673229532096092
31,10.91503620147705,-1.1713273525238037,2.11908221244812,0.38278982401767103
31,10.941174507141113,-1.1846966743469238,2.1277687549591064,0.4000509900147632
31,10.967011451721191,-1.1989411115646362,2.135953664779663,0.41829968682058005
31,10.992573738098145,-1.2138614654541016,2.1437911987304688,0.4371126161114871
31,11.017885208129883,-1.2292996644973755,2.151437282562256,0.4559910228872692
31,11.042978286743164,-1.2451198101043701,2.1590230464935303,0.4749559376332664
31,11.067856788635254,-1.2612407207489014,2.1666817665100098,0.49332182662265234
31,11.092554092407227,-1.2775561809539795,2.1745152473449707,0.5116044980579554
31,11.117079734802246,-1.2939965724945068,2.18261981010437,0.5289437946200114
31,11.14144229888916,-1.310499668121338,2.1910808086395264,0.5460662492274027
31,11.165655136108398,-1.3269963264465332,2.1999714374542236,0.5621305381294709
31,11.189732551574707,-1.3434183597564697,2.209357261657715,0.5776961708160127
31,11.213674545288086,-1.359716534614563,2.219289541244507,0.5922369384387627
31,11.237499237060547,-1.3758091926574707,2.229825019836426,0.6061740202342432
31,11.261213302612305,-1.391640305519104,2.24098801612854,0.6191007187489983
31,11.284829139709473,-1.407136082649231,2.2528297901153564,0.6308470477557998
31,11.308357238769531,-1.422223448753357,2.265352964401245,0.6423175652893741
31,11.331822395324707,-1.4368317127227783,2.278602361679077,0.6518264493752066
31,11.355220794677734,-1.4508733749389648,2.292562961578369,0.6616130898262162
31,11.378617286682129,-1.4642796516418457,2.3072752952575684,0.6690491355268986
31,11.401969909667969,-1.476942539215088,2.322697639465332,0.6770846503327345
31,11.425410270690918,-1.488804817199707,2.338884115219116,0.6825897230943755
31,11.448843955993652,-1.4997121095657349,2.355738878250122,0.6887923742143193
31,11.472286224365234,-1.5095611810684204,2.3732192516326904,0.6917082417515601
31,11.495952606201172,-1.5182979106903076,2.3914194107055664,0.6949558793428007
31,11.51965618133545,-1.5257402658462524,2.4101381301879883,0.6971285835800893
31,11.547477722167969,-1.5326409339904785,2.4326000213623047,0.6987811265941197
31,11.575428009033203,-1.5374337434768677,2.455447196960449,0.6988895796076781
31,11.626615524291992,-1.5402798652648926,2.4969422817230225,0.6983606754441463
31,11.666595458984375,-1.537178635597229,2.528153896331787,0.6973299725001321
31,11.709440231323242,-1.5289294719696045,2.5591366291046143,0.6952731650792445
31,11.768149375915527,-1.510319709777832,2.59600567817688,0.6916775397625321
31,11.82862663269043,-1.4850947856903076,2.6253175735473633,0.6895440898007253
31,11.878999710083008,-1.4606788158416748,2.643226385116577,0.6888355701258729
31,11.93836498260498,-1.4293920993804932,2.6568713188171387,0.6898819228543491
31,11.986285209655762,-1.4036482572555542,2.662036657333374,0.6918227839719924
31,12.023582458496094,-1.3839174509048462,2.663020610809326,0.6938665586119119
32,0.015058604069054127,-0.57300865650177,0.5679022073745728,1.0016521721568585
32,0.11780592054128647,-0.5730148553848267,0.5696724057197571,1.0046603121067876
32,0.22054478526115417,-0.5730239748954773,0.5718783140182495,1.0092031915846906
32,0.3298965394496918,-0.5730379819869995,0.574716329574585,1.0141670183880698
32,0.44396692514419556,-0.5730645060539246,0.578014075756073,1.0182323185739612
32,0.558027982711792,-0.5731089115142822,0.5816187262535095,1.0207532125162013
32,0.6756027340888977,-0.5731815099716187,0.5857741832733154,1.0223641504809566
32,0.7957028746604919,-0.573283314704895,0.5906386971473694,1.021589653263433
32,0.9157678484916687,-0.5734109282493591,0.5963007807731628,1.0187119280848136
32,1.037074089050293,-0.5735577344894409,0.603233277797699,1.013956515515132
32,1.1582777500152588,-0.573715329170227,0.6117631196975708,1.003785673108564
32,1.2799075841903687,-0.5738769173622131,0.6224308609962463,0.9922888141924802
32,1.4015569686889648,-0.5740561485290527,0.6352088451385498,0.9780628637301805
32,1.523005723953247,-0.5742647051811218,0.649779200553894,0.9671896928551531
32,1.6444942951202393,-0.5745173692703247,0.6648630499839783,0.9592620286885555
32,1.7660599946975708,-0.5748114585876465,0.6793030500411987,0.9551561046765863
32,1.8878535032272339,-0.5751436948776245,0.6918561458587646,0.9522837140190269
32,2.0099313259124756,-0.5755227208137512,0.7012501358985901,0.9503185902594437
32,2.132239580154419,-0.575957179069519,0.7068684697151184,0.9520709218650704
32,2.2546684741973877,-0.5764636397361755,0.7082431316375732,0.9556888725675903
32,2.3770837783813477,-0.5770430564880371,0.705836296081543,0.9660885260855226
32,2.452718496322632,-0.5774372220039368,0.7026984095573425,0.9726435922045764
32,2.5749685764312744,-0.5781236290931702,0.6958547234535217,0.9889130638004182
32,2.6554150581359863,-0.5786046385765076,0.6905072927474976,1.0000657870035854
32,2.7775535583496094,-0.5793780088424683,0.6818961501121521,1.0221436248743603
32,2.8996925354003906,-0.5802024602890015,0.6732991337776184,1.0474267053058317
32,3.0218923091888428,-0.5810893177986145,0.6656246781349182,1.07707312417395
32,3.144169807434082,-0.5820625424385071,0.6593329310417175,1.1153685500361066
32,3.2574329376220703,-0.5830879211425781,0.655221164226532,1.1545220118724169
32,3.379828929901123,-0.5844314694404602,0.6520752310752869,1.2114803305741741
32,3.5022358894348145,-0.5861098170280457,0.6495785117149353,1.2730428561325853
32,3.624598503112793,-0.5882945656776428,0.6457127928733826,1.3410677208265736
32,3.6873581409454346,-0.5896279215812683,0.6429318785667419,1.375894182615946
32,3.809406280517578,-0.5926761031150818,0.6339353919029236,1.441240237101743
32,3.8604421615600586,-0.5941513180732727,0.6288130283355713,1.4657244156362077
32,3.9814140796661377,-0.5977916717529297,0.6120648384094238,1.508403412975909
32,4.101254940032959,-0.6016013622283936,0.588577389717102,1.5334601870532723
32,4.218583106994629,-0.6053898930549622,0.558431088924408,1.5389969194459612
32,4.288681507110596,-0.6079201102256775,0.536859393119812,1.5295990832740967
32,4.401547908782959,-0.6136022806167603,0.49937713146209717,1.4958633809190112
32,4.437224388122559,-0.6159676909446716,0.4870989918708801,1.4907911376993979
32,4.545066833496094,-0.6245487928390503,0.45315611362457275,1.4905364970367263
32,4.593017578125,-0.6288533210754395,0.4404574930667877,1.4997653976481407
32,4.618405342102051,-0.631170392036438,0.4344381093978882,1.5050324010333889
32,4.651470184326172,-0.6339596509933472,0.42776039242744446,1.5236237114388407
32,4.761080265045166,-0.6406722664833069,0.41498082876205444,1.5906628350039966
32,4.871635913848877,-0.6419029831886292,0.4140036404132843,1.6476019766265986
32,4.935097694396973,-0.6393084526062012,0.4174993634223938,1.6641693489461034
32,5.032464504241943,-0.6304700374603271,0.4253816306591034,1.6806924290807306
32,5.129157066345215,-0.6174634099006653,0.4341517388820648,1.6866677998931339
32,5.225574016571045,-0.6025373339653015,0.44295158982276917,1.6941230964023042
32,5.2961506843566895,-0.591529130935669,0.4492369592189789,1.6965236839725908
32,5.362493991851807,-0.5817925930023193,0.45509660243988037,1.6950658605154576
32,5.397025108337402,-0.5770257115364075,0.4581165909767151,1.6903705388378778
32,5.4979400634765625,-0.5652358531951904,0.4685942232608795,1.6737405956693616
32,5.598644256591797,-0.557482898235321,0.483652263879776,1.6446317481913486
32,5.677305221557617,-0.5544924736022949,0.5004857778549194,1.610433384457
32,5.776524066925049,-0.5539353489875793,0.5282552242279053,1.5449842618139746
32,5.8741230964660645,-0.5559087991714478,0.5604949593544006,1.4516410801121942
32,5.971226692199707,-0.559481680393219,0.5940847992897034,1.3533112094976447
32,6.068014144897461,-0.5641634464263916,0.6253069639205933,1.2653515791479713
32,6.1647138595581055,-0.5699639916419983,0.6512333154678345,1.1855051399082466
32,6.262217044830322,-0.5770801305770874,0.670718252658844,1.1288575813410398
32,6.358625888824463,-0.585456907749176,0.6834339499473572,1.0919169808287712
32,6.453755855560303,-0.5951851606369019,0.6901571154594421,1.0677786814494143
32,6.5489325523376465,-0.6065574884414673,0.6915882229804993,1.054285619016004
32,6.642377853393555,-0.6195142269134521,0.6881550550460815,1.0523547617823816
32,6.735962867736816,-0.634402871131897,0.6800848245620728,1.0611327731283902
32,6.761085033416748,-0.6387526392936707,0.6771706342697144,1.0651640681700867
32,6.784024715423584,-0.6428477764129639,0.6742779016494751,1.0694799697760156
32,6.806719779968262,-0.6470111012458801,0.6712133884429932,1.0743822771220364
32,6.829240322113037,-0.6512479782104492,0.6679884791374207,1.079864230960741
32,6.851737022399902,-0.6555786728858948,0.6645997166633606,1.0858882237197771
32,6.874118804931641,-0.6599769592285156,0.6610814332962036,1.0923387531107442
32,6.89646577835083,-0.6644513010978699,0.6574397683143616,1.0993252633243182
32,6.918767929077148,-0.6689923405647278,0.6536948680877686,1.1066548914736525
32,6.940999984741211,-0.6735867261886597,0.649870753288269,1.1142570684235356
32,6.96317195892334,-0.6782284379005432,0.6459853053092957,1.1219434288106598
32,6.985329627990723,-0.6829187870025635,0.642047643661499,1.1297479941836652
32,7.007551670074463,-0.6876654624938965,0.6380634903907776,1.1376420314523408
32,7.029663562774658,-0.6924228072166443,0.6340819001197815,1.1456111182515258
32,7.051682949066162,-0.6971860527992249,0.6301162838935852,1.153576909625106
32,7.073737144470215,-0.7019743919372559,0.62615966796875,1.1614049660372314
32,7.095889568328857,-0.7067907452583313,0.6222151517868042,1.1691184475596215
32,7.118048667907715,-0.7116074562072754,0.6183112859725952,1.1768938989488125
32,7.140098571777344,-0.7163915038108826,0.6144795417785645,1.1842863471316867
32,7.1622748374938965,-0.7211869955062866,0.6106884479522705,1.1915504578064413
32,7.184444904327393,-0.7259584069252014,0.6069684624671936,1.1985810538190524
32,7.2066473960876465,-0.7307078242301941,0.6033174991607666,1.2054369846706148
32,7.228847980499268,-0.7354211211204529,0.5997447371482849,1.21217765296573
32,7.251048564910889,-0.7400932312011719,0.5962511301040649,1.2188688026206207
32,7.273250579833984,-0.7447190880775452,0.5928360223770142,1.2257368124412498
32,7.295454502105713,-0.7492935657501221,0.5894962549209595,1.2333393015725764
32,7.317798614501953,-0.7538384795188904,0.5862079858779907,1.2417974718153642
32,7.340457916259766,-0.7583836913108826,0.582952618598938,1.2509387972496246
32,7.36298131942749,-0.7628337144851685,0.5798106789588928,1.2614578062281516
32,7.38553524017334,-0.7672150135040283,0.5767906904220581,1.2740889827825714
32,7.40802526473999,-0.7715019583702087,0.5739564895629883,1.2870016081007614
32,7.430460453033447,-0.7756890058517456,0.5713837742805481,1.2986472406942178
32,7.452917575836182,-0.7797883749008179,0.5691414475440979,1.3076608606311975
32,7.475375175476074,-0.7838043570518494,0.5672791600227356,1.3129757557494843
32,7.497830390930176,-0.787750244140625,0.5657972097396851,1.3130267873372974
32,7.5203142166137695,-0.7916461825370789,0.564657986164093,1.3097452982882516
32,7.542776584625244,-0.7954961061477661,0.5638008117675781,1.3048475105732302
32,7.565211772918701,-0.7993065118789673,0.5631497502326965,1.2994803521853702
32,7.587618350982666,-0.8030785322189331,0.5626415610313416,1.2945156241514737
32,7.610021114349365,-0.806816041469574,0.562224805355072,1.2903239262796136
32,7.632394313812256,-0.8105164170265198,0.5618561506271362,1.286906680017548
32,7.6547393798828125,-0.8141845464706421,0.5614980459213257,1.2844586181641533
32,7.677088260650635,-0.8178297281265259,0.5611225962638855,1.282865377074122
32,7.699411869049072,-0.8214458227157593,0.560715913772583,1.2822175608465456
32,7.721715927124023,-0.8250251412391663,0.5602701902389526,1.282745101851697
32,7.744015693664551,-0.8285548090934753,0.5597807168960571,1.2847710584407672
32,7.76632022857666,-0.8320127725601196,0.5592519640922546,1.2886090625413145
32,7.78864049911499,-0.8353672623634338,0.5587077736854553,1.2945368261809131
32,7.8109822273254395,-0.8385806679725647,0.5581945180892944,1.3025102793397274
32,7.833350658416748,-0.8416162729263306,0.5577821135520935,1.3118606936813713
32,7.855748176574707,-0.844447910785675,0.5575467944145203,1.3209425574269589
32,7.878173351287842,-0.8470614552497864,0.5575616955757141,1.3279236008551527
32,7.900620937347412,-0.8494566679000854,0.5578800439834595,1.3311922707581905
32,7.92308235168457,-0.8516480922698975,0.5585230588912964,1.3294561591962721
32,7.945549488067627,-0.853663444519043,0.5594649314880371,1.3228549702091925
32,7.968018531799316,-0.8555372357368469,0.5606356859207153,1.312692181159436
32,7.990488529205322,-0.8573060631752014,0.5619392991065979,1.3005743087851684
32,8.012961387634277,-0.8590044975280762,0.5632871985435486,1.2889368766285312
32,8.035438537597656,-0.8606619834899902,0.5646100640296936,1.2784603734606839
32,8.05792236328125,-0.8622958064079285,0.5658637285232544,1.2696283366593233
32,8.080411911010742,-0.8639139533042908,0.5670214295387268,1.2625312758079819
32,8.10290813446045,-0.8655189871788025,0.5680668950080872,1.2568622906955973
32,8.125410079956055,-0.8671094179153442,0.5689900517463684,1.2524526455394827
32,8.147918701171875,-0.8686783313751221,0.5697856545448303,1.2492126844969424
32,8.17043399810791,-0.8702127933502197,0.5704565644264221,1.2471215294218083
32,8.192955017089844,-0.8716953992843628,0.5710168480873108,1.2461546885996406
32,8.215483665466309,-0.8731085658073425,0.5714946985244751,1.245972406412485
32,8.238017082214355,-0.8744397759437561,0.5719267725944519,1.246548144988151
32,8.2605562210083,-0.8756817579269409,0.5723537802696228,1.24751841324045
32,8.283100128173828,-0.8768293261528015,0.5728138089179993,1.2484979864588353
32,8.305646896362305,-0.8778777718544006,0.573341429233551,1.249136657899143
32,8.328195571899414,-0.8788233399391174,0.5739648938179016,1.2491150861762201
32,8.35074520111084,-0.8796654939651489,0.5747022032737732,1.2481120362282065
32,8.37329387664795,-0.8804091811180115,0.5755554437637329,1.2458869997972941
32,8.395841598510742,-0.8810660243034363,0.5765088200569153,1.2424093530990254
32,8.418388366699219,-0.8816543221473694,0.5775319337844849,1.2379004886605658
32,8.440934181213379,-0.8821945190429688,0.5785881876945496,1.2327347401946909
32,8.46347427368164,-0.8827041387557983,0.5796414017677307,1.2270101679123522
32,8.485902786254883,-0.8831934928894043,0.5806532502174377,1.2210347228315588
32,8.508334159851074,-0.8836740851402283,0.5815997123718262,1.2151667999094853
32,8.530713081359863,-0.8841493129730225,0.5824528336524963,1.2096820536079465
32,8.553075790405273,-0.8846196532249451,0.583195149898529,1.2047968755750524
32,8.575395584106445,-0.885079026222229,0.5838159322738647,1.2006654045653284
32,8.59762191772461,-0.8855156302452087,0.5843165516853333,1.197369055795208
32,8.619778633117676,-0.8859172463417053,0.5847130417823792,1.1948902745762873
32,8.641860008239746,-0.8862724900245667,0.5850312113761902,1.193146338282185
32,8.663861274719238,-0.88657546043396,0.5853036046028137,1.191988055128011
32,8.685779571533203,-0.8868272304534912,0.5855619311332703,1.191206132735301
32,8.707619667053223,-0.8870320320129395,0.5858315229415894,1.1905737786986188
32,8.729427337646484,-0.8871934413909912,0.5861321687698364,1.1899134214912346
32,8.75121021270752,-0.8873129487037659,0.586479127407074,1.189091500884989
32,8.7730073928833,-0.8873913884162903,0.5868837833404541,1.1878318130994368
32,8.794768333435059,-0.887430727481842,0.5873498916625977,1.1862022719796075
32,8.816488265991211,-0.8874353766441345,0.5878745317459106,1.1841311241777666
32,8.838164329528809,-0.8874116539955139,0.5884473323822021,1.181618465224556
32,8.859792709350586,-0.8873669505119324,0.5890520811080933,1.1787506136517591
32,8.88137149810791,-0.8873082995414734,0.5896703004837036,1.1756454284425135
32,8.902896881103516,-0.8872410655021667,0.5902837514877319,1.1723870667342973
32,8.924367904663086,-0.8871682286262512,0.5908756852149963,1.1690341576954073
32,8.945782661437988,-0.8870905041694641,0.5914313793182373,1.1656545857958442
32,8.96713924407959,-0.887006402015686,0.5919390320777893,1.1623309708594662
32,8.988446235656738,-0.8869124054908752,0.5923911929130554,1.1591502343523599
32,9.009760856628418,-0.886803388595581,0.5927864909172058,1.1561869721009759
32,9.031086921691895,-0.8866734504699707,0.5931282043457031,1.153508520800241
32,9.052422523498535,-0.8865166902542114,0.5934262275695801,1.151157976322895
32,9.073768615722656,-0.8863292932510376,0.5936965942382812,1.1491467144555418
32,9.095126152038574,-0.8861106038093567,0.5939580798149109,1.1474531307511517
32,9.116506576538086,-0.8858627080917358,0.5942291021347046,1.1459693269716256
32,9.137898445129395,-0.8855884671211243,0.5945245027542114,1.1445816347929094
32,9.159302711486816,-0.8852899074554443,0.594856321811676,1.1432212648830136
32,9.180718421936035,-0.8849684596061707,0.5952336192131042,1.1418346239557111
32,9.202146530151367,-0.8846257328987122,0.5956624746322632,1.1403722403917764
32,9.223587036132812,-0.8842636942863464,0.5961447954177856,1.1387875093805897
32,9.2450532913208,-0.8838840126991272,0.5966789126396179,1.1370418711709789
32,9.266531944274902,-0.8834891319274902,0.5972585678100586,1.1351401409326538
32,9.288022994995117,-0.8830808997154236,0.5978749394416809,1.133095644649184
32,9.309526443481445,-0.8826609253883362,0.5985174179077148,1.130904423772677
32,9.330992698669434,-0.8822307586669922,0.599173367023468,1.1285516334000292
32,9.352473258972168,-0.8817892670631409,0.5998347997665405,1.1261779842764716
32,9.373980522155762,-0.8813353776931763,0.6004945635795593,1.1238231669008965
32,9.395500183105469,-0.8808677792549133,0.601147472858429,1.1215224799913193
32,9.417031288146973,-0.8803842067718506,0.6017917394638062,1.1193100313394244
32,9.43857479095459,-0.8798825144767761,0.6024284958839417,1.1172183667876063
32,9.460127830505371,-0.8793609142303467,0.6030619144439697,1.1152738265186206
32,9.481690406799316,-0.8788185119628906,0.6036984324455261,1.11348918926367
32,9.503270149230957,-0.8782552480697632,0.6043457388877869,1.1118667099836292
32,9.524855613708496,-0.8776721358299255,0.6050114035606384,1.110370879665856
32,9.54644775390625,-0.8770702481269836,0.6057024598121643,1.1089739357096235
32,9.56804370880127,-0.8764506578445435,0.6064246892929077,1.1076475631750073
32,9.589643478393555,-0.8758142590522766,0.6071824431419373,1.1063623631996435
32,9.611246109008789,-0.8751620650291443,0.607978343963623,1.1050888104168788
32,9.632851600646973,-0.874494731426239,0.6088130474090576,1.103799528988144
32,9.654435157775879,-0.8738135695457458,0.60968416929245,1.1024717737407985
32,9.67602252960205,-0.8731180429458618,0.6105894446372986,1.1010866050163728
32,9.697612762451172,-0.8724081516265869,0.6115241050720215,1.0996363736758323
32,9.719204902648926,-0.871683657169342,0.6124824285507202,1.0981238672973768
32,9.740799903869629,-0.8709441423416138,0.6134583353996277,1.0965594194039785
32,9.762397766113281,-0.8701890707015991,0.6144461631774902,1.0949544871524794
32,9.783998489379883,-0.8694175481796265,0.6154413223266602,1.0933188082567042
32,9.8056001663208,-0.8686286211013794,0.6164405345916748,1.0916600965366114
32,9.827205657958984,-0.8678210973739624,0.6174415946006775,1.08998544593715
32,9.848812103271484,-0.8669937252998352,0.6184437274932861,1.0883019134606922
32,9.870417594909668,-0.8661458492279053,0.6194470524787903,1.0866169906547436
32,9.8920259475708,-0.865276575088501,0.6204526424407959,1.0849314877522593
32,9.9136381149292,-0.8643853664398193,0.6214621067047119,1.0832385120164172
32,9.935246467590332,-0.8634724617004395,0.6224764585494995,1.0815324837091171
32,9.956851959228516,-0.862537682056427,0.6234971284866333,1.0798052077116704
32,9.9784574508667,-0.8615810871124268,0.624524712562561,1.0780461786353546
32,10.00006103515625,-0.8606027364730835,0.6255589127540588,1.07624457397128
32,10.021663665771484,-0.8596027493476868,0.6265987157821655,1.0743813814719714
32,10.043264389038086,-0.8585811853408813,0.6276423335075378,1.07245652298099
32,10.064865112304688,-0.8575381636619568,0.6286872625350952,1.0704660216995265
32,10.086463928222656,-0.8564737439155579,0.6297302842140198,1.068406468949606
32,10.108062744140625,-0.855387806892395,0.6307682394981384,1.0662751679560054
32,10.129660606384277,-0.8542801141738892,0.6317980289459229,1.0640686255223544
32,10.151265144348145,-0.8531498908996582,0.6328169703483582,1.0617818299090935
32,10.17293930053711,-0.8519929051399231,0.6338254809379578,1.0593896626778168
32,10.194612503051758,-0.8508118987083435,0.6348180770874023,1.0568968488487547
32,10.216609001159668,-0.8495878577232361,0.6358075737953186,1.0542847264814001
32,10.239507675170898,-0.8482853770256042,0.6368177533149719,1.0514996195828819
32,10.264115333557129,-0.8468530178070068,0.6378806233406067,1.048447810289752
32,10.28872299194336,-0.8453866243362427,0.638920247554779,1.0453133366444953
32,10.315559387207031,-0.8437479734420776,0.6400279402732849,1.0418374873460416
32,10.34437084197998,-0.8419424891471863,0.6411869525909424,1.0379573431470395
32,10.373180389404297,-0.8400884866714478,0.642314076423645,1.0339494003086345
32,10.403156280517578,-0.8381075263023376,0.6434512734413147,1.0297102806141962
32,10.433575630187988,-0.8360427618026733,0.6445657014846802,1.0252249995640856
32,10.463991165161133,-0.8339223265647888,0.6456380486488342,1.0206385742438566
32,10.494504928588867,-0.8317378759384155,0.6466692686080933,1.0159198800054199
32,10.525014877319336,-0.8294945955276489,0.6476545929908752,1.0110291413326575
32,10.555532455444336,-0.8271897435188293,0.648593544960022,1.0060603102787644
32,10.58604621887207,-0.8248218297958374,0.6494863629341125,1.0009319498256157
32,10.616556167602539,-0.8223885297775269,0.6503334045410156,0.9957133693299929
32,10.647061347961426,-0.8198871612548828,0.6511366963386536,0.9904117589272916
32,10.677562713623047,-0.8173148036003113,0.6518978476524353,0.9849680252297013
32,10.70805835723877,-0.8146682381629944,0.6526191234588623,0.979466040164533
32,10.738547325134277,-0.8119437098503113,0.6533036231994629,0.9738537466343964
32,10.769030570983887,-0.8091377019882202,0.6539535522460938,0.9681495967771746
32,10.799506187438965,-0.8062455058097839,0.6545728445053101,0.9623855085954275
32,10.829973220825195,-0.8032627105712891,0.6551645994186401,0.9564844688659545
32,10.860431671142578,-0.8001846075057983,0.6557322144508362,0.9505285798598372
32,10.89087963104248,-0.7970058917999268,0.6562798619270325,0.944490418693015
32,10.921316146850586,-0.7937220335006714,0.6568101644515991,0.9383642998899744
32,10.951742172241211,-0.7903275489807129,0.6573273539543152,0.9321880572718441
32,10.982154846191406,-0.7868174910545349,0.6578347086906433,0.9259110440400035
32,11.012553215026855,-0.7831872701644897,0.6583350300788879,0.919589848765298
32,11.042936325073242,-0.7794320583343506,0.6588315963745117,0.9132122424795466
32,11.073304176330566,-0.7755476832389832,0.6593264937400818,0.9067695407147152
32,11.103653907775879,-0.771530270576477,0.6598221063613892,0.9003071682525622
32,11.13398551940918,-0.7673765420913696,0.6603201031684875,0.8937762787867807
32,11.164297103881836,-0.7630828022956848,0.6608222723007202,0.8872041901468564
32,11.194588661193848,-0.7586461305618286,0.6613303422927856,0.8805897665733387
32,11.224858283996582,-0.7540632486343384,0.6618460416793823,0.873885081721468
32,11.255105972290039,-0.7493308782577515,0.6623713374137878,0.8671479190543473
32,11.285337448120117,-0.7444453239440918,0.6629084944725037,0.8603014075348931
32,11.315543174743652,-0.7394040822982788,0.6634597778320312,0.8533713961106044
32,11.345746040344238,-0.734198808670044,0.664029061794281,0.8463628335009753
32,11.375919342041016,-0.7288282513618469,0.6646196246147156,0.8391223385427571
32,11.406126022338867,-0.7232745289802551,0.6652374267578125,0.8318112996518032
32,11.43643569946289,-0.71751469373703,0.6658892035484314,0.8243087986031041
32,11.466707229614258,-0.7115638852119446,0.666577160358429,0.8165139968515956
32,11.49718189239502,-0.7053537964820862,0.6673132181167603,0.8084014096193343
32,11.527608871459961,-0.6989182829856873,0.6681003570556641,0.7998723725720239
32,11.56316089630127,-0.6910765171051025,0.6691001653671265,0.7896187927378548
32,11.627342224121094,-0.6758795380592346,0.6710986495018005,0.770661161605438
32,11.691144943237305,-0.6591893434524536,0.6732513904571533,0.7522040792070931
32,11.759956359863281,-0.6387795209884644,0.6754383444786072,0.7332638627561717
32,11.882434844970703,-0.5958762168884277,0.6779019832611084,0.6974063732195515
33,1.7306030988693237,-0.4697851240634918,2.3998236656188965,1.0317898607563933
33,1.8530142307281494,-0.4698682129383087,2.4035985469818115,1.035843960672808
33,1.9754695892333984,-0.46996304392814636,2.4056544303894043,1.0386245157087515
33,2.0979421138763428,-0.4700731635093689,2.4057281017303467,1.0407673302885063
33,2.220397710800171,-0.4702032208442688,2.4036622047424316,1.0418173062307725
33,2.342798948287964,-0.47035548090934753,2.3994696140289307,1.0410290910844255
33,2.4651150703430176,-0.47053268551826477,2.393272876739502,1.03955703919973
33,2.5873327255249023,-0.47073549032211304,2.385359048843384,1.0359767028009146
33,2.709444046020508,-0.47096437215805054,2.375943660736084,1.0316108148322762
33,2.8314597606658936,-0.47121933102607727,2.3653626441955566,1.0263135666220067
33,2.9533841609954834,-0.47150087356567383,2.3537728786468506,1.0197735530206022
33,3.0752270221710205,-0.4718097448348999,2.3413567543029785,1.0127439222319865
33,3.1969940662384033,-0.47214794158935547,2.328218460083008,1.004674409765192
33,3.3186867237091064,-0.4725171625614166,2.3144078254699707,0.9957216088845775
33,3.4403088092803955,-0.4729214906692505,2.299990177154541,0.9860180285169329
33,3.561861038208008,-0.4733652174472809,2.2849950790405273,0.9743153063760364
33,3.683345317840576,-0.4738540053367615,2.269460439682007,0.9615365404152725
33,3.8047518730163574,-0.4743962585926056,2.253483295440674,0.9465236633923862
33,3.926107883453369,-0.47499966621398926,2.2371296882629395,0.9291841000317995
33,4.047219753265381,-0.475678026676178,2.220609664916992,0.9097325822521424
33,4.168334007263184,-0.4764554798603058,2.204113245010376,0.8867668397914907
33,4.26224422454834,-0.47714635729789734,2.1915392875671387,0.8679851034687374
33,4.379192352294922,-0.4781634509563446,2.176664113998413,0.8437164724263135
33,4.461398124694824,-0.47900527715682983,2.166959047317505,0.826887710321414
33,4.572351932525635,-0.4803696870803833,2.155508279800415,0.806126553582218
33,4.683520793914795,-0.48204880952835083,2.1464502811431885,0.7890557826439947
33,4.786427021026611,-0.4839450716972351,2.140882730484009,0.7771232637923028
33,4.881556987762451,-0.4860253930091858,2.138512372970581,0.7706729958611206
33,4.9767069816589355,-0.48843783140182495,2.1389942169189453,0.7697216271328224
33,5.066606044769287,-0.49102264642715454,2.1420741081237793,0.7727999952700202
33,5.153956890106201,-0.4938071370124817,2.1473641395568848,0.7789388401354858
33,5.240372657775879,-0.49681147933006287,2.1545987129211426,0.7873807428577255
33,5.326465606689453,-0.5000385642051697,2.163533926010132,0.7974468197297497
33,5.413418769836426,-0.5035272836685181,2.1740455627441406,0.8085863001364466
33,5.503866195678711,-0.5074012875556946,2.186279296875,0.820304862611853
33,5.594151973724365,-0.5115311741828918,2.199578285217285,0.831523162416346
33,5.688070297241211,-0.5161357522010803,2.2143688201904297,0.8423467856094958
33,5.785259246826172,-0.5212884545326233,2.2305381298065186,0.8525854133816182
33,5.8852715492248535,-0.5270788669586182,2.2479851245880127,0.8621670183760407
33,5.987534999847412,-0.5336004495620728,2.2665979862213135,0.8709565032761369
33,6.089622497558594,-0.5408096313476562,2.285910129547119,0.8794601745805446
33,6.193561553955078,-0.5489925146102905,2.3062877655029297,0.888386039922884
33,6.298084259033203,-0.5582168102264404,2.327460289001465,0.898137642477067
33,6.403018951416016,-0.5686246752738953,2.3492894172668457,0.909689551374788
33,6.507758617401123,-0.5802585482597351,2.3714334964752197,0.9238662646382592
33,6.6117024421691895,-0.5930638313293457,2.393385171890259,0.9400338684315072
33,6.69966459274292,-0.6048926115036011,2.411496877670288,0.955238306540393
33,6.757133483886719,-0.6130470633506775,2.422861099243164,0.9660061903523676
33,6.7844557762146,-0.6170241236686707,2.4280812740325928,0.9709921644536212
33,6.810434818267822,-0.6208616495132446,2.432915210723877,0.9754292321179634
33,6.836114883422852,-0.6247043609619141,2.4375569820404053,0.9795565892707625
33,6.861599445343018,-0.6285616755485535,2.4420197010040283,0.9834064065151421
33,6.887218952178955,-0.6324794888496399,2.4463539123535156,0.9870921611081019
33,6.912811756134033,-0.6364290118217468,2.450523853302002,0.9904827541803006
33,6.938297271728516,-0.6403928399085999,2.4545094966888428,0.9935245087856595
33,6.963682651519775,-0.6443673968315125,2.4583070278167725,0.9961874882760562
33,6.988966941833496,-0.648348331451416,2.4619123935699463,0.9984451734737917
33,7.01431131362915,-0.6523579359054565,2.465344190597534,1.0003081332537236
33,7.039556980133057,-0.6563683748245239,2.4685802459716797,1.0016601069964264
33,7.064822673797607,-0.6603963971138,2.471635341644287,1.0025394665489096
33,7.089977264404297,-0.6644200682640076,2.4744908809661865,1.0029088418872032
33,7.115014553070068,-0.6684373617172241,2.4771487712860107,1.0027642532390806
33,7.1399312019348145,-0.6724477410316467,2.47961163520813,1.0021120038507316
33,7.1647233963012695,-0.6764513850212097,2.4818835258483887,1.000963273265653
33,7.1895575523376465,-0.6804779767990112,2.4839839935302734,0.9993504961316446
33,7.214388370513916,-0.6845219731330872,2.4859113693237305,0.9973002765185148
33,7.23909330368042,-0.6885661482810974,2.4876620769500732,0.9947576715211306
33,7.2638044357299805,-0.6926359534263611,2.4892516136169434,0.991747251678649
33,7.28838586807251,-0.6967129707336426,2.490678548812866,0.9883544405185974
33,7.312836647033691,-0.7008016705513,2.4919521808624268,0.9846200570497046
33,7.337344646453857,-0.7049398422241211,2.4930896759033203,0.9805562038020214
33,7.361725807189941,-0.7091029286384583,2.494091272354126,0.9762263058688121
33,7.38598108291626,-0.7132969498634338,2.494966983795166,0.9716719930229517
33,7.4101128578186035,-0.7175284624099731,2.495727062225342,0.9669331455078091
33,7.434122562408447,-0.721804141998291,2.496382236480713,0.9620537778357672
33,7.458140850067139,-0.7261534929275513,2.496945858001709,0.9570387570674647
33,7.482236385345459,-0.7305982112884521,2.4974286556243896,0.9518938056393282
33,7.506218910217285,-0.7351115942001343,2.497837543487549,0.9466882681226032
33,7.530090808868408,-0.7397018074989319,2.4981849193573,0.941446746423738
33,7.553854942321777,-0.7443770170211792,2.498483419418335,0.9361887191897366
33,7.5775146484375,-0.7491456270217896,2.4987452030181885,0.9309214819048951
33,7.601150035858154,-0.7540333867073059,2.49898362159729,0.925642281969637
33,7.6248650550842285,-0.7590735554695129,2.499210834503174,0.9203452257976348
33,7.64847469329834,-0.7642391324043274,2.4994375705718994,0.9150330169613238
33,7.671979904174805,-0.7695407271385193,2.499675750732422,0.9099165548968485
33,7.695663928985596,-0.7750551700592041,2.4999420642852783,0.9048006961560218
33,7.719233512878418,-0.7807331681251526,2.500246286392212,0.8996058527398655
33,7.7423577308654785,-0.7865035533905029,2.5005879402160645,0.8947702508355524
33,7.76569938659668,-0.7925366163253784,2.5009589195251465,0.8898416462564768
33,7.78903865814209,-0.798791229724884,2.5013113021850586,0.884576032410562
33,7.812257289886475,-0.8052524924278259,2.5015571117401123,0.8782977230111965
33,7.835496425628662,-0.8119902014732361,2.501540184020996,0.8707764127768414
33,7.858580112457275,-0.8190051317214966,2.5009922981262207,0.8612457375479853
33,7.881482124328613,-0.8263395428657532,2.49947190284729,0.8490251540470906
33,7.904548168182373,-0.8340758085250854,2.496415376663208,0.8332933904621341
33,7.926741600036621,-0.8417190313339233,2.49160099029541,0.8156540580967789
33,7.949219703674316,-0.8494139909744263,2.4849815368652344,0.7987925393789853
33,7.971329212188721,-0.8566912412643433,2.477370023727417,0.7805940177615307
33,7.993424415588379,-0.8635428547859192,2.4693307876586914,0.7624965241188983
33,8.015666961669922,-0.8699743151664734,2.461280107498169,0.745006636761728
33,8.038054466247559,-0.8759564757347107,2.453460454940796,0.7293973088131839
33,8.060582160949707,-0.8814894556999207,2.445850133895874,0.7161913382448197
33,8.083157539367676,-0.8866121172904968,2.438276529312134,0.7058502209274431
33,8.105682373046875,-0.89137864112854,2.430509567260742,0.6974896607342949
33,8.12779426574707,-0.8957602381706238,2.4224131107330322,0.6903283230091454
33,8.14969253540039,-0.8997957110404968,2.413687229156494,0.6835763970453824
33,8.171554565429688,-0.9034765362739563,2.4041125774383545,0.6766926061338728
33,8.193174362182617,-0.9067063927650452,2.3937594890594482,0.6699248124996594
33,8.214398384094238,-0.9094076752662659,2.382819175720215,0.6631118461657203
33,8.23534107208252,-0.9115550518035889,2.3713669776916504,0.6561297483015659
33,8.255958557128906,-0.9131119847297668,2.359558582305908,0.6492009300624852
33,8.276350975036621,-0.9140620231628418,2.347430944442749,0.6422917973910407
33,8.296529769897461,-0.9143835306167603,2.3350448608398438,0.6355948148478081
33,8.316427230834961,-0.9140602350234985,2.322500705718994,0.6290992050743307
33,8.336114883422852,-0.9130755662918091,2.309788465499878,0.6228602951192476
33,8.35551929473877,-0.9114208221435547,2.296992778778076,0.6168683897340641
33,8.374754905700684,-0.9090660810470581,2.284052610397339,0.6110916263355903
33,8.393686294555664,-0.9060133695602417,2.2710838317871094,0.6055257576943613
33,8.412362098693848,-0.9022372961044312,2.258061170578003,0.6001407567715595
33,8.430705070495605,-0.8977454304695129,2.2450618743896484,0.5948549121644806
33,8.448707580566406,-0.8925312161445618,2.2321083545684814,0.5896691212067313
33,8.466353416442871,-0.8866001963615417,2.219235420227051,0.5846955375575924
33,8.48367977142334,-0.8799256682395935,2.2064194679260254,0.579961922451682
33,8.500666618347168,-0.8725113868713379,2.1936895847320557,0.5754851871286928
33,8.51724624633789,-0.8643845319747925,2.181107997894287,0.5713446410443056
33,8.533400535583496,-0.8555644154548645,2.168699264526367,0.5676819910101503
33,8.549152374267578,-0.8460266590118408,2.1564316749572754,0.5645539632376924
33,8.564519882202148,-0.8357753157615662,2.1443047523498535,0.562022832455421
33,8.579431533813477,-0.824845552444458,2.132356882095337,0.5602013817890371
33,8.5938720703125,-0.8132671117782593,2.1205990314483643,0.5590966734583361
33,8.60782241821289,-0.8010671138763428,2.1090378761291504,0.5588529520859584
33,8.621318817138672,-0.7882251143455505,2.0976336002349854,0.5593830925563685
33,8.634313583374023,-0.7748113870620728,2.086421251296997,0.5607986191904368
33,8.646790504455566,-0.7608622908592224,2.0754077434539795,0.5630623875390117
33,8.658802032470703,-0.7463634610176086,2.0645511150360107,0.5661406011291157
33,8.670295715332031,-0.731404721736908,2.0538971424102783,0.5701030498543087
33,8.681259155273438,-0.7160674929618835,2.0434675216674805,0.5746472744899008
33,8.691739082336426,-0.7003536224365234,2.0332376956939697,0.5799986600186984
33,8.701764106750488,-0.6842709183692932,2.023188829421997,0.5859080741358375
33,8.711408615112305,-0.6677751541137695,2.0132784843444824,0.5923814085822316
33,8.720623016357422,-0.6510022282600403,2.0035746097564697,0.5995677707514045
33,8.729455947875977,-0.6339530944824219,1.99406099319458,0.6067517576516133
33,8.737922668457031,-0.6166888475418091,1.9847618341445923,0.6144034638649645
33,8.746050834655762,-0.5992312431335449,1.9756797552108765,0.6224561209558861
33,8.753870010375977,-0.5816289186477661,1.9668306112289429,0.6301127364806764
33,8.76144790649414,-0.5638214945793152,1.9581832885742188,0.6381577319740965
33,8.76878547668457,-0.5458796620368958,1.9497761726379395,0.6463680595386035
33,8.776175498962402,-0.5271790623664856,1.9413319826126099,0.6539294636450138
33,8.783409118652344,-0.5083063244819641,1.9331389665603638,0.6616512409950273
33,8.790292739868164,-0.4898720383644104,1.925459384918213,0.6691356577175086
33,8.797065734863281,-0.47135472297668457,1.9180712699890137,0.6757981748906876
33,8.803759574890137,-0.4527818262577057,1.9109976291656494,0.6820545583312023
33,8.810419082641602,-0.43408501148223877,1.9042251110076904,0.6880028956968078
33,8.817045211791992,-0.41533055901527405,1.8977932929992676,0.6937646387159637
33,8.823664665222168,-0.39652755856513977,1.8917217254638672,0.6983641185089768
33,8.830299377441406,-0.37769773602485657,1.8860361576080322,0.7025200676806207
33,8.83698844909668,-0.3587757647037506,1.880733609199524,0.7062521951651685
33,8.84372615814209,-0.33982938528060913,1.875852108001709,0.709683911502711
33,8.850526809692383,-0.32086730003356934,1.8714137077331543,0.7125859826380622
33,8.857403755187988,-0.30191007256507874,1.8674448728561401,0.7143956098975569
33,8.86439323425293,-0.28290024399757385,1.863953709602356,0.715718089562904
33,8.871481895446777,-0.26390889286994934,1.860976219177246,0.7165291485411984
33,8.87867259979248,-0.24496091902256012,1.8585389852523804,0.7169574581140282
33,8.88597297668457,-0.22605936229228973,1.856661319732666,0.7169425532697096
33,8.893407821655273,-0.20717115700244904,1.855364203453064,0.7161678711610808
33,8.900957107543945,-0.18836382031440735,1.8546754121780396,0.715018376253194
33,8.908621788024902,-0.1696574091911316,1.8546168804168701,0.7133664928079196
33,8.916399955749512,-0.151078462600708,1.8552117347717285,0.7112596321943936
33,8.924311637878418,-0.13259032368659973,1.8564815521240234,0.7085532616993357
33,8.932330131530762,-0.1142754778265953,1.8584457635879517,0.7054369936142608
33,8.940447807312012,-0.09616066515445709,1.8611199855804443,0.7020354611777719
33,8.948660850524902,-0.07827132940292358,1.8645203113555908,0.698195427010743
33,8.956979751586914,-0.06059011444449425,1.868668794631958,0.6940884957495076
33,8.965373992919922,-0.043193355202674866,1.8735681772232056,0.6898361013314875
33,8.973834037780762,-0.02612583339214325,1.8792263269424438,0.684828281140096
33,8.98237133026123,-0.009369735606014729,1.8856651782989502,0.6792455409804967
33,8.991032600402832,0.007172060664743185,1.8929436206817627,0.67380631919841
33,8.999749183654785,0.023324064910411835,1.9010261297225952,0.6686412926695999
33,9.008495330810547,0.039034780114889145,1.9099057912826538,0.6623241297808037
33,9.017189979553223,0.054154712706804276,1.919501781463623,0.656356904478633
33,9.025899887084961,0.06880471110343933,1.9298900365829468,0.6505012794709057
33,9.03459358215332,0.08291100710630417,1.9410449266433716,0.6440316855220124
33,9.043282508850098,0.09647645801305771,1.952986717224121,0.6381135684741943
33,9.051910400390625,0.10941209644079208,1.9656496047973633,0.6318857644129439
33,9.06049919128418,0.12172166258096695,1.9790558815002441,0.6261384021414373
33,9.068994522094727,0.13333119451999664,1.9931293725967407,0.6203007750984262
33,9.077421188354492,0.14424774050712585,2.00788950920105,0.6150282594475076
33,9.08573055267334,0.15440599620342255,2.0232460498809814,0.6097339082330516
33,9.09394645690918,0.16382168233394623,2.039214611053467,0.6049874399955857
33,9.102011680603027,0.17241692543029785,2.0556485652923584,0.6005544958185357
33,9.109952926635742,0.18022412061691284,2.0725700855255127,0.5964858916641326
33,9.117788314819336,0.18724939227104187,2.089959144592285,0.5927413510624427
33,9.125492095947266,0.19347414374351501,2.107717752456665,0.5893568562497753
33,9.133060455322266,0.19890761375427246,2.125791311264038,0.5863222607339685
33,9.140512466430664,0.20357593894004822,2.1441595554351807,0.583531136486204
33,9.147879600524902,0.20751173794269562,2.1628308296203613,0.5808173477015219
33,9.155145645141602,0.21073098480701447,2.1817264556884766,0.5783121239059468
33,9.162314414978027,0.21326494216918945,2.2008056640625,0.5758500864579821
33,9.169402122497559,0.2151559293270111,2.220078468322754,0.5733645890720742
33,9.176380157470703,0.21643441915512085,2.2394418716430664,0.5707457265649208
33,9.183272361755371,0.21714748442173004,2.2589528560638428,0.567887686501785
33,9.19006061553955,0.21733419597148895,2.2785537242889404,0.5648189827301789
33,9.19675064086914,0.2170349359512329,2.298272132873535,0.5612894834027493
33,9.2033052444458,0.21628735959529877,2.318023920059204,0.5574085218623186
33,9.209728240966797,0.215124249458313,2.3378398418426514,0.553067175094996
33,9.216017723083496,0.2135719209909439,2.3577535152435303,0.5482846562423564
33,9.22215461730957,0.21165478229522705,2.3777225017547607,0.5431373020775572
33,9.228128433227539,0.20938748121261597,2.3977444171905518,0.5374525310639723
33,9.23393440246582,0.2067784070968628,2.417811632156372,0.5314824789094018
33,9.23957633972168,0.20383252203464508,2.4379167556762695,0.5252378961849449
33,9.245072364807129,0.20054085552692413,2.458082437515259,0.5186630156554783
33,9.250432014465332,0.19690318405628204,2.4782609939575195,0.5117756110153092
33,9.25566291809082,0.19292697310447693,2.4983747005462646,0.5047628303273604
33,9.26081657409668,0.18858501315116882,2.5185046195983887,0.4975737849478732
33,9.265912055969238,0.18387772142887115,2.5386013984680176,0.4904051653216897
33,9.27097225189209,0.178804412484169,2.5586512088775635,0.48332070176376524
33,9.276009559631348,0.1733746975660324,2.57861328125,0.47623741440299816
33,9.281048774719238,0.16759049892425537,2.598512649536133,0.46920048254605107
33,9.286097526550293,0.16147294640541077,2.6183414459228516,0.46240900516786515
33,9.291147232055664,0.15504203736782074,2.638101577758789,0.45587550982419045
33,9.296191215515137,0.14830924570560455,2.6578216552734375,0.4495158213577089
33,9.301202774047852,0.14132900536060333,2.6774415969848633,0.4433700553698224
33,9.306177139282227,0.1341143399477005,2.697014808654785,0.4375170209999846
33,9.31109619140625,0.12668341398239136,2.716548204421997,0.43191490686940204
33,9.315954208374023,0.11904474347829819,2.7360687255859375,0.4264684777789906
33,9.320734024047852,0.1112399473786354,2.7555270195007324,0.42121528797496255
33,9.32543659210205,0.10326210409402847,2.7749574184417725,0.41620319771736
33,9.330061912536621,0.09511709213256836,2.7943599224090576,0.41138880413236667
33,9.334616661071777,0.08681090176105499,2.8137447834014893,0.4067368580304267
33,9.339099884033203,0.07835495471954346,2.8330814838409424,0.4022764114838904
33,9.343523025512695,0.0697413757443428,2.852391242980957,0.3980652987689295
33,9.347893714904785,0.06098164618015289,2.8716704845428467,0.39409416148918847
33,9.352221488952637,0.052075568586587906,2.8909146785736084,0.3903417339835269
33,9.35651683807373,0.04302860051393509,2.9101152420043945,0.38687129205184967
33,9.360791206359863,0.0338568277657032,2.929260015487671,0.38367426710475255
33,9.365056037902832,0.02456147037446499,2.9483449459075928,0.38073051223175103
33,9.369328498840332,0.015151770785450935,2.967369794845581,0.37819677238326904
33,9.373625755310059,0.005634733475744724,2.9863357543945312,0.37588408827232656
33,9.377962112426758,-0.003987579140812159,3.005239486694336,0.3738639989405947
33,9.382359504699707,-0.013703398406505585,3.024081230163574,0.37217291517321355
33,9.386833190917969,-0.023508958518505096,3.042858123779297,0.3706560246699567
33,9.391402244567871,-0.03339751809835434,3.0615687370300293,0.3695314484266661
33,9.396084785461426,-0.04335922747850418,3.080212354660034,0.36858922179435194
33,9.400896072387695,-0.053391020745038986,3.098785161972046,0.36785900281856804
33,9.405858039855957,-0.06348278373479843,3.117286443710327,0.36740081729665097
33,9.410983085632324,-0.07362894713878632,3.1357131004333496,0.3670266342306535
33,9.416287422180176,-0.0838233008980751,3.154062271118164,0.3669641120103685
33,9.421788215637207,-0.09405676275491714,3.1723318099975586,0.36698569396189157
33,9.427496910095215,-0.10432400554418564,3.190518379211426,0.3671358971128801
33,9.433430671691895,-0.11461646854877472,3.208617925643921,0.36744873778871
33,9.43959903717041,-0.12492871284484863,3.2266275882720947,0.3677758158901965
33,9.446016311645508,-0.13525275886058807,3.2445430755615234,0.36831950092888976
33,9.45269775390625,-0.1455804705619812,3.262359857559204,0.3688566777781474
33,9.459650993347168,-0.1559058427810669,3.280074119567871,0.3694761851548802
33,9.46689224243164,-0.16622106730937958,3.297678232192993,0.37017004020541855
33,9.474431991577148,-0.17651577293872833,3.315168857574463,0.3708935455376874
33,9.482285499572754,-0.18678203225135803,3.3325374126434326,0.3717095471591553
33,9.49046516418457,-0.19700978696346283,3.3497776985168457,0.37257314203646436
33,9.498984336853027,-0.20718501508235931,3.3668837547302246,0.3735416047506221
33,9.507864952087402,-0.21729375422000885,3.3838446140289307,0.3746095420840431
33,9.517117500305176,-0.2273193597793579,3.400655746459961,0.3758476958188329
33,9.52676773071289,-0.2372404932975769,3.417304515838623,0.3772796270536203
33,9.536837577819824,-0.2470289170742035,3.4337823390960693,0.379006991518532
33,9.547343254089355,-0.2566588222980499,3.450080394744873,0.3811669138443173
33,9.558320999145508,-0.26609283685684204,3.4661808013916016,0.38368408517207847
33,9.569793701171875,-0.27528780698776245,3.482072114944458,0.38705034295958146
33,9.581785202026367,-0.2842075824737549,3.4977357387542725,0.3911523529762242
33,9.59433364868164,-0.29279643297195435,3.5131468772888184,0.396089454090998
33,9.607443809509277,-0.3010171949863434,3.528287649154663,0.40243533050700825
33,9.621139526367188,-0.30882126092910767,3.5431270599365234,0.40977318057769446
33,9.635432243347168,-0.31616902351379395,3.557633399963379,0.4186581380911177
33,9.65030288696289,-0.32303643226623535,3.5717885494232178,0.42875920086982566
33,9.665750503540039,-0.3293956518173218,3.585559368133545,0.44016067820077287
33,9.681746482849121,-0.3352402150630951,3.5989255905151367,0.4529934683016739
33,9.698270797729492,-0.34056079387664795,3.6118619441986084,0.4666919854438671
33,9.715277671813965,-0.34536951780319214,3.6243646144866943,0.4815666773514195
33,9.73273754119873,-0.34967657923698425,3.636418581008911,0.4970285081725609
33,9.750611305236816,-0.35349586606025696,3.648022174835205,0.5134142797050987
33,9.768869400024414,-0.3568464517593384,3.659163475036621,0.5302057708058032
33,9.787470817565918,-0.35974806547164917,3.6698520183563232,0.5473181825501852
33,9.806387901306152,-0.3622250556945801,3.6800856590270996,0.5647155992326239
33,9.82558822631836,-0.36429497599601746,3.6898717880249023,0.5821210838914288
33,9.84504508972168,-0.36598047614097595,3.699216604232788,0.599603839904225
33,9.86473274230957,-0.36730411648750305,3.708125591278076,0.6169963362885322
33,9.884629249572754,-0.36827877163887024,3.7166056632995605,0.6342360149238178
33,9.904712677001953,-0.3689265251159668,3.7246639728546143,0.6511825541481916
33,9.924966812133789,-0.3692640960216522,3.732307195663452,0.667914229421438
33,9.945372581481934,-0.3693034052848816,3.73954176902771,0.6844101608311352
33,9.965913772583008,-0.3690609633922577,3.7463762760162354,0.7003280279005927
33,9.986577033996582,-0.3685534596443176,3.7528183460235596,0.7159020520653487
33,10.007349014282227,-0.3677915036678314,3.75887393951416,0.7311238904065591
33,10.028218269348145,-0.3667856752872467,3.7645492553710938,0.7459656394051465
33,10.049172401428223,-0.3655492663383484,3.769852876663208,0.7600649984448095
33,10.070201873779297,-0.36409616470336914,3.774794101715088,0.7737015969240963
33,10.09129524230957,-0.3624361753463745,3.7793798446655273,0.7868875225108066
33,10.112445831298828,-0.36057907342910767,3.783616542816162,0.7996056098808513
33,10.133644104003906,-0.35853466391563416,3.787511110305786,0.8118446488927875
33,10.154891014099121,-0.35631197690963745,3.791071891784668,0.82351939846058
33,10.176240921020508,-0.3539142310619354,3.7943172454833984,0.8345819141571882
33,10.197937965393066,-0.35131844878196716,3.797283887863159,0.8453396690486452
33,10.219657897949219,-0.3485686182975769,3.799928665161133,0.8556090938370562
33,10.242287635803223,-0.34555256366729736,3.802349328994751,0.8657552659413512
33,10.266622543334961,-0.34215137362480164,3.80458664894104,0.876049450205583
33,10.293171882629395,-0.3382703363895416,3.8066153526306152,0.8863573640678106
33,10.31972599029541,-0.3342249095439911,3.8082330226898193,0.89597379155736
33,10.348234176635742,-0.3297197222709656,3.8095319271087646,0.9055960757705895
33,10.376733779907227,-0.3250618577003479,3.8103952407836914,0.9143434439462732
33,10.406375885009766,-0.3200716972351074,3.810847759246826,0.9229744908535203
33,10.436439514160156,-0.3148808181285858,3.810861587524414,0.9309233238443019
33,10.46648120880127,-0.3095768988132477,3.810443878173828,0.9382372706280251
33,10.496596336364746,-0.30416762828826904,3.8096139430999756,0.9450345900669765
33,10.526684761047363,-0.29868581891059875,3.8083903789520264,0.9511513978455063
33,10.556756973266602,-0.2931508719921112,3.806790351867676,0.956982834202816
33,10.586801528930664,-0.28758639097213745,3.8048348426818848,0.9622765002352731
33,10.616819381713867,-0.2820061445236206,3.8025388717651367,0.9671997799711569
33,10.646812438964844,-0.27643242478370667,3.799924612045288,0.9718401568201317
33,10.67678165435791,-0.27087950706481934,3.7970056533813477,0.9761859682554381
33,10.706727981567383,-0.26536625623703003,3.7937965393066406,0.9804148158546084
33,10.736654281616211,-0.2599097490310669,3.7903146743774414,0.9843929599153549
33,10.766562461853027,-0.2545207142829895,3.7865731716156006,0.9880241084054217
33,10.796453475952148,-0.24921423196792603,3.782590866088867,0.9915737110190985
33,10.826329231262207,-0.24400341510772705,3.7783772945404053,0.9950339062699577
33,10.856193542480469,-0.23890262842178345,3.773944616317749,0.9985069200560657
33,10.886045455932617,-0.23392413556575775,3.7693066596984863,1.0018638679455831
33,10.915888786315918,-0.2290777862071991,3.764472723007202,1.0051707910754606
33,10.945725440979004,-0.22437305748462677,3.7594592571258545,1.0082589107113202
33,10.975557327270508,-0.21981941163539886,3.7542765140533447,1.0112809936569267
33,11.00538444519043,-0.2154272049665451,3.7489356994628906,1.0144234690825928
33,11.035210609436035,-0.2112039178609848,3.743450164794922,1.0174310132249385
33,11.065034866333008,-0.2071564942598343,3.7378292083740234,1.0203303875130356
33,11.094861030578613,-0.20328845083713531,3.7320895195007324,1.0230701799083266
33,11.124689102172852,-0.19960473477840424,3.7262401580810547,1.0256127867988085
33,11.154520988464355,-0.196110799908638,3.7202937602996826,1.028397760115455
33,11.184357643127441,-0.19280944764614105,3.714261770248413,1.030893763517189
33,11.214200019836426,-0.1897028088569641,3.7081542015075684,1.0331141917394968
33,11.244050979614258,-0.18678946793079376,3.7019846439361572,1.0353606544408132
33,11.273908615112305,-0.1840714067220688,3.695760488510132,1.037373137272288
33,11.30378246307373,-0.18154674768447876,3.6894912719726562,1.0395626239680809
33,11.333688735961914,-0.17921164631843567,3.6831836700439453,1.0411098767820812
33,11.363603591918945,-0.1770678609609604,3.6768505573272705,1.0427585582743595
33,11.393592834472656,-0.1751062422990799,3.6704890727996826,1.0444124043064564
33,11.423590660095215,-0.17333094775676727,3.664118528366089,1.0458115498575085
33,11.453736305236816,-0.17173008620738983,3.657719135284424,1.0471426625452585
33,11.484138488769531,-0.1703009456396103,3.6512792110443115,1.0482080730377008
33,11.51455307006836,-0.1690567135810852,3.6448593139648438,1.0494330537291892
33,11.515286445617676,-0.1690288633108139,3.644704818725586,1.0494552196443427
34,0.6103371977806091,0.3593679666519165,0.46522942185401917,1.031280538638376
34,0.6584638357162476,0.3593798875808716,0.4670093357563019,1.0321034971500003
34,0.7796533107757568,0.3594083786010742,0.47175779938697815,1.0305172939660923
34,0.9008237719535828,0.35943374037742615,0.47696876525878906,1.026811683443316
34,1.0225379467010498,0.35945701599121094,0.4829402565956116,1.0199215207405223
34,1.1441963911056519,0.35948243737220764,0.48994898796081543,1.0071879440768916
34,1.2660547494888306,0.3595201075077057,0.49854210019111633,0.992125309805928
34,1.3878843784332275,0.3595782220363617,0.5090137720108032,0.9713151312473791
34,1.47896409034729,0.35963672399520874,0.5181843638420105,0.9565022727863899
34,1.6005501747131348,0.35971799492836,0.5315141081809998,0.9377270499894912
34,1.7220714092254639,0.35979562997817993,0.5454236268997192,0.9239759585227778
34,1.8438016176223755,0.35985809564590454,0.5581889748573303,0.9137977653207635
34,1.96573805809021,0.3599125146865845,0.568774938583374,0.9094088778912779
34,2.0879101753234863,0.3599667549133301,0.57618647813797,0.9080332526048199
34,2.2102460861206055,0.36003416776657104,0.580028235912323,0.9127111369410081
34,2.3326430320739746,0.36011621356010437,0.5803682804107666,0.9239006873921561
34,2.4550158977508545,0.3602093756198883,0.5778740644454956,0.9384265555676213
34,2.5773394107818604,0.36029914021492004,0.5735392570495605,0.9598547926775093
34,2.6551458835601807,0.3603481948375702,0.5702394247055054,0.973871106501952
34,2.777434825897217,0.3603971004486084,0.5650103688240051,1.0029405282327783
34,2.8567636013031006,0.3604052662849426,0.5618472099304199,1.022537603562425
34,2.9791033267974854,0.3603873550891876,0.5580114722251892,1.0598171243298344
34,3.101483106613159,0.36033016443252563,0.5558044910430908,1.1010007429540871
34,3.2238821983337402,0.3601706027984619,0.5555214881896973,1.1470951892667138
34,3.312800407409668,0.3599403500556946,0.5562766790390015,1.1846598979362066
34,3.435192584991455,0.35923805832862854,0.5575481653213501,1.2387985154128833
34,3.506916046142578,0.3585447669029236,0.5580484867095947,1.2713653901597064
34,3.629289150238037,0.35645583271980286,0.556734025478363,1.3277692262648393
34,3.6864495277404785,0.3550602197647095,0.5550903081893921,1.3512498449832777
34,3.8085083961486816,0.3506847321987152,0.5475097894668579,1.3985676122157553
34,3.9299662113189697,0.3443601429462433,0.5340389013290405,1.4255378182047511
34,4.050024032592773,0.3359639346599579,0.5130869746208191,1.4333783856280204
34,4.167764663696289,0.32526668906211853,0.48520150780677795,1.4170140518562313
34,4.283716678619385,0.3118986189365387,0.45154663920402527,1.4031542492595561
34,4.335640907287598,0.3051522374153137,0.4357650876045227,1.4009755614553179
34,4.453227519989014,0.2905576229095459,0.40103963017463684,1.411482714019924
34,4.569912433624268,0.2796779274940491,0.3751894235610962,1.4646381013447645
34,4.618750095367432,0.2763690650463104,0.36861181259155273,1.501032021029177
34,4.687199115753174,0.272904634475708,0.3642001152038574,1.5631671726061092
34,4.761070251464844,0.2705477774143219,0.3653591573238373,1.631002440132483
34,4.805202007293701,0.2696148753166199,0.36834830045700073,1.659124006509923
34,4.8505754470825195,0.2691037356853485,0.3726196587085724,1.6790179476452967
34,4.953505039215088,0.26942387223243713,0.385139524936676,1.6924922997654894
34,5.0519118309021,0.2713332176208496,0.3987371623516083,1.6898122426042779
34,5.149489879608154,0.2737559676170349,0.41319540143013,1.6852106765687205
34,5.247875213623047,0.27581265568733215,0.42816057801246643,1.6678389603722157
34,5.302184581756592,0.27651748061180115,0.43623772263526917,1.6486812690112302
34,5.401793479919434,0.2764473557472229,0.450199156999588,1.59787414582864
34,5.501916408538818,0.27425676584243774,0.4650132656097412,1.544703607234023
34,5.552562236785889,0.27235063910484314,0.47384288907051086,1.5254915644740907
34,5.651371002197266,0.267842561006546,0.4958938956260681,1.4920953820755896
34,5.74868106842041,0.26360034942626953,0.5238857269287109,1.4474940762130277
34,5.790048599243164,0.2621249854564667,0.5375012755393982,1.4237408661484883
34,5.884143829345703,0.2602028548717499,0.5702465176582336,1.3532843288642504
34,5.934502124786377,0.25999000668525696,0.588199257850647,1.314576726933115
34,6.027325630187988,0.2609809935092926,0.6193726658821106,1.2444784704452483
34,6.119200229644775,0.2634286880493164,0.6461076140403748,1.1840918214555138
34,6.201071739196777,0.2666539251804352,0.6652317643165588,1.1399953064212993
34,6.282674789428711,0.270689994096756,0.6797846555709839,1.1068467122817156
34,6.374541282653809,0.2761599123477936,0.6912737488746643,1.0804236002609533
34,6.465225696563721,0.28255176544189453,0.6980980038642883,1.062735611516973
34,6.5560431480407715,0.2900041341781616,0.7009013891220093,1.0501805254603753
34,6.645998477935791,0.2984694242477417,0.6999610066413879,1.0431135059353822
34,6.742016792297363,0.3087654709815979,0.6948426365852356,1.0418263120320492
34,6.791749477386475,0.3145943284034729,0.6905364394187927,1.0429891835139946
34,6.814146518707275,0.31732767820358276,0.6882364153862,1.0441022651050023
34,6.836513519287109,0.32012104988098145,0.6857273578643799,1.0455648359138898
34,6.858790874481201,0.32296451926231384,0.6830238103866577,1.047297191603825
34,6.881011009216309,0.3258594274520874,0.6801306009292603,1.0493070388352912
34,6.9031877517700195,0.3288039565086365,0.6770533323287964,1.0516173202393464
34,6.925329208374023,0.33179542422294617,0.6737982630729675,1.0542291934523498
34,6.947437763214111,0.3348301649093628,0.6703723073005676,1.0571425829743981
34,6.969514846801758,0.3379038870334625,0.6667826175689697,1.0603556471847944
34,6.991560935974121,0.3410121202468872,0.6630361080169678,1.063865211922378
34,7.013576984405518,0.3441501557826996,0.65913987159729,1.0676649828833782
34,7.035563945770264,0.3473135232925415,0.6551008224487305,1.0717828885442355
34,7.057522296905518,0.350497841835022,0.650925874710083,1.076176597804798
34,7.079452991485596,0.35369858145713806,0.6466216444969177,1.080839119332489
34,7.101357936859131,0.35691145062446594,0.6421952843666077,1.0857091672611479
34,7.123237609863281,0.3601340353488922,0.637654721736908,1.0906490026670324
34,7.145094394683838,0.36336347460746765,0.6330077052116394,1.0958060372218161
34,7.166929244995117,0.36659637093544006,0.6282621026039124,1.1011725911225287
34,7.188744068145752,0.36982935667037964,0.6234259009361267,1.1067407702135796
34,7.210541248321533,0.373058944940567,0.6185070872306824,1.1125095587823937
34,7.2323222160339355,0.37628161907196045,0.6135135889053345,1.1185048084939695
34,7.254085063934326,0.37949255108833313,0.608454167842865,1.1246746571993311
34,7.275814056396484,0.38268622756004333,0.6033403873443604,1.13075428981863
34,7.297553062438965,0.38586607575416565,0.5981701016426086,1.1368745166018879
34,7.319267749786377,0.3890230655670166,0.5929594039916992,1.1430285647040068
34,7.341028213500977,0.39216306805610657,0.5877003073692322,1.1492111236932328
34,7.362813472747803,0.39527928829193115,0.5824055671691895,1.1553943817805634
34,7.384547233581543,0.39835721254348755,0.5771012306213379,1.1615452840862315
34,7.406277179718018,0.4014005959033966,0.5717829465866089,1.1674592797673398
34,7.428012847900391,0.404406875371933,0.5664529204368591,1.172970985417855
34,7.449748516082764,0.4073721170425415,0.5611146092414856,1.1783845898835317
34,7.471487998962402,0.4102939963340759,0.5557663440704346,1.1836368863167448
34,7.493229389190674,0.41316983103752136,0.5504031181335449,1.1886681444034681
34,7.514970779418945,0.41599902510643005,0.5450137853622437,1.1934193382473328
34,7.53670597076416,0.4187876582145691,0.5395781993865967,1.1977900321249642
34,7.558425426483154,0.42155343294143677,0.5340678691864014,1.2015864760191233
34,7.580116271972656,0.4243321418762207,0.5284546613693237,1.2045555740641003
34,7.601771354675293,0.42717549204826355,0.5227361917495728,1.2054190621168728
34,7.623395919799805,0.43012696504592896,0.5169553756713867,1.204374582866755
34,7.645011901855469,0.43319377303123474,0.5112044215202332,1.2022803155105009
34,7.666660785675049,0.436337947845459,0.5056210160255432,1.2001382125562312
34,7.688398361206055,0.43948179483413696,0.5003962516784668,1.2018842064634019
34,7.710296630859375,0.44249260425567627,0.49580439925193787,1.208573045928809
34,7.732407093048096,0.4452010691165924,0.4921402931213379,1.2227912607462037
34,7.754721164703369,0.4474422037601471,0.4895564913749695,1.2446436203069287
34,7.777168273925781,0.4491693079471588,0.4878825843334198,1.2673314448277397
34,7.799678325653076,0.45047131180763245,0.4867340922355652,1.2831023358117373
34,7.822210788726807,0.4514954090118408,0.48574769496917725,1.2925707548707779
34,7.8447489738464355,0.45235106348991394,0.48472797870635986,1.2983995070856147
34,7.867286682128906,0.4530825614929199,0.48360952734947205,1.3021422580646689
34,7.889822006225586,0.45370054244995117,0.4823780059814453,1.304428983384664
34,7.912353515625,0.4542120695114136,0.4810355007648468,1.3055631159621381
34,7.93488073348999,0.45462706685066223,0.47959163784980774,1.305785035034864
34,7.957403182983398,0.45495694875717163,0.478059321641922,1.3052122951241574
34,7.979922294616699,0.45521479845046997,0.4764571189880371,1.3038268921638274
34,8.00243854522705,0.45541927218437195,0.47481271624565125,1.301658521387752
34,8.024954795837402,0.4555927515029907,0.47315850853919983,1.2990574951737919
34,8.047472953796387,0.4557545781135559,0.4715288579463959,1.2962236710140522
34,8.069994926452637,0.4559154808521271,0.4699622392654419,1.293264016844318
34,8.092524528503418,0.4560784101486206,0.4685092568397522,1.2904593052994897
34,8.115065574645996,0.45623913407325745,0.4672316908836365,1.2881554359960266
34,8.137619018554688,0.45638588070869446,0.46619555354118347,1.286700036325436
34,8.160183906555176,0.45649948716163635,0.46546411514282227,1.286368694938119
34,8.182757377624512,0.45655587315559387,0.4650834798812866,1.2872598620052305
34,8.205334663391113,0.45652908086776733,0.465070903301239,1.2891886499290102
34,8.227909088134766,0.4563949704170227,0.4654044508934021,1.2916227429512626
34,8.250475883483887,0.45613715052604675,0.4660252034664154,1.2933410594473842
34,8.273035049438477,0.4557514488697052,0.4668460190296173,1.2932156199554832
34,8.295587539672852,0.4552490711212158,0.4677722454071045,1.2911953342502678
34,8.318137168884277,0.45465824007987976,0.46872732043266296,1.2878672992491342
34,8.340685844421387,0.4540064334869385,0.4696635603904724,1.2835957953732557
34,8.363234519958496,0.4533122777938843,0.4705536663532257,1.2785641897016264
34,8.385785102844238,0.45259132981300354,0.4713800847530365,1.272884845024833
34,8.408337593078613,0.45185932517051697,0.4721362590789795,1.2667308480161465
34,8.430892944335938,0.45113271474838257,0.4728284478187561,1.260321235688222
34,8.453450202941895,0.4504268169403076,0.47347602248191833,1.253908635443204
34,8.476008415222168,0.44975295662879944,0.47410741448402405,1.2478085417489675
34,8.498567581176758,0.4491173028945923,0.4747565984725952,1.242190431341372
34,8.521125793457031,0.4485200345516205,0.47545909881591797,1.2370042093386837
34,8.543682098388672,0.44795483350753784,0.47625160217285156,1.2322853284580078
34,8.566234588623047,0.447414755821228,0.4771670997142792,1.2280806260875687
34,8.588761329650879,0.446891188621521,0.47823232412338257,1.2243429877371625
34,8.611207008361816,0.44637301564216614,0.479464590549469,1.2209951605082299
34,8.63355541229248,0.4458466172218323,0.4808709919452667,1.2179006032857604
34,8.65579891204834,0.4452976882457733,0.4824458062648773,1.2148537857609163
34,8.677933692932129,0.4447142481803894,0.4841691553592682,1.2115900610646204
34,8.699957847595215,0.44408997893333435,0.486010879278183,1.207816535390744
34,8.721972465515137,0.44342172145843506,0.48794418573379517,1.2034228056286629
34,8.743809700012207,0.4427180588245392,0.4899192452430725,1.1984630069835658
34,8.765539169311523,0.44198599457740784,0.49191373586654663,1.1931780743563445
34,8.787162780761719,0.4412364363670349,0.4939066171646118,1.1876343464236523
34,8.80868148803711,0.44048088788986206,0.4958837032318115,1.181917501884119
34,8.830093383789062,0.4397314488887787,0.49783799052238464,1.176132530530847
34,8.851428031921387,0.4389985203742981,0.499772310256958,1.1703816311595436
34,8.872710227966309,0.43829116225242615,0.5016958117485046,1.1647662676506294
34,8.893936157226562,0.437616765499115,0.5036206245422363,1.1593766466207047
34,8.915101051330566,0.43697887659072876,0.5055623054504395,1.1541617691045127
34,8.936240196228027,0.4363754987716675,0.5075420141220093,1.1491315322106028
34,8.95731258392334,0.4358055591583252,0.509572446346283,1.1443370455975044
34,8.978314399719238,0.43526512384414673,0.5116671323776245,1.1397155735392408
34,8.999244689941406,0.43474897742271423,0.5138359665870667,1.135196885147713
34,9.020129203796387,0.4342506527900696,0.5160877108573914,1.130704427307199
34,9.041013717651367,0.43376368284225464,0.5184288024902344,1.1261627931466354
34,9.061897277832031,0.43328341841697693,0.5208563804626465,1.1215147172573692
34,9.082795143127441,0.43280646204948425,0.5233651399612427,1.1167241061432411
34,9.103697776794434,0.43233180046081543,0.5259435772895813,1.1118049813867295
34,9.12460708618164,0.43186020851135254,0.5285806059837341,1.1067844794648847
34,9.145525932312012,0.43139418959617615,0.5312651991844177,1.1017038954430045
34,9.166455268859863,0.4309374988079071,0.5339879989624023,1.0966100758975468
34,9.187397956848145,0.4304945766925812,0.5367423295974731,1.091503010197254
34,9.20841121673584,0.43006882071495056,0.5395323038101196,1.0864176056825405
34,9.229437828063965,0.42966583371162415,0.542350709438324,1.0814858302563528
34,9.250496864318848,0.4292890727519989,0.5452036261558533,1.0767189148336143
34,9.27156925201416,0.4289413094520569,0.5480948686599731,1.072122360418958
34,9.292654037475586,0.42862367630004883,0.5510320663452148,1.067681559615008
34,9.313750267028809,0.4283360540866852,0.5540234446525574,1.0633689490089941
34,9.334856986999512,0.42807742953300476,0.5570768713951111,1.0591490030637358
34,9.355989456176758,0.4278459846973419,0.5602014064788818,1.0549753132021102
34,9.377129554748535,0.42764002084732056,0.5633991956710815,1.0508139882518672
34,9.398274421691895,0.42745786905288696,0.5666725635528564,1.046638663350788
34,9.419425964355469,0.42729827761650085,0.5700218081474304,1.042434039912109
34,9.440581321716309,0.4271605610847473,0.5734452605247498,1.038196780047244
34,9.46174144744873,0.4270448684692383,0.5769396424293518,1.0339355699818917
34,9.482905387878418,0.42695197463035583,0.5805006623268127,1.0296685539710182
34,9.5040864944458,0.42688316106796265,0.584126353263855,1.0254177748797366
34,9.525272369384766,0.4268401563167572,0.5878100395202637,1.0212177596265484
34,9.546460151672363,0.4268247187137604,0.5915483236312866,1.0170923839510475
34,9.56765079498291,0.42683839797973633,0.5953386425971985,1.0130595013622692
34,9.588844299316406,0.4268825352191925,0.5991795659065247,1.0091292538980594
34,9.610038757324219,0.4269579350948334,0.6030705571174622,1.0053037065513957
34,9.631233215332031,0.42706501483917236,0.6070116758346558,1.0014397716579302
34,9.652448654174805,0.42720380425453186,0.611007034778595,0.9976015864869388
34,9.673661231994629,0.42737388610839844,0.6150532364845276,0.993821337719543
34,9.694870948791504,0.42757466435432434,0.6191505789756775,0.9900823885050726
34,9.716076850891113,0.42780548334121704,0.6232993006706238,0.9863694036187297
34,9.73727798461914,0.42806556820869446,0.6274988055229187,0.9826698848387674
34,9.758475303649902,0.4283541738986969,0.6317483186721802,0.9789747605290493
34,9.779667854309082,0.4286706745624542,0.636046290397644,0.9752791889952126
34,9.80085563659668,0.4290144443511963,0.6403908729553223,0.9714782946728712
34,9.822041511535645,0.42938488721847534,0.6447798609733582,0.9674553297213497
34,9.843221664428711,0.4297815263271332,0.6492099165916443,0.9634150506822043
34,9.864397048950195,0.43020394444465637,0.6536784768104553,0.95937842090479
34,9.885568618774414,0.4306517243385315,0.6581828594207764,0.9553489511891124
34,9.906733512878418,0.43112438917160034,0.6627199053764343,0.9513197850260657
34,9.92789077758789,0.4316215217113495,0.6672868132591248,0.9471235363513131
34,9.949042320251465,0.4321424067020416,0.6718805432319641,0.9427572829018342
34,9.970187187194824,0.43268638849258423,0.6764988303184509,0.9383706141967343
34,9.991327285766602,0.43325281143188477,0.6811395287513733,0.9339906072460198
34,10.012462615966797,0.43384096026420593,0.6858002543449402,0.9296182050397308
34,10.033592224121094,0.4344500005245209,0.6904789805412292,0.9252192140099034
34,10.054718971252441,0.43507882952690125,0.6951733231544495,0.9205226820341587
34,10.075841903686523,0.4357263147830963,0.699880838394165,0.9158285797031167
34,10.09696102142334,0.4363914728164673,0.7045997977256775,0.9111028963143669
34,10.118078231811523,0.4370732009410858,0.7093281149864197,0.9063649487910477
34,10.139193534851074,0.43777039647102356,0.7140640020370483,0.901614280999224
34,10.16031265258789,0.4384818971157074,0.7188068628311157,0.8965566855336355
34,10.181500434875488,0.4392082989215851,0.7235684990882874,0.8913588266461799
34,10.203003883361816,0.4399569630622864,0.7284025549888611,0.8860256147090625
34,10.22538948059082,0.44074690341949463,0.7334349155426025,0.8803742235149247
34,10.24777603149414,0.4415458142757416,0.7384656071662903,0.8747272543390319
34,10.271834373474121,0.4424118101596832,0.7438685894012451,0.8684700251937234
34,10.298074722290039,0.4433606266975403,0.7497552633285522,0.8615241330288268
34,10.324316024780273,0.4443114697933197,0.7556352019309998,0.8544512784585829
34,10.352492332458496,0.44532912969589233,0.761940062046051,0.8470423297484148
34,10.381814002990723,0.4463787376880646,0.7684925198554993,0.8385194834896977
34,10.411138534545898,0.4474124610424042,0.7750363349914551,0.8298469009259081
34,10.440899848937988,0.4484350383281708,0.7816720008850098,0.8207853168559555
34,10.470662117004395,0.44942665100097656,0.7883040308952332,0.8113334192277222
34,10.500523567199707,0.4503784477710724,0.7949594259262085,0.8016409481534351
34,10.530394554138184,0.45127812027931213,0.8016223907470703,0.7910703993408301
34,10.56026554107666,0.45211783051490784,0.808294951915741,0.7806541613156002
34,10.590134620666504,0.4528881013393402,0.8149847388267517,0.7699429865857348
34,10.620000839233398,0.45358359813690186,0.8216949701309204,0.7587398886553898
34,10.649862289428711,0.45419538021087646,0.828434944152832,0.7476771218360436
34,10.679717063903809,0.45472022891044617,0.8352109789848328,0.736470244507982
34,10.709563255310059,0.4551538825035095,0.842029333114624,0.725457495140063
34,10.739398956298828,0.45549508929252625,0.8489012122154236,0.7145144677436243
34,10.769222259521484,0.4557437300682068,0.8558306694030762,0.7041180795188772
34,10.799030303955078,0.4559037387371063,0.8628272414207458,0.6939294689708586
34,10.828822135925293,0.4559812843799591,0.86989426612854,0.6847757189073487
34,10.858595848083496,0.45598503947257996,0.8770372271537781,0.6760455922443194
34,10.888351440429688,0.4559328854084015,0.8842561841011047,0.668305374252532
34,10.918088912963867,0.4558347463607788,0.8915472626686096,0.6615858701995343
34,10.947809219360352,0.4557208716869354,0.8989059329032898,0.6554560446514854
34,10.977516174316406,0.45561426877975464,0.9063214659690857,0.6512523106547264
34,11.00721263885498,0.45554104447364807,0.913780927658081,0.6474250790341527
34,11.03690242767334,0.45554059743881226,0.9212651252746582,0.6453478224446552
34,11.06658935546875,0.4556368291378021,0.9287624955177307,0.6443565488815705
34,11.096277236938477,0.45586976408958435,0.9362497329711914,0.6440745464033555
34,11.125969886779785,0.45625820755958557,0.9437134861946106,0.6456156256047568
34,11.155668258666992,0.4568326771259308,0.9511388540267944,0.6475346847227949
34,11.18537712097168,0.45761629939079285,0.9585085511207581,0.6507509698549634
34,11.215094566345215,0.4586172103881836,0.965815007686615,0.6544790815465914
34,11.244823455810547,0.45985934138298035,0.9730425477027893,0.6588687556070608
34,11.274561882019043,0.4613470733165741,0.9801878929138184,0.6641294192575328
34,11.304315567016602,0.46308934688568115,0.9872444272041321,0.6694462886666265
34,11.334098815917969,0.46509259939193726,0.9942131638526917,0.6756023344185033
34,11.363883972167969,0.46735459566116333,1.0010923147201538,0.6819432415519077
34,11.393733024597168,0.46988239884376526,1.0078984498977661,0.688534258865421
34,11.423576354980469,0.4726613163948059,1.0146262645721436,0.6954256231901736
34,11.453548431396484,0.47570276260375977,1.0213135480880737,0.7024929718964521
34,11.483749389648438,0.4790264368057251,1.0279942750930786,0.7103361516852227
34,11.513933181762695,0.482602059841156,1.03462553024292,0.7180963477845368
34,11.54924488067627,0.48707595467567444,1.0423493385314941,0.7273899370593385
34,11.584522247314453,0.49184083938598633,1.0500556230545044,0.7369813660562768
34,11.648341178894043,0.5010886192321777,1.0640746355056763,0.7540010918671041
34,11.71203327178955,0.5110125541687012,1.0782126188278198,0.7725309055276339
34,11.775601387023926,0.5214100480079651,1.0925651788711548,0.7909663142625347
34,11.900315284729004,0.5422779321670532,1.1220086812973022,0.8233906407257715
34,11.951745986938477,0.5509232878684998,1.1346055269241333,0.8365818803131775
34,12.076107025146484,0.5706883668899536,1.1662180423736572,0.8647689945301453
34,12.192907333374023,0.5868825912475586,1.196786642074585,0.8910809866052951
34,12.195680618286133,0.5872240662574768,1.1975104808807373,0.8916814343746088
35,1.6891156435012817,0.3729172646999359,2.328622579574585,1.0316194223553152
35,1.8114991188049316,0.3730245530605316,2.333202362060547,1.0359381108908938
35,1.9339317083358765,0.3731434643268585,2.3361759185791016,1.0393546058228151
35,2.0564005374908447,0.37327519059181213,2.3371241092681885,1.0424560932779292
35,2.1788671016693115,0.3734205663204193,2.3359005451202393,1.0435537094167606
35,2.3012900352478027,0.3735803961753845,2.3324134349823,1.0438082947944904
35,2.4236342906951904,0.37375545501708984,2.3268003463745117,1.0426907147412319
35,2.5458734035491943,0.37394610047340393,2.3192293643951416,1.0397060798717215
35,2.655046224594116,0.3741301894187927,2.31107234954834,1.03662904265075
35,2.77707576751709,0.3743520677089691,2.300652027130127,1.0313289570495798
35,2.885801076889038,0.37456467747688293,2.2903835773468018,1.0262575488510348
35,3.0076451301574707,0.37482133507728577,2.2779769897460938,1.0195894011588775
35,3.1293983459472656,0.3750987648963928,2.2647101879119873,1.0120071826135733
35,3.2510671615600586,0.3754003942012787,2.2506906986236572,1.0039189170194125
35,3.3726508617401123,0.37573033571243286,2.2359516620635986,0.9940811567901524
35,3.494147300720215,0.376092791557312,2.2205097675323486,0.9834361140600513
35,3.6155550479888916,0.3764961361885071,2.2043862342834473,0.9711220300894604
35,3.7368690967559814,0.3769487738609314,2.187572956085205,0.9562195268708003
35,3.8580713272094727,0.37746793031692505,2.1701152324676514,0.9395844574477583
35,3.9789767265319824,0.3780791461467743,2.152143716812134,0.9184850632492849
35,4.074880599975586,0.37864968180656433,2.137545585632324,0.9002106508144022
35,4.194619178771973,0.3795143663883209,2.1191751956939697,0.8735765223919462
35,4.314370155334473,0.3805917799472809,2.1008989810943604,0.8454803309328883
35,4.431037425994873,0.3819150924682617,2.0839834213256836,0.8170679916046413
35,4.547927379608154,0.38356807827949524,2.0687215328216553,0.791346254226483
35,4.634382247924805,0.3850339949131012,2.059103012084961,0.7737488427147367
35,4.737053871154785,0.3870607018470764,2.050233840942383,0.756811648580892
35,4.839948654174805,0.3894047439098358,2.0446619987487793,0.7454721380652092
35,4.93508243560791,0.39183032512664795,2.0429089069366455,0.7401963835633569
35,5.025022506713867,0.3943219780921936,2.0444111824035645,0.7403102650614196
35,5.112430095672607,0.39689961075782776,2.048757791519165,0.7450297241102504
35,5.198884010314941,0.39957720041275024,2.0556437969207764,0.7536084329985732
35,5.28512716293335,0.4023599624633789,2.064776659011841,0.7656556190051121
35,5.370995998382568,0.40523484349250793,2.075754404067993,0.7796648107775704
35,5.458288669586182,0.40826696157455444,2.08843731880188,0.7945854726325333
35,5.545408248901367,0.41141730546951294,2.1022305488586426,0.8091670671403227
35,5.640003204345703,0.41500943899154663,2.118130922317505,0.8239238778822873
35,5.737915515899658,0.41897228360176086,2.1353161334991455,0.8367884531036979
35,5.835717678070068,0.42324957251548767,2.1530442237854004,0.8469395078733359
35,5.936372756958008,0.4280741810798645,2.1717727184295654,0.8550909290511671
35,6.038458824157715,0.4334871470928192,2.191248893737793,0.8614544171399907
35,6.141873836517334,0.4395727217197418,2.211477518081665,0.8656467570424244
35,6.245148181915283,0.44632068276405334,2.2322099208831787,0.8679947510794948
35,6.348892688751221,0.4538603723049164,2.2536380290985107,0.8692116168356426
35,6.453128337860107,0.46230843663215637,2.2758946418762207,0.8695013515799987
35,6.556313514709473,0.47164100408554077,2.2987966537475586,0.8689353376703978
35,6.658933639526367,0.4820214807987213,2.32257342338562,0.867796545665352
35,6.76116418838501,0.4936164617538452,2.347443103790283,0.8659423487464918
35,6.814615249633789,0.5002413392066956,2.360983371734619,0.8654379464987566
35,6.839495658874512,0.5034626722335815,2.3674228191375732,0.8651377785372137
35,6.8640241622924805,0.5067277550697327,2.3738646507263184,0.8649418118483219
35,6.8883867263793945,0.5100618004798889,2.380357503890991,0.864829687302193
35,6.912713527679443,0.5134839415550232,2.38693904876709,0.864795857381381
35,6.936825275421143,0.5169698596000671,2.393563747406006,0.864879638447485
35,6.9607439041137695,0.5205233097076416,2.4002389907836914,0.8650883927489462
35,6.984714031219482,0.5241819620132446,2.4070329666137695,0.8654458578207352
35,7.0083184242248535,0.5278828740119934,2.413830041885376,0.8659635730759548
35,7.032280445098877,0.5317407250404358,2.420842409133911,0.8666753222069952
35,7.056299209594727,0.535713255405426,2.4279868602752686,0.8675940718629005
35,7.07970666885376,0.5396868586540222,2.435061454772949,0.8687387453709008
35,7.1029157638549805,0.543726921081543,2.442186117172241,0.870118257843047
35,7.126031398773193,0.5478516817092896,2.449390411376953,0.8717127987801537
35,7.148944854736328,0.552040696144104,2.4566380977630615,0.873597838120117
35,7.171971797943115,0.5563496947288513,2.4640281200408936,0.8758164944506933
35,7.194913864135742,0.5607426762580872,2.4714930057525635,0.8782769507478583
35,7.217658519744873,0.5651966333389282,2.478991746902466,0.8810476955225393
35,7.240209102630615,0.5697088241577148,2.486518383026123,0.8840848259858259
35,7.262688636779785,0.5743034482002258,2.4941060543060303,0.8873439134156982
35,7.284982204437256,0.57895427942276,2.5017080307006836,0.8909151968947933
35,7.3074164390563965,0.5837270021438599,2.509427309036255,0.8947440188817527
35,7.329802989959717,0.5885830521583557,2.5171895027160645,0.8987215360752935
35,7.352022171020508,0.5934944152832031,2.5249414443969727,0.9028650736571451
35,7.374082565307617,0.59846031665802,2.5326731204986572,0.9069820366927185
35,7.396126747131348,0.6035128831863403,2.5404210090637207,0.9110813667779142
35,7.418219089508057,0.6086644530296326,2.5481932163238525,0.9151732258720303
35,7.440182685852051,0.6138743162155151,2.555912494659424,0.9188262966016922
35,7.462274074554443,0.6192047595977783,2.5636534690856934,0.9222896393534011
35,7.484250545501709,0.6245976686477661,2.571317195892334,0.9254279272073034
35,7.506267070770264,0.630092978477478,2.578941583633423,0.9279392797521797
35,7.528374195098877,0.6357059478759766,2.586529493331909,0.9300359621231701
35,7.550394058227539,0.6413951516151428,2.5940072536468506,0.9315434208025921
35,7.57248067855835,0.6472064852714539,2.601412773132324,0.9323808911476791
35,7.594494819641113,0.6531087160110474,2.6086881160736084,0.9325685684648493
35,7.616621971130371,0.6591573357582092,2.6158785820007324,0.9317629945101168
35,7.638831615447998,0.665355384349823,2.6229565143585205,0.9300344619110542
35,7.6610493659973145,0.6716894507408142,2.629887104034424,0.9277062724677921
35,7.683434009552002,0.678214430809021,2.6367056369781494,0.9239807366843725
35,7.705812931060791,0.68489009141922,2.6433298587799072,0.9193037562501176
35,7.7282819747924805,0.6917493939399719,2.649771213531494,0.9135934778401036
35,7.750370502471924,0.6986486315727234,2.6558759212493896,0.9068705507509341
35,7.772891044616699,0.7058292627334595,2.6618411540985107,0.8981080823492757
35,7.7955322265625,0.7131751775741577,2.667546272277832,0.8878940967031874
35,7.8181538581848145,0.7206048965454102,2.6729350090026855,0.8760445069407249
35,7.840908527374268,0.7281140685081482,2.6780130863189697,0.8614547993335422
35,7.863821506500244,0.735637903213501,2.6827499866485596,0.8449471985314656
35,7.886354446411133,0.7429265975952148,2.6870057582855225,0.8251292774781407
35,7.909757137298584,0.7503156661987305,2.690988302230835,0.8055903650604908
35,7.9330596923828125,0.7574355006217957,2.6944758892059326,0.7828069109388953
35,7.956152439117432,0.7642275094985962,2.6974124908447266,0.7610543818930082
35,7.979959487915039,0.770991325378418,2.699909210205078,0.7400202477563752
35,8.003416061401367,0.7774698734283447,2.701817035675049,0.7211506354780222
35,8.027589797973633,0.784049928188324,2.7032439708709717,0.7037268777716872
35,8.051729202270508,0.7906017303466797,2.7041354179382324,0.688279825372041
35,8.07574462890625,0.7971600294113159,2.7045178413391113,0.6745149276357049
35,8.099681854248047,0.8037663102149963,2.704418897628784,0.6617710892179873
35,8.123625755310059,0.8104444742202759,2.7038605213165283,0.6497291062179592
35,8.147573471069336,0.8171808123588562,2.7028555870056152,0.6382587488078669
35,8.171419143676758,0.8239243626594543,2.70141863822937,0.6273110522521587
35,8.195194244384766,0.8306588530540466,2.6995627880096436,0.6171654438910235
35,8.219010353088379,0.837393581867218,2.697291135787964,0.6074730062269159
35,8.242718696594238,0.8440727591514587,2.6946206092834473,0.5983432209096246
35,8.266312599182129,0.8506856560707092,2.6915552616119385,0.589752740950128
35,8.28985595703125,0.8572400212287903,2.6880943775177,0.5818624744207207
35,8.313190460205078,0.8636878132820129,2.6842684745788574,0.5746013282092715
35,8.336146354675293,0.8699802756309509,2.6801059246063232,0.5677680603782483
35,8.359208106994629,0.8762484788894653,2.6755177974700928,0.5612785743256656
35,8.381963729858398,0.8823747634887695,2.6705880165100098,0.5554739351002497
35,8.404683113098145,0.8884285688400269,2.665259838104248,0.5498120814083096
35,8.427175521850586,0.8943557143211365,2.659572124481201,0.5444184265585216
35,8.449319839477539,0.9001216888427734,2.6535491943359375,0.5391752543324047
35,8.4713716506958,0.9057866334915161,2.647117853164673,0.534140151162636
35,8.4932279586792,0.9113170504570007,2.640300989151001,0.5292459331304061
35,8.514911651611328,0.9167163968086243,2.633085250854492,0.5244151932446067
35,8.536421775817871,0.9219802618026733,2.6254539489746094,0.5195793529153085
35,8.557744026184082,0.9271014928817749,2.61739444732666,0.5147847619043822
35,8.578857421875,0.932068943977356,2.6089136600494385,0.5100700171475497
35,8.599761962890625,0.9368794560432434,2.5999972820281982,0.5053069499568655
35,8.620390892028809,0.9415159225463867,2.5906577110290527,0.5005230923284575
35,8.640737533569336,0.9459764957427979,2.5808897018432617,0.4957408177556488
35,8.660831451416016,0.950266420841217,2.570662498474121,0.4909248181392485
35,8.680648803710938,0.9543776512145996,2.5599842071533203,0.48617073170379815
35,8.700188636779785,0.9583075642585754,2.5488483905792236,0.4813722762741463
35,8.719432830810547,0.9620521068572998,2.537252187728882,0.4765948137672364
35,8.738332748413086,0.9656012654304504,2.5252187252044678,0.4718030089998982
35,8.756908416748047,0.9689589142799377,2.5127274990081787,0.46704549555268837
35,8.775115013122559,0.9721164703369141,2.4998066425323486,0.46228846629759274
35,8.792943954467773,0.9750722646713257,2.486464738845825,0.45758773897216903
35,8.81043815612793,0.9778311848640442,2.472677707672119,0.4528740591686501
35,8.827548027038574,0.9803830981254578,2.458501100540161,0.4481894451580506
35,8.844295501708984,0.9827297329902649,2.44392728805542,0.4435089003801225
35,8.860657691955566,0.9848669171333313,2.4289989471435547,0.4388254507529116
35,8.876688957214355,0.9867994785308838,2.4136881828308105,0.43395219726693873
35,8.892345428466797,0.9885194301605225,2.398066520690918,0.42899501315934485
35,8.90764045715332,0.9900276064872742,2.3821616172790527,0.42394558372345253
35,8.922614097595215,0.9913251996040344,2.3659780025482178,0.41878415633832516
35,8.93726634979248,0.9924102425575256,2.3495678901672363,0.41321768404157
35,8.951642036437988,0.9932835102081299,2.332939624786377,0.40726839173721396
35,8.965770721435547,0.9939433932304382,2.3161261081695557,0.4010466024602212
35,8.979668617248535,0.9943870902061462,2.2991812229156494,0.39429270542126427
35,8.993385314941406,0.9946113228797913,2.282118320465088,0.3867651825347121
35,9.006948471069336,0.9946103692054749,2.2649903297424316,0.37882141884723153
35,9.020417213439941,0.994375467300415,2.2478134632110596,0.3700009857096892
35,9.03382682800293,0.9938933253288269,2.230624198913574,0.360282921521074
35,9.04721450805664,0.9931477308273315,2.2134757041931152,0.3500365710737276
35,9.060637474060059,0.9921140670776367,2.196388006210327,0.338539969020801
35,9.07413387298584,0.9907607436180115,2.179405450820923,0.32635628467297056
35,9.087743759155273,0.9890496730804443,2.162583351135254,0.3133916493867065
35,9.101522445678711,0.9869270324707031,2.1459476947784424,0.29943648293433167
35,9.115500450134277,0.9843322038650513,2.129579544067383,0.2848991644759396
35,9.12972354888916,0.9811888337135315,2.1135494709014893,0.26950475237157856
35,9.144254684448242,0.9773954153060913,2.097942590713501,0.25349386130093454
35,9.159147262573242,0.9728377461433411,2.082913637161255,0.23701843574471596
35,9.174545288085938,0.9673827886581421,2.0686721801757812,0.22034268823075223
35,9.190528869628906,0.9608719944953918,2.055569887161255,0.20338905978817629
35,9.207157135009766,0.9531280994415283,2.044111967086792,0.18647291896096505
35,9.224512100219727,0.9439778327941895,2.035033702850342,0.17169670214470437
35,9.242531776428223,0.9334805607795715,2.0294461250305176,0.16098268138472488
35,9.260751724243164,0.9219589233398438,2.028515338897705,0.15721089916164438
35,9.278388977050781,0.9103091359138489,2.03281569480896,0.16337808095091347
35,9.294697761535645,0.8994182348251343,2.041849136352539,0.17713518839683462
35,9.309432029724121,0.8898302316665649,2.0544021129608154,0.19622949247363844
35,9.32274341583252,0.8816450238227844,2.069344997406006,0.21698820770793267
35,9.334818840026855,0.8747678995132446,2.0859293937683105,0.237914630006451
35,9.34592056274414,0.8690671920776367,2.1036102771759033,0.2582130560781968
35,9.356242179870605,0.8644152283668518,2.1220502853393555,0.277379890284229
35,9.365926742553711,0.8606930375099182,2.141052484512329,0.29535111702674766
35,9.375053405761719,0.8578161001205444,2.1604726314544678,0.3121247084683695
35,9.383705139160156,0.8557096719741821,2.180205821990967,0.3273933292601169
35,9.391949653625488,0.854310929775238,2.2001748085021973,0.3415104490861624
35,9.399829864501953,0.8535712361335754,2.220325469970703,0.3545133967126037
35,9.407392501831055,0.8534439206123352,2.2406108379364014,0.36610583709489825
35,9.414678573608398,0.8538878560066223,2.260993242263794,0.37651515612377634
35,9.421710014343262,0.8548718094825745,2.2814459800720215,0.38587713324849526
35,9.428511619567871,0.8563662767410278,2.301945686340332,0.3940780362282647
35,9.435117721557617,0.8583386540412903,2.3224687576293945,0.40117830101688606
35,9.441545486450195,0.8607672452926636,2.3429994583129883,0.40738793103901033
35,9.447813034057617,0.8636346459388733,2.363523244857788,0.4126914476167383
35,9.453938484191895,0.8669246435165405,2.384026527404785,0.4168381094225015
35,9.459949493408203,0.8706176280975342,2.4044954776763916,0.42011403083335236
35,9.465863227844238,0.8747034668922424,2.424917697906494,0.42270302458416587
35,9.471707344055176,0.8791798949241638,2.4452784061431885,0.4237481414310812
35,9.477509498596191,0.8840466737747192,2.4655609130859375,0.42390519970621016
35,9.483293533325195,0.889290452003479,2.4857547283172607,0.423075763379041
35,9.489068031311035,0.894904613494873,2.5058510303497314,0.4217100708854441
35,9.494844436645508,0.9008805155754089,2.5258426666259766,0.4197246990045753
35,9.500642776489258,0.907216489315033,2.5457165241241455,0.4162794408508402
35,9.506479263305664,0.9138962626457214,2.5654661655426025,0.41201289931322904
35,9.512354850769043,0.920897901058197,2.585092306137085,0.40711831657213804
35,9.518270492553711,0.9282068610191345,2.6045942306518555,0.4013120877098319
35,9.524243354797363,0.9358212351799011,2.6239612102508545,0.3944943785762418
35,9.530281066894531,0.9437366127967834,2.6431870460510254,0.3868248190683911
35,9.536393165588379,0.9519587159156799,2.662259817123413,0.37836689774488397
35,9.542633056640625,0.9605308771133423,2.6811366081237793,0.3687339603117695
35,9.54904556274414,0.9695066809654236,2.699765682220459,0.3590190159317284
35,9.555692672729492,0.9789530634880066,2.7180769443511963,0.34847331558616434
35,9.562716484069824,0.9889659285545349,2.7359397411346436,0.33761075199200763
35,9.570219039916992,0.9996429085731506,2.7532124519348145,0.3275052002789868
35,9.57836627960205,1.0110769271850586,2.769688844680786,0.31812615924093296
35,9.587347030639648,1.0233407020568848,2.7850983142852783,0.31031540866249874
35,9.597298622131348,1.036447525024414,2.7991549968719482,0.30555163953045894
35,9.608362197875977,1.0503288507461548,2.8115336894989014,0.3037134559930525
35,9.620589256286621,1.0648239850997925,2.821955919265747,0.306467613242202
35,9.63394546508789,1.079697847366333,2.8302407264709473,0.31291779042396206
35,9.648344993591309,1.0946625471115112,2.8363211154937744,0.32315335087565433
35,9.663610458374023,1.109485149383545,2.84026837348938,0.3362772741380199
35,9.679615020751953,1.123921513557434,2.8422305583953857,0.35118899432942313
35,9.696206092834473,1.1378202438354492,2.8423969745635986,0.3676421060987012
35,9.713258743286133,1.1510748863220215,2.840977907180786,0.3841029671354432
35,9.730681419372559,1.1636104583740234,2.838172674179077,0.4007802959452138
35,9.748395919799805,1.1753839254379272,2.8341522216796875,0.41663018843613514
35,9.766342163085938,1.1863757371902466,2.8290810585021973,0.4319239329202309
35,9.78447437286377,1.196576714515686,2.8230981826782227,0.44607209541615517
35,9.802742958068848,1.2059987783432007,2.81630539894104,0.45902683518964704
35,9.821135520935059,1.2146340608596802,2.8088343143463135,0.4709479426650433
35,9.839619636535645,1.2224953174591064,2.8007595539093018,0.4817061893314045
35,9.858171463012695,1.2296007871627808,2.7921550273895264,0.49108218488645844
35,9.876787185668945,1.2359586954116821,2.7831153869628906,0.4993339425617248
35,9.895454406738281,1.2415796518325806,2.7737016677856445,0.5065265816575066
35,9.914155006408691,1.2464866638183594,2.763960123062134,0.5126168319078075
35,9.932883262634277,1.2506909370422363,2.753945827484131,0.5177377759244647
35,9.951640129089355,1.254206895828247,2.743720769882202,0.5216337739086325
35,9.970420837402344,1.257053256034851,2.733332872390747,0.5247666896429546
35,9.989224433898926,1.259240746498108,2.7228281497955322,0.5270603408973236
35,10.00804615020752,1.2607892751693726,2.712242603302002,0.5285531566605068
35,10.026887893676758,1.261711835861206,2.701619863510132,0.5294592391740409
35,10.04574966430664,1.2620259523391724,2.690995693206787,0.5296164999074656
35,10.064630508422852,1.2617478370666504,2.6804049015045166,0.529405473606767
35,10.08353328704834,1.2608933448791504,2.6698856353759766,0.5286069687497957
35,10.102459907531738,1.2594815492630005,2.6594672203063965,0.5274742095998117
35,10.12141227722168,1.2575292587280273,2.649186849594116,0.5260584342461011
35,10.140392303466797,1.2550562620162964,2.6390695571899414,0.5243130082408348
35,10.159409523010254,1.2520809173583984,2.629143238067627,0.5226423187322732
35,10.178523063659668,1.2486131191253662,2.6194090843200684,0.5207729439963033
35,10.19796371459961,1.2446231842041016,2.609794855117798,0.5189800506090464
35,10.217451095581055,1.2401858568191528,2.600477457046509,0.5173181720816324
35,10.237791061401367,1.235121488571167,2.591111421585083,0.5156206070681646
35,10.2597074508667,1.229214072227478,2.581444025039673,0.5141561025023668
35,10.281686782836914,1.2228662967681885,2.57220458984375,0.5127924567918606
35,10.30573558807373,1.2154967784881592,2.5626440048217773,0.5118020473394836
35,10.329867362976074,1.2077199220657349,2.5536324977874756,0.5112794229038503
35,10.355867385864258,1.1989805698394775,2.544560670852661,0.5114419426145198
35,10.383028030395508,1.1895382404327393,2.5357930660247803,0.5124806419570269
35,10.410301208496094,1.1798207759857178,2.5276970863342285,0.514453820278435
35,10.438091278076172,1.1697601079940796,2.520129680633545,0.5173780032097391
35,10.4660005569458,1.1595704555511475,2.513201951980591,0.5211949360235159
35,10.494121551513672,1.149296522140503,2.506837844848633,0.5259289311795462
35,10.52236557006836,1.1390293836593628,2.501032829284668,0.5314994793433749
35,10.55074405670166,1.1288217306137085,2.495746374130249,0.5379127416903635
35,10.579243659973145,1.1187182664871216,2.4909310340881348,0.5447781079548665
35,10.607866287231445,1.1087523698806763,2.486579418182373,0.5526939349236489
35,10.63660717010498,1.0989564657211304,2.482646942138672,0.5609034674571614
35,10.665462493896484,1.0893415212631226,2.4791266918182373,0.5702278977040544
35,10.694427490234375,1.079921007156372,2.4760029315948486,0.5799134543668959
35,10.723493576049805,1.0706984996795654,2.4732439517974854,0.589986025133247
35,10.752653121948242,1.061671257019043,2.4708588123321533,0.6010251162806731
35,10.781899452209473,1.0528364181518555,2.468825101852417,0.6118140015846619
35,10.8112211227417,1.0441867113113403,2.46712327003479,0.6234595593164722
35,10.840611457824707,1.035710334777832,2.4657599925994873,0.6353134357645981
35,10.870060920715332,1.0273970365524292,2.4647083282470703,0.6470510363963784
35,10.899561882019043,1.0192375183105469,2.463956594467163,0.659354714753169
35,10.929107666015625,1.011218547821045,2.4634945392608643,0.6712512256714445
35,10.95869255065918,1.0033307075500488,2.463299512863159,0.6830686126206664
35,10.988309860229492,0.9955648183822632,2.4633543491363525,0.6946265030433215
35,11.017955780029297,0.9879150390625,2.4636383056640625,0.7058496512955497
35,11.047627449035645,0.9803746342658997,2.464134693145752,0.7167458212667028
35,11.07732105255127,0.9729386568069458,2.4648234844207764,0.726886762631066
35,11.107036590576172,0.9656077027320862,2.465683698654175,0.7367386690944158
35,11.136773109436035,0.9583819508552551,2.4666967391967773,0.7458420857837281
35,11.166529655456543,0.951259970664978,2.4678454399108887,0.7543603482703938
35,11.196307182312012,0.9442432522773743,2.4691131114959717,0.7623692837442415
35,11.226105690002441,0.9373363852500916,2.470480442047119,0.7694923400510257
35,11.255926132202148,0.930539071559906,2.4719345569610596,0.7762713626629092
35,11.285776138305664,0.9238499999046326,2.473463535308838,0.78227348978298
35,11.315649032592773,0.9172752499580383,2.4750521183013916,0.787754493018123
35,11.34556770324707,0.9108112454414368,2.476689338684082,0.7928228840952689
35,11.375510215759277,0.9044628143310547,2.4783647060394287,0.7971953835037546
35,11.405538558959961,0.8982160687446594,2.480072498321533,0.8013393803808533
35,11.4357271194458,0.8920590281486511,2.4818062782287598,0.8048446759595013
35,11.46593952178955,0.8860215544700623,2.483550786972046,0.8080797802752266
35,11.496421813964844,0.8800600171089172,2.4853105545043945,0.8110737295726768
35,11.526927947998047,0.8742207884788513,2.487064838409424,0.8136937186965147
35,11.55745792388916,0.8685032725334167,2.4888060092926025,0.8162143179037223
35,11.622288703918457,0.8567143678665161,2.492422103881836,0.81998638309372
35,11.68720817565918,0.8453847765922546,2.495897054672241,0.823086559957121
35,11.757978439331055,0.8335490822792053,2.499483108520508,0.8259325077119928
35,11.88608169555664,0.8132440447807312,2.5052490234375,0.8288841584507348
35,12.014408111572266,0.7941135168075562,2.5099852085113525,0.8298364094424256
35,12.134977340698242,0.7770402431488037,2.51332426071167,0.8292336079942492
35,12.2556791305542,0.7607323527336121,2.5155038833618164,0.8266274365319658
35,12.376821517944336,0.7450466752052307,2.5164637565612793,0.823585012985142
35,12.467369079589844,0.733718752861023,2.516357421875,0.8204345342982204
36,1.2252066135406494,0.16617225110530853,1.7150169610977173,1.0142640367528346
36,1.2738094329833984,0.16617943346500397,1.7191072702407837,1.0165936154908901
36,1.3956894874572754,0.16620399057865143,1.7295656204223633,1.0232787311424512
36,1.5175659656524658,0.16623757779598236,1.7400654554367065,1.0299403108990082
36,1.639615535736084,0.16627870500087738,1.749885082244873,1.0365972551435465
36,1.761756181716919,0.16632668673992157,1.7584842443466187,1.0428204136276333
36,1.8840116262435913,0.16638094186782837,1.7652534246444702,1.0486532833806943
36,2.006408929824829,0.1664404571056366,1.7695178985595703,1.0534956793007286
36,2.128871202468872,0.16650448739528656,1.7709380388259888,1.0569087800117676
36,2.251329183578491,0.16657182574272156,1.769142985343933,1.0599435733165787
36,2.373701572418213,0.16664166748523712,1.7642221450805664,1.06021960703677
36,2.467571496963501,0.16669650375843048,1.7583937644958496,1.060474263824156
36,2.5896499156951904,0.16676875948905945,1.7485746145248413,1.0586599365347604
36,2.6769113540649414,0.1668207049369812,1.7401319742202759,1.0571593839411721
36,2.798659086227417,0.1668928563594818,1.726818561553955,1.0536919453411022
36,2.9202234745025635,0.16696368157863617,1.711922526359558,1.0497243370591924
36,3.041616916656494,0.16703210771083832,1.695689082145691,1.0455255022902101
36,3.1628198623657227,0.167096808552742,1.6780916452407837,1.0402803789408916
36,3.2838006019592285,0.1671559363603592,1.6590267419815063,1.0347872565282163
36,3.404479503631592,0.16720664501190186,1.6381402015686035,1.0282108282244997
36,3.5247693061828613,0.16724304854869843,1.6151213645935059,1.0205129357607048
36,3.6445116996765137,0.16725321114063263,1.5894110202789307,1.0132642639977476
36,3.7635421752929688,0.16722017526626587,1.5605885982513428,1.0008563716347232
36,3.881624937057495,0.1671176254749298,1.528179407119751,0.9893437932230219
36,3.998462677001953,0.16690923273563385,1.4922747611999512,0.9756786835783079
36,4.071722984313965,0.16669757664203644,1.467657208442688,0.9672367205789345
36,4.185768127441406,0.16624487936496735,1.426810622215271,0.9506575797349243
36,4.299044609069824,0.16555824875831604,1.3838757276535034,0.9394078953485814
36,4.40924072265625,0.16475909948349,1.3419784307479858,0.9258742964536291
36,4.48198127746582,0.16419005393981934,1.3150452375411987,0.9214042304682316
36,4.587810039520264,0.16377058625221252,1.2797999382019043,0.9133389508926749
36,4.644161224365234,0.1638467162847519,1.2632560729980469,0.9082994466954784
36,4.744349479675293,0.16525928676128387,1.2391459941864014,0.8976714280969533
36,4.845856189727783,0.16866615414619446,1.221656322479248,0.8940184871171862
36,4.940257549285889,0.17371661961078644,1.2106205224990845,0.8824042837259043
36,5.030677795410156,0.17955009639263153,1.2029900550842285,0.8586651172856115
36,5.121652603149414,0.18545110523700714,1.1984236240386963,0.8172840065231729
36,5.2146315574646,0.19108164310455322,1.2017773389816284,0.7567930088034469
36,5.266372203826904,0.19418077170848846,1.2102413177490234,0.7364733661598156
36,5.355772972106934,0.200247660279274,1.2430070638656616,0.725502232821547
36,5.415772914886475,0.20500221848487854,1.2775050401687622,0.749929413628306
36,5.479113578796387,0.21031974256038666,1.32072913646698,0.7770364949180623
36,5.537007808685303,0.21502548456192017,1.3608849048614502,0.7980672315199081
36,5.566745281219482,0.21733492612838745,1.3810794353485107,0.8101211469277524
36,5.650121212005615,0.22321665287017822,1.4325361251831055,0.8408176567037626
36,5.736787796020508,0.2285647839307785,1.478284478187561,0.8647421148356569
36,5.803225994110107,0.23231002688407898,1.5084736347198486,0.8805498688386756
36,5.871979713439941,0.236050546169281,1.5358660221099854,0.8938271541427091
36,5.966869831085205,0.24134449660778046,1.5689048767089844,0.8998012348302075
36,6.062857627868652,0.24720938503742218,1.5985133647918701,0.8990203468724018
36,6.1293134689331055,0.25175753235816956,1.6175034046173096,0.8968147494874105
36,6.233550071716309,0.2600829005241394,1.6457422971725464,0.8873279583177979
36,6.337926864624023,0.2702839970588684,1.6728202104568481,0.8748523187196696
36,6.416422367095947,0.2795325517654419,1.692736268043518,0.8658773347793812
36,6.520648956298828,0.2943870723247528,1.7189465761184692,0.8560489480928059
36,6.624451637268066,0.3123513460159302,1.744889736175537,0.8499872167179883
36,6.72697114944458,0.33325013518333435,1.770310878753662,0.8447338191951854
36,6.779977798461914,0.3451725244522095,1.7832311391830444,0.8403556847986049
36,6.80532693862915,0.35110151767730713,1.789327621459961,0.8375175897417825
36,6.830497741699219,0.35712629556655884,1.7953158617019653,0.8340454764624731
36,6.85545539855957,0.36323082447052,1.801176905632019,0.8298892636813865
36,6.880318641662598,0.36943840980529785,1.8069278001785278,0.8245199604739395
36,6.90501594543457,0.3757273852825165,1.8125418424606323,0.8181355584977364
36,6.9296770095825195,0.3821256160736084,1.8180264234542847,0.8103689394944339
36,6.954529285430908,0.3886895477771759,1.823406457901001,0.8011869566576751
36,6.979137420654297,0.3953050374984741,1.8285596370697021,0.7905439004707279
36,7.003526210784912,0.4019753634929657,1.833467960357666,0.7774689807629912
36,7.027768611907959,0.40871620178222656,1.838104248046875,0.7618190362398599
36,7.051887035369873,0.41553378105163574,1.842431664466858,0.7442468244873326
36,7.075876235961914,0.4224333167076111,1.8464144468307495,0.7249932048827203
36,7.099623680114746,0.4293936789035797,1.8499993085861206,0.7036580065638166
36,7.123301029205322,0.4364809989929199,1.8531546592712402,0.6801601820618368
36,7.147072792053223,0.4437786340713501,1.8558521270751953,0.65457457676577
36,7.1708292961120605,0.4512978494167328,1.8580211400985718,0.6271345180768425
36,7.194385051727295,0.4590206742286682,1.8595478534698486,0.5976607164420256
36,7.2177205085754395,0.4669937193393707,1.8603237867355347,0.5673458166502509
36,7.240787029266357,0.475275456905365,1.8602373600006104,0.5366789543465492
36,7.263554573059082,0.48394009470939636,1.8591192960739136,0.5050542088753606
36,7.285882949829102,0.49304547905921936,1.8567802906036377,0.47476504253693314
36,7.307619571685791,0.5026799440383911,1.8530291318893433,0.44683568376586275
36,7.328956604003906,0.5131083130836487,1.8475266695022583,0.4217032344235718
36,7.349206924438477,0.5241997241973877,1.8401522636413574,0.4035439605959974
36,7.368135452270508,0.5359457731246948,1.8308290243148804,0.39296882679713324
36,7.385398864746094,0.5481295585632324,1.8197557926177979,0.3916431936236166
36,7.4010772705078125,0.5606464743614197,1.8071616888046265,0.3970929805147024
36,7.415461540222168,0.5735036730766296,1.7931371927261353,0.40874205770117594
36,7.4285736083984375,0.5864138007164001,1.7781765460968018,0.4247722755798051
36,7.44081449508667,0.59943687915802,1.7623357772827148,0.4434811902385126
36,7.452276706695557,0.6123401522636414,1.746016263961792,0.4643583868020658
36,7.46327543258667,0.625177264213562,1.7292560338974,0.48636791185713873
36,7.474035739898682,0.6379691958427429,1.712079644203186,0.5096156803363917
36,7.484611988067627,0.650539755821228,1.6947858333587646,0.5332718574390248
36,7.495251178741455,0.6630133986473083,1.677229404449463,0.5577531660967286
36,7.505940914154053,0.675218939781189,1.6596627235412598,0.5827755561690908
36,7.516885280609131,0.6872701644897461,1.6419295072555542,0.6082100251071705
36,7.528031349182129,0.6990147233009338,1.6242438554763794,0.6344780966310639
36,7.539453983306885,0.7104749083518982,1.6065571308135986,0.6606939609730544
36,7.55124568939209,0.721674382686615,1.588854432106018,0.6874946919541528
36,7.563377857208252,0.7325557470321655,1.5711835622787476,0.7134987254088263
36,7.575949192047119,0.743165135383606,1.5535610914230347,0.7392372927824583
36,7.588921070098877,0.7534366846084595,1.5360395908355713,0.762443774147712
36,7.602516174316406,0.7635013461112976,1.5185177326202393,0.7852844615800151
36,7.616460800170898,0.7731282114982605,1.5013984441757202,0.8025172082683797
36,7.630914211273193,0.7824090719223022,1.4845218658447266,0.81767022922516
36,7.6459784507751465,0.7913826107978821,1.467909812927246,0.8306731458826545
36,7.661595821380615,0.7999684810638428,1.451617956161499,0.8388942407803692
36,7.677728652954102,0.8081172704696655,1.4357203245162964,0.8443076948049703
36,7.694475173950195,0.8158352971076965,1.4201372861862183,0.848273561097908
36,7.711709022521973,0.8230024576187134,1.4049361944198608,0.8505764089884287
36,7.729440212249756,0.829582154750824,1.3900439739227295,0.8514019816400562
36,7.747681140899658,0.8355490565299988,1.3754193782806396,0.8526069315944272
36,7.7662858963012695,0.8408298492431641,1.3610906600952148,0.8541768105078149
36,7.785362243652344,0.8454548120498657,1.3468960523605347,0.8570712941812958
36,7.804516315460205,0.8493481874465942,1.3330574035644531,0.859845112903319
36,7.823920726776123,0.8525862097740173,1.3193989992141724,0.863189149852014
36,7.843617916107178,0.8552090525627136,1.3058676719665527,0.8656638822667799
36,7.863497734069824,0.8572219610214233,1.2925127744674683,0.8682737359750318
36,7.883495807647705,0.8586446642875671,1.2793583869934082,0.8699111491798203
36,7.903595924377441,0.8594902753829956,1.2664066553115845,0.871107700039945
36,7.923789978027344,0.8597643971443176,1.2536548376083374,0.8711521444211784
36,7.944060802459717,0.8594706654548645,1.2411174774169922,0.8705647096254903
36,7.9644341468811035,0.8586041927337646,1.2287743091583252,0.8690016157323289
36,7.984860897064209,0.8571676015853882,1.2166668176651,0.8669339347909115
36,8.005331039428711,0.8551574349403381,1.204797387123108,0.8645303141561627
36,8.02583122253418,0.8525807857513428,1.1931861639022827,0.8614320312298389
36,8.046128273010254,0.8494674563407898,1.181963562965393,0.8583150650695622
36,8.066638946533203,0.8457708954811096,1.1709100008010864,0.8546990349951545
36,8.087151527404785,0.8415326476097107,1.1601580381393433,0.8510861400305966
36,8.107656478881836,0.8367593884468079,1.1497137546539307,0.8475053165377796
36,8.128181457519531,0.8314607739448547,1.1395777463912964,0.8437354607212566
36,8.148683547973633,0.8256598114967346,1.1297781467437744,0.8402582010839533
36,8.169156074523926,0.8193758726119995,1.1203281879425049,0.8366303142588386
36,8.189539909362793,0.812659502029419,1.111275315284729,0.832923126290395
36,8.209887504577637,0.8055135011672974,1.102601170539856,0.8294699106119754
36,8.230193138122559,0.7979581952095032,1.0943139791488647,0.8261258561078813
36,8.250408172607422,0.7900494933128357,1.0864553451538086,0.8224501795986937
36,8.270585060119629,0.7817940711975098,1.0790190696716309,0.8189054398066472
36,8.290765762329102,0.773195207118988,1.0719958543777466,0.8155687117622827
36,8.310863494873047,0.7643234133720398,1.0654360055923462,0.8122520952677743
36,8.330734252929688,0.7552820444107056,1.059390664100647,0.808801166001935
36,8.351288795471191,0.7456778883934021,1.0536069869995117,0.8053604491080882
36,8.371440887451172,0.7360543012619019,1.048414707183838,0.8021860395393845
36,8.39191722869873,0.7260924577713013,1.0436323881149292,0.7989937668520506
36,8.41242504119873,0.7159661650657654,1.0393519401550293,0.7961063447586251
36,8.432880401611328,0.7057576775550842,1.0356003046035767,0.7933249536322884
36,8.453336715698242,0.6954711675643921,1.0323688983917236,0.7907293407383462
36,8.47380256652832,0.6851544380187988,1.0296658277511597,0.7883567917213652
36,8.494297981262207,0.6748293042182922,1.0274871587753296,0.7861620312800364
36,8.514740943908691,0.6645791530609131,1.0258406400680542,0.7845334523271743
36,8.5352144241333,0.6544018387794495,1.0247141122817993,0.7831587746181071
36,8.555752754211426,0.6443106532096863,1.0240994691848755,0.782265475444066
36,8.576262474060059,0.6343955397605896,1.0239920616149902,0.7818121289297922
36,8.596802711486816,0.6246522068977356,1.0243771076202393,0.781692637017317
36,8.617501258850098,0.615056574344635,1.0252492427825928,0.7822309934529847
36,8.638240814208984,0.6056964993476868,1.0265933275222778,0.7830701810976403
36,8.65909194946289,0.5965653657913208,1.028400182723999,0.7844170885284624
36,8.680140495300293,0.5876634120941162,1.0306683778762817,0.7864033888430281
36,8.70123291015625,0.5790764689445496,1.0333678722381592,0.788817240260569
36,8.72236442565918,0.5708200335502625,1.0364785194396973,0.7917218193956486
36,8.743168830871582,0.5630450248718262,1.0399149656295776,0.795029405837723
36,8.7639799118042,0.5556231737136841,1.0437028408050537,0.7987417281109185
36,8.784788131713867,0.5485579967498779,1.0478218793869019,0.8028995987880394
36,8.805648803710938,0.5418431758880615,1.0522631406784058,0.8075794227543923
36,8.82650089263916,0.5355037450790405,1.0569947957992554,0.812641477549906
36,8.847373008728027,0.5295242071151733,1.062005877494812,0.8180891097782815
36,8.868263244628906,0.5238969326019287,1.0672801733016968,0.8239141540325868
36,8.889225959777832,0.5186024308204651,1.0728142261505127,0.8301063356868635
36,8.910196304321289,0.5136494040489197,1.078575611114502,0.8366156874722374
36,8.931232452392578,0.5090193748474121,1.0845662355422974,0.8434095659835289
36,8.952264785766602,0.5047138929367065,1.090753197669983,0.8504015853215435
36,8.973288536071777,0.5007166862487793,1.0971219539642334,0.8575364903523274
36,8.994284629821777,0.49701401591300964,1.1036536693572998,0.8646754435728136
36,9.015318870544434,0.493581622838974,1.1103549003601074,0.8718992821797013
36,9.03637981414795,0.4904109537601471,1.1172127723693848,0.8790972196190248
36,9.057416915893555,0.48749279975891113,1.1242009401321411,0.8861831903293342
36,9.078425407409668,0.4848102629184723,1.1313097476959229,0.8931157088294195
36,9.099404335021973,0.48234793543815613,1.1385307312011719,0.8998878289303894
36,9.120388984680176,0.48009273409843445,1.1458686590194702,0.9064897215038618
36,9.141319274902344,0.4780394434928894,1.1532957553863525,0.9128388720808712
36,9.162212371826172,0.4761730432510376,1.1608123779296875,0.9189459439103731
36,9.18306827545166,0.47448182106018066,1.1684128046035767,0.924793603309915
36,9.203923225402832,0.4729544520378113,1.176104187965393,0.9304582647080725
36,9.22475814819336,0.47158536314964294,1.183874249458313,0.9359223057762955
36,9.245550155639648,0.47036540508270264,1.1917102336883545,0.9411959043818365
36,9.266297340393066,0.4692838490009308,1.1996078491210938,0.9463010588449119
36,9.28700065612793,0.4683317542076111,1.2075632810592651,0.9513169761445494
36,9.30766773223877,0.46750104427337646,1.215575933456421,0.9561738485993527
36,9.328287124633789,0.46678122878074646,1.223638653755188,0.9608467573585968
36,9.348858833312988,0.46616166830062866,1.231749415397644,0.965318791971673
36,9.369380950927734,0.46563413739204407,1.2399061918258667,0.9696159320309287
36,9.389853477478027,0.4651910364627838,1.2481075525283813,0.9736205482794932
36,9.410273551940918,0.46482425928115845,1.2563530206680298,0.9772967978422804
36,9.430639266967773,0.46452778577804565,1.2646430730819702,0.9806284777955482
36,9.450942039489746,0.46429917216300964,1.272974967956543,0.9835726207772167
36,9.471187591552734,0.46413612365722656,1.2813528776168823,0.9860912684144031
36,9.491374015808105,0.46403825283050537,1.289778709411621,0.9881885656216775
36,9.511486053466797,0.46400782465934753,1.2982473373413086,0.9898736845247049
36,9.531535148620605,0.46404755115509033,1.3067655563354492,0.9911458768028302
36,9.551521301269531,0.4641602039337158,1.3153349161148071,0.9920334712723238
36,9.571422576904297,0.46434932947158813,1.3239467144012451,0.9924415165135784
36,9.591293334960938,0.4646185636520386,1.332625389099121,0.9924601696478637
36,9.61111068725586,0.46497008204460144,1.3413619995117188,0.99216148304473
36,9.630887985229492,0.46540623903274536,1.350161075592041,0.9915418785756634
36,9.650633811950684,0.4659273624420166,1.3590260744094849,0.9906195230677705
36,9.670347213745117,0.4665313959121704,1.3679563999176025,0.9892290394373802
36,9.690030097961426,0.46721458435058594,1.3769505023956299,0.987448044432457
36,9.709680557250977,0.46797072887420654,1.3860070705413818,0.9852969298380021
36,9.729300498962402,0.46879178285598755,1.395125389099121,0.98272107352704
36,9.748888969421387,0.4696682393550873,1.4043043851852417,0.9796492745645579
36,9.768447875976562,0.47059136629104614,1.4135438203811646,0.9759682460975715
36,9.787975311279297,0.4715528190135956,1.4228436946868896,0.9717813051878862
36,9.807473182678223,0.4725448787212372,1.4322032928466797,0.9671403676942724
36,9.82694149017334,0.4735621511936188,1.4416217803955078,0.9620446099352292
36,9.846380233764648,0.47460007667541504,1.451098084449768,0.95630089556465
36,9.865790367126465,0.47565555572509766,1.4606307744979858,0.9500317084317385
36,9.885172843933105,0.476725697517395,1.470218300819397,0.9432983835873301
36,9.904528617858887,0.4778078496456146,1.4798587560653687,0.936179855964991
36,9.923858642578125,0.478899210691452,1.4895497560501099,0.9287403886896809
36,9.943163871765137,0.47999557852745056,1.4992891550064087,0.9208574385387138
36,9.962446212768555,0.481091171503067,1.5090739727020264,0.9127993335788378
36,9.981707572937012,0.48217833042144775,1.5189015865325928,0.904555736619548
36,10.000948905944824,0.483246773481369,1.528768539428711,0.8961388508162533
36,10.020174026489258,0.48428580164909363,1.5386719703674316,0.887651399388386
36,10.039383888244629,0.48528385162353516,1.548608422279358,0.8790733881709406
36,10.058581352233887,0.48622778058052063,1.5585739612579346,0.8705265068188376
36,10.07776927947998,0.4871063828468323,1.5685640573501587,0.8620099033035096
36,10.09695053100586,0.48790791630744934,1.5785744190216064,0.8535455035736108
36,10.11612606048584,0.48862358927726746,1.5886002779006958,0.8452459556394006
36,10.135300636291504,0.4892454743385315,1.598636507987976,0.8370023198460849
36,10.15447998046875,0.4897671639919281,1.6086814403533936,0.828899047309928
36,10.173726081848145,0.49018609523773193,1.618759274482727,0.8209006587513427
36,10.192975997924805,0.4904966652393341,1.6288319826126099,0.8130551093476374
36,10.212519645690918,0.4907001256942749,1.6390445232391357,0.8052995740286433
36,10.23287582397461,0.49079304933547974,1.6496607065200806,0.7973143622478644
36,10.254764556884766,0.49076032638549805,1.6610472202301025,0.7891732131407335
36,10.276665687561035,0.4905932545661926,1.6724061965942383,0.7812559341066267
36,10.300570487976074,0.4902644157409668,1.6847586631774902,0.7729073074896305
36,10.324494361877441,0.48978665471076965,1.6970683336257935,0.7650144324802395
36,10.350203514099121,0.4891164302825928,1.710230827331543,0.7567179809497102
36,10.375940322875977,0.488290011882782,1.723331093788147,0.7490504761251878
36,10.402753829956055,0.4872724115848541,1.736889123916626,0.7412525498578094
36,10.430000305175781,0.4860866367816925,1.7505651712417603,0.733984302417166
36,10.457284927368164,0.484755277633667,1.7641491889953613,0.7270086731648214
36,10.484701156616211,0.4832882285118103,1.7776812314987183,0.7205316361798962
36,10.512161254882812,0.4816989302635193,1.7911094427108765,0.7144609274331783
36,10.539674758911133,0.48000410199165344,1.804436445236206,0.7088087577027732
36,10.56723690032959,0.478213906288147,1.8176518678665161,0.7036561990295027
36,10.594846725463867,0.4763452112674713,1.8307554721832275,0.6988409978233905
36,10.622506141662598,0.4744076728820801,1.8437435626983643,0.6946175182393408
36,10.650215148925781,0.4724145233631134,1.8566160202026367,0.6906579170382022
36,10.67797565460205,0.47037532925605774,1.8693724870681763,0.6873822242375639
36,10.70578670501709,0.46829748153686523,1.882010817527771,0.6843898410860744
36,10.733648300170898,0.46618908643722534,1.8945330381393433,0.6819694163203223
36,10.761560440063477,0.4640529453754425,1.9069358110427856,0.679926124052038
36,10.789522171020508,0.4618946611881256,1.9192227125167847,0.6783403098850125
36,10.817535400390625,0.45971426367759705,1.9313900470733643,0.6772062683597166
36,10.845596313476562,0.4575146734714508,1.9434418678283691,0.6764189314271588
36,10.873705863952637,0.4552944600582123,1.955376148223877,0.6761381185688479
36,10.901862144470215,0.4530543088912964,1.9671951532363892,0.6761237563916964
36,10.93006420135498,0.4507920444011688,1.9789000749588013,0.6766065854370537
36,10.958312034606934,0.4485068619251251,1.9904917478561401,0.6773778502472795
36,10.986601829528809,0.4461970329284668,2.00197434425354,0.678551046738344
36,11.014933586120605,0.44386026263237,2.0133471488952637,0.68003023315624
36,11.043305397033691,0.4414937198162079,2.0246145725250244,0.6817966934014464
36,11.07171630859375,0.4390936493873596,2.0357749462127686,0.6838861427237888
36,11.100165367126465,0.4366568922996521,2.0468313694000244,0.6861750107274797
36,11.128650665283203,0.4341779053211212,2.0577824115753174,0.6887789834412276
36,11.157171249389648,0.43165311217308044,2.0686287879943848,0.6915419113475613
36,11.185729026794434,0.42907488346099854,2.079368829727173,0.6945214221803732
36,11.214322090148926,0.42643871903419495,2.0900001525878906,0.6976396883346213
36,11.242951393127441,0.42373549938201904,2.100520133972168,0.7009330924097033
36,11.271615982055664,0.42095908522605896,2.11092472076416,0.7043569021549897
36,11.300322532653809,0.41809892654418945,2.1212120056152344,0.7078611787823714
36,11.329090118408203,0.4151425063610077,2.131378173828125,0.7113471869453981
36,11.357893943786621,0.4120827317237854,2.1414077281951904,0.7148401497969765
36,11.386797904968262,0.40889906883239746,2.1513092517852783,0.7182732119174815
36,11.415742874145508,0.4055887758731842,2.161050796508789,0.7215505267393555
36,11.44486141204834,0.40212079882621765,2.1706607341766357,0.7247104224174499
36,11.474023818969727,0.3984990417957306,2.1800777912139893,0.7276717597715255
36,11.503471374511719,0.39467543363571167,2.18935489654541,0.7306284454734747
36,11.538005828857422,0.389967143535614,2.1999258995056152,0.7337351605296968
36,11.572604179382324,0.38499701023101807,2.210163116455078,0.7363909907489035
36,11.635456085205078,0.3752763271331787,2.227771282196045,0.7397444791999493
36,11.69851016998291,0.36462685465812683,2.2440671920776367,0.7408041463724582
36,11.767374038696289,0.3519817292690277,2.260155439376831,0.7411800535312532
36,11.836442947387695,0.3383466303348541,2.274458169937134,0.7385971143209223
36,11.961688041687012,0.3114553689956665,2.295501470565796,0.7324678628512394
36,12.079593658447266,0.2843155562877655,2.3096022605895996,0.7228081745884207
36,12.197769165039062,0.2560906708240509,2.3182826042175293,0.7131525211534074
36,12.272917747497559,0.2379130870103836,2.3211653232574463,0.7064572468718726
37,0.3492209315299988,1.2067375183105469,2.4203221797943115,1.0006169433770824
37,0.4600582718849182,1.2068026065826416,2.421995162963867,1.0009969125718223
37,0.5708855390548706,1.2068800926208496,2.4242336750030518,1.0016342374281326
37,0.6861540079116821,1.2069724798202515,2.4272563457489014,1.0024732911390757
37,0.8048762679100037,1.2070798873901367,2.4311835765838623,1.0037341878308021
37,0.9235676527023315,1.2072008848190308,2.4359545707702637,1.005666727127106
37,1.044345736503601,1.2073415517807007,2.4416086673736572,1.0081471882115602
37,1.1650943756103516,1.207501769065857,2.4478607177734375,1.011847356224912
37,1.2868499755859375,1.2076842784881592,2.4544973373413086,1.015792110135985
37,1.4090003967285156,1.207887887954712,2.46108341217041,1.0200740787072755
37,1.5311685800552368,1.2081124782562256,2.467329740524292,1.02434357045699
37,1.653489351272583,1.2083606719970703,2.472813129425049,1.028615227990852
37,1.7758805751800537,1.2086366415023804,2.477174997329712,1.0323905978342962
37,1.8983145952224731,1.2089449167251587,2.480090856552124,1.0357197808078744
37,2.0207817554473877,1.2092927694320679,2.481198310852051,1.0383988619618916
37,2.1432509422302246,1.2096846103668213,2.480360984802246,1.0396102846938227
37,2.265688419342041,1.2101272344589233,2.4774465560913086,1.0402734787270502
37,2.388063669204712,1.2106244564056396,2.4725706577301025,1.0388314716386737
37,2.5103514194488525,1.2111788988113403,2.465848922729492,1.0364400928921613
37,2.6325459480285645,1.2117921113967896,2.4576070308685303,1.0329643130009
37,2.7546451091766357,1.2124649286270142,2.448054552078247,1.0280010694627417
37,2.8766582012176514,1.2131987810134888,2.437464714050293,1.022532762589068
37,2.9985949993133545,1.2139973640441895,2.426029920578003,1.0160061863556415
37,3.12045955657959,1.2148640155792236,2.4138548374176025,1.008762311737596
37,3.242260217666626,1.2158056497573853,2.401059627532959,1.0009662297447108
37,3.363999366760254,1.216829538345337,2.387699842453003,0.9918646632097466
37,3.4856812953948975,1.217944860458374,2.3738338947296143,0.9821242160487199
37,3.6073122024536133,1.2191652059555054,2.3595359325408936,0.9710947455512682
37,3.728895664215088,1.2205023765563965,2.3448498249053955,0.9586485477296249
37,3.8504247665405273,1.221975326538086,2.32989501953125,0.9452572793547689
37,3.9717156887054443,1.2236015796661377,2.3148179054260254,0.9295642775418035
37,4.093005180358887,1.225407361984253,2.299750566482544,0.9127618976458614
37,4.213247776031494,1.2274110317230225,2.285149335861206,0.8945395474302791
37,4.333556652069092,1.2296600341796875,2.2711403369903564,0.8757703595139723
37,4.450750827789307,1.2321314811706543,2.2585501670837402,0.8572786292215241
37,4.5617756843566895,1.2347716093063354,2.2480404376983643,0.8413838841798673
37,4.672945499420166,1.2377448081970215,2.239314079284668,0.8276203815489949
37,4.7757978439331055,1.2408299446105957,2.2332711219787598,0.8171589202088009
37,4.870862007141113,1.2439945936203003,2.2297024726867676,0.8110890018508536
37,4.965970516204834,1.2474801540374756,2.228254795074463,0.8088197678571317
37,5.0558857917785645,1.2510790824890137,2.2289137840270996,0.8099529763674952
37,5.143324375152588,1.2548627853393555,2.2314062118530273,0.8139635675588445
37,5.229902267456055,1.2588820457458496,2.2355613708496094,0.8203926576387464
37,5.316226959228516,1.2631571292877197,2.2412173748016357,0.8287318041042313
37,5.402427673339844,1.2676953077316284,2.2482001781463623,0.8383559476823207
37,5.488513946533203,1.2725025415420532,2.2563202381134033,0.8490685039325626
37,5.574490070343018,1.277588963508606,2.2653844356536865,0.8602646601814294
37,5.660364627838135,1.2829694747924805,2.275207996368408,0.8715994311190581
37,5.746156215667725,1.28866708278656,2.285611391067505,0.8827331537858547
37,5.832976818084717,1.294784426689148,2.296583652496338,0.8935233595363347
37,5.922642707824707,1.3014991283416748,2.3082449436187744,0.9039645094745311
37,6.015583515167236,1.3089146614074707,2.320568323135376,0.9139559196723374
37,6.111457347869873,1.3170846700668335,2.333442449569702,0.9231818890566058
37,6.207269668579102,1.3258150815963745,2.3464062213897705,0.9315854111580517
37,6.305547714233398,1.3353954553604126,2.3597607612609863,0.939450775371359
37,6.405899524688721,1.3458751440048218,2.3734261989593506,0.9467543331067166
37,6.507144451141357,1.3572278022766113,2.3872084617614746,0.9538722622589265
37,6.557846546173096,1.3632112741470337,2.3940839767456055,0.9575176260090332
37,6.583902835845947,1.3663675785064697,2.3976056575775146,0.9592897215253691
37,6.609836101531982,1.3695648908615112,2.4011027812957764,0.9609930342093886
37,6.635763645172119,1.3728183507919312,2.4045920372009277,0.9626824942690596
37,6.6616411209106445,1.3761241436004639,2.408067464828491,0.9644051207080226
37,6.687324047088623,1.3794652223587036,2.411510467529297,0.9660855823158965
37,6.713067054748535,1.382874846458435,2.4149558544158936,0.9677798085841752
37,6.7388386726379395,1.386351466178894,2.4183998107910156,0.9694945322767575
37,6.764634609222412,1.3898966312408447,2.421841859817505,0.9712340935558231
37,6.790449142456055,1.393511414527893,2.425281524658203,0.9730045194632226
37,6.816274642944336,1.3971965312957764,2.428718090057373,0.974811786234452
37,6.842104434967041,1.400952696800232,2.4321508407592773,0.9766635016545765
37,6.867837905883789,1.40476655960083,2.4355666637420654,0.9785524416460804
37,6.893569469451904,1.408652901649475,2.438978433609009,0.9804950302029243
37,6.919299125671387,1.4126131534576416,2.4423866271972656,0.9824975107858279
37,6.945034027099609,1.4166494607925415,2.4457924365997314,0.9845669470194931
37,6.970767498016357,1.420762062072754,2.449195384979248,0.9867096138121347
37,6.996493816375732,1.4249505996704102,2.4525949954986572,0.9889320763702525
37,7.022206783294678,1.4292149543762207,2.455991268157959,0.9912321525827245
37,7.047813892364502,1.4335397481918335,2.4593725204467773,0.993616803673045
37,7.073400974273682,1.4379396438598633,2.462750196456909,0.9961006024294745
37,7.098963260650635,1.442413568496704,2.4661240577697754,0.9986910479486653
37,7.124495506286621,1.4469608068466187,2.4694936275482178,1.001395947100194
37,7.1499924659729,1.4515800476074219,2.4728586673736572,1.0042194179344253
37,7.17533016204834,1.4562478065490723,2.476202964782715,1.007152236023085
37,7.2006611824035645,1.4609909057617188,2.4795467853546143,1.010223227487588
37,7.22594690322876,1.465801477432251,2.482884168624878,1.0134394911882405
37,7.251183986663818,1.470677375793457,2.4862146377563477,1.016809599961118
37,7.276367664337158,1.4756163358688354,2.4895365238189697,1.0203413031417623
37,7.3013787269592285,1.4805923700332642,2.4928336143493652,1.0240215951687799
37,7.326332092285156,1.4856257438659668,2.496119976043701,1.0278827901777519
37,7.351224899291992,1.4907137155532837,2.4993937015533447,1.0319193628604486
37,7.376086235046387,1.4958598613739014,2.5026559829711914,1.0361875559343547
37,7.400881290435791,1.5010545253753662,2.5059001445770264,1.040561908843615
37,7.426023006439209,1.5063800811767578,2.50917649269104,1.0451871966476536
37,7.450819492340088,1.5116890668869019,2.5123894214630127,1.050128598695566
37,7.474941730499268,1.5169044733047485,2.5154929161071777,1.0548010492567013
37,7.499696254730225,1.5223060846328735,2.5186479091644287,1.060302922861403
37,7.524121284484863,1.5276821851730347,2.5217232704162598,1.065455966464851
37,7.548356533050537,1.5330578088760376,2.524730920791626,1.070712105462222
37,7.573160648345947,1.538597583770752,2.527754783630371,1.0759551256517716
37,7.596582889556885,1.5438661575317383,2.5305469036102295,1.0811173830428458
37,7.62064266204834,1.549312710762024,2.533342123031616,1.08596505660203
37,7.6449809074401855,1.5548577308654785,2.536085844039917,1.090498558909042
37,7.669125080108643,1.5603952407836914,2.5387144088745117,1.0945366279418145
37,7.693209648132324,1.565958857536316,2.541239023208618,1.0980372859859382
37,7.7172417640686035,1.571554183959961,2.5436596870422363,1.1009915206729148
37,7.741219997406006,1.5771857500076294,2.545978546142578,1.103359905467357
37,7.765002250671387,1.582825779914856,2.548189640045166,1.1051893386695861
37,7.788723945617676,1.588512897491455,2.550316333770752,1.1066565530869241
37,7.812750339508057,1.5943431854248047,2.552400827407837,1.1078632043341405
37,7.836313247680664,1.6001378297805786,2.554388999938965,1.108983290320297
37,7.859661102294922,1.6059640645980835,2.556314706802368,1.11019741553629
37,7.882930278778076,1.611863136291504,2.558197498321533,1.1115117593980481
37,7.906116485595703,1.6178383827209473,2.5600435733795166,1.1127563263839466
37,7.92921781539917,1.6238853931427002,2.5618553161621094,1.1135911519709694
37,7.952236652374268,1.6299896240234375,2.5636329650878906,1.113716502496494
37,7.97503137588501,1.6360918283462524,2.565364122390747,1.1129196692676755
37,7.997750759124756,1.6422231197357178,2.5670559406280518,1.1107900226901941
37,8.020389556884766,1.6483943462371826,2.568702220916748,1.1062312883561913
37,8.042935371398926,1.654646396636963,2.5703039169311523,1.0977967409669915
37,8.065241813659668,1.6609910726547241,2.5718679428100586,1.0842379067438586
37,8.087458610534668,1.66739821434021,2.573415994644165,1.0681571369902458
37,8.109664916992188,1.6736125946044922,2.5749220848083496,1.0538478827841158
37,8.131954193115234,1.6792889833450317,2.576313018798828,1.0468573654934201
37,8.154250144958496,1.684144139289856,2.5775034427642822,1.046238187513598
37,8.176660537719727,1.6881417036056519,2.5784618854522705,1.0527609359365624
37,8.199137687683105,1.6913857460021973,2.57918643951416,1.066272952188849
37,8.2216157913208,1.6941590309143066,2.5797338485717773,1.0823142604231695
37,8.243170738220215,1.69667649269104,2.580172538757324,1.0961560911979715
37,8.265530586242676,1.6993588209152222,2.580597162246704,1.1084619875134536
37,8.287798881530762,1.702239990234375,2.5810115337371826,1.119677314936994
37,8.309844970703125,1.705362319946289,2.5814123153686523,1.1282458337661465
37,8.331791877746582,1.7087104320526123,2.581791400909424,1.134094608983619
37,8.353649139404297,1.7122130393981934,2.582139015197754,1.137819737773189
37,8.375425338745117,1.7158007621765137,2.5824525356292725,1.139806252400521
37,8.397196769714355,1.7194275856018066,2.5827343463897705,1.1407758967068513
37,8.418903350830078,1.7230377197265625,2.5829858779907227,1.1412047339066544
37,8.4405517578125,1.7265950441360474,2.583204984664917,1.1413523970936974
37,8.462034225463867,1.7300468683242798,2.5833797454833984,1.1414266497007237
37,8.48347282409668,1.7333825826644897,2.5834999084472656,1.1414839704891993
37,8.504892349243164,1.7365788221359253,2.5835554599761963,1.1416791339983097
37,8.526328086853027,1.7396200895309448,2.583538293838501,1.1421350683088203
37,8.547786712646484,1.742495059967041,2.583442449569702,1.1430363782722315
37,8.569266319274902,1.7452019453048706,2.5832650661468506,1.1444535470180008
37,8.590764999389648,1.7477498054504395,2.5830047130584717,1.1463429041322284
37,8.612278938293457,1.7501599788665771,2.5826632976531982,1.1486501753099438
37,8.63380241394043,1.7524619102478027,2.582244873046875,1.1513255657163677
37,8.655332565307617,1.7546895742416382,2.5817556381225586,1.1540964417200037
37,8.676865577697754,1.7568728923797607,2.581204414367676,1.15677246617346
37,8.698399543762207,1.7590343952178955,2.5805978775024414,1.1591701922783368
37,8.719932556152344,1.7611868381500244,2.579941511154175,1.1612101280219904
37,8.741464614868164,1.763335108757019,2.579237222671509,1.1629264270654411
37,8.762995719909668,1.7654783725738525,2.5784852504730225,1.1643394107239062
37,8.784525871276855,1.7676115036010742,2.5776853561401367,1.1654764788195089
37,8.80605697631836,1.769727110862732,2.5768370628356934,1.1663706343768419
37,8.827587127685547,1.771816372871399,2.575939178466797,1.1670605471607631
37,8.849119186401367,1.7738701105117798,2.5749900341033936,1.167582216958693
37,8.87065315246582,1.7758795022964478,2.5739877223968506,1.1679492180606923
37,8.892189025878906,1.7778360843658447,2.5729286670684814,1.1682214740724586
37,8.913727760314941,1.7797327041625977,2.571810722351074,1.168482695343777
37,8.93526840209961,1.7815632820129395,2.570631265640259,1.1687716099831893
37,8.956811904907227,1.783324122428894,2.569389581680298,1.1691201745023967
37,8.97835636138916,1.7850135564804077,2.5680840015411377,1.1695529433552485
37,8.999902725219727,1.78663170337677,2.5667147636413574,1.1700862403904844
37,9.02145004272461,1.7881805896759033,2.565281629562378,1.170745386475619
37,9.042998313903809,1.7896634340286255,2.5637855529785156,1.171513604903822
37,9.064546585083008,1.7910841703414917,2.562227249145508,1.1723691047646148
37,9.086092948913574,1.7924472093582153,2.5606086254119873,1.1732920229633617
37,9.10763931274414,1.7937564849853516,2.5589303970336914,1.1742635012660945
37,9.129182815551758,1.7950150966644287,2.557194471359253,1.175264668655839
37,9.150725364685059,1.7962253093719482,2.5554018020629883,1.1762783740748863
37,9.172266006469727,1.7973878383636475,2.553553819656372,1.1772891232256606
37,9.193803787231445,1.7985022068023682,2.5516512393951416,1.1782871580207477
37,9.215339660644531,1.7995671033859253,2.5496950149536133,1.1792695972434306
37,9.236873626708984,1.8005799055099487,2.547685384750366,1.1801959430560944
37,9.258403778076172,1.8015373945236206,2.5456228256225586,1.1810810274466474
37,9.279932022094727,1.8024358749389648,2.5435075759887695,1.181958716652259
37,9.301458358764648,1.8032708168029785,2.5413401126861572,1.182834884173693
37,9.322980880737305,1.8040379285812378,2.53912091255188,1.1837281909982642
37,9.344500541687012,1.8047326803207397,2.536851167678833,1.184650211954667
37,9.366018295288086,1.805350661277771,2.534531831741333,1.185588878142914
37,9.387532234191895,1.8058879375457764,2.532163381576538,1.1865441579936409
37,9.409042358398438,1.8063406944274902,2.529747486114502,1.1875139242641621
37,9.430549621582031,1.8067059516906738,2.527285099029541,1.1884931949978863
37,9.45205307006836,1.8069804906845093,2.524777889251709,1.1894741080600992
37,9.473551750183105,1.8071620464324951,2.5222272872924805,1.190447570292612
37,9.495046615600586,1.8072482347488403,2.519634962081909,1.191396020153923
37,9.516536712646484,1.8072370290756226,2.517002820968628,1.1923001668676267
37,9.5380220413208,1.8071264028549194,2.5143327713012695,1.1931496467110343
37,9.559501647949219,1.8069143295288086,2.511627197265625,1.1939399794187628
37,9.580976486206055,1.8065987825393677,2.5088882446289062,1.1946357798449072
37,9.602444648742676,1.8061778545379639,2.506117820739746,1.195221162287445
37,9.623907089233398,1.8056495189666748,2.5033185482025146,1.195675113435861
37,9.645362854003906,1.8050117492675781,2.5004920959472656,1.1959737861959336
37,9.6668119430542,1.8042625188827515,2.497641086578369,1.19611969879121
37,9.688253402709961,1.8033995628356934,2.494767665863037,1.1961055526042768
37,9.709688186645508,1.8024208545684814,2.4918742179870605,1.1959262921267413
37,9.731114387512207,1.8013242483139038,2.4889633655548096,1.1955888150569445
37,9.752532005310059,1.8001075983047485,2.4860382080078125,1.195100564129748
37,9.773940086364746,1.7987693548202515,2.4831011295318604,1.1943324224529885
37,9.795339584350586,1.7973082065582275,2.480154514312744,1.1933611476583212
37,9.816729545593262,1.7957229614257812,2.477200984954834,1.1922175288613281
37,9.83810806274414,1.7940129041671753,2.474243640899658,1.1909066401880464
37,9.859477996826172,1.792177677154541,2.471285343170166,1.189433834079483
37,9.88083553314209,1.7902171611785889,2.4683291912078857,1.1878055011838369
37,9.902182579040527,1.7881321907043457,2.4653780460357666,1.186027711204359
37,9.923518180847168,1.7859234809875488,2.4624359607696533,1.1841247641020238
37,9.944843292236328,1.7835925817489624,2.4595062732696533,1.182078755388288
37,9.966156005859375,1.7811412811279297,2.456592082977295,1.1799043432633387
37,9.987458229064941,1.7785719633102417,2.4536972045898438,1.1776074983900615
37,10.008748054504395,1.775887131690979,2.450824737548828,1.1751949113289144
37,10.030027389526367,1.7730895280838013,2.4479777812957764,1.1724965294229481
37,10.05129623413086,1.7701823711395264,2.4451584815979004,1.1696029672856296
37,10.072553634643555,1.7671688795089722,2.4423704147338867,1.1665934194800376
37,10.093801498413086,1.7640522718429565,2.4396169185638428,1.1634875986693403
37,10.115038871765137,1.7608360052108765,2.436901569366455,1.1603228695783159
37,10.136266708374023,1.757524013519287,2.4342284202575684,1.157085150975394
37,10.157492637634277,1.7541186809539795,2.4316000938415527,1.153783136754484
37,10.178780555725098,1.7506129741668701,2.4290130138397217,1.150417333839374
37,10.200376510620117,1.7469677925109863,2.4264421463012695,1.1466796065112874
37,10.221965789794922,1.743239164352417,2.423929214477539,1.14285290976618
37,10.244434356689453,1.7392735481262207,2.4213781356811523,1.1388826159057732
37,10.268574714660645,1.7349237203598022,2.4187142848968506,1.1346574291993556
37,10.29489517211914,1.7300856113433838,2.4159038066864014,1.1301054743514518
37,10.321210861206055,1.725157618522644,2.4131970405578613,1.125661523861197
37,10.349459648132324,1.7197819948196411,2.4104104042053223,1.12059303488775
37,10.377707481384277,1.7143312692642212,2.4077513217926025,1.1156340677737242
37,10.407100677490234,1.7085953950881958,2.4051244258880615,1.1106634813766187
37,10.436934471130371,1.7027277946472168,2.402606964111328,1.1057789045172541
37,10.466773986816406,1.6968278884887695,2.400242328643799,1.1008166885057775
37,10.496720314025879,1.6908982992172241,2.398021697998047,1.0958418979104751
37,10.526678085327148,1.6849725246429443,2.3959548473358154,1.0909590036515942
37,10.556660652160645,1.679064393043518,2.394041061401367,1.0862888345156787
37,10.58665943145752,1.6731903553009033,2.3922817707061768,1.0815745874815885
37,10.61667537689209,1.6673611402511597,2.3906795978546143,1.0767376435828546
37,10.646709442138672,1.6615900993347168,2.389235734939575,1.0720972516983973
37,10.676765441894531,1.6558879613876343,2.3879518508911133,1.0675582320023074
37,10.706842422485352,1.6502670049667358,2.3868284225463867,1.0632429734659943
37,10.736943244934082,1.6447428464889526,2.385857343673706,1.0587278380738774
37,10.767067909240723,1.6393283605575562,2.3850314617156982,1.054338593812445
37,10.797218322753906,1.6340408325195312,2.384328842163086,1.050093550217934
37,10.82739543914795,1.6288927793502808,2.383730888366699,1.045755301586017
37,10.857599258422852,1.6238974332809448,2.3832132816314697,1.0414326822935114
37,10.88783073425293,1.6190670728683472,2.3827502727508545,1.0368000002627689
37,10.918089866638184,1.614411473274231,2.38232684135437,1.0321683120960456
37,10.94837760925293,1.6099406480789185,2.381927967071533,1.0275893139341117
37,10.978693008422852,1.6056619882583618,2.3815479278564453,1.0229757830511608
37,11.009037017822266,1.6015825271606445,2.381182909011841,1.0184830794274475
37,11.039406776428223,1.5977067947387695,2.380828857421875,1.0139657234099833
37,11.069803237915039,1.5940390825271606,2.380479574203491,1.0095118026092074
37,11.100223541259766,1.5905801057815552,2.3801238536834717,1.0052113200619852
37,11.130666732788086,1.5873303413391113,2.379747152328491,1.0010900681172659
37,11.161130905151367,1.5842901468276978,2.3793342113494873,0.9972543968630507
37,11.191615104675293,1.5814590454101562,2.378863573074341,0.9937927149825986
37,11.22211742401123,1.5788395404815674,2.378324031829834,0.9910719988309631
37,11.252636909484863,1.5764330625534058,2.377701759338379,0.9889270313258942
37,11.283178329467773,1.57423996925354,2.376997232437134,0.9882187041550938
37,11.313733100891113,1.5722600221633911,2.3762171268463135,0.9885797897427938
37,11.34432315826416,1.5704807043075562,2.375385046005249,0.990134106465758
37,11.374922752380371,1.5688884258270264,2.3745272159576416,0.9931886174485168
37,11.405596733093262,1.5674552917480469,2.3736798763275146,0.9969753018115002
37,11.436417579650879,1.5661463737487793,2.372879981994629,1.0018686078662724
37,11.467245101928711,1.564942717552185,2.3721606731414795,1.0073582211156733
37,11.498327255249023,1.5637964010238647,2.3715598583221436,1.0134053820062747
37,11.529414176940918,1.5626908540725708,2.371100664138794,1.0198021508719106
37,11.565812110900879,1.561403512954712,2.370760679244995,1.0273167949755981
37,11.631758689880371,1.5589457750320435,2.370610237121582,1.0388791350362838
37,11.697697639465332,1.5563138723373413,2.370919942855835,1.0465097645102255
37,11.769474983215332,1.553286075592041,2.3714709281921387,1.0524260757696837
37,11.89918041229248,1.5476492643356323,2.372469186782837,1.054332532801735
37,12.028889656066895,1.5420478582382202,2.3731529712677,1.0526552809305847
37,12.150603294372559,1.5369997024536133,2.3734066486358643,1.0493241066607477
37,12.251866340637207,1.5329985618591309,2.3733038902282715,1.0449756576487106
38,0.723703145980835,-0.901350200176239,1.6544725894927979,1.0028054506437356
38,0.8423813581466675,-0.9014694094657898,1.6595535278320312,1.0037408120008378
38,0.9609966278076172,-0.9016046524047852,1.6659319400787354,1.0055672403993121
38,1.0816434621810913,-0.9017541408538818,1.6739017963409424,1.008359987329472
38,1.2032216787338257,-0.9019118547439575,1.6832355260849,1.0133268286415291
38,1.3247183561325073,-0.9020740389823914,1.6935797929763794,1.0194091293328373
38,1.446579098701477,-0.9022393822669983,1.7042611837387085,1.026147206528287
38,1.5684618949890137,-0.9024084806442261,1.7146843671798706,1.0328783917599915
38,1.6905293464660645,-0.9025837779045105,1.724273920059204,1.039454633532794
38,1.8127361536026,-0.9027717113494873,1.7322781085968018,1.0458266368162736
38,1.916096568107605,-0.9029440879821777,1.7374919652938843,1.050341888702718
38,2.0385138988494873,-0.9031742811203003,1.7411257028579712,1.0554476717727734
38,2.160982370376587,-0.9034393429756165,1.7417603731155396,1.0583458695536838
38,2.283424139022827,-0.9037477374076843,1.7391090393066406,1.060791461688415
38,2.4057579040527344,-0.9041047692298889,1.733317255973816,1.0613980544449362
38,2.5279173851013184,-0.9045124053955078,1.7245800495147705,1.0606222962703034
38,2.6498806476593018,-0.9049696922302246,1.7134321928024292,1.0592283382703112
38,2.7716434001922607,-0.9054726958274841,1.7002670764923096,1.0558586161477963
38,2.893217086791992,-0.9060165882110596,1.6854578256607056,1.0523441635877728
38,3.0146117210388184,-0.9065940380096436,1.6692440509796143,1.0482060968643983
38,3.1358139514923096,-0.9072007536888123,1.6516517400741577,1.0433643817679972
38,3.2567920684814453,-0.9078304767608643,1.6325812339782715,1.0386103504049746
38,3.377479314804077,-0.9084800481796265,1.6117521524429321,1.0325000874690038
38,3.4977872371673584,-0.9091435670852661,1.5888375043869019,1.0259662385212498
38,3.617562770843506,-0.9098089337348938,1.5632896423339844,1.0185616319873116
38,3.7366554737091064,-0.9104549884796143,1.534731388092041,1.0076264673413666
38,3.854868173599243,-0.9110435843467712,1.5028026103973389,0.9995974100548618
38,3.971952199935913,-0.9115390777587891,1.4677067995071411,0.9845665673671855
38,4.088085651397705,-0.9119030237197876,1.4295802116394043,0.9721688081943582
38,4.202688694000244,-0.9121301174163818,1.3903168439865112,0.9627188798093319
38,4.317179203033447,-0.9121559262275696,1.3507282733917236,0.9525032055934178
38,4.429303169250488,-0.9118750095367432,1.3143045902252197,0.9499774696867674
38,4.53713321685791,-0.9111658334732056,1.283815622329712,0.9465256006821712
38,4.609342098236084,-0.9104020595550537,1.2669987678527832,0.9440265854565976
38,4.71082067489624,-0.9092333912849426,1.2490688562393188,0.939127099192383
38,4.761770248413086,-0.9087086319923401,1.2428089380264282,0.9355435955391089
38,4.809228420257568,-0.9084256291389465,1.2384421825408936,0.9320589154140925
38,4.904273986816406,-0.9088692665100098,1.233522653579712,0.922656520410845
38,4.994222640991211,-0.9111316204071045,1.2322295904159546,0.9063790632560921
38,5.084089756011963,-0.9157153367996216,1.2330478429794312,0.8779263462647834
38,5.171332836151123,-0.9226856827735901,1.235583782196045,0.8352261370449208
38,5.237678527832031,-0.9297570586204529,1.2393139600753784,0.7936106465380346
38,5.297102451324463,-0.9374262690544128,1.2453160285949707,0.7540039891473004
38,5.374816417694092,-0.9492541551589966,1.259378433227539,0.7147853876034544
38,5.443028926849365,-0.9610788822174072,1.2800780534744263,0.706332527379955
38,5.525265216827393,-0.9760095477104187,1.3166217803955078,0.7308355451140218
38,5.607046604156494,-0.9903696179389954,1.3602513074874878,0.7810749812196626
38,5.686850547790527,-1.0032016038894653,1.4027374982833862,0.8318915563137103
38,5.7447991371154785,-1.011818766593933,1.431373119354248,0.8627875785279064
38,5.798052787780762,-1.0193471908569336,1.4553709030151367,0.8893678474749945
38,5.862180709838867,-1.0280264616012573,1.4816361665725708,0.9157544632149339
38,5.922220230102539,-1.0359376668930054,1.50371253490448,0.9377745604208378
38,6.012855529785156,-1.0478497743606567,1.5332489013671875,0.9604578614161261
38,6.104455471038818,-1.0602214336395264,1.5594431161880493,0.9770536675111834
38,6.200532913208008,-1.0739058256149292,1.5840054750442505,0.9919860680877012
38,6.277451038360596,-1.085601806640625,1.60201895236969,1.0031264143024696
38,6.378749847412109,-1.1022355556488037,1.6239910125732422,1.0175614328777844
38,6.477785587310791,-1.1197429895401,1.6440229415893555,1.0344626344119394
38,6.576891899108887,-1.1383328437805176,1.662688970565796,1.056028434987753
38,6.6062541007995605,-1.1439578533172607,1.66794753074646,1.0629232357031433
38,6.632852554321289,-1.1490741968154907,1.6726009845733643,1.068845079930188
38,6.660409927368164,-1.1543842554092407,1.6773147583007812,1.075338697775363
38,6.686820030212402,-1.1594727039337158,1.681727647781372,1.0816522155159642
38,6.713221073150635,-1.164544939994812,1.6860357522964478,1.0879828562327405
38,6.73928689956665,-1.1695255041122437,1.690185546875,1.0942118304689543
38,6.765805244445801,-1.1745511293411255,1.6942975521087646,1.1003194160465606
38,6.792410850524902,-1.1795395612716675,1.6983113288879395,1.106292252053604
38,6.818136215209961,-1.1843005418777466,1.7020827531814575,1.111939398806389
38,6.843875885009766,-1.188991904258728,1.7057462930679321,1.117193098098737
38,6.869648456573486,-1.193607211112976,1.7093018293380737,1.1221104996709428
38,6.895448207855225,-1.198136568069458,1.7127461433410645,1.1265982715675715
38,6.921279430389404,-1.2025729417800903,1.7160764932632446,1.13070879540026
38,6.947098731994629,-1.2069025039672852,1.7192856073379517,1.1343888458784845
38,6.972944259643555,-1.2111265659332275,1.7223765850067139,1.1375571649302947
38,6.998833656311035,-1.2152436971664429,1.7253497838974,1.1401971074146535
38,7.024761199951172,-1.2192500829696655,1.7282029390335083,1.1422895649351876
38,7.050719738006592,-1.2231440544128418,1.7309343814849854,1.1438208937561414
38,7.07670259475708,-1.226925015449524,1.7335432767868042,1.1448396642904055
38,7.102653980255127,-1.230586051940918,1.7360244989395142,1.1453382222697983
38,7.128640651702881,-1.2341406345367432,1.7383850812911987,1.1452708704107017
38,7.154634952545166,-1.2375898361206055,1.7406227588653564,1.1446578827479925
38,7.180630683898926,-1.2409389019012451,1.7427382469177246,1.1435180632475443
38,7.206620693206787,-1.2441939115524292,1.7447324991226196,1.141875803995187
38,7.23259973526001,-1.2473621368408203,1.746606707572937,1.1397595026063239
38,7.2585601806640625,-1.2504510879516602,1.7483625411987305,1.137206413936836
38,7.284463882446289,-1.253463625907898,1.7499995231628418,1.1342736696426987
38,7.3103413581848145,-1.2564116716384888,1.751522183418274,1.1309524201665175
38,7.33618688583374,-1.2593038082122803,1.7529327869415283,1.1272790923809664
38,7.361995697021484,-1.2621484994888306,1.754233956336975,1.1232913358860483
38,7.387762546539307,-1.264954686164856,1.7554283142089844,1.1190307790271314
38,7.4135003089904785,-1.267733097076416,1.75652015209198,1.114534296441551
38,7.439186096191406,-1.2704901695251465,1.7575119733810425,1.1098451408164296
38,7.464815616607666,-1.273234248161316,1.7584079504013062,1.105003702823543
38,7.490385055541992,-1.2759733200073242,1.7592124938964844,1.1000573688432516
38,7.515870571136475,-1.2787117958068848,1.7599292993545532,1.094993501905779
38,7.542128562927246,-1.2815496921539307,1.7605860233306885,1.0899608861863872
38,7.568359375,-1.2844094038009644,1.7611647844314575,1.0847478211918522
38,7.593677997589111,-1.2872047424316406,1.7616536617279053,1.079712632007799
38,7.6189188957214355,-1.2900464534759521,1.7620742321014404,1.0748034194559035
38,7.644076824188232,-1.2929645776748657,1.7624123096466064,1.0698424950069028
38,7.669630527496338,-1.2960362434387207,1.7626169919967651,1.0644623729599492
38,7.694625377655029,-1.2991288900375366,1.7625277042388916,1.0571135858792942
38,7.714587211608887,-1.3015903234481812,1.7619889974594116,1.0474319429213845
38,7.739484786987305,-1.304384469985962,1.7601383924484253,1.0277573765583579
38,7.764172077178955,-1.3064546585083008,1.7565027475357056,1.0075352493973133
38,7.788602828979492,-1.3077129125595093,1.7514969110488892,0.9974346064229768
38,7.812934398651123,-1.3085697889328003,1.7462362051010132,0.9954278823160195
38,7.837361812591553,-1.3094220161437988,1.741801381111145,0.9995687533348514
38,7.8611741065979,-1.310431718826294,1.7391842603683472,1.0121908165436682
38,7.878164768218994,-1.3112837076187134,1.7383095026016235,1.0216459062146168
38,7.901179313659668,-1.312578797340393,1.7379053831100464,1.0276254798709539
38,7.925745964050293,-1.3140747547149658,1.737877368927002,1.0277920945650254
38,7.950238227844238,-1.3156260251998901,1.7379260063171387,1.0264132201873708
38,7.974656105041504,-1.3172104358673096,1.7379347085952759,1.0245691709684652
38,7.998998165130615,-1.3188271522521973,1.737836241722107,1.0222435416241251
38,8.023262023925781,-1.3204747438430786,1.7375624179840088,1.0194227516217191
38,8.047443389892578,-1.3221362829208374,1.737023115158081,1.0159092137117773
38,8.071537971496582,-1.3237627744674683,1.7360740900039673,1.0112318544545678
38,8.095529556274414,-1.3252472877502441,1.7345025539398193,1.004979920808641
38,8.119373321533203,-1.3264329433441162,1.7321300506591797,0.9982611119454864
38,8.142991065979004,-1.327224850654602,1.7290470600128174,0.9938803532417329
38,8.164396286010742,-1.327676773071289,1.725926399230957,0.9922259235930002
38,8.187804222106934,-1.3280270099639893,1.7224770784378052,0.9915685362981795
38,8.211155891418457,-1.328320026397705,1.7192076444625854,0.9913157364826424
38,8.234477043151855,-1.3286036252975464,1.7163269519805908,0.9925273629563035
38,8.257781028747559,-1.3289371728897095,1.714046597480774,0.9960826737421792
38,8.281055450439453,-1.3293724060058594,1.7124135494232178,1.0006134114137157
38,8.304275512695312,-1.329911708831787,1.7112523317337036,1.0039830238244087
38,8.327422142028809,-1.3305171728134155,1.7103172540664673,1.0058923526799477
38,8.35049057006836,-1.331151008605957,1.7094521522521973,1.0069582688671668
38,8.373485565185547,-1.331787347793579,1.7085728645324707,1.0075165385449967
38,8.396367073059082,-1.3324050903320312,1.7076095342636108,1.0075932390981759
38,8.419188499450684,-1.3329789638519287,1.7064704895019531,1.006958823770267
38,8.441943168640137,-1.3334654569625854,1.705046534538269,1.0054913394500142
38,8.464620590209961,-1.3338061571121216,1.7032462358474731,1.0033624908306389
38,8.487212181091309,-1.333961844444275,1.7010760307312012,1.0011227810665235
38,8.509729385375977,-1.3339428901672363,1.6986572742462158,0.9992239830686093
38,8.532186508178711,-1.3337961435317993,1.6961448192596436,0.9977193460825966
38,8.554595947265625,-1.33356773853302,1.6936455965042114,0.9965040692290899
38,8.576964378356934,-1.3332884311676025,1.6912236213684082,0.9955668878344927
38,8.599298477172852,-1.332975149154663,1.6889243125915527,0.9950167834921848
38,8.621556282043457,-1.3326389789581299,1.6867815256118774,0.9949469333714539
38,8.643784523010254,-1.3322854042053223,1.6847991943359375,0.9952942312782967
38,8.66598129272461,-1.331915020942688,1.6829630136489868,0.9959106495988499
38,8.688142776489258,-1.3315223455429077,1.6812385320663452,0.9965843194174653
38,8.710267066955566,-1.3310998678207397,1.6795774698257446,0.9971421552584231
38,8.732351303100586,-1.3306423425674438,1.677931785583496,0.9974797859947596
38,8.754392623901367,-1.3301414251327515,1.676262617111206,0.9974982205749806
38,8.776390075683594,-1.3295834064483643,1.6745373010635376,0.9970851570294451
38,8.79833984375,-1.3289533853530884,1.6727315187454224,0.9961995769437018
38,8.820241928100586,-1.3282390832901,1.670832872390747,0.9948745865696569
38,8.842096328735352,-1.3274322748184204,1.6688417196273804,0.9931927759245378
38,8.863903045654297,-1.3265291452407837,1.6667691469192505,0.9912692199030614
38,8.885665893554688,-1.325529932975769,1.6646333932876587,0.9892291632330552
38,8.907678604125977,-1.3244249820709229,1.662426233291626,0.9871565986077468
38,8.929932594299316,-1.3232160806655884,1.6601665019989014,0.9850626633716097
38,8.952180862426758,-1.3219192028045654,1.6578946113586426,0.9831415065818646
38,8.974349021911621,-1.320543646812439,1.655627965927124,0.9814488756778658
38,8.996438980102539,-1.3190925121307373,1.653369665145874,0.9800213445218836
38,9.018448829650879,-1.3175673484802246,1.651117205619812,0.9788759953060896
38,9.040443420410156,-1.315963625907898,1.6488561630249023,0.9779991697615457
38,9.062317848205566,-1.3142876625061035,1.6465872526168823,0.9773730968151952
38,9.084107398986816,-1.3125345706939697,1.6442958116531372,0.9769738010146692
38,9.10580825805664,-1.310700535774231,1.641971468925476,0.9767834360407249
38,9.127419471740723,-1.3087806701660156,1.6396050453186035,0.9767783473775488
38,9.149026870727539,-1.3067604303359985,1.637178897857666,0.9768678126871247
38,9.170616149902344,-1.304633617401123,1.6346889734268188,0.9771609495951495
38,9.192110061645508,-1.3024015426635742,1.6321419477462769,0.9776631693368103
38,9.21351432800293,-1.3000582456588745,1.6295385360717773,0.978396103323068
38,9.23486328125,-1.2975941896438599,1.6268787384033203,0.9793651216643725
38,9.256186485290527,-1.2950005531311035,1.624165654182434,0.980612832649454
38,9.277485847473145,-1.292272925376892,1.621407151222229,0.9821555857513655
38,9.2987642288208,-1.2894082069396973,1.618613839149475,0.9840183448303094
38,9.320019721984863,-1.286403775215149,1.6157970428466797,0.9862163476871286
38,9.341252326965332,-1.2832578420639038,1.6129683256149292,0.9885780500735967
38,9.36246395111084,-1.2799683809280396,1.6101391315460205,0.9911385830144585
38,9.383654594421387,-1.2765345573425293,1.6073225736618042,0.993903946824098
38,9.404824256896973,-1.2729558944702148,1.6045323610305786,0.9968243717512524
38,9.425973892211914,-1.2692310810089111,1.6017835140228271,0.999846787707253
38,9.447104454040527,-1.2653608322143555,1.5990909337997437,1.002909706671534
38,9.468217849731445,-1.2613457441329956,1.5964691638946533,1.0059271204296185
38,9.489313125610352,-1.257187008857727,1.59393310546875,1.0088348363583985
38,9.510392189025879,-1.2528865337371826,1.5914987325668335,1.0115732716451304
38,9.531455039978027,-1.2484462261199951,1.5891815423965454,1.0140282536013696
38,9.55250358581543,-1.2438682317733765,1.5869978666305542,1.0161022390719907
38,9.57353687286377,-1.2391561269760132,1.5849645137786865,1.0178267076533332
38,9.594555854797363,-1.2343136072158813,1.5830966234207153,1.0191290367158978
38,9.615560531616211,-1.2293447256088257,1.5814093351364136,1.020020490963203
38,9.636551856994629,-1.2242547273635864,1.5799181461334229,1.02047307851834
38,9.657527923583984,-1.2190488576889038,1.5786393880844116,1.020448745738177
38,9.678489685058594,-1.2137329578399658,1.5775877237319946,1.0199481377034358
38,9.699434280395508,-1.2083131074905396,1.5767755508422852,1.0189428022586466
38,9.720362663269043,-1.2027950286865234,1.576214075088501,1.0173405265651734
38,9.74127197265625,-1.197184681892395,1.5759137868881226,1.0152105274395262
38,9.76215934753418,-1.1914902925491333,1.5758862495422363,1.012546782161313
38,9.783024787902832,-1.1857185363769531,1.5761398077011108,1.0093597078602408
38,9.803865432739258,-1.1798758506774902,1.5766805410385132,1.005646002308254
38,9.824677467346191,-1.1739692687988281,1.5775136947631836,1.001390247201731
38,9.845459938049316,-1.1680067777633667,1.5786453485488892,0.9964793333209947
38,9.866209983825684,-1.1619960069656372,1.5800790786743164,0.9910503545964044
38,9.886924743652344,-1.1559439897537231,1.5818167924880981,0.9851123728746534
38,9.907601356506348,-1.1498574018478394,1.5838595628738403,0.9786770194968625
38,9.928237915039062,-1.143744707107544,1.5862082242965698,0.9717505231340509
38,9.948831558227539,-1.1376146078109741,1.5888620615005493,0.9643407972076264
38,9.969381332397461,-1.131473183631897,1.5918197631835938,0.9562847164548792
38,9.989883422851562,-1.1253267526626587,1.5950796604156494,0.9477254385070861
38,10.010335922241211,-1.1191833019256592,1.5986379384994507,0.9387948774208036
38,10.030739784240723,-1.1130504608154297,1.6024895906448364,0.9295214182130538
38,10.051091194152832,-1.10693359375,1.6066282987594604,0.9199324688740782
38,10.071391105651855,-1.1008377075195312,1.611046314239502,0.9100010317430766
38,10.09163761138916,-1.0947679281234741,1.6157349348068237,0.8997765036105534
38,10.111830711364746,-1.088728904724121,1.6206847429275513,0.8890458462306318
38,10.13197135925293,-1.0827226638793945,1.6258845329284668,0.878121698594448
38,10.15206527709961,-1.0767476558685303,1.6313234567642212,0.8670137454258725
38,10.172172546386719,-1.0707863569259644,1.6370042562484741,0.8556950644877827
38,10.192229270935059,-1.0648576021194458,1.6428942680358887,0.8440296993958885
38,10.212533950805664,-1.0588698387145996,1.6490710973739624,0.8319102569528561
38,10.233620643615723,-1.052659273147583,1.6556949615478516,0.8192535249361858
38,10.256223678588867,-1.0459970235824585,1.6630076169967651,0.8057095265635125
38,10.278767585754395,-1.0393357276916504,1.6704986095428467,0.7919668492968822
38,10.303291320800781,-1.0320446491241455,1.6788386106491089,0.7769578750541382
38,10.327747344970703,-1.0247031450271606,1.687329649925232,0.7620510263779657
38,10.35393238067627,-1.016731858253479,1.6965762376785278,0.7459555759486679
38,10.381099700927734,-1.0082992315292358,1.7063027620315552,0.729188479654367
38,10.408185958862305,-0.9996886849403381,1.7161023616790771,0.7125122714534124
38,10.435585975646973,-0.9907253384590149,1.726086139678955,0.6954436380930612
38,10.462895393371582,-0.981505274772644,1.7360848188400269,0.6784834868507819
38,10.490194320678711,-0.9719632267951965,1.7461134195327759,0.6612917563763329
38,10.517388343811035,-0.9621137976646423,1.756131649017334,0.6439909907878942
38,10.544474601745605,-0.9519404172897339,1.766149640083313,0.6265951430461536
38,10.571434020996094,-0.9414466619491577,1.77617609500885,0.6085555687898953
38,10.598258972167969,-0.9306451082229614,1.786239743232727,0.5904683140886224
38,10.624938011169434,-0.919549286365509,1.79636812210083,0.5714307399112514
38,10.651468276977539,-0.9081944227218628,1.8065992593765259,0.55220407246419
38,10.677847862243652,-0.8966126441955566,1.8169679641723633,0.5320624146364914
38,10.704081535339355,-0.8848524689674377,1.8275024890899658,0.5115518059233468
38,10.73018741607666,-0.8729763627052307,1.8382230997085571,0.4903115823396533
38,10.756189346313477,-0.8610407114028931,1.8491302728652954,0.46887090255681385
38,10.782143592834473,-0.8491454124450684,1.8601911067962646,0.4468875806685552
38,10.808104515075684,-0.8373618125915527,1.871356725692749,0.4251752251397626
38,10.834188461303711,-0.8258284330368042,1.8824982643127441,0.4033111365141161
38,10.86048698425293,-0.8146438598632812,1.8934881687164307,0.3822646506987091
38,10.887165069580078,-0.803987979888916,1.904078483581543,0.3618622094935868
38,10.914341926574707,-0.7940061688423157,1.9140337705612183,0.3428692891279129
38,10.942160606384277,-0.7849212288856506,1.9230257272720337,0.32575332080377395
38,10.970695495605469,-0.776942789554596,1.9307239055633545,0.31100238266441665
38,10.999961853027344,-0.7703218460083008,1.9367791414260864,0.2991927067573787
38,11.029865264892578,-0.7652808427810669,1.94093656539917,0.29124158555298957
38,11.060227394104004,-0.7620044946670532,1.942983627319336,0.2868866258190609
38,11.090802192687988,-0.7605952620506287,1.9428480863571167,0.28639953389546885
38,11.12132453918457,-0.7610475420951843,1.9405932426452637,0.2894589406698886
38,11.151562690734863,-0.7632691860198975,1.9363954067230225,0.2954733734309885
38,11.181358337402344,-0.7670944333076477,1.930501937866211,0.3039231958620239
38,11.210613250732422,-0.7723400592803955,1.9231659173965454,0.31399281135430324
38,11.239303588867188,-0.7788116335868835,1.9146565198898315,0.32524712958370844
38,11.267441749572754,-0.7863394618034363,1.9052190780639648,0.3372156668407789
38,11.295077323913574,-0.7947679758071899,1.8950601816177368,0.34960787243303554
38,11.322237968444824,-0.8039911985397339,1.8843234777450562,0.3619984528814811
38,11.349017143249512,-0.813901424407959,1.8731775283813477,0.37453909254485684
38,11.3754301071167,-0.8244286775588989,1.8617280721664429,0.386737607950962
38,11.40158748626709,-0.8355263471603394,1.8500549793243408,0.3989377611269427
38,11.42758846282959,-0.8471872806549072,1.838213324546814,0.4106983868744908
38,11.45334529876709,-0.859321117401123,1.8263139724731445,0.4224139980181395
38,11.479094505310059,-0.8720073103904724,1.8143208026885986,0.43397913763266643
38,11.504640579223633,-0.8851275444030762,1.8023600578308105,0.4453863613745313
38,11.534375190734863,-0.9009636640548706,1.7885173559188843,0.4569328355847061
38,11.56396484375,-0.917267918586731,1.7749097347259521,0.46851213049713336
38,11.617369651794434,-0.9478222727775574,1.7510541677474976,0.4874562710539242
38,11.670408248901367,-0.9797760844230652,1.7282363176345825,0.5061684871706751
38,11.717963218688965,-1.0095802545547485,1.7086666822433472,0.5223143389295948
38,11.775121688842773,-1.046961784362793,1.6863832473754883,0.5412115923985164
38,11.832245826721191,-1.0854085683822632,1.6658982038497925,0.5590131974231725
38,11.934489250183105,-1.158316731452942,1.6329891681671143,0.5955227334166604
38,11.995421409606934,-1.204337239265442,1.615159511566162,0.6176006770346212
38,12.088953971862793,-1.2778592109680176,1.5889856815338135,0.6518677738661584
38,12.130889892578125,-1.3118951320648193,1.5775009393692017,0.6681597548564588
39,0.14902527630329132,1.5985416173934937,2.563469886779785,1.0001862165527915
39,0.19059835374355316,1.5985562801361084,2.5637259483337402,1.000261195566777
39,0.2971639335155487,1.5986065864562988,2.5646369457244873,1.0004713693734943
39,0.4037252366542816,1.598673701286316,2.5659525394439697,1.000831006831906
39,0.5145595073699951,1.5987597703933716,2.567819356918335,1.0013354375486194
39,0.6298389434814453,1.5988647937774658,2.570389986038208,1.0021141013704669
39,0.7451008558273315,1.5989854335784912,2.5736501216888428,1.003229355746914
39,0.8638160228729248,1.5991259813308716,2.577787399291992,1.0046279091553767
39,0.9846248030662537,1.5992894172668457,2.5827417373657227,1.0070535441014516
39,1.1054052114486694,1.5994755029678345,2.5883452892303467,1.0099755034135098
39,1.2271943092346191,1.5996876955032349,2.594337224960327,1.013506661958189
39,1.3489784002304077,1.5999243259429932,2.6004295349121094,1.01731148128344
39,1.4707744121551514,1.600184440612793,2.606276035308838,1.0211530558358393
39,1.5931044816970825,1.6004725694656372,2.6115453243255615,1.024989939307469
39,1.7154685258865356,1.6007909774780273,2.6159510612487793,1.0285338217639473
39,1.837897539138794,1.6011475324630737,2.6190786361694336,1.03190433742339
39,1.9603551626205444,1.601548433303833,2.620695114135742,1.0341692491579375
39,2.082827091217041,1.6020013093948364,2.6205496788024902,1.0359636913627541
39,2.2052829265594482,1.602514624595642,2.618542194366455,1.0364692684527423
39,2.3276937007904053,1.603092908859253,2.614668607711792,1.0356908509876643
39,2.4500372409820557,1.6037416458129883,2.6090636253356934,1.0342658632677673
39,2.5723016262054443,1.6044621467590332,2.601935863494873,1.030811471528864
39,2.6944825649261475,1.6052557229995728,2.5935068130493164,1.0268836178069272
39,2.816589832305908,1.6061229705810547,2.584073305130005,1.0219497329960912
39,2.938627243041992,1.6070663928985596,2.573780059814453,1.0160818607255824
39,3.0606064796447754,1.6080904006958008,2.5628275871276855,1.0097373794466824
39,3.1825337409973145,1.6092015504837036,2.551316499710083,1.0022861102224907
39,3.3044135570526123,1.6104061603546143,2.5393226146698,0.9942891789953766
39,3.4262537956237793,1.6117138862609863,2.526942729949951,0.9856586986619997
39,3.54805850982666,1.6131327152252197,2.5142321586608887,0.9759676045118887
39,3.6698367595672607,1.6146740913391113,2.501282215118408,0.96568745764782
39,3.7915802001953125,1.6163514852523804,2.4882123470306396,0.9541656229608036
39,3.9133188724517822,1.6181769371032715,2.475116729736328,0.94188499762307
39,4.034855842590332,1.620166301727295,2.4622244834899902,0.9288490174907221
39,4.156428337097168,1.622340202331543,2.449697971343994,0.9152656255243331
39,4.27697229385376,1.6246989965438843,2.4379055500030518,0.9016393304359549
39,4.394364833831787,1.6272180080413818,2.4273295402526855,0.8885701634980462
39,4.511848449707031,1.6299818754196167,2.417891263961792,0.8765407912187098
39,4.623108386993408,1.6328555345535278,2.4103498458862305,0.8661504163781518
39,4.725996017456055,1.635762095451355,2.4048261642456055,0.8587582561003582
39,4.828948497772217,1.6389325857162476,2.400883674621582,0.8535108452053298
39,4.9240570068359375,1.6421180963516235,2.3988068103790283,0.8507922968626934
39,5.0139875411987305,1.6453731060028076,2.398297071456909,0.8503606837586314
39,5.101472854614258,1.6487773656845093,2.3991706371307373,0.851972677466352
39,5.188141822814941,1.6523897647857666,2.401336908340454,0.8556282006858866
39,5.274761199951172,1.656245231628418,2.404731512069702,0.8609133919636662
39,5.361162185668945,1.6603426933288574,2.4092538356781006,0.8675558856430293
39,5.447477340698242,1.6646968126296997,2.4147913455963135,0.8753083454922922
39,5.533717155456543,1.6693170070648193,2.4212191104888916,0.8839097447063523
39,5.619881629943848,1.6742141246795654,2.4284021854400635,0.8931023802138026
39,5.705975532531738,1.6793997287750244,2.436208486557007,0.9026432399199092
39,5.792003154754639,1.6848865747451782,2.4445128440856934,0.9123153867699635
39,5.877971649169922,1.690686821937561,2.4532113075256348,0.9219146972950021
39,5.963883399963379,1.6968119144439697,2.4622066020965576,0.9313079746410998
39,6.0497355461120605,1.7032743692398071,2.47141170501709,0.9404156866792402
39,6.1355133056640625,1.7100855112075806,2.480755090713501,0.9492184177779039
39,6.2213335037231445,1.7172651290893555,2.490192174911499,0.9576697220158797
39,6.307916641235352,1.7248873710632324,2.499760150909424,0.9656937076987971
39,6.397896766662598,1.733235239982605,2.509709596633911,0.9736020063904526
39,6.48784065246582,1.7420252561569214,2.5196073055267334,0.9818819259439966
39,6.510467529296875,1.7443053722381592,2.522080898284912,0.98385136828525
39,6.533100128173828,1.7466148138046265,2.5245473384857178,0.985776173333821
39,6.555811882019043,1.748961329460144,2.52701473236084,0.9876885581358547
39,6.578590393066406,1.7513442039489746,2.5294811725616455,0.9895883651630584
39,6.601114749908447,1.7537299394607544,2.531911849975586,0.9914514263863208
39,6.623722076416016,1.75615394115448,2.5343422889709473,0.9933119025686056
39,6.6464152336120605,1.7586172819137573,2.5367729663848877,0.9951731933756968
39,6.669193744659424,1.7611205577850342,2.53920316696167,0.9970381104534517
39,6.692051887512207,1.7636640071868896,2.5416316986083984,0.998909732228255
39,6.714945316314697,1.7662431001663208,2.544053554534912,1.000790948616747
39,6.73790979385376,1.7688627243041992,2.5464720726013184,1.002683432433413
39,6.760941028594971,1.771523118019104,2.548886299133301,1.004589685009034
39,6.784032344818115,1.774224042892456,2.551295042037964,1.0065125537837385
39,6.807121276855469,1.7769590616226196,2.553691864013672,1.008445962221713
39,6.830021858215332,1.7797058820724487,2.5560572147369385,1.0103789374614347
39,6.852974891662598,1.7824937105178833,2.5584161281585693,1.0123357477041717
39,6.875975131988525,1.7853223085403442,2.560767650604248,1.014318651562071
39,6.899018287658691,1.788191795349121,2.563110828399658,1.0163300442520191
39,6.922098636627197,1.7911019325256348,2.5654454231262207,1.0183725103541326
39,6.945211410522461,1.7940527200698853,2.567770481109619,1.0204502793878463
39,6.968317985534668,1.7970391511917114,2.570082187652588,1.0225622623310795
39,6.991448879241943,1.8000657558441162,2.572382926940918,1.0247120977987416
39,7.014369010925293,1.8031013011932373,2.5746498107910156,1.0268732431237986
39,7.037307262420654,1.806175708770752,2.5769054889678955,1.0290793152685846
39,7.060242176055908,1.8092862367630005,2.5791475772857666,1.0313292122492552
39,7.083191394805908,1.8124353885650635,2.5813775062561035,1.0336264629428167
39,7.10615348815918,1.8156229257583618,2.583595037460327,1.0359735302217898
39,7.129124641418457,1.8188484907150269,2.5857996940612793,1.0383726710369237
39,7.152101516723633,1.8221111297607422,2.5879902839660645,1.0408254825341827
39,7.175078868865967,1.8254103660583496,2.5901663303375244,1.0433326592455363
39,7.1978349685668945,1.8287131786346436,2.592306613922119,1.0458659076339705
39,7.220551490783691,1.8320451974868774,2.594428062438965,1.0484527558860228
39,7.243260860443115,1.8354105949401855,2.5965332984924316,1.0510976700979817
39,7.265959739685059,1.8388084173202515,2.598621368408203,1.0538046990830172
39,7.288644790649414,1.8422375917434692,2.600691556930542,1.0565795013155548
39,7.311513900756836,1.8457276821136475,2.6027610301971436,1.059403898782425
39,7.33428430557251,1.8492345809936523,2.6048033237457275,1.0622979217199247
39,7.357050895690918,1.8527723550796509,2.6068263053894043,1.065266134046785
39,7.379387378692627,1.8562731742858887,2.6087918281555176,1.0682553222531959
39,7.401589393615723,1.859781265258789,2.6107256412506104,1.0712445411592506
39,7.423973083496094,1.8633456230163574,2.612654685974121,1.0743218339454095
39,7.446335792541504,1.8669333457946777,2.614560127258301,1.0774709267947018
39,7.468675136566162,1.8705428838729858,2.616441011428833,1.0806367488360629
39,7.4911603927612305,1.8742002248764038,2.61830997467041,1.083892162939323
39,7.513164520263672,1.8778024911880493,2.620114326477051,1.0871581778769932
39,7.535163402557373,1.8814254999160767,2.6218931674957275,1.0904156290359737
39,7.557209491729736,1.885076642036438,2.623650074005127,1.0937259406040962
39,7.579239845275879,1.8887444734573364,2.6253786087036133,1.0970818606845678
39,7.60125207901001,1.8924272060394287,2.62707781791687,1.1004842360670186
39,7.623263359069824,1.8961267471313477,2.6287484169006348,1.1039320281007678
39,7.645254135131836,1.8998386859893799,2.6303884983062744,1.1074259994435738
39,7.66722297668457,1.9035614728927612,2.6319971084594727,1.11095190802179
39,7.688982009887695,1.907261848449707,2.633561372756958,1.114504286337249
39,7.710720539093018,1.9109705686569214,2.635094404220581,1.1181246244514642
39,7.732435703277588,1.914685845375061,2.636596202850342,1.121824397264604
39,7.754126071929932,1.9184057712554932,2.6380667686462402,1.125616253591743
39,7.775789737701416,1.9221283197402954,2.639505624771118,1.1295132622935444
39,7.797425746917725,1.9258511066436768,2.6409127712249756,1.1335449627193723
39,7.8188395500183105,1.9295384883880615,2.6422760486602783,1.137645187452503
39,7.840227127075195,1.9332215785980225,2.643608331680298,1.1418891200229646
39,7.8615899085998535,1.9368970394134521,2.644909381866455,1.1462885532609546
39,7.882932662963867,1.9405617713928223,2.646178722381592,1.1508494846440502
39,7.904260158538818,1.9442113637924194,2.6474156379699707,1.1555685983787978
39,7.92557430267334,1.9478400945663452,2.6486189365386963,1.1604290641882093
39,7.9468913078308105,1.9514436721801758,2.6497879028320312,1.165408786955909
39,7.968214511871338,1.955015778541565,2.650921106338501,1.1704122814364475
39,7.989546775817871,1.9585490226745605,2.6520168781280518,1.1754001730256278
39,8.010889053344727,1.962033987045288,2.6530723571777344,1.1802907002470673
39,8.032242774963379,1.9654619693756104,2.6540849208831787,1.1849846782013622
39,8.053608894348145,1.9688243865966797,2.6550519466400146,1.1893717092796194
39,8.07498836517334,1.9721133708953857,2.6559696197509766,1.1933379977412482
39,8.096382141113281,1.9753241539001465,2.6568350791931152,1.1966400354137063
39,8.117789268493652,1.9784564971923828,2.6576473712921143,1.1992720470778
39,8.139208793640137,1.9815155267715454,2.65840744972229,1.2012131553626817
39,8.160638809204102,1.9845129251480103,2.659121513366699,1.2025802279813667
39,8.182077407836914,1.987464427947998,2.6597983837127686,1.203568304175196
39,8.203519821166992,1.9903843402862549,2.6604480743408203,1.2043979500022597
39,8.224967002868652,1.9932814836502075,2.6610779762268066,1.2052480139849613
39,8.246417045593262,1.996158480644226,2.661691188812256,1.2062404292789277
39,8.26786994934082,1.9990136623382568,2.662287950515747,1.2074509155036297
39,8.289326667785645,2.001842975616455,2.6628668308258057,1.2088788620570032
39,8.310789108276367,2.0046401023864746,2.6634247303009033,1.2105619018949045
39,8.332256317138672,2.007399320602417,2.6639575958251953,1.2125078432377925
39,8.353730201721191,2.0101161003112793,2.6644623279571533,1.2146735886058242
39,8.37520980834961,2.0127859115600586,2.66493558883667,1.217008018816291
39,8.396697044372559,2.0154061317443848,2.665374755859375,1.2194919198383884
39,8.418190956115723,2.0179736614227295,2.6657776832580566,1.2220624441574288
39,8.439692497253418,2.0204854011535645,2.6661415100097656,1.2246630669837795
39,8.461201667785645,2.022937297821045,2.6664628982543945,1.227221563466116
39,8.482718467712402,2.025325059890747,2.666738748550415,1.2296480570820023
39,8.504242897033691,2.02764630317688,2.6669654846191406,1.2318269822037538
39,8.525774955749512,2.029900550842285,2.6671411991119385,1.2337061456339597
39,8.547314643859863,2.032090425491333,2.667266607284546,1.2351549348259863
39,8.568860054016113,2.0342226028442383,2.6673452854156494,1.2362215602707083
39,8.590410232543945,2.0363049507141113,2.667383909225464,1.236988766721282
39,8.611964225769043,2.0383472442626953,2.667390823364258,1.237540852608462
39,8.63352108001709,2.040355682373047,2.667371988296509,1.2379711804544917
39,8.655080795288086,2.042335271835327,2.6673319339752197,1.2383678336892894
39,8.676643371582031,2.044288158416748,2.667271852493286,1.23880586504046
39,8.69820785522461,2.0462148189544678,2.667191982269287,1.2393479019511022
39,8.71977424621582,2.0481152534484863,2.667091131210327,1.2400357648725049
39,8.741344451904297,2.049987316131592,2.6669681072235107,1.2408783908629253
39,8.76291561126709,2.051828384399414,2.666821002960205,1.2418302925466564
39,8.784489631652832,2.0536348819732666,2.666647434234619,1.2429305579502794
39,8.80606746673584,2.0554027557373047,2.666445255279541,1.2441621814891133
39,8.827648162841797,2.0571281909942627,2.6662118434906006,1.2454970002819663
39,8.849231719970703,2.058806896209717,2.665945053100586,1.246894629667305
39,8.870819091796875,2.0604355335235596,2.6656434535980225,1.2482902833000882
39,8.892410278320312,2.062011241912842,2.665306568145752,1.2496373276726394
39,8.914003372192383,2.0635318756103516,2.6649341583251953,1.2509005129073192
39,8.935601234436035,2.0649964809417725,2.664527654647827,1.2520556043353575
39,8.95720100402832,2.0664045810699463,2.664088487625122,1.2530927829233944
39,8.978804588317871,2.0677578449249268,2.663618564605713,1.2540152645482359
39,9.000410079956055,2.0690574645996094,2.6631202697753906,1.254831854098662
39,9.022018432617188,2.0703060626983643,2.662595272064209,1.2555460477500664
39,9.043628692626953,2.0715065002441406,2.6620450019836426,1.2561943098789878
39,9.065240859985352,2.0726606845855713,2.661470890045166,1.2567951562117543
39,9.086854934692383,2.0737712383270264,2.660874128341675,1.257364436772722
39,9.108470916748047,2.0748395919799805,2.6602554321289062,1.2579164695914906
39,9.130086898803711,2.07586669921875,2.6596152782440186,1.2584433590009165
39,9.151704788208008,2.076853036880493,2.6589536666870117,1.2589756298632973
39,9.173324584960938,2.07779860496521,2.6582705974578857,1.259527268335958
39,9.194944381713867,2.0787017345428467,2.657566547393799,1.260103729566799
39,9.21656608581543,2.079561710357666,2.6568408012390137,1.260703535884391
39,9.238187789916992,2.080376386642456,2.6560935974121094,1.261323385821637
39,9.259811401367188,2.081143379211426,2.6553244590759277,1.2619583776145147
39,9.2814359664917,2.0818610191345215,2.6545333862304688,1.2626014714290121
39,9.303060531616211,2.082526683807373,2.6537203788757324,1.2632446107157114
39,9.324686050415039,2.0831382274627686,2.6528854370117188,1.2638782306084306
39,9.346312522888184,2.0836942195892334,2.652029037475586,1.2644857369384956
39,9.367939949035645,2.0841925144195557,2.651150941848755,1.2650606836742715
39,9.389567375183105,2.084632396697998,2.650252342224121,1.265594385333603
39,9.411194801330566,2.085012912750244,2.6493337154388428,1.266079288369387
39,9.432823181152344,2.0853333473205566,2.648395538330078,1.2665094564937678
39,9.454450607299805,2.0855934619903564,2.6474387645721436,1.2668799948824385
39,9.476078033447266,2.0857934951782227,2.6464641094207764,1.2671875550503902
39,9.497705459594727,2.085933208465576,2.645472764968872,1.2674203305993308
39,9.519332885742188,2.0860133171081543,2.6444649696350098,1.267582293268637
39,9.540958404541016,2.086033344268799,2.643441915512085,1.2676776675684052
39,9.56258487701416,2.085994005203247,2.642404317855835,1.2677072793820279
39,9.584209442138672,2.085894823074341,2.641352415084839,1.2676716769568785
39,9.605833053588867,2.085736036300659,2.640287399291992,1.2675716194366335
39,9.627455711364746,2.085516929626465,2.639209270477295,1.2674079459017265
39,9.649076461791992,2.085237503051758,2.6381192207336426,1.2671770666637787
39,9.670696258544922,2.0848968029022217,2.637017250061035,1.2668725366607305
39,9.692315101623535,2.0844943523406982,2.635904312133789,1.2665027763933225
39,9.7139310836792,2.084028959274292,2.6347804069519043,1.266065937722493
39,9.735546112060547,2.083500385284424,2.633646249771118,1.2655602245984645
39,9.757158279418945,2.0829074382781982,2.632502794265747,1.2649831284181499
39,9.778767585754395,2.082249641418457,2.631350040435791,1.2643321196219195
39,9.800374984741211,2.081526517868042,2.6301889419555664,1.2636046210498149
39,9.821979522705078,2.080737590789795,2.6290204524993896,1.2627827501886044
39,9.843581199645996,2.079882860183716,2.62784481048584,1.261876368716922
39,9.865180015563965,2.0789620876312256,2.6266632080078125,1.2608853660217074
39,9.886775970458984,2.0779757499694824,2.625476360321045,1.2598084875068
39,9.908368110656738,2.0769243240356445,2.6242852210998535,1.2586451105387166
39,9.929957389831543,2.0758087635040283,2.623090982437134,1.2573948034259623
39,9.951541900634766,2.074629783630371,2.621894121170044,1.2560520634424883
39,9.973124504089355,2.0733883380889893,2.6206953525543213,1.2546015804825585
39,9.994702339172363,2.0720858573913574,2.6194958686828613,1.253060847302355
39,10.016276359558105,2.070723533630371,2.6182961463928223,1.2514396880626586
39,10.037847518920898,2.069302797317505,2.6170973777770996,1.2497404221214963
39,10.059414863586426,2.067824602127075,2.6159002780914307,1.2479656281701446
39,10.080977439880371,2.0662906169891357,2.614706039428711,1.246118242495046
39,10.102537155151367,2.064701795578003,2.6135149002075195,1.2442016231572655
39,10.124093055725098,2.0630598068237305,2.61232852935791,1.242216588843965
39,10.145644187927246,2.0613656044006348,2.611146926879883,1.2401591681420947
39,10.167200088500977,2.059619665145874,2.609971284866333,1.2380325712384141
39,10.188821792602539,2.0578179359436035,2.6087985038757324,1.2358279250841546
39,10.210762023925781,2.055939197540283,2.6076161861419678,1.2335262997529368
39,10.233599662780762,2.053931474685669,2.6063947677612305,1.2310781059524771
39,10.258138656616211,2.0517172813415527,2.605093479156494,1.2283992785819853
39,10.282672882080078,2.0494470596313477,2.6038053035736084,1.2256764622874865
39,10.309426307678223,2.0469112396240234,2.6024155616760254,1.2226495395970483
39,10.33814525604248,2.044123649597168,2.600942850112915,1.2193317463358002
39,10.36685848236084,2.041273355484009,2.599491834640503,1.2159644591594991
39,10.396732330322266,2.038248300552368,2.5980076789855957,1.2124156525494394
39,10.426602363586426,2.0351688861846924,2.5965516567230225,1.208808259826149
39,10.456911087036133,2.031996250152588,2.595104455947876,1.205135967391747
39,10.487316131591797,2.0287742614746094,2.5936851501464844,1.2014431308247897
39,10.517720222473145,2.025519847869873,2.592299699783325,1.1977760718485464
39,10.54813289642334,2.0222418308258057,2.590949058532715,1.194081585454706
39,10.578545570373535,2.0189480781555176,2.5896334648132324,1.190457355702133
39,10.60895824432373,2.01564621925354,2.5883541107177734,1.186875166159642
39,10.639372825622559,2.0123450756073,2.587110996246338,1.1833743559052052
39,10.66978931427002,2.009049892425537,2.585904598236084,1.179961658035676
39,10.700209617614746,2.0057694911956787,2.5847349166870117,1.1765998504804245
39,10.730632781982422,2.0025100708007812,2.5836021900177,1.1733825950207617
39,10.76106071472168,1.9992784261703491,2.582505941390991,1.1702151278584978
39,10.79149341583252,1.9960815906524658,2.5814461708068848,1.1671151317325255
39,10.821931838989258,1.9929250478744507,2.5804224014282227,1.1641431283830102
39,10.852376937866211,1.9898158311843872,2.5794341564178467,1.1612428206514673
39,10.882826805114746,1.986760139465332,2.5784809589385986,1.158515862997288
39,10.913284301757812,1.9837629795074463,2.577561855316162,1.155884443186532
39,10.94374942779541,1.980830430984497,2.5766756534576416,1.1533730608400132
39,10.974222183227539,1.9779664278030396,2.5758216381073,1.151033538885393
39,11.004701614379883,1.9751756191253662,2.574998617172241,1.1487831594556561
39,11.035189628601074,1.972461223602295,2.5742053985595703,1.1466975973719258
39,11.065685272216797,1.9698257446289062,2.57344126701355,1.1447411590857266
39,11.09618854522705,1.9672718048095703,2.572705030441284,1.1429097984816268
39,11.12669849395752,1.9648007154464722,2.571995973587036,1.141286273988135
39,11.15721607208252,1.9624137878417969,2.5713131427764893,1.1397605304677534
39,11.18774127960205,1.960111379623413,2.570655584335327,1.138413634231927
39,11.218273162841797,1.9578938484191895,2.5700221061706543,1.1372021546103408
39,11.24881362915039,1.9557607173919678,2.569411277770996,1.136089049120475
39,11.279359817504883,1.9537115097045898,2.568821430206299,1.1351593540333538
39,11.309919357299805,1.9517455101013184,2.568251132965088,1.1343051852359203
39,11.340510368347168,1.9498603343963623,2.567697525024414,1.133568610517927
39,11.371105194091797,1.9480571746826172,2.567159652709961,1.1329311719450603
39,11.401771545410156,1.946331262588501,2.566633701324463,1.132361131901267
39,11.432581901550293,1.9446781873703003,2.5661165714263916,1.1319337805115963
39,11.463396072387695,1.9431054592132568,2.5656089782714844,1.13158863947719
39,11.494465827941895,1.941602349281311,2.5651047229766846,1.1313546484925006
39,11.525538444519043,1.9401800632476807,2.5646064281463623,1.1312641219288475
39,11.561923027038574,1.9386107921600342,2.564028024673462,1.1312926919858761
39,11.62785530090332,1.935998797416687,2.562983512878418,1.131768784454889
39,11.693798065185547,1.933664083480835,2.5619404315948486,1.1324181946672993
39,11.765595436096191,1.9313887357711792,2.5607969760894775,1.1331771640909343
39,11.89536190032959,1.927831768989563,2.558684825897217,1.133386841004993
39,12.025141716003418,1.9248875379562378,2.5564892292022705,1.1329516811449463
39,12.060673713684082,1.9241747856140137,2.555868148803711,1.1326758593138047
40,1.0799784660339355,-0.18148702383041382,2.384582757949829,1.0089988947078286
40,1.2017356157302856,-0.1815088838338852,2.3911948204040527,1.0128814959315247
40,1.3234765529632568,-0.18152880668640137,2.3980979919433594,1.0170884153203916
40,1.4456168413162231,-0.1815468668937683,2.404873847961426,1.0214997458482176
40,1.5677826404571533,-0.18156366050243378,2.4111697673797607,1.0259292484883538
40,1.6901041269302368,-0.1815800964832306,2.416639566421509,1.0301885437914478
40,1.812502145767212,-0.18159803748130798,2.420819044113159,1.0341613500412112
40,1.9349427223205566,-0.18161889910697937,2.423450231552124,1.037248790128321
40,2.0574135780334473,-0.1816454529762268,2.4241485595703125,1.0400125693061348
40,2.1798789501190186,-0.1816798895597458,2.4227871894836426,1.0408663269427776
40,2.3023018836975098,-0.18172404170036316,2.419290542602539,1.040867118773527
40,2.424651861190796,-0.18177957832813263,2.4137957096099854,1.039557102732692
40,2.546905994415283,-0.18184702098369598,2.406465530395508,1.036425565616452
40,2.669058322906494,-0.1819266676902771,2.397599220275879,1.0326455103342858
40,2.791114091873169,-0.18201829493045807,2.3874871730804443,1.0272910439387717
40,2.9130775928497314,-0.18212182819843292,2.3763158321380615,1.0212351666042339
40,3.034960985183716,-0.1822371482849121,2.3642992973327637,1.014478850731319
40,3.1567671298980713,-0.18236446380615234,2.3515241146087646,1.0065087287013876
40,3.2785017490386963,-0.1825040876865387,2.3380823135375977,0.9980027854201104
40,3.40016770362854,-0.18265686929225922,2.3240349292755127,0.9883394671498534
40,3.5217649936676025,-0.1828235238790512,2.3094050884246826,0.97741721425308
40,3.643298387527466,-0.1830054074525833,2.29425311088562,0.9654970189821979
40,3.764772415161133,-0.1832043081521988,2.2786331176757812,0.9509364382977054
40,3.886176109313965,-0.18342258036136627,2.2626261711120605,0.9349820306941969
40,4.00733757019043,-0.18366564810276031,2.2464616298675537,0.9164564203837833
40,4.1284942626953125,-0.1839398741722107,2.2302615642547607,0.8953633498544808
40,4.248607635498047,-0.1842559427022934,2.214508533477783,0.8721908889128652
40,4.365592956542969,-0.18462170660495758,2.1998958587646484,0.8482807600976006
40,4.448546886444092,-0.1849251389503479,2.1902592182159424,0.8311169925610826
40,4.559519290924072,-0.18540607392787933,2.17891788482666,0.8102178856301339
40,4.670701503753662,-0.18598930537700653,2.1698877811431885,0.7922817567964174
40,4.77362060546875,-0.1866360902786255,2.1642637252807617,0.7793188466966746
40,4.868768215179443,-0.18733569979667664,2.161787986755371,0.7724142097190292
40,4.963946342468262,-0.1881411373615265,2.1621336936950684,0.7703850801279505
40,5.053882598876953,-0.18900609016418457,2.165074586868286,0.7724461131638042
40,5.141280651092529,-0.18994952738285065,2.170228958129883,0.7776145591670972
40,5.227752685546875,-0.19098828732967377,2.177344560623169,0.7851217411900066
40,5.313985347747803,-0.1921338587999344,2.186199188232422,0.7942862194016213
40,5.40241813659668,-0.19342632591724396,2.196824312210083,0.8045233555701597
40,5.490685939788818,-0.19483795762062073,2.2087349891662598,0.814731563288174
40,5.582363605499268,-0.19643649458885193,2.222263813018799,0.8247053499324344
40,5.67714786529541,-0.19823956489562988,2.237290620803833,0.8340460448227079
40,5.774617671966553,-0.2002723067998886,2.2537128925323486,0.8424681121999604
40,5.874262809753418,-0.20256562530994415,2.271449089050293,0.8492620996312331
40,5.974116325378418,-0.20511439442634583,2.290160655975342,0.8549120046730082
40,6.07545280456543,-0.20800653100013733,2.3101096153259277,0.8597694144157658
40,6.177440643310547,-0.2113063782453537,2.331200361251831,0.8639740433118113
40,6.279190540313721,-0.21510182321071625,2.3533313274383545,0.867909344931609
40,6.380654811859131,-0.21954135596752167,2.3765575885772705,0.8727239126984372
40,6.480907917022705,-0.22480325400829315,2.4007012844085693,0.8788184978579767
40,6.580597877502441,-0.2311563789844513,2.4258689880371094,0.8862742502328795
40,6.679963111877441,-0.23887129127979279,2.4519262313842773,0.8964154278692393
40,6.718807220458984,-0.24233976006507874,2.462289810180664,0.9008751408856567
40,6.753910541534424,-0.24571861326694489,2.471698760986328,0.9053063461966209
40,6.809495449066162,-0.2515769600868225,2.4866161346435547,0.9126431385387321
40,6.835973262786865,-0.2545957863330841,2.493687391281128,0.9163518585072872
40,6.860138416290283,-0.25748351216316223,2.5001003742218018,0.9196872674628913
40,6.883988857269287,-0.26046136021614075,2.506380796432495,0.9229897912934181
40,6.907923698425293,-0.263581246137619,2.512624502182007,0.926313212372455
40,6.931639671325684,-0.26680248975753784,2.5187389850616455,0.9294831740272842
40,6.955158233642578,-0.27012377977371216,2.524717330932617,0.9325017162317755
40,6.978625297546387,-0.273564875125885,2.5305867195129395,0.9354198352872337
40,7.00192928314209,-0.27710726857185364,2.5363082885742188,0.9380959833869879
40,7.025355339050293,-0.2807893455028534,2.5419390201568604,0.9404805950687355
40,7.0486226081848145,-0.28456398844718933,2.5473995208740234,0.942554837566622
40,7.071861743927002,-0.28845179080963135,2.552711248397827,0.9443563017439636
40,7.094940185546875,-0.2924270033836365,2.5578348636627197,0.9457275543481538
40,7.11789083480835,-0.2964899241924286,2.562770128250122,0.9465984294681442
40,7.140856742858887,-0.300662100315094,2.5675408840179443,0.9469227446510494
40,7.163877964019775,-0.30495086312294006,2.572148084640503,0.9468059162165401
40,7.186922073364258,-0.3093503713607788,2.5765767097473145,0.9460832932295322
40,7.209610939025879,-0.3137848675251007,2.5807530879974365,0.9447634349367007
40,7.23213005065918,-0.31828683614730835,2.5847136974334717,0.9428414187446487
40,7.2545061111450195,-0.32286152243614197,2.5884640216827393,0.940420121656456
40,7.277015686035156,-0.32756972312927246,2.5920469760894775,0.9373285342700018
40,7.299491882324219,-0.3323787450790405,2.595435619354248,0.9335893817955199
40,7.321818828582764,-0.3372672498226166,2.5986151695251465,0.92927852762411
40,7.344030380249023,-0.3422466218471527,2.601593494415283,0.9244333579812227
40,7.3661580085754395,-0.34733009338378906,2.6043779850006104,0.9191223277577993
40,7.388230800628662,-0.3525330722332001,2.6069724559783936,0.9134986041736817
40,7.410294055938721,-0.3578749895095825,2.609384536743164,0.9072644920041218
40,7.432340621948242,-0.3633650839328766,2.61161470413208,0.9006677710132084
40,7.454296588897705,-0.36899739503860474,2.6136560440063477,0.8938678093069989
40,7.476191520690918,-0.3747934401035309,2.6155102252960205,0.8870176414643813
40,7.498023986816406,-0.3807677924633026,2.6171791553497314,0.8800846824907919
40,7.519861698150635,-0.38695529103279114,2.6186671257019043,0.8734412355532452
40,7.5416154861450195,-0.393347829580307,2.619959592819214,0.8674293376945517
40,7.563305377960205,-0.3999643623828888,2.621044158935547,0.8624516128599377
40,7.584932804107666,-0.40681448578834534,2.6219117641448975,0.8582835837625962
40,7.606490612030029,-0.4138980507850647,2.622549533843994,0.8560111335722523
40,7.627951145172119,-0.42119187116622925,2.622936725616455,0.8563484252542302
40,7.649266719818115,-0.4286409020423889,2.623055934906006,0.8592156847280457
40,7.670590877532959,-0.4362359642982483,2.622898578643799,0.8645447537825076
40,7.691885471343994,-0.4438457787036896,2.6224684715270996,0.8732618695838256
40,7.713238716125488,-0.4513070583343506,2.6218011379241943,0.8848775830131653
40,7.734670639038086,-0.45841071009635925,2.6209557056427,0.8949111996047241
40,7.756283760070801,-0.4649260938167572,2.6200144290924072,0.8974609823739663
40,7.778094291687012,-0.47056844830513,2.6190762519836426,0.8853547154518896
40,7.800177574157715,-0.4751816987991333,2.6181674003601074,0.8547840838619478
40,7.820141792297363,-0.4784056544303894,2.617266893386841,0.8130499630579981
40,7.8425798416137695,-0.4810502529144287,2.6158111095428467,0.7467153513639302
40,7.8649797439575195,-0.4828254282474518,2.6131811141967773,0.6656700076058629
40,7.887013912200928,-0.48387694358825684,2.6082451343536377,0.5822729280343991
40,7.907970428466797,-0.48427048325538635,2.5997982025146484,0.5154234791123193
40,7.92674446105957,-0.48401394486427307,2.5872364044189453,0.4749915013884439
40,7.942319869995117,-0.4831271469593048,2.5711846351623535,0.45809170386643355
40,7.9547600746154785,-0.4817048907279968,2.552485227584839,0.4564985244034104
40,7.964067459106445,-0.47983479499816895,2.53216814994812,0.46484662539670396
40,7.970767021179199,-0.47762125730514526,2.5107712745666504,0.4791577129126751
40,7.97520637512207,-0.4751354157924652,2.4887890815734863,0.497459630277132
40,7.977755546569824,-0.47242555022239685,2.4665091037750244,0.5176118856014109
40,7.978743076324463,-0.46952933073043823,2.444145679473877,0.5389047074713286
40,7.978440284729004,-0.46646031737327576,2.421772003173828,0.560803597631435
40,7.977057456970215,-0.4632234573364258,2.399449586868286,0.58296895633215
40,7.974763870239258,-0.4598190486431122,2.3772432804107666,0.6051875030589637
40,7.971691131591797,-0.4562372863292694,2.355165481567383,0.6273818314927104
40,7.967942237854004,-0.4524630606174469,2.3332245349884033,0.6495371649255192
40,7.96359920501709,-0.44848036766052246,2.3114306926727295,0.6714076019376211
40,7.958732604980469,-0.4442738890647888,2.2897896766662598,0.6927905770026487
40,7.953392505645752,-0.43982627987861633,2.2683091163635254,0.7139621134644385
40,7.947615146636963,-0.43511831760406494,2.2469980716705322,0.7352184979165143
40,7.941428184509277,-0.43013203144073486,2.225865602493286,0.7567246373733879
40,7.9348673820495605,-0.4248482584953308,2.2049193382263184,0.7786234151427881
40,7.927950859069824,-0.4192527234554291,2.184169292449951,0.7998144766062842
40,7.920687198638916,-0.413331001996994,2.1636295318603516,0.8215903308337511
40,7.913074493408203,-0.4070653021335602,2.1433193683624268,0.8440757605380053
40,7.905115604400635,-0.4004424512386322,2.1232569217681885,0.8672252067770456
40,7.896810054779053,-0.39345458149909973,2.1034605503082275,0.8896964498166315
40,7.888149738311768,-0.3860933482646942,2.083953619003296,0.9133194480713069
40,7.879120826721191,-0.37834736704826355,2.0647659301757812,0.9389344362625942
40,7.869715213775635,-0.37020689249038696,2.0459251403808594,0.9655424448876451
40,7.8599138259887695,-0.36167633533477783,2.0274627208709717,0.9923577854663317
40,7.849691867828369,-0.35275998711586,2.009415626525879,1.022534778904645
40,7.839031219482422,-0.34346291422843933,1.991819977760315,1.0545693652851793
40,7.827897071838379,-0.3338054418563843,1.9747189283370972,1.0891219216428702
40,7.816259860992432,-0.3238166570663452,1.9581514596939087,1.1276763013546758
40,7.80408239364624,-0.3135237991809845,1.9421688318252563,1.168130657177383
40,7.791324138641357,-0.3029719889163971,1.9268213510513306,1.2166558900319646
40,7.777955532073975,-0.29220470786094666,1.9121580123901367,1.2668796796373074
40,7.763912677764893,-0.2812710404396057,1.8982688188552856,1.328991482365142
40,7.749181270599365,-0.27022117376327515,1.8852105140686035,1.398499255152965
40,7.7336907386779785,-0.2591231167316437,1.873103141784668,1.485488278074871
40,7.7173895835876465,-0.24816890060901642,1.86197030544281,1.593721564842295
40,7.6995463371276855,-0.23824229836463928,1.8523653745651245,1.7571927333023196
40,7.6797075271606445,-0.2305440455675125,1.8449043035507202,2.0193879782199264
40,7.663875102996826,-0.22667062282562256,1.840781569480896,2.263314169999171
40,7.642098903656006,-0.2230149358510971,1.8360742330551147,2.449695260692308
40,7.620383262634277,-0.21945099532604218,1.831011414527893,2.337654223788003
40,7.599475383758545,-0.2140011191368103,1.8245433568954468,2.12704623844219
40,7.580861568450928,-0.2047591209411621,1.8158930540084839,1.9318234535385834
40,7.566414833068848,-0.19173415005207062,1.8045589923858643,1.818767048575126
40,7.556097030639648,-0.17722640931606293,1.7908958196640015,1.7235756104472486
40,7.548262596130371,-0.1629580408334732,1.7752681970596313,1.62124944985134
40,7.542790412902832,-0.15190473198890686,1.760952115058899,1.55142580408581
40,7.53684139251709,-0.1398467868566513,1.7428202629089355,1.48369146545098
40,7.531015872955322,-0.12877793610095978,1.7240257263183594,1.4373008876625764
40,7.5250163078308105,-0.11829952895641327,1.704949140548706,1.399760742984277
40,7.51853084564209,-0.10807506740093231,1.6858936548233032,1.368153732365502
40,7.511507034301758,-0.0979645699262619,1.6669689416885376,1.3410752866807112
40,7.503908157348633,-0.08786080777645111,1.648263931274414,1.3131697873245152
40,7.495759010314941,-0.07774847000837326,1.6297966241836548,1.2844871966179316
40,7.487119674682617,-0.06764600425958633,1.611547827720642,1.2547651109092983
40,7.478047847747803,-0.05758531019091606,1.5934864282608032,1.2262285664301782
40,7.468598365783691,-0.04765605181455612,1.5755467414855957,1.1931078324909308
40,7.4587860107421875,-0.0380217619240284,1.5576411485671997,1.1570674900870326
40,7.448665142059326,-0.028893938288092613,1.5396428108215332,1.1239749435364954
40,7.438300132751465,-0.020559227094054222,1.5214014053344727,1.091873849689375
40,7.427827835083008,-0.013367803767323494,1.5027415752410889,1.0663808606485496
40,7.417486190795898,-0.0075413379818201065,1.4835419654846191,1.051551879918906
40,7.407583236694336,-0.00320081552490592,1.4637283086776733,1.0463911483282418
40,7.398420810699463,-0.00027373034390620887,1.4433081150054932,1.0496202541766573
40,7.390209674835205,0.0014626324409618974,1.4223535060882568,1.0568574363494858
40,7.383053779602051,0.0022946191020309925,1.4009602069854736,1.0620754214020804
40,7.376958847045898,0.002488721627742052,1.3792247772216797,1.0628920902113461
40,7.371863842010498,0.0022439081221818924,1.3572331666946411,1.0589733119496056
40,7.367700099945068,0.0016978125786408782,1.3350515365600586,1.0502083787790732
40,7.364412307739258,0.000927440298255533,1.3127295970916748,1.0373735730404754
40,7.361978530883789,-4.816959335585125e-05,1.290306568145752,1.0217622204659695
40,7.360409259796143,-0.0012574695283547044,1.2678179740905762,1.0045788694256832
40,7.359736919403076,-0.0027724828105419874,1.2453032732009888,0.9875831338050463
40,7.360008239746094,-0.0046901642344892025,1.2228113412857056,0.9719270574315635
40,7.361276626586914,-0.007121208589524031,1.2004035711288452,0.9584021511797398
40,7.3635969161987305,-0.010173313319683075,1.1781573295593262,0.9476653085196324
40,7.367018699645996,-0.013935249298810959,1.1561638116836548,0.9399189299728652
40,7.37158203125,-0.018471285700798035,1.1345269680023193,0.9344674385739971
40,7.377312660217285,-0.023830020800232887,1.1133614778518677,0.9298208873958351
40,7.384230613708496,-0.030022135004401207,1.0927866697311401,0.9269497946755207
40,7.392345905303955,-0.03702395781874657,1.0729211568832397,0.9257665169594033
40,7.401637554168701,-0.04479692503809929,1.0538750886917114,0.9239521713193681
40,7.412071228027344,-0.0532861053943634,1.03574800491333,0.9231308671380225
40,7.423614501953125,-0.06241908669471741,1.0186349153518677,0.9222077303699135
40,7.4362101554870605,-0.07211638987064362,1.0026088953018188,0.9215684359609186
40,7.449782371520996,-0.08231407403945923,0.9877319931983948,0.9204476336820258
40,7.464270114898682,-0.09291167557239532,0.9740447998046875,0.9203957740225464
40,7.479573726654053,-0.10386170446872711,0.9615768194198608,0.9197688086683466
40,7.495625019073486,-0.11505535244941711,0.9503241777420044,0.9202059614539103
40,7.512322425842285,-0.12645836174488068,0.9402855038642883,0.9216457746506921
40,7.529594898223877,-0.1379811018705368,0.9314208626747131,0.9228232716613664
40,7.547368049621582,-0.1495555192232132,0.9236836433410645,0.92548715405852
40,7.56557559967041,-0.16113513708114624,0.9170178174972534,0.929982830371191
40,7.58416223526001,-0.17266209423542023,0.9113543033599854,0.9350273070264057
40,7.6031036376953125,-0.1840713769197464,0.9066041707992554,0.9404104440545553
40,7.622340202331543,-0.19526340067386627,0.9026937484741211,0.9468632173202347
40,7.641880512237549,-0.20620118081569672,0.8995306491851807,0.9538597139109232
40,7.661684989929199,-0.21680104732513428,0.8970447182655334,0.9608082422024117
40,7.681763648986816,-0.22701168060302734,0.8951530456542969,0.967252627334561
40,7.702090263366699,-0.2367636114358902,0.8937962651252747,0.9738123554172019
40,7.722672939300537,-0.24602022767066956,0.8929184079170227,0.9792045649892409
40,7.743497848510742,-0.2547470033168793,0.8924732208251953,0.9841259932882277
40,7.7645440101623535,-0.2629210650920868,0.8924379348754883,0.9888553430069285
40,7.785792350769043,-0.27054181694984436,0.8927911520004272,0.9933456550283402
40,7.807218074798584,-0.27762022614479065,0.893520176410675,0.9984426419080622
40,7.828794479370117,-0.2841726839542389,0.8946223855018616,1.004738451693316
40,7.850496292114258,-0.2902209758758545,0.8960906267166138,1.0118746314707885
40,7.872300624847412,-0.2957853376865387,0.897914469242096,1.0198340511966408
40,7.894184112548828,-0.3008973002433777,0.9000849723815918,1.0285966562888693
40,7.916126728057861,-0.3055846393108368,0.9025911688804626,1.0379830924844025
40,7.938111305236816,-0.30987322330474854,0.9054178595542908,1.0475193564039875
40,7.96012544631958,-0.3137853145599365,0.9085468053817749,1.056904786605613
40,7.98215913772583,-0.3173350989818573,0.9119567275047302,1.0658283011083471
40,8.0042085647583,-0.3205161690711975,0.9156226515769958,1.0737557858072422
40,8.026268005371094,-0.32332494854927063,0.9195194244384766,1.0805970742526423
40,8.048336029052734,-0.3257572650909424,0.923621416091919,1.0861814536210856
40,8.070408821105957,-0.3278026580810547,0.9279000759124756,1.0903774886082171
40,8.092486381530762,-0.329445481300354,0.932327926158905,1.0933971308843995
40,8.114566802978516,-0.3306589722633362,0.9368758797645569,1.0952460693671637
40,8.136648178100586,-0.3314312696456909,0.9415189623832703,1.0960254686296347
40,8.15872573852539,-0.3317509591579437,0.9462321996688843,1.0958867731511677
40,8.180794715881348,-0.33160659670829773,0.9509921669960022,1.0950970448300472
40,8.202850341796875,-0.33098211884498596,0.9557734727859497,1.094059080602548
40,8.22488784790039,-0.32987919449806213,0.960555374622345,1.0930646149317733
40,8.24690055847168,-0.3283116817474365,0.9653205275535583,1.0924638605791877
40,8.26888370513916,-0.32630598545074463,0.9700567722320557,1.0926136739590784
40,8.290809631347656,-0.32390254735946655,0.9747520089149475,1.0935601525190903
40,8.312666893005371,-0.3211720585823059,0.9794087409973145,1.0952298218562695
40,8.334444046020508,-0.318202942609787,0.9840441942214966,1.097446369223577
40,8.356195449829102,-0.31507834792137146,0.9886983036994934,1.0995763028336272
40,8.3778715133667,-0.3118823766708374,0.9933895468711853,1.1012431442393464
40,8.399507522583008,-0.3086746633052826,0.9981542825698853,1.102320008661166
40,8.421061515808105,-0.30551254749298096,1.003009557723999,1.1026411982046629
40,8.442529678344727,-0.30243122577667236,1.007973074913025,1.101993942225601
40,8.463854789733887,-0.2994535565376282,1.0130404233932495,1.1000913273551685
40,8.485024452209473,-0.2965821623802185,1.018200159072876,1.0965353347462843
40,8.506068229675293,-0.2937946617603302,1.023436427116394,1.09154765696442
40,8.527138710021973,-0.29102984070777893,1.0287508964538574,1.0852494162207742
40,8.54822826385498,-0.28823187947273254,1.0340968370437622,1.077964209142868
40,8.569249153137207,-0.28535935282707214,1.0394068956375122,1.0700089991378172
40,8.59020709991455,-0.2823624312877655,1.044630765914917,1.0616712066023777
40,8.611106872558594,-0.2791927754878998,1.04971182346344,1.0533796057895441
40,8.63167667388916,-0.27585306763648987,1.05452561378479,1.0456716163728486
40,8.652159690856934,-0.2722889184951782,1.0590870380401611,1.0388854978264332
40,8.672521591186523,-0.26852160692214966,1.0633682012557983,1.0336822320661176
40,8.692798614501953,-0.26459312438964844,1.0673907995224,1.0303181390325273
40,8.712994575500488,-0.2605818212032318,1.0712087154388428,1.0286342289356538
40,8.73310375213623,-0.25657030940055847,1.0749092102050781,1.0281354402775034
40,8.753128051757812,-0.25261908769607544,1.0785843133926392,1.0284360170578979
40,8.773123741149902,-0.24877232313156128,1.0823115110397339,1.0291766827472584
40,8.793052673339844,-0.24510040879249573,1.0861328840255737,1.0299937808083992
40,8.812973976135254,-0.24164730310440063,1.0900936126708984,1.0306527776214902
40,8.832889556884766,-0.23844896256923676,1.0942091941833496,1.0308956794959263
40,8.852802276611328,-0.2355152815580368,1.0984705686569214,1.030487504376683
40,8.872709274291992,-0.23282645642757416,1.1028417348861694,1.0291969502551308
40,8.892619132995605,-0.23032371699810028,1.1072648763656616,1.02713153280045
40,8.912543296813965,-0.22792033851146698,1.1116822957992554,1.0245267962489255
40,8.932482719421387,-0.22552654147148132,1.1160517930984497,1.0217166404553677
40,8.952438354492188,-0.2230747789144516,1.120341420173645,1.0187530118655899
40,8.972359657287598,-0.2205158770084381,1.1245065927505493,1.0157541944438633
40,8.992314338684082,-0.21780024468898773,1.1285370588302612,1.0128829441098943
40,9.012289047241211,-0.21490587294101715,1.132422924041748,1.0102690212858743
40,9.032275199890137,-0.21183331310749054,1.1361764669418335,1.0079660911651886
40,9.052275657653809,-0.20860520005226135,1.1398348808288574,1.005975920663657
40,9.072288513183594,-0.20526908338069916,1.1434522867202759,1.0042829568291636
40,9.092317581176758,-0.2018871158361435,1.1470845937728882,1.0029364295984358
40,9.112364768981934,-0.1985110342502594,1.1507725715637207,1.0016024041089164
40,9.13241958618164,-0.19519442319869995,1.1545525789260864,1.0003688278513716
40,9.152501106262207,-0.191982239484787,1.1584612131118774,0.9994085532932452
40,9.17261028289795,-0.1889115273952484,1.1625196933746338,0.9987377719385626
40,9.1927490234375,-0.1860034316778183,1.1667349338531494,0.9983570758932729
40,9.213461875915527,-0.18318785727024078,1.1712193489074707,0.998252989108828
40,9.234709739685059,-0.18046776950359344,1.1759576797485352,0.9983520305821965
40,9.256363868713379,-0.17783088982105255,1.1809000968933105,0.9984348298080304
40,9.27731990814209,-0.17535044252872467,1.185760736465454,0.998065542590113
40,9.29867935180664,-0.17283625900745392,1.190767526626587,0.9973234140660663
40,9.319795608520508,-0.17032791674137115,1.1957532167434692,0.996258552949666
40,9.341242790222168,-0.16773119568824768,1.200850486755371,0.9947972993880516
40,9.362929344177246,-0.16503721475601196,1.2060463428497314,0.9929629060114789
40,9.38459587097168,-0.16227266192436218,1.2112923860549927,0.9907944082080357
40,9.40591049194336,-0.1594899445772171,1.2165248394012451,0.9883805069338701
40,9.427310943603516,-0.1566532701253891,1.221867561340332,0.9859190143864581
40,9.448702812194824,-0.15379956364631653,1.2273123264312744,0.9834595314160034
40,9.469822883605957,-0.15098848938941956,1.2328052520751953,0.9810628976156058
40,9.490862846374512,-0.1482173651456833,1.238407015800476,0.9786669859578568
40,9.511813163757324,-0.14550387859344482,1.2441259622573853,0.9761917011563007
40,9.532715797424316,-0.1428518146276474,1.2499817609786987,0.9737877970266278
40,9.553515434265137,-0.14027293026447296,1.2559585571289062,0.9714344914758904
40,9.574177742004395,-0.13776779174804688,1.2620415687561035,0.969049835078569
40,9.594807624816895,-0.1353142410516739,1.2682547569274902,0.9663534018212601
40,9.615371704101562,-0.1329009085893631,1.2745838165283203,0.9632963180163598
40,9.63590145111084,-0.13050977885723114,1.2810297012329102,0.9599279512950645
40,9.656397819519043,-0.12812945246696472,1.2875856161117554,0.9562488494098867
40,9.676859855651855,-0.1257515698671341,1.294248104095459,0.9521611085575394
40,9.697286605834961,-0.12337003648281097,1.301019310951233,0.9476382610169083
40,9.71767520904541,-0.1209845319390297,1.307900071144104,0.9428832812699954
40,9.73802661895752,-0.1185980811715126,1.3148916959762573,0.9380072125303016
40,9.758338928222656,-0.11621472239494324,1.3219976425170898,0.9328522427592516
40,9.778609275817871,-0.11383946239948273,1.3292216062545776,0.9276355033300588
40,9.798839569091797,-0.11147798597812653,1.336564064025879,0.9223723685615464
40,9.819028854370117,-0.10913444310426712,1.3440245389938354,0.9169537269704721
40,9.8391752243042,-0.10681083798408508,1.35160493850708,0.9114046787201862
40,9.859280586242676,-0.10450756549835205,1.3593025207519531,0.905803089128082
40,9.879343032836914,-0.10222316533327103,1.3671133518218994,0.9000871771500282
40,9.89936351776123,-0.09995411336421967,1.3750360012054443,0.8941504816027068
40,9.919342041015625,-0.09769602864980698,1.3830680847167969,0.8879852027645166
40,9.939278602600098,-0.0954442098736763,1.3912056684494019,0.8817170643266701
40,9.959172248840332,-0.09319403022527695,1.399446964263916,0.8752154652375089
40,9.979023933410645,-0.09094157814979553,1.407789707183838,0.8686506167970256
40,9.998832702636719,-0.08868330717086792,1.4162297248840332,0.8619998734492146
40,10.018600463867188,-0.08641697466373444,1.4247664213180542,0.8551294144317043
40,10.038325309753418,-0.08414067327976227,1.4333974123001099,0.8482386032899134
40,10.058009147644043,-0.08185221254825592,1.4421193599700928,0.841294495828373
40,10.077651023864746,-0.07955113053321838,1.4509309530258179,0.8342116597257476
40,10.097251892089844,-0.07723649591207504,1.4598296880722046,0.8271406558818742
40,10.116813659667969,-0.07490740716457367,1.468812346458435,0.82001995621663
40,10.136334419250488,-0.07256405800580978,1.4778779745101929,0.8127496517174481
40,10.155821800231934,-0.07020480185747147,1.4870270490646362,0.8055384460447472
40,10.175334930419922,-0.06782233715057373,1.496283769607544,0.7982596874666136
40,10.195100784301758,-0.06538958847522736,1.505756139755249,0.7909082522107372
40,10.214827537536621,-0.06294138729572296,1.515303134918213,0.7836921522827515
40,10.235325813293457,-0.06037694215774536,1.5253188610076904,0.7762019786919824
40,10.257311820983887,-0.057603754103183746,1.5361669063568115,0.7684376543389381
40,10.279253959655762,-0.05481240898370743,1.5470988750457764,0.7608977335419774
40,10.303135871887207,-0.05174843966960907,1.5591139793395996,0.7529148962211476
40,10.308464050292969,-0.05106111988425255,1.5618106126785278,0.7511930374711469
41,0.01744992658495903,0.7565353512763977,0.6376209855079651,1.0010484110442506
41,0.12020192295312881,0.756553053855896,0.6390964984893799,1.0030406206041158
41,0.2229481339454651,0.7565779089927673,0.6409295797348022,1.006616934606793
41,0.33230912685394287,0.7566161751747131,0.6433841586112976,1.010863700807414
41,0.4444686472415924,0.7566671967506409,0.6463512778282166,1.0146728170074757
41,0.5566157698631287,0.7567285299301147,0.6497522592544556,1.0170050265378947
41,0.6729664206504822,0.7567993402481079,0.6538056135177612,1.0185464695727398
41,0.7923194766044617,0.7568755745887756,0.6586891412734985,1.018157618453514
41,0.8807163238525391,0.756932258605957,0.6628767251968384,1.0171707540780954
41,1.001734972000122,0.7570042014122009,0.6698002219200134,1.0135826143301558
41,1.1226469278335571,0.7570691704750061,0.6783818006515503,1.0069639217820778
41,1.244193196296692,0.7571358680725098,0.689237654209137,0.9987403813216092
41,1.3655307292938232,0.7572284936904907,0.7022268176078796,0.9883459749103632
41,1.486962914466858,0.7573757767677307,0.7170440554618835,0.9804792531639408
41,1.6084128618240356,0.7575838565826416,0.7324365377426147,0.9765231773027029
41,1.729905128479004,0.7578458786010742,0.7474848628044128,0.9745714638870496
41,1.8516474962234497,0.7581467628479004,0.7607113718986511,0.9733910188718223
41,1.9736655950546265,0.7584892511367798,0.7710900902748108,0.9720491347488991
41,2.0696167945861816,0.7587907910346985,0.7766175270080566,0.9717455088776152
41,2.192030191421509,0.7592182755470276,0.7798800468444824,0.9741672799053293
41,2.314483880996704,0.7596937417984009,0.7788445353507996,0.9795201444412271
41,2.4368538856506348,0.7602057456970215,0.7741736173629761,0.9875804637397012
41,2.5590877532958984,0.7607407569885254,0.7667053937911987,1.0003205433976796
41,2.6812057495117188,0.7612800598144531,0.7575267553329468,1.0151420910797226
41,2.803269624710083,0.7618109583854675,0.7476469874382019,1.0337706653779744
41,2.925328016281128,0.7623292803764343,0.7376997470855713,1.0569873169393433
41,3.047424077987671,0.7628413438796997,0.7284918427467346,1.0835018263907454
41,3.16959547996521,0.7633541822433472,0.7203446626663208,1.1220406551042996
41,3.291841506958008,0.7638736367225647,0.7134096622467041,1.1666588335239794
41,3.4141149520874023,0.7643889784812927,0.7069641351699829,1.2214578425596083
41,3.497232675552368,0.764735221862793,0.7025631666183472,1.262529114004104
41,3.619410514831543,0.7652300000190735,0.6945277452468872,1.327747882990476
41,3.7022452354431152,0.765572726726532,0.6877699494361877,1.3714369766457803
41,3.823911190032959,0.7661908268928528,0.674226701259613,1.4369890008594857
41,3.9450278282165527,0.76702880859375,0.6564418077468872,1.4859681571295795
41,4.065204620361328,0.7682876586914062,0.6343032717704773,1.5221525223866086
41,4.1838154792785645,0.7700674533843994,0.6093736886978149,1.5135536149295643
41,4.302010536193848,0.7726132273674011,0.5825998187065125,1.4917953172160483
41,4.417463302612305,0.7759845852851868,0.5576678514480591,1.4609888402469222
41,4.465731620788574,0.7776512503623962,0.5480251908302307,1.45358050231173
41,4.526578903198242,0.7798433899879456,0.5376994013786316,1.4514170018265902
41,4.639077663421631,0.783695638179779,0.524108350276947,1.4721286378256684
41,4.743465900421143,0.7863125205039978,0.5178604125976562,1.5329966345137536
41,4.788227081298828,0.7870973944664001,0.5167384147644043,1.5619841968655088
41,4.884559631347656,0.7879276871681213,0.5138819217681885,1.6259191583542292
41,4.980745792388916,0.787857711315155,0.5079951882362366,1.6689253315030765
41,5.04525899887085,0.7875110507011414,0.5009024143218994,1.6921188435291192
41,5.138558864593506,0.7869920134544373,0.48543357849121094,1.7208522187718973
41,5.233306407928467,0.7867110967636108,0.46591445803642273,1.7346749167874913
41,5.328193187713623,0.7870447635650635,0.44710418581962585,1.7136582961186937
41,5.353606224060059,0.7872607111930847,0.4427606165409088,1.7087645489667098
41,5.377578258514404,0.7875224947929382,0.4391786754131317,1.6994974487018515
41,5.478732109069824,0.7893050312995911,0.43208855390548706,1.6792769192539407
41,5.5799407958984375,0.7918125987052917,0.43809542059898376,1.6417803125024417
41,5.593588352203369,0.7921987771987915,0.44001322984695435,1.6396850341600044
41,5.694201946258545,0.7952582240104675,0.4601849317550659,1.5692966411188614
41,5.75186014175415,0.7972449660301208,0.47612953186035156,1.5252385993942585
41,5.850695610046387,0.8011549711227417,0.5069905519485474,1.434069603824578
41,5.948816299438477,0.8058413863182068,0.539133608341217,1.3385078334420353
41,6.037985324859619,0.8109341263771057,0.5669026374816895,1.2628092552646188
41,6.136870384216309,0.8176992535591125,0.5934987664222717,1.1966287074269095
41,6.23616886138916,0.8257442712783813,0.614583432674408,1.1503150557189654
41,6.335449695587158,0.8350176811218262,0.6301942467689514,1.118255029823945
41,6.4340901374816895,0.8453656435012817,0.6411147713661194,1.098977450998243
41,6.531395435333252,0.8566002249717712,0.6481600999832153,1.0873941742694382
41,6.628881931304932,0.8687484264373779,0.652195930480957,1.084616297394383
41,6.675929546356201,0.8749215602874756,0.6530709266662598,1.083257796012483
41,6.725662708282471,0.8817039132118225,0.65329509973526,1.080864421511955
41,6.750240802764893,0.8851466178894043,0.6531515121459961,1.0801697879267274
41,6.7745795249938965,0.8886151909828186,0.652850329875946,1.0797356428399838
41,6.799049377441406,0.8921601176261902,0.6523958444595337,1.0795199135366125
41,6.823081016540527,0.8956976532936096,0.6518025398254395,1.0795370396478208
41,6.84708309173584,0.8992846012115479,0.6510694026947021,1.079752248269337
41,6.8710174560546875,0.9029132723808289,0.6502020955085754,1.0801764519066364
41,6.894994735717773,0.9065987467765808,0.6491998434066772,1.0808007104558517
41,6.918909072875977,0.910323441028595,0.6480703949928284,1.0816197121817668
41,6.942761421203613,0.914086103439331,0.6468172073364258,1.0826418852904107
41,6.966792106628418,0.9179233908653259,0.6454317569732666,1.0838299017250275
41,6.990606307983398,0.9217709302902222,0.6439399719238281,1.0852233289044309
41,7.014215469360352,0.9256290197372437,0.6423460841178894,1.0867958065140353
41,7.038051128387451,0.929566502571106,0.6406239867210388,1.088576517901164
41,7.0618157386779785,0.9335335493087769,0.6387962102890015,1.0905702316528292
41,7.085517883300781,0.9375296831130981,0.636867105960846,1.092724538395885
41,7.109158515930176,0.941552996635437,0.6348404884338379,1.095099279395701
41,7.13273811340332,0.9456018805503845,0.6327196955680847,1.0977177737549522
41,7.156257152557373,0.949674665927887,0.6305056214332581,1.1006626230676346
41,7.179553031921387,0.9537395238876343,0.6282210946083069,1.1035939612381094
41,7.2034149169921875,0.9579315781593323,0.6257920265197754,1.106890004028888
41,7.227263450622559,0.9621484875679016,0.6232761144638062,1.1104771813245127
41,7.250937461853027,0.9663600325584412,0.6206931471824646,1.1142378202449117
41,7.2745137214660645,0.9705771207809448,0.6180389523506165,1.1182503810434892
41,7.297987937927246,0.9747957587242126,0.6153180003166199,1.1225265458347395
41,7.32135534286499,0.9790114760398865,0.6125348210334778,1.1271258497705317
41,7.344790458679199,0.9832513928413391,0.6096723079681396,1.1320417969463634
41,7.368117809295654,0.9874799847602844,0.6067560911178589,1.1372475640361723
41,7.391334056854248,0.991692841053009,0.6037922501564026,1.14281465991179
41,7.414437770843506,0.9958868026733398,0.600787341594696,1.1488306424003032
41,7.43742561340332,1.000058889389038,0.5977481007575989,1.1554411674998248
41,7.460494518280029,1.0042413473129272,0.594655454158783,1.1629640350529382
41,7.483449935913086,1.0083938837051392,0.591544508934021,1.1712854455435169
41,7.506292819976807,1.0125099420547485,0.5884281396865845,1.1804307982422013
41,7.528952121734619,1.016567587852478,0.5853332281112671,1.190242659381699
41,7.551541328430176,1.0205743312835693,0.582266092300415,1.2007889598970933
41,7.574090003967285,1.0245167016983032,0.5792518258094788,1.2118385845368242
41,7.596606254577637,1.028374433517456,0.5763227343559265,1.2227682497858487
41,7.61920690536499,1.032144546508789,0.5734982490539551,1.2324763838519328
41,7.641789436340332,1.0357896089553833,0.5708231329917908,1.2401657027388833
41,7.664356708526611,1.0392969846725464,0.5683177709579468,1.2454629785974691
41,7.686907768249512,1.0426628589630127,0.5659853219985962,1.248391859317711
41,7.709432601928711,1.0458887815475464,0.5638138055801392,1.249286859205278
41,7.731940746307373,1.0489873886108398,0.5617724061012268,1.2486620010053326
41,7.754426956176758,1.0519778728485107,0.5598198175430298,1.2472016229729308
41,7.776973724365234,1.0548958778381348,0.5579078793525696,1.245761863175359
41,7.7994866371154785,1.0577529668807983,0.5560134053230286,1.2448245033564502
41,7.82196569442749,1.0605663061141968,0.5541199445724487,1.2445766717728692
41,7.8444132804870605,1.0633459091186523,0.5522212982177734,1.2450693509117545
41,7.866833209991455,1.0660970211029053,0.5503153800964355,1.2463151545110787
41,7.889229774475098,1.068822979927063,0.5484020113945007,1.248333237158595
41,7.911606788635254,1.071524977684021,0.5464828610420227,1.251149718984572
41,7.933966636657715,1.0742021799087524,0.544563353061676,1.2548049377064512
41,7.956316947937012,1.076851725578308,0.5426547527313232,1.2594058602892795
41,7.978702545166016,1.0794708728790283,0.5407710671424866,1.2650075118052089
41,8.001084327697754,1.0820447206497192,0.5389357209205627,1.271353926638631
41,8.023470878601074,1.0845619440078735,0.5371676087379456,1.2780639510726264
41,8.045860290527344,1.0870076417922974,0.5354871153831482,1.2846529886706095
41,8.06826114654541,1.0893688201904297,0.5339126586914062,1.2905981480882402
41,8.090678215026855,1.0916316509246826,0.5324611663818359,1.295402289291059
41,8.113115310668945,1.0937833786010742,0.5311443209648132,1.2986732811388637
41,8.135570526123047,1.0958137512207031,0.5299641489982605,1.3001980133258166
41,8.15804386138916,1.0977178812026978,0.5289095044136047,1.2999908553471773
41,8.180530548095703,1.0995004177093506,0.5279547572135925,1.298246469792647
41,8.203028678894043,1.1011768579483032,0.5270646810531616,1.2956222146871237
41,8.225543975830078,1.1027694940567017,0.526203989982605,1.2926821139691056
41,8.248061180114746,1.1042977571487427,0.5253469944000244,1.2897255390118894
41,8.270577430725098,1.1057767868041992,0.524478018283844,1.2869643682691327
41,8.293089866638184,1.1072160005569458,0.5235886573791504,1.2845758459050658
41,8.315597534179688,1.1086223125457764,0.5226750373840332,1.282689154867978
41,8.338096618652344,1.1100002527236938,0.5217373967170715,1.2813747479386912
41,8.360583305358887,1.1113519668579102,0.5207805633544922,1.280644201574107
41,8.383054733276367,1.1126784086227417,0.5198138356208801,1.2804323888231288
41,8.405509948730469,1.1139799356460571,0.5188488960266113,1.2806146428357599
41,8.427969932556152,1.1152567863464355,0.5178967118263245,1.2811193322964216
41,8.450431823730469,1.1165052652359009,0.5169700384140015,1.2818665597741872
41,8.47287368774414,1.11771821975708,0.5160835385322571,1.2827707427040738
41,8.495291709899902,1.1188881397247314,0.515251874923706,1.2837187751389167
41,8.517682075500488,1.120006799697876,0.5144890546798706,1.284590209617828
41,8.540040016174316,1.1210660934448242,0.5138068199157715,1.2852665201334839
41,8.562361717224121,1.122058629989624,0.5132118463516235,1.2856284216012583
41,8.58464241027832,1.122978687286377,0.5127044320106506,1.285554744972503
41,8.606877326965332,1.123822808265686,0.5122780203819275,1.2849392739441805
41,8.62895679473877,1.1245871782302856,0.511921763420105,1.2837180577881824
41,8.651005744934082,1.1252790689468384,0.5116174817085266,1.2819034104678113
41,8.672999382019043,1.1259044408798218,0.5113478302955627,1.2796464607577527
41,8.695152282714844,1.1264771223068237,0.5110942721366882,1.2770504445289783
41,8.717286109924316,1.127000331878662,0.5108451247215271,1.2743014434416668
41,8.739396095275879,1.1274827718734741,0.5105898380279541,1.2715386515735938
41,8.761478424072266,1.1279317140579224,0.5103211998939514,1.268866448457724
41,8.783529281616211,1.128353238105774,0.5100356936454773,1.2663623830065769
41,8.80554485321045,1.1287518739700317,0.5097330808639526,1.2640799136825973
41,8.827521324157715,1.1291309595108032,0.509416937828064,1.2620461873055613
41,8.849455833435059,1.1294927597045898,0.5090938806533813,1.2602611877332885
41,8.871344566345215,1.1298387050628662,0.5087724924087524,1.2586969744196153
41,8.893186569213867,1.1301695108413696,0.5084618330001831,1.2573072988247418
41,8.91497802734375,1.1304845809936523,0.5081703662872314,1.2560458117735769
41,8.936718940734863,1.1307824850082397,0.5079063773155212,1.2548704991222832
41,8.958406448364258,1.1310606002807617,0.5076779723167419,1.2537360670152367
41,8.980094909667969,1.1313159465789795,0.507492184638977,1.2525906979176606
41,9.00179386138916,1.131544828414917,0.5073552131652832,1.2513822207875223
41,9.02351188659668,1.1317436695098877,0.5072716474533081,1.2500456520430412
41,9.045241355895996,1.1319087743759155,0.5072436332702637,1.2485492766397066
41,9.066980361938477,1.1320375204086304,0.5072707533836365,1.24686383149154
41,9.088728904724121,1.1321285963058472,0.5073501467704773,1.2449745311471128
41,9.11048698425293,1.1321816444396973,0.5074769854545593,1.2428843424841995
41,9.132254600524902,1.1321983337402344,0.5076448917388916,1.2406138258164074
41,9.154030799865723,1.1321812868118286,0.5078470706939697,1.2381970063227736
41,9.175825119018555,1.1321345567703247,0.5080767869949341,1.2356855086168093
41,9.197627067565918,1.1320631504058838,0.508328378200531,1.2331509205802742
41,9.219436645507812,1.131972312927246,0.5085978507995605,1.2306484457404352
41,9.241254806518555,1.131867527961731,0.5088831186294556,1.228227707675556
41,9.263078689575195,1.1317538022994995,0.5091843008995056,1.2259284770642518
41,9.28490924835205,1.1316354274749756,0.5095034241676331,1.223792427160627
41,9.306751251220703,1.1315158605575562,0.509844183921814,1.221828570179715
41,9.328596115112305,1.131397008895874,0.510211169719696,1.2200300939771325
41,9.350444793701172,1.1312798261642456,0.5106098055839539,1.2183868319536952
41,9.372294425964355,1.13116455078125,0.5110461115837097,1.2168800523874999
41,9.394145011901855,1.1310499906539917,0.5115264654159546,1.2154397444690535
41,9.415958404541016,1.1309336423873901,0.5120559334754944,1.2139307264394383
41,9.437771797180176,1.1308127641677856,0.5126408338546753,1.2124660032553376
41,9.459582328796387,1.1306849718093872,0.5132862329483032,1.2110075424129914
41,9.481389045715332,1.1305478811264038,0.5139955878257751,1.209520205513282
41,9.503190040588379,1.1303993463516235,0.5147712230682373,1.2079715301311578
41,9.524984359741211,1.1302375793457031,0.5156135559082031,1.2063335864949734
41,9.546772003173828,1.1300612688064575,0.5165216326713562,1.204585044800288
41,9.568549156188965,1.129870057106018,0.5174926519393921,1.2027141114517885
41,9.590317726135254,1.1296643018722534,0.5185227394104004,1.2007185541336225
41,9.612074851989746,1.1294453144073486,0.5196067690849304,1.1986075888005676
41,9.633821487426758,1.129215121269226,0.520738959312439,1.1964004535618842
41,9.65555477142334,1.128976583480835,0.5219131112098694,1.1941262125845
41,9.677277565002441,1.1287328004837036,0.5231233835220337,1.1918192085321624
41,9.698987007141113,1.1284871101379395,0.5243639945983887,1.1895152550646697
41,9.720683097839355,1.1282424926757812,0.5256301760673523,1.187246578809296
41,9.742366790771484,1.1280014514923096,0.5269179940223694,1.1850378526392586
41,9.764037132263184,1.1277661323547363,0.5282244086265564,1.1829045690947055
41,9.785694122314453,1.127537488937378,0.5295475125312805,1.1808524613383693
41,9.807336807250977,1.1273159980773926,0.5308859944343567,1.1788781044856536
41,9.82896614074707,1.127101182937622,0.5322392582893372,1.1769704631397926
41,9.850582122802734,1.1268917322158813,0.5336071848869324,1.175114232164693
41,9.872191429138184,1.1266862154006958,0.5349900722503662,1.1732927091427547
41,9.893799781799316,1.1264824867248535,0.5363882780075073,1.1714476517401298
41,9.915403366088867,1.1262786388397217,0.537801206111908,1.1695644708306046
41,9.937005996704102,1.1260725259780884,0.5392283201217651,1.167622497928307
41,9.95860767364502,1.1258622407913208,0.5406683683395386,1.1655413831144084
41,9.980208396911621,1.1256458759307861,0.542119562625885,1.1632965579076326
41,10.001809120178223,1.1254225969314575,0.5435793995857239,1.1609518710795603
41,10.023407936096191,1.1251920461654663,0.5450446605682373,1.1584983221448444
41,10.045007705688477,1.124954342842102,0.5465118288993835,1.1559451270268588
41,10.066607475280762,1.124710202217102,0.5479770302772522,1.1533139715577285
41,10.088207244873047,1.1244608163833618,0.5494357943534851,1.1506261807346292
41,10.109807968139648,1.124207615852356,0.5508838891983032,1.1478992953324387
41,10.131409645080566,1.1239522695541382,0.5523170232772827,1.1451492055911732
41,10.153019905090332,1.123695969581604,0.5537317991256714,1.1423871237648715
41,10.174701690673828,1.1234397888183594,0.5551284551620483,1.1396104396543492
41,10.196385383605957,1.123185396194458,0.5564992427825928,1.1368398384805327
41,10.21839427947998,1.1229302883148193,0.5578611493110657,1.1340623968435826
41,10.24130916595459,1.1226686239242554,0.5592455267906189,1.1312261629844764
41,10.265937805175781,1.1223924160003662,0.5606937408447266,1.1282350516194426
41,10.292801856994629,1.1220970153808594,0.5622256994247437,1.1250995125591554
41,10.319668769836426,1.1218079328536987,0.5637074708938599,1.1219963000258462
41,10.348517417907715,1.1215049028396606,0.5652419328689575,1.1186768973464105
41,10.377368927001953,1.121209979057312,0.5667174458503723,1.115304058341488
41,10.407394409179688,1.1209131479263306,0.5681893229484558,1.111800204908439
41,10.43786907196045,1.1206254959106445,0.5696155428886414,1.1082843934896731
41,10.46834659576416,1.1203540563583374,0.5709726214408875,1.1048158513379962
41,10.498927116394043,1.1201021671295166,0.5722638368606567,1.101360019901825
41,10.529510498046875,1.1198736429214478,0.573484480381012,1.0980221470782938
41,10.56010627746582,1.1196714639663696,0.5746352672576904,1.0947172535305278
41,10.590705871582031,1.1194989681243896,0.5757176876068115,1.091494372033869
41,10.621307373046875,1.119357705116272,0.576732873916626,1.088356982384417
41,10.651910781860352,1.119251012802124,0.5776841044425964,1.0852573797077822
41,10.682516098022461,1.1191810369491577,0.5785739421844482,1.0822801018618355
41,10.713123321533203,1.119150161743164,0.5794047117233276,1.0793515848261177
41,10.743732452392578,1.119161605834961,0.580179750919342,1.0764948879409615
41,10.77434253692627,1.1192175149917603,0.5809012651443481,1.0737422337671727
41,10.804953575134277,1.1193208694458008,0.5815722942352295,1.0710344032482435
41,10.835565567016602,1.119474172592163,0.5821964740753174,1.0684382105445986
41,10.866177558898926,1.1196790933609009,0.5827763676643372,1.0659105611698871
41,10.896790504455566,1.1199381351470947,0.5833166837692261,1.0634471686247242
41,10.92740249633789,1.1202528476715088,0.5838208198547363,1.0611043001898883
41,10.958015441894531,1.1206247806549072,0.5842928886413574,1.0588153969156069
41,10.988628387451172,1.121056079864502,0.5847377181053162,1.0566316347755933
41,11.019240379333496,1.1215479373931885,0.5851582288742065,1.0545406551726562
41,11.049851417541504,1.1221027374267578,0.5855591893196106,1.0525127438025943
41,11.080461502075195,1.1227220296859741,0.5859439969062805,1.0506306239021774
41,11.111069679260254,1.1234077215194702,0.586315929889679,1.0488156271503186
41,11.141676902770996,1.1241620779037476,0.5866792798042297,1.047105466794278
41,11.172282218933105,1.1249864101409912,0.5870364308357239,1.0455136025018126
41,11.202885627746582,1.1258829832077026,0.5873914957046509,1.043978410924424
41,11.233489036560059,1.126853585243225,0.5877477526664734,1.0425834905427223
41,11.264089584350586,1.1278992891311646,0.5881077647209167,1.0412802203775455
41,11.294694900512695,1.1290225982666016,0.5884752869606018,1.0400817297954137
41,11.325297355651855,1.1302241086959839,0.5888522267341614,1.0390166174111521
41,11.355921745300293,1.131506323814392,0.5892415642738342,1.0380389259201026
41,11.38660717010498,1.132872462272644,0.5896468162536621,1.0372107858595414
41,11.417288780212402,1.1343207359313965,0.5900686979293823,1.0364774780074233
41,11.448105812072754,1.1358593702316284,0.5905116200447083,1.0358146086878965
41,11.47891902923584,1.1374833583831787,0.5909759402275085,1.0353539017353384
41,11.50997543334961,1.1392090320587158,0.5914686918258667,1.0349285018333974
41,11.546319007873535,1.1413404941558838,0.5920773148536682,1.0343817479459203
41,11.582653045654297,1.1436030864715576,0.5927414298057556,1.0338885598380447
41,11.648477554321289,1.1479719877243042,0.5940029621124268,1.0340167076054523
41,11.714274406433105,1.1527104377746582,0.5953895449638367,1.0338827513141113
41,11.785877227783203,1.1582751274108887,0.597054123878479,1.031929201445631
